timestamp,session_uid,frame,weather,track_temperature,air_temperature,total_laps,track_length,session_type,track_id,formula,session_time_left,session_duration,pit_speed_limit,safety_car_status,network_game
1761462568.654079,14516211168466667019,0,0,25,17,53,5809,15,13,0,7200,7200,80,0,1
1761462569.7098284,14516211168466667019,16,0,25,17,53,5809,15,13,0,7200,7200,80,255,1
1761462572.0341475,14516211168466667019,17,0,28,19,53,5809,15,13,0,7200,7200,80,255,1
1761462573.050943,14516211168466667019,37,0,28,19,53,5809,15,13,0,7200,7200,80,255,1
1761462574.0546033,14516211168466667019,58,0,28,19,53,5809,15,13,0,7200,7200,80,255,1
1761462575.5337927,14516211168466667019,88,0,28,19,53,5809,15,13,0,7200,7200,80,255,1
1761462576.5423453,14516211168466667019,108,0,28,19,53,5809,15,13,0,7199,7200,80,255,1
1761462578.0420315,14516211168466667019,138,0,28,19,53,5809,15,13,0,7198,7200,80,255,1
1761462579.0485632,14516211168466667019,159,0,28,19,53,5809,15,13,0,7197,7200,80,255,1
1761462580.5491736,14516211168466667019,189,0,28,19,53,5809,15,13,0,7195,7200,80,255,1
1761462582.0381894,14516211168466667019,219,0,28,19,53,5809,15,13,0,7194,7200,80,255,1
1761462583.0392525,14516211168466667019,239,0,28,19,53,5809,15,13,0,7193,7200,80,255,1
1761462584.0452511,14516211168466667019,260,0,28,19,53,5809,15,13,0,7192,7200,80,255,1
1761462585.5465295,14516211168466667019,290,0,28,19,53,5809,15,13,0,7190,7200,80,255,1
1761462587.04721,14516211168466667019,320,0,28,19,53,5809,15,13,0,7189,7200,80,255,1
1761462588.5422115,14516211168466667019,350,0,28,19,53,5809,15,13,0,7187,7200,80,255,1
1761462589.5451932,14516211168466667019,371,0,28,19,53,5809,15,13,0,7186,7200,80,255,1
1761462591.0418503,14516211168466667019,401,0,28,19,53,5809,15,13,0,7185,7200,80,255,1
1761462592.048774,14516211168466667019,421,0,28,19,53,5809,15,13,0,7184,7200,80,255,1
1761462593.5473075,14516211168466667019,451,0,28,19,53,5809,15,13,0,7182,7200,80,255,1
1761462601.692324,14516211168466667019,456,0,28,19,53,5809,15,13,0,7182,7200,80,255,1
1761462602.6999528,14516211168466667019,476,0,28,19,53,5809,15,13,0,7181,7200,80,255,1
1761462603.7021384,14516211168466667019,496,0,28,19,53,5809,15,13,0,7180,7200,80,255,1
1761462604.7067044,14516211168466667019,516,0,28,19,53,5809,15,13,0,7179,7200,80,255,1
1761462606.1955392,14516211168466667019,546,0,28,19,53,5809,15,13,0,7177,7200,80,255,1
1761462607.2001672,14516211168466667019,566,0,28,19,53,5809,15,13,0,7176,7200,80,255,1
1761462608.6953623,14516211168466667019,596,0,28,19,53,5809,15,13,0,7175,7200,80,255,1
1761462609.7059824,14516211168466667019,616,0,28,19,53,5809,15,13,0,7174,7200,80,255,1
1761462611.1998284,14516211168466667019,646,0,28,19,53,5809,15,13,0,7172,7200,80,255,1
1761462612.2018642,14516211168466667019,666,0,28,19,53,5809,15,13,0,7171,7200,80,255,1
1761462613.2039092,14516211168466667019,686,0,28,19,53,5809,15,13,0,7170,7200,80,255,1
1761462614.6932247,14516211168466667019,716,0,28,19,53,5809,15,13,0,7169,7200,80,255,1
1761462615.6938796,14516211168466667019,736,0,28,19,53,5809,15,13,0,7168,7200,80,255,1
1761462616.7089114,14516211168466667019,756,0,28,19,53,5809,15,13,0,7167,7200,80,255,1
1761462618.1961586,14516211168466667019,786,0,28,19,53,5809,15,13,0,7165,7200,80,255,1
1761462619.1981854,14516211168466667019,806,0,28,19,53,5809,15,13,0,7164,7200,80,255,1
1761462620.7090816,14516211168466667019,836,0,28,19,53,5809,15,13,0,7163,7200,80,255,1
1761462622.1961896,14516211168466667019,866,0,28,19,53,5809,15,13,0,7161,7200,80,255,1
1761462623.2009075,14516211168466667019,886,0,28,19,53,5809,15,13,0,7160,7200,80,255,1
1761462624.2048564,14516211168466667019,906,0,28,19,53,5809,15,13,0,7159,7200,80,255,1
1761462625.6976645,14516211168466667019,936,0,28,19,53,5809,15,13,0,7158,7200,80,255,1
1761462627.2037928,14516211168466667019,966,0,28,19,53,5809,15,13,0,7156,7200,80,255,1
1761462628.7018867,14516211168466667019,996,0,28,19,53,5809,15,13,0,7155,7200,80,255,1
1761462630.204305,14516211168466667019,1026,0,28,19,53,5809,15,13,0,7153,7200,80,255,1
1761462631.7085493,14516211168466667019,1056,0,28,19,53,5809,15,13,0,7152,7200,80,255,1
1761462633.1994462,14516211168466667019,1086,0,28,19,53,5809,15,13,0,7150,7200,80,255,1
1761462634.7039137,14516211168466667019,1116,0,28,19,53,5809,15,13,0,7149,7200,80,255,1
1761462636.2067606,14516211168466667019,1146,0,28,19,53,5809,15,13,0,7147,7200,80,255,1
1761462637.699004,14516211168466667019,1176,0,28,19,53,5809,15,13,0,7146,7200,80,255,1
1761462639.2030916,14516211168466667019,1206,0,28,19,53,5809,15,13,0,7144,7200,80,255,1
1761462640.7072332,14516211168466667019,1236,0,28,19,53,5809,15,13,0,7143,7200,80,255,1
1761462642.1983745,14516211168466667019,1266,0,28,19,53,5809,15,13,0,7141,7200,80,255,1
1761462643.2017896,14516211168466667019,1286,0,28,19,53,5809,15,13,0,7140,7200,80,255,1
1761462644.7070627,14516211168466667019,1316,0,28,19,53,5809,15,13,0,7139,7200,80,255,1
1761462646.1979697,14516211168466667019,1346,0,28,19,53,5809,15,13,0,7137,7200,80,255,1
1761462647.6965716,14516211168466667019,1376,0,28,19,53,5809,15,13,0,7136,7200,80,255,1
1761462648.7040417,14516211168466667019,1396,0,28,19,53,5809,15,13,0,7135,7200,80,255,1
1761462650.202961,14516211168466667019,1426,0,28,19,53,5809,15,13,0,7133,7200,80,255,1
1761462651.2056136,14516211168466667019,1446,0,28,19,53,5809,15,13,0,7132,7200,80,255,1
1761462652.6972733,14516211168466667019,1476,0,28,19,53,5809,15,13,0,7131,7200,80,255,1
1761462653.7058265,14516211168466667019,1496,0,28,19,53,5809,15,13,0,7130,7200,80,255,1
1761462654.7074566,14516211168466667019,1516,0,28,19,53,5809,15,13,0,7129,7200,80,255,1
1761462656.1965356,14516211168466667019,1547,0,28,19,53,5809,15,13,0,7127,7200,80,255,1
1761462657.1984842,14516211168466667019,1567,0,28,19,53,5809,15,13,0,7126,7200,80,255,1
1761462658.202516,14516211168466667019,1587,0,28,19,53,5809,15,13,0,7125,7200,80,255,1
1761462659.203265,14516211168466667019,1607,0,28,19,53,5809,15,13,0,7124,7200,80,255,1
1761462660.2040703,14516211168466667019,1627,0,28,19,53,5809,15,13,0,7123,7200,80,255,1
1761462661.7030387,14516211168466667019,1657,0,28,19,53,5809,15,13,0,7122,7200,80,255,1
1761462663.1951535,14516211168466667019,1687,0,28,19,53,5809,15,13,0,7120,7200,80,255,1
1761462664.1957269,14516211168466667019,1707,0,28,19,53,5809,15,13,0,7119,7200,80,255,1
1761462665.1961017,14516211168466667019,1727,0,28,19,53,5809,15,13,0,7118,7200,80,255,1
1761462666.1988873,14516211168466667019,1747,0,28,19,53,5809,15,13,0,7117,7200,80,255,1
1761462667.7041082,14516211168466667019,1777,0,28,19,53,5809,15,13,0,7116,7200,80,255,1
1761462669.1994216,14516211168466667019,1807,0,28,19,53,5809,15,13,0,7114,7200,80,255,1
1761462670.2020292,14516211168466667019,1827,0,28,19,53,5809,15,13,0,7113,7200,80,255,1
1761462671.7046726,14516211168466667019,1857,0,28,19,53,5809,15,13,0,7112,7200,80,255,1
1761462673.1961875,14516211168466667019,1887,0,28,19,53,5809,15,13,0,7110,7200,80,255,1
1761462674.2036228,14516211168466667019,1907,0,28,19,53,5809,15,13,0,7109,7200,80,255,1
1761462675.6991534,14516211168466667019,1937,0,28,19,53,5809,15,13,0,7108,7200,80,255,1
1761462676.7093194,14516211168466667019,1958,0,28,19,53,5809,15,13,0,7107,7200,80,255,1
1761462678.195313,14516211168466667019,1988,0,28,19,53,5809,15,13,0,7105,7200,80,255,1
1761462679.2018309,14516211168466667019,2008,0,28,19,53,5809,15,13,0,7104,7200,80,255,1
1761462680.696867,14516211168466667019,2038,0,28,19,53,5809,15,13,0,7103,7200,80,255,1
1761462681.7007074,14516211168466667019,2058,0,28,19,53,5809,15,13,0,7102,7200,80,255,1
1761462683.1999683,14516211168466667019,2088,0,28,19,53,5809,15,13,0,7100,7200,80,255,1
1761462684.2083578,14516211168466667019,2108,0,28,19,53,5809,15,13,0,7099,7200,80,255,1
1761462685.700651,14516211168466667019,2139,0,28,19,53,5809,15,13,0,7098,7200,80,255,1
1761462687.1958,14516211168466667019,2169,0,28,19,53,5809,15,13,0,7096,7200,80,255,1
1761462688.2072423,14516211168466667019,2189,0,28,19,53,5809,15,13,0,7095,7200,80,255,1
1761462689.7008026,14516211168466667019,2219,0,28,19,53,5809,15,13,0,7094,7200,80,255,1
1761462691.1973588,14516211168466667019,2249,0,28,19,53,5809,15,13,0,7092,7200,80,255,1
1761462692.2039425,14516211168466667019,2269,0,28,19,53,5809,15,13,0,7091,7200,80,255,1
1761462693.2045634,14516211168466667019,2289,0,28,19,53,5809,15,13,0,7090,7200,80,255,1
1761462694.703805,14516211168466667019,2319,0,28,19,53,5809,15,13,0,7089,7200,80,255,1
1761462696.204507,14516211168466667019,2349,0,28,19,53,5809,15,13,0,7087,7200,80,255,1
1761462697.7065036,14516211168466667019,2379,0,28,19,53,5809,15,13,0,7086,7200,80,255,1
1761462698.707969,14516211168466667019,2399,0,28,19,53,5809,15,13,0,7085,7200,80,255,1
1761462700.1968927,14516211168466667019,2429,0,28,19,53,5809,15,13,0,7083,7200,80,255,1
1761462701.2074938,14516211168466667019,2449,0,28,19,53,5809,15,13,0,7082,7200,80,255,1
1761462702.7037654,14516211168466667019,2479,0,28,19,53,5809,15,13,0,7081,7200,80,255,1
1761462704.206228,14516211168466667019,2509,0,28,19,53,5809,15,13,0,7079,7200,80,255,1
1761462705.7022257,14516211168466667019,2539,0,28,19,53,5809,15,13,0,7078,7200,80,255,1
1761462706.7090745,14516211168466667019,2559,0,28,19,53,5809,15,13,0,7077,7200,80,255,1
1761462708.2062433,14516211168466667019,2589,0,28,19,53,5809,15,13,0,7075,7200,80,255,1
1761462709.7018998,14516211168466667019,2619,0,28,19,53,5809,15,13,0,7074,7200,80,255,1
1761462710.707947,14516211168466667019,2639,0,28,19,53,5809,15,13,0,7073,7200,80,255,1
1761462712.2026043,14516211168466667019,2669,0,28,19,53,5809,15,13,0,7071,7200,80,255,1
1761462713.7023537,14516211168466667019,2699,0,28,19,53,5809,15,13,0,7070,7200,80,255,1
1761462714.7084317,14516211168466667019,2719,0,28,19,53,5809,15,13,0,7069,7200,80,255,1
1761462716.2015464,14516211168466667019,2749,0,28,19,53,5809,15,13,0,7067,7200,80,255,1
1761462717.207745,14516211168466667019,2769,0,28,19,53,5809,15,13,0,7066,7200,80,255,1
1761462718.705824,14516211168466667019,2799,0,28,19,53,5809,15,13,0,7065,7200,80,255,1
1761462720.1969886,14516211168466667019,2829,0,28,19,53,5809,15,13,0,7063,7200,80,255,1
1761462721.2005832,14516211168466667019,2849,0,28,19,53,5809,15,13,0,7062,7200,80,255,1
1761462722.2055235,14516211168466667019,2869,0,28,19,53,5809,15,13,0,7061,7200,80,255,1
1761462723.6996126,14516211168466667019,2899,0,28,19,53,5809,15,13,0,7060,7200,80,255,1
1761462724.7046516,14516211168466667019,2919,0,28,19,53,5809,15,13,0,7059,7200,80,255,1
1761462726.1953886,14516211168466667019,2949,0,28,19,53,5809,15,13,0,7057,7200,80,255,1
1761462727.1996357,14516211168466667019,2969,0,28,19,53,5809,15,13,0,7056,7200,80,255,1
1761462728.207256,14516211168466667019,2989,0,28,19,53,5809,15,13,0,7055,7200,80,255,1
1761462729.6970222,14516211168466667019,3019,0,28,19,53,5809,15,13,0,7054,7200,80,255,1
1761462730.700781,14516211168466667019,3039,0,28,19,53,5809,15,13,0,7053,7200,80,255,1
1761462731.7028258,14516211168466667019,3059,0,28,19,53,5809,15,13,0,7052,7200,80,255,1
1761462732.7064269,14516211168466667019,3079,0,28,19,53,5809,15,13,0,7051,7200,80,255,1
1761462734.2038481,14516211168466667019,3110,0,28,19,53,5809,15,13,0,7049,7200,80,255,1
1761462735.2068112,14516211168466667019,3130,0,28,19,53,5809,15,13,0,7048,7200,80,255,1
1761462736.704793,14516211168466667019,3160,0,28,19,53,5809,15,13,0,7047,7200,80,255,1
1761462737.7073498,14516211168466667019,3180,0,28,19,53,5809,15,13,0,7046,7200,80,255,1
1761462739.196035,14516211168466667019,3210,0,28,19,53,5809,15,13,0,7044,7200,80,255,1
1761462740.1985185,14516211168466667019,3230,0,28,19,53,5809,15,13,0,7043,7200,80,255,1
1761462741.2011037,14516211168466667019,3250,0,28,19,53,5809,15,13,0,7042,7200,80,255,1
1761462742.20369,14516211168466667019,3270,0,28,19,53,5809,15,13,0,7041,7200,80,255,1
1761462743.7072065,14516211168466667019,3300,0,28,19,53,5809,15,13,0,7040,7200,80,255,1
1761462745.2031298,14516211168466667019,3330,0,28,19,53,5809,15,13,0,7038,7200,80,255,1
1761462746.699632,14516211168466667019,3360,0,28,19,53,5809,15,13,0,7037,7200,80,255,1
1761462747.6999378,14516211168466667019,3380,0,28,19,53,5809,15,13,0,7036,7200,80,255,1
1761462748.7047522,14516211168466667019,3400,0,28,19,53,5809,15,13,0,7035,7200,80,255,1
1761462749.7068613,14516211168466667019,3420,0,28,19,53,5809,15,13,0,7034,7200,80,255,1
1761462751.207252,14516211168466667019,3451,0,28,19,53,5809,15,13,0,7032,7200,80,255,1
1761462752.7084389,14516211168466667019,3481,0,28,19,53,5809,15,13,0,7031,7200,80,255,1
1761462754.1992896,14516211168466667019,3511,0,28,19,53,5809,15,13,0,7029,7200,80,255,1
1761462755.1992896,14516211168466667019,3531,0,28,19,53,5809,15,13,0,7028,7200,80,255,1
1761462756.2022266,14516211168466667019,3551,0,28,19,53,5809,15,13,0,7027,7200,80,255,1
1761462757.6962829,14516211168466667019,3581,0,28,19,53,5809,15,13,0,7026,7200,80,255,1
1761462758.7029169,14516211168466667019,3601,0,28,19,53,5809,15,13,0,7025,7200,80,255,1
1761462760.2062364,14516211168466667019,3631,0,28,19,53,5809,15,13,0,7023,7200,80,255,1
1761462761.698733,14516211168466667019,3661,0,28,19,53,5809,15,13,0,7022,7200,80,255,1
1761462763.1944137,14516211168466667019,3691,0,28,19,53,5809,15,13,0,7020,7200,80,255,1
1761462764.7030451,14516211168466667019,3721,0,28,19,53,5809,15,13,0,7019,7200,80,255,1
1761462766.2087834,14516211168466667019,3751,0,28,19,53,5809,15,13,0,7017,7200,80,255,1
1761462767.700573,14516211168466667019,3781,0,28,19,53,5809,15,13,0,7016,7200,80,255,1
1761462768.702792,14516211168466667019,3801,0,28,19,53,5809,15,13,0,7015,7200,80,255,1
1761462770.2083197,14516211168466667019,3831,0,28,19,53,5809,15,13,0,7013,7200,80,255,1
1761462771.6998627,14516211168466667019,3862,0,28,19,53,5809,15,13,0,7012,7200,80,255,1
1761462773.2078876,14516211168466667019,3892,0,28,19,53,5809,15,13,0,7010,7200,80,255,1
1761462774.6972075,14516211168466667019,3922,0,28,19,53,5809,15,13,0,7009,7200,80,255,1
1761462776.2017767,14516211168466667019,3952,0,28,19,53,5809,15,13,0,7007,7200,80,255,1
1761462777.704938,14516211168466667019,3982,0,28,19,53,5809,15,13,0,7006,7200,80,255,1
1761462779.1996539,14516211168466667019,4013,0,28,19,53,5809,15,13,0,7004,7200,80,255,1
1761462780.7048178,14516211168466667019,4044,0,28,19,53,5809,15,13,0,7003,7200,80,255,1
1761462782.1953864,14516211168466667019,4074,0,28,19,53,5809,15,13,0,7001,7200,80,255,1
1761462783.1969244,14516211168466667019,4094,0,28,19,53,5809,15,13,0,7000,7200,80,255,1
1761462784.1979837,14516211168466667019,4114,0,28,19,53,5809,15,13,0,6999,7200,80,255,1
1761462785.7050273,14516211168466667019,4144,0,28,19,53,5809,15,13,0,6998,7200,80,255,1
1761462786.7074041,14516211168466667019,4164,0,28,19,53,5809,15,13,0,6997,7200,80,255,1
1761462787.7081928,14516211168466667019,4184,0,28,19,53,5809,15,13,0,6996,7200,80,255,1
1761462789.1966784,14516211168466667019,4214,0,28,19,53,5809,15,13,0,6994,7200,80,255,1
1761462790.1981611,14516211168466667019,4234,0,28,19,53,5809,15,13,0,6993,7200,80,255,1
1761462791.207169,14516211168466667019,4254,0,28,19,53,5809,15,13,0,6992,7200,80,255,1
1761462792.2081008,14516211168466667019,4274,0,28,19,53,5809,15,13,0,6991,7200,80,255,1
1761462793.7079372,14516211168466667019,4304,0,28,19,53,5809,15,13,0,6990,7200,80,255,1
1761462795.1956854,14516211168466667019,4334,0,28,19,53,5809,15,13,0,6988,7200,80,255,1
1761462796.2007945,14516211168466667019,4354,0,28,19,53,5809,15,13,0,6987,7200,80,255,1
1761462797.205323,14516211168466667019,4374,0,28,19,53,5809,15,13,0,6986,7200,80,255,1
1761462798.7039318,14516211168466667019,4404,0,28,19,53,5809,15,13,0,6985,7200,80,255,1
1761462799.7057714,14516211168466667019,4424,0,28,19,53,5809,15,13,0,6984,7200,80,255,1
1761462801.2006147,14516211168466667019,4454,0,28,19,53,5809,15,13,0,6982,7200,80,255,1
1761462802.203659,14516211168466667019,4474,0,28,19,53,5809,15,13,0,6981,7200,80,255,1
1761462803.2094815,14516211168466667019,4494,0,28,19,53,5809,15,13,0,6980,7200,80,255,1
1761462804.700659,14516211168466667019,4524,0,28,19,53,5809,15,13,0,6979,7200,80,255,1
1761462805.7036967,14516211168466667019,4544,0,28,19,53,5809,15,13,0,6978,7200,80,255,1
1761462806.7046235,14516211168466667019,4564,0,28,19,53,5809,15,13,0,6977,7200,80,255,1
1761462807.7048783,14516211168466667019,4584,0,28,19,53,5809,15,13,0,6976,7200,80,255,1
1761462809.200825,14516211168466667019,4614,0,28,19,53,5809,15,13,0,6974,7200,80,255,1
1761462810.2084243,14516211168466667019,4634,0,28,19,53,5809,15,13,0,6973,7200,80,255,1
1761462811.7013671,14516211168466667019,4664,0,28,19,53,5809,15,13,0,6972,7200,80,255,1
1761462812.7038302,14516211168466667019,4686,0,28,19,53,5809,15,13,0,6971,7200,80,255,1
1761462814.2017252,14516211168466667019,4716,0,28,19,53,5809,15,13,0,6969,7200,80,255,1
1761462815.207393,14516211168466667019,4736,0,28,19,53,5809,15,13,0,6968,7200,80,255,1
1761462816.7004106,14516211168466667019,4766,0,28,19,53,5809,15,13,0,6967,7200,80,255,1
1761462817.7039871,14516211168466667019,4786,0,28,19,53,5809,15,13,0,6966,7200,80,255,1
1761462819.1991627,14516211168466667019,4816,0,28,19,53,5809,15,13,0,6964,7200,80,255,1
1761462820.2057629,14516211168466667019,4836,0,28,19,53,5809,15,13,0,6963,7200,80,255,1
1761462821.7013304,14516211168466667019,4866,0,28,19,53,5809,15,13,0,6962,7200,80,255,1
1761462822.7047906,14516211168466667019,4886,0,28,19,53,5809,15,13,0,6961,7200,80,255,1
1761462824.2028034,14516211168466667019,4916,0,28,19,53,5809,15,13,0,6959,7200,80,255,1
1761462825.2083008,14516211168466667019,4936,0,28,19,53,5809,15,13,0,6958,7200,80,255,1
1761462826.702645,14516211168466667019,4966,0,28,19,53,5809,15,13,0,6957,7200,80,255,1
1761462827.7077663,14516211168466667019,4986,0,28,19,53,5809,15,13,0,6956,7200,80,255,1
1761462829.2027316,14516211168466667019,5016,0,28,19,53,5809,15,13,0,6954,7200,80,255,1
1761462830.698415,14516211168466667019,5046,0,28,19,53,5809,15,13,0,6953,7200,80,255,1
1761462832.1960425,14516211168466667019,5076,0,28,19,53,5809,15,13,0,6951,7200,80,255,1
1761462833.7008874,14516211168466667019,5106,0,28,19,53,5809,15,13,0,6950,7200,80,255,1
1761462835.202536,14516211168466667019,5136,0,28,19,53,5809,15,13,0,6948,7200,80,255,1
1761462836.704867,14516211168466667019,5166,0,28,19,53,5809,15,13,0,6947,7200,80,255,1
1761462838.1957905,14516211168466667019,5196,0,28,19,53,5809,15,13,0,6945,7200,80,255,1
1761462839.2096891,14516211168466667019,5216,0,28,19,53,5809,15,13,0,6944,7200,80,255,1
1761462840.6949224,14516211168466667019,5246,0,28,19,53,5809,15,13,0,6943,7200,80,255,1
1761462841.7056699,14516211168466667019,5266,0,28,19,53,5809,15,13,0,6942,7200,80,255,1
1761462843.1970866,14516211168466667019,5296,0,28,19,53,5809,15,13,0,6940,7200,80,255,1
1761462844.6990125,14516211168466667019,5327,0,28,19,53,5809,15,13,0,6939,7200,80,255,1
1761462846.2035012,14516211168466667019,5358,0,28,19,53,5809,15,13,0,6937,7200,80,255,1
1761462847.7048395,14516211168466667019,5388,0,28,19,53,5809,15,13,0,6936,7200,80,255,1
1761462849.1934712,14516211168466667019,5418,0,28,19,53,5809,15,13,0,6934,7200,80,255,1
1761462850.2046099,14516211168466667019,5439,0,28,19,53,5809,15,13,0,6933,7200,80,255,1
1761462851.6935456,14516211168466667019,5470,0,28,19,53,5809,15,13,0,6932,7200,80,255,1
1761462852.7044654,14516211168466667019,5491,0,28,19,53,5809,15,13,0,6931,7200,80,255,1
1761462853.7057586,14516211168466667019,5511,0,28,19,53,5809,15,13,0,6930,7200,80,255,1
1761462855.1951613,14516211168466667019,5541,0,28,19,53,5809,15,13,0,6928,7200,80,255,1
1761462856.2063823,14516211168466667019,5561,0,28,19,53,5809,15,13,0,6927,7200,80,255,1
1761462857.694906,14516211168466667019,5591,0,28,19,53,5809,15,13,0,6926,7200,80,255,1
1761462858.6971369,14516211168466667019,5611,0,28,19,53,5809,15,13,0,6925,7200,80,255,1
1761462860.201675,14516211168466667019,5641,0,28,19,53,5809,15,13,0,6923,7200,80,255,1
1761462861.7027576,14516211168466667019,5671,0,28,19,53,5809,15,13,0,6922,7200,80,255,1
1761462863.1945455,14516211168466667019,5701,0,28,19,53,5809,15,13,0,6920,7200,80,255,1
1761462864.2076256,14516211168466667019,5721,0,28,19,53,5809,15,13,0,6919,7200,80,255,1
1761462865.693717,14516211168466667019,5751,0,28,19,53,5809,15,13,0,6918,7200,80,255,1
1761462866.7083347,14516211168466667019,5771,0,28,19,53,5809,15,13,0,6917,7200,80,255,1
1761462868.1991155,14516211168466667019,5801,0,28,19,53,5809,15,13,0,6915,7200,80,255,1
1761462869.7007394,14516211168466667019,5833,0,28,19,53,5809,15,13,0,6914,7200,80,255,1
1761462871.202086,14516211168466667019,5863,0,28,19,53,5809,15,13,0,6912,7200,80,255,1
1761462872.7034042,14516211168466667019,5893,0,28,19,53,5809,15,13,0,6911,7200,80,255,1
1761462873.7071645,14516211168466667019,5913,0,28,19,53,5809,15,13,0,6910,7200,80,255,1
1761462875.194279,14516211168466667019,5944,0,28,19,53,5809,15,13,0,6908,7200,80,255,1
1761462876.2082145,14516211168466667019,5964,0,28,19,53,5809,15,13,0,6907,7200,80,255,1
1761462877.69914,14516211168466667019,5995,0,28,19,53,5809,15,13,0,6906,7200,80,255,1
1761462878.700779,14516211168466667019,6015,0,28,19,53,5809,15,13,0,6905,7200,80,255,1
1761462880.2077842,14516211168466667019,6046,0,28,19,53,5809,15,13,0,6903,7200,80,255,1
1761462881.7046256,14516211168466667019,6076,0,28,19,53,5809,15,13,0,6902,7200,80,255,1
1761462882.704679,14516211168466667019,6096,0,28,19,53,5809,15,13,0,6901,7200,80,255,1
1761462883.708073,14516211168466667019,6116,0,28,19,53,5809,15,13,0,6900,7200,80,255,1
1761462885.1970098,14516211168466667019,6146,0,28,19,53,5809,15,13,0,6898,7200,80,255,1
1761462886.1979673,14516211168466667019,6166,0,28,19,53,5809,15,13,0,6897,7200,80,255,1
1761462887.707333,14516211168466667019,6196,0,28,19,53,5809,15,13,0,6896,7200,80,255,1
1761462889.1933684,14516211168466667019,6226,0,28,19,53,5809,15,13,0,6894,7200,80,255,1
1761462890.198221,14516211168466667019,6247,0,28,19,53,5809,15,13,0,6893,7200,80,255,1
1761462891.202808,14516211168466667019,6267,0,28,19,53,5809,15,13,0,6892,7200,80,255,1
1761462892.2068245,14516211168466667019,6287,0,28,19,53,5809,15,13,0,6891,7200,80,255,1
1761462893.7077136,14516211168466667019,6317,0,28,19,53,5809,15,13,0,6890,7200,80,255,1
1761462895.199244,14516211168466667019,6347,0,28,19,53,5809,15,13,0,6888,7200,80,255,1
1761462896.7073078,14516211168466667019,6377,0,28,19,53,5809,15,13,0,6887,7200,80,255,1
1761462898.2034345,14516211168466667019,6407,0,28,19,53,5809,15,13,0,6885,7200,80,255,1
1761462899.7081492,14516211168466667019,6437,0,28,19,53,5809,15,13,0,6884,7200,80,255,1
1761462901.197213,14516211168466667019,6467,0,28,19,53,5809,15,13,0,6882,7200,80,255,1
1761462902.7003217,14516211168466667019,6497,0,28,19,53,5809,15,13,0,6881,7200,80,255,1
1761462903.7036111,14516211168466667019,6517,0,28,19,53,5809,15,13,0,6880,7200,80,255,1
1761462905.203637,14516211168466667019,6547,0,28,19,53,5809,15,13,0,6878,7200,80,255,1
1761462906.709882,14516211168466667019,6577,0,28,19,53,5809,15,13,0,6877,7200,80,255,1
1761462908.199156,14516211168466667019,6607,0,28,19,53,5809,15,13,0,6875,7200,80,255,1
1761462909.1994514,14516211168466667019,6627,0,28,19,53,5809,15,13,0,6874,7200,80,255,1
1761462910.7014825,14516211168466667019,6658,0,28,19,53,5809,15,13,0,6873,7200,80,255,1
1761462912.206825,14516211168466667019,6688,0,28,19,53,5809,15,13,0,6871,7200,80,255,1
1761462913.695946,14516211168466667019,6718,0,28,19,53,5809,15,13,0,6870,7200,80,255,1
1761462914.70688,14516211168466667019,6738,0,28,19,53,5809,15,13,0,6869,7200,80,255,1
1761462916.1962214,14516211168466667019,6768,0,28,19,53,5809,15,13,0,6867,7200,80,255,1
1761462917.2058876,14516211168466667019,6788,0,28,19,53,5809,15,13,0,6866,7200,80,255,1
1761462918.2118082,14516211168466667019,6808,0,28,19,53,5809,15,13,0,6865,7200,80,255,1
1761462919.7086337,14516211168466667019,6838,0,28,19,53,5809,15,13,0,6864,7200,80,255,1
1761462921.1983337,14516211168466667019,6868,0,28,19,53,5809,15,13,0,6862,7200,80,255,1
1761462922.7014754,14516211168466667019,6898,0,28,19,53,5809,15,13,0,6861,7200,80,255,1
1761462923.7016664,14516211168466667019,6918,0,28,19,53,5809,15,13,0,6860,7200,80,255,1
1761462924.7021155,14516211168466667019,6938,0,28,19,53,5809,15,13,0,6859,7200,80,255,1
1761462926.2056735,14516211168466667019,6968,0,28,19,53,5809,15,13,0,6857,7200,80,255,1
1761462927.709302,14516211168466667019,6998,0,28,19,53,5809,15,13,0,6856,7200,80,255,1
1761462929.2051146,14516211168466667019,7028,0,28,19,53,5809,15,13,0,6854,7200,80,255,1
1761462930.206818,14516211168466667019,7048,0,28,19,53,5809,15,13,0,6853,7200,80,255,1
1761462931.2090998,14516211168466667019,7068,0,28,19,53,5809,15,13,0,6852,7200,80,255,1
1761462932.7068186,14516211168466667019,7098,0,28,19,53,5809,15,13,0,6851,7200,80,255,1
1761462934.205423,14516211168466667019,7128,0,28,19,53,5809,15,13,0,6849,7200,80,255,1
1761462935.2064357,14516211168466667019,7148,0,28,19,53,5809,15,13,0,6848,7200,80,255,1
1761462936.6966693,14516211168466667019,7178,0,28,19,53,5809,15,13,0,6847,7200,80,255,1
1761462938.2048008,14516211168466667019,7208,0,28,19,53,5809,15,13,0,6845,7200,80,255,1
1761462939.2060559,14516211168466667019,7228,0,28,19,53,5809,15,13,0,6844,7200,80,255,1
1761462940.208035,14516211168466667019,7248,0,28,19,53,5809,15,13,0,6843,7200,80,255,1
1761462941.2082074,14516211168466667019,7268,0,28,19,53,5809,15,13,0,6842,7200,80,255,1
1761462942.698988,14516211168466667019,7298,0,28,19,53,5809,15,13,0,6841,7200,80,255,1
1761462943.7006373,14516211168466667019,7319,0,28,19,53,5809,15,13,0,6840,7200,80,255,1
1761462944.7013204,14516211168466667019,7339,0,28,19,53,5809,15,13,0,6839,7200,80,255,1
1761462946.2047489,14516211168466667019,7369,0,28,19,53,5809,15,13,0,6837,7200,80,255,1
1761462947.2047572,14516211168466667019,7389,0,28,19,53,5809,15,13,0,6836,7200,80,255,1
1761462948.6960266,14516211168466667019,7419,0,28,19,53,5809,15,13,0,6835,7200,80,255,1
1761462949.696158,14516211168466667019,7440,0,28,19,53,5809,15,13,0,6834,7200,80,255,1
1761462951.2003715,14516211168466667019,7470,0,28,19,53,5809,15,13,0,6832,7200,80,255,1
1761462952.707498,14516211168466667019,7500,0,28,19,53,5809,15,13,0,6831,7200,80,255,1
1761462954.2042625,14516211168466667019,7530,0,28,19,53,5809,15,13,0,6829,7200,80,255,1
1761462955.2045786,14516211168466667019,7550,0,28,19,53,5809,15,13,0,6828,7200,80,255,1
1761462956.6958115,14516211168466667019,7580,0,28,19,53,5809,15,13,0,6827,7200,80,255,1
1761462958.2013783,14516211168466667019,7611,0,28,19,53,5809,15,13,0,6825,7200,80,255,1
1761462959.204817,14516211168466667019,7632,0,28,19,53,5809,15,13,0,6824,7200,80,255,1
1761462960.204931,14516211168466667019,7652,0,28,19,53,5809,15,13,0,6823,7200,80,255,1
1761462961.6961162,14516211168466667019,7682,0,28,19,53,5809,15,13,0,6822,7200,80,255,1
1761462963.204993,14516211168466667019,7712,0,28,19,53,5809,15,13,0,6820,7200,80,255,1
1761462964.2075818,14516211168466667019,7732,0,28,19,53,5809,15,13,0,6819,7200,80,255,1
1761462965.701486,14516211168466667019,7763,0,28,19,53,5809,15,13,0,6818,7200,80,255,1
1761462966.7016742,14516211168466667019,7784,0,28,19,53,5809,15,13,0,6817,7200,80,255,1
1761462967.7033927,14516211168466667019,7805,0,28,19,53,5809,15,13,0,6816,7200,80,255,1
1761462968.7100031,14516211168466667019,7825,0,28,19,53,5809,15,13,0,6815,7200,80,255,1
1761462970.2033577,14516211168466667019,7856,0,28,19,53,5809,15,13,0,6813,7200,80,255,1
1761462971.2059307,14516211168466667019,7876,0,28,19,53,5809,15,13,0,6812,7200,80,255,1
1761462972.6964622,14516211168466667019,7906,0,28,19,53,5809,15,13,0,6811,7200,80,255,1
1761462973.6977167,14516211168466667019,7926,0,28,19,53,5809,15,13,0,6810,7200,80,255,1
1761462974.697868,14516211168466667019,7946,0,28,19,53,5809,15,13,0,6809,7200,80,255,1
1761462976.1933815,14516211168466667019,7976,0,28,19,53,5809,15,13,0,6807,7200,80,255,1
1761462977.2083483,14516211168466667019,7998,0,28,19,53,5809,15,13,0,6806,7200,80,255,1
1761462978.7085767,14516211168466667019,8028,0,28,19,53,5809,15,13,0,6805,7200,80,255,1
1761462980.2055895,14516211168466667019,8058,0,28,19,53,5809,15,13,0,6803,7200,80,255,1
1761462981.703321,14516211168466667019,8088,0,28,19,53,5809,15,13,0,6802,7200,80,255,1
1761462983.2002587,14516211168466667019,8118,0,28,19,53,5809,15,13,0,6800,7200,80,255,1
1761462984.2058558,14516211168466667019,8138,0,28,19,53,5809,15,13,0,6799,7200,80,255,1
1761462985.7050054,14516211168466667019,8168,0,28,19,53,5809,15,13,0,6798,7200,80,255,1
1761462987.2061808,14516211168466667019,8198,0,28,19,53,5809,15,13,0,6796,7200,80,255,1
1761462988.707891,14516211168466667019,8228,0,28,19,53,5809,15,13,0,6795,7200,80,255,1
1761462990.2049534,14516211168466667019,8259,0,28,19,53,5809,15,13,0,6793,7200,80,255,1
1761462991.696688,14516211168466667019,8289,0,28,19,53,5809,15,13,0,6792,7200,80,255,1
1761462992.70888,14516211168466667019,8309,0,28,19,53,5809,15,13,0,6791,7200,80,255,1
1761462994.2070718,14516211168466667019,8340,0,28,19,53,5809,15,13,0,6789,7200,80,255,1
1761462995.6986969,14516211168466667019,8370,0,28,19,53,5809,15,13,0,6788,7200,80,255,1
1761462996.7102673,14516211168466667019,8390,0,28,19,53,5809,15,13,0,6787,7200,80,255,1
1761462998.1994524,14516211168466667019,8420,0,28,19,53,5809,15,13,0,6785,7200,80,255,1
1761462999.6936932,14516211168466667019,8450,0,28,19,53,5809,15,13,0,6784,7200,80,255,1
1761463000.7039845,14516211168466667019,8470,0,28,19,53,5809,15,13,0,6783,7200,80,255,1
1761463002.208228,14516211168466667019,8500,0,28,19,53,5809,15,13,0,6781,7200,80,255,1
1761463003.7015023,14516211168466667019,8530,0,28,19,53,5809,15,13,0,6780,7200,80,255,1
1761463004.7018163,14516211168466667019,8550,0,28,19,53,5809,15,13,0,6779,7200,80,255,1
1761463005.7043045,14516211168466667019,8571,0,28,19,53,5809,15,13,0,6778,7200,80,255,1
1761463006.7060633,14516211168466667019,8591,0,28,19,53,5809,15,13,0,6777,7200,80,255,1
1761463008.1974308,14516211168466667019,8621,0,28,19,53,5809,15,13,0,6775,7200,80,255,1
1761463009.2007492,14516211168466667019,8641,0,28,19,53,5809,15,13,0,6774,7200,80,255,1
1761463010.2018125,14516211168466667019,8662,0,28,19,53,5809,15,13,0,6773,7200,80,255,1
1761463011.20358,14516211168466667019,8682,0,28,19,53,5809,15,13,0,6772,7200,80,255,1
1761463012.7068858,14516211168466667019,8713,0,28,19,53,5809,15,13,0,6771,7200,80,255,1
1761463014.201238,14516211168466667019,8744,0,28,19,53,5809,15,13,0,6769,7200,80,255,1
1761463015.708059,14516211168466667019,8774,0,28,19,53,5809,15,13,0,6768,7200,80,255,1
1761463016.708239,14516211168466667019,8794,0,28,19,53,5809,15,13,0,6767,7200,80,255,1
1761463018.1991515,14516211168466667019,8825,0,28,19,53,5809,15,13,0,6765,7200,80,255,1
1761463019.2036345,14516211168466667019,8845,0,28,19,53,5809,15,13,0,6764,7200,80,255,1
1761463020.694533,14516211168466667019,8875,0,28,19,53,5809,15,13,0,6763,7200,80,255,1
1761463022.203376,14516211168466667019,8905,0,28,19,53,5809,15,13,0,6761,7200,80,255,1
1761463023.6993134,14516211168466667019,8935,0,28,19,53,5809,15,13,0,6760,7200,80,255,1
1761463025.2072904,14516211168466667019,8965,0,28,19,53,5809,15,13,0,6758,7200,80,255,1
1761463026.6981997,14516211168466667019,8997,0,28,19,53,5809,15,13,0,6757,7200,80,255,1
1761463027.6984446,14516211168466667019,9018,0,28,19,53,5809,15,13,0,6756,7200,80,255,1
1761463028.701745,14516211168466667019,9038,0,28,19,53,5809,15,13,0,6755,7200,80,255,1
1761463030.194515,14516211168466667019,9069,0,28,19,53,5809,15,13,0,6753,7200,80,255,1
1761463031.700696,14516211168466667019,9100,0,28,19,53,5809,15,13,0,6752,7200,80,255,1
1761463032.7017095,14516211168466667019,9120,0,28,19,53,5809,15,13,0,6751,7200,80,255,1
1761463033.7036374,14516211168466667019,9141,0,28,19,53,5809,15,13,0,6750,7200,80,255,1
1761463034.703716,14516211168466667019,9161,0,28,19,53,5809,15,13,0,6749,7200,80,255,1
1761463035.706033,14516211168466667019,9181,0,28,19,53,5809,15,13,0,6748,7200,80,255,1
1761463037.195366,14516211168466667019,9211,0,28,19,53,5809,15,13,0,6746,7200,80,255,1
1761463038.6931663,14516211168466667019,9242,0,28,19,53,5809,15,13,0,6745,7200,80,255,1
1761463039.693995,14516211168466667019,9263,0,28,19,53,5809,15,13,0,6744,7200,80,255,1
1761463040.6942954,14516211168466667019,9284,0,28,19,53,5809,15,13,0,6743,7200,80,255,1
1761463041.708696,14516211168466667019,9305,0,28,19,53,5809,15,13,0,6742,7200,80,255,1
1761463043.2032773,14516211168466667019,9335,0,28,19,53,5809,15,13,0,6740,7200,80,255,1
1761463044.208958,14516211168466667019,9355,0,28,19,53,5809,15,13,0,6739,7200,80,255,1
1761463045.6993852,14516211168466667019,9385,0,28,19,53,5809,15,13,0,6738,7200,80,255,1
1761463046.7001612,14516211168466667019,9405,0,28,19,53,5809,15,13,0,6737,7200,80,255,1
1761463047.7012024,14516211168466667019,9425,0,28,19,53,5809,15,13,0,6736,7200,80,255,1
1761463048.706062,14516211168466667019,9445,0,28,19,53,5809,15,13,0,6735,7200,80,255,1
1761463050.1961122,14516211168466667019,9475,0,28,19,53,5809,15,13,0,6733,7200,80,255,1
1761463051.1962683,14516211168466667019,9496,0,28,19,53,5809,15,13,0,6732,7200,80,255,1
1761463052.199515,14516211168466667019,9516,0,28,19,53,5809,15,13,0,6731,7200,80,255,1
1761463053.200256,14516211168466667019,9536,0,28,19,53,5809,15,13,0,6730,7200,80,255,1
1761463054.2059503,14516211168466667019,9556,0,28,19,53,5809,15,13,0,6729,7200,80,255,1
1761463055.6957877,14516211168466667019,9586,0,28,19,53,5809,15,13,0,6728,7200,80,255,1
1761463056.695839,14516211168466667019,9606,0,28,19,53,5809,15,13,0,6727,7200,80,255,1
1761463058.2016041,14516211168466667019,9636,0,28,19,53,5809,15,13,0,6725,7200,80,255,1
1761463059.704872,14516211168466667019,9666,0,28,19,53,5809,15,13,0,6724,7200,80,255,1
1761463061.1947002,14516211168466667019,9696,0,28,19,53,5809,15,13,0,6722,7200,80,255,1
1761463062.2004974,14516211168466667019,9717,0,28,19,53,5809,15,13,0,6721,7200,80,255,1
1761463063.2061028,14516211168466667019,9737,0,28,19,53,5809,15,13,0,6720,7200,80,255,1
1761463064.698708,14516211168466667019,9767,0,28,19,53,5809,15,13,0,6719,7200,80,255,1
1761463065.7059648,14516211168466667019,9788,0,28,19,53,5809,15,13,0,6718,7200,80,255,1
1761463067.2068946,14516211168466667019,9819,0,28,19,53,5809,15,13,0,6716,7200,80,255,1
1761463068.6991534,14516211168466667019,9849,0,28,19,53,5809,15,13,0,6715,7200,80,255,1
1761463069.7060277,14516211168466667019,9869,0,28,19,53,5809,15,13,0,6714,7200,80,255,1
1761463071.1953948,14516211168466667019,9900,0,28,19,53,5809,15,13,0,6712,7200,80,255,1
1761463072.2015722,14516211168466667019,9921,0,28,19,53,5809,15,13,0,6711,7200,80,255,1
1761463073.6961749,14516211168466667019,9951,0,28,19,53,5809,15,13,0,6710,7200,80,255,1
1761463074.7056413,14516211168466667019,9971,0,28,19,53,5809,15,13,0,6709,7200,80,255,1
1761463076.1951134,14516211168466667019,10001,0,28,19,53,5809,15,13,0,6707,7200,80,255,1
1761463077.2001896,14516211168466667019,10023,0,28,19,53,5809,15,13,0,6706,7200,80,255,1
1761463078.2087355,14516211168466667019,10045,0,28,19,53,5809,15,13,0,6705,7200,80,255,1
1761463079.7033708,14516211168466667019,10075,0,28,19,53,5809,15,13,0,6704,7200,80,255,1
1761463081.1958156,14516211168466667019,10105,0,28,19,53,5809,15,13,0,6702,7200,80,255,1
1761463082.7085557,14516211168466667019,10136,0,28,19,53,5809,15,13,0,6701,7200,80,255,1
1761463084.2023063,14516211168466667019,10167,0,28,19,53,5809,15,13,0,6699,7200,80,255,1
1761463085.2082655,14516211168466667019,10188,0,28,19,53,5809,15,13,0,6698,7200,80,255,1
1761463086.6950696,14516211168466667019,10218,0,28,19,53,5809,15,13,0,6697,7200,80,255,1
1761463087.6986423,14516211168466667019,10238,0,28,19,53,5809,15,13,0,6696,7200,80,255,1
1761463089.2042165,14516211168466667019,10268,0,28,19,53,5809,15,13,0,6694,7200,80,255,1
1761463090.7066112,14516211168466667019,10298,0,28,19,53,5809,15,13,0,6693,7200,80,255,1
1761463092.2046344,14516211168466667019,10329,0,28,19,53,5809,15,13,0,6691,7200,80,255,1
1761463093.6967964,14516211168466667019,10359,0,28,19,53,5809,15,13,0,6690,7200,80,255,1
1761463094.6989746,14516211168466667019,10379,0,28,19,53,5809,15,13,0,6689,7200,80,255,1
1761463095.706978,14516211168466667019,10399,0,28,19,53,5809,15,13,0,6688,7200,80,255,1
1761463097.2079914,14516211168466667019,10429,0,28,19,53,5809,15,13,0,6686,7200,80,255,1
1761463098.6969347,14516211168466667019,10459,0,28,19,53,5809,15,13,0,6685,7200,80,255,1
1761463099.7035367,14516211168466667019,10481,0,28,19,53,5809,15,13,0,6684,7200,80,255,1
1761463101.2025788,14516211168466667019,10511,0,28,19,53,5809,15,13,0,6682,7200,80,255,1
1761463102.2067082,14516211168466667019,10532,0,28,19,53,5809,15,13,0,6681,7200,80,255,1
1761463103.7016027,14516211168466667019,10563,0,28,19,53,5809,15,13,0,6680,7200,80,255,1
1761463104.7091968,14516211168466667019,10583,0,28,19,53,5809,15,13,0,6679,7200,80,255,1
1761463106.2055647,14516211168466667019,10614,0,28,19,53,5809,15,13,0,6677,7200,80,255,1
1761463107.7036905,14516211168466667019,10644,0,28,19,53,5809,15,13,0,6676,7200,80,255,1
1761463109.2059324,14516211168466667019,10674,0,28,19,53,5809,15,13,0,6674,7200,80,255,1
1761463110.7025049,14516211168466667019,10705,0,28,19,53,5809,15,13,0,6673,7200,80,255,1
1761463112.2015116,14516211168466667019,10736,0,28,19,53,5809,15,13,0,6671,7200,80,255,1
1761463113.2053306,14516211168466667019,10756,0,28,19,53,5809,15,13,0,6670,7200,80,255,1
1761463114.707777,14516211168466667019,10786,0,28,19,53,5809,15,13,0,6669,7200,80,255,1
1761463116.2041264,14516211168466667019,10816,0,28,19,53,5809,15,13,0,6667,7200,80,255,1
1761463117.2074027,14516211168466667019,10836,0,28,19,53,5809,15,13,0,6666,7200,80,255,1
1761463118.6949992,14516211168466667019,10866,0,28,19,53,5809,15,13,0,6665,7200,80,255,1
1761463119.697159,14516211168466667019,10886,0,28,19,53,5809,15,13,0,6664,7200,80,255,1
1761463120.700266,14516211168466667019,10907,0,28,19,53,5809,15,13,0,6663,7200,80,255,1
1761463121.7042682,14516211168466667019,10927,0,28,19,53,5809,15,13,0,6662,7200,80,255,1
1761463122.7073176,14516211168466667019,10947,0,28,19,53,5809,15,13,0,6661,7200,80,255,1
1761463124.1955578,14516211168466667019,10978,0,28,19,53,5809,15,13,0,6659,7200,80,255,1
1761463125.1964712,14516211168466667019,10998,0,28,19,53,5809,15,13,0,6658,7200,80,255,1
1761463126.1988225,14516211168466667019,11018,0,28,19,53,5809,15,13,0,6657,7200,80,255,1
1761463127.2041311,14516211168466667019,11038,0,28,19,53,5809,15,13,0,6656,7200,80,255,1
1761463128.20878,14516211168466667019,11058,0,28,19,53,5809,15,13,0,6655,7200,80,255,1
1761463129.694955,14516211168466667019,11088,0,28,19,53,5809,15,13,0,6654,7200,80,255,1
1761463130.6977303,14516211168466667019,11108,0,28,19,53,5809,15,13,0,6653,7200,80,255,1
1761463131.7024114,14516211168466667019,11128,0,28,19,53,5809,15,13,0,6652,7200,80,255,1
1761463132.706307,14516211168466667019,11149,0,28,19,53,5809,15,13,0,6651,7200,80,255,1
1761463134.2092066,14516211168466667019,11179,0,28,19,53,5809,15,13,0,6649,7200,80,255,1
1761463135.706679,14516211168466667019,11209,0,28,19,53,5809,15,13,0,6648,7200,80,255,1
1761463137.205493,14516211168466667019,11239,0,28,19,53,5809,15,13,0,6646,7200,80,255,1
1761463138.2079535,14516211168466667019,11259,0,28,19,53,5809,15,13,0,6645,7200,80,255,1
1761463139.6956515,14516211168466667019,11290,0,28,19,53,5809,15,13,0,6644,7200,80,255,1
1761463140.7002606,14516211168466667019,11311,0,28,19,53,5809,15,13,0,6643,7200,80,255,1
1761463141.7062113,14516211168466667019,11332,0,28,19,53,5809,15,13,0,6642,7200,80,255,1
1761463143.2053819,14516211168466667019,11363,0,28,19,53,5809,15,13,0,6640,7200,80,255,1
1761463144.7068422,14516211168466667019,11394,0,28,19,53,5809,15,13,0,6639,7200,80,255,1
1761463145.7094345,14516211168466667019,11414,0,28,19,53,5809,15,13,0,6638,7200,80,255,1
1761463147.2039163,14516211168466667019,11444,0,28,19,53,5809,15,13,0,6636,7200,80,255,1
1761463148.2053363,14516211168466667019,11464,0,28,19,53,5809,15,13,0,6635,7200,80,255,1
1761463149.705449,14516211168466667019,11495,0,28,19,53,5809,15,13,0,6634,7200,80,255,1
1761463151.2029912,14516211168466667019,11526,0,28,19,53,5809,15,13,0,6632,7200,80,255,1
1761463152.205723,14516211168466667019,11547,0,28,19,53,5809,15,13,0,6631,7200,80,255,1
1761463153.6976826,14516211168466667019,11577,0,28,19,53,5809,15,13,0,6630,7200,80,255,1
1761463155.206826,14516211168466667019,11608,0,28,19,53,5809,15,13,0,6628,7200,80,255,1
1761463156.707506,14516211168466667019,11639,0,28,19,53,5809,15,13,0,6627,7200,80,255,1
1761463158.207277,14516211168466667019,11670,0,28,19,53,5809,15,13,0,6625,7200,80,255,1
1761463159.6944659,14516211168466667019,11700,0,28,19,53,5809,15,13,0,6624,7200,80,255,1
1761463160.6978264,14516211168466667019,11721,0,28,19,53,5809,15,13,0,6623,7200,80,255,1
1761463161.7075758,14516211168466667019,11741,0,28,19,53,5809,15,13,0,6622,7200,80,255,1
1761463163.1954427,14516211168466667019,11771,0,28,19,53,5809,15,13,0,6620,7200,80,255,1
1761463164.203455,14516211168466667019,11791,0,28,19,53,5809,15,13,0,6619,7200,80,255,1
1761463165.2074873,14516211168466667019,11812,0,28,19,53,5809,15,13,0,6618,7200,80,255,1
1761463166.7082508,14516211168466667019,11842,0,28,19,53,5809,15,13,0,6617,7200,80,255,1
1761463168.1955187,14516211168466667019,11874,0,28,19,53,5809,15,13,0,6615,7200,80,255,1
1761463169.2055528,14516211168466667019,11895,0,28,19,53,5809,15,13,0,6614,7200,80,255,1
1761463170.7063758,14516211168466667019,11925,0,28,19,53,5809,15,13,0,6613,7200,80,255,1
1761463172.195536,14516211168466667019,11955,0,28,19,53,5809,15,13,0,6611,7200,80,255,1
1761463173.2004118,14516211168466667019,11975,0,28,19,53,5809,15,13,0,6610,7200,80,255,1
1761463174.6945527,14516211168466667019,12005,0,28,19,53,5809,15,13,0,6609,7200,80,255,1
1761463175.7026937,14516211168466667019,12025,0,28,19,53,5809,15,13,0,6608,7200,80,255,1
1761463176.7090588,14516211168466667019,12045,0,28,19,53,5809,15,13,0,6607,7200,80,255,1
1761463178.1931682,14516211168466667019,12076,0,28,19,53,5809,15,13,0,6605,7200,80,255,1
1761463179.2058063,14516211168466667019,12097,0,28,19,53,5809,15,13,0,6604,7200,80,255,1
1761463180.694273,14516211168466667019,12128,0,28,19,53,5809,15,13,0,6603,7200,80,255,1
1761463181.6989162,14516211168466667019,12149,0,28,19,53,5809,15,13,0,6602,7200,80,255,1
1761463182.7065625,14516211168466667019,12170,0,28,19,53,5809,15,13,0,6601,7200,80,255,1
1761463184.1965117,14516211168466667019,12201,0,28,19,53,5809,15,13,0,6599,7200,80,255,1
1761463185.2016094,14516211168466667019,12221,0,28,19,53,5809,15,13,0,6598,7200,80,255,1
1761463186.2088454,14516211168466667019,12241,0,28,19,53,5809,15,13,0,6597,7200,80,255,1
1761463187.7087867,14516211168466667019,12274,0,28,19,53,5809,15,13,0,6596,7200,80,255,1
1761463189.196709,14516211168466667019,12306,0,28,19,53,5809,15,13,0,6594,7200,80,255,1
1761463190.202351,14516211168466667019,12326,0,28,19,53,5809,15,13,0,6593,7200,80,255,1
1761463191.7055879,14516211168466667019,12357,0,28,19,53,5809,15,13,0,6592,7200,80,255,1
1761463193.1941605,14516211168466667019,12388,0,28,19,53,5809,15,13,0,6590,7200,80,255,1
1761463194.2030597,14516211168466667019,12409,0,28,19,53,5809,15,13,0,6589,7200,80,255,1
1761463195.7046177,14516211168466667019,12439,0,28,19,53,5809,15,13,0,6588,7200,80,255,1
1761463197.2092233,14516211168466667019,12470,0,28,19,53,5809,15,13,0,6586,7200,80,255,1
1761463198.6945016,14516211168466667019,12501,0,28,19,53,5809,15,13,0,6585,7200,80,255,1
1761463199.704254,14516211168466667019,12521,0,28,19,53,5809,15,13,0,6584,7200,80,255,1
1761463200.7088,14516211168466667019,12542,0,28,19,53,5809,15,13,0,6583,7200,80,255,1
1761463202.195464,14516211168466667019,12572,0,28,19,53,5809,15,13,0,6581,7200,80,255,1
1761463203.2015202,14516211168466667019,12593,0,28,19,53,5809,15,13,0,6580,7200,80,255,1
1761463204.7091455,14516211168466667019,12623,0,28,19,53,5809,15,13,0,6579,7200,80,255,1
1761463206.2067719,14516211168466667019,12654,0,28,19,53,5809,15,13,0,6577,7200,80,255,1
1761463207.7040737,14516211168466667019,12684,0,28,19,53,5809,15,13,0,6576,7200,80,255,1
1761463208.7082236,14516211168466667019,12705,0,28,19,53,5809,15,13,0,6575,7200,80,255,1
1761463210.207688,14516211168466667019,12735,0,28,19,53,5809,15,13,0,6573,7200,80,255,1
1761463211.707673,14516211168466667019,12766,0,28,19,53,5809,15,13,0,6572,7200,80,255,1
1761463213.203445,14516211168466667019,12797,0,28,19,53,5809,15,13,0,6570,7200,80,255,1
1761463214.7048707,14516211168466667019,12827,0,28,19,53,5809,15,13,0,6569,7200,80,255,1
1761463215.7067344,14516211168466667019,12847,0,28,19,53,5809,15,13,0,6568,7200,80,255,1
1761463217.200125,14516211168466667019,12878,0,28,19,53,5809,15,13,0,6566,7200,80,255,1
1761463218.201484,14516211168466667019,12898,0,28,19,53,5809,15,13,0,6565,7200,80,255,1
1761463219.704441,14516211168466667019,12928,0,28,19,53,5809,15,13,0,6564,7200,80,255,1
1761463221.203123,14516211168466667019,12959,0,28,19,53,5809,15,13,0,6562,7200,80,255,1
1761463222.2085605,14516211168466667019,12980,0,28,19,53,5809,15,13,0,6561,7200,80,255,1
1761463223.707651,14516211168466667019,13011,0,28,19,53,5809,15,13,0,6560,7200,80,255,1
1761463225.1963575,14516211168466667019,13042,0,28,19,53,5809,15,13,0,6558,7200,80,255,1
1761463226.2001867,14516211168466667019,13063,0,28,19,53,5809,15,13,0,6557,7200,80,255,1
1761463227.2057111,14516211168466667019,13084,0,28,19,53,5809,15,13,0,6556,7200,80,255,1
1761463228.705533,14516211168466667019,13116,0,28,19,53,5809,15,13,0,6555,7200,80,255,1
1761463230.2072153,14516211168466667019,13146,0,28,19,53,5809,15,13,0,6553,7200,80,255,1
1761463231.7073507,14516211168466667019,13179,0,28,19,53,5809,15,13,0,6552,7200,80,255,1
1761463233.205749,14516211168466667019,13209,0,28,19,53,5809,15,13,0,6550,7200,80,255,1
1761463234.6940753,14516211168466667019,13239,0,28,19,53,5809,15,13,0,6549,7200,80,255,1
1761463235.7005465,14516211168466667019,13259,0,28,19,53,5809,15,13,0,6548,7200,80,255,1
1761463236.706181,14516211168466667019,13280,0,28,19,53,5809,15,13,0,6547,7200,80,255,1
1761463238.2056522,14516211168466667019,13311,0,28,19,53,5809,15,13,0,6545,7200,80,255,1
1761463239.6947086,14516211168466667019,13343,0,28,19,53,5809,15,13,0,6544,7200,80,255,1
1761463240.6977816,14516211168466667019,13364,0,28,19,53,5809,15,13,0,6543,7200,80,255,1
1761463241.7011766,14516211168466667019,13386,0,28,19,53,5809,15,13,0,6542,7200,80,255,1
1761463242.7078817,14516211168466667019,13406,0,28,19,53,5809,15,13,0,6541,7200,80,255,1
1761463244.2088623,14516211168466667019,13437,0,28,19,53,5809,15,13,0,6539,7200,80,255,1
1761463245.708133,14516211168466667019,13467,0,28,19,53,5809,15,13,0,6538,7200,80,255,1
1761463247.2066824,14516211168466667019,13499,0,28,19,53,5809,15,13,0,6536,7200,80,255,1
1761463248.7084582,14516211168466667019,13531,0,28,19,53,5809,15,13,0,6535,7200,80,255,1
1761463250.1969898,14516211168466667019,13562,0,28,19,53,5809,15,13,0,6533,7200,80,255,1
1761463251.2053149,14516211168466667019,13582,0,28,19,53,5809,15,13,0,6532,7200,80,255,1
1761463252.7075899,14516211168466667019,13612,0,28,19,53,5809,15,13,0,6531,7200,80,255,1
1761463254.1984973,14516211168466667019,13644,0,28,19,53,5809,15,13,0,6529,7200,80,255,1
1761463255.2044342,14516211168466667019,13665,0,28,19,53,5809,15,13,0,6528,7200,80,255,1
1761463256.6945024,14516211168466667019,13696,0,28,19,53,5809,15,13,0,6527,7200,80,255,1
1761463257.7039046,14516211168466667019,13717,0,28,19,53,5809,15,13,0,6526,7200,80,255,1
1761463258.7067597,14516211168466667019,13737,0,28,19,53,5809,15,13,0,6525,7200,80,255,1
1761463260.197471,14516211168466667019,13768,0,28,19,53,5809,15,13,0,6523,7200,80,255,1
1761463261.2044194,14516211168466667019,13789,0,28,19,53,5809,15,13,0,6522,7200,80,255,1
1761463262.6975706,14516211168466667019,13820,0,28,19,53,5809,15,13,0,6521,7200,80,255,1
1761463263.7083123,14516211168466667019,13840,0,28,19,53,5809,15,13,0,6520,7200,80,255,1
1761463265.201091,14516211168466667019,13870,0,28,19,53,5809,15,13,0,6518,7200,80,255,1
1761463266.709862,14516211168466667019,13902,0,28,19,53,5809,15,13,0,6517,7200,80,255,1
1761463268.1994042,14516211168466667019,13933,0,28,19,53,5809,15,13,0,6515,7200,80,255,1
1761463269.6961203,14516211168466667019,13963,0,28,19,53,5809,15,13,0,6514,7200,80,255,1
1761463270.700159,14516211168466667019,13984,0,28,19,53,5809,15,13,0,6513,7200,80,255,1
1761463271.7020562,14516211168466667019,14006,0,28,19,53,5809,15,13,0,6512,7200,80,255,1
1761463272.7082956,14516211168466667019,14028,0,28,19,53,5809,15,13,0,6511,7200,80,255,1
1761463274.2029316,14516211168466667019,14059,0,28,19,53,5809,15,13,0,6509,7200,80,255,1
1761463275.2074587,14516211168466667019,14079,0,28,19,53,5809,15,13,0,6508,7200,80,255,1
1761463276.706773,14516211168466667019,14110,0,28,19,53,5809,15,13,0,6507,7200,80,255,1
1761463278.1939337,14516211168466667019,14141,0,28,19,53,5809,15,13,0,6505,7200,80,255,1
1761463279.198497,14516211168466667019,14162,0,28,19,53,5809,15,13,0,6504,7200,80,255,1
1761463280.6955478,14516211168466667019,14193,0,28,19,53,5809,15,13,0,6503,7200,80,255,1
1761463281.709227,14516211168466667019,14214,0,28,19,53,5809,15,13,0,6502,7200,80,255,1
1761463283.2066288,14516211168466667019,14245,0,28,19,53,5809,15,13,0,6500,7200,80,255,1
1761463284.2085912,14516211168466667019,14265,0,28,19,53,5809,15,13,0,6499,7200,80,255,1
1761463285.7055545,14516211168466667019,14296,0,28,19,53,5809,15,13,0,6498,7200,80,255,1
1761463287.2064247,14516211168466667019,14326,0,28,19,53,5809,15,13,0,6496,7200,80,255,1
1761463288.7039666,14516211168466667019,14356,0,28,19,53,5809,15,13,0,6495,7200,80,255,1
1761463289.707526,14516211168466667019,14377,0,28,19,53,5809,15,13,0,6494,7200,80,255,1
1761463290.7077115,14516211168466667019,14397,0,28,19,53,5809,15,13,0,6493,7200,80,255,1
1761463292.2078955,14516211168466667019,14429,0,28,19,53,5809,15,13,0,6491,7200,80,255,1
1761463293.7050922,14516211168466667019,14460,0,28,19,53,5809,15,13,0,6490,7200,80,255,1
1761463295.1939096,14516211168466667019,14492,0,28,19,53,5809,15,13,0,6488,7200,80,255,1
1761463296.2098637,14516211168466667019,14513,0,28,19,53,5809,15,13,0,6487,7200,80,255,1
1761463297.7088916,14516211168466667019,14544,0,28,19,53,5809,15,13,0,6486,7200,80,255,1
1761463299.1943076,14516211168466667019,14574,0,28,19,53,5809,15,13,0,6484,7200,80,255,1
1761463300.2101865,14516211168466667019,14595,0,28,19,53,5809,15,13,0,6483,7200,80,255,1
1761463301.7016947,14516211168466667019,14625,0,28,19,53,5809,15,13,0,6482,7200,80,255,1
1761463303.20452,14516211168466667019,14657,0,28,19,53,5809,15,13,0,6480,7200,80,255,1
1761463304.6959262,14516211168466667019,14687,0,28,19,53,5809,15,13,0,6479,7200,80,255,1
1761463305.7032523,14516211168466667019,14707,0,28,19,53,5809,15,13,0,6478,7200,80,255,1
1761463307.2055478,14516211168466667019,14740,0,28,19,53,5809,15,13,0,6476,7200,80,255,1
1761463308.7075882,14516211168466667019,14770,0,28,19,53,5809,15,13,0,6475,7200,80,255,1
1761463310.197716,14516211168466667019,14800,0,28,19,53,5809,15,13,0,6473,7200,80,255,1
1761463311.2044072,14516211168466667019,14821,0,28,19,53,5809,15,13,0,6472,7200,80,255,1
1761463312.7073739,14516211168466667019,14852,0,28,19,53,5809,15,13,0,6471,7200,80,255,1
1761463314.198454,14516211168466667019,14882,0,28,19,53,5809,15,13,0,6469,7200,80,255,1
1761463315.201012,14516211168466667019,14902,0,28,19,53,5809,15,13,0,6468,7200,80,255,1
1761463316.204634,14516211168466667019,14922,0,28,19,53,5809,15,13,0,6467,7200,80,255,1
1761463317.7063262,14516211168466667019,14953,0,28,19,53,5809,15,13,0,6466,7200,80,255,1
1761463319.1964834,14516211168466667019,14983,0,28,19,53,5809,15,13,0,6464,7200,80,255,1
1761463320.2036448,14516211168466667019,15003,0,28,19,53,5809,15,13,0,6463,7200,80,255,1
1761463321.2081122,14516211168466667019,15023,0,28,19,53,5809,15,13,0,6462,7200,80,255,1
1761463322.6958492,14516211168466667019,15053,0,28,19,53,5809,15,13,0,6461,7200,80,255,1
1761463323.7021632,14516211168466667019,15074,0,28,19,53,5809,15,13,0,6460,7200,80,255,1
1761463325.2081802,14516211168466667019,15104,0,28,19,53,5809,15,13,0,6458,7200,80,255,1
1761463326.6952024,14516211168466667019,15136,0,28,19,53,5809,15,13,0,6457,7200,80,255,1
1761463327.7022185,14516211168466667019,15157,0,28,19,53,5809,15,13,0,6456,7200,80,255,1
1761463329.2097678,14516211168466667019,15190,0,28,19,53,5809,15,13,0,6454,7200,80,255,1
1761463330.6939583,14516211168466667019,15220,0,28,19,53,5809,15,13,0,6453,7200,80,255,1
1761463331.6997516,14516211168466667019,15241,0,28,19,53,5809,15,13,0,6452,7200,80,255,1
1761463332.7080815,14516211168466667019,15262,0,28,19,53,5809,15,13,0,6451,7200,80,255,1
1761463334.2027674,14516211168466667019,15293,0,28,19,53,5809,15,13,0,6449,7200,80,255,1
1761463335.20611,14516211168466667019,15314,0,28,19,53,5809,15,13,0,6448,7200,80,255,1
1761463336.692979,14516211168466667019,15345,0,28,19,53,5809,15,13,0,6447,7200,80,255,1
1761463337.701218,14516211168466667019,15367,0,28,19,53,5809,15,13,0,6446,7200,80,255,1
1761463338.7062283,14516211168466667019,15387,0,28,19,53,5809,15,13,0,6445,7200,80,255,1
1761463340.1973977,14516211168466667019,15418,0,28,19,53,5809,15,13,0,6443,7200,80,255,1
1761463341.2038605,14516211168466667019,15438,0,28,19,53,5809,15,13,0,6442,7200,80,255,1
1761463342.7080054,14516211168466667019,15468,0,28,19,53,5809,15,13,0,6441,7200,80,255,1
1761463344.1991942,14516211168466667019,15498,0,28,19,53,5809,15,13,0,6439,7200,80,255,1
1761463345.2049718,14516211168466667019,15518,0,28,19,53,5809,15,13,0,6438,7200,80,255,1
1761463346.7092023,14516211168466667019,15548,0,28,19,53,5809,15,13,0,6437,7200,80,255,1
1761463348.1942518,14516211168466667019,15580,0,28,19,53,5809,15,13,0,6435,7200,80,255,1
1761463349.2075791,14516211168466667019,15602,0,28,19,53,5809,15,13,0,6434,7200,80,255,1
1761463350.6965175,14516211168466667019,15633,0,28,19,53,5809,15,13,0,6433,7200,80,255,1
1761463351.6999416,14516211168466667019,15653,0,28,19,53,5809,15,13,0,6432,7200,80,255,1
1761463352.7011523,14516211168466667019,15673,0,28,19,53,5809,15,13,0,6431,7200,80,255,1
1761463353.704927,14516211168466667019,15693,0,28,19,53,5809,15,13,0,6430,7200,80,255,1
1761463355.1953971,14516211168466667019,15725,0,28,19,53,5809,15,13,0,6428,7200,80,255,1
1761463356.2001362,14516211168466667019,15745,0,28,19,53,5809,15,13,0,6427,7200,80,255,1
1761463357.2052944,14516211168466667019,15765,0,28,19,53,5809,15,13,0,6426,7200,80,255,1
1761463358.6946921,14516211168466667019,15796,0,28,19,53,5809,15,13,0,6425,7200,80,255,1
1761463359.6977699,14516211168466667019,15817,0,28,19,53,5809,15,13,0,6424,7200,80,255,1
1761463360.6999335,14516211168466667019,15838,0,28,19,53,5809,15,13,0,6423,7200,80,255,1
1761463361.705065,14516211168466667019,15858,0,28,19,53,5809,15,13,0,6422,7200,80,255,1
1761463362.7086792,14516211168466667019,15878,0,28,19,53,5809,15,13,0,6421,7200,80,255,1
1761463364.1963007,14516211168466667019,15909,0,28,19,53,5809,15,13,0,6419,7200,80,255,1
1761463365.6953983,14516211168466667019,15939,0,28,19,53,5809,15,13,0,6418,7200,80,255,1
1761463366.699971,14516211168466667019,15959,0,28,19,53,5809,15,13,0,6417,7200,80,255,1
1761463367.703115,14516211168466667019,15980,0,28,19,53,5809,15,13,0,6416,7200,80,255,1
1761463368.708417,14516211168466667019,16001,0,28,19,53,5809,15,13,0,6415,7200,80,255,1
1761463370.2086802,14516211168466667019,16031,0,28,19,53,5809,15,13,0,6413,7200,80,255,1
1761463371.6972916,14516211168466667019,16061,0,28,19,53,5809,15,13,0,6412,7200,80,255,1
1761463372.700105,14516211168466667019,16081,0,28,19,53,5809,15,13,0,6411,7200,80,255,1
1761463373.7017045,14516211168466667019,16103,0,28,19,53,5809,15,13,0,6410,7200,80,255,1
1761463374.7067578,14516211168466667019,16123,0,28,19,53,5809,15,13,0,6409,7200,80,255,1
1761463375.708835,14516211168466667019,16144,0,28,19,53,5809,15,13,0,6408,7200,80,255,1
1761463376.7099192,14516211168466667019,16164,0,28,19,53,5809,15,13,0,6407,7200,80,255,1
1761463378.196398,14516211168466667019,16195,0,28,19,53,5809,15,13,0,6405,7200,80,255,1
1761463379.1964114,14516211168466667019,16216,0,28,19,53,5809,15,13,0,6404,7200,80,255,1
1761463380.20389,14516211168466667019,16236,0,28,19,53,5809,15,13,0,6403,7200,80,255,1
1761463381.703174,14516211168466667019,16267,0,28,19,53,5809,15,13,0,6402,7200,80,255,1
1761463382.7041252,14516211168466667019,16288,0,28,19,53,5809,15,13,0,6401,7200,80,255,1
1761463383.7064161,14516211168466667019,16309,0,28,19,53,5809,15,13,0,6400,7200,80,255,1
1761463385.1963763,14516211168466667019,16339,0,28,19,53,5809,15,13,0,6398,7200,80,255,1
1761463386.1972055,14516211168466667019,16360,0,28,19,53,5809,15,13,0,6397,7200,80,255,1
1761463387.197615,14516211168466667019,16380,0,28,19,53,5809,15,13,0,6396,7200,80,255,1
1761463388.2010686,14516211168466667019,16400,0,28,19,53,5809,15,13,0,6395,7200,80,255,1
1761463389.2027082,14516211168466667019,16420,0,28,19,53,5809,15,13,0,6394,7200,80,255,1
1761463390.2075715,14516211168466667019,16440,0,28,19,53,5809,15,13,0,6393,7200,80,255,1
1761463391.208338,14516211168466667019,16460,0,28,19,53,5809,15,13,0,6392,7200,80,255,1
1761463392.708045,14516211168466667019,16490,0,28,19,53,5809,15,13,0,6391,7200,80,255,1
1761463394.2087216,14516211168466667019,16522,0,28,19,53,5809,15,13,0,6389,7200,80,255,1
1761463395.694341,14516211168466667019,16552,0,28,19,53,5809,15,13,0,6388,7200,80,255,1
1761463396.694524,14516211168466667019,16572,0,28,19,53,5809,15,13,0,6387,7200,80,255,1
1761463397.7010205,14516211168466667019,16593,0,28,19,53,5809,15,13,0,6386,7200,80,255,1
1761463398.7051136,14516211168466667019,16614,0,28,19,53,5809,15,13,0,6385,7200,80,255,1
1761463400.1976888,14516211168466667019,16644,0,28,19,53,5809,15,13,0,6383,7200,80,255,1
1761463401.2049227,14516211168466667019,16665,0,28,19,53,5809,15,13,0,6382,7200,80,255,1
1761463402.7108126,14516211168466667019,16696,0,28,19,53,5809,15,13,0,6381,7200,80,255,1
1761463404.1957936,14516211168466667019,16726,0,28,19,53,5809,15,13,0,6379,7200,80,255,1
1761463405.2098794,14516211168466667019,16746,0,28,19,53,5809,15,13,0,6378,7200,80,255,1
1761463406.7000732,14516211168466667019,16777,0,28,19,53,5809,15,13,0,6377,7200,80,255,1
1761463407.7042396,14516211168466667019,16797,0,28,19,53,5809,15,13,0,6376,7200,80,255,1
1761463408.704279,14516211168466667019,16819,0,28,19,53,5809,15,13,0,6375,7200,80,255,1
1761463409.7071698,14516211168466667019,16840,0,28,19,53,5809,15,13,0,6374,7200,80,255,1
1761463411.194933,14516211168466667019,16871,0,28,19,53,5809,15,13,0,6372,7200,80,255,1
1761463412.1974506,14516211168466667019,16892,0,28,19,53,5809,15,13,0,6371,7200,80,255,1
1761463413.2013001,14516211168466667019,16914,0,28,19,53,5809,15,13,0,6370,7200,80,255,1
1761463414.7063031,14516211168466667019,16945,0,28,19,53,5809,15,13,0,6369,7200,80,255,1
1761463415.7075953,14516211168466667019,16966,0,28,19,53,5809,15,13,0,6368,7200,80,255,1
1761463417.1931124,14516211168466667019,16997,0,28,19,53,5809,15,13,0,6366,7200,80,255,1
1761463418.1934788,14516211168466667019,17020,0,28,19,53,5809,15,13,0,6365,7200,80,255,1
1761463419.1984937,14516211168466667019,17041,0,28,19,53,5809,15,13,0,6364,7200,80,255,1
1761463420.2027562,14516211168466667019,17061,0,28,19,53,5809,15,13,0,6363,7200,80,255,1
1761463421.2066164,14516211168466667019,17081,0,28,19,53,5809,15,13,0,6362,7200,80,255,1
1761463422.2081735,14516211168466667019,17102,0,28,19,53,5809,15,13,0,6361,7200,80,255,1
1761463423.697312,14516211168466667019,17132,0,28,19,53,5809,15,13,0,6360,7200,80,255,1
1761463424.7027056,14516211168466667019,17154,0,28,19,53,5809,15,13,0,6359,7200,80,255,1
1761463425.707164,14516211168466667019,17176,0,28,19,53,5809,15,13,0,6358,7200,80,255,1
1761463427.2001195,14516211168466667019,17207,0,28,19,53,5809,15,13,0,6356,7200,80,255,1
1761463428.201683,14516211168466667019,17228,0,28,19,53,5809,15,13,0,6355,7200,80,255,1
1761463429.2028322,14516211168466667019,17248,0,28,19,53,5809,15,13,0,6354,7200,80,255,1
1761463430.6999152,14516211168466667019,17279,0,28,19,53,5809,15,13,0,6353,7200,80,255,1
1761463431.7085712,14516211168466667019,17299,0,28,19,53,5809,15,13,0,6352,7200,80,255,1
1761463433.196478,14516211168466667019,17331,0,28,19,53,5809,15,13,0,6350,7200,80,255,1
1761463434.2019868,14516211168466667019,17353,0,28,19,53,5809,15,13,0,6349,7200,80,255,1
1761463435.6959264,14516211168466667019,17385,0,28,19,53,5809,15,13,0,6348,7200,80,255,1
1761463436.703962,14516211168466667019,17406,0,28,19,53,5809,15,13,0,6347,7200,80,255,1
1761463438.194186,14516211168466667019,17438,0,28,19,53,5809,15,13,0,6345,7200,80,255,1
1761463439.200612,14516211168466667019,17459,0,28,19,53,5809,15,13,0,6344,7200,80,255,1
1761463440.7082968,14516211168466667019,17489,0,28,19,53,5809,15,13,0,6343,7200,80,255,1
1761463442.2000318,14516211168466667019,17520,0,28,19,53,5809,15,13,0,6341,7200,80,255,1
1761463443.2085173,14516211168466667019,17540,0,28,19,53,5809,15,13,0,6340,7200,80,255,1
1761463444.704118,14516211168466667019,17571,0,28,19,53,5809,15,13,0,6339,7200,80,255,1
1761463446.1971767,14516211168466667019,17602,0,28,19,53,5809,15,13,0,6337,7200,80,255,1
1761463447.2076576,14516211168466667019,17623,0,28,19,53,5809,15,13,0,6336,7200,80,255,1
1761463448.6985989,14516211168466667019,17655,0,28,19,53,5809,15,13,0,6335,7200,80,255,1
1761463449.7020085,14516211168466667019,17676,0,28,19,53,5809,15,13,0,6334,7200,80,255,1
1761463450.7029257,14516211168466667019,17696,0,28,19,53,5809,15,13,0,6333,7200,80,255,1
1761463451.7066016,14516211168466667019,17717,0,28,19,53,5809,15,13,0,6332,7200,80,255,1
1761463453.199613,14516211168466667019,17749,0,28,19,53,5809,15,13,0,6330,7200,80,255,1
1761463454.2031994,14516211168466667019,17770,0,28,19,53,5809,15,13,0,6329,7200,80,255,1
1761463455.696823,14516211168466667019,17802,0,28,19,53,5809,15,13,0,6328,7200,80,255,1
1761463456.702125,14516211168466667019,17823,0,28,19,53,5809,15,13,0,6327,7200,80,255,1
1761463457.7039587,14516211168466667019,17844,0,28,19,53,5809,15,13,0,6326,7200,80,255,1
1761463459.1989074,14516211168466667019,17874,0,28,19,53,5809,15,13,0,6324,7200,80,255,1
1761463460.2052665,14516211168466667019,17894,0,28,19,53,5809,15,13,0,6323,7200,80,255,1
1761463461.6972253,14516211168466667019,17925,0,28,19,53,5809,15,13,0,6322,7200,80,255,1
1761463462.7027497,14516211168466667019,17945,0,28,19,53,5809,15,13,0,6321,7200,80,255,1
1761463463.7048838,14516211168466667019,17965,0,28,19,53,5809,15,13,0,6320,7200,80,255,1
1761463465.1964228,14516211168466667019,17997,0,28,19,53,5809,15,13,0,6318,7200,80,255,1
1761463466.2049363,14516211168466667019,18018,0,28,19,53,5809,15,13,0,6317,7200,80,255,1
1761463467.6960514,14516211168466667019,18048,0,28,19,53,5809,15,13,0,6316,7200,80,255,1
1761463468.7001538,14516211168466667019,18068,0,28,19,53,5809,15,13,0,6315,7200,80,255,1
1761463469.706566,14516211168466667019,18089,0,28,19,53,5809,15,13,0,6314,7200,80,255,1
1761463471.1952965,14516211168466667019,18121,0,28,19,53,5809,15,13,0,6312,7200,80,255,1
1761463472.1971722,14516211168466667019,18141,0,28,19,53,5809,15,13,0,6311,7200,80,255,1
1761463473.2015233,14516211168466667019,18161,0,28,19,53,5809,15,13,0,6310,7200,80,255,1
1761463474.7079103,14516211168466667019,18191,0,28,19,53,5809,15,13,0,6309,7200,80,255,1
1761463476.208698,14516211168466667019,18223,0,28,19,53,5809,15,13,0,6307,7200,80,255,1
1761463477.2096293,14516211168466667019,18244,0,28,19,53,5809,15,13,0,6306,7200,80,255,1
1761463478.6942832,14516211168466667019,18275,0,28,19,53,5809,15,13,0,6305,7200,80,255,1
1761463479.697479,14516211168466667019,18297,0,28,19,53,5809,15,13,0,6304,7200,80,255,1
1761463480.7069852,14516211168466667019,18318,0,28,19,53,5809,15,13,0,6303,7200,80,255,1
1761463482.2076855,14516211168466667019,18348,0,28,19,53,5809,15,13,0,6301,7200,80,255,1
1761463483.701939,14516211168466667019,18379,0,28,19,53,5809,15,13,0,6300,7200,80,255,1
1761463485.2077775,14516211168466667019,18411,0,28,19,53,5809,15,13,0,6298,7200,80,255,1
1761463486.6964195,14516211168466667019,18441,0,28,19,53,5809,15,13,0,6297,7200,80,255,1
1761463487.7048311,14516211168466667019,18461,0,28,19,53,5809,15,13,0,6296,7200,80,255,1
1761463489.2069263,14516211168466667019,18494,0,28,19,53,5809,15,13,0,6294,7200,80,255,1
1761463490.7002752,14516211168466667019,18524,0,28,19,53,5809,15,13,0,6293,7200,80,255,1
1761463491.7041392,14516211168466667019,18545,0,28,19,53,5809,15,13,0,6292,7200,80,255,1
1761463493.208138,14516211168466667019,18576,0,28,19,53,5809,15,13,0,6290,7200,80,255,1
1761463494.6962028,14516211168466667019,18607,0,28,19,53,5809,15,13,0,6289,7200,80,255,1
1761463495.702814,14516211168466667019,18627,0,28,19,53,5809,15,13,0,6288,7200,80,255,1
1761463496.707244,14516211168466667019,18648,0,28,19,53,5809,15,13,0,6287,7200,80,255,1
1761463498.1965082,14516211168466667019,18678,0,28,19,53,5809,15,13,0,6285,7200,80,255,1
1761463499.2007327,14516211168466667019,18698,0,28,19,53,5809,15,13,0,6284,7200,80,255,1
1761463500.7062778,14516211168466667019,18729,0,28,19,53,5809,15,13,0,6283,7200,80,255,1
1761463502.2078571,14516211168466667019,18759,0,28,19,53,5809,15,13,0,6281,7200,80,255,1
1761463503.694175,14516211168466667019,18789,0,28,19,53,5809,15,13,0,6280,7200,80,255,1
1761463504.6951058,14516211168466667019,18811,0,28,19,53,5809,15,13,0,6279,7200,80,255,1
1761463505.698422,14516211168466667019,18833,0,28,19,53,5809,15,13,0,6278,7200,80,255,1
1761463506.7052612,14516211168466667019,18854,0,28,19,53,5809,15,13,0,6277,7200,80,255,1
1761463508.2074244,14516211168466667019,18884,0,28,19,53,5809,15,13,0,6275,7200,80,255,1
1761463509.7036152,14516211168466667019,18917,0,28,19,53,5809,15,13,0,6274,7200,80,255,1
1761463510.7075334,14516211168466667019,18938,0,28,19,53,5809,15,13,0,6273,7200,80,255,1
1761463512.1952043,14516211168466667019,18968,0,28,19,53,5809,15,13,0,6271,7200,80,255,1
1761463513.2018144,14516211168466667019,18989,0,28,19,53,5809,15,13,0,6270,7200,80,255,1
1761463514.7161818,14516211168466667019,19020,0,28,19,53,5809,15,13,0,6269,7200,80,255,1
1761463516.1953156,14516211168466667019,19052,0,28,19,53,5809,15,13,0,6267,7200,80,255,1
1761463517.204823,14516211168466667019,19073,0,28,19,53,5809,15,13,0,6266,7200,80,255,1
1761463518.7073092,14516211168466667019,19104,0,28,19,53,5809,15,13,0,6265,7200,80,255,1
1761463519.707462,14516211168466667019,19125,0,28,19,53,5809,15,13,0,6264,7200,80,255,1
1761463521.1995194,14516211168466667019,19157,0,28,19,53,5809,15,13,0,6262,7200,80,255,1
1761463522.6950035,14516211168466667019,19188,0,28,19,53,5809,15,13,0,6261,7200,80,255,1
1761463524.2083716,14516211168466667019,19220,0,28,19,53,5809,15,13,0,6259,7200,80,255,1
1761463525.707634,14516211168466667019,19251,0,28,19,53,5809,15,13,0,6258,7200,80,255,1
1761463527.202963,14516211168466667019,19283,0,28,19,53,5809,15,13,0,6256,7200,80,255,1
1761463528.699947,14516211168466667019,19313,0,28,19,53,5809,15,13,0,6255,7200,80,255,1
1761463530.197157,14516211168466667019,19344,0,28,19,53,5809,15,13,0,6253,7200,80,255,1
1761463531.1971989,14516211168466667019,19366,0,28,19,53,5809,15,13,0,6252,7200,80,255,1
1761463532.1978383,14516211168466667019,19386,0,28,19,53,5809,15,13,0,6251,7200,80,255,1
1761463533.6947494,14516211168466667019,19418,0,28,19,53,5809,15,13,0,6250,7200,80,255,1
1761463534.6949317,14516211168466667019,19440,0,28,19,53,5809,15,13,0,6249,7200,80,255,1
1761463535.6970408,14516211168466667019,19461,0,28,19,53,5809,15,13,0,6248,7200,80,255,1
1761463537.1975102,14516211168466667019,19492,0,28,19,53,5809,15,13,0,6246,7200,80,255,1
1761463538.6978707,14516211168466667019,19522,0,28,19,53,5809,15,13,0,6245,7200,80,255,1
1761463539.6997018,14516211168466667019,19542,0,28,19,53,5809,15,13,0,6244,7200,80,255,1
1761463540.700967,14516211168466667019,19562,0,28,19,53,5809,15,13,0,6243,7200,80,255,1
1761463541.7010694,14516211168466667019,19583,0,28,19,53,5809,15,13,0,6242,7200,80,255,1
1761463543.198545,14516211168466667019,19615,0,28,19,53,5809,15,13,0,6240,7200,80,255,1
1761463544.696061,14516211168466667019,19646,0,28,19,53,5809,15,13,0,6239,7200,80,255,1
1761463545.6980934,14516211168466667019,19667,0,28,19,53,5809,15,13,0,6238,7200,80,255,1
1761463547.1981642,14516211168466667019,19699,0,28,19,53,5809,15,13,0,6236,7200,80,255,1
1761463548.6961513,14516211168466667019,19729,0,28,19,53,5809,15,13,0,6235,7200,80,255,1
1761463549.7080212,14516211168466667019,19750,0,28,19,53,5809,15,13,0,6234,7200,80,255,1
1761463551.1952581,14516211168466667019,19780,0,28,19,53,5809,15,13,0,6232,7200,80,255,1
1761463552.2081823,14516211168466667019,19801,0,28,19,53,5809,15,13,0,6231,7200,80,255,1
1761463553.709806,14516211168466667019,19832,0,28,19,53,5809,15,13,0,6230,7200,80,255,1
1761463555.1972198,14516211168466667019,19864,0,28,19,53,5809,15,13,0,6228,7200,80,255,1
1761463556.6980734,14516211168466667019,19896,0,28,19,53,5809,15,13,0,6227,7200,80,255,1
1761463558.1984634,14516211168466667019,19926,0,28,19,53,5809,15,13,0,6225,7200,80,255,1
1761463559.6936326,14516211168466667019,19957,0,28,19,53,5809,15,13,0,6224,7200,80,255,1
1761463560.697523,14516211168466667019,19978,0,28,19,53,5809,15,13,0,6223,7200,80,255,1
1761463562.1964586,14516211168466667019,20008,0,28,19,53,5809,15,13,0,6221,7200,80,255,1
1761463563.2008054,14516211168466667019,20028,0,28,19,53,5809,15,13,0,6220,7200,80,255,1
1761463564.6996644,14516211168466667019,20060,0,28,19,53,5809,15,13,0,6219,7200,80,255,1
1761463565.702733,14516211168466667019,20080,0,28,19,53,5809,15,13,0,6218,7200,80,255,1
1761463567.1999245,14516211168466667019,20110,0,28,19,53,5809,15,13,0,6216,7200,80,255,1
1761463568.6978688,14516211168466667019,20141,0,28,19,53,5809,15,13,0,6215,7200,80,255,1
1761463569.7094948,14516211168466667019,20161,0,28,19,53,5809,15,13,0,6214,7200,80,255,1
1761463571.1951606,14516211168466667019,20191,0,28,19,53,5809,15,13,0,6212,7200,80,255,1
1761463572.7069468,14516211168466667019,20224,0,28,19,53,5809,15,13,0,6211,7200,80,255,1
1761463574.2040684,14516211168466667019,20254,0,28,19,53,5809,15,13,0,6209,7200,80,255,1
1761463575.2042003,14516211168466667019,20275,0,28,19,53,5809,15,13,0,6208,7200,80,255,1
1761463576.699824,14516211168466667019,20305,0,28,19,53,5809,15,13,0,6207,7200,80,255,1
1761463578.1946223,14516211168466667019,20336,0,28,19,53,5809,15,13,0,6205,7200,80,255,1
1761463579.7098029,14516211168466667019,20368,0,28,19,53,5809,15,13,0,6204,7200,80,255,1
1761463581.193635,14516211168466667019,20401,0,28,19,53,5809,15,13,0,6202,7200,80,255,1
1761463582.2071605,14516211168466667019,20422,0,28,19,53,5809,15,13,0,6201,7200,80,255,1
1761463583.2080688,14516211168466667019,20442,0,28,19,53,5809,15,13,0,6200,7200,80,255,1
1761463584.7025712,14516211168466667019,20474,0,28,19,53,5809,15,13,0,6199,7200,80,255,1
1761463585.7028918,14516211168466667019,20494,0,28,19,53,5809,15,13,0,6198,7200,80,255,1
1761463587.2033935,14516211168466667019,20525,0,28,19,53,5809,15,13,0,6196,7200,80,255,1
1761463588.6966295,14516211168466667019,20556,0,28,19,53,5809,15,13,0,6195,7200,80,255,1
1761463589.6979291,14516211168466667019,20577,0,28,19,53,5809,15,13,0,6194,7200,80,255,1
1761463590.6995382,14516211168466667019,20597,0,28,19,53,5809,15,13,0,6193,7200,80,255,1
1761463592.2085927,14516211168466667019,20629,0,28,19,53,5809,15,13,0,6191,7200,80,255,1
1761463593.7038066,14516211168466667019,20660,0,28,19,53,5809,15,13,0,6190,7200,80,255,1
1761463595.199432,14516211168466667019,20690,0,28,19,53,5809,15,13,0,6188,7200,80,255,1
1761463596.6955771,14516211168466667019,20721,0,28,19,53,5809,15,13,0,6187,7200,80,255,1
1761463597.7082899,14516211168466667019,20741,0,28,19,53,5809,15,13,0,6186,7200,80,255,1
1761463599.2017117,14516211168466667019,20771,0,28,19,53,5809,15,13,0,6184,7200,80,255,1
1761463600.2036965,14516211168466667019,20792,0,28,19,53,5809,15,13,0,6183,7200,80,255,1
1761463601.6965578,14516211168466667019,20823,0,28,19,53,5809,15,13,0,6182,7200,80,255,1
1761463602.709826,14516211168466667019,20843,0,28,19,53,5809,15,13,0,6181,7200,80,255,1
1761463604.203775,14516211168466667019,20876,0,28,19,53,5809,15,13,0,6179,7200,80,255,1
1761463605.2080226,14516211168466667019,20896,0,28,19,53,5809,15,13,0,6178,7200,80,255,1
1761463606.7013514,14516211168466667019,20929,0,28,19,53,5809,15,13,0,6177,7200,80,255,1
1761463608.195348,14516211168466667019,20960,0,28,19,53,5809,15,13,0,6175,7200,80,255,1
1761463609.6940844,14516211168466667019,20992,0,28,19,53,5809,15,13,0,6174,7200,80,255,1
1761463610.6948626,14516211168466667019,21015,0,28,19,53,5809,15,13,0,6173,7200,80,255,1
1761463611.7059555,14516211168466667019,21037,0,28,19,53,5809,15,13,0,6172,7200,80,255,1
1761463613.2023838,14516211168466667019,21068,0,28,19,53,5809,15,13,0,6170,7200,80,255,1
1761463614.6961863,14516211168466667019,21100,0,28,19,53,5809,15,13,0,6169,7200,80,255,1
1761463616.1944196,14516211168466667019,21133,0,28,19,53,5809,15,13,0,6167,7200,80,255,1
1761463617.2067554,14516211168466667019,21156,0,28,19,53,5809,15,13,0,6166,7200,80,255,1
1761463618.7017293,14516211168466667019,21186,0,28,19,53,5809,15,13,0,6165,7200,80,255,1
1761463620.2017698,14516211168466667019,21218,0,28,19,53,5809,15,13,0,6163,7200,80,255,1
1761463621.6957412,14516211168466667019,21249,0,28,19,53,5809,15,13,0,6162,7200,80,255,1
1761463622.707411,14516211168466667019,21269,0,28,19,53,5809,15,13,0,6161,7200,80,255,1
1761463624.2039008,14516211168466667019,21300,0,28,19,53,5809,15,13,0,6159,7200,80,255,1
1761463625.7050261,14516211168466667019,21331,0,28,19,53,5809,15,13,0,6158,7200,80,255,1
1761463627.2016838,14516211168466667019,21362,0,28,19,53,5809,15,13,0,6156,7200,80,255,1
1761463628.2024968,14516211168466667019,21384,0,28,19,53,5809,15,13,0,6155,7200,80,255,1
1761463629.701674,14516211168466667019,21414,0,28,19,53,5809,15,13,0,6154,7200,80,255,1
1761463630.7061522,14516211168466667019,21434,0,28,19,53,5809,15,13,0,6153,7200,80,255,1
1761463632.2008061,14516211168466667019,21466,0,28,19,53,5809,15,13,0,6151,7200,80,255,1
1761463633.2057498,14516211168466667019,21488,0,28,19,53,5809,15,13,0,6150,7200,80,255,1
1761463634.2071764,14516211168466667019,21508,0,28,19,53,5809,15,13,0,6149,7200,80,255,1
1761463635.702606,14516211168466667019,21538,0,28,19,53,5809,15,13,0,6148,7200,80,255,1
1761463637.1981895,14516211168466667019,21570,0,28,19,53,5809,15,13,0,6146,7200,80,255,1
1761463638.2008927,14516211168466667019,21591,0,28,19,53,5809,15,13,0,6145,7200,80,255,1
1761463639.6966808,14516211168466667019,21622,0,28,19,53,5809,15,13,0,6144,7200,80,255,1
1761463640.7017784,14516211168466667019,21642,0,28,19,53,5809,15,13,0,6143,7200,80,255,1
1761463642.2023294,14516211168466667019,21672,0,28,19,53,5809,15,13,0,6141,7200,80,255,1
1761463643.2071183,14516211168466667019,21694,0,28,19,53,5809,15,13,0,6140,7200,80,255,1
1761463644.2083101,14516211168466667019,21714,0,28,19,53,5809,15,13,0,6139,7200,80,255,1
1761463645.6979976,14516211168466667019,21744,0,28,19,53,5809,15,13,0,6138,7200,80,255,1
1761463646.699653,14516211168466667019,21765,0,28,19,53,5809,15,13,0,6137,7200,80,255,1
1761463647.704723,14516211168466667019,21785,0,28,19,53,5809,15,13,0,6136,7200,80,255,1
1761463649.207209,14516211168466667019,21816,0,28,19,53,5809,15,13,0,6134,7200,80,255,1
1761463650.7008314,14516211168466667019,21846,0,28,19,53,5809,15,13,0,6133,7200,80,255,1
1761463652.204207,14516211168466667019,21877,0,28,19,53,5809,15,13,0,6131,7200,80,255,1
1761463653.7048256,14516211168466667019,21908,0,28,19,53,5809,15,13,0,6130,7200,80,255,1
1761463654.7063603,14516211168466667019,21929,0,28,19,53,5809,15,13,0,6129,7200,80,255,1
1761463656.1997206,14516211168466667019,21959,0,28,19,53,5809,15,13,0,6127,7200,80,255,1
1761463657.20256,14516211168466667019,21980,0,28,19,53,5809,15,13,0,6126,7200,80,255,1
1761463658.204793,14516211168466667019,22001,0,28,19,53,5809,15,13,0,6125,7200,80,255,1
1761463659.2061746,14516211168466667019,22022,0,28,19,53,5809,15,13,0,6124,7200,80,255,1
1761463660.6984837,14516211168466667019,22053,0,28,19,53,5809,15,13,0,6123,7200,80,255,1
1761463661.700956,14516211168466667019,22073,0,28,19,53,5809,15,13,0,6122,7200,80,255,1
1761463663.1974244,14516211168466667019,22105,0,28,19,53,5809,15,13,0,6120,7200,80,255,1
1761463664.1980684,14516211168466667019,22127,0,28,19,53,5809,15,13,0,6119,7200,80,255,1
1761463665.202358,14516211168466667019,22147,0,28,19,53,5809,15,13,0,6118,7200,80,255,1
1761463666.7016354,14516211168466667019,22179,0,28,19,53,5809,15,13,0,6117,7200,80,255,1
1761463668.1996362,14516211168466667019,22211,0,28,19,53,5809,15,13,0,6115,7200,80,255,1
1761463669.6973665,14516211168466667019,22242,0,28,19,53,5809,15,13,0,6114,7200,80,255,1
1761463670.701126,14516211168466667019,22264,0,28,19,53,5809,15,13,0,6113,7200,80,255,1
1761463672.2006228,14516211168466667019,22295,0,28,19,53,5809,15,13,0,6111,7200,80,255,1
1761463673.202593,14516211168466667019,22315,0,28,19,53,5809,15,13,0,6110,7200,80,255,1
1761463674.69962,14516211168466667019,22345,0,28,19,53,5809,15,13,0,6109,7200,80,255,1
1761463675.7009158,14516211168466667019,22366,0,28,19,53,5809,15,13,0,6108,7200,80,255,1
1761463677.1964316,14516211168466667019,22397,0,28,19,53,5809,15,13,0,6106,7200,80,255,1
1761463678.2079952,14516211168466667019,22418,0,28,19,53,5809,15,13,0,6105,7200,80,255,1
1761463679.2095406,14516211168466667019,22440,0,28,19,53,5809,15,13,0,6104,7200,80,255,1
1761463680.6947865,14516211168466667019,22471,0,28,19,53,5809,15,13,0,6103,7200,80,255,1
1761463681.7061148,14516211168466667019,22494,0,28,19,53,5809,15,13,0,6102,7200,80,255,1
1761463683.1980057,14516211168466667019,22525,0,28,19,53,5809,15,13,0,6100,7200,80,255,1
1761463684.6938052,14516211168466667019,22556,0,28,19,53,5809,15,13,0,6099,7200,80,255,1
1761463685.6949954,14516211168466667019,22577,0,28,19,53,5809,15,13,0,6098,7200,80,255,1
1761463687.2080562,14516211168466667019,22608,0,28,19,53,5809,15,13,0,6096,7200,80,255,1
1761463688.7076113,14516211168466667019,22639,0,28,19,53,5809,15,13,0,6095,7200,80,255,1
1761463690.2072413,14516211168466667019,22670,0,28,19,53,5809,15,13,0,6093,7200,80,255,1
1761463691.7027717,14516211168466667019,22701,0,28,19,53,5809,15,13,0,6092,7200,80,255,1
1761463693.1970103,14516211168466667019,22731,0,28,19,53,5809,15,13,0,6090,7200,80,255,1
1761463694.7080543,14516211168466667019,22762,0,28,19,53,5809,15,13,0,6089,7200,80,255,1
1761463696.2072494,14516211168466667019,22793,0,28,19,53,5809,15,13,0,6087,7200,80,255,1
1761463697.7060127,14516211168466667019,22825,0,28,19,53,5809,15,13,0,6086,7200,80,255,1
1761463699.2025466,14516211168466667019,22855,0,28,19,53,5809,15,13,0,6084,7200,80,255,1
1761463700.2045693,14516211168466667019,22876,0,28,19,53,5809,15,13,0,6083,7200,80,255,1
1761463701.6980624,14516211168466667019,22908,0,28,19,53,5809,15,13,0,6082,7200,80,255,1
1761463703.1970677,14516211168466667019,22939,0,28,19,53,5809,15,13,0,6080,7200,80,255,1
1761463704.6960683,14516211168466667019,22969,0,28,19,53,5809,15,13,0,6079,7200,80,255,1
1761463705.6980605,14516211168466667019,22990,0,28,19,53,5809,15,13,0,6078,7200,80,255,1
1761463707.194399,14516211168466667019,23021,0,28,19,53,5809,15,13,0,6076,7200,80,255,1
1761463708.6936383,14516211168466667019,23053,0,28,19,53,5809,15,13,0,6075,7200,80,255,1
1761463709.7074633,14516211168466667019,23075,0,28,19,53,5809,15,13,0,6074,7200,80,255,1
1761463710.7093601,14516211168466667019,23096,0,28,19,53,5809,15,13,0,6073,7200,80,255,1
1761463712.2049654,14516211168466667019,23127,0,28,19,53,5809,15,13,0,6071,7200,80,255,1
1761463713.6981254,14516211168466667019,23157,0,28,19,53,5809,15,13,0,6070,7200,80,255,1
1761463715.1994362,14516211168466667019,23188,0,28,19,53,5809,15,13,0,6068,7200,80,255,1
1761463716.6959639,14516211168466667019,23218,0,28,19,53,5809,15,13,0,6067,7200,80,255,1
1761463718.2094438,14516211168466667019,23250,0,28,19,53,5809,15,13,0,6065,7200,80,255,1
1761463719.7062252,14516211168466667019,23281,0,28,19,53,5809,15,13,0,6064,7200,80,255,1
1761463720.708276,14516211168466667019,23302,0,28,19,53,5809,15,13,0,6063,7200,80,255,1
1761463722.20977,14516211168466667019,23333,0,28,19,53,5809,15,13,0,6061,7200,80,255,1
1761463723.7085693,14516211168466667019,23363,0,28,19,53,5809,15,13,0,6060,7200,80,255,1
1761463724.7101288,14516211168466667019,23384,0,28,19,53,5809,15,13,0,6059,7200,80,255,1
1761463726.1945314,14516211168466667019,23414,0,28,19,53,5809,15,13,0,6057,7200,80,255,1
1761463727.2107244,14516211168466667019,23435,0,28,19,53,5809,15,13,0,6056,7200,80,255,1
1761463728.6994,14516211168466667019,23465,0,28,19,53,5809,15,13,0,6055,7200,80,255,1
1761463729.7008104,14516211168466667019,23485,0,28,19,53,5809,15,13,0,6054,7200,80,255,1
1761463730.7033515,14516211168466667019,23506,0,28,19,53,5809,15,13,0,6053,7200,80,255,1
1761463732.2037754,14516211168466667019,23537,0,28,19,53,5809,15,13,0,6051,7200,80,255,1
1761463733.2047648,14516211168466667019,23558,0,28,19,53,5809,15,13,0,6050,7200,80,255,1
1761463734.2049587,14516211168466667019,23578,0,28,19,53,5809,15,13,0,6049,7200,80,255,1
1761463735.6939268,14516211168466667019,23610,0,28,19,53,5809,15,13,0,6048,7200,80,255,1
1761463737.210725,14516211168466667019,23643,0,28,19,53,5809,15,13,0,6046,7200,80,255,1
1761463738.6999772,14516211168466667019,23674,0,28,19,53,5809,15,13,0,6045,7200,80,255,1
1761463739.7046843,14516211168466667019,23695,0,28,19,53,5809,15,13,0,6044,7200,80,255,1
1761463741.1969135,14516211168466667019,23726,0,28,19,53,5809,15,13,0,6042,7200,80,255,1
1761463742.1996596,14516211168466667019,23746,0,28,19,53,5809,15,13,0,6041,7200,80,255,1
1761463743.6997623,14516211168466667019,23777,0,28,19,53,5809,15,13,0,6040,7200,80,255,1
1761463744.7018824,14516211168466667019,23798,0,28,19,53,5809,15,13,0,6039,7200,80,255,1
1761463745.7054791,14516211168466667019,23818,0,28,19,53,5809,15,13,0,6038,7200,80,255,1
1761463747.2004254,14516211168466667019,23849,0,28,19,53,5809,15,13,0,6036,7200,80,255,1
1761463748.2018218,14516211168466667019,23869,0,28,19,53,5809,15,13,0,6035,7200,80,255,1
1761463749.7005045,14516211168466667019,23901,0,28,19,53,5809,15,13,0,6034,7200,80,255,1
1761463750.7036085,14516211168466667019,23923,0,28,19,53,5809,15,13,0,6033,7200,80,255,1
1761463751.705559,14516211168466667019,23945,0,28,19,53,5809,15,13,0,6032,7200,80,255,1
1761463752.705952,14516211168466667019,23966,0,28,19,53,5809,15,13,0,6031,7200,80,255,1
1761463753.70733,14516211168466667019,23987,0,28,19,53,5809,15,13,0,6030,7200,80,255,1
1761463755.1938,14516211168466667019,24018,0,28,19,53,5809,15,13,0,6028,7200,80,255,1
1761463756.1992338,14516211168466667019,24040,0,28,19,53,5809,15,13,0,6027,7200,80,255,1
1761463757.2005904,14516211168466667019,24061,0,28,19,53,5809,15,13,0,6026,7200,80,255,1
1761463758.2025447,14516211168466667019,24081,0,28,19,53,5809,15,13,0,6025,7200,80,255,1
1761463759.7015018,14516211168466667019,24113,0,28,19,53,5809,15,13,0,6024,7200,80,255,1
1761463760.7059774,14516211168466667019,24135,0,28,19,53,5809,15,13,0,6023,7200,80,255,1
1761463762.204841,14516211168466667019,24167,0,28,19,53,5809,15,13,0,6021,7200,80,255,1
1761463763.2051811,14516211168466667019,24188,0,28,19,53,5809,15,13,0,6020,7200,80,255,1
1761463764.7003512,14516211168466667019,24219,0,28,19,53,5809,15,13,0,6019,7200,80,255,1
1761463766.199423,14516211168466667019,24251,0,28,19,53,5809,15,13,0,6017,7200,80,255,1
1761463767.6947157,14516211168466667019,24283,0,28,19,53,5809,15,13,0,6016,7200,80,255,1
1761463769.2092433,14516211168466667019,24317,0,28,19,53,5809,15,13,0,6014,7200,80,255,1
1761463770.6945043,14516211168466667019,24350,0,28,19,53,5809,15,13,0,6013,7200,80,255,1
1761463771.7083035,14516211168466667019,24371,0,28,19,53,5809,15,13,0,6012,7200,80,255,1
1761463773.2072105,14516211168466667019,24401,0,28,19,53,5809,15,13,0,6010,7200,80,255,1
1761463774.70251,14516211168466667019,24432,0,28,19,53,5809,15,13,0,6009,7200,80,255,1
1761463775.7076507,14516211168466667019,24453,0,28,19,53,5809,15,13,0,6008,7200,80,255,1
1761463777.2062387,14516211168466667019,24484,0,28,19,53,5809,15,13,0,6006,7200,80,255,1
1761463778.7044373,14516211168466667019,24515,0,28,19,53,5809,15,13,0,6005,7200,80,255,1
1761463780.1984804,14516211168466667019,24546,0,28,19,53,5809,15,13,0,6003,7200,80,255,1
1761463781.1991673,14516211168466667019,24567,0,28,19,53,5809,15,13,0,6002,7200,80,255,1
1761463782.697141,14516211168466667019,24598,0,28,19,53,5809,15,13,0,6001,7200,80,255,1
1761463784.2091231,14516211168466667019,24629,0,28,19,53,5809,15,13,0,5999,7200,80,255,1
1761463785.6936476,14516211168466667019,24660,0,28,19,53,5809,15,13,0,5998,7200,80,255,1
1761463786.7080271,14516211168466667019,24681,0,28,19,53,5809,15,13,0,5997,7200,80,255,1
1761463788.206185,14516211168466667019,24713,0,28,19,53,5809,15,13,0,5995,7200,80,255,1
1761463789.6957963,14516211168466667019,24744,0,28,19,53,5809,15,13,0,5994,7200,80,255,1
1761463790.7035856,14516211168466667019,24767,0,28,19,53,5809,15,13,0,5993,7200,80,255,1
1761463792.2034776,14516211168466667019,24797,0,28,19,53,5809,15,13,0,5991,7200,80,255,1
1761463793.6982727,14516211168466667019,24829,0,28,19,53,5809,15,13,0,5990,7200,80,255,1
1761463795.208172,14516211168466667019,24862,0,28,19,53,5809,15,13,0,5988,7200,80,255,1
1761463796.6940596,14516211168466667019,24892,0,28,19,53,5809,15,13,0,5987,7200,80,255,1
1761463797.7077124,14516211168466667019,24915,0,28,19,53,5809,15,13,0,5986,7200,80,255,1
1761463799.203414,14516211168466667019,24946,0,28,19,53,5809,15,13,0,5984,7200,80,255,1
1761463800.7036214,14516211168466667019,24978,0,28,19,53,5809,15,13,0,5983,7200,80,255,1
1761463802.197714,14516211168466667019,25009,0,28,19,53,5809,15,13,0,5981,7200,80,255,1
1761463803.7076705,14516211168466667019,25040,0,28,19,53,5809,15,13,0,5980,7200,80,255,1
1761463805.2038362,14516211168466667019,25071,0,28,19,53,5809,15,13,0,5978,7200,80,255,1
1761463806.206188,14516211168466667019,25093,0,28,19,53,5809,15,13,0,5977,7200,80,255,1
1761463807.6984735,14516211168466667019,25126,0,28,19,53,5809,15,13,0,5976,7200,80,255,1
1761463809.1969886,14516211168466667019,25158,0,28,19,53,5809,15,13,0,5974,7200,80,255,1
1761463810.6969714,14516211168466667019,25189,0,28,19,53,5809,15,13,0,5973,7200,80,255,1
1761463812.2079482,14516211168466667019,25221,0,28,19,53,5809,15,13,0,5971,7200,80,255,1
1761463813.7012818,14516211168466667019,25253,0,28,19,53,5809,15,13,0,5970,7200,80,255,1
1761463815.1977785,14516211168466667019,25284,0,28,19,53,5809,15,13,0,5968,7200,80,255,1
1761463816.2068243,14516211168466667019,25305,0,28,19,53,5809,15,13,0,5967,7200,80,255,1
1761463817.697839,14516211168466667019,25337,0,28,19,53,5809,15,13,0,5966,7200,80,255,1
1761463818.7044141,14516211168466667019,25357,0,28,19,53,5809,15,13,0,5965,7200,80,255,1
1761463819.7090662,14516211168466667019,25380,0,28,19,53,5809,15,13,0,5964,7200,80,255,1
1761463821.2043686,14516211168466667019,25411,0,28,19,53,5809,15,13,0,5962,7200,80,255,1
1761463822.7012713,14516211168466667019,25442,0,28,19,53,5809,15,13,0,5961,7200,80,255,1
1761463824.1967642,14516211168466667019,25474,0,28,19,53,5809,15,13,0,5959,7200,80,255,1
1761463825.2025595,14516211168466667019,25495,0,28,19,53,5809,15,13,0,5958,7200,80,255,1
1761463826.6991165,14516211168466667019,25527,0,28,19,53,5809,15,13,0,5957,7200,80,255,1
1761463828.1979494,14516211168466667019,25558,0,28,19,53,5809,15,13,0,5955,7200,80,255,1
1761463829.2057128,14516211168466667019,25578,0,28,19,53,5809,15,13,0,5954,7200,80,255,1
1761463830.7006779,14516211168466667019,25610,0,28,19,53,5809,15,13,0,5953,7200,80,255,1
1761463831.7075007,14516211168466667019,25630,0,28,19,53,5809,15,13,0,5952,7200,80,255,1
1761463833.2004018,14516211168466667019,25662,0,28,19,53,5809,15,13,0,5950,7200,80,255,1
1761463834.7015064,14516211168466667019,25694,0,28,19,53,5809,15,13,0,5949,7200,80,255,1
1761463836.2004771,14516211168466667019,25725,0,28,19,53,5809,15,13,0,5947,7200,80,255,1
1761463837.2106652,14516211168466667019,25747,0,28,19,53,5809,15,13,0,5946,7200,80,255,1
1761463838.7077403,14516211168466667019,25779,0,28,19,53,5809,15,13,0,5945,7200,80,255,1
1761463840.2039802,14516211168466667019,25811,0,28,19,53,5809,15,13,0,5943,7200,80,255,1
1761463841.7003028,14516211168466667019,25843,0,28,19,53,5809,15,13,0,5942,7200,80,255,1
1761463842.704904,14516211168466667019,25865,0,28,19,53,5809,15,13,0,5941,7200,80,255,1
1761463844.1992717,14516211168466667019,25897,0,28,19,53,5809,15,13,0,5939,7200,80,255,1
1761463845.2076542,14516211168466667019,25919,0,28,19,53,5809,15,13,0,5938,7200,80,255,1
1761463846.7083957,14516211168466667019,25949,0,28,19,53,5809,15,13,0,5937,7200,80,255,1
1761463848.2032256,14516211168466667019,25979,0,28,19,53,5809,15,13,0,5935,7200,80,255,1
1761463849.6973908,14516211168466667019,26011,0,28,19,53,5809,15,13,0,5934,7200,80,255,1
1761463850.7100685,14516211168466667019,26032,0,28,19,53,5809,15,13,0,5933,7200,80,255,1
1761463852.2053294,14516211168466667019,26062,0,28,19,53,5809,15,13,0,5931,7200,80,255,1
1761463853.6983466,14516211168466667019,26094,0,28,19,53,5809,15,13,0,5930,7200,80,255,1
1761463854.6992886,14516211168466667019,26115,0,28,19,53,5809,15,13,0,5929,7200,80,255,1
1761463855.703061,14516211168466667019,26137,0,28,19,53,5809,15,13,0,5928,7200,80,255,1
1761463857.201552,14516211168466667019,26169,0,28,19,53,5809,15,13,0,5926,7200,80,255,1
1761463858.7000349,14516211168466667019,26202,0,28,19,53,5809,15,13,0,5925,7200,80,255,1
1761463860.1966152,14516211168466667019,26233,0,28,19,53,5809,15,13,0,5923,7200,80,255,1
1761463861.1979706,14516211168466667019,26254,0,28,19,53,5809,15,13,0,5922,7200,80,255,1
1761463862.6956055,14516211168466667019,26284,0,28,19,53,5809,15,13,0,5921,7200,80,255,1
1761463863.7094996,14516211168466667019,26306,0,28,19,53,5809,15,13,0,5920,7200,80,255,1
1761463865.2073412,14516211168466667019,26337,0,28,19,53,5809,15,13,0,5918,7200,80,255,1
1761463866.207597,14516211168466667019,26359,0,28,19,53,5809,15,13,0,5917,7200,80,255,1
1761463867.7041383,14516211168466667019,26391,0,28,19,53,5809,15,13,0,5916,7200,80,255,1
1761463869.197625,14516211168466667019,26422,0,28,19,53,5809,15,13,0,5914,7200,80,255,1
1761463870.6978972,14516211168466667019,26455,0,28,19,53,5809,15,13,0,5913,7200,80,255,1
1761463871.7082353,14516211168466667019,26475,0,28,19,53,5809,15,13,0,5912,7200,80,255,1
1761463873.2024279,14516211168466667019,26506,0,28,19,53,5809,15,13,0,5910,7200,80,255,1
1761463874.6964777,14516211168466667019,26539,0,28,19,53,5809,15,13,0,5909,7200,80,255,1
1761463876.197075,14516211168466667019,26570,0,28,19,53,5809,15,13,0,5907,7200,80,255,1
1761463877.7066731,14516211168466667019,26602,0,28,19,53,5809,15,13,0,5906,7200,80,255,1
1761463879.2041702,14516211168466667019,26635,0,28,19,53,5809,15,13,0,5904,7200,80,255,1
1761463880.6976182,14516211168466667019,26667,0,28,19,53,5809,15,13,0,5903,7200,80,255,1
1761463881.706597,14516211168466667019,26688,0,28,19,53,5809,15,13,0,5902,7200,80,255,1
1761463883.2012045,14516211168466667019,26719,0,28,19,53,5809,15,13,0,5900,7200,80,255,1
1761463884.6945229,14516211168466667019,26749,0,28,19,53,5809,15,13,0,5899,7200,80,255,1
1761463885.697826,14516211168466667019,26770,0,28,19,53,5809,15,13,0,5898,7200,80,255,1
1761463887.2080858,14516211168466667019,26803,0,28,19,53,5809,15,13,0,5896,7200,80,255,1
1761463888.7044318,14516211168466667019,26834,0,28,19,53,5809,15,13,0,5895,7200,80,255,1
1761463890.1980324,14516211168466667019,26866,0,28,19,53,5809,15,13,0,5893,7200,80,255,1
1761463891.199281,14516211168466667019,26887,0,28,19,53,5809,15,13,0,5892,7200,80,255,1
1761463892.6947732,14516211168466667019,26918,0,28,19,53,5809,15,13,0,5891,7200,80,255,1
1761463893.7081828,14516211168466667019,26939,0,28,19,53,5809,15,13,0,5890,7200,80,255,1
1761463895.2005637,14516211168466667019,26969,0,28,19,53,5809,15,13,0,5888,7200,80,255,1
1761463896.6972666,14516211168466667019,27001,0,28,19,53,5809,15,13,0,5887,7200,80,255,1
1761463897.7076752,14516211168466667019,27023,0,28,19,53,5809,15,13,0,5886,7200,80,255,1
1761463899.1990862,14516211168466667019,27054,0,28,19,53,5809,15,13,0,5884,7200,80,255,1
1761463900.6988165,14516211168466667019,27086,0,28,19,53,5809,15,13,0,5883,7200,80,255,1
1761463901.7063599,14516211168466667019,27108,0,28,19,53,5809,15,13,0,5882,7200,80,255,1
1761463903.1993852,14516211168466667019,27139,0,28,19,53,5809,15,13,0,5880,7200,80,255,1
1761463904.2092068,14516211168466667019,27160,0,28,19,53,5809,15,13,0,5879,7200,80,255,1
1761463905.7024577,14516211168466667019,27191,0,28,19,53,5809,15,13,0,5878,7200,80,255,1
1761463907.1940355,14516211168466667019,27221,0,28,19,53,5809,15,13,0,5876,7200,80,255,1
1761463908.2041702,14516211168466667019,27242,0,28,19,53,5809,15,13,0,5875,7200,80,255,1
1761463909.696845,14516211168466667019,27272,0,28,19,53,5809,15,13,0,5874,7200,80,255,1
1761463910.6982577,14516211168466667019,27293,0,28,19,53,5809,15,13,0,5873,7200,80,255,1
1761463912.1947124,14516211168466667019,27325,0,28,19,53,5809,15,13,0,5871,7200,80,255,1
1761463913.2104445,14516211168466667019,27346,0,28,19,53,5809,15,13,0,5870,7200,80,255,1
1761463914.7054772,14516211168466667019,27377,0,28,19,53,5809,15,13,0,5869,7200,80,255,1
1761463915.707082,14516211168466667019,27400,0,28,19,53,5809,15,13,0,5868,7200,80,255,1
1761463917.206656,14516211168466667019,27430,0,28,19,53,5809,15,13,0,5866,7200,80,255,1
1761463918.2067788,14516211168466667019,27452,0,28,19,53,5809,15,13,0,5865,7200,80,255,1
1761463919.7012641,14516211168466667019,27483,0,28,19,53,5809,15,13,0,5864,7200,80,255,1
1761463920.7034206,14516211168466667019,27503,0,28,19,53,5809,15,13,0,5863,7200,80,255,1
1761463922.1980307,14516211168466667019,27535,0,28,19,53,5809,15,13,0,5861,7200,80,255,1
1761463923.6954486,14516211168466667019,27566,0,28,19,53,5809,15,13,0,5860,7200,80,255,1
1761463924.70653,14516211168466667019,27589,0,28,19,53,5809,15,13,0,5859,7200,80,255,1
1761463926.1993492,14516211168466667019,27621,0,28,19,53,5809,15,13,0,5857,7200,80,255,1
1761463927.204246,14516211168466667019,27642,0,28,19,53,5809,15,13,0,5856,7200,80,255,1
1761463928.209276,14516211168466667019,27664,0,28,19,53,5809,15,13,0,5855,7200,80,255,1
1761463929.70672,14516211168466667019,27696,0,28,19,53,5809,15,13,0,5854,7200,80,255,1
1761463931.206335,14516211168466667019,27727,0,28,19,53,5809,15,13,0,5852,7200,80,255,1
1761463932.697697,14516211168466667019,27759,0,28,19,53,5809,15,13,0,5851,7200,80,255,1
1761463933.703702,14516211168466667019,27781,0,28,19,53,5809,15,13,0,5850,7200,80,255,1
1761463935.2010043,14516211168466667019,27812,0,28,19,53,5809,15,13,0,5848,7200,80,255,1
1761463936.694836,14516211168466667019,27843,0,28,19,53,5809,15,13,0,5847,7200,80,255,1
1761463937.701098,14516211168466667019,27865,0,28,19,53,5809,15,13,0,5846,7200,80,255,1
1761463938.706978,14516211168466667019,27886,0,28,19,53,5809,15,13,0,5845,7200,80,255,1
1761463940.199731,14516211168466667019,27917,0,28,19,53,5809,15,13,0,5843,7200,80,255,1
1761463941.6976736,14516211168466667019,27948,0,28,19,53,5809,15,13,0,5842,7200,80,255,1
1761463942.7035959,14516211168466667019,27969,0,28,19,53,5809,15,13,0,5841,7200,80,255,1
1761463943.7074761,14516211168466667019,27991,0,28,19,53,5809,15,13,0,5840,7200,80,255,1
1761463945.2002482,14516211168466667019,28023,0,28,19,53,5809,15,13,0,5838,7200,80,255,1
1761463946.695578,14516211168466667019,28055,0,28,19,53,5809,15,13,0,5837,7200,80,255,1
1761463947.6992638,14516211168466667019,28076,0,28,19,53,5809,15,13,0,5836,7200,80,255,1
1761463948.70593,14516211168466667019,28096,0,28,19,53,5809,15,13,0,5835,7200,80,255,1
1761463950.1970923,14516211168466667019,28128,0,28,19,53,5809,15,13,0,5833,7200,80,255,1
1761463951.20713,14516211168466667019,28149,0,28,19,53,5809,15,13,0,5832,7200,80,255,1
1761463952.702233,14516211168466667019,28180,0,28,19,53,5809,15,13,0,5831,7200,80,255,1
1761463953.7070699,14516211168466667019,28201,0,28,19,53,5809,15,13,0,5830,7200,80,255,1
1761463955.200667,14516211168466667019,28233,0,28,19,53,5809,15,13,0,5828,7200,80,255,1
1761463956.6957312,14516211168466667019,28265,0,28,19,53,5809,15,13,0,5827,7200,80,255,1
1761463957.69928,14516211168466667019,28286,0,28,19,53,5809,15,13,0,5826,7200,80,255,1
1761463958.703867,14516211168466667019,28308,0,28,19,53,5809,15,13,0,5825,7200,80,255,1
1761463959.7105312,14516211168466667019,28331,0,28,19,53,5809,15,13,0,5824,7200,80,255,1
1761463961.2013705,14516211168466667019,28361,0,28,19,53,5809,15,13,0,5822,7200,80,255,1
1761463962.2065737,14516211168466667019,28382,0,28,19,53,5809,15,13,0,5821,7200,80,255,1
1761463963.2091982,14516211168466667019,28404,0,28,19,53,5809,15,13,0,5820,7200,80,255,1
1761463964.7001421,14516211168466667019,28436,0,28,19,53,5809,15,13,0,5819,7200,80,255,1
1761463965.7089305,14516211168466667019,28457,0,28,19,53,5809,15,13,0,5818,7200,80,255,1
1761463967.197675,14516211168466667019,28489,0,28,19,53,5809,15,13,0,5816,7200,80,255,1
1761463968.204361,14516211168466667019,28510,0,28,19,53,5809,15,13,0,5815,7200,80,255,1
1761463969.6963725,14516211168466667019,28540,0,28,19,53,5809,15,13,0,5814,7200,80,255,1
1761463971.1956534,14516211168466667019,28571,0,28,19,53,5809,15,13,0,5812,7200,80,255,1
1761463972.2001593,14516211168466667019,28592,0,28,19,53,5809,15,13,0,5811,7200,80,255,1
1761463973.205389,14516211168466667019,28615,0,28,19,53,5809,15,13,0,5810,7200,80,255,1
1761463974.7079687,14516211168466667019,28649,0,28,19,53,5809,15,13,0,5809,7200,80,255,1
1761463976.2022293,14516211168466667019,28681,0,28,19,53,5809,15,13,0,5807,7200,80,255,1
1761463977.6967437,14516211168466667019,28712,0,28,19,53,5809,15,13,0,5806,7200,80,255,1
1761463978.7054348,14516211168466667019,28733,0,28,19,53,5809,15,13,0,5805,7200,80,255,1
1761463980.196462,14516211168466667019,28763,0,28,19,53,5809,15,13,0,5803,7200,80,255,1
1761463981.1975996,14516211168466667019,28784,0,28,19,53,5809,15,13,0,5802,7200,80,255,1
1761463982.2079103,14516211168466667019,28806,0,28,19,53,5809,15,13,0,5801,7200,80,255,1
1761463983.6988702,14516211168466667019,28836,0,28,19,53,5809,15,13,0,5800,7200,80,255,1
1761463985.2074642,14516211168466667019,28869,0,28,19,53,5809,15,13,0,5798,7200,80,255,1
1761463986.7057364,14516211168466667019,28900,0,28,19,53,5809,15,13,0,5797,7200,80,255,1
1761463988.2001631,14516211168466667019,28930,0,28,19,53,5809,15,13,0,5795,7200,80,255,1
1761463989.7090433,14516211168466667019,28961,0,28,19,53,5809,15,13,0,5794,7200,80,255,1
1761463991.2045107,14516211168466667019,28993,0,28,19,53,5809,15,13,0,5792,7200,80,255,1
1761463992.6964679,14516211168466667019,29024,0,28,19,53,5809,15,13,0,5791,7200,80,255,1
1761463993.706659,14516211168466667019,29044,0,28,19,53,5809,15,13,0,5790,7200,80,255,1
1761463995.1953502,14516211168466667019,29075,0,28,19,53,5809,15,13,0,5788,7200,80,255,1
1761463996.1953907,14516211168466667019,29097,0,28,19,53,5809,15,13,0,5787,7200,80,255,1
1761463997.2058568,14516211168466667019,29119,0,28,19,53,5809,15,13,0,5786,7200,80,255,1
1761463998.6973114,14516211168466667019,29149,0,28,19,53,5809,15,13,0,5785,7200,80,255,1
1761463999.7078464,14516211168466667019,29172,0,28,19,53,5809,15,13,0,5784,7200,80,255,1
1761464001.203279,14516211168466667019,29203,0,28,19,53,5809,15,13,0,5782,7200,80,255,1
1761464002.6992478,14516211168466667019,29233,0,28,19,53,5809,15,13,0,5781,7200,80,255,1
1761464003.7088447,14516211168466667019,29256,0,28,19,53,5809,15,13,0,5780,7200,80,255,1
1761464005.2055233,14516211168466667019,29288,0,28,19,53,5809,15,13,0,5778,7200,80,255,1
1761464006.6944425,14516211168466667019,29319,0,28,19,53,5809,15,13,0,5777,7200,80,255,1
1761464007.704929,14516211168466667019,29341,0,28,19,53,5809,15,13,0,5776,7200,80,255,1
1761464009.1992064,14516211168466667019,29372,0,28,19,53,5809,15,13,0,5774,7200,80,255,1
1761464010.7080157,14516211168466667019,29404,0,28,19,53,5809,15,13,0,5773,7200,80,255,1
1761464012.19753,14516211168466667019,29435,0,28,19,53,5809,15,13,0,5771,7200,80,255,1
1761464013.6940548,14516211168466667019,29467,0,28,19,53,5809,15,13,0,5770,7200,80,255,1
1761464014.7070885,14516211168466667019,29490,0,28,19,53,5809,15,13,0,5769,7200,80,255,1
1761464016.2064073,14516211168466667019,29521,0,28,19,53,5809,15,13,0,5767,7200,80,255,1
1761464017.6976957,14516211168466667019,29552,0,28,19,53,5809,15,13,0,5766,7200,80,255,1
1761464019.1937907,14516211168466667019,29584,0,28,19,53,5809,15,13,0,5764,7200,80,255,1
1761464020.2049506,14516211168466667019,29606,0,28,19,53,5809,15,13,0,5763,7200,80,255,1
1761464021.703394,14516211168466667019,29637,0,28,19,53,5809,15,13,0,5762,7200,80,255,1
1761464023.1955955,14516211168466667019,29668,0,28,19,53,5809,15,13,0,5760,7200,80,255,1
1761464024.2098718,14516211168466667019,29690,0,28,19,53,5809,15,13,0,5759,7200,80,255,1
1761464025.7091608,14516211168466667019,29722,0,28,19,53,5809,15,13,0,5758,7200,80,255,1
1761464027.1944885,14516211168466667019,29753,0,28,19,53,5809,15,13,0,5756,7200,80,255,1
1761464028.2076483,14516211168466667019,29775,0,28,19,53,5809,15,13,0,5755,7200,80,255,1
1761464029.7076564,14516211168466667019,29806,0,28,19,53,5809,15,13,0,5754,7200,80,255,1
1761464031.206386,14516211168466667019,29838,0,28,19,53,5809,15,13,0,5752,7200,80,255,1
1761464032.696943,14516211168466667019,29868,0,28,19,53,5809,15,13,0,5751,7200,80,255,1
1761464034.2073267,14516211168466667019,29902,0,28,19,53,5809,15,13,0,5749,7200,80,255,1
1761464035.2076678,14516211168466667019,29922,0,28,19,53,5809,15,13,0,5748,7200,80,255,1
1761464036.7045946,14516211168466667019,29953,0,28,19,53,5809,15,13,0,5747,7200,80,255,1
1761464037.7074902,14516211168466667019,29973,0,28,19,53,5809,15,13,0,5746,7200,80,255,1
1761464039.2002413,14516211168466667019,30005,0,28,19,53,5809,15,13,0,5744,7200,80,255,1
1761464040.2031791,14516211168466667019,30026,0,28,19,53,5809,15,13,0,5743,7200,80,255,1
1761464041.6992562,14516211168466667019,30058,0,28,19,53,5809,15,13,0,5742,7200,80,255,1
1761464042.7028704,14516211168466667019,30079,0,28,19,53,5809,15,13,0,5741,7200,80,255,1
1761464043.7069056,14516211168466667019,30099,0,28,19,53,5809,15,13,0,5740,7200,80,255,1
1761464045.1988952,14516211168466667019,30131,0,28,19,53,5809,15,13,0,5738,7200,80,255,1
1761464046.6957686,14516211168466667019,30163,0,28,19,53,5809,15,13,0,5737,7200,80,255,1
1761464047.6999586,14516211168466667019,30184,0,28,19,53,5809,15,13,0,5736,7200,80,255,1
1761464048.7066388,14516211168466667019,30205,0,28,19,53,5809,15,13,0,5735,7200,80,255,1
1761464050.200413,14516211168466667019,30236,0,28,19,53,5809,15,13,0,5733,7200,80,255,1
1761464051.2114303,14516211168466667019,30256,0,28,19,53,5809,15,13,0,5732,7200,80,255,1
1761464052.7031856,14516211168466667019,30286,0,28,19,53,5809,15,13,0,5731,7200,80,255,1
1761464053.7089443,14516211168466667019,30307,0,28,19,53,5809,15,13,0,5730,7200,80,255,1
1761464055.2003505,14516211168466667019,30338,0,28,19,53,5809,15,13,0,5728,7200,80,255,1
1761464056.2076914,14516211168466667019,30359,0,28,19,53,5809,15,13,0,5727,7200,80,255,1
1761464057.7003293,14516211168466667019,30389,0,28,19,53,5809,15,13,0,5726,7200,80,255,1
1761464058.7072532,14516211168466667019,30410,0,28,19,53,5809,15,13,0,5725,7200,80,255,1
1761464060.198162,14516211168466667019,30443,0,28,19,53,5809,15,13,0,5723,7200,80,255,1
1761464061.2089517,14516211168466667019,30463,0,28,19,53,5809,15,13,0,5722,7200,80,255,1
1761464062.6987565,14516211168466667019,30493,0,28,19,53,5809,15,13,0,5721,7200,80,255,1
1761464063.706119,14516211168466667019,30513,0,28,19,53,5809,15,13,0,5720,7200,80,255,1
1761464065.1950994,14516211168466667019,30544,0,28,19,53,5809,15,13,0,5718,7200,80,255,1
1761464066.2030642,14516211168466667019,30565,0,28,19,53,5809,15,13,0,5717,7200,80,255,1
1761464067.2073393,14516211168466667019,30586,0,28,19,53,5809,15,13,0,5716,7200,80,255,1
1761464068.6998167,14516211168466667019,30619,0,28,19,53,5809,15,13,0,5715,7200,80,255,1
1761464069.7057705,14516211168466667019,30640,0,28,19,53,5809,15,13,0,5714,7200,80,255,1
1761464071.20006,14516211168466667019,30671,0,28,19,53,5809,15,13,0,5712,7200,80,255,1
1761464072.2031279,14516211168466667019,30692,0,28,19,53,5809,15,13,0,5711,7200,80,255,1
1761464073.207677,14516211168466667019,30712,0,28,19,53,5809,15,13,0,5710,7200,80,255,1
1761464074.700205,14516211168466667019,30742,0,28,19,53,5809,15,13,0,5709,7200,80,255,1
1761464075.7102578,14516211168466667019,30762,0,28,19,53,5809,15,13,0,5708,7200,80,255,1
1761464077.2074728,14516211168466667019,30793,0,28,19,53,5809,15,13,0,5706,7200,80,255,1
1761464078.6988134,14516211168466667019,30823,0,28,19,53,5809,15,13,0,5705,7200,80,255,1
1761464080.2069836,14516211168466667019,30855,0,28,19,53,5809,15,13,0,5703,7200,80,255,1
1761464081.7002742,14516211168466667019,30887,0,28,19,53,5809,15,13,0,5702,7200,80,255,1
1761464082.7094564,14516211168466667019,30907,0,28,19,53,5809,15,13,0,5701,7200,80,255,1
1761464084.1953046,14516211168466667019,30938,0,28,19,53,5809,15,13,0,5699,7200,80,255,1
1761464085.205503,14516211168466667019,30959,0,28,19,53,5809,15,13,0,5698,7200,80,255,1
1761464086.7012048,14516211168466667019,30990,0,28,19,53,5809,15,13,0,5697,7200,80,255,1
1761464088.2077525,14516211168466667019,31023,0,28,19,53,5809,15,13,0,5695,7200,80,255,1
1761464089.6966786,14516211168466667019,31055,0,28,19,53,5809,15,13,0,5694,7200,80,255,1
1761464090.707856,14516211168466667019,31076,0,28,19,53,5809,15,13,0,5693,7200,80,255,1
1761464092.2027245,14516211168466667019,31108,0,28,19,53,5809,15,13,0,5691,7200,80,255,1
1761464093.6958032,14516211168466667019,31140,0,28,19,53,5809,15,13,0,5690,7200,80,255,1
1761464094.7062836,14516211168466667019,31161,0,28,19,53,5809,15,13,0,5689,7200,80,255,1
1761464096.2001963,14516211168466667019,31193,0,28,19,53,5809,15,13,0,5687,7200,80,255,1
1761464097.705797,14516211168466667019,31226,0,28,19,53,5809,15,13,0,5686,7200,80,255,1
1761464099.1992314,14516211168466667019,31258,0,28,19,53,5809,15,13,0,5684,7200,80,255,1
1761464100.7090647,14516211168466667019,31291,0,28,19,53,5809,15,13,0,5683,7200,80,255,1
1761464102.20748,14516211168466667019,31325,0,28,19,53,5809,15,13,0,5681,7200,80,255,1
1761464103.6991634,14516211168466667019,31356,0,28,19,53,5809,15,13,0,5680,7200,80,255,1
1761464104.7076302,14516211168466667019,31379,0,28,19,53,5809,15,13,0,5679,7200,80,255,1
1761464106.1935165,14516211168466667019,31411,0,28,19,53,5809,15,13,0,5677,7200,80,255,1
1761464107.1942134,14516211168466667019,31432,0,28,19,53,5809,15,13,0,5676,7200,80,255,1
1761464108.2035615,14516211168466667019,31453,0,28,19,53,5809,15,13,0,5675,7200,80,255,1
1761464109.695431,14516211168466667019,31484,0,28,19,53,5809,15,13,0,5674,7200,80,255,1
1761464110.7050247,14516211168466667019,31506,0,28,19,53,5809,15,13,0,5673,7200,80,255,1
1761464112.2075884,14516211168466667019,31539,0,28,19,53,5809,15,13,0,5671,7200,80,255,1
1761464113.7040555,14516211168466667019,31570,0,28,19,53,5809,15,13,0,5670,7200,80,255,1
1761464115.1959066,14516211168466667019,31602,0,28,19,53,5809,15,13,0,5668,7200,80,255,1
1761464116.2012753,14516211168466667019,31623,0,28,19,53,5809,15,13,0,5667,7200,80,255,1
1761464117.2071986,14516211168466667019,31643,0,28,19,53,5809,15,13,0,5666,7200,80,255,1
1761464118.7020302,14516211168466667019,31674,0,28,19,53,5809,15,13,0,5665,7200,80,255,1
1761464119.7073681,14516211168466667019,31695,0,28,19,53,5809,15,13,0,5664,7200,80,255,1
1761464121.2061148,14516211168466667019,31726,0,28,19,53,5809,15,13,0,5662,7200,80,255,1
1761464122.702286,14516211168466667019,31757,0,28,19,53,5809,15,13,0,5661,7200,80,255,1
1761464123.7073855,14516211168466667019,31780,0,28,19,53,5809,15,13,0,5660,7200,80,255,1
1761464125.203312,14516211168466667019,31813,0,28,19,53,5809,15,13,0,5658,7200,80,255,1
1761464126.7016678,14516211168466667019,31844,0,28,19,53,5809,15,13,0,5657,7200,80,255,1
1761464127.70867,14516211168466667019,31866,0,28,19,53,5809,15,13,0,5656,7200,80,255,1
1761464129.1988516,14516211168466667019,31898,0,28,19,53,5809,15,13,0,5654,7200,80,255,1
1761464130.2028368,14516211168466667019,31918,0,28,19,53,5809,15,13,0,5653,7200,80,255,1
1761464131.6950283,14516211168466667019,31950,0,28,19,53,5809,15,13,0,5652,7200,80,255,1
1761464132.6974812,14516211168466667019,31972,0,28,19,53,5809,15,13,0,5651,7200,80,255,1
1761464133.7001584,14516211168466667019,31994,0,28,19,53,5809,15,13,0,5650,7200,80,255,1
1761464134.7031312,14516211168466667019,32015,0,28,19,53,5809,15,13,0,5649,7200,80,255,1
1761464136.2089684,14516211168466667019,32045,0,28,19,53,5809,15,13,0,5647,7200,80,255,1
1761464137.7028265,14516211168466667019,32077,0,28,19,53,5809,15,13,0,5646,7200,80,255,1
1761464139.1934817,14516211168466667019,32107,0,28,19,53,5809,15,13,0,5644,7200,80,255,1
1761464140.1975815,14516211168466667019,32129,0,28,19,53,5809,15,13,0,5643,7200,80,255,1
1761464141.207173,14516211168466667019,32151,0,28,19,53,5809,15,13,0,5642,7200,80,255,1
1761464142.7053196,14516211168466667019,32183,0,28,19,53,5809,15,13,0,5641,7200,80,255,1
1761464144.2089975,14516211168466667019,32214,0,28,19,53,5809,15,13,0,5639,7200,80,255,1
1761464145.7053015,14516211168466667019,32246,0,28,19,53,5809,15,13,0,5638,7200,80,255,1
1761464147.1942866,14516211168466667019,32278,0,28,19,53,5809,15,13,0,5636,7200,80,255,1
1761464148.201165,14516211168466667019,32299,0,28,19,53,5809,15,13,0,5635,7200,80,255,1
1761464149.2080698,14516211168466667019,32320,0,28,19,53,5809,15,13,0,5634,7200,80,255,1
1761464150.6949775,14516211168466667019,32352,0,28,19,53,5809,15,13,0,5633,7200,80,255,1
1761464151.705448,14516211168466667019,32375,0,28,19,53,5809,15,13,0,5632,7200,80,255,1
1761464153.2088785,14516211168466667019,32405,0,28,19,53,5809,15,13,0,5630,7200,80,255,1
1761464154.697182,14516211168466667019,32436,0,28,19,53,5809,15,13,0,5629,7200,80,255,1
1761464155.7052696,14516211168466667019,32457,0,28,19,53,5809,15,13,0,5628,7200,80,255,1
1761464157.1977682,14516211168466667019,32487,0,28,19,53,5809,15,13,0,5626,7200,80,255,1
1761464158.2057579,14516211168466667019,32508,0,28,19,53,5809,15,13,0,5625,7200,80,255,1
1761464159.7080755,14516211168466667019,32539,0,28,19,53,5809,15,13,0,5624,7200,80,255,1
1761464161.1973538,14516211168466667019,32570,0,28,19,53,5809,15,13,0,5622,7200,80,255,1
1761464162.2039168,14516211168466667019,32592,0,28,19,53,5809,15,13,0,5621,7200,80,255,1
1761464163.706174,14516211168466667019,32624,0,28,19,53,5809,15,13,0,5620,7200,80,255,1
1761464165.1934998,14516211168466667019,32656,0,28,19,53,5809,15,13,0,5618,7200,80,255,1
1761464166.2062716,14516211168466667019,32678,0,28,19,53,5809,15,13,0,5617,7200,80,255,1
1761464167.7064507,14516211168466667019,32709,0,28,19,53,5809,15,13,0,5616,7200,80,255,1
1761464169.1942213,14516211168466667019,32740,0,28,19,53,5809,15,13,0,5614,7200,80,255,1
1761464170.201683,14516211168466667019,32762,0,28,19,53,5809,15,13,0,5613,7200,80,255,1
1761464171.707323,14516211168466667019,32793,0,28,19,53,5809,15,13,0,5612,7200,80,255,1
1761464173.2092948,14516211168466667019,32823,0,28,19,53,5809,15,13,0,5610,7200,80,255,1
1761464174.6946077,14516211168466667019,32854,0,28,19,53,5809,15,13,0,5609,7200,80,255,1
1761464175.6997473,14516211168466667019,32877,0,28,19,53,5809,15,13,0,5608,7200,80,255,1
1761464177.2058325,14516211168466667019,32910,0,28,19,53,5809,15,13,0,5606,7200,80,255,1
1761464178.706192,14516211168466667019,32943,0,28,19,53,5809,15,13,0,5605,7200,80,255,1
1761464180.196204,14516211168466667019,32976,0,28,19,53,5809,15,13,0,5603,7200,80,255,1
1761464181.2087936,14516211168466667019,32998,0,28,19,53,5809,15,13,0,5602,7200,80,255,1
1761464182.7100883,14516211168466667019,33028,0,28,19,53,5809,15,13,0,5601,7200,80,255,1
1761464184.1954281,14516211168466667019,33060,0,28,19,53,5809,15,13,0,5599,7200,80,255,1
1761464185.1996288,14516211168466667019,33082,0,28,19,53,5809,15,13,0,5598,7200,80,255,1
1761464186.707398,14516211168466667019,33115,0,28,19,53,5809,15,13,0,5597,7200,80,255,1
1761464188.1938777,14516211168466667019,33147,0,28,19,53,5809,15,13,0,5595,7200,80,255,1
1761464189.1968908,14516211168466667019,33169,0,28,19,53,5809,15,13,0,5594,7200,80,255,1
1761464190.2016373,14516211168466667019,33191,0,28,19,53,5809,15,13,0,5593,7200,80,255,1
1761464191.6958103,14516211168466667019,33222,0,28,19,53,5809,15,13,0,5592,7200,80,255,1
1761464192.704229,14516211168466667019,33244,0,28,19,53,5809,15,13,0,5591,7200,80,255,1
1761464194.2008705,14516211168466667019,33275,0,28,19,53,5809,15,13,0,5589,7200,80,255,1
1761464195.2090247,14516211168466667019,33296,0,28,19,53,5809,15,13,0,5588,7200,80,255,1
1761464196.7044659,14516211168466667019,33328,0,28,19,53,5809,15,13,0,5587,7200,80,255,1
1761464198.1989357,14516211168466667019,33360,0,28,19,53,5809,15,13,0,5585,7200,80,255,1
1761464199.2055895,14516211168466667019,33382,0,28,19,53,5809,15,13,0,5584,7200,80,255,1
1761464200.6988716,14516211168466667019,33414,0,28,19,53,5809,15,13,0,5583,7200,80,255,1
1761464202.1997888,14516211168466667019,33447,0,28,19,53,5809,15,13,0,5581,7200,80,255,1
1761464203.2076766,14516211168466667019,33468,0,28,19,53,5809,15,13,0,5580,7200,80,255,1
1761464204.704193,14516211168466667019,33499,0,28,19,53,5809,15,13,0,5579,7200,80,255,1
1761464206.2049851,14516211168466667019,33530,0,28,19,53,5809,15,13,0,5577,7200,80,255,1
1761464207.701671,14516211168466667019,33562,0,28,19,53,5809,15,13,0,5576,7200,80,255,1
1761464208.707386,14516211168466667019,33583,0,28,19,53,5809,15,13,0,5575,7200,80,255,1
1761464210.2050562,14516211168466667019,33616,0,28,19,53,5809,15,13,0,5573,7200,80,255,1
1761464211.7038965,14516211168466667019,33648,0,28,19,53,5809,15,13,0,5572,7200,80,255,1
1761464213.196051,14516211168466667019,33679,0,28,19,53,5809,15,13,0,5570,7200,80,255,1
1761464214.2029438,14516211168466667019,33699,0,28,19,53,5809,15,13,0,5569,7200,80,255,1
1761464215.2072387,14516211168466667019,33720,0,28,19,53,5809,15,13,0,5568,7200,80,255,1
1761464216.710059,14516211168466667019,33750,0,28,19,53,5809,15,13,0,5567,7200,80,255,1
1761464218.2018828,14516211168466667019,33781,0,28,19,53,5809,15,13,0,5565,7200,80,255,1
1761464219.6986113,14516211168466667019,33812,0,28,19,53,5809,15,13,0,5564,7200,80,255,1
1761464220.7074566,14516211168466667019,33834,0,28,19,53,5809,15,13,0,5563,7200,80,255,1
1761464222.2088926,14516211168466667019,33865,0,28,19,53,5809,15,13,0,5561,7200,80,255,1
1761464223.7042475,14516211168466667019,33897,0,28,19,53,5809,15,13,0,5560,7200,80,255,1
1761464225.1976268,14516211168466667019,33928,0,28,19,53,5809,15,13,0,5558,7200,80,255,1
1761464226.2074277,14516211168466667019,33950,0,28,19,53,5809,15,13,0,5557,7200,80,255,1
1761464227.7057564,14516211168466667019,33982,0,28,19,53,5809,15,13,0,5556,7200,80,255,1
1761464229.2032127,14516211168466667019,34013,0,28,19,53,5809,15,13,0,5554,7200,80,255,1
1761464230.6987667,14516211168466667019,34045,0,28,19,53,5809,15,13,0,5553,7200,80,255,1
1761464231.7089336,14516211168466667019,34066,0,28,19,53,5809,15,13,0,5552,7200,80,255,1
1761464233.2088184,14516211168466667019,34098,0,28,19,53,5809,15,13,0,5550,7200,80,255,1
1761464234.7045116,14516211168466667019,34130,0,28,19,53,5809,15,13,0,5549,7200,80,255,1
1761464236.1957057,14516211168466667019,34163,0,28,19,53,5809,15,13,0,5547,7200,80,255,1
1761464237.2039979,14516211168466667019,34184,0,28,19,53,5809,15,13,0,5546,7200,80,255,1
1761464238.698861,14516211168466667019,34216,0,28,19,53,5809,15,13,0,5545,7200,80,255,1
1761464239.7066917,14516211168466667019,34237,0,28,19,53,5809,15,13,0,5544,7200,80,255,1
1761464241.2087102,14516211168466667019,34267,0,28,19,53,5809,15,13,0,5542,7200,80,255,1
1761464242.6929932,14516211168466667019,34300,0,28,19,53,5809,15,13,0,5541,7200,80,255,1
1761464243.703838,14516211168466667019,34322,0,28,19,53,5809,15,13,0,5540,7200,80,255,1
1761464245.201676,14516211168466667019,34352,0,28,19,53,5809,15,13,0,5538,7200,80,255,1
1761464246.7020178,14516211168466667019,34384,0,28,19,53,5809,15,13,0,5537,7200,80,255,1
1761464248.201732,14516211168466667019,34416,0,28,19,53,5809,15,13,0,5535,7200,80,255,1
1761464249.6989572,14516211168466667019,34448,0,28,19,53,5809,15,13,0,5534,7200,80,255,1
1761464250.7084787,14516211168466667019,34469,0,28,19,53,5809,15,13,0,5533,7200,80,255,1
1761464252.2063334,14516211168466667019,34499,0,28,19,53,5809,15,13,0,5531,7200,80,255,1
1761464253.7000022,14516211168466667019,34531,0,28,19,53,5809,15,13,0,5530,7200,80,255,1
1761464254.705646,14516211168466667019,34554,0,28,19,53,5809,15,13,0,5529,7200,80,255,1
1761464256.2056825,14516211168466667019,34585,0,28,19,53,5809,15,13,0,5527,7200,80,255,1
1761464257.2071702,14516211168466667019,34606,0,28,19,53,5809,15,13,0,5526,7200,80,255,1
1761464258.6987517,14516211168466667019,34638,0,28,19,53,5809,15,13,0,5525,7200,80,255,1
1761464259.7056894,14516211168466667019,34659,0,28,19,53,5809,15,13,0,5524,7200,80,255,1
1761464261.2073746,14516211168466667019,34690,0,28,19,53,5809,15,13,0,5522,7200,80,255,1
1761464262.2073784,14516211168466667019,34711,0,28,19,53,5809,15,13,0,5521,7200,80,255,1
1761464263.701767,14516211168466667019,34743,0,28,19,53,5809,15,13,0,5520,7200,80,255,1
1761464265.195275,14516211168466667019,34776,0,28,19,53,5809,15,13,0,5518,7200,80,255,1
1761464266.2058845,14516211168466667019,34797,0,28,19,53,5809,15,13,0,5517,7200,80,255,1
1761464267.7050936,14516211168466667019,34829,0,28,19,53,5809,15,13,0,5516,7200,80,255,1
1761464269.2032712,14516211168466667019,34862,0,28,19,53,5809,15,13,0,5514,7200,80,255,1
1761464270.7002485,14516211168466667019,34895,0,28,19,53,5809,15,13,0,5513,7200,80,255,1
1761464272.202787,14516211168466667019,34928,0,28,19,53,5809,15,13,0,5511,7200,80,255,1
1761464273.6984906,14516211168466667019,34960,0,28,19,53,5809,15,13,0,5510,7200,80,255,1
1761464274.708651,14516211168466667019,34982,0,28,19,53,5809,15,13,0,5509,7200,80,255,1
1761464276.2061446,14516211168466667019,35012,0,28,19,53,5809,15,13,0,5507,7200,80,255,1
1761464277.7043471,14516211168466667019,35042,0,28,19,53,5809,15,13,0,5506,7200,80,255,1
1761464279.1977906,14516211168466667019,35073,0,28,19,53,5809,15,13,0,5504,7200,80,255,1
1761464280.2027597,14516211168466667019,35094,0,28,19,53,5809,15,13,0,5503,7200,80,255,1
1761464281.2078948,14516211168466667019,35115,0,28,19,53,5809,15,13,0,5502,7200,80,255,1
1761464282.7037246,14516211168466667019,35148,0,28,19,53,5809,15,13,0,5501,7200,80,255,1
1761464284.1990447,14516211168466667019,35179,0,28,19,53,5809,15,13,0,5499,7200,80,255,1
1761464285.205523,14516211168466667019,35201,0,28,19,53,5809,15,13,0,5498,7200,80,255,1
1761464286.7053008,14516211168466667019,35236,0,28,19,53,5809,15,13,0,5497,7200,80,255,1
1761464288.1988401,14516211168466667019,35268,0,28,19,53,5809,15,13,0,5495,7200,80,255,1
1761464289.2094102,14516211168466667019,35290,0,28,19,53,5809,15,13,0,5494,7200,80,255,1
1761464290.7045999,14516211168466667019,35320,0,28,19,53,5809,15,13,0,5493,7200,80,255,1
1761464292.1998177,14516211168466667019,35351,0,28,19,53,5809,15,13,0,5491,7200,80,255,1
1761464293.208751,14516211168466667019,35373,0,28,19,53,5809,15,13,0,5490,7200,80,255,1
1761464294.7007606,14516211168466667019,35405,0,28,19,53,5809,15,13,0,5489,7200,80,255,1
1761464295.7071166,14516211168466667019,35427,0,28,19,53,5809,15,13,0,5488,7200,80,255,1
1761464297.2036576,14516211168466667019,35460,0,28,19,53,5809,15,13,0,5486,7200,80,255,1
1761464298.696254,14516211168466667019,35493,0,28,19,53,5809,15,13,0,5485,7200,80,255,1
1761464299.7029448,14516211168466667019,35514,0,28,19,53,5809,15,13,0,5484,7200,80,255,1
1761464300.7072458,14516211168466667019,35535,0,28,19,53,5809,15,13,0,5483,7200,80,255,1
1761464302.2073696,14516211168466667019,35565,0,28,19,53,5809,15,13,0,5481,7200,80,255,1
1761464303.7043715,14516211168466667019,35597,0,28,19,53,5809,15,13,0,5480,7200,80,255,1
1761464305.1998255,14516211168466667019,35628,0,28,19,53,5809,15,13,0,5478,7200,80,255,1
1761464306.2059755,14516211168466667019,35650,0,28,19,53,5809,15,13,0,5477,7200,80,255,1
1761464307.7014513,14516211168466667019,35682,0,28,19,53,5809,15,13,0,5476,7200,80,255,1
1761464309.1973484,14516211168466667019,35714,0,28,19,53,5809,15,13,0,5474,7200,80,255,1
1761464310.205334,14516211168466667019,35735,0,28,19,53,5809,15,13,0,5473,7200,80,255,1
1761464311.70553,14516211168466667019,35767,0,28,19,53,5809,15,13,0,5472,7200,80,255,1
1761464313.1999335,14516211168466667019,35800,0,28,19,53,5809,15,13,0,5470,7200,80,255,1
1761464314.7014487,14516211168466667019,35832,0,28,19,53,5809,15,13,0,5469,7200,80,255,1
1761464315.7096393,14516211168466667019,35854,0,28,19,53,5809,15,13,0,5468,7200,80,255,1
1761464317.207079,14516211168466667019,35887,0,28,19,53,5809,15,13,0,5466,7200,80,255,1
1761464318.706142,14516211168466667019,35917,0,28,19,53,5809,15,13,0,5465,7200,80,255,1
1761464320.2049038,14516211168466667019,35951,0,28,19,53,5809,15,13,0,5463,7200,80,255,1
1761464321.7073836,14516211168466667019,35984,0,28,19,53,5809,15,13,0,5462,7200,80,255,1
1761464323.201521,14516211168466667019,36015,0,28,19,53,5809,15,13,0,5460,7200,80,255,1
1761464324.6973972,14516211168466667019,36047,0,28,19,53,5809,15,13,0,5459,7200,80,255,1
1761464325.7084057,14516211168466667019,36069,0,28,19,53,5809,15,13,0,5458,7200,80,255,1
1761464327.193925,14516211168466667019,36102,0,28,19,53,5809,15,13,0,5456,7200,80,255,1
1761464328.1995783,14516211168466667019,36124,0,28,19,53,5809,15,13,0,5455,7200,80,255,1
1761464329.699737,14516211168466667019,36156,0,28,19,53,5809,15,13,0,5454,7200,80,255,1
1761464330.706866,14516211168466667019,36180,0,28,19,53,5809,15,13,0,5453,7200,80,255,1
1761464332.205908,14516211168466667019,36213,0,28,19,53,5809,15,13,0,5451,7200,80,255,1
1761464333.7051246,14516211168466667019,36245,0,28,19,53,5809,15,13,0,5450,7200,80,255,1
1761464335.2028215,14516211168466667019,36278,0,28,19,53,5809,15,13,0,5448,7200,80,255,1
1761464336.707136,14516211168466667019,36310,0,28,19,53,5809,15,13,0,5447,7200,80,255,1
1761464338.20303,14516211168466667019,36342,0,28,19,53,5809,15,13,0,5445,7200,80,255,1
1761464339.2103672,14516211168466667019,36363,0,28,19,53,5809,15,13,0,5444,7200,80,255,1
1761464340.7046442,14516211168466667019,36395,0,28,19,53,5809,15,13,0,5443,7200,80,255,1
1761464342.2083952,14516211168466667019,36425,0,28,19,53,5809,15,13,0,5441,7200,80,255,1
1761464343.7051466,14516211168466667019,36456,0,28,19,53,5809,15,13,0,5440,7200,80,255,1
1761464345.2019231,14516211168466667019,36487,0,28,19,53,5809,15,13,0,5438,7200,80,255,1
1761464346.7025638,14516211168466667019,36520,0,28,19,53,5809,15,13,0,5437,7200,80,255,1
1761464347.7087708,14516211168466667019,36541,0,28,19,53,5809,15,13,0,5436,7200,80,255,1
1761464349.1999183,14516211168466667019,36574,0,28,19,53,5809,15,13,0,5434,7200,80,255,1
1761464350.2063162,14516211168466667019,36597,0,28,19,53,5809,15,13,0,5433,7200,80,255,1
1761464351.7039378,14516211168466667019,36628,0,28,19,53,5809,15,13,0,5432,7200,80,255,1
1761464352.7094524,14516211168466667019,36652,0,28,19,53,5809,15,13,0,5431,7200,80,255,1
1761464354.205211,14516211168466667019,36684,0,28,19,53,5809,15,13,0,5429,7200,80,255,1
1761464355.701694,14516211168466667019,36716,0,28,19,53,5809,15,13,0,5428,7200,80,255,1
1761464357.1970809,14516211168466667019,36748,0,28,19,53,5809,15,13,0,5426,7200,80,255,1
1761464358.205195,14516211168466667019,36770,0,28,19,53,5809,15,13,0,5425,7200,80,255,1
1761464359.6984732,14516211168466667019,36803,0,28,19,53,5809,15,13,0,5424,7200,80,255,1
1761464360.7048526,14516211168466667019,36824,0,28,19,53,5809,15,13,0,5423,7200,80,255,1
1761464362.2005532,14516211168466667019,36856,0,28,19,53,5809,15,13,0,5421,7200,80,255,1
1761464363.2068505,14516211168466667019,36876,0,28,19,53,5809,15,13,0,5420,7200,80,255,1
1761464364.6983926,14516211168466667019,36907,0,28,19,53,5809,15,13,0,5419,7200,80,255,1
1761464365.7063358,14516211168466667019,36929,0,28,19,53,5809,15,13,0,5418,7200,80,255,1
1761464367.2028642,14516211168466667019,36959,0,28,19,53,5809,15,13,0,5416,7200,80,255,1
1761464368.6971996,14516211168466667019,36991,0,28,19,53,5809,15,13,0,5415,7200,80,255,1
1761464369.7068837,14516211168466667019,37012,0,28,19,53,5809,15,13,0,5414,7200,80,255,1
1761464371.2026296,14516211168466667019,37043,0,28,19,53,5809,15,13,0,5412,7200,80,255,1
1761464372.700462,14516211168466667019,37075,0,28,19,53,5809,15,13,0,5411,7200,80,255,1
1761464374.2087567,14516211168466667019,37107,0,28,19,53,5809,15,13,0,5409,7200,80,255,1
1761464375.7027783,14516211168466667019,37138,0,28,19,53,5809,15,13,0,5408,7200,80,255,1
1761464377.198442,14516211168466667019,37168,0,28,19,53,5809,15,13,0,5406,7200,80,255,1
1761464378.208308,14516211168466667019,37190,0,28,19,53,5809,15,13,0,5405,7200,80,255,1
1761464379.7006752,14516211168466667019,37222,0,28,19,53,5809,15,13,0,5404,7200,80,255,1
1761464381.1950455,14516211168466667019,37253,0,28,19,53,5809,15,13,0,5402,7200,80,255,1
1761464382.7071385,14516211168466667019,37287,0,28,19,53,5809,15,13,0,5401,7200,80,255,1
1761464384.2014282,14516211168466667019,37319,0,28,19,53,5809,15,13,0,5399,7200,80,255,1
1761464385.7087944,14516211168466667019,37352,0,28,19,53,5809,15,13,0,5398,7200,80,255,1
1761464387.2040617,14516211168466667019,37382,0,28,19,53,5809,15,13,0,5396,7200,80,255,1
1761464388.6948447,14516211168466667019,37413,0,28,19,53,5809,15,13,0,5395,7200,80,255,1
1761464389.7071402,14516211168466667019,37436,0,28,19,53,5809,15,13,0,5394,7200,80,255,1
1761464391.199246,14516211168466667019,37468,0,28,19,53,5809,15,13,0,5392,7200,80,255,1
1761464392.6941109,14516211168466667019,37500,1,28,19,53,5809,15,13,0,5391,7200,80,255,1
1761464393.7067876,14516211168466667019,37521,1,28,19,53,5809,15,13,0,5390,7200,80,255,1
1761464395.2023356,14516211168466667019,37552,1,28,19,53,5809,15,13,0,5388,7200,80,255,1
1761464396.702606,14516211168466667019,37584,1,28,19,53,5809,15,13,0,5387,7200,80,255,1
1761464398.1952157,14516211168466667019,37617,1,28,19,53,5809,15,13,0,5385,7200,80,255,1
1761464399.207158,14516211168466667019,37639,1,28,19,53,5809,15,13,0,5384,7200,80,255,1
1761464400.2077653,14516211168466667019,37661,1,28,19,53,5809,15,13,0,5383,7200,80,255,1
1761464401.7040284,14516211168466667019,37692,1,28,19,53,5809,15,13,0,5382,7200,80,255,1
1761464403.2008502,14516211168466667019,37724,1,28,19,53,5809,15,13,0,5380,7200,80,255,1
1761464404.2098541,14516211168466667019,37745,1,28,19,53,5809,15,13,0,5379,7200,80,255,1
1761464405.7040098,14516211168466667019,37776,1,28,19,53,5809,15,13,0,5378,7200,80,255,1
1761464407.2006764,14516211168466667019,37807,1,28,19,53,5809,15,13,0,5376,7200,80,255,1
1761464408.6997795,14516211168466667019,37838,1,28,19,53,5809,15,13,0,5375,7200,80,255,1
1761464409.7086542,14516211168466667019,37859,1,28,19,53,5809,15,13,0,5374,7200,80,255,1
1761464411.202898,14516211168466667019,37889,1,28,19,53,5809,15,13,0,5372,7200,80,255,1
1761464412.7051413,14516211168466667019,37922,1,28,19,53,5809,15,13,0,5371,7200,80,255,1
1761464414.1993685,14516211168466667019,37953,1,28,19,53,5809,15,13,0,5369,7200,80,255,1
1761464415.2083833,14516211168466667019,37974,1,28,19,53,5809,15,13,0,5368,7200,80,255,1
1761464416.7089775,14516211168466667019,38005,1,28,19,53,5809,15,13,0,5367,7200,80,255,1
1761464418.201493,14516211168466667019,38037,1,28,19,53,5809,15,13,0,5365,7200,80,255,1
1761464419.696886,14516211168466667019,38069,1,28,19,53,5809,15,13,0,5364,7200,80,255,1
1761464420.7037988,14516211168466667019,38092,1,28,19,53,5809,15,13,0,5363,7200,80,255,1
1761464422.2050104,14516211168466667019,38124,1,28,19,53,5809,15,13,0,5361,7200,80,255,1
1761464423.7048986,14516211168466667019,38156,1,28,19,53,5809,15,13,0,5360,7200,80,255,1
1761464425.2015846,14516211168466667019,38189,1,28,19,53,5809,15,13,0,5358,7200,80,255,1
1761464426.7043624,14516211168466667019,38222,1,28,19,53,5809,15,13,0,5357,7200,80,255,1
1761464428.199889,14516211168466667019,38254,1,28,19,53,5809,15,13,0,5355,7200,80,255,1
1761464429.2105944,14516211168466667019,38278,1,28,19,53,5809,15,13,0,5354,7200,80,255,1
1761464430.7084312,14516211168466667019,38310,1,28,19,53,5809,15,13,0,5353,7200,80,255,1
1761464432.2096944,14516211168466667019,38341,1,28,19,53,5809,15,13,0,5351,7200,80,255,1
1761464433.704246,14516211168466667019,38371,1,28,19,53,5809,15,13,0,5350,7200,80,255,1
1761464435.2046359,14516211168466667019,38404,1,28,19,53,5809,15,13,0,5348,7200,80,255,1
1761464436.7058878,14516211168466667019,38437,1,28,19,53,5809,15,13,0,5347,7200,80,255,1
1761464438.1986432,14516211168466667019,38470,1,28,19,53,5809,15,13,0,5345,7200,80,255,1
1761464439.1996014,14516211168466667019,38491,1,28,19,53,5809,15,13,0,5344,7200,80,255,1
1761464440.6985302,14516211168466667019,38524,1,28,19,53,5809,15,13,0,5343,7200,80,255,1
1761464441.7016382,14516211168466667019,38544,1,28,19,53,5809,15,13,0,5342,7200,80,255,1
1761464443.2016268,14516211168466667019,38576,1,28,19,53,5809,15,13,0,5340,7200,80,255,1
1761464444.6965494,14516211168466667019,38607,1,28,19,53,5809,15,13,0,5339,7200,80,255,1
1761464445.7069209,14516211168466667019,38628,1,28,19,53,5809,15,13,0,5338,7200,80,255,1
1761464447.2070837,14516211168466667019,38661,1,28,19,53,5809,15,13,0,5336,7200,80,255,1
1761464448.7043962,14516211168466667019,38693,1,28,19,53,5809,15,13,0,5335,7200,80,255,1
1761464450.2028084,14516211168466667019,38726,1,28,19,53,5809,15,13,0,5333,7200,80,255,1
1761464451.698335,14516211168466667019,38757,1,28,19,53,5809,15,13,0,5332,7200,80,255,1
1761464453.1945887,14516211168466667019,38790,1,28,19,53,5809,15,13,0,5330,7200,80,255,1
1761464454.2106066,14516211168466667019,38813,1,28,19,53,5809,15,13,0,5329,7200,80,255,1
1761464455.7070103,14516211168466667019,38846,1,28,19,53,5809,15,13,0,5328,7200,80,255,1
1761464456.7082276,14516211168466667019,38868,1,28,19,53,5809,15,13,0,5327,7200,80,255,1
1761464458.2058578,14516211168466667019,38900,1,28,19,53,5809,15,13,0,5325,7200,80,255,1
1761464459.70235,14516211168466667019,38932,1,28,19,53,5809,15,13,0,5324,7200,80,255,1
1761464461.199614,14516211168466667019,38963,1,28,19,53,5809,15,13,0,5322,7200,80,255,1
1761464462.201277,14516211168466667019,38985,1,28,19,53,5809,15,13,0,5321,7200,80,255,1
1761464463.6938019,14516211168466667019,39016,1,28,19,53,5809,15,13,0,5320,7200,80,255,1
1761464464.7071867,14516211168466667019,39038,1,28,19,53,5809,15,13,0,5319,7200,80,255,1
1761464466.202809,14516211168466667019,39071,1,28,19,53,5809,15,13,0,5317,7200,80,255,1
1761464467.203119,14516211168466667019,39092,1,28,19,53,5809,15,13,0,5316,7200,80,255,1
1761464468.6955328,14516211168466667019,39123,1,28,19,53,5809,15,13,0,5315,7200,80,255,1
1761464470.209277,14516211168466667019,39158,1,28,19,53,5809,15,13,0,5313,7200,80,255,1
1761464471.6955094,14516211168466667019,39189,1,28,19,53,5809,15,13,0,5312,7200,80,255,1
1761464472.709314,14516211168466667019,39212,1,28,19,53,5809,15,13,0,5311,7200,80,255,1
1761464474.2027278,14516211168466667019,39245,1,28,19,53,5809,15,13,0,5309,7200,80,255,1
1761464475.700604,14516211168466667019,39277,1,28,19,53,5809,15,13,0,5308,7200,80,255,1
1761464476.7006416,14516211168466667019,39298,1,28,19,53,5809,15,13,0,5307,7200,80,255,1
1761464478.19505,14516211168466667019,39331,1,28,19,53,5809,15,13,0,5305,7200,80,255,1
1761464479.2070863,14516211168466667019,39354,1,28,19,53,5809,15,13,0,5304,7200,80,255,1
1761464480.7024043,14516211168466667019,39387,1,28,19,53,5809,15,13,0,5303,7200,80,255,1
1761464481.7031488,14516211168466667019,39407,1,28,19,53,5809,15,13,0,5302,7200,80,255,1
1761464483.194883,14516211168466667019,39440,1,28,19,53,5809,15,13,0,5300,7200,80,255,1
1761464484.207214,14516211168466667019,39462,1,28,19,53,5809,15,13,0,5299,7200,80,255,1
1761464485.7023032,14516211168466667019,39493,1,28,19,53,5809,15,13,0,5298,7200,80,255,1
1761464486.705091,14516211168466667019,39514,1,28,19,53,5809,15,13,0,5297,7200,80,255,1
1761464488.200601,14516211168466667019,39546,1,28,19,53,5809,15,13,0,5295,7200,80,255,1
1761464489.6998515,14516211168466667019,39580,1,28,19,53,5809,15,13,0,5294,7200,80,255,1
1761464491.1946595,14516211168466667019,39610,1,28,19,53,5809,15,13,0,5292,7200,80,255,1
1761464492.1982276,14516211168466667019,39632,1,28,19,53,5809,15,13,0,5291,7200,80,255,1
1761464493.6942925,14516211168466667019,39664,1,28,19,53,5809,15,13,0,5290,7200,80,255,1
1761464494.6947932,14516211168466667019,39687,1,28,19,53,5809,15,13,0,5289,7200,80,255,1
1761464495.694996,14516211168466667019,39709,1,28,19,53,5809,15,13,0,5288,7200,80,255,1
1761464496.704934,14516211168466667019,39731,1,28,19,53,5809,15,13,0,5287,7200,80,255,1
1761464498.1959965,14516211168466667019,39763,1,28,19,53,5809,15,13,0,5285,7200,80,255,1
1761464499.6951745,14516211168466667019,39796,1,28,19,53,5809,15,13,0,5284,7200,80,255,1
1761464501.2085986,14516211168466667019,39831,1,28,19,53,5809,15,13,0,5282,7200,80,255,1
1761464502.694932,14516211168466667019,39863,1,28,19,53,5809,15,13,0,5281,7200,80,255,1
1761464504.1938314,14516211168466667019,39897,1,28,19,53,5809,15,13,0,5279,7200,80,255,1
1761464505.209541,14516211168466667019,39919,1,28,19,53,5809,15,13,0,5278,7200,80,255,1
1761464506.7037172,14516211168466667019,39951,1,28,19,53,5809,15,13,0,5277,7200,80,255,1
1761464508.1936574,14516211168466667019,39983,1,28,19,53,5809,15,13,0,5276,7200,80,255,1
1761464509.207175,14516211168466667019,40007,1,28,19,53,5809,15,13,0,5274,7200,80,255,1
1761464510.7040658,14516211168466667019,40039,1,28,19,53,5809,15,13,0,5273,7200,80,255,1
1761464511.712686,14516211168466667019,40061,1,28,19,53,5809,15,13,0,5272,7200,80,255,1
1761464513.2041206,14516211168466667019,40091,1,28,19,53,5809,15,13,0,5270,7200,80,255,1
1761464514.7012398,14516211168466667019,40122,1,28,19,53,5809,15,13,0,5269,7200,80,255,1
1761464516.1982946,14516211168466667019,40153,1,28,19,53,5809,15,13,0,5267,7200,80,255,1
1761464517.2036312,14516211168466667019,40173,1,28,19,53,5809,15,13,0,5266,7200,80,255,1
1761464518.6993122,14516211168466667019,40204,1,28,19,53,5809,15,13,0,5265,7200,80,255,1
1761464520.2004418,14516211168466667019,40236,1,28,19,53,5809,15,13,0,5263,7200,80,255,1
1761464521.6965039,14516211168466667019,40267,1,28,19,53,5809,15,13,0,5262,7200,80,255,1
1761464522.7013295,14516211168466667019,40288,1,28,19,53,5809,15,13,0,5261,7200,80,255,1
1761464524.2006295,14516211168466667019,40321,1,28,19,53,5809,15,13,0,5259,7200,80,255,1
1761464525.7006228,14516211168466667019,40352,1,28,19,53,5809,15,13,0,5258,7200,80,255,1
1761464527.2026303,14516211168466667019,40385,1,28,19,53,5809,15,13,0,5256,7200,80,255,1
1761464528.202673,14516211168466667019,40406,1,28,19,53,5809,15,13,0,5255,7200,80,255,1
1761464529.6998234,14516211168466667019,40438,1,28,19,53,5809,15,13,0,5254,7200,80,255,1
1761464530.7027066,14516211168466667019,40460,1,28,19,53,5809,15,13,0,5253,7200,80,255,1
1761464532.2030752,14516211168466667019,40492,1,28,19,53,5809,15,13,0,5251,7200,80,255,1
1761464533.7014341,14516211168466667019,40522,1,28,19,53,5809,15,13,0,5250,7200,80,255,1
1761464535.1972244,14516211168466667019,40553,1,28,19,53,5809,15,13,0,5248,7200,80,255,1
1761464536.7084093,14516211168466667019,40587,1,28,19,53,5809,15,13,0,5247,7200,80,255,1
1761464538.1954446,14516211168466667019,40618,1,28,19,53,5809,15,13,0,5246,7200,80,255,1
1761464539.2105107,14516211168466667019,40641,1,28,19,53,5809,15,13,0,5244,7200,80,255,1
1761464540.706664,14516211168466667019,40674,1,28,19,53,5809,15,13,0,5243,7200,80,255,1
1761464542.2053545,14516211168466667019,40706,1,28,19,53,5809,15,13,0,5241,7200,80,255,1
1761464543.7016366,14516211168466667019,40739,1,28,19,53,5809,15,13,0,5240,7200,80,255,1
1761464545.198398,14516211168466667019,40772,1,28,19,53,5809,15,13,0,5238,7200,80,255,1
1761464546.2085679,14516211168466667019,40795,1,28,19,53,5809,15,13,0,5237,7200,80,255,1
1761464547.7058635,14516211168466667019,40828,1,28,19,53,5809,15,13,0,5236,7200,80,255,1
1761464549.1990714,14516211168466667019,40859,1,28,19,53,5809,15,13,0,5234,7200,80,255,1
1761464550.208399,14516211168466667019,40880,1,28,19,53,5809,15,13,0,5233,7200,80,255,1
1761464551.6993856,14516211168466667019,40913,1,28,19,53,5809,15,13,0,5232,7200,80,255,1
1761464552.6994743,14516211168466667019,40935,1,28,19,53,5809,15,13,0,5231,7200,80,255,1
1761464554.1957734,14516211168466667019,40968,1,28,19,53,5809,15,13,0,5230,7200,80,255,1
1761464555.2083187,14516211168466667019,40991,1,28,19,53,5809,15,13,0,5228,7200,80,255,1
1761464556.7012079,14516211168466667019,41022,1,28,19,53,5809,15,13,0,5227,7200,80,255,1
1761464558.1957095,14516211168466667019,41054,1,28,19,53,5809,15,13,0,5226,7200,80,255,1
1761464559.2073636,14516211168466667019,41078,1,28,19,53,5809,15,13,0,5224,7200,80,255,1
1761464560.7014446,14516211168466667019,41109,1,28,19,53,5809,15,13,0,5223,7200,80,255,1
1761464562.1966193,14516211168466667019,41140,1,28,19,53,5809,15,13,0,5222,7200,80,255,1
1761464563.1967368,14516211168466667019,41160,1,28,19,53,5809,15,13,0,5221,7200,80,255,1
1761464564.7081685,14516211168466667019,41194,1,28,19,53,5809,15,13,0,5219,7200,80,255,1
1761464566.1993728,14516211168466667019,41226,1,28,19,53,5809,15,13,0,5217,7200,80,255,1
1761464567.1996412,14516211168466667019,41248,1,28,19,53,5809,15,13,0,5216,7200,80,255,1
1761464568.2083795,14516211168466667019,41270,1,28,19,53,5809,15,13,0,5215,7200,80,255,1
1761464569.7058847,14516211168466667019,41302,1,28,19,53,5809,15,13,0,5214,7200,80,255,1
1761464570.7060444,14516211168466667019,41325,1,28,19,53,5809,15,13,0,5213,7200,80,255,1
1761464572.2023926,14516211168466667019,41357,1,28,19,53,5809,15,13,0,5211,7200,80,255,1
1761464573.698422,14516211168466667019,41390,1,28,19,53,5809,15,13,0,5210,7200,80,255,1
1761464575.1960573,14516211168466667019,41422,1,28,19,53,5809,15,13,0,5209,7200,80,255,1
1761464576.7076552,14516211168466667019,41456,1,28,19,53,5809,15,13,0,5207,7200,80,255,1
1761464577.7084901,14516211168466667019,41480,1,28,19,53,5809,15,13,0,5206,7200,80,255,1
1761464579.2035117,14516211168466667019,41512,1,28,19,53,5809,15,13,0,5204,7200,80,255,1
1761464580.7013464,14516211168466667019,41544,1,28,19,53,5809,15,13,0,5203,7200,80,255,1
1761464582.203522,14516211168466667019,41574,1,28,19,53,5809,15,13,0,5201,7200,80,255,1
1761464583.6995187,14516211168466667019,41605,1,28,19,53,5809,15,13,0,5200,7200,80,255,1
1761464585.196534,14516211168466667019,41637,1,28,19,53,5809,15,13,0,5199,7200,80,255,1
1761464586.203676,14516211168466667019,41659,1,28,19,53,5809,15,13,0,5197,7200,80,255,1
1761464587.212527,14516211168466667019,41679,1,28,19,53,5809,15,13,0,5196,7200,80,255,1
1761464588.7047606,14516211168466667019,41713,1,28,19,53,5809,15,13,0,5195,7200,80,255,1
1761464590.2005212,14516211168466667019,41745,1,28,19,53,5809,15,13,0,5193,7200,80,255,1
1761464591.6969268,14516211168466667019,41778,1,28,19,53,5809,15,13,0,5192,7200,80,255,1
1761464592.7025115,14516211168466667019,41800,1,28,19,53,5809,15,13,0,5191,7200,80,255,1
1761464594.1960917,14516211168466667019,41834,1,28,19,53,5809,15,13,0,5190,7200,80,255,1
1761464595.1981282,14516211168466667019,41856,1,28,19,53,5809,15,13,0,5189,7200,80,255,1
1761464596.6934972,14516211168466667019,41889,1,28,19,53,5809,15,13,0,5187,7200,80,255,1
1761464597.695014,14516211168466667019,41911,1,28,19,53,5809,15,13,0,5186,7200,80,255,1
1761464598.6959732,14516211168466667019,41933,1,28,19,53,5809,15,13,0,5185,7200,80,255,1
1761464600.193345,14516211168466667019,41966,1,28,19,53,5809,15,13,0,5184,7200,80,255,1
1761464601.2095504,14516211168466667019,41989,1,28,19,53,5809,15,13,0,5182,7200,80,255,1
1761464602.693542,14516211168466667019,42020,1,28,19,53,5809,15,13,0,5181,7200,80,255,1
1761464603.7064936,14516211168466667019,42042,1,28,19,53,5809,15,13,0,5180,7200,80,255,1
1761464605.2042277,14516211168466667019,42075,1,28,19,53,5809,15,13,0,5178,7200,80,255,1
1761464606.7013829,14516211168466667019,42106,1,28,19,53,5809,15,13,0,5177,7200,80,255,1
1761464607.7025917,14516211168466667019,42127,1,28,19,53,5809,15,13,0,5176,7200,80,255,1
1761464609.1973982,14516211168466667019,42159,1,28,19,53,5809,15,13,0,5175,7200,80,255,1
1761464610.1982486,14516211168466667019,42180,1,28,19,53,5809,15,13,0,5174,7200,80,255,1
1761464611.694947,14516211168466667019,42212,1,28,19,53,5809,15,13,0,5172,7200,80,255,1
1761464612.6982203,14516211168466667019,42234,1,28,19,53,5809,15,13,0,5171,7200,80,255,1
1761464613.6983867,14516211168466667019,42256,1,28,19,53,5809,15,13,0,5170,7200,80,255,1
1761464615.1994414,14516211168466667019,42287,1,28,19,53,5809,15,13,0,5169,7200,80,255,1
1761464616.2034066,14516211168466667019,42309,1,28,19,53,5809,15,13,0,5167,7200,80,255,1
1761464617.2066689,14516211168466667019,42329,1,28,19,53,5809,15,13,0,5166,7200,80,255,1
1761464618.706967,14516211168466667019,42361,1,28,19,53,5809,15,13,0,5165,7200,80,255,1
1761464620.2057884,14516211168466667019,42392,1,28,19,53,5809,15,13,0,5163,7200,80,255,1
1761464621.703561,14516211168466667019,42424,1,28,19,53,5809,15,13,0,5162,7200,80,255,1
1761464623.1934493,14516211168466667019,42456,1,28,19,53,5809,15,13,0,5161,7200,80,255,1
1761464624.2096171,14516211168466667019,42480,1,28,19,53,5809,15,13,0,5159,7200,80,255,1
1761464625.6949008,14516211168466667019,42513,1,28,19,53,5809,15,13,0,5158,7200,80,255,1
1761464626.7088034,14516211168466667019,42536,1,28,19,53,5809,15,13,0,5157,7200,80,255,1
1761464628.194381,14516211168466667019,42566,1,28,19,53,5809,15,13,0,5156,7200,80,255,1
1761464629.2094178,14516211168466667019,42589,1,28,19,53,5809,15,13,0,5154,7200,80,255,1
1761464630.6934156,14516211168466667019,42622,1,28,19,53,5809,15,13,0,5153,7200,80,255,1
1761464631.706809,14516211168466667019,42644,1,28,19,53,5809,15,13,0,5152,7200,80,255,1
1761464632.709436,14516211168466667019,42665,1,28,19,53,5809,15,13,0,5151,7200,80,255,1
1761464634.2034051,14516211168466667019,42697,1,28,19,53,5809,15,13,0,5149,7200,80,255,1
1761464635.6996105,14516211168466667019,42728,1,28,19,53,5809,15,13,0,5148,7200,80,255,1
1761464637.2035806,14516211168466667019,42760,1,28,19,53,5809,15,13,0,5146,7200,80,255,1
1761464638.7023923,14516211168466667019,42792,1,28,19,53,5809,15,13,0,5145,7200,80,255,1
1761464640.1968613,14516211168466667019,42823,1,28,19,53,5809,15,13,0,5144,7200,80,255,1
1761464641.7093222,14516211168466667019,42857,1,28,19,53,5809,15,13,0,5142,7200,80,255,1
1761464643.2073164,14516211168466667019,42891,1,28,19,53,5809,15,13,0,5140,7200,80,255,1
1761464644.2080293,14516211168466667019,42913,1,28,19,53,5809,15,13,0,5139,7200,80,255,1
1761464645.6998777,14516211168466667019,42945,1,28,19,53,5809,15,13,0,5138,7200,80,255,1
1761464647.2010794,14516211168466667019,42977,1,28,19,53,5809,15,13,0,5137,7200,80,255,1
1761464648.6957126,14516211168466667019,43008,1,28,19,53,5809,15,13,0,5135,7200,80,255,1
1761464649.7067654,14516211168466667019,43030,1,28,19,53,5809,15,13,0,5134,7200,80,255,1
1761464651.1991363,14516211168466667019,43061,1,28,19,53,5809,15,13,0,5133,7200,80,255,1
1761464652.2003834,14516211168466667019,43082,1,28,19,53,5809,15,13,0,5132,7200,80,255,1
1761464653.6949234,14516211168466667019,43113,1,28,19,53,5809,15,13,0,5130,7200,80,255,1
1761464654.7081754,14516211168466667019,43135,1,28,19,53,5809,15,13,0,5129,7200,80,255,1
1761464656.2003574,14516211168466667019,43168,1,28,19,53,5809,15,13,0,5128,7200,80,255,1
1761464657.697036,14516211168466667019,43199,1,28,19,53,5809,15,13,0,5126,7200,80,255,1
1761464659.2102718,14516211168466667019,43232,1,28,19,53,5809,15,13,0,5124,7200,80,255,1
1761464660.705577,14516211168466667019,43263,1,28,19,53,5809,15,13,0,5123,7200,80,255,1
1761464662.2052848,14516211168466667019,43295,1,28,19,53,5809,15,13,0,5121,7200,80,255,1
1761464663.7022343,14516211168466667019,43327,1,28,19,53,5809,15,13,0,5120,7200,80,255,1
1761464665.2010865,14516211168466667019,43360,1,28,19,53,5809,15,13,0,5119,7200,80,255,1
1761464666.6958656,14516211168466667019,43393,1,28,19,53,5809,15,13,0,5117,7200,80,255,1
1761464667.6988418,14516211168466667019,43415,1,28,19,53,5809,15,13,0,5116,7200,80,255,1
1761464669.1966984,14516211168466667019,43448,1,28,19,53,5809,15,13,0,5115,7200,80,255,1
1761464670.2096913,14516211168466667019,43471,1,28,19,53,5809,15,13,0,5113,7200,80,255,1
1761464671.705606,14516211168466667019,43503,1,28,19,53,5809,15,13,0,5112,7200,80,255,1
1761464672.7066362,14516211168466667019,43525,1,28,19,53,5809,15,13,0,5111,7200,80,255,1
1761464674.204246,14516211168466667019,43556,1,28,19,53,5809,15,13,0,5110,7200,80,255,1
1761464675.7032523,14516211168466667019,43586,1,28,19,53,5809,15,13,0,5108,7200,80,255,1
1761464677.2010875,14516211168466667019,43617,1,28,19,53,5809,15,13,0,5107,7200,80,255,1
1761464678.202408,14516211168466667019,43638,1,28,19,53,5809,15,13,0,5106,7200,80,255,1
1761464679.6990569,14516211168466667019,43670,1,28,19,53,5809,15,13,0,5104,7200,80,255,1
1761464680.7022843,14516211168466667019,43690,1,28,19,53,5809,15,13,0,5103,7200,80,255,1
1761464682.206145,14516211168466667019,43723,1,28,19,53,5809,15,13,0,5102,7200,80,255,1
1761464683.7046528,14516211168466667019,43754,1,28,19,53,5809,15,13,0,5100,7200,80,255,1
1761464685.2045567,14516211168466667019,43786,1,28,19,53,5809,15,13,0,5099,7200,80,255,1
1761464686.705834,14516211168466667019,43818,1,28,19,53,5809,15,13,0,5097,7200,80,255,1
1761464687.7079465,14516211168466667019,43840,1,28,19,53,5809,15,13,0,5096,7200,80,255,1
1761464689.208423,14516211168466667019,43872,1,28,19,53,5809,15,13,0,5094,7200,80,255,1
1761464690.6939197,14516211168466667019,43905,1,28,19,53,5809,15,13,0,5093,7200,80,255,1
1761464691.6968331,14516211168466667019,43929,1,28,19,53,5809,15,13,0,5092,7200,80,255,1
1761464692.7031267,14516211168466667019,43950,1,28,19,53,5809,15,13,0,5091,7200,80,255,1
1761464694.20259,14516211168466667019,43982,1,28,19,53,5809,15,13,0,5090,7200,80,255,1
1761464695.2038999,14516211168466667019,44002,1,28,19,53,5809,15,13,0,5089,7200,80,255,1
1761464696.2056327,14516211168466667019,44022,1,28,19,53,5809,15,13,0,5088,7200,80,255,1
1761464697.6946228,14516211168466667019,44053,1,28,19,53,5809,15,13,0,5086,7200,80,255,1
1761464698.7095852,14516211168466667019,44076,1,28,19,53,5809,15,13,0,5085,7200,80,255,1
1761464700.1947155,14516211168466667019,44108,1,28,19,53,5809,15,13,0,5084,7200,80,255,1
1761464701.693603,14516211168466667019,44142,1,28,19,53,5809,15,13,0,5082,7200,80,255,1
1761464702.6973057,14516211168466667019,44165,1,28,19,53,5809,15,13,0,5081,7200,80,255,1
1761464703.6982892,14516211168466667019,44185,1,28,19,53,5809,15,13,0,5080,7200,80,255,1
1761464704.6992438,14516211168466667019,44206,1,28,19,53,5809,15,13,0,5079,7200,80,255,1
1761464705.7022884,14516211168466667019,44228,1,28,19,53,5809,15,13,0,5078,7200,80,255,1
1761464707.2082815,14516211168466667019,44260,1,28,19,53,5809,15,13,0,5076,7200,80,255,1
1761464708.697137,14516211168466667019,44292,1,28,19,53,5809,15,13,0,5075,7200,80,255,1
1761464709.7021224,14516211168466667019,44312,1,28,19,53,5809,15,13,0,5074,7200,80,255,1
1761464711.2022169,14516211168466667019,44346,1,28,19,53,5809,15,13,0,5072,7200,80,255,1
1761464712.6959,14516211168466667019,44378,1,28,19,53,5809,15,13,0,5071,7200,80,255,1
1761464713.6967077,14516211168466667019,44400,1,28,19,53,5809,15,13,0,5070,7200,80,255,1
1761464714.6982408,14516211168466667019,44421,1,28,19,53,5809,15,13,0,5069,7200,80,255,1
1761464715.698742,14516211168466667019,44441,1,28,19,53,5809,15,13,0,5068,7200,80,255,1
1761464716.7013607,14516211168466667019,44464,1,28,19,53,5809,15,13,0,5067,7200,80,255,1
1761464717.7087982,14516211168466667019,44484,1,28,19,53,5809,15,13,0,5066,7200,80,255,1
1761464719.194727,14516211168466667019,44517,1,28,19,53,5809,15,13,0,5064,7200,80,255,1
1761464720.196159,14516211168466667019,44539,1,28,19,53,5809,15,13,0,5063,7200,80,255,1
1761464721.196476,14516211168466667019,44562,1,28,19,53,5809,15,13,0,5062,7200,80,255,1
1761464722.6995056,14516211168466667019,44596,1,28,19,53,5809,15,13,0,5061,7200,80,255,1
1761464723.7010443,14516211168466667019,44616,1,28,19,53,5809,15,13,0,5060,7200,80,255,1
1761464725.1992755,14516211168466667019,44647,1,28,19,53,5809,15,13,0,5058,7200,80,255,1
1761464726.199435,14516211168466667019,44668,1,28,19,53,5809,15,13,0,5057,7200,80,255,1
1761464727.7045324,14516211168466667019,44701,1,28,19,53,5809,15,13,0,5056,7200,80,255,1
1761464729.204321,14516211168466667019,44733,1,28,19,53,5809,15,13,0,5054,7200,80,255,1
1761464730.2047398,14516211168466667019,44753,1,28,19,53,5809,15,13,0,5053,7200,80,255,1
1761464731.7016885,14516211168466667019,44785,1,28,19,53,5809,15,13,0,5052,7200,80,255,1
1761464732.7080688,14516211168466667019,44806,1,28,19,53,5809,15,13,0,5051,7200,80,255,1
1761464734.2094886,14516211168466667019,44837,1,28,19,53,5809,15,13,0,5049,7200,80,255,1
1761464735.7069879,14516211168466667019,44867,1,28,19,53,5809,15,13,0,5048,7200,80,255,1
1761464737.2059267,14516211168466667019,44901,1,28,19,53,5809,15,13,0,5046,7200,80,255,1
1761464738.708107,14516211168466667019,44934,1,28,19,53,5809,15,13,0,5045,7200,80,255,1
1761464740.2067518,14516211168466667019,44966,1,28,19,53,5809,15,13,0,5043,7200,80,255,1
1761464741.705118,14516211168466667019,44996,1,28,19,53,5809,15,13,0,5042,7200,80,255,1
1761464742.709154,14516211168466667019,45017,1,28,19,53,5809,15,13,0,5041,7200,80,255,1
1761464744.2067015,14516211168466667019,45049,1,28,19,53,5809,15,13,0,5039,7200,80,255,1
1761464745.2067974,14516211168466667019,45070,1,28,19,53,5809,15,13,0,5038,7200,80,255,1
1761464746.7042596,14516211168466667019,45103,1,28,19,53,5809,15,13,0,5037,7200,80,255,1
1761464747.708098,14516211168466667019,45123,1,28,19,53,5809,15,13,0,5036,7200,80,255,1
1761464748.7081804,14516211168466667019,45143,1,28,19,53,5809,15,13,0,5035,7200,80,255,1
1761464750.2038217,14516211168466667019,45175,1,28,19,53,5809,15,13,0,5033,7200,80,255,1
1761464751.7032635,14516211168466667019,45206,1,28,19,53,5809,15,13,0,5032,7200,80,255,1
1761464753.1944852,14516211168466667019,45238,1,28,19,53,5809,15,13,0,5030,7200,80,255,1
1761464754.1969762,14516211168466667019,45260,1,28,19,53,5809,15,13,0,5029,7200,80,255,1
1761464755.6992228,14516211168466667019,45292,1,28,19,53,5809,15,13,0,5028,7200,80,255,1
1761464757.1968734,14516211168466667019,45323,1,28,19,53,5809,15,13,0,5026,7200,80,255,1
1761464758.2044094,14516211168466667019,45345,1,28,19,53,5809,15,13,0,5025,7200,80,255,1
1761464759.7065153,14516211168466667019,45376,1,28,19,53,5809,15,13,0,5024,7200,80,255,1
1761464760.7089343,14516211168466667019,45398,1,28,19,53,5809,15,13,0,5023,7200,80,255,1
1761464761.7089365,14516211168466667019,45420,1,28,19,53,5809,15,13,0,5022,7200,80,255,1
1761464763.1961334,14516211168466667019,45452,1,28,19,53,5809,15,13,0,5020,7200,80,255,1
1761464764.696195,14516211168466667019,45484,1,28,19,53,5809,15,13,0,5019,7200,80,255,1
1761464765.6962037,14516211168466667019,45507,1,28,19,53,5809,15,13,0,5018,7200,80,255,1
1761464767.1966808,14516211168466667019,45540,1,28,19,53,5809,15,13,0,5016,7200,80,255,1
1761464768.2025669,14516211168466667019,45562,1,28,19,53,5809,15,13,0,5015,7200,80,255,1
1761464769.2032895,14516211168466667019,45584,1,28,19,53,5809,15,13,0,5014,7200,80,255,1
1761464770.206511,14516211168466667019,45605,1,28,19,53,5809,15,13,0,5013,7200,80,255,1
1761464771.2081969,14516211168466667019,45625,1,28,19,53,5809,15,13,0,5012,7200,80,255,1
1761464772.7041562,14516211168466667019,45657,1,28,19,53,5809,15,13,0,5011,7200,80,255,1
1761464773.7054248,14516211168466667019,45679,1,28,19,53,5809,15,13,0,5010,7200,80,255,1
1761464774.7092407,14516211168466667019,45700,1,28,19,53,5809,15,13,0,5009,7200,80,255,1
1761464776.1951563,14516211168466667019,45733,1,28,19,53,5809,15,13,0,5008,7200,80,255,1
1761464777.199297,14516211168466667019,45755,1,28,19,53,5809,15,13,0,5006,7200,80,255,1
1761464778.2042987,14516211168466667019,45779,1,28,19,53,5809,15,13,0,5005,7200,80,255,1
1761464779.2072716,14516211168466667019,45800,1,28,19,53,5809,15,13,0,5004,7200,80,255,1
1761464780.6944425,14516211168466667019,45834,1,28,19,53,5809,15,13,0,5003,7200,80,255,1
1761464781.700969,14516211168466667019,45858,1,28,19,53,5809,15,13,0,5002,7200,80,255,1
1761464782.7070882,14516211168466667019,45879,1,28,19,53,5809,15,13,0,5001,7200,80,255,1
1761464783.7090554,14516211168466667019,45902,1,28,19,53,5809,15,13,0,5000,7200,80,255,1
1761464785.1943996,14516211168466667019,45933,1,28,19,53,5809,15,13,0,4999,7200,80,255,1
1761464786.6971838,14516211168466667019,45967,1,28,19,53,5809,15,13,0,4997,7200,80,255,1
1761464787.7022076,14516211168466667019,45987,1,28,19,53,5809,15,13,0,4996,7200,80,255,1
1761464788.7024386,14516211168466667019,46008,1,28,19,53,5809,15,13,0,4995,7200,80,255,1
1761464789.7033978,14516211168466667019,46028,1,28,19,53,5809,15,13,0,4994,7200,80,255,1
1761464790.704601,14516211168466667019,46050,1,28,19,53,5809,15,13,0,4993,7200,80,255,1
1761464791.7064087,14516211168466667019,46072,1,28,19,53,5809,15,13,0,4992,7200,80,255,1
1761464793.1966097,14516211168466667019,46105,1,28,19,53,5809,15,13,0,4990,7200,80,255,1
1761464794.198064,14516211168466667019,46126,1,28,19,53,5809,15,13,0,4989,7200,80,255,1
1761464795.699452,14516211168466667019,46157,1,28,19,53,5809,15,13,0,4988,7200,80,255,1
1761464796.7007768,14516211168466667019,46178,1,28,19,53,5809,15,13,0,4987,7200,80,255,1
1761464798.19516,14516211168466667019,46210,1,28,19,53,5809,15,13,0,4986,7200,80,255,1
1761464799.1982286,14516211168466667019,46231,1,28,19,53,5809,15,13,0,4984,7200,80,255,1
1761464800.2057033,14516211168466667019,46252,1,28,19,53,5809,15,13,0,4983,7200,80,255,1
1761464801.6989985,14516211168466667019,46286,1,28,19,53,5809,15,13,0,4982,7200,80,255,1
1761464802.7084198,14516211168466667019,46308,1,28,19,53,5809,15,13,0,4981,7200,80,255,1
1761464804.211026,14516211168466667019,46341,1,28,19,53,5809,15,13,0,4979,7200,80,255,1
1761464805.696448,14516211168466667019,46373,1,28,19,53,5809,15,13,0,4978,7200,80,255,1
1761464806.7008486,14516211168466667019,46396,1,28,19,53,5809,15,13,0,4977,7200,80,255,1
1761464807.7058253,14516211168466667019,46418,1,28,19,53,5809,15,13,0,4976,7200,80,255,1
1761464808.7092223,14516211168466667019,46441,1,28,19,53,5809,15,13,0,4975,7200,80,255,1
1761464810.1992512,14516211168466667019,46473,1,28,19,53,5809,15,13,0,4973,7200,80,255,1
1761464811.203199,14516211168466667019,46494,1,28,19,53,5809,15,13,0,4972,7200,80,255,1
1761464812.2058017,14516211168466667019,46516,1,28,19,53,5809,15,13,0,4971,7200,80,255,1
1761464813.7011118,14516211168466667019,46548,1,28,19,53,5809,15,13,0,4970,7200,80,255,1
1761464814.704368,14516211168466667019,46571,1,28,19,53,5809,15,13,0,4969,7200,80,255,1
1761464816.193518,14516211168466667019,46605,1,28,19,53,5809,15,13,0,4968,7200,80,255,1
1761464817.1960192,14516211168466667019,46628,1,28,19,53,5809,15,13,0,4967,7200,80,255,1
1761464818.200207,14516211168466667019,46650,1,28,19,53,5809,15,13,0,4965,7200,80,255,1
1761464819.2033958,14516211168466667019,46671,1,28,19,53,5809,15,13,0,4964,7200,80,255,1
1761464820.2088554,14516211168466667019,46693,1,28,19,53,5809,15,13,0,4963,7200,80,255,1
1761464821.69479,14516211168466667019,46727,1,28,19,53,5809,15,13,0,4962,7200,80,255,1
1761464822.6991522,14516211168466667019,46750,1,28,19,53,5809,15,13,0,4961,7200,80,255,1
1761464823.701926,14516211168466667019,46772,1,28,19,53,5809,15,13,0,4960,7200,80,255,1
1761464824.702055,14516211168466667019,46793,1,28,19,53,5809,15,13,0,4959,7200,80,255,1
1761464825.7045393,14516211168466667019,46814,1,28,19,53,5809,15,13,0,4958,7200,80,255,1
1761464826.7065363,14516211168466667019,46836,1,28,19,53,5809,15,13,0,4957,7200,80,255,1
1761464828.1971362,14516211168466667019,46867,1,28,19,53,5809,15,13,0,4956,7200,80,255,1
1761464829.2001364,14516211168466667019,46888,1,28,19,53,5809,15,13,0,4954,7200,80,255,1
1761464830.2009878,14516211168466667019,46909,1,28,19,53,5809,15,13,0,4953,7200,80,255,1
1761464831.200992,14516211168466667019,46931,1,28,19,53,5809,15,13,0,4952,7200,80,255,1
1761464832.704465,14516211168466667019,46963,1,28,19,53,5809,15,13,0,4951,7200,80,255,1
1761464834.2035437,14516211168466667019,46995,1,28,19,53,5809,15,13,0,4949,7200,80,255,1
1761464835.204431,14516211168466667019,47016,1,28,19,53,5809,15,13,0,4948,7200,80,255,1
1761464836.7032804,14516211168466667019,47048,1,28,19,53,5809,15,13,0,4947,7200,80,255,1
1761464837.7100523,14516211168466667019,47071,1,28,19,53,5809,15,13,0,4946,7200,80,255,1
1761464839.2079515,14516211168466667019,47103,1,28,19,53,5809,15,13,0,4944,7200,80,255,1
1761464840.693806,14516211168466667019,47138,1,28,19,53,5809,15,13,0,4943,7200,80,255,1
1761464841.6953573,14516211168466667019,47160,1,28,19,53,5809,15,13,0,4942,7200,80,255,1
1761464842.699201,14516211168466667019,47182,1,28,19,53,5809,15,13,0,4941,7200,80,255,1
1761464843.7002163,14516211168466667019,47203,1,28,19,53,5809,15,13,0,4940,7200,80,255,1
1761464844.7010827,14516211168466667019,47225,1,28,19,53,5809,15,13,0,4939,7200,80,255,1
1761464845.704467,14516211168466667019,47246,1,28,19,53,5809,15,13,0,4938,7200,80,255,1
1761464846.7076938,14516211168466667019,47268,1,28,19,53,5809,15,13,0,4937,7200,80,255,1
1761464848.19631,14516211168466667019,47300,1,28,19,53,5809,15,13,0,4936,7200,80,255,1
1761464849.1965044,14516211168466667019,47324,1,28,19,53,5809,15,13,0,4935,7200,80,255,1
1761464850.1978145,14516211168466667019,47346,1,28,19,53,5809,15,13,0,4934,7200,80,255,1
1761464851.698802,14516211168466667019,47379,1,28,19,53,5809,15,13,0,4932,7200,80,255,1
1761464852.7021785,14516211168466667019,47401,1,28,19,53,5809,15,13,0,4931,7200,80,255,1
1761464853.7048845,14516211168466667019,47423,1,28,19,53,5809,15,13,0,4930,7200,80,255,1
1761464855.2051628,14516211168466667019,47455,1,28,19,53,5809,15,13,0,4928,7200,80,255,1
1761464856.206459,14516211168466667019,47477,1,28,19,53,5809,15,13,0,4927,7200,80,255,1
1761464857.6977935,14516211168466667019,47511,1,28,19,53,5809,15,13,0,4926,7200,80,255,1
1761464858.701508,14516211168466667019,47532,1,28,19,53,5809,15,13,0,4925,7200,80,255,1
1761464859.7018728,14516211168466667019,47552,1,28,19,53,5809,15,13,0,4924,7200,80,255,1
1761464860.70286,14516211168466667019,47573,1,28,19,53,5809,15,13,0,4923,7200,80,255,1
1761464861.7054086,14516211168466667019,47594,1,28,19,53,5809,15,13,0,4922,7200,80,255,1
1761464863.1989067,14516211168466667019,47626,1,28,19,53,5809,15,13,0,4921,7200,80,255,1
1761464864.2009296,14516211168466667019,47649,1,28,19,53,5809,15,13,0,4919,7200,80,255,1
1761464865.2061877,14516211168466667019,47671,1,28,18,53,5809,15,13,0,4918,7200,80,255,1
1761464866.6947532,14516211168466667019,47703,1,28,18,53,5809,15,13,0,4917,7200,80,255,1
1761464867.7076707,14516211168466667019,47725,1,28,18,53,5809,15,13,0,4916,7200,80,255,1
1761464869.196657,14516211168466667019,47757,1,28,18,53,5809,15,13,0,4915,7200,80,255,1
1761464870.2000453,14516211168466667019,47779,1,28,18,53,5809,15,13,0,4913,7200,80,255,1
1761464871.2014399,14516211168466667019,47801,1,28,18,53,5809,15,13,0,4912,7200,80,255,1
1761464872.2041512,14516211168466667019,47822,1,28,18,53,5809,15,13,0,4911,7200,80,255,1
1761464873.7008028,14516211168466667019,47854,1,28,18,53,5809,15,13,0,4910,7200,80,255,1
1761464874.7094166,14516211168466667019,47875,1,28,18,53,5809,15,13,0,4909,7200,80,255,1
1761464876.200216,14516211168466667019,47906,1,28,18,53,5809,15,13,0,4908,7200,80,255,1
1761464877.6942577,14516211168466667019,47940,1,28,18,53,5809,15,13,0,4906,7200,80,255,1
1761464878.7062259,14516211168466667019,47962,1,28,18,53,5809,15,13,0,4905,7200,80,255,1
1761464880.194223,14516211168466667019,47994,1,28,18,53,5809,15,13,0,4904,7200,80,255,1
1761464881.2077644,14516211168466667019,48016,1,28,18,53,5809,15,13,0,4902,7200,80,255,1
1761464882.6990945,14516211168466667019,48048,1,28,18,53,5809,15,13,0,4901,7200,80,255,1
1761464883.7080657,14516211168466667019,48070,1,28,18,53,5809,15,13,0,4900,7200,80,255,1
1761464885.195754,14516211168466667019,48102,1,28,18,53,5809,15,13,0,4899,7200,80,255,1
1761464886.2101114,14516211168466667019,48124,1,28,18,53,5809,15,13,0,4897,7200,80,255,1
1761464887.7121897,14516211168466667019,48156,1,28,18,53,5809,15,13,0,4896,7200,80,255,1
1761464889.1934292,14516211168466667019,48188,1,28,18,53,5809,15,13,0,4895,7200,80,255,1
1761464890.206082,14516211168466667019,48210,1,28,18,53,5809,15,13,0,4893,7200,80,255,1
1761464891.709519,14516211168466667019,48243,1,28,18,53,5809,15,13,0,4892,7200,80,255,1
1761464893.1940236,14516211168466667019,48276,1,28,18,53,5809,15,13,0,4891,7200,80,255,1
1761464894.2087512,14516211168466667019,48299,1,28,18,53,5809,15,13,0,4889,7200,80,255,1
1761464895.7060163,14516211168466667019,48331,1,28,18,53,5809,15,13,0,4888,7200,80,255,1
1761464897.1977289,14516211168466667019,48362,1,28,18,53,5809,15,13,0,4887,7200,80,255,1
1761464898.6981027,14516211168466667019,48395,1,28,18,53,5809,15,13,0,4885,7200,80,255,1
1761464899.7067084,14516211168466667019,48417,1,28,18,53,5809,15,13,0,4884,7200,80,255,1
1761464901.2052402,14516211168466667019,48449,1,28,18,53,5809,15,13,0,4882,7200,80,255,1
1761464902.701794,14516211168466667019,48481,1,28,18,53,5809,15,13,0,4881,7200,80,255,1
1761464904.2019513,14516211168466667019,48512,1,28,18,53,5809,15,13,0,4880,7200,80,255,1
1761464905.6991978,14516211168466667019,48545,1,28,18,53,5809,15,13,0,4878,7200,80,255,1
1761464906.707871,14516211168466667019,48566,1,28,18,53,5809,15,13,0,4877,7200,80,255,1
1761464908.1966856,14516211168466667019,48597,1,28,18,53,5809,15,13,0,4876,7200,80,255,1
1761464909.205479,14516211168466667019,48619,1,28,18,53,5809,15,13,0,4874,7200,80,255,1
1761464910.7017367,14516211168466667019,48652,1,28,18,53,5809,15,13,0,4873,7200,80,255,1
1761464912.197657,14516211168466667019,48684,1,28,18,53,5809,15,13,0,4872,7200,80,255,1
1761464913.2077482,14516211168466667019,48704,1,28,18,53,5809,15,13,0,4870,7200,80,255,1
1761464914.7040648,14516211168466667019,48736,1,28,18,53,5809,15,13,0,4869,7200,80,255,1
1761464916.1964793,14516211168466667019,48769,1,28,18,53,5809,15,13,0,4868,7200,80,255,1
1761464917.2014377,14516211168466667019,48791,1,28,18,53,5809,15,13,0,4867,7200,80,255,1
1761464918.6990469,14516211168466667019,48823,1,28,18,53,5809,15,13,0,4865,7200,80,255,1
1761464919.7066875,14516211168466667019,48844,1,28,18,53,5809,15,13,0,4864,7200,80,255,1
1761464921.20311,14516211168466667019,48877,1,28,18,53,5809,15,13,0,4863,7200,80,255,1
1761464922.2075508,14516211168466667019,48897,1,28,18,53,5809,15,13,0,4861,7200,80,255,1
1761464923.7028637,14516211168466667019,48929,1,28,18,53,5809,15,13,0,4860,7200,80,255,1
1761464924.7077696,14516211168466667019,48951,1,28,18,53,5809,15,13,0,4859,7200,80,255,1
1761464926.199148,14516211168466667019,48982,1,28,18,53,5809,15,13,0,4858,7200,80,255,1
1761464927.2053485,14516211168466667019,49004,1,28,18,53,5809,15,13,0,4856,7200,80,255,1
1761464928.7020109,14516211168466667019,49035,1,28,18,53,5809,15,13,0,4855,7200,80,255,1
1761464929.7060869,14516211168466667019,49057,1,28,18,53,5809,15,13,0,4854,7200,80,255,1
1761464931.197719,14516211168466667019,49089,1,28,18,53,5809,15,13,0,4853,7200,80,255,1
1761464932.2021449,14516211168466667019,49111,1,28,18,53,5809,15,13,0,4852,7200,80,255,1
1761464933.6992826,14516211168466667019,49142,1,28,18,53,5809,15,13,0,4850,7200,80,255,1
1761464934.7071548,14516211168466667019,49163,1,28,18,53,5809,15,13,0,4849,7200,80,255,1
1761464936.1992216,14516211168466667019,49196,1,28,18,53,5809,15,13,0,4848,7200,80,255,1
1761464937.2058465,14516211168466667019,49218,1,28,18,53,5809,15,13,0,4846,7200,80,255,1
1761464938.7008302,14516211168466667019,49251,1,28,18,53,5809,15,13,0,4845,7200,80,255,1
1761464939.70699,14516211168466667019,49273,1,28,18,53,5809,15,13,0,4844,7200,80,255,1
1761464941.1987035,14516211168466667019,49306,1,28,18,53,5809,15,13,0,4843,7200,80,255,1
1761464942.2024689,14516211168466667019,49328,1,28,18,53,5809,15,13,0,4842,7200,80,255,1
1761464943.6962204,14516211168466667019,49360,1,28,18,53,5809,15,13,0,4840,7200,80,255,1
1761464944.7009785,14516211168466667019,49383,1,28,18,53,5809,15,13,0,4839,7200,80,255,1
1761464945.7052593,14516211168466667019,49404,1,28,18,53,5809,15,13,0,4838,7200,80,255,1
1761464947.2007346,14516211168466667019,49438,1,28,18,53,5809,15,13,0,4837,7200,80,255,1
1761464948.208886,14516211168466667019,49460,1,28,18,53,5809,15,13,0,4835,7200,80,255,1
1761464949.7021925,14516211168466667019,49491,1,28,18,53,5809,15,13,0,4834,7200,80,255,1
1761464951.1987486,14516211168466667019,49523,1,28,18,53,5809,15,13,0,4833,7200,80,255,1
1761464952.207873,14516211168466667019,49545,1,28,18,53,5809,15,13,0,4831,7200,80,255,1
1761464953.7043154,14516211168466667019,49578,1,28,18,53,5809,15,13,0,4830,7200,80,255,1
1761464955.2030995,14516211168466667019,49611,1,28,18,53,5809,15,13,0,4829,7200,80,255,1
1761464956.702159,14516211168466667019,49646,1,28,18,53,5809,15,13,0,4827,7200,80,255,1
1761464958.207801,14516211168466667019,49678,1,28,18,53,5809,15,13,0,4825,7200,80,255,1
1761464959.7077403,14516211168466667019,49710,1,28,18,53,5809,15,13,0,4824,7200,80,255,1
1761464961.2027063,14516211168466667019,49743,1,28,18,53,5809,15,13,0,4823,7200,80,255,1
1761464962.2091513,14516211168466667019,49763,1,28,18,53,5809,15,13,0,4821,7200,80,255,1
1761464963.7093587,14516211168466667019,49794,1,28,18,53,5809,15,13,0,4820,7200,80,255,1
1761464965.2055564,14516211168466667019,49826,1,28,18,53,5809,15,13,0,4818,7200,80,255,1
1761464966.7029903,14516211168466667019,49858,1,28,18,53,5809,15,13,0,4817,7200,80,255,1
1761464968.2047575,14516211168466667019,49890,1,28,18,53,5809,15,13,0,4815,7200,80,255,1
1761464969.7014349,14516211168466667019,49921,1,28,18,53,5809,15,13,0,4814,7200,80,255,1
1761464971.2008162,14516211168466667019,49955,1,28,18,53,5809,15,13,0,4813,7200,80,255,1
1761464972.2092235,14516211168466667019,49976,1,28,18,53,5809,15,13,0,4811,7200,80,255,1
1761464973.7075744,14516211168466667019,50008,1,28,18,53,5809,15,13,0,4810,7200,80,255,1
1761464975.204256,14516211168466667019,50040,1,28,18,53,5809,15,13,0,4809,7200,80,255,1
1761464976.2078645,14516211168466667019,50063,1,28,18,53,5809,15,13,0,4807,7200,80,255,1
1761464977.7059002,14516211168466667019,50095,1,28,18,53,5809,15,13,0,4806,7200,80,255,1
1761464979.2074971,14516211168466667019,50128,1,28,18,53,5809,15,13,0,4804,7200,80,255,1
1761464980.706173,14516211168466667019,50160,1,28,18,53,5809,15,13,0,4803,7200,80,255,1
1761464982.2033117,14516211168466667019,50194,1,28,18,53,5809,15,13,0,4802,7200,80,255,1
1761464983.7067132,14516211168466667019,50226,1,28,18,53,5809,15,13,0,4800,7200,80,255,1
1761464985.2063868,14516211168466667019,50259,1,28,18,53,5809,15,13,0,4798,7200,80,255,1
1761464986.705656,14516211168466667019,50292,1,28,18,53,5809,15,13,0,4797,7200,80,255,1
1761464988.1989794,14516211168466667019,50323,1,28,18,53,5809,15,13,0,4796,7200,80,255,1
1761464989.6989512,14516211168466667019,50357,1,28,18,53,5809,15,13,0,4794,7200,80,255,1
1761464990.7089179,14516211168466667019,50380,1,28,18,53,5809,15,13,0,4793,7200,80,255,1
1761464992.2060757,14516211168466667019,50413,1,28,18,53,5809,15,13,0,4791,7200,80,255,1
1761464993.695237,14516211168466667019,50445,1,28,18,53,5809,15,13,0,4790,7200,80,255,1
1761464994.7054863,14516211168466667019,50467,1,28,18,53,5809,15,13,0,4789,7200,80,255,1
1761464996.2045465,14516211168466667019,50500,1,28,18,53,5809,15,13,0,4788,7200,80,255,1
1761464997.7063,14516211168466667019,50533,1,28,18,53,5809,15,13,0,4786,7200,80,255,1
1761464998.706332,14516211168466667019,50554,1,28,18,53,5809,15,13,0,4785,7200,80,255,1
1761465000.206276,14516211168466667019,50586,1,28,18,53,5809,15,13,0,4783,7200,80,255,1
1761465001.707674,14516211168466667019,50618,1,28,18,53,5809,15,13,0,4782,7200,80,255,1
1761465003.1978834,14516211168466667019,50649,1,28,18,53,5809,15,13,0,4781,7200,80,255,1
1761465004.2078056,14516211168466667019,50672,1,28,18,53,5809,15,13,0,4779,7200,80,255,1
1761465005.7076197,14516211168466667019,50703,1,28,18,53,5809,15,13,0,4778,7200,80,255,1
1761465007.2041652,14516211168466667019,50734,1,28,18,53,5809,15,13,0,4777,7200,80,255,1
1761465008.700473,14516211168466667019,50768,1,28,18,53,5809,15,13,0,4775,7200,80,255,1
1761465009.7020524,14516211168466667019,50789,1,28,18,53,5809,15,13,0,4774,7200,80,255,1
1761465010.704171,14516211168466667019,50810,1,28,18,53,5809,15,13,0,4773,7200,80,255,1
1761465012.2032995,14516211168466667019,50841,1,28,18,53,5809,15,13,0,4772,7200,80,255,1
1761465013.708975,14516211168466667019,50875,1,28,18,53,5809,15,13,0,4770,7200,80,255,1
1761465015.194399,14516211168466667019,50908,1,28,18,53,5809,15,13,0,4769,7200,80,255,1
1761465016.1952164,14516211168466667019,50930,1,28,18,53,5809,15,13,0,4768,7200,80,255,1
1761465017.6948814,14516211168466667019,50963,1,28,18,53,5809,15,13,0,4766,7200,80,255,1
1761465018.700548,14516211168466667019,50984,1,28,18,53,5809,15,13,0,4765,7200,80,255,1
1761465019.7031267,14516211168466667019,51006,1,28,18,53,5809,15,13,0,4764,7200,80,255,1
1761465021.202094,14516211168466667019,51038,1,28,18,53,5809,15,13,0,4763,7200,80,255,1
1761465022.202951,14516211168466667019,51059,1,28,18,53,5809,15,13,0,4762,7200,80,255,1
1761465023.2061608,14516211168466667019,51080,1,28,18,53,5809,15,13,0,4760,7200,80,255,1
1761465024.2088408,14516211168466667019,51100,1,28,18,53,5809,15,13,0,4759,7200,80,255,1
1761465025.693793,14516211168466667019,51134,1,28,18,53,5809,15,13,0,4758,7200,80,255,1
1761465026.7104774,14516211168466667019,51157,1,28,18,53,5809,15,13,0,4757,7200,80,255,1
1761465028.1960583,14516211168466667019,51189,1,28,18,53,5809,15,13,0,4756,7200,80,255,1
1761465029.697793,14516211168466667019,51222,1,28,18,53,5809,15,13,0,4754,7200,80,255,1
1761465030.6989965,14516211168466667019,51243,1,28,18,53,5809,15,13,0,4753,7200,80,255,1
1761465031.6998644,14516211168466667019,51265,1,28,18,53,5809,15,13,0,4752,7200,80,255,1
1761465033.2008653,14516211168466667019,51296,1,28,18,53,5809,15,13,0,4751,7200,80,255,1
1761465034.2018867,14516211168466667019,51318,1,28,18,53,5809,15,13,0,4750,7200,80,255,1
1761465035.7017722,14516211168466667019,51350,1,28,18,53,5809,15,13,0,4748,7200,80,255,1
1761465037.199781,14516211168466667019,51381,1,28,18,53,5809,15,13,0,4747,7200,80,255,1
1761465038.2024353,14516211168466667019,51403,1,28,18,53,5809,15,13,0,4746,7200,80,255,1
1761465039.704007,14516211168466667019,51435,1,28,18,53,5809,15,13,0,4744,7200,80,255,1
1761465040.706044,14516211168466667019,51457,1,28,18,53,5809,15,13,0,4743,7200,80,255,1
1761465042.205376,14516211168466667019,51490,1,28,18,53,5809,15,13,0,4742,7200,80,255,1
1761465043.208616,14516211168466667019,51511,1,28,18,53,5809,15,13,0,4740,7200,80,255,1
1761465044.7089715,14516211168466667019,51542,1,28,18,53,5809,15,13,0,4739,7200,80,255,1
1761465046.2086859,14516211168466667019,51573,1,28,18,53,5809,15,13,0,4737,7200,80,255,1
1761465047.698582,14516211168466667019,51606,1,28,18,53,5809,15,13,0,4736,7200,80,255,1
1761465048.7055094,14516211168466667019,51626,1,28,18,53,5809,15,13,0,4735,7200,80,255,1
1761465050.1934783,14516211168466667019,51658,1,28,18,53,5809,15,13,0,4734,7200,80,255,1
1761465051.1988173,14516211168466667019,51680,1,28,18,53,5809,15,13,0,4733,7200,80,255,1
1761465052.205349,14516211168466667019,51702,1,28,18,53,5809,15,13,0,4732,7200,80,255,1
1761465053.2066624,14516211168466667019,51723,1,28,18,53,5809,15,13,0,4731,7200,80,255,1
1761465054.6934035,14516211168466667019,51755,1,28,18,53,5809,15,13,0,4729,7200,80,255,1
1761465055.7079146,14516211168466667019,51777,1,28,18,53,5809,15,13,0,4728,7200,80,255,1
1761465057.1950128,14516211168466667019,51809,1,28,18,53,5809,15,13,0,4727,7200,80,255,1
1761465058.197757,14516211168466667019,51832,1,28,18,53,5809,15,13,0,4726,7200,80,255,1
1761465059.702301,14516211168466667019,51866,1,28,18,53,5809,15,13,0,4724,7200,80,255,1
1761465061.2022264,14516211168466667019,51897,1,28,18,53,5809,15,13,0,4723,7200,80,255,1
1761465062.703638,14516211168466667019,51928,1,28,18,53,5809,15,13,0,4721,7200,80,255,1
1761465063.7041628,14516211168466667019,51950,1,28,18,53,5809,15,13,0,4720,7200,80,255,1
1761465065.2066815,14516211168466667019,51982,1,28,18,53,5809,15,13,0,4719,7200,80,255,1
1761465066.7095382,14516211168466667019,52014,1,28,18,53,5809,15,13,0,4717,7200,80,255,1
1761465068.1990733,14516211168466667019,52046,1,28,18,53,5809,15,13,0,4716,7200,80,255,1
1761465069.209881,14516211168466667019,52066,1,28,18,53,5809,15,13,0,4714,7200,80,255,1
1761465070.6963084,14516211168466667019,52098,1,28,18,53,5809,15,13,0,4713,7200,80,255,1
1761465071.710382,14516211168466667019,52121,1,28,18,53,5809,15,13,0,4712,7200,80,255,1
1761465073.2020571,14516211168466667019,52152,1,28,18,53,5809,15,13,0,4711,7200,80,255,1
1761465074.7077656,14516211168466667019,52186,1,28,18,53,5809,15,13,0,4709,7200,80,255,1
1761465076.1960592,14516211168466667019,52217,1,28,18,53,5809,15,13,0,4708,7200,80,255,1
1761465077.2076297,14516211168466667019,52240,1,28,18,53,5809,15,13,0,4707,7200,80,255,1
1761465078.2087116,14516211168466667019,52260,1,28,18,53,5809,15,13,0,4706,7200,80,255,1
1761465079.6951234,14516211168466667019,52293,1,28,18,53,5809,15,13,0,4704,7200,80,255,1
1761465080.6962855,14516211168466667019,52314,1,28,18,53,5809,15,13,0,4703,7200,80,255,1
1761465081.6988697,14516211168466667019,52335,1,28,18,53,5809,15,13,0,4702,7200,80,255,1
1761465083.1939018,14516211168466667019,52368,1,28,18,53,5809,15,13,0,4701,7200,80,255,1
1761465084.205738,14516211168466667019,52391,1,28,18,53,5809,15,13,0,4700,7200,80,255,1
1761465085.708756,14516211168466667019,52424,1,28,18,53,5809,15,13,0,4698,7200,80,255,1
1761465087.1953743,14516211168466667019,52456,1,28,18,53,5809,15,13,0,4697,7200,80,255,1
1761465088.7050285,14516211168466667019,52490,1,28,18,53,5809,15,13,0,4695,7200,80,255,1
1761465090.2016017,14516211168466667019,52523,1,28,18,53,5809,15,13,0,4694,7200,80,255,1
1761465091.2031584,14516211168466667019,52544,1,28,18,53,5809,15,13,0,4693,7200,80,255,1
1761465092.7020779,14516211168466667019,52577,1,28,18,53,5809,15,13,0,4691,7200,80,255,1
1761465093.7055228,14516211168466667019,52598,1,28,18,53,5809,15,13,0,4690,7200,80,255,1
1761465095.2043116,14516211168466667019,52629,1,28,18,53,5809,15,13,0,4689,7200,80,255,1
1761465096.2063215,14516211168466667019,52651,1,28,18,53,5809,15,13,0,4688,7200,80,255,1
1761465097.7044048,14516211168466667019,52684,1,28,18,53,5809,15,13,0,4686,7200,80,255,1
1761465098.7062976,14516211168466667019,52706,1,28,18,53,5809,15,13,0,4685,7200,80,255,1
1761465100.2027273,14516211168466667019,52738,1,28,18,53,5809,15,13,0,4684,7200,80,255,1
1761465101.2039123,14516211168466667019,52760,1,28,18,53,5809,15,13,0,4683,7200,80,255,1
1761465102.6975303,14516211168466667019,52791,1,28,18,53,5809,15,13,0,4681,7200,80,255,1
1761465103.6986911,14516211168466667019,52815,1,28,18,53,5809,15,13,0,4680,7200,80,255,1
1761465105.20861,14516211168466667019,52848,1,28,18,53,5809,15,13,0,4678,7200,80,255,1
1761465106.702715,14516211168466667019,52879,1,28,18,53,5809,15,13,0,4677,7200,80,255,1
1761465108.203138,14516211168466667019,52912,1,28,18,53,5809,15,13,0,4676,7200,80,255,1
1761465109.6985908,14516211168466667019,52945,1,28,18,53,5809,15,13,0,4674,7200,80,255,1
1761465111.1953528,14516211168466667019,52977,1,28,18,53,5809,15,13,0,4673,7200,80,255,1
1761465112.706063,14516211168466667019,53011,1,28,18,53,5809,15,13,0,4671,7200,80,255,1
1761465113.7096539,14516211168466667019,53032,1,28,18,53,5809,15,13,0,4670,7200,80,255,1
1761465115.2064042,14516211168466667019,53065,1,28,18,53,5809,15,13,0,4669,7200,80,255,1
1761465116.7051039,14516211168466667019,53098,1,28,18,53,5809,15,13,0,4667,7200,80,255,1
1761465118.198831,14516211168466667019,53130,1,28,18,53,5809,15,13,0,4666,7200,80,255,1
1761465119.6975598,14516211168466667019,53161,1,28,18,53,5809,15,13,0,4664,7200,80,255,1
1761465120.7082984,14516211168466667019,53183,1,28,18,53,5809,15,13,0,4663,7200,80,255,1
1761465122.2061856,14516211168466667019,53214,1,28,18,53,5809,15,13,0,4662,7200,80,255,1
1761465123.7041764,14516211168466667019,53245,1,28,18,53,5809,15,13,0,4660,7200,80,255,1
1761465125.2016554,14516211168466667019,53278,1,28,18,53,5809,15,13,0,4659,7200,80,255,1
1761465126.695391,14516211168466667019,53310,1,28,18,53,5809,15,13,0,4657,7200,80,255,1
1761465128.1938365,14516211168466667019,53343,1,28,18,53,5809,15,13,0,4656,7200,80,255,1
1761465129.208874,14516211168466667019,53366,1,28,18,53,5809,15,13,0,4654,7200,80,255,1
1761465130.7047787,14516211168466667019,53400,1,28,18,53,5809,15,13,0,4653,7200,80,255,1
1761465132.201728,14516211168466667019,53431,1,28,18,53,5809,15,13,0,4652,7200,80,255,1
1761465133.6973894,14516211168466667019,53464,1,28,18,53,5809,15,13,0,4650,7200,80,255,1
1761465135.1944127,14516211168466667019,53497,1,28,18,53,5809,15,13,0,4649,7200,80,255,1
1761465136.7084684,14516211168466667019,53531,1,28,18,53,5809,15,13,0,4647,7200,80,255,1
1761465138.2045984,14516211168466667019,53565,1,28,18,53,5809,15,13,0,4646,7200,80,255,1
1761465139.2046678,14516211168466667019,53586,1,28,18,53,5809,15,13,0,4645,7200,80,255,1
1761465140.7050936,14516211168466667019,53619,1,28,18,53,5809,15,13,0,4643,7200,80,255,1
1761465142.1950097,14516211168466667019,53652,1,28,18,53,5809,15,13,0,4642,7200,80,255,1
1761465143.2077637,14516211168466667019,53674,1,28,18,53,5809,15,13,0,4641,7200,80,255,1
1761465144.2078605,14516211168466667019,53695,1,28,18,53,5809,15,13,0,4640,7200,80,255,1
1761465145.6974094,14516211168466667019,53726,1,28,18,53,5809,15,13,0,4638,7200,80,255,1
1761465146.708742,14516211168466667019,53750,1,28,18,53,5809,15,13,0,4637,7200,80,255,1
1761465148.1954365,14516211168466667019,53782,1,28,18,53,5809,15,13,0,4636,7200,80,255,1
1761465149.196247,14516211168466667019,53804,1,28,18,53,5809,15,13,0,4635,7200,80,255,1
1761465150.700447,14516211168466667019,53837,1,28,18,53,5809,15,13,0,4633,7200,80,255,1
1761465152.203192,14516211168466667019,53869,1,28,18,53,5809,15,13,0,4632,7200,80,255,1
1761465153.7076273,14516211168466667019,53903,1,28,18,53,5809,15,13,0,4630,7200,80,255,1
1761465155.1950235,14516211168466667019,53934,1,28,18,53,5809,15,13,0,4629,7200,80,255,1
1761465156.207648,14516211168466667019,53957,1,28,18,53,5809,15,13,0,4628,7200,80,255,1
1761465157.6962059,14516211168466667019,53988,1,28,18,53,5809,15,13,0,4626,7200,80,255,1
1761465158.6973991,14516211168466667019,54010,1,28,18,53,5809,15,13,0,4625,7200,80,255,1
1761465160.2019207,14516211168466667019,54043,1,28,18,53,5809,15,13,0,4624,7200,80,255,1
1761465161.706653,14516211168466667019,54075,1,28,18,53,5809,15,13,0,4622,7200,80,255,1
1761465163.1941032,14516211168466667019,54108,1,28,18,53,5809,15,13,0,4621,7200,80,255,1
1761465164.7007964,14516211168466667019,54142,1,28,18,53,5809,15,13,0,4619,7200,80,255,1
1761465166.2042127,14516211168466667019,54174,1,28,18,53,5809,15,13,0,4618,7200,80,255,1
1761465167.7057335,14516211168466667019,54206,1,28,18,53,5809,15,13,0,4616,7200,80,255,1
1761465168.707595,14516211168466667019,54226,1,28,18,53,5809,15,13,0,4615,7200,80,255,1
1761465170.1942947,14516211168466667019,54260,1,28,18,53,5809,15,13,0,4614,7200,80,255,1
1761465171.20514,14516211168466667019,54282,1,28,18,53,5809,15,13,0,4613,7200,80,255,1
1761465172.708641,14516211168466667019,54316,1,28,18,53,5809,15,13,0,4611,7200,80,255,1
1761465173.708778,14516211168466667019,54338,1,28,18,53,5809,15,13,0,4610,7200,80,255,1
1761465175.1955543,14516211168466667019,54371,1,28,18,53,5809,15,13,0,4609,7200,80,255,1
1761465176.1987197,14516211168466667019,54392,1,28,18,53,5809,15,13,0,4608,7200,80,255,1
1761465177.7047524,14516211168466667019,54426,1,28,18,53,5809,15,13,0,4606,7200,80,255,1
1761465178.7059872,14516211168466667019,54449,1,28,18,53,5809,15,13,0,4605,7200,80,255,1
1761465179.7061012,14516211168466667019,54471,1,28,18,53,5809,15,13,0,4604,7200,80,255,1
1761465181.208748,14516211168466667019,54503,1,28,18,53,5809,15,13,0,4603,7200,80,255,1
1761465182.696063,14516211168466667019,54534,1,28,18,53,5809,15,13,0,4601,7200,80,255,1
1761465183.6976798,14516211168466667019,54555,1,28,18,53,5809,15,13,0,4600,7200,80,255,1
1761465185.2013893,14516211168466667019,54588,1,28,18,53,5809,15,13,0,4599,7200,80,255,1
1761465186.7054427,14516211168466667019,54621,1,28,18,53,5809,15,13,0,4597,7200,80,255,1
1761465188.2102735,14516211168466667019,54655,1,28,18,53,5809,15,13,0,4596,7200,80,255,1
1761465189.7030582,14516211168466667019,54687,1,28,18,53,5809,15,13,0,4594,7200,80,255,1
1761465190.7042868,14516211168466667019,54710,1,28,18,53,5809,15,13,0,4593,7200,80,255,1
1761465192.2095535,14516211168466667019,54743,1,28,18,53,5809,15,13,0,4592,7200,80,255,1
1761465193.7003953,14516211168466667019,54774,1,28,18,53,5809,15,13,0,4590,7200,80,255,1
1761465195.2050166,14516211168466667019,54807,1,28,18,53,5809,15,13,0,4589,7200,80,255,1
1761465196.6960049,14516211168466667019,54839,1,28,18,53,5809,15,13,0,4587,7200,80,255,1
1761465197.7082794,14516211168466667019,54861,1,28,18,53,5809,15,13,0,4586,7200,80,255,1
1761465199.1972928,14516211168466667019,54892,1,28,18,53,5809,15,13,0,4585,7200,80,255,1
1761465200.2104151,14516211168466667019,54918,1,28,18,53,5809,15,13,0,4584,7200,80,255,1
1761465201.699636,14516211168466667019,54950,1,28,18,53,5809,15,13,0,4582,7200,80,255,1
1761465203.2038627,14516211168466667019,54983,1,28,18,53,5809,15,13,0,4581,7200,80,255,1
1761465204.7083578,14516211168466667019,55016,1,28,18,53,5809,15,13,0,4579,7200,80,255,1
1761465206.1966743,14516211168466667019,55048,1,28,18,53,5809,15,13,0,4578,7200,80,255,1
1761465207.208398,14516211168466667019,55072,1,28,18,53,5809,15,13,0,4577,7200,80,255,1
1761465208.6995773,14516211168466667019,55104,1,28,18,53,5809,15,13,0,4575,7200,80,255,1
1761465210.20294,14516211168466667019,55137,1,28,18,53,5809,15,13,0,4574,7200,80,255,1
1761465211.7038646,14516211168466667019,55170,1,28,18,53,5809,15,13,0,4572,7200,80,255,1
1761465213.2039437,14516211168466667019,55202,1,28,18,53,5809,15,13,0,4571,7200,80,255,1
1761465214.7060697,14516211168466667019,55235,1,28,18,53,5809,15,13,0,4569,7200,80,255,1
1761465216.2041261,14516211168466667019,55266,1,28,18,53,5809,15,13,0,4568,7200,80,255,1
1761465217.697277,14516211168466667019,55298,1,28,18,53,5809,15,13,0,4566,7200,80,255,1
1761465218.6984732,14516211168466667019,55320,1,28,18,53,5809,15,13,0,4565,7200,80,255,1
1761465220.2102315,14516211168466667019,55353,1,28,18,53,5809,15,13,0,4564,7200,80,255,1
1761465221.7085063,14516211168466667019,55385,1,28,18,53,5809,15,13,0,4562,7200,80,255,1
1761465223.2028775,14516211168466667019,55418,1,28,18,53,5809,15,13,0,4561,7200,80,255,1
1761465224.2057137,14516211168466667019,55440,1,28,18,53,5809,15,13,0,4560,7200,80,255,1
1761465225.703699,14516211168466667019,55473,1,28,18,53,5809,15,13,0,4558,7200,80,255,1
1761465227.2028246,14516211168466667019,55505,1,28,18,53,5809,15,13,0,4557,7200,80,255,1
1761465228.7026038,14516211168466667019,55535,1,28,18,53,5809,15,13,0,4555,7200,80,255,1
1761465230.1985765,14516211168466667019,55567,1,28,18,53,5809,15,13,0,4554,7200,80,255,1
1761465231.198594,14516211168466667019,55588,1,28,18,53,5809,15,13,0,4553,7200,80,255,1
1761465232.694389,14516211168466667019,55620,1,28,18,53,5809,15,13,0,4551,7200,80,255,1
1761465233.701781,14516211168466667019,55642,1,28,18,53,5809,15,13,0,4550,7200,80,255,1
1761465234.708422,14516211168466667019,55662,1,28,18,53,5809,15,13,0,4549,7200,80,255,1
1761465236.194395,14516211168466667019,55694,1,28,18,53,5809,15,13,0,4548,7200,80,255,1
1761465237.2103317,14516211168466667019,55718,1,28,18,53,5809,15,13,0,4547,7200,80,255,1
1761465238.7087286,14516211168466667019,55749,1,28,18,53,5809,15,13,0,4545,7200,80,255,1
1761465240.199471,14516211168466667019,55780,1,28,18,53,5809,15,13,0,4544,7200,80,255,1
1761465241.705738,14516211168466667019,55812,1,28,18,53,5809,15,13,0,4542,7200,80,255,1
1761465243.19544,14516211168466667019,55845,1,28,18,53,5809,15,13,0,4541,7200,80,255,1
1761465244.1985486,14516211168466667019,55867,1,28,18,53,5809,15,13,0,4540,7200,80,255,1
1761465245.7059155,14516211168466667019,55900,1,28,18,53,5809,15,13,0,4538,7200,80,255,1
1761465247.1956043,14516211168466667019,55931,1,28,18,53,5809,15,13,0,4537,7200,80,255,1
1761465248.2087524,14516211168466667019,55953,1,28,18,53,5809,15,13,0,4536,7200,80,255,1
1761465249.7018874,14516211168466667019,55986,1,28,18,53,5809,15,13,0,4534,7200,80,255,1
1761465250.7038178,14516211168466667019,56009,1,28,18,53,5809,15,13,0,4533,7200,80,255,1
1761465252.194984,14516211168466667019,56041,1,28,18,53,5809,15,13,0,4532,7200,80,255,1
1761465253.7139914,14516211168466667019,56074,1,28,18,53,5809,15,13,0,4530,7200,80,255,1
1761465255.1990705,14516211168466667019,56105,1,28,18,53,5809,15,13,0,4529,7200,80,255,1
1761465256.7056708,14516211168466667019,56139,1,28,18,53,5809,15,13,0,4527,7200,80,255,1
1761465258.193707,14516211168466667019,56173,1,28,18,53,5809,15,13,0,4526,7200,80,255,1
1761465259.1956375,14516211168466667019,56196,1,28,18,53,5809,15,13,0,4525,7200,80,255,1
1761465260.2102733,14516211168466667019,56218,1,28,18,53,5809,15,13,0,4524,7200,80,255,1
1761465261.6956937,14516211168466667019,56250,1,28,18,53,5809,15,13,0,4522,7200,80,255,1
1761465263.202614,14516211168466667019,56284,1,28,18,53,5809,15,13,0,4521,7200,80,255,1
1761465264.2026556,14516211168466667019,56304,1,28,18,53,5809,15,13,0,4520,7200,80,255,1
1761465265.6995673,14516211168466667019,56337,1,28,18,53,5809,15,13,0,4518,7200,80,255,1
1761465266.700358,14516211168466667019,56358,1,28,18,53,5809,15,13,0,4517,7200,80,255,1
1761465268.1977532,14516211168466667019,56388,1,28,18,53,5809,15,13,0,4516,7200,80,255,1
1761465269.2018101,14516211168466667019,56412,1,28,18,53,5809,15,13,0,4515,7200,80,255,1
1761465270.2034252,14516211168466667019,56433,1,28,18,53,5809,15,13,0,4514,7200,80,255,1
1761465271.6956315,14516211168466667019,56466,1,28,18,53,5809,15,13,0,4512,7200,80,255,1
1761465272.6964161,14516211168466667019,56488,1,28,18,53,5809,15,13,0,4511,7200,80,255,1
1761465274.1989906,14516211168466667019,56523,1,28,18,53,5809,15,13,0,4510,7200,80,255,1
1761465275.2002704,14516211168466667019,56545,1,28,18,53,5809,15,13,0,4509,7200,80,255,1
1761465276.201845,14516211168466667019,56567,1,28,18,53,5809,15,13,0,4508,7200,80,255,1
1761465277.7027488,14516211168466667019,56600,1,28,18,53,5809,15,13,0,4506,7200,80,255,1
1761465279.208349,14516211168466667019,56633,1,28,18,53,5809,15,13,0,4505,7200,80,255,1
1761465280.6947932,14516211168466667019,56665,1,28,18,53,5809,15,13,0,4503,7200,80,255,1
1761465281.707114,14516211168466667019,56687,1,28,18,53,5809,15,13,0,4502,7200,80,255,1
1761465283.1946194,14516211168466667019,56720,1,28,18,53,5809,15,13,0,4501,7200,80,255,1
1761465284.200844,14516211168466667019,56741,1,28,18,53,5809,15,13,0,4500,7200,80,255,1
1761465285.7060425,14516211168466667019,56773,1,28,18,53,5809,15,13,0,4498,7200,80,255,1
1761465287.20846,14516211168466667019,56807,1,28,18,53,5809,15,13,0,4497,7200,80,255,1
1761465288.700172,14516211168466667019,56839,1,28,18,53,5809,15,13,0,4495,7200,80,255,1
1761465289.7036166,14516211168466667019,56860,1,28,18,53,5809,15,13,0,4494,7200,80,255,1
1761465290.703841,14516211168466667019,56883,1,28,18,53,5809,15,13,0,4493,7200,80,255,1
1761465291.7039402,14516211168466667019,56906,1,28,18,53,5809,15,13,0,4492,7200,80,255,1
1761465293.208176,14516211168466667019,56941,1,28,18,53,5809,15,13,0,4491,7200,80,255,1
1761465294.7028327,14516211168466667019,56973,1,28,18,53,5809,15,13,0,4489,7200,80,255,1
1761465295.7047951,14516211168466667019,56994,1,28,18,53,5809,15,13,0,4488,7200,80,255,1
1761465297.1949394,14516211168466667019,57027,1,28,18,53,5809,15,13,0,4487,7200,80,255,1
1761465298.7027302,14516211168466667019,57062,1,28,18,53,5809,15,13,0,4485,7200,80,255,1
1761465299.7037246,14516211168466667019,57083,1,28,18,53,5809,15,13,0,4484,7200,80,255,1
1761465300.7059426,14516211168466667019,57105,1,28,18,53,5809,15,13,0,4483,7200,80,255,1
1761465302.1951716,14516211168466667019,57139,1,28,18,53,5809,15,13,0,4482,7200,80,255,1
1761465303.1957161,14516211168466667019,57160,1,28,18,53,5809,15,13,0,4481,7200,80,255,1
1761465304.1992111,14516211168466667019,57182,1,28,18,53,5809,15,13,0,4480,7200,80,255,1
1761465305.7059445,14516211168466667019,57215,1,28,18,53,5809,15,13,0,4478,7200,80,255,1
1761465307.1936972,14516211168466667019,57247,1,28,18,53,5809,15,13,0,4477,7200,80,255,1
1761465308.2074215,14516211168466667019,57270,1,28,18,53,5809,15,13,0,4476,7200,80,255,1
1761465309.698154,14516211168466667019,57304,1,28,18,53,5809,15,13,0,4474,7200,80,255,1
1761465310.698449,14516211168466667019,57327,1,28,18,53,5809,15,13,0,4473,7200,80,255,1
1761465312.201407,14516211168466667019,57361,1,28,18,53,5809,15,13,0,4472,7200,80,255,1
1761465313.7061207,14516211168466667019,57395,1,28,18,53,5809,15,13,0,4470,7200,80,255,1
1761465314.708479,14516211168466667019,57416,1,28,18,53,5809,15,13,0,4469,7200,80,255,1
1761465316.193416,14516211168466667019,57450,1,28,18,53,5809,15,13,0,4468,7200,80,255,1
1761465317.2075367,14516211168466667019,57472,1,28,18,53,5809,15,13,0,4467,7200,80,255,1
1761465318.7060497,14516211168466667019,57503,1,28,18,53,5809,15,13,0,4465,7200,80,255,1
1761465320.195832,14516211168466667019,57535,1,28,18,53,5809,15,13,0,4464,7200,80,255,1
1761465321.2072365,14516211168466667019,57559,1,28,18,53,5809,15,13,0,4463,7200,80,255,1
1761465322.2082975,14516211168466667019,57579,1,28,18,53,5809,15,13,0,4462,7200,80,255,1
1761465323.7046556,14516211168466667019,57612,1,28,18,53,5809,15,13,0,4460,7200,80,255,1
1761465324.7089694,14516211168466667019,57634,1,28,18,53,5809,15,13,0,4459,7200,80,255,1
1761465326.210069,14516211168466667019,57667,1,28,18,53,5809,15,13,0,4458,7200,80,255,1
1761465327.7075083,14516211168466667019,57699,1,28,18,53,5809,15,13,0,4456,7200,80,255,1
1761465328.7087734,14516211168466667019,57720,1,28,18,53,5809,15,13,0,4455,7200,80,255,1
1761465330.2028089,14516211168466667019,57752,1,28,18,53,5809,15,13,0,4454,7200,80,255,1
1761465331.2094984,14516211168466667019,57772,1,28,18,53,5809,15,13,0,4453,7200,80,255,1
1761465332.209523,14516211168466667019,57794,1,28,18,53,5809,15,13,0,4452,7200,80,255,1
1761465333.6955955,14516211168466667019,57827,1,28,18,53,5809,15,13,0,4450,7200,80,255,1
1761465334.7045128,14516211168466667019,57850,1,28,18,53,5809,15,13,0,4449,7200,80,255,1
1761465335.7073352,14516211168466667019,57871,1,28,18,53,5809,15,13,0,4448,7200,80,255,1
1761465337.194842,14516211168466667019,57905,1,28,18,53,5809,15,13,0,4447,7200,80,255,1
1761465338.195931,14516211168466667019,57928,1,28,18,53,5809,15,13,0,4446,7200,80,255,1
1761465339.2019653,14516211168466667019,57950,1,28,18,53,5809,15,13,0,4445,7200,80,255,1
1761465340.2025518,14516211168466667019,57973,1,28,18,53,5809,15,13,0,4444,7200,80,255,1
1761465341.204911,14516211168466667019,57994,1,28,18,53,5809,15,13,0,4443,7200,80,255,1
1761465342.7072046,14516211168466667019,58026,1,28,18,53,5809,15,13,0,4441,7200,80,255,1
1761465343.7086627,14516211168466667019,58047,1,28,18,53,5809,15,13,0,4440,7200,80,255,1
1761465345.203596,14516211168466667019,58079,1,28,18,53,5809,15,13,0,4439,7200,80,255,1
1761465346.205328,14516211168466667019,58099,1,28,18,53,5809,15,13,0,4438,7200,80,255,1
1761465347.2060027,14516211168466667019,58120,1,28,18,53,5809,15,13,0,4437,7200,80,255,1
1761465348.2070172,14516211168466667019,58142,1,28,18,53,5809,15,13,0,4436,7200,80,255,1
1761465349.2081978,14516211168466667019,58163,1,28,18,53,5809,15,13,0,4435,7200,80,255,1
1761465350.7083433,14516211168466667019,58195,1,28,18,53,5809,15,13,0,4433,7200,80,255,1
1761465352.2050097,14516211168466667019,58228,1,28,18,53,5809,15,13,0,4432,7200,80,255,1
1761465353.207353,14516211168466667019,58250,1,28,18,53,5809,15,13,0,4431,7200,80,255,1
1761465354.6983054,14516211168466667019,58281,1,28,18,53,5809,15,13,0,4429,7200,80,255,1
1761465355.6995134,14516211168466667019,58303,1,28,18,53,5809,15,13,0,4428,7200,80,255,1
1761465356.7023036,14516211168466667019,58323,1,28,18,53,5809,15,13,0,4427,7200,80,255,1
1761465357.7024033,14516211168466667019,58344,1,28,18,53,5809,15,13,0,4426,7200,80,255,1
1761465358.7025979,14516211168466667019,58365,1,28,18,53,5809,15,13,0,4425,7200,80,255,1
1761465359.707189,14516211168466667019,58387,1,28,18,53,5809,15,13,0,4424,7200,80,255,1
1761465361.2050443,14516211168466667019,58418,1,28,18,53,5809,15,13,0,4423,7200,80,255,1
1761465362.2071593,14516211168466667019,58441,1,28,18,53,5809,15,13,0,4422,7200,80,255,1
1761465363.705258,14516211168466667019,58474,1,28,18,53,5809,15,13,0,4420,7200,80,255,1
1761465365.2003527,14516211168466667019,58507,1,28,18,53,5809,15,13,0,4419,7200,80,255,1
1761465366.205704,14516211168466667019,58529,1,28,18,53,5809,15,13,0,4418,7200,80,255,1
1761465367.7073429,14516211168466667019,58562,1,28,18,53,5809,15,13,0,4416,7200,80,255,1
1761465368.7082956,14516211168466667019,58583,1,28,18,53,5809,15,13,0,4415,7200,80,255,1
1761465370.198178,14516211168466667019,58615,1,28,18,53,5809,15,13,0,4414,7200,80,255,1
1761465371.1981852,14516211168466667019,58637,1,28,18,53,5809,15,13,0,4413,7200,80,255,1
1761465372.1988573,14516211168466667019,58660,1,28,18,53,5809,15,13,0,4412,7200,80,255,1
1761465373.698389,14516211168466667019,58692,1,28,18,53,5809,15,13,0,4410,7200,80,255,1
1761465374.7047968,14516211168466667019,58715,1,28,18,53,5809,15,13,0,4409,7200,80,255,1
1761465376.195441,14516211168466667019,58750,1,28,18,53,5809,15,13,0,4408,7200,80,255,1
1761465377.198048,14516211168466667019,58772,1,28,18,53,5809,15,13,0,4407,7200,80,255,1
1761465378.1995416,14516211168466667019,58794,1,28,18,53,5809,15,13,0,4406,7200,80,255,1
1761465379.2023094,14516211168466667019,58816,1,28,18,53,5809,15,13,0,4405,7200,80,255,1
1761465380.2051811,14516211168466667019,58838,1,28,18,53,5809,15,13,0,4404,7200,80,255,1
1761465381.2058363,14516211168466667019,58861,1,28,18,53,5809,15,13,0,4403,7200,80,255,1
1761465382.6935225,14516211168466667019,58895,1,28,18,53,5809,15,13,0,4401,7200,80,255,1
1761465383.6958904,14516211168466667019,58917,1,28,18,53,5809,15,13,0,4400,7200,80,255,1
1761465384.7001555,14516211168466667019,58939,1,28,18,53,5809,15,13,0,4399,7200,80,255,1
1761465385.7016485,14516211168466667019,58961,1,28,18,53,5809,15,13,0,4398,7200,80,255,1
1761465386.7026188,14516211168466667019,58982,1,28,18,53,5809,15,13,0,4397,7200,80,255,1
1761465387.7043426,14516211168466667019,59003,1,28,18,53,5809,15,13,0,4396,7200,80,255,1
1761465388.708525,14516211168466667019,59026,1,28,18,53,5809,15,13,0,4395,7200,80,255,1
1761465389.710017,14516211168466667019,59051,1,28,18,53,5809,15,13,0,4394,7200,80,255,1
1761465391.197087,14516211168466667019,59083,1,28,18,53,5809,15,13,0,4393,7200,80,255,1
1761465392.6973166,14516211168466667019,59117,1,28,18,53,5809,15,13,0,4391,7200,80,255,1
1761465393.6981702,14516211168466667019,59139,1,28,18,53,5809,15,13,0,4390,7200,80,255,1
1761465394.705549,14516211168466667019,59161,1,28,18,53,5809,15,13,0,4389,7200,80,255,1
1761465395.7072196,14516211168466667019,59183,1,28,18,53,5809,15,13,0,4388,7200,80,255,1
1761465396.7112012,14516211168466667019,59203,1,28,18,53,5809,15,13,0,4387,7200,80,255,1
1761465398.198315,14516211168466667019,59236,1,28,18,53,5809,15,13,0,4386,7200,80,255,1
1761465399.2060757,14516211168466667019,59258,1,28,18,53,5809,15,13,0,4385,7200,80,255,1
1761465400.6962936,14516211168466667019,59291,1,28,18,53,5809,15,13,0,4383,7200,80,255,1
1761465401.697218,14516211168466667019,59313,1,28,18,53,5809,15,13,0,4382,7200,80,255,1
1761465403.1992104,14516211168466667019,59346,1,28,18,53,5809,15,13,0,4381,7200,80,255,1
1761465404.205224,14516211168466667019,59369,1,28,18,53,5809,15,13,0,4380,7200,80,255,1
1761465405.2095187,14516211168466667019,59389,1,27,18,53,5809,15,13,0,4379,7200,80,255,1
1761465406.698229,14516211168466667019,59421,1,27,18,53,5809,15,13,0,4377,7200,80,255,1
1761465407.7003546,14516211168466667019,59443,1,27,18,53,5809,15,13,0,4376,7200,80,255,1
1761465408.7016551,14516211168466667019,59465,1,27,18,53,5809,15,13,0,4375,7200,80,255,1
1761465409.7086644,14516211168466667019,59486,1,27,18,53,5809,15,13,0,4374,7200,80,255,1
1761465411.193845,14516211168466667019,59519,1,27,18,53,5809,15,13,0,4373,7200,80,255,1
1761465412.19574,14516211168466667019,59542,1,27,18,53,5809,15,13,0,4372,7200,80,255,1
1761465413.6945918,14516211168466667019,59575,1,27,18,53,5809,15,13,0,4370,7200,80,255,1
1761465414.7034438,14516211168466667019,59596,1,27,18,53,5809,15,13,0,4369,7200,80,255,1
1761465415.7055683,14516211168466667019,59616,1,27,18,53,5809,15,13,0,4368,7200,80,255,1
1761465417.2054794,14516211168466667019,59648,1,27,18,53,5809,15,13,0,4367,7200,80,255,1
1761465418.7061203,14516211168466667019,59680,1,27,18,53,5809,15,13,0,4365,7200,80,255,1
1761465420.1956553,14516211168466667019,59716,1,27,18,53,5809,15,13,0,4364,7200,80,255,1
1761465421.197747,14516211168466667019,59739,1,27,18,53,5809,15,13,0,4363,7200,80,255,1
1761465422.1991475,14516211168466667019,59760,1,27,18,53,5809,15,13,0,4362,7200,80,255,1
1761465423.203483,14516211168466667019,59783,1,27,18,53,5809,15,13,0,4361,7200,80,255,1
1761465424.698661,14516211168466667019,59815,1,27,18,53,5809,15,13,0,4359,7200,80,255,1
1761465425.7032752,14516211168466667019,59837,1,27,18,53,5809,15,13,0,4358,7200,80,255,1
1761465426.7055528,14516211168466667019,59857,1,27,18,53,5809,15,13,0,4357,7200,80,255,1
1761465427.7057402,14516211168466667019,59879,1,27,18,53,5809,15,13,0,4356,7200,80,255,1
1761465429.200347,14516211168466667019,59912,1,27,18,53,5809,15,13,0,4355,7200,80,255,1
1761465430.2096767,14516211168466667019,59933,1,27,18,53,5809,15,13,0,4354,7200,80,255,1
1761465431.698583,14516211168466667019,59965,1,27,18,53,5809,15,13,0,4352,7200,80,255,1
1761465432.701389,14516211168466667019,59987,1,27,18,53,5809,15,13,0,4351,7200,80,255,1
1761465433.704512,14516211168466667019,60008,1,27,18,53,5809,15,13,0,4350,7200,80,255,1
1761465435.1945162,14516211168466667019,60043,1,27,18,53,5809,15,13,0,4349,7200,80,255,1
1761465436.1994593,14516211168466667019,60065,1,27,18,53,5809,15,13,0,4348,7200,80,255,1
1761465437.2057068,14516211168466667019,60088,1,27,18,53,5809,15,13,0,4347,7200,80,255,1
1761465438.2101388,14516211168466667019,60111,1,27,18,53,5809,15,13,0,4346,7200,80,255,1
1761465439.7021961,14516211168466667019,60144,1,27,18,53,5809,15,13,0,4344,7200,80,255,1
1761465440.7071893,14516211168466667019,60167,1,27,18,53,5809,15,13,0,4343,7200,80,255,1
1761465442.199015,14516211168466667019,60200,1,27,18,53,5809,15,13,0,4342,7200,80,255,1
1761465443.203744,14516211168466667019,60221,1,27,18,53,5809,15,13,0,4341,7200,80,255,1
1761465444.208423,14516211168466667019,60244,1,27,18,53,5809,15,13,0,4340,7200,80,255,1
1761465445.6972897,14516211168466667019,60278,1,27,18,53,5809,15,13,0,4338,7200,80,255,1
1761465446.7011719,14516211168466667019,60299,1,27,18,53,5809,15,13,0,4337,7200,80,255,1
1761465448.2014008,14516211168466667019,60332,1,27,18,53,5809,15,13,0,4336,7200,80,255,1
1761465449.6934583,14516211168466667019,60364,1,27,18,53,5809,15,13,0,4334,7200,80,255,1
1761465450.6961997,14516211168466667019,60387,1,27,18,53,5809,15,13,0,4333,7200,80,255,1
1761465451.702239,14516211168466667019,60409,1,27,18,53,5809,15,13,0,4332,7200,80,255,1
1761465452.7037103,14516211168466667019,60430,1,27,18,53,5809,15,13,0,4331,7200,80,255,1
1761465453.707963,14516211168466667019,60452,1,27,18,53,5809,15,13,0,4330,7200,80,255,1
1761465455.1983733,14516211168466667019,60485,1,27,18,53,5809,15,13,0,4329,7200,80,255,1
1761465456.2021492,14516211168466667019,60505,1,27,18,53,5809,15,13,0,4328,7200,80,255,1
1761465457.7085803,14516211168466667019,60538,1,27,18,53,5809,15,13,0,4326,7200,80,255,1
1761465459.2035754,14516211168466667019,60571,1,27,18,53,5809,15,13,0,4325,7200,80,255,1
1761465460.7017572,14516211168466667019,60603,1,27,18,53,5809,15,13,0,4323,7200,80,255,1
1761465461.7061625,14516211168466667019,60625,1,27,18,53,5809,15,13,0,4322,7200,80,255,1
1761465463.197164,14516211168466667019,60657,1,27,18,53,5809,15,13,0,4321,7200,80,255,1
1761465464.2048411,14516211168466667019,60679,1,27,18,53,5809,15,13,0,4320,7200,80,255,1
1761465465.6952558,14516211168466667019,60712,1,27,18,53,5809,15,13,0,4318,7200,80,255,1
1761465466.7032201,14516211168466667019,60734,1,27,18,53,5809,15,13,0,4317,7200,80,255,1
1761465468.1953936,14516211168466667019,60770,1,27,18,53,5809,15,13,0,4316,7200,80,255,1
1761465469.205659,14516211168466667019,60791,1,27,18,53,5809,15,13,0,4315,7200,80,255,1
1761465470.6969635,14516211168466667019,60823,1,27,18,53,5809,15,13,0,4313,7200,80,255,1
1761465471.7025146,14516211168466667019,60845,1,27,18,53,5809,15,13,0,4312,7200,80,255,1
1761465473.2002015,14516211168466667019,60878,1,27,18,53,5809,15,13,0,4311,7200,80,255,1
1761465474.20548,14516211168466667019,60900,1,27,18,53,5809,15,13,0,4310,7200,80,255,1
1761465475.2092674,14516211168466667019,60923,1,27,18,53,5809,15,13,0,4309,7200,80,255,1
1761465476.7005792,14516211168466667019,60956,1,27,18,53,5809,15,13,0,4307,7200,80,255,1
1761465477.7042172,14516211168466667019,60977,1,27,18,53,5809,15,13,0,4306,7200,80,255,1
1761465478.7082999,14516211168466667019,60997,1,27,18,53,5809,15,13,0,4305,7200,80,255,1
1761465480.2015357,14516211168466667019,61028,1,27,18,53,5809,15,13,0,4304,7200,80,255,1
1761465481.2045116,14516211168466667019,61051,1,27,18,53,5809,15,13,0,4303,7200,80,255,1
1761465482.6998332,14516211168466667019,61082,1,27,18,53,5809,15,13,0,4301,7200,80,255,1
1761465483.7015133,14516211168466667019,61104,1,27,18,53,5809,15,13,0,4300,7200,80,255,1
1761465484.7087123,14516211168466667019,61126,1,27,18,53,5809,15,13,0,4299,7200,80,255,1
1761465486.2010849,14516211168466667019,61158,1,27,18,53,5809,15,13,0,4298,7200,80,255,1
1761465487.2027645,14516211168466667019,61180,1,27,18,53,5809,15,13,0,4297,7200,80,255,1
1761465488.2080271,14516211168466667019,61203,1,27,18,53,5809,15,13,0,4296,7200,80,255,1
1761465489.7047546,14516211168466667019,61237,1,27,18,53,5809,15,13,0,4294,7200,80,255,1
1761465491.204748,14516211168466667019,61268,1,27,18,53,5809,15,13,0,4293,7200,80,255,1
1761465492.6982267,14516211168466667019,61302,1,27,18,53,5809,15,13,0,4291,7200,80,255,1
1761465493.7056282,14516211168466667019,61324,1,27,18,53,5809,15,13,0,4290,7200,80,255,1
1761465495.2011244,14516211168466667019,61356,1,27,18,53,5809,15,13,0,4289,7200,80,255,1
1761465496.2082913,14516211168466667019,61379,1,27,18,53,5809,15,13,0,4288,7200,80,255,1
1761465497.7012665,14516211168466667019,61413,1,27,18,53,5809,15,13,0,4286,7200,80,255,1
1761465498.7047274,14516211168466667019,61433,1,27,18,53,5809,15,13,0,4285,7200,80,255,1
1761465500.1968987,14516211168466667019,61466,1,27,18,53,5809,15,13,0,4284,7200,80,255,1
1761465501.1998243,14516211168466667019,61489,1,27,18,53,5809,15,13,0,4283,7200,80,255,1
1761465502.2042918,14516211168466667019,61511,1,27,18,53,5809,15,13,0,4282,7200,80,255,1
1761465503.2085352,14516211168466667019,61533,1,27,18,53,5809,15,13,0,4281,7200,80,255,1
1761465504.7033453,14516211168466667019,61565,1,27,18,53,5809,15,13,0,4279,7200,80,255,1
1761465505.7061627,14516211168466667019,61587,1,27,18,53,5809,15,13,0,4278,7200,80,255,1
1761465506.7080138,14516211168466667019,61609,1,27,18,53,5809,15,13,0,4277,7200,80,255,1
1761465508.200282,14516211168466667019,61642,1,27,18,53,5809,15,13,0,4276,7200,80,255,1
1761465509.2012942,14516211168466667019,61663,1,27,18,53,5809,15,13,0,4275,7200,80,255,1
1761465510.2090156,14516211168466667019,61685,1,27,18,53,5809,15,13,0,4274,7200,80,255,1
1761465511.6983495,14516211168466667019,61718,1,27,18,53,5809,15,13,0,4272,7200,80,255,1
1761465512.7032216,14516211168466667019,61739,1,27,18,53,5809,15,13,0,4271,7200,80,255,1
1761465513.704333,14516211168466667019,61762,1,27,18,53,5809,15,13,0,4270,7200,80,255,1
1761465515.2002075,14516211168466667019,61794,1,27,18,53,5809,15,13,0,4269,7200,80,255,1
1761465516.2081265,14516211168466667019,61814,1,27,18,53,5809,15,13,0,4268,7200,80,255,1
1761465517.7004666,14516211168466667019,61846,1,27,18,53,5809,15,13,0,4266,7200,80,255,1
1761465518.709015,14516211168466667019,61868,1,27,18,53,5809,15,13,0,4265,7200,80,255,1
1761465520.2040877,14516211168466667019,61902,1,27,18,53,5809,15,13,0,4264,7200,80,255,1
1761465521.6970677,14516211168466667019,61935,1,27,18,53,5809,15,13,0,4262,7200,80,255,1
1761465522.7020206,14516211168466667019,61957,1,27,18,53,5809,15,13,0,4261,7200,80,255,1
1761465523.706816,14516211168466667019,61979,1,27,18,53,5809,15,13,0,4260,7200,80,255,1
1761465525.1972063,14516211168466667019,62010,1,27,18,53,5809,15,13,0,4259,7200,80,255,1
1761465526.2032251,14516211168466667019,62033,1,27,18,53,5809,15,13,0,4258,7200,80,255,1
1761465527.208283,14516211168466667019,62054,1,27,18,53,5809,15,13,0,4257,7200,80,255,1
1761465528.702153,14516211168466667019,62086,1,27,18,53,5809,15,13,0,4255,7200,80,255,1
1761465530.1975596,14516211168466667019,62119,1,27,18,53,5809,15,13,0,4254,7200,80,255,1
1761465531.2047136,14516211168466667019,62142,1,27,18,53,5809,15,13,0,4253,7200,80,255,1
1761465532.698106,14516211168466667019,62174,1,27,18,53,5809,15,13,0,4251,7200,80,255,1
1761465533.702591,14516211168466667019,62198,1,27,18,53,5809,15,13,0,4250,7200,80,255,1
1761465535.1970603,14516211168466667019,62230,1,27,18,53,5809,15,13,0,4249,7200,80,255,1
1761465536.2013454,14516211168466667019,62252,1,27,18,53,5809,15,13,0,4248,7200,80,255,1
1761465537.206969,14516211168466667019,62275,1,27,18,53,5809,15,13,0,4247,7200,80,255,1
1761465538.6977544,14516211168466667019,62309,1,27,18,53,5809,15,13,0,4245,7200,80,255,1
1761465539.7050588,14516211168466667019,62331,1,27,18,53,5809,15,13,0,4244,7200,80,255,1
1761465540.7071009,14516211168466667019,62353,1,27,18,53,5809,15,13,0,4243,7200,80,255,1
1761465542.1944683,14516211168466667019,62386,1,27,18,53,5809,15,13,0,4242,7200,80,255,1
1761465543.2007012,14516211168466667019,62407,1,27,18,53,5809,15,13,0,4241,7200,80,255,1
1761465544.203441,14516211168466667019,62428,1,27,18,53,5809,15,13,0,4240,7200,80,255,1
1761465545.6971912,14516211168466667019,62461,1,27,18,53,5809,15,13,0,4238,7200,80,255,1
1761465546.702108,14516211168466667019,62484,1,27,18,53,5809,15,13,0,4237,7200,80,255,1
1761465547.7055018,14516211168466667019,62506,1,27,18,53,5809,15,13,0,4236,7200,80,255,1
1761465548.7093196,14516211168466667019,62528,1,27,18,53,5809,15,13,0,4235,7200,80,255,1
1761465550.201629,14516211168466667019,62562,1,27,18,53,5809,15,13,0,4234,7200,80,255,1
1761465551.2049649,14516211168466667019,62584,1,27,18,53,5809,15,13,0,4233,7200,80,255,1
1761465552.6976063,14516211168466667019,62618,1,27,18,53,5809,15,13,0,4231,7200,80,255,1
1761465553.7069554,14516211168466667019,62641,1,27,18,53,5809,15,13,0,4230,7200,80,255,1
1761465555.2071908,14516211168466667019,62673,1,27,18,53,5809,15,13,0,4229,7200,80,255,1
1761465556.701219,14516211168466667019,62706,1,27,18,53,5809,15,13,0,4227,7200,80,255,1
1761465557.706865,14516211168466667019,62728,1,27,18,53,5809,15,13,0,4226,7200,80,255,1
1761465559.2025251,14516211168466667019,62760,1,27,18,53,5809,15,13,0,4225,7200,80,255,1
1761465560.700118,14516211168466667019,62792,1,27,18,53,5809,15,13,0,4223,7200,80,255,1
1761465561.7090678,14516211168466667019,62814,1,27,18,53,5809,15,13,0,4222,7200,80,255,1
1761465563.2019382,14516211168466667019,62846,1,27,18,53,5809,15,13,0,4221,7200,80,255,1
1761465564.2041037,14516211168466667019,62869,1,27,18,53,5809,15,13,0,4220,7200,80,255,1
1761465565.6997466,14516211168466667019,62902,1,27,18,53,5809,15,13,0,4218,7200,80,255,1
1761465566.7055907,14516211168466667019,62926,1,27,18,53,5809,15,13,0,4217,7200,80,255,1
1761465568.1968107,14516211168466667019,62960,1,27,18,53,5809,15,13,0,4216,7200,80,255,1
1761465569.197963,14516211168466667019,62982,1,27,18,53,5809,15,13,0,4215,7200,80,255,1
1761465570.206909,14516211168466667019,63004,1,27,18,53,5809,15,13,0,4214,7200,80,255,1
1761465571.2098956,14516211168466667019,63027,1,27,18,53,5809,15,13,0,4213,7200,80,255,1
1761465572.7000706,14516211168466667019,63060,1,27,18,53,5809,15,13,0,4211,7200,80,255,1
1761465573.7026055,14516211168466667019,63081,1,27,18,53,5809,15,13,0,4210,7200,80,255,1
1761465575.19427,14516211168466667019,63114,1,27,18,53,5809,15,13,0,4209,7200,80,255,1
1761465576.2009444,14516211168466667019,63136,1,27,18,53,5809,15,13,0,4208,7200,80,255,1
1761465577.2079375,14516211168466667019,63159,1,27,18,53,5809,15,13,0,4207,7200,80,255,1
1761465578.6952236,14516211168466667019,63193,1,27,18,53,5809,15,13,0,4205,7200,80,255,1
1761465579.7030587,14516211168466667019,63215,1,27,18,53,5809,15,13,0,4204,7200,80,255,1
1761465580.705482,14516211168466667019,63237,1,27,18,53,5809,15,13,0,4203,7200,80,255,1
1761465581.7090516,14516211168466667019,63259,1,27,18,53,5809,15,13,0,4202,7200,80,255,1
1761465583.200401,14516211168466667019,63291,1,27,18,53,5809,15,13,0,4201,7200,80,255,1
1761465584.2060792,14516211168466667019,63314,1,27,18,53,5809,15,13,0,4200,7200,80,255,1
1761465585.7001908,14516211168466667019,63346,1,27,18,53,5809,15,13,0,4198,7200,80,255,1
1761465586.7068574,14516211168466667019,63369,1,27,18,53,5809,15,13,0,4197,7200,80,255,1
1761465587.7104416,14516211168466667019,63392,1,27,18,53,5809,15,13,0,4196,7200,80,255,1
1761465589.1982784,14516211168466667019,63426,1,27,18,53,5809,15,13,0,4195,7200,80,255,1
1761465590.2101321,14516211168466667019,63447,1,27,18,53,5809,15,13,0,4194,7200,80,255,1
1761465591.6998286,14516211168466667019,63479,1,27,18,53,5809,15,13,0,4192,7200,80,255,1
1761465592.7030377,14516211168466667019,63500,1,27,18,53,5809,15,13,0,4191,7200,80,255,1
1761465593.7082167,14516211168466667019,63523,1,27,18,53,5809,15,13,0,4190,7200,80,255,1
1761465595.2041347,14516211168466667019,63557,1,27,18,53,5809,15,13,0,4189,7200,80,255,1
1761465596.2070203,14516211168466667019,63580,1,27,18,53,5809,15,13,0,4188,7200,80,255,1
1761465597.696759,14516211168466667019,63613,1,27,18,53,5809,15,13,0,4186,7200,80,255,1
1761465598.700293,14516211168466667019,63635,1,27,18,53,5809,15,13,0,4185,7200,80,255,1
1761465599.7071187,14516211168466667019,63659,1,27,18,53,5809,15,13,0,4184,7200,80,255,1
1761465601.1956058,14516211168466667019,63692,1,27,18,53,5809,15,13,0,4183,7200,80,255,1
1761465602.2006004,14516211168466667019,63714,1,27,18,53,5809,15,13,0,4182,7200,80,255,1
1761465603.2035131,14516211168466667019,63734,1,27,18,53,5809,15,13,0,4181,7200,80,255,1
1761465604.2070527,14516211168466667019,63756,1,27,18,53,5809,15,13,0,4180,7200,80,255,1
1761465605.702096,14516211168466667019,63790,1,27,18,53,5809,15,13,0,4178,7200,80,255,1
1761465606.706847,14516211168466667019,63812,1,27,18,53,5809,15,13,0,4177,7200,80,255,1
1761465608.2111557,14516211168466667019,63846,1,27,18,53,5809,15,13,0,4176,7200,80,255,1
1761465609.7078407,14516211168466667019,63877,1,27,18,53,5809,15,13,0,4174,7200,80,255,1
1761465611.1976564,14516211168466667019,63909,1,27,18,53,5809,15,13,0,4173,7200,80,255,1
1761465612.2014344,14516211168466667019,63931,1,27,18,53,5809,15,13,0,4172,7200,80,255,1
1761465613.2044032,14516211168466667019,63953,1,27,18,53,5809,15,13,0,4171,7200,80,255,1
1761465614.698158,14516211168466667019,63986,1,27,18,53,5809,15,13,0,4169,7200,80,255,1
1761465615.7020128,14516211168466667019,64007,1,27,18,53,5809,15,13,0,4168,7200,80,255,1
1761465616.7068355,14516211168466667019,64030,1,27,18,53,5809,15,13,0,4167,7200,80,255,1
1761465618.1970937,14516211168466667019,64063,1,27,18,53,5809,15,13,0,4166,7200,80,255,1
1761465619.2001219,14516211168466667019,64085,1,27,18,53,5809,15,13,0,4165,7200,80,255,1
1761465620.209925,14516211168466667019,64106,1,27,18,53,5809,15,13,0,4164,7200,80,255,1
1761465621.6980941,14516211168466667019,64139,1,27,18,53,5809,15,13,0,4162,7200,80,255,1
1761465622.7028577,14516211168466667019,64161,1,27,18,53,5809,15,13,0,4161,7200,80,255,1
1761465623.7071135,14516211168466667019,64182,1,27,18,53,5809,15,13,0,4160,7200,80,255,1
1761465625.2033856,14516211168466667019,64215,1,27,18,53,5809,15,13,0,4159,7200,80,255,1
1761465626.2092283,14516211168466667019,64236,1,27,18,53,5809,15,13,0,4158,7200,80,255,1
1761465627.701608,14516211168466667019,64267,1,27,18,53,5809,15,13,0,4156,7200,80,255,1
1761465628.7067008,14516211168466667019,64289,1,27,18,53,5809,15,13,0,4155,7200,80,255,1
1761465630.2012377,14516211168466667019,64323,1,27,18,53,5809,15,13,0,4154,7200,80,255,1
1761465631.2097745,14516211168466667019,64346,1,27,18,53,5809,15,13,0,4153,7200,80,255,1
1761465632.7052388,14516211168466667019,64379,1,27,18,53,5809,15,13,0,4151,7200,80,255,1
1761465634.208291,14516211168466667019,64412,1,27,18,53,5809,15,13,0,4150,7200,80,255,1
1761465635.707963,14516211168466667019,64445,1,27,18,53,5809,15,13,0,4148,7200,80,255,1
1761465636.7108786,14516211168466667019,64468,1,27,18,53,5809,15,13,0,4147,7200,80,255,1
1761465638.1953356,14516211168466667019,64499,1,27,18,53,5809,15,13,0,4146,7200,80,255,1
1761465639.2011003,14516211168466667019,64521,1,27,18,53,5809,15,13,0,4145,7200,80,255,1
1761465640.2121367,14516211168466667019,64542,1,27,18,53,5809,15,13,0,4144,7200,80,255,1
1761465641.7017581,14516211168466667019,64574,1,27,18,53,5809,15,13,0,4142,7200,80,255,1
1761465643.2052937,14516211168466667019,64604,1,27,18,53,5809,15,13,0,4141,7200,80,255,1
1761465644.69998,14516211168466667019,64637,1,27,18,53,5809,15,13,0,4139,7200,80,255,1
1761465646.2019348,14516211168466667019,64670,1,27,18,53,5809,15,13,0,4138,7200,80,255,1
1761465647.2052453,14516211168466667019,64692,1,27,18,53,5809,15,13,0,4137,7200,80,255,1
1761465648.6946263,14516211168466667019,64725,1,27,18,53,5809,15,13,0,4135,7200,80,255,1
1761465649.704504,14516211168466667019,64747,1,27,18,53,5809,15,13,0,4134,7200,80,255,1
1761465651.1977847,14516211168466667019,64778,1,27,18,53,5809,15,13,0,4133,7200,80,255,1
1761465652.207905,14516211168466667019,64799,1,27,18,53,5809,15,13,0,4132,7200,80,255,1
1761465653.700966,14516211168466667019,64834,1,27,18,53,5809,15,13,0,4130,7200,80,255,1
1761465654.7074296,14516211168466667019,64854,1,27,18,53,5809,15,13,0,4129,7200,80,255,1
1761465656.1954556,14516211168466667019,64890,1,27,18,53,5809,15,13,0,4128,7200,80,255,1
1761465657.70675,14516211168466667019,64928,1,27,18,53,5809,15,13,0,4126,7200,80,255,1
1761465659.2000968,14516211168466667019,64962,1,27,18,53,5809,15,13,0,4125,7200,80,255,1
1761465660.2077668,14516211168466667019,64983,1,27,18,53,5809,15,13,0,4124,7200,80,255,1
1761465661.704097,14516211168466667019,65018,1,27,18,53,5809,15,13,0,4122,7200,80,255,1
1761465662.708878,14516211168466667019,65039,1,27,18,53,5809,15,13,0,4121,7200,80,255,1
1761465664.1978319,14516211168466667019,65073,1,27,18,53,5809,15,13,0,4120,7200,80,255,1
1761465665.2077913,14516211168466667019,65097,1,27,18,53,5809,15,13,0,4119,7200,80,255,1
1761465666.2082586,14516211168466667019,65118,1,27,18,53,5809,15,13,0,4118,7200,80,255,1
1761465667.7014644,14516211168466667019,65150,1,27,18,53,5809,15,13,0,4116,7200,80,255,1
1761465668.705482,14516211168466667019,65173,1,27,18,53,5809,15,13,0,4115,7200,80,255,1
1761465669.708104,14516211168466667019,65195,1,27,18,53,5809,15,13,0,4114,7200,80,255,1
1761465671.2032118,14516211168466667019,65230,1,27,18,53,5809,15,13,0,4113,7200,80,255,1
1761465672.2039213,14516211168466667019,65253,1,27,18,53,5809,15,13,0,4112,7200,80,255,1
1761465673.2080832,14516211168466667019,65276,1,27,18,53,5809,15,13,0,4111,7200,80,255,1
1761465674.708078,14516211168466667019,65308,1,27,18,53,5809,15,13,0,4109,7200,80,255,1
1761465676.205429,14516211168466667019,65342,1,27,18,53,5809,15,13,0,4108,7200,80,255,1
1761465677.698109,14516211168466667019,65375,1,27,18,53,5809,15,13,0,4106,7200,80,255,1
1761465678.708802,14516211168466667019,65399,1,27,18,53,5809,15,13,0,4105,7200,80,255,1
1761465680.2033966,14516211168466667019,65433,1,27,18,53,5809,15,13,0,4104,7200,80,255,1
1761465681.208043,14516211168466667019,65456,1,27,18,53,5809,15,13,0,4103,7200,80,255,1
1761465682.700811,14516211168466667019,65490,1,27,18,53,5809,15,13,0,4101,7200,80,255,1
1761465684.2049315,14516211168466667019,65527,1,27,18,53,5809,15,13,0,4100,7200,80,255,1
1761465685.6942399,14516211168466667019,65560,1,27,18,53,5809,15,13,0,4098,7200,80,255,1
1761465686.700167,14516211168466667019,65582,1,27,18,53,5809,15,13,0,4097,7200,80,255,1
1761465688.2077277,14516211168466667019,65616,1,27,18,53,5809,15,13,0,4096,7200,80,255,1
1761465689.6988683,14516211168466667019,65650,1,27,18,53,5809,15,13,0,4094,7200,80,255,1
1761465691.199987,14516211168466667019,65681,1,27,18,53,5809,15,13,0,4093,7200,80,255,1
1761465692.2068722,14516211168466667019,65705,1,27,18,53,5809,15,13,0,4092,7200,80,255,1
1761465693.700995,14516211168466667019,65738,1,27,18,53,5809,15,13,0,4090,7200,80,255,1
1761465694.7020812,14516211168466667019,65759,1,27,18,53,5809,15,13,0,4089,7200,80,255,1
1761465695.702166,14516211168466667019,65781,1,27,18,53,5809,15,13,0,4088,7200,80,255,1
1761465696.7095535,14516211168466667019,65803,1,27,18,53,5809,15,13,0,4087,7200,80,255,1
1761465698.1966965,14516211168466667019,65834,1,27,18,53,5809,15,13,0,4086,7200,80,255,1
1761465699.201716,14516211168466667019,65856,1,27,18,53,5809,15,13,0,4085,7200,80,255,1
1761465700.2020512,14516211168466667019,65877,1,27,18,53,5809,15,13,0,4084,7200,80,255,1
1761465701.6950424,14516211168466667019,65909,1,27,18,53,5809,15,13,0,4082,7200,80,255,1
1761465702.700007,14516211168466667019,65932,1,27,18,53,5809,15,13,0,4081,7200,80,255,1
1761465704.1988142,14516211168466667019,65964,1,27,18,53,5809,15,13,0,4080,7200,80,255,1
1761465705.6934364,14516211168466667019,65996,1,27,18,53,5809,15,13,0,4078,7200,80,255,1
1761465706.7092109,14516211168466667019,66020,1,27,18,53,5809,15,13,0,4077,7200,80,255,1
1761465708.7600005,14516211168466667019,66042,1,27,18,53,5809,15,13,0,4076,7200,80,255,1
1761465709.7708416,14516211168466667019,66062,1,27,18,53,5809,15,13,0,4075,7200,80,255,1
1761465711.2607815,14516211168466667019,66092,1,27,18,53,5809,15,13,0,4074,7200,80,255,1
1761465712.7717319,14516211168466667019,66123,1,27,18,53,5809,15,13,0,4072,7200,80,255,1
1761465714.2668502,14516211168466667019,66153,1,27,18,53,5809,15,13,0,4071,7200,80,255,1
1761465715.2707102,14516211168466667019,66173,1,27,18,53,5809,15,13,0,4070,7200,80,255,1
1761465716.7733881,14516211168466667019,66204,1,27,18,53,5809,15,13,0,4068,7200,80,255,1
1761465718.2705123,14516211168466667019,66234,1,27,18,53,5809,15,13,0,4067,7200,80,255,1
1761465719.2741256,14516211168466667019,66254,1,27,18,53,5809,15,13,0,4065,7200,80,255,1
1761465720.7698672,14516211168466667019,66284,1,27,18,53,5809,15,13,0,4064,7200,80,255,1
1761465721.771835,14516211168466667019,66305,1,27,18,53,5809,15,13,0,4063,7200,80,255,1
1761465722.7728841,14516211168466667019,66325,1,27,18,53,5809,15,13,0,4062,7200,80,255,1
1761465724.2732346,14516211168466667019,66355,1,27,18,53,5809,15,13,0,4060,7200,80,255,1
1761465725.7616494,14516211168466667019,66385,1,27,18,53,5809,15,13,0,4059,7200,80,255,1
1761465726.7627835,14516211168466667019,66406,1,27,18,53,5809,15,13,0,4058,7200,80,255,1
1761465727.766534,14516211168466667019,66426,1,27,18,53,5809,15,13,0,4057,7200,80,255,1
1761465728.771758,14516211168466667019,66446,1,27,18,53,5809,15,13,0,4056,7200,80,255,1
1761465729.7765205,14516211168466667019,66466,1,27,18,53,5809,15,13,0,4055,7200,80,255,1
1761465731.264662,14516211168466667019,66496,1,27,18,53,5809,15,13,0,4054,7200,80,255,1
1761465732.2695026,14516211168466667019,66517,1,27,18,53,5809,15,13,0,4053,7200,80,255,1
1761465733.274917,14516211168466667019,66537,1,27,18,53,5809,15,13,0,4051,7200,80,255,1
1761465734.7729008,14516211168466667019,66567,1,27,18,53,5809,15,13,0,4050,7200,80,255,1
1761465736.2742321,14516211168466667019,66597,1,27,18,53,5809,15,13,0,4048,7200,80,255,1
1761465737.759843,14516211168466667019,66628,1,27,18,53,5809,15,13,0,4047,7200,80,255,1
1761465738.763056,14516211168466667019,66648,1,27,18,53,5809,15,13,0,4046,7200,80,255,1
1761465739.768836,14516211168466667019,66668,1,27,18,53,5809,15,13,0,4045,7200,80,255,1
1761465741.271335,14516211168466667019,66698,1,27,18,53,5809,15,13,0,4044,7200,80,255,1
1761465742.7620268,14516211168466667019,66729,1,27,18,53,5809,15,13,0,4042,7200,80,255,1
1761465743.7678194,14516211168466667019,66749,1,27,18,53,5809,15,13,0,4041,7200,80,255,1
1761465744.7732732,14516211168466667019,66769,1,27,18,53,5809,15,13,0,4040,7200,80,255,1
1761465746.2721355,14516211168466667019,66799,1,27,18,53,5809,15,13,0,4039,7200,80,255,1
1761465747.761008,14516211168466667019,66830,1,27,18,53,5809,15,13,0,4037,7200,80,255,1
1761465748.765423,14516211168466667019,66850,1,27,18,53,5809,15,13,0,4036,7200,80,255,1
1761465749.7677486,14516211168466667019,66870,1,27,18,53,5809,15,13,0,4035,7200,80,255,1
1761465750.7743735,14516211168466667019,66890,1,27,18,53,5809,15,13,0,4034,7200,80,255,1
1761465752.2654736,14516211168466667019,66921,1,27,18,53,5809,15,13,0,4033,7200,80,255,1
1761465753.2714112,14516211168466667019,66941,1,27,18,53,5809,15,13,0,4032,7200,80,255,1
1761465754.273675,14516211168466667019,66961,1,27,18,53,5809,15,13,0,4030,7200,80,255,1
1761465755.7682595,14516211168466667019,66991,1,27,18,53,5809,15,13,0,4029,7200,80,255,1
1761465756.7696865,14516211168466667019,67012,1,27,18,53,5809,15,13,0,4028,7200,80,255,1
1761465758.2651901,14516211168466667019,67042,1,27,18,53,5809,15,13,0,4027,7200,80,255,1
1761465759.2708004,14516211168466667019,67062,1,27,18,53,5809,15,13,0,4026,7200,80,255,1
1761465760.763452,14516211168466667019,67092,1,27,18,53,5809,15,13,0,4024,7200,80,255,1
1761465762.2641695,14516211168466667019,67123,1,27,18,53,5809,15,13,0,4023,7200,80,255,1
1761465763.265171,14516211168466667019,67143,1,27,18,53,5809,15,13,0,4022,7200,80,255,1
1761465764.2722795,14516211168466667019,67163,1,27,18,53,5809,15,13,0,4021,7200,80,255,1
1761465765.7679517,14516211168466667019,67193,1,27,18,53,5809,15,13,0,4019,7200,80,255,1
1761465767.2629318,14516211168466667019,67224,1,27,18,53,5809,15,13,0,4018,7200,80,255,1
1761465768.266738,14516211168466667019,67244,1,27,18,53,5809,15,13,0,4017,7200,80,255,1
1761465769.2699177,14516211168466667019,67264,1,27,18,53,5809,15,13,0,4016,7200,80,255,1
1761465770.768167,14516211168466667019,67294,1,27,18,53,5809,15,13,0,4014,7200,80,255,1
1761465771.769837,14516211168466667019,67315,1,27,18,53,5809,15,13,0,4013,7200,80,255,1
1761465773.2707233,14516211168466667019,67345,1,27,18,53,5809,15,13,0,4012,7200,80,255,1
1761465774.272046,14516211168466667019,67365,1,27,18,53,5809,15,13,0,4011,7200,80,255,1
1761465775.7640028,14516211168466667019,67395,1,27,18,53,5809,15,13,0,4009,7200,80,255,1
1761465776.767593,14516211168466667019,67416,1,27,18,53,5809,15,13,0,4008,7200,80,255,1
1761465777.7697074,14516211168466667019,67436,1,27,18,53,5809,15,13,0,4007,7200,80,255,1
1761465778.7713997,14516211168466667019,67456,1,27,18,53,5809,15,13,0,4006,7200,80,255,1
1761465780.2678428,14516211168466667019,67487,1,27,18,53,5809,15,13,0,4005,7200,80,255,1
1761465781.269698,14516211168466667019,67507,1,27,18,53,5809,15,13,0,4004,7200,80,255,1
1761465782.2710478,14516211168466667019,67528,1,27,18,53,5809,15,13,0,4003,7200,80,255,1
1761465783.771737,14516211168466667019,67558,1,27,18,53,5809,15,13,0,4001,7200,80,255,1
1761465785.2639031,14516211168466667019,67588,1,27,18,53,5809,15,13,0,4000,7200,80,255,1
1761465786.2660363,14516211168466667019,67608,1,27,18,53,5809,15,13,0,3999,7200,80,255,1
1761465787.266734,14516211168466667019,67629,1,27,18,53,5809,15,13,0,3998,7200,80,255,1
1761465788.267787,14516211168466667019,67649,1,27,18,53,5809,15,13,0,3997,7200,80,255,1
1761465789.2708943,14516211168466667019,67669,1,27,18,53,5809,15,13,0,3996,7200,80,255,1
1761465790.7655933,14516211168466667019,67699,1,27,18,53,5809,15,13,0,3994,7200,80,255,1
1761465791.7657218,14516211168466667019,67720,1,27,18,53,5809,15,13,0,3993,7200,80,255,1
1761465792.7668948,14516211168466667019,67740,1,27,18,53,5809,15,13,0,3992,7200,80,255,1
1761465793.7709672,14516211168466667019,67760,1,27,18,53,5809,15,13,0,3991,7200,80,255,1
1761465795.2755342,14516211168466667019,67790,1,27,18,53,5809,15,13,0,3989,7200,80,255,1
1761465796.7722116,14516211168466667019,67821,1,27,18,53,5809,15,13,0,3988,7200,80,255,1
1761465798.272981,14516211168466667019,67851,1,27,18,53,5809,15,13,0,3987,7200,80,255,1
1761465799.7688227,14516211168466667019,67881,1,27,18,53,5809,15,13,0,3985,7200,80,255,1
1761465800.7729094,14516211168466667019,67901,1,27,18,53,5809,15,13,0,3984,7200,80,255,1
1761465802.2707362,14516211168466667019,67933,1,27,18,53,5809,15,13,0,3983,7200,80,255,1
1761465803.7638547,14516211168466667019,67963,1,27,18,53,5809,15,13,0,3981,7200,80,255,1
1761465804.7684836,14516211168466667019,67983,1,27,18,53,5809,15,13,0,3980,7200,80,255,1
1761465806.2723315,14516211168466667019,68013,1,27,18,53,5809,15,13,0,3979,7200,80,255,1
1761465807.7720122,14516211168466667019,68044,1,27,18,53,5809,15,13,0,3977,7200,80,255,1
1761465809.2697053,14516211168466667019,68074,1,27,18,53,5809,15,13,0,3976,7200,80,255,1
1761465810.2699606,14516211168466667019,68094,1,27,18,53,5809,15,13,0,3975,7200,80,255,1
1761465811.2739022,14516211168466667019,68114,1,27,18,53,5809,15,13,0,3974,7200,80,255,1
1761465812.7718318,14516211168466667019,68145,1,27,18,53,5809,15,13,0,3972,7200,80,255,1
1761465814.2676027,14516211168466667019,68175,1,27,18,53,5809,15,13,0,3971,7200,80,255,1
1761465815.272841,14516211168466667019,68195,1,27,18,53,5809,15,13,0,3970,7200,80,255,1
1761465816.7708435,14516211168466667019,68226,1,27,18,53,5809,15,13,0,3968,7200,80,255,1
1761465818.261682,14516211168466667019,68256,1,27,18,53,5809,15,13,0,3967,7200,80,255,1
1761465819.2674286,14516211168466667019,68276,1,27,18,53,5809,15,13,0,3966,7200,80,255,1
1761465820.7709348,14516211168466667019,68306,1,27,18,53,5809,15,13,0,3964,7200,80,255,1
1761465822.2622628,14516211168466667019,68337,1,27,18,53,5809,15,13,0,3963,7200,80,255,1
1761465823.2623434,14516211168466667019,68357,1,27,18,53,5809,15,13,0,3962,7200,80,255,1
1761465824.264688,14516211168466667019,68377,1,27,18,53,5809,15,13,0,3961,7200,80,255,1
1761465825.2705605,14516211168466667019,68397,1,27,18,53,5809,15,13,0,3960,7200,80,255,1
1761465826.2706308,14516211168466667019,68417,1,27,18,53,5809,15,13,0,3959,7200,80,255,1
1761465827.7619982,14516211168466667019,68448,1,27,18,53,5809,15,13,0,3957,7200,80,255,1
1761465828.7650418,14516211168466667019,68468,1,27,18,53,5809,15,13,0,3956,7200,80,255,1
1761465829.7669165,14516211168466667019,68488,1,27,18,53,5809,15,13,0,3955,7200,80,255,1
1761465831.2697635,14516211168466667019,68518,1,27,18,53,5809,15,13,0,3954,7200,80,255,1
1761465832.7637594,14516211168466667019,68549,1,27,18,53,5809,15,13,0,3952,7200,80,255,1
1761465833.7679875,14516211168466667019,68569,1,27,18,53,5809,15,13,0,3951,7200,80,255,1
1761465834.7735882,14516211168466667019,68589,1,27,18,53,5809,15,13,0,3950,7200,80,255,1
1761465836.2652383,14516211168466667019,68619,1,27,18,53,5809,15,13,0,3949,7200,80,255,1
1761465837.2725887,14516211168466667019,68640,1,27,18,53,5809,15,13,0,3948,7200,80,255,1
1761465838.7605531,14516211168466667019,68670,1,27,18,53,5809,15,13,0,3946,7200,80,255,1
1761465839.7688363,14516211168466667019,68690,1,27,18,53,5809,15,13,0,3945,7200,80,255,1
1761465841.273229,14516211168466667019,68720,1,27,18,53,5809,15,13,0,3944,7200,80,255,1
1761465842.7621238,14516211168466667019,68751,1,27,18,53,5809,15,13,0,3942,7200,80,255,1
1761465843.7632942,14516211168466667019,68771,1,27,18,53,5809,15,13,0,3941,7200,80,255,1
1761465845.2639582,14516211168466667019,68801,1,27,18,53,5809,15,13,0,3940,7200,80,255,1
1761465846.2644854,14516211168466667019,68821,1,27,18,53,5809,15,13,0,3939,7200,80,255,1
1761465847.7709167,14516211168466667019,68852,1,27,18,53,5809,15,13,0,3937,7200,80,255,1
1761465848.772899,14516211168466667019,68872,1,27,18,53,5809,15,13,0,3936,7200,80,255,1
1761465850.2754126,14516211168466667019,68902,1,27,18,53,5809,15,13,0,3935,7200,80,255,1
1761465851.7597523,14516211168466667019,68933,1,27,18,53,5809,15,13,0,3933,7200,80,255,1
1761465852.7694514,14516211168466667019,68954,1,27,18,53,5809,15,13,0,3932,7200,80,255,1
1761465854.261673,14516211168466667019,68985,1,27,18,53,5809,15,13,0,3931,7200,80,255,1
1761465855.2727542,14516211168466667019,69005,1,27,18,53,5809,15,13,0,3930,7200,80,255,1
1761465856.7694275,14516211168466667019,69036,1,27,18,53,5809,15,13,0,3928,7200,80,255,1
1761465858.2738748,14516211168466667019,69067,1,27,18,53,5809,15,13,0,3927,7200,80,255,1
1761465859.7686877,14516211168466667019,69097,1,27,18,53,5809,15,13,0,3925,7200,80,255,1
1761465861.2679026,14516211168466667019,69128,1,27,18,53,5809,15,13,0,3924,7200,80,255,1
1761465862.2699332,14516211168466667019,69149,1,27,18,53,5809,15,13,0,3923,7200,80,255,1
1761465863.7597365,14516211168466667019,69179,1,27,18,53,5809,15,13,0,3921,7200,80,255,1
1761465864.7626145,14516211168466667019,69199,1,27,18,53,5809,15,13,0,3920,7200,80,255,1
1761465865.7675972,14516211168466667019,69219,1,27,18,53,5809,15,13,0,3919,7200,80,255,1
1761465866.773661,14516211168466667019,69240,1,27,18,53,5809,15,13,0,3918,7200,80,255,1
1761465868.260933,14516211168466667019,69270,1,27,18,53,5809,15,13,0,3917,7200,80,255,1
1761465869.2615747,14516211168466667019,69290,1,27,18,53,5809,15,13,0,3916,7200,80,255,1
1761465870.2670078,14516211168466667019,69310,1,27,18,53,5809,15,13,0,3915,7200,80,255,1
1761465871.7597847,14516211168466667019,69341,1,27,18,53,5809,15,13,0,3913,7200,80,255,1
1761465872.7622302,14516211168466667019,69361,1,27,18,53,5809,15,13,0,3912,7200,80,255,1
1761465873.7649646,14516211168466667019,69381,1,27,18,53,5809,15,13,0,3911,7200,80,255,1
1761465874.7652464,14516211168466667019,69401,1,27,18,53,5809,15,13,0,3910,7200,80,255,1
1761465875.7694728,14516211168466667019,69421,1,27,18,53,5809,15,13,0,3909,7200,80,255,1
1761465876.7730355,14516211168466667019,69442,1,27,18,53,5809,15,13,0,3908,7200,80,255,1
1761465878.262969,14516211168466667019,69472,1,27,18,53,5809,15,13,0,3907,7200,80,255,1
1761465879.7632134,14516211168466667019,69502,1,27,18,53,5809,15,13,0,3905,7200,80,255,1
1761465880.7679474,14516211168466667019,69522,1,27,18,53,5809,15,13,0,3904,7200,80,255,1
1761465881.7706783,14516211168466667019,69543,1,27,18,53,5809,15,13,0,3903,7200,80,255,1
1761465883.2620215,14516211168466667019,69573,1,27,18,53,5809,15,13,0,3902,7200,80,255,1
1761465884.7617154,14516211168466667019,69603,1,27,18,53,5809,15,13,0,3900,7200,80,255,1
1761465885.7646592,14516211168466667019,69623,1,27,18,53,5809,15,13,0,3899,7200,80,255,1
1761465886.766307,14516211168466667019,69644,1,27,18,53,5809,15,13,0,3898,7200,80,255,1
1761465887.7696555,14516211168466667019,69664,1,27,18,53,5809,15,13,0,3897,7200,80,255,1
1761465889.2645524,14516211168466667019,69694,1,27,18,53,5809,15,13,0,3896,7200,80,255,1
1761465890.7625968,14516211168466667019,69724,1,27,18,53,5809,15,13,0,3894,7200,80,255,1
1761465892.27367,14516211168466667019,69755,1,27,18,53,5809,15,13,0,3893,7200,80,255,1
1761465893.7642784,14516211168466667019,69785,1,27,18,53,5809,15,13,0,3891,7200,80,255,1
1761465895.2640774,14516211168466667019,69815,1,27,18,53,5809,15,13,0,3890,7200,80,255,1
1761465896.2677307,14516211168466667019,69835,1,27,18,53,5809,15,13,0,3889,7200,80,255,1
1761465897.269804,14516211168466667019,69856,1,27,18,53,5809,15,13,0,3888,7200,80,255,1
1761465898.77086,14516211168466667019,69886,1,27,18,53,5809,15,13,0,3886,7200,80,255,1
1761465899.7755187,14516211168466667019,69906,1,27,18,53,5809,15,13,0,3885,7200,80,255,1
1761465901.2608821,14516211168466667019,69936,1,27,18,53,5809,15,13,0,3884,7200,80,255,1
1761465902.265081,14516211168466667019,69957,1,27,18,53,5809,15,13,0,3883,7200,80,255,1
1761465903.7645,14516211168466667019,69988,1,27,18,53,5809,15,13,0,3881,7200,80,255,1
1761465904.769459,14516211168466667019,70008,1,27,18,53,5809,15,13,0,3880,7200,80,255,1
1761465905.772786,14516211168466667019,70028,1,27,18,53,5809,15,13,0,3879,7200,80,255,1
1761465907.268672,14516211168466667019,70059,1,27,18,53,5809,15,13,0,3878,7200,80,255,1
1761465908.2733898,14516211168466667019,70079,1,27,18,53,5809,15,13,0,3877,7200,80,255,1
1761465909.761063,14516211168466667019,70109,1,27,18,53,5809,15,13,0,3875,7200,80,255,1
1761465910.765703,14516211168466667019,70129,1,27,18,53,5809,15,13,0,3874,7200,80,255,1
1761465911.7676377,14516211168466667019,70150,1,27,18,53,5809,15,13,0,3873,7200,80,255,1
1761465913.275588,14516211168466667019,70180,1,27,18,53,5809,15,13,0,3872,7200,80,255,1
1761465914.7608185,14516211168466667019,70210,1,27,18,53,5809,15,13,0,3870,7200,80,255,1
1761465915.7677045,14516211168466667019,70231,1,27,18,53,5809,15,13,0,3869,7200,80,255,1
1761465917.2727988,14516211168466667019,70262,1,27,18,53,5809,15,13,0,3868,7200,80,255,1
1761465918.7708154,14516211168466667019,70292,1,27,18,53,5809,15,13,0,3866,7200,80,255,1
1761465920.2647123,14516211168466667019,70322,1,27,18,53,5809,15,13,0,3865,7200,80,255,1
1761465921.2685964,14516211168466667019,70343,1,27,18,53,5809,15,13,0,3864,7200,80,255,1
1761465922.7606747,14516211168466667019,70374,1,27,18,53,5809,15,13,0,3862,7200,80,255,1
1761465923.763864,14516211168466667019,70394,1,27,18,53,5809,15,13,0,3861,7200,80,255,1
1761465924.767273,14516211168466667019,70414,1,27,18,53,5809,15,13,0,3860,7200,80,255,1
1761465926.269369,14516211168466667019,70444,1,27,18,53,5809,15,13,0,3859,7200,80,255,1
1761465927.2731643,14516211168466667019,70465,1,27,18,53,5809,15,13,0,3858,7200,80,255,1
1761465928.7692862,14516211168466667019,70495,1,27,18,53,5809,15,13,0,3856,7200,80,255,1
1761465930.2744827,14516211168466667019,70526,1,27,18,53,5809,15,13,0,3855,7200,80,255,1
1761465931.7684598,14516211168466667019,70557,1,27,18,53,5809,15,13,0,3853,7200,80,255,1
1761465933.2595754,14516211168466667019,70587,1,27,18,53,5809,15,13,0,3852,7200,80,255,1
1761465934.2646518,14516211168466667019,70607,1,27,18,53,5809,15,13,0,3851,7200,80,255,1
1761465935.2706008,14516211168466667019,70627,1,27,18,53,5809,15,13,0,3850,7200,80,255,1
1761465936.2719753,14516211168466667019,70647,1,27,18,53,5809,15,13,0,3849,7200,80,255,1
1761465937.7619386,14516211168466667019,70679,1,27,18,53,5809,15,13,0,3847,7200,80,255,1
1761465938.7663348,14516211168466667019,70699,1,27,18,53,5809,15,13,0,3846,7200,80,255,1
1761465939.7687488,14516211168466667019,70719,1,27,18,53,5809,15,13,0,3845,7200,80,255,1
1761465940.7733114,14516211168466667019,70739,1,27,18,53,5809,15,13,0,3844,7200,80,255,1
1761465942.2708094,14516211168466667019,70770,1,27,18,53,5809,15,13,0,3843,7200,80,255,1
1761465943.76972,14516211168466667019,70801,1,27,18,53,5809,15,13,0,3841,7200,80,255,1
1761465944.7750185,14516211168466667019,70821,1,27,18,53,5809,15,13,0,3840,7200,80,255,1
1761465946.26497,14516211168466667019,70852,1,27,18,53,5809,15,13,0,3839,7200,80,255,1
1761465947.2676384,14516211168466667019,70873,1,27,18,53,5809,15,13,0,3838,7200,80,255,1
1761465948.2740455,14516211168466667019,70893,1,27,18,53,5809,15,13,0,3837,7200,80,255,1
1761465949.762091,14516211168466667019,70923,1,27,18,53,5809,15,13,0,3835,7200,80,255,1
1761465950.767253,14516211168466667019,70943,1,27,18,53,5809,15,13,0,3834,7200,80,255,1
1761465951.7751353,14516211168466667019,70964,1,27,18,53,5809,15,13,0,3833,7200,80,255,1
1761465953.2608984,14516211168466667019,70994,1,27,18,53,5809,15,13,0,3832,7200,80,255,1
1761465954.770225,14516211168466667019,71025,1,27,18,53,5809,15,13,0,3830,7200,80,255,1
1761465956.2628288,14516211168466667019,71056,1,27,18,53,5809,15,13,0,3829,7200,80,255,1
1761465957.7696881,14516211168466667019,71087,1,27,18,53,5809,15,13,0,3827,7200,80,255,1
1761465958.773884,14516211168466667019,71108,1,27,18,53,5809,15,13,0,3826,7200,80,255,1
1761465960.2618673,14516211168466667019,71138,1,27,18,53,5809,15,13,0,3825,7200,80,255,1
1761465961.2628508,14516211168466667019,71158,1,27,18,53,5809,15,13,0,3824,7200,80,255,1
1761465962.266493,14516211168466667019,71179,1,27,18,53,5809,15,13,0,3823,7200,80,255,1
1761465963.270752,14516211168466667019,71199,1,27,18,53,5809,15,13,0,3822,7200,80,255,1
1761465964.7719903,14516211168466667019,71229,1,27,18,53,5809,15,13,0,3820,7200,80,255,1
1761465966.2749074,14516211168466667019,71259,1,27,18,53,5809,15,13,0,3819,7200,80,255,1
1761465967.7615964,14516211168466667019,71291,1,27,18,53,5809,15,13,0,3817,7200,80,255,1
1761465968.7717261,14516211168466667019,71311,1,27,18,53,5809,15,13,0,3816,7200,80,255,1
1761465970.2678058,14516211168466667019,71341,1,27,18,53,5809,15,13,0,3815,7200,80,255,1
1761465971.2726266,14516211168466667019,71361,1,27,18,53,5809,15,13,0,3814,7200,80,255,1
1761465972.7751195,14516211168466667019,71392,1,27,18,53,5809,15,13,0,3812,7200,80,255,1
1761465974.2719235,14516211168466667019,71422,1,27,18,53,5809,15,13,0,3811,7200,80,255,1
1761465975.760705,14516211168466667019,71453,1,27,18,53,5809,15,13,0,3809,7200,80,255,1
1761465976.7648451,14516211168466667019,71474,1,27,18,53,5809,15,13,0,3808,7200,80,255,1
1761465978.2652757,14516211168466667019,71504,1,27,18,53,5809,15,13,0,3807,7200,80,255,1
1761465979.2694807,14516211168466667019,71524,1,27,18,53,5809,15,13,0,3806,7200,80,255,1
1761465980.7716284,14516211168466667019,71554,1,27,18,53,5809,15,13,0,3804,7200,80,255,1
1761465981.774333,14516211168466667019,71575,1,27,18,53,5809,15,13,0,3803,7200,80,255,1
1761465983.2727163,14516211168466667019,71606,1,27,18,53,5809,15,13,0,3802,7200,80,255,1
1761465984.7738514,14516211168466667019,71636,1,27,18,53,5809,15,13,0,3800,7200,80,255,1
1761465986.260891,14516211168466667019,71666,1,27,18,53,5809,15,13,0,3799,7200,80,255,1
1761465987.2755063,14516211168466667019,71687,1,27,18,53,5809,15,13,0,3798,7200,80,255,1
1761465988.7707286,14516211168466667019,71717,1,27,18,53,5809,15,13,0,3796,7200,80,255,1
1761465989.7741,14516211168466667019,71737,1,27,18,53,5809,15,13,0,3795,7200,80,255,1
1761465991.266329,14516211168466667019,71767,1,27,18,53,5809,15,13,0,3794,7200,80,255,1
1761465992.771091,14516211168466667019,71798,1,27,18,53,5809,15,13,0,3792,7200,80,255,1
1761465994.269491,14516211168466667019,71828,1,27,18,53,5809,15,13,0,3791,7200,80,255,1
1761465995.7733562,14516211168466667019,71858,1,27,18,53,5809,15,13,0,3789,7200,80,255,1
1761465997.2684326,14516211168466667019,71889,1,27,18,53,5809,15,13,0,3788,7200,80,255,1
1761465998.7753885,14516211168466667019,71919,1,27,18,53,5809,15,13,0,3786,7200,80,255,1
1761466000.264831,14516211168466667019,71949,1,27,18,53,5809,15,13,0,3785,7200,80,255,1
1761466001.2695382,14516211168466667019,71970,1,27,18,53,5809,15,13,0,3784,7200,80,255,1
1761466002.7674837,14516211168466667019,72001,1,27,18,53,5809,15,13,0,3782,7200,80,255,1
1761466004.27573,14516211168466667019,72031,1,27,18,53,5809,15,13,0,3781,7200,80,255,1
1761466005.7617815,14516211168466667019,72061,1,27,18,53,5809,15,13,0,3779,7200,80,255,1
1761466006.7718413,14516211168466667019,72082,1,27,18,53,5809,15,13,0,3778,7200,80,255,1
1761466007.7740912,14516211168466667019,72102,1,27,18,53,5809,15,13,0,3777,7200,80,255,1
1761466009.2728035,14516211168466667019,72132,1,27,18,53,5809,15,13,0,3776,7200,80,255,1
1761466010.7731283,14516211168466667019,72162,1,27,18,53,5809,15,13,0,3774,7200,80,255,1
1761466012.263936,14516211168466667019,72193,1,27,18,53,5809,15,13,0,3773,7200,80,255,1
1761466013.2696104,14516211168466667019,72213,1,27,18,53,5809,15,13,0,3772,7200,80,255,1
1761466014.771525,14516211168466667019,72243,1,27,18,53,5809,15,13,0,3770,7200,80,255,1
1761466016.271434,14516211168466667019,72273,1,27,18,53,5809,15,13,0,3769,7200,80,255,1
1761466017.7725542,14516211168466667019,72305,1,27,18,53,5809,15,13,0,3767,7200,80,255,1
1761466019.2616382,14516211168466667019,72336,1,27,18,53,5809,15,13,0,3766,7200,80,255,1
1761466020.2703583,14516211168466667019,72356,1,27,18,53,5809,15,13,0,3765,7200,80,255,1
1761466021.2738369,14516211168466667019,72376,1,27,18,53,5809,15,13,0,3764,7200,80,255,1
1761466022.7621498,14516211168466667019,72408,1,27,18,53,5809,15,13,0,3762,7200,80,255,1
1761466023.7642763,14516211168466667019,72428,1,27,18,53,5809,15,13,0,3761,7200,80,255,1
1761466025.2662525,14516211168466667019,72458,1,27,18,53,5809,15,13,0,3760,7200,80,255,1
1761466026.272415,14516211168466667019,72479,1,27,18,53,5809,15,13,0,3759,7200,80,255,1
1761466027.7604434,14516211168466667019,72513,1,27,18,53,5809,15,13,0,3757,7200,80,255,1
1761466028.7662468,14516211168466667019,72533,1,27,18,53,5809,15,13,0,3756,7200,80,255,1
1761466029.7693515,14516211168466667019,72553,1,27,18,53,5809,15,13,0,3755,7200,80,255,1
1761466030.774373,14516211168466667019,72573,1,27,18,53,5809,15,13,0,3754,7200,80,255,1
1761466032.2737014,14516211168466667019,72604,1,27,18,53,5809,15,13,0,3753,7200,80,255,1
1761466033.7672195,14516211168466667019,72634,1,27,18,53,5809,15,13,0,3751,7200,80,255,1
1761466035.2608602,14516211168466667019,72664,1,27,18,53,5809,15,13,0,3750,7200,80,255,1
1761466036.2676845,14516211168466667019,72684,1,27,18,53,5809,15,13,0,3749,7200,80,255,1
1761466037.2714624,14516211168466667019,72705,1,27,18,53,5809,15,13,0,3748,7200,80,255,1
1761466038.7738733,14516211168466667019,72736,1,27,18,53,5809,15,13,0,3746,7200,80,255,1
1761466039.7740583,14516211168466667019,72756,1,27,18,53,5809,15,13,0,3745,7200,80,255,1
1761466041.2628288,14516211168466667019,72786,1,27,18,53,5809,15,13,0,3744,7200,80,255,1
1761466042.269404,14516211168466667019,72807,1,27,18,53,5809,15,13,0,3743,7200,80,255,1
1761466043.7606194,14516211168466667019,72837,1,27,18,53,5809,15,13,0,3741,7200,80,255,1
1761466044.7698383,14516211168466667019,72859,1,27,18,53,5809,15,13,0,3740,7200,80,255,1
1761466045.7717206,14516211168466667019,72879,1,27,18,53,5809,15,13,0,3739,7200,80,255,1
1761466047.264725,14516211168466667019,72910,1,27,18,53,5809,15,13,0,3738,7200,80,255,1
1761466048.7749386,14516211168466667019,72940,1,27,18,53,5809,15,13,0,3736,7200,80,255,1
1761466050.262554,14516211168466667019,72970,1,27,18,53,5809,15,13,0,3735,7200,80,255,1
1761466051.266494,14516211168466667019,72991,1,27,18,53,5809,15,13,0,3734,7200,80,255,1
1761466052.2747998,14516211168466667019,73012,1,27,18,53,5809,15,13,0,3733,7200,80,255,1
1761466053.7736554,14516211168466667019,73042,1,27,18,53,5809,15,13,0,3731,7200,80,255,1
1761466055.2614577,14516211168466667019,73072,1,27,18,53,5809,15,13,0,3730,7200,80,255,1
1761466056.2661052,14516211168466667019,73092,1,27,18,53,5809,15,13,0,3729,7200,80,255,1
1761466057.2705462,14516211168466667019,73113,1,27,18,53,5809,15,13,0,3728,7200,80,255,1
1761466058.7694492,14516211168466667019,73143,1,27,18,53,5809,15,13,0,3726,7200,80,255,1
1761466059.7726133,14516211168466667019,73163,1,27,18,53,5809,15,13,0,3725,7200,80,255,1
1761466061.2726102,14516211168466667019,73193,1,27,18,53,5809,15,13,0,3724,7200,80,255,1
1761466062.763388,14516211168466667019,73224,1,27,18,53,5809,15,13,0,3722,7200,80,255,1
1761466063.7672906,14516211168466667019,73244,1,27,18,53,5809,15,13,0,3721,7200,80,255,1
1761466064.7709398,14516211168466667019,73264,1,27,18,53,5809,15,13,0,3720,7200,80,255,1
1761466066.2746923,14516211168466667019,73294,1,27,18,53,5809,15,13,0,3719,7200,80,255,1
1761466067.763809,14516211168466667019,73325,1,27,18,53,5809,15,13,0,3717,7200,80,255,1
1761466068.768387,14516211168466667019,73345,1,27,18,53,5809,15,13,0,3716,7200,80,255,1
1761466069.7726617,14516211168466667019,73365,1,27,18,53,5809,15,13,0,3715,7200,80,255,1
1761466071.2727046,14516211168466667019,73395,1,27,18,53,5809,15,13,0,3714,7200,80,255,1
1761466072.7627273,14516211168466667019,73426,1,27,18,53,5809,15,13,0,3712,7200,80,255,1
1761466073.7676165,14516211168466667019,73446,1,27,18,53,5809,15,13,0,3711,7200,80,255,1
1761466074.7734082,14516211168466667019,73466,1,27,18,53,5809,15,13,0,3710,7200,80,255,1
1761466076.2738748,14516211168466667019,73496,1,27,18,53,5809,15,13,0,3709,7200,80,255,1
1761466077.7706876,14516211168466667019,73527,1,27,18,53,5809,15,13,0,3707,7200,80,255,1
1761466079.26297,14516211168466667019,73558,1,27,18,53,5809,15,13,0,3706,7200,80,255,1
1761466080.2664468,14516211168466667019,73578,1,27,18,53,5809,15,13,0,3705,7200,80,255,1
1761466081.2707553,14516211168466667019,73598,1,27,18,53,5809,15,13,0,3704,7200,80,255,1
1761466082.7752788,14516211168466667019,73629,1,27,18,53,5809,15,13,0,3702,7200,80,255,1
1761466084.2762158,14516211168466667019,73660,1,27,18,53,5809,15,13,0,3701,7200,80,255,1
1761466085.774018,14516211168466667019,73691,1,27,18,53,5809,15,13,0,3699,7200,80,255,1
1761466087.2636104,14516211168466667019,73723,1,27,18,53,5809,15,13,0,3698,7200,80,255,1
1761466088.7731252,14516211168466667019,73753,1,27,18,53,5809,15,13,0,3696,7200,80,255,1
1761466090.2695358,14516211168466667019,73783,1,27,18,53,5809,15,13,0,3695,7200,80,255,1
1761466091.7673643,14516211168466667019,73815,1,27,18,53,5809,15,13,0,3693,7200,80,255,1
1761466093.2618406,14516211168466667019,73846,1,27,18,53,5809,15,13,0,3692,7200,80,255,1
1761466094.2647548,14516211168466667019,73867,1,27,18,53,5809,15,13,0,3691,7200,80,255,1
1761466095.268562,14516211168466667019,73887,1,27,18,53,5809,15,13,0,3690,7200,80,255,1
1761466096.7602963,14516211168466667019,73919,1,27,18,53,5809,15,13,0,3688,7200,80,255,1
1761466097.76286,14516211168466667019,73940,1,27,18,53,5809,15,13,0,3687,7200,80,255,1
1761466098.766656,14516211168466667019,73960,1,27,18,53,5809,15,13,0,3686,7200,80,255,1
1761466099.767346,14516211168466667019,73980,1,27,18,53,5809,15,13,0,3685,7200,80,255,1
1761466101.2615309,14516211168466667019,74011,1,27,18,53,5809,15,13,0,3684,7200,80,255,1
1761466102.270315,14516211168466667019,74032,1,27,18,53,5809,15,13,0,3683,7200,80,255,1
1761466103.2735868,14516211168466667019,74052,1,27,18,53,5809,15,13,0,3682,7200,80,255,1
1761466104.7630103,14516211168466667019,74083,1,27,18,53,5809,15,13,0,3680,7200,80,255,1
1761466105.7691507,14516211168466667019,74103,1,27,18,53,5809,15,13,0,3679,7200,80,255,1
1761466106.7747371,14516211168466667019,74124,1,27,18,53,5809,15,13,0,3678,7200,80,255,1
1761466108.266474,14516211168466667019,74154,1,27,18,53,5809,15,13,0,3677,7200,80,255,1
1761466109.2671592,14516211168466667019,74175,1,27,18,53,5809,15,13,0,3676,7200,80,255,1
1761466110.7629516,14516211168466667019,74206,1,27,18,53,5809,15,13,0,3674,7200,80,255,1
1761466111.7660794,14516211168466667019,74227,1,27,18,53,5809,15,13,0,3673,7200,80,255,1
1761466112.7701952,14516211168466667019,74247,1,27,18,53,5809,15,13,0,3672,7200,80,255,1
1761466114.2625806,14516211168466667019,74278,1,27,18,53,5809,15,13,0,3671,7200,80,255,1
1761466115.2697725,14516211168466667019,74298,1,27,18,53,5809,15,13,0,3670,7200,80,255,1
1761466116.7702591,14516211168466667019,74330,1,27,18,53,5809,15,13,0,3668,7200,80,255,1
1761466118.2650907,14516211168466667019,74361,1,27,18,53,5809,15,13,0,3667,7200,80,255,1
1761466119.2703853,14516211168466667019,74382,1,27,18,53,5809,15,13,0,3666,7200,80,255,1
1761466120.7646053,14516211168466667019,74413,1,27,18,53,5809,15,13,0,3664,7200,80,255,1
1761466122.2674067,14516211168466667019,74444,1,27,18,53,5809,15,13,0,3663,7200,80,255,1
1761466123.273477,14516211168466667019,74465,1,27,18,53,5809,15,13,0,3662,7200,80,255,1
1761466124.762837,14516211168466667019,74496,1,27,18,53,5809,15,13,0,3660,7200,80,255,1
1761466125.7719557,14516211168466667019,74516,1,27,18,53,5809,15,13,0,3659,7200,80,255,1
1761466127.26901,14516211168466667019,74547,1,27,18,53,5809,15,13,0,3658,7200,80,255,1
1761466128.770501,14516211168466667019,74577,1,27,18,53,5809,15,13,0,3656,7200,80,255,1
1761466130.270153,14516211168466667019,74607,1,27,18,53,5809,15,13,0,3655,7200,80,255,1
1761466131.2723377,14516211168466667019,74628,1,27,18,53,5809,15,13,0,3654,7200,80,255,1
1761466132.7686763,14516211168466667019,74660,1,27,18,53,5809,15,13,0,3652,7200,80,255,1
1761466134.2617261,14516211168466667019,74691,1,27,18,53,5809,15,13,0,3651,7200,80,255,1
1761466135.271072,14516211168466667019,74712,1,27,18,53,5809,15,13,0,3650,7200,80,255,1
1761466136.7690217,14516211168466667019,74743,1,27,18,53,5809,15,13,0,3648,7200,80,255,1
1761466138.2691503,14516211168466667019,74774,1,27,18,53,5809,15,13,0,3647,7200,80,255,1
1761466139.2739937,14516211168466667019,74795,1,27,18,53,5809,15,13,0,3646,7200,80,255,1
1761466140.7674744,14516211168466667019,74825,1,27,18,53,5809,15,13,0,3644,7200,80,255,1
1761466142.2651458,14516211168466667019,74856,1,27,18,53,5809,15,13,0,3643,7200,80,255,1
1761466143.2682822,14516211168466667019,74877,1,27,18,53,5809,15,13,0,3642,7200,80,255,1
1761466144.7644649,14516211168466667019,74907,1,27,18,53,5809,15,13,0,3640,7200,80,255,1
1761466146.2625477,14516211168466667019,74938,1,27,18,53,5809,15,13,0,3639,7200,80,255,1
1761466147.2690125,14516211168466667019,74960,1,27,18,53,5809,15,13,0,3638,7200,80,255,1
1761466148.7646954,14516211168466667019,74993,1,27,18,53,5809,15,13,0,3636,7200,80,255,1
1761466149.770802,14516211168466667019,75013,1,27,18,53,5809,15,13,0,3635,7200,80,255,1
1761466151.2604892,14516211168466667019,75043,1,27,18,53,5809,15,13,0,3634,7200,80,255,1
1761466152.2674212,14516211168466667019,75065,1,27,18,53,5809,15,13,0,3633,7200,80,255,1
1761466153.2712774,14516211168466667019,75085,1,27,18,53,5809,15,13,0,3632,7200,80,255,1
1761466154.7644205,14516211168466667019,75116,1,27,18,53,5809,15,13,0,3630,7200,80,255,1
1761466155.7645757,14516211168466667019,75137,1,27,18,53,5809,15,13,0,3629,7200,80,255,1
1761466156.7740452,14516211168466667019,75159,1,27,18,53,5809,15,13,0,3628,7200,80,255,1
1761466158.2659361,14516211168466667019,75190,1,27,18,53,5809,15,13,0,3627,7200,80,255,1
1761466159.2705202,14516211168466667019,75210,1,27,18,53,5809,15,13,0,3626,7200,80,255,1
1761466160.771611,14516211168466667019,75240,1,27,18,53,5809,15,13,0,3624,7200,80,255,1
1761466162.2613926,14516211168466667019,75271,1,27,18,53,5809,15,13,0,3623,7200,80,255,1
1761466163.268336,14516211168466667019,75292,1,27,18,53,5809,15,13,0,3622,7200,80,255,1
1761466164.2704935,14516211168466667019,75313,1,27,18,53,5809,15,13,0,3621,7200,80,255,1
1761466165.7672985,14516211168466667019,75344,1,27,18,53,5809,15,13,0,3619,7200,80,255,1
1761466167.263476,14516211168466667019,75375,1,27,18,53,5809,15,13,0,3618,7200,80,255,1
1761466168.2694578,14516211168466667019,75396,1,27,18,53,5809,15,13,0,3617,7200,80,255,1
1761466169.7658765,14516211168466667019,75426,1,27,18,53,5809,15,13,0,3615,7200,80,255,1
1761466171.2648222,14516211168466667019,75456,1,27,18,53,5809,15,13,0,3614,7200,80,255,1
1761466172.2716029,14516211168466667019,75477,1,27,18,53,5809,15,13,0,3613,7200,80,255,1
1761466173.7691188,14516211168466667019,75507,1,27,18,53,5809,15,13,0,3611,7200,80,255,1
1761466175.2693954,14516211168466667019,75537,1,27,18,53,5809,15,13,0,3610,7200,80,255,1
1761466176.2749546,14516211168466667019,75557,1,27,18,53,5809,15,13,0,3609,7200,80,255,1
1761466177.7691267,14516211168466667019,75588,1,27,18,53,5809,15,13,0,3607,7200,80,255,1
1761466179.2649777,14516211168466667019,75619,1,27,18,53,5809,15,13,0,3606,7200,80,255,1
1761466180.2690248,14516211168466667019,75640,1,27,18,53,5809,15,13,0,3605,7200,80,255,1
1761466181.7729878,14516211168466667019,75671,1,27,18,53,5809,15,13,0,3603,7200,80,255,1
1761466183.2700882,14516211168466667019,75701,1,27,18,53,5809,15,13,0,3602,7200,80,255,1
1761466184.7659247,14516211168466667019,75732,1,27,18,53,5809,15,13,0,3600,7200,80,255,1
1761466186.266802,14516211168466667019,75762,1,27,18,53,5809,15,13,0,3599,7200,80,255,1
1761466187.7700157,14516211168466667019,75794,1,27,18,53,5809,15,13,0,3597,7200,80,255,1
1761466189.2661262,14516211168466667019,75826,1,27,18,53,5809,15,13,0,3596,7200,80,255,1
1761466190.7646148,14516211168466667019,75857,1,27,18,53,5809,15,13,0,3594,7200,80,255,1
1761466191.7725127,14516211168466667019,75878,1,27,18,53,5809,15,13,0,3593,7200,80,255,1
1761466193.268935,14516211168466667019,75908,1,27,18,53,5809,15,13,0,3592,7200,80,255,1
1761466194.76738,14516211168466667019,75938,1,27,18,53,5809,15,13,0,3590,7200,80,255,1
1761466196.26463,14516211168466667019,75969,1,27,18,53,5809,15,13,0,3589,7200,80,255,1
1761466197.2732618,14516211168466667019,75990,1,27,18,53,5809,15,13,0,3588,7200,80,255,1
1761466198.768909,14516211168466667019,76021,1,27,18,53,5809,15,13,0,3586,7200,80,255,1
1761466200.2673872,14516211168466667019,76052,1,27,18,53,5809,15,13,0,3585,7200,80,255,1
1761466201.2714863,14516211168466667019,76073,1,27,18,53,5809,15,13,0,3584,7200,80,255,1
1761466202.764361,14516211168466667019,76104,1,27,18,53,5809,15,13,0,3582,7200,80,255,1
1761466203.7693737,14516211168466667019,76124,1,27,18,53,5809,15,13,0,3581,7200,80,255,1
1761466205.2713592,14516211168466667019,76155,1,27,18,53,5809,15,13,0,3580,7200,80,255,1
1761466206.7681274,14516211168466667019,76187,1,27,18,53,5809,15,13,0,3578,7200,80,255,1
1761466208.2658746,14516211168466667019,76217,1,27,18,53,5809,15,13,0,3577,7200,80,255,1
1761466209.2725823,14516211168466667019,76237,1,27,18,53,5809,15,13,0,3576,7200,80,255,1
1761466210.7634718,14516211168466667019,76267,1,27,18,53,5809,15,13,0,3574,7200,80,255,1
1761466212.2660415,14516211168466667019,76299,1,27,18,53,5809,15,13,0,3573,7200,80,255,1
1761466213.2736208,14516211168466667019,76319,1,27,18,53,5809,15,13,0,3572,7200,80,255,1
1761466214.764736,14516211168466667019,76349,1,27,18,53,5809,15,13,0,3570,7200,80,255,1
1761466215.764898,14516211168466667019,76369,1,27,18,53,5809,15,13,0,3569,7200,80,255,1
1761466217.2660007,14516211168466667019,76401,1,27,18,53,5809,15,13,0,3568,7200,80,255,1
1761466218.763841,14516211168466667019,76432,1,27,18,53,5809,15,13,0,3566,7200,80,255,1
1761466219.765073,14516211168466667019,76452,1,27,18,53,5809,15,13,0,3565,7200,80,255,1
1761466221.2689662,14516211168466667019,76483,1,27,18,53,5809,15,13,0,3564,7200,80,255,1
1761466222.766311,14516211168466667019,76514,1,27,18,53,5809,15,13,0,3562,7200,80,255,1
1761466223.7742555,14516211168466667019,76534,1,27,18,53,5809,15,13,0,3561,7200,80,255,1
1761466225.2649717,14516211168466667019,76564,1,27,18,53,5809,15,13,0,3560,7200,80,255,1
1761466226.2693458,14516211168466667019,76584,1,27,18,53,5809,15,13,0,3559,7200,80,255,1
1761466227.7712755,14516211168466667019,76615,1,27,18,53,5809,15,13,0,3557,7200,80,255,1
1761466229.269824,14516211168466667019,76645,1,27,18,53,5809,15,13,0,3556,7200,80,255,1
1761466230.7700639,14516211168466667019,76675,1,27,18,53,5809,15,13,0,3554,7200,80,255,1
1761466231.7743692,14516211168466667019,76696,1,27,18,53,5809,15,13,0,3553,7200,80,255,1
1761466233.2592158,14516211168466667019,76726,1,27,18,53,5809,15,13,0,3552,7200,80,255,1
1761466234.2662625,14516211168466667019,76747,1,27,18,53,5809,15,13,0,3551,7200,80,255,1
1761466235.270505,14516211168466667019,76767,1,27,18,53,5809,15,13,0,3550,7200,80,255,1
1761466236.7703638,14516211168466667019,76799,1,27,18,53,5809,15,13,0,3548,7200,80,255,1
1761466238.2653031,14516211168466667019,76829,1,27,18,53,5809,15,13,0,3547,7200,80,255,1
1761466239.2713497,14516211168466667019,76849,1,27,18,53,5809,15,13,0,3546,7200,80,255,1
1761466240.2713597,14516211168466667019,76869,1,27,18,53,5809,15,13,0,3545,7200,80,255,1
1761466241.7644324,14516211168466667019,76901,1,27,18,53,5809,15,13,0,3543,7200,80,255,1
1761466242.7702773,14516211168466667019,76922,1,27,18,53,5809,15,13,0,3542,7200,80,255,1
1761466244.2637577,14516211168466667019,76954,1,27,18,53,5809,15,13,0,3541,7200,80,255,1
1761466245.2735496,14516211168466667019,76974,1,27,18,53,5809,15,13,0,3540,7200,80,255,1
1761466246.7671924,14516211168466667019,77006,1,27,18,53,5809,15,13,0,3538,7200,80,255,1
1761466247.772761,14516211168466667019,77026,1,27,18,53,5809,15,13,0,3537,7200,80,255,1
1761466249.271383,14516211168466667019,77058,1,27,18,53,5809,15,13,0,3536,7200,80,255,1
1761466250.7720473,14516211168466667019,77088,1,27,18,53,5809,15,13,0,3534,7200,80,255,1
1761466251.7760494,14516211168466667019,77109,1,27,18,53,5809,15,13,0,3533,7200,80,255,1
1761466253.2662702,14516211168466667019,77140,1,27,18,53,5809,15,13,0,3532,7200,80,255,1
1761466254.2705874,14516211168466667019,77160,1,27,18,53,5809,15,13,0,3531,7200,80,255,1
1761466255.7748694,14516211168466667019,77191,1,27,18,53,5809,15,13,0,3529,7200,80,255,1
1761466257.273116,14516211168466667019,77222,1,27,18,53,5809,15,13,0,3528,7200,80,255,1
1761466258.773682,14516211168466667019,77253,1,27,18,53,5809,15,13,0,3526,7200,80,255,1
1761466260.2669237,14516211168466667019,77284,1,27,18,53,5809,15,13,0,3525,7200,80,255,1
1761466261.2702563,14516211168466667019,77304,1,27,18,53,5809,15,13,0,3524,7200,80,255,1
1761466262.7700522,14516211168466667019,77335,1,27,18,53,5809,15,13,0,3522,7200,80,255,1
1761466263.772202,14516211168466667019,77355,1,27,18,53,5809,15,13,0,3521,7200,80,255,1
1761466265.2646086,14516211168466667019,77385,1,27,18,53,5809,15,13,0,3520,7200,80,255,1
1761466266.2700765,14516211168466667019,77405,1,27,18,53,5809,15,13,0,3519,7200,80,255,1
1761466267.774678,14516211168466667019,77436,1,27,18,53,5809,15,13,0,3517,7200,80,255,1
1761466269.2724028,14516211168466667019,77466,1,27,18,53,5809,15,13,0,3516,7200,80,255,1
1761466270.7699404,14516211168466667019,77496,1,27,18,53,5809,15,13,0,3514,7200,80,255,1
1761466271.7702835,14516211168466667019,77517,1,27,18,53,5809,15,13,0,3513,7200,80,255,1
1761466273.2730534,14516211168466667019,77549,1,27,18,53,5809,15,13,0,3512,7200,80,255,1
1761466274.7615278,14516211168466667019,77579,1,27,18,53,5809,15,13,0,3510,7200,80,255,1
1761466275.7626216,14516211168466667019,77600,1,27,18,53,5809,15,13,0,3509,7200,80,255,1
1761466276.7731407,14516211168466667019,77621,1,27,18,53,5809,15,13,0,3508,7200,80,255,1
1761466278.2659478,14516211168466667019,77652,1,27,18,53,5809,15,13,0,3507,7200,80,255,1
1761466279.765103,14516211168466667019,77682,1,27,18,53,5809,15,13,0,3505,7200,80,255,1
1761466280.7688255,14516211168466667019,77702,1,27,18,53,5809,15,13,0,3504,7200,80,255,1
1761466281.7709503,14516211168466667019,77723,1,27,18,53,5809,15,13,0,3503,7200,80,255,1
1761466283.2695708,14516211168466667019,77754,1,27,18,53,5809,15,13,0,3502,7200,80,255,1
1761466284.271435,14516211168466667019,77774,1,27,18,53,5809,15,13,0,3501,7200,80,255,1
1761466285.7669952,14516211168466667019,77804,1,27,18,53,5809,15,13,0,3499,7200,80,255,1
1761466287.2661867,14516211168466667019,77835,1,27,18,53,5809,15,13,0,3498,7200,80,255,1
1761466288.266191,14516211168466667019,77855,1,27,18,53,5809,15,13,0,3497,7200,80,255,1
1761466289.7637951,14516211168466667019,77885,1,27,18,53,5809,15,13,0,3495,7200,80,255,1
1761466290.7705112,14516211168466667019,77905,1,27,18,53,5809,15,13,0,3494,7200,80,255,1
1761466292.267303,14516211168466667019,77936,1,27,18,53,5809,15,13,0,3493,7200,80,255,1
1761466293.2689145,14516211168466667019,77956,1,27,18,53,5809,15,13,0,3492,7200,80,255,1
1761466294.7723339,14516211168466667019,77986,1,27,18,53,5809,15,13,0,3490,7200,80,255,1
1761466295.7744057,14516211168466667019,78006,1,27,18,53,5809,15,13,0,3489,7200,80,255,1
1761466297.2744975,14516211168466667019,78038,1,27,18,53,5809,15,13,0,3488,7200,80,255,1
1761466298.7723722,14516211168466667019,78069,1,27,18,53,5809,15,13,0,3486,7200,80,255,1
1761466300.2703698,14516211168466667019,78100,1,27,18,53,5809,15,13,0,3485,7200,80,255,1
1761466301.7735004,14516211168466667019,78131,1,27,18,53,5809,15,13,0,3483,7200,80,255,1
1761466303.2740433,14516211168466667019,78161,1,27,18,53,5809,15,13,0,3482,7200,80,255,1
1761466304.763169,14516211168466667019,78191,1,27,18,53,5809,15,13,0,3480,7200,80,255,1
1761466305.7659876,14516211168466667019,78211,1,27,18,53,5809,15,13,0,3479,7200,80,255,1
1761466306.7725742,14516211168466667019,78232,1,27,18,53,5809,15,13,0,3478,7200,80,255,1
1761466307.772747,14516211168466667019,78252,1,27,18,53,5809,15,13,0,3477,7200,80,255,1
1761466308.7740757,14516211168466667019,78273,1,27,18,53,5809,15,13,0,3476,7200,80,255,1
1761466309.7748785,14516211168466667019,78293,1,27,18,53,5809,15,13,0,3475,7200,80,255,1
1761466311.260117,14516211168466667019,78324,1,27,18,53,5809,15,13,0,3474,7200,80,255,1
1761466312.2759802,14516211168466667019,78346,1,27,18,53,5809,15,13,0,3473,7200,80,255,1
1761466313.774409,14516211168466667019,78377,1,27,18,53,5809,15,13,0,3471,7200,80,255,1
1761466315.2656956,14516211168466667019,78409,1,27,18,53,5809,15,13,0,3470,7200,80,255,1
1761466316.2715201,14516211168466667019,78429,1,27,18,53,5809,15,13,0,3469,7200,80,255,1
1761466317.2747264,14516211168466667019,78450,1,27,18,53,5809,15,13,0,3468,7200,80,255,1
1761466318.7674668,14516211168466667019,78481,1,27,18,53,5809,15,13,0,3466,7200,80,255,1
1761466320.264445,14516211168466667019,78511,1,27,18,53,5809,15,13,0,3465,7200,80,255,1
1761466321.2676234,14516211168466667019,78531,1,27,18,53,5809,15,13,0,3464,7200,80,255,1
1761466322.2686992,14516211168466667019,78554,1,27,18,53,5809,15,13,0,3463,7200,80,255,1
1761466323.2771935,14516211168466667019,78574,1,27,18,53,5809,15,13,0,3462,7200,80,255,1
1761466324.7601445,14516211168466667019,78604,1,27,18,53,5809,15,13,0,3460,7200,80,255,1
1761466325.7667406,14516211168466667019,78624,1,27,18,53,5809,15,13,0,3459,7200,80,255,1
1761466327.2611477,14516211168466667019,78657,1,27,18,53,5809,15,13,0,3458,7200,80,255,1
1761466328.27499,14516211168466667019,78678,1,27,18,53,5809,15,13,0,3457,7200,80,255,1
1761466329.7699537,14516211168466667019,78710,1,27,18,53,5809,15,13,0,3455,7200,80,255,1
1761466330.772657,14516211168466667019,78732,1,27,18,53,5809,15,13,0,3454,7200,80,255,1
1761466331.7735388,14516211168466667019,78753,1,27,18,53,5809,15,13,0,3453,7200,80,255,1
1761466333.2687104,14516211168466667019,78784,1,27,18,53,5809,15,13,0,3452,7200,80,255,1
1761466334.2699533,14516211168466667019,78804,1,27,18,53,5809,15,13,0,3451,7200,80,255,1
1761466335.2813516,14516211168466667019,78824,1,27,18,53,5809,15,13,0,3450,7200,80,255,1
1761466336.769959,14516211168466667019,78857,1,27,18,53,5809,15,13,0,3448,7200,80,255,1
1761466337.7701943,14516211168466667019,78877,1,27,18,53,5809,15,13,0,3447,7200,80,255,1
1761466339.2738087,14516211168466667019,78907,1,27,18,53,5809,15,13,0,3446,7200,80,255,1
1761466340.7613091,14516211168466667019,78938,1,27,18,53,5809,15,13,0,3444,7200,80,255,1
1761466341.7638698,14516211168466667019,78959,1,27,18,53,5809,15,13,0,3443,7200,80,255,1
1761466342.7701893,14516211168466667019,78981,1,27,18,53,5809,15,13,0,3442,7200,80,255,1
1761466343.772406,14516211168466667019,79001,1,27,18,53,5809,15,13,0,3441,7200,80,255,1
1761466345.261144,14516211168466667019,79033,1,27,18,53,5809,15,13,0,3440,7200,80,255,1
1761466346.2636132,14516211168466667019,79053,1,27,18,53,5809,15,13,0,3439,7200,80,255,1
1761466347.264623,14516211168466667019,79074,1,27,18,53,5809,15,13,0,3438,7200,80,255,1
1761466348.266816,14516211168466667019,79094,1,27,18,53,5809,15,13,0,3437,7200,80,255,1
1761466349.7709002,14516211168466667019,79127,1,27,18,53,5809,15,13,0,3435,7200,80,255,1
1761466350.7759454,14516211168466667019,79147,1,27,18,53,5809,15,13,0,3434,7200,80,255,1
1761466352.2687075,14516211168466667019,79180,1,27,18,53,5809,15,13,0,3433,7200,80,255,1
1761466353.2702293,14516211168466667019,79200,1,27,18,53,5809,15,13,0,3432,7200,80,255,1
1761466354.7611957,14516211168466667019,79230,1,27,18,53,5809,15,13,0,3430,7200,80,255,1
1761466355.7659442,14516211168466667019,79251,1,27,18,53,5809,15,13,0,3429,7200,80,255,1
1761466357.272808,14516211168466667019,79282,1,27,18,53,5809,15,13,0,3428,7200,80,255,1
1761466358.7637005,14516211168466667019,79312,1,27,18,53,5809,15,13,0,3426,7200,80,255,1
1761466359.7657497,14516211168466667019,79332,1,27,18,53,5809,15,13,0,3425,7200,80,255,1
1761466360.7732015,14516211168466667019,79353,1,27,18,53,5809,15,13,0,3424,7200,80,255,1
1761466362.2702591,14516211168466667019,79385,1,27,18,53,5809,15,13,0,3423,7200,80,255,1
1761466363.2742631,14516211168466667019,79405,1,27,18,53,5809,15,13,0,3422,7200,80,255,1
1761466364.7619019,14516211168466667019,79437,1,27,18,53,5809,15,13,0,3420,7200,80,255,1
1761466365.7709773,14516211168466667019,79458,1,27,18,53,5809,15,13,0,3419,7200,80,255,1
1761466366.774506,14516211168466667019,79479,1,27,18,53,5809,15,13,0,3418,7200,80,255,1
1761466368.2670252,14516211168466667019,79509,1,27,18,53,5809,15,13,0,3417,7200,80,255,1
1761466369.7671554,14516211168466667019,79540,1,27,18,53,5809,15,13,0,3415,7200,80,255,1
1761466370.768643,14516211168466667019,79561,1,27,18,53,5809,15,13,0,3414,7200,80,255,1
1761466371.7703907,14516211168466667019,79583,1,27,18,53,5809,15,13,0,3413,7200,80,255,1
1761466372.772424,14516211168466667019,79603,1,27,18,53,5809,15,13,0,3412,7200,80,255,1
1761466373.7744603,14516211168466667019,79624,1,27,18,53,5809,15,13,0,3411,7200,80,255,1
1761466375.2701328,14516211168466667019,79656,1,27,18,53,5809,15,13,0,3410,7200,80,255,1
1761466376.760249,14516211168466667019,79688,1,27,18,53,5809,15,13,0,3408,7200,80,255,1
1761466377.7730606,14516211168466667019,79710,1,27,18,53,5809,15,13,0,3407,7200,80,255,1
1761466379.2732759,14516211168466667019,79742,1,27,18,53,5809,15,13,0,3406,7200,80,255,1
1761466380.7645524,14516211168466667019,79772,1,27,18,53,5809,15,13,0,3404,7200,80,255,1
1761466381.7732246,14516211168466667019,79793,1,27,18,53,5809,15,13,0,3403,7200,80,255,1
1761466383.2719383,14516211168466667019,79824,1,27,18,53,5809,15,13,0,3402,7200,80,255,1
1761466384.7609782,14516211168466667019,79855,1,27,18,53,5809,15,13,0,3400,7200,80,255,1
1761466385.7655888,14516211168466667019,79876,1,27,18,53,5809,15,13,0,3399,7200,80,255,1
1761466387.2657728,14516211168466667019,79908,1,27,18,53,5809,15,13,0,3398,7200,80,255,1
1761466388.7667212,14516211168466667019,79938,1,27,18,53,5809,15,13,0,3396,7200,80,255,1
1761466390.264375,14516211168466667019,79969,1,27,18,53,5809,15,13,0,3395,7200,80,255,1
1761466391.264501,14516211168466667019,79989,1,27,18,53,5809,15,13,0,3394,7200,80,255,1
1761466392.2742603,14516211168466667019,80011,1,27,18,53,5809,15,13,0,3393,7200,80,255,1
1761466393.7657838,14516211168466667019,80042,1,27,18,53,5809,15,13,0,3391,7200,80,255,1
1761466394.7743955,14516211168466667019,80062,1,27,18,53,5809,15,13,0,3390,7200,80,255,1
1761466396.2711022,14516211168466667019,80093,1,27,18,53,5809,15,13,0,3389,7200,80,255,1
1761466397.27414,14516211168466667019,80114,1,27,18,53,5809,15,13,0,3388,7200,80,255,1
1761466398.7770586,14516211168466667019,80146,1,27,18,53,5809,15,13,0,3386,7200,80,255,1
1761466400.269628,14516211168466667019,80176,1,27,18,53,5809,15,13,0,3385,7200,80,255,1
1761466401.2707548,14516211168466667019,80196,1,27,18,53,5809,15,13,0,3384,7200,80,255,1
1761466402.7669425,14516211168466667019,80228,1,27,18,53,5809,15,13,0,3382,7200,80,255,1
1761466404.262045,14516211168466667019,80259,1,27,18,53,5809,15,13,0,3381,7200,80,255,1
1761466405.7622085,14516211168466667019,80290,1,27,18,53,5809,15,13,0,3379,7200,80,255,1
1761466407.2645802,14516211168466667019,80322,1,27,18,53,5809,15,13,0,3378,7200,80,255,1
1761466408.7744408,14516211168466667019,80353,1,27,18,53,5809,15,13,0,3376,7200,80,255,1
1761466410.2742276,14516211168466667019,80385,1,27,18,53,5809,15,13,0,3375,7200,80,255,1
1761466411.767009,14516211168466667019,80416,1,27,18,53,5809,15,13,0,3373,7200,80,255,1
1761466413.2630458,14516211168466667019,80447,1,27,18,53,5809,15,13,0,3372,7200,80,255,1
1761466414.2703898,14516211168466667019,80468,1,27,18,53,5809,15,13,0,3371,7200,80,255,1
1761466415.7686949,14516211168466667019,80498,1,27,18,53,5809,15,13,0,3369,7200,80,255,1
1761466416.7724156,14516211168466667019,80519,1,27,18,53,5809,15,13,0,3368,7200,80,255,1
1761466418.2643387,14516211168466667019,80550,1,27,18,53,5809,15,13,0,3367,7200,80,255,1
1761466419.2657979,14516211168466667019,80570,1,27,18,53,5809,15,13,0,3366,7200,80,255,1
1761466420.2688353,14516211168466667019,80590,1,27,18,53,5809,15,13,0,3365,7200,80,255,1
1761466421.7614067,14516211168466667019,80623,1,27,18,53,5809,15,13,0,3363,7200,80,255,1
1761466423.2717016,14516211168466667019,80654,1,27,18,53,5809,15,13,0,3362,7200,80,255,1
1761466424.76791,14516211168466667019,80686,1,27,18,53,5809,15,13,0,3360,7200,80,255,1
1761466426.262112,14516211168466667019,80716,1,26,18,53,5809,15,13,0,3359,7200,80,255,1
1761466427.26352,14516211168466667019,80737,1,26,18,53,5809,15,13,0,3358,7200,80,255,1
1761466428.273607,14516211168466667019,80757,1,26,18,53,5809,15,13,0,3357,7200,80,255,1
1761466429.772198,14516211168466667019,80787,1,26,18,53,5809,15,13,0,3355,7200,80,255,1
1761466430.7740142,14516211168466667019,80807,1,26,18,53,5809,15,13,0,3354,7200,80,255,1
1761466432.2732522,14516211168466667019,80838,1,26,18,53,5809,15,13,0,3353,7200,80,255,1
1761466433.760215,14516211168466667019,80868,1,26,18,53,5809,15,13,0,3351,7200,80,255,1
1761466434.7632122,14516211168466667019,80890,1,26,18,53,5809,15,13,0,3350,7200,80,255,1
1761466435.7699952,14516211168466667019,80910,1,26,18,53,5809,15,13,0,3349,7200,80,255,1
1761466437.2645974,14516211168466667019,80941,1,26,18,53,5809,15,13,0,3348,7200,80,255,1
1761466438.7707446,14516211168466667019,80972,1,26,18,53,5809,15,13,0,3346,7200,80,255,1
1761466439.775873,14516211168466667019,80992,1,26,18,53,5809,15,13,0,3345,7200,80,255,1
1761466441.2622945,14516211168466667019,81024,1,26,18,53,5809,15,13,0,3344,7200,80,255,1
1761466442.2627106,14516211168466667019,81046,1,26,18,53,5809,15,13,0,3343,7200,80,255,1
1761466443.270115,14516211168466667019,81066,1,26,18,53,5809,15,13,0,3342,7200,80,255,1
1761466444.2720332,14516211168466667019,81087,1,26,18,53,5809,15,13,0,3341,7200,80,255,1
1761466445.273253,14516211168466667019,81108,1,26,18,53,5809,15,13,0,3340,7200,80,255,1
1761466446.7659461,14516211168466667019,81140,1,26,18,53,5809,15,13,0,3338,7200,80,255,1
1761466448.2658322,14516211168466667019,81171,1,26,18,53,5809,15,13,0,3337,7200,80,255,1
1761466449.7629812,14516211168466667019,81203,1,26,18,53,5809,15,13,0,3335,7200,80,255,1
1761466450.7687716,14516211168466667019,81224,1,26,18,53,5809,15,13,0,3334,7200,80,255,1
1761466452.2623153,14516211168466667019,81257,1,26,18,53,5809,15,13,0,3333,7200,80,255,1
1761466453.272735,14516211168466667019,81278,1,26,18,53,5809,15,13,0,3332,7200,80,255,1
1761466454.770745,14516211168466667019,81309,1,26,18,53,5809,15,13,0,3330,7200,80,255,1
1761466455.771847,14516211168466667019,81329,1,26,18,53,5809,15,13,0,3329,7200,80,255,1
1761466457.2697937,14516211168466667019,81361,1,26,18,53,5809,15,13,0,3328,7200,80,255,1
1761466458.7705097,14516211168466667019,81393,1,26,18,53,5809,15,13,0,3326,7200,80,255,1
1761466460.2717524,14516211168466667019,81424,1,26,18,53,5809,15,13,0,3325,7200,80,255,1
1761466461.7721345,14516211168466667019,81456,1,26,18,53,5809,15,13,0,3323,7200,80,255,1
1761466463.269626,14516211168466667019,81487,1,26,18,53,5809,15,13,0,3322,7200,80,255,1
1761466464.768586,14516211168466667019,81517,1,26,18,53,5809,15,13,0,3320,7200,80,255,1
1761466466.2688334,14516211168466667019,81548,1,26,18,53,5809,15,13,0,3319,7200,80,255,1
1761466467.7740166,14516211168466667019,81579,1,26,18,53,5809,15,13,0,3317,7200,80,255,1
1761466469.2742229,14516211168466667019,81611,1,26,18,53,5809,15,13,0,3316,7200,80,255,1
1761466470.762228,14516211168466667019,81642,1,26,18,53,5809,15,13,0,3314,7200,80,255,1
1761466471.7721093,14516211168466667019,81664,1,26,18,53,5809,15,13,0,3313,7200,80,255,1
1761466473.2694175,14516211168466667019,81695,1,26,18,53,5809,15,13,0,3312,7200,80,255,1
1761466474.769566,14516211168466667019,81725,1,26,18,53,5809,15,13,0,3310,7200,80,255,1
1761466476.2611132,14516211168466667019,81757,1,26,18,53,5809,15,13,0,3309,7200,80,255,1
1761466477.2744718,14516211168466667019,81779,1,26,18,53,5809,15,13,0,3308,7200,80,255,1
1761466478.7710547,14516211168466667019,81811,1,26,18,53,5809,15,13,0,3306,7200,80,255,1
1761466480.2701716,14516211168466667019,81842,1,26,18,53,5809,15,13,0,3305,7200,80,255,1
1761466481.772421,14516211168466667019,81873,1,26,18,53,5809,15,13,0,3303,7200,80,255,1
1761466483.2689626,14516211168466667019,81904,1,26,18,53,5809,15,13,0,3302,7200,80,255,1
1761466484.765808,14516211168466667019,81935,1,26,18,53,5809,15,13,0,3300,7200,80,255,1
1761466486.2685752,14516211168466667019,81966,1,26,18,53,5809,15,13,0,3299,7200,80,255,1
1761466487.767071,14516211168466667019,81997,1,26,18,53,5809,15,13,0,3297,7200,80,255,1
1761466488.7712271,14516211168466667019,82018,1,26,18,53,5809,15,13,0,3296,7200,80,255,1
1761466490.2701051,14516211168466667019,82049,1,26,18,53,5809,15,13,0,3295,7200,80,255,1
1761466491.763302,14516211168466667019,82080,1,26,18,53,5809,15,13,0,3293,7200,80,255,1
1761466492.7726803,14516211168466667019,82100,1,26,18,53,5809,15,13,0,3292,7200,80,255,1
1761466494.2718565,14516211168466667019,82132,1,26,18,53,5809,15,13,0,3291,7200,80,255,1
1761466495.77349,14516211168466667019,82163,1,26,18,53,5809,15,13,0,3289,7200,80,255,1
1761466497.271602,14516211168466667019,82195,1,26,18,53,5809,15,13,0,3288,7200,80,255,1
1761466498.7707314,14516211168466667019,82226,1,26,18,53,5809,15,13,0,3286,7200,80,255,1
1761466500.2699492,14516211168466667019,82257,1,26,18,53,5809,15,13,0,3285,7200,80,255,1
1761466501.7740586,14516211168466667019,82288,1,26,18,53,5809,15,13,0,3283,7200,80,255,1
1761466503.266084,14516211168466667019,82318,1,26,18,53,5809,15,13,0,3282,7200,80,255,1
1761466504.2723317,14516211168466667019,82338,1,26,18,53,5809,15,13,0,3281,7200,80,255,1
1761466505.7607996,14516211168466667019,82369,1,26,18,53,5809,15,13,0,3279,7200,80,255,1
1761466506.7660348,14516211168466667019,82391,1,26,18,53,5809,15,13,0,3278,7200,80,255,1
1761466508.272712,14516211168466667019,82422,1,26,18,53,5809,15,13,0,3277,7200,80,255,1
1761466509.77714,14516211168466667019,82453,1,26,18,53,5809,15,13,0,3275,7200,80,255,1
1761466511.264572,14516211168466667019,82483,1,26,18,53,5809,15,13,0,3274,7200,80,255,1
1761466512.2746313,14516211168466667019,82504,1,26,18,53,5809,15,13,0,3273,7200,80,255,1
1761466513.7735252,14516211168466667019,82536,1,26,18,53,5809,15,13,0,3271,7200,80,255,1
1761466515.2633216,14516211168466667019,82568,1,26,18,53,5809,15,13,0,3270,7200,80,255,1
1761466516.263336,14516211168466667019,82589,1,26,18,53,5809,15,13,0,3269,7200,80,255,1
1761466517.2725933,14516211168466667019,82613,1,26,18,53,5809,15,13,0,3268,7200,80,255,1
1761466518.7678225,14516211168466667019,82643,1,26,18,53,5809,15,13,0,3266,7200,80,255,1
1761466520.2741175,14516211168466667019,82675,1,26,18,53,5809,15,13,0,3265,7200,80,255,1
1761466521.7604353,14516211168466667019,82706,1,26,18,53,5809,15,13,0,3263,7200,80,255,1
1761466522.7607086,14516211168466667019,82727,1,26,18,53,5809,15,13,0,3262,7200,80,255,1
1761466523.7720962,14516211168466667019,82748,1,26,18,53,5809,15,13,0,3261,7200,80,255,1
1761466525.2612724,14516211168466667019,82778,1,26,18,53,5809,15,13,0,3260,7200,80,255,1
1761466526.2658675,14516211168466667019,82798,1,26,18,53,5809,15,13,0,3259,7200,80,255,1
1761466527.7651942,14516211168466667019,82830,1,26,18,53,5809,15,13,0,3257,7200,80,255,1
1761466528.7729385,14516211168466667019,82850,1,26,18,53,5809,15,13,0,3256,7200,80,255,1
1761466530.2703447,14516211168466667019,82882,1,26,18,53,5809,15,13,0,3255,7200,80,255,1
1761466531.2723386,14516211168466667019,82902,1,26,18,53,5809,15,13,0,3254,7200,80,255,1
1761466532.7634008,14516211168466667019,82936,1,26,18,53,5809,15,13,0,3252,7200,80,255,1
1761466534.2727935,14516211168466667019,82967,1,26,18,53,5809,15,13,0,3251,7200,80,255,1
1761466535.7700818,14516211168466667019,82998,1,26,18,53,5809,15,13,0,3249,7200,80,255,1
1761466537.2657418,14516211168466667019,83030,1,26,18,53,5809,15,13,0,3248,7200,80,255,1
1761466538.7611718,14516211168466667019,83060,1,26,18,53,5809,15,13,0,3246,7200,80,255,1
1761466539.7730367,14516211168466667019,83080,1,26,18,53,5809,15,13,0,3245,7200,80,255,1
1761466541.2677865,14516211168466667019,83111,1,26,18,53,5809,15,13,0,3244,7200,80,255,1
1761466542.7608056,14516211168466667019,83143,1,26,18,53,5809,15,13,0,3242,7200,80,255,1
1761466543.7713802,14516211168466667019,83165,1,26,18,53,5809,15,13,0,3241,7200,80,255,1
1761466545.2722652,14516211168466667019,83196,1,26,18,53,5809,15,13,0,3240,7200,80,255,1
1761466546.7697263,14516211168466667019,83228,1,26,18,53,5809,15,13,0,3238,7200,80,255,1
1761466548.2727604,14516211168466667019,83259,1,26,18,53,5809,15,13,0,3237,7200,80,255,1
1761466549.760442,14516211168466667019,83292,1,26,18,53,5809,15,13,0,3235,7200,80,255,1
1761466550.761531,14516211168466667019,83313,1,26,18,53,5809,15,13,0,3234,7200,80,255,1
1761466551.7661657,14516211168466667019,83335,1,26,18,53,5809,15,13,0,3233,7200,80,255,1
1761466552.7665694,14516211168466667019,83355,1,26,18,53,5809,15,13,0,3232,7200,80,255,1
1761466554.2675145,14516211168466667019,83385,1,26,18,53,5809,15,13,0,3231,7200,80,255,1
1761466555.7597773,14516211168466667019,83417,1,26,18,53,5809,15,13,0,3229,7200,80,255,1
1761466556.7757156,14516211168466667019,83439,1,26,18,53,5809,15,13,0,3228,7200,80,255,1
1761466558.2609432,14516211168466667019,83469,1,26,18,53,5809,15,13,0,3227,7200,80,255,1
1761466559.2631214,14516211168466667019,83489,1,26,18,53,5809,15,13,0,3226,7200,80,255,1
1761466560.770797,14516211168466667019,83520,1,26,18,53,5809,15,13,0,3224,7200,80,255,1
1761466562.2744875,14516211168466667019,83552,1,26,18,53,5809,15,13,0,3223,7200,80,255,1
1761466563.7754104,14516211168466667019,83582,1,26,18,53,5809,15,13,0,3221,7200,80,255,1
1761466565.2620277,14516211168466667019,83612,1,26,18,53,5809,15,13,0,3220,7200,80,255,1
1761466566.768548,14516211168466667019,83645,1,26,18,53,5809,15,13,0,3218,7200,80,255,1
1761466568.2754323,14516211168466667019,83678,1,26,18,53,5809,15,13,0,3217,7200,80,255,1
1761466569.7619102,14516211168466667019,83708,1,26,18,53,5809,15,13,0,3215,7200,80,255,1
1761466571.2667124,14516211168466667019,83742,1,26,18,53,5809,15,13,0,3214,7200,80,255,1
1761466572.7668445,14516211168466667019,83774,1,26,18,53,5809,15,13,0,3212,7200,80,255,1
1761466574.2710848,14516211168466667019,83806,1,26,18,53,5809,15,13,0,3211,7200,80,255,1
1761466575.774053,14516211168466667019,83837,1,26,18,53,5809,15,13,0,3209,7200,80,255,1
1761466577.2623165,14516211168466667019,83869,1,26,18,53,5809,15,13,0,3208,7200,80,255,1
1761466578.2721388,14516211168466667019,83891,1,26,18,53,5809,15,13,0,3207,7200,80,255,1
1761466579.7611659,14516211168466667019,83922,1,26,18,53,5809,15,13,0,3205,7200,80,255,1
1761466581.26539,14516211168466667019,83954,1,26,18,53,5809,15,13,0,3204,7200,80,255,1
1761466582.7757988,14516211168466667019,83985,1,26,18,53,5809,15,13,0,3202,7200,80,255,1
1761466584.2663872,14516211168466667019,84015,1,26,18,53,5809,15,13,0,3201,7200,80,255,1
1761466585.7719328,14516211168466667019,84046,1,26,18,53,5809,15,13,0,3199,7200,80,255,1
1761466587.2710786,14516211168466667019,84078,1,26,18,53,5809,15,13,0,3198,7200,80,255,1
1761466588.7710073,14516211168466667019,84108,1,26,18,53,5809,15,13,0,3196,7200,80,255,1
1761466589.7754147,14516211168466667019,84130,1,26,18,53,5809,15,13,0,3195,7200,80,255,1
1761466591.260967,14516211168466667019,84160,1,26,18,53,5809,15,13,0,3194,7200,80,255,1
1761466592.2756615,14516211168466667019,84184,1,26,18,53,5809,15,13,0,3193,7200,80,255,1
1761466593.765589,14516211168466667019,84214,1,26,18,53,5809,15,13,0,3191,7200,80,255,1
1761466594.7667875,14516211168466667019,84234,1,26,18,53,5809,15,13,0,3190,7200,80,255,1
1761466595.7733953,14516211168466667019,84254,1,26,18,53,5809,15,13,0,3189,7200,80,255,1
1761466597.2619116,14516211168466667019,84286,1,26,18,53,5809,15,13,0,3188,7200,80,255,1
1761466598.2709506,14516211168466667019,84308,1,26,18,53,5809,15,13,0,3187,7200,80,255,1
1761466599.2741694,14516211168466667019,84328,1,26,18,53,5809,15,13,0,3186,7200,80,255,1
1761466600.7657754,14516211168466667019,84358,1,26,18,53,5809,15,13,0,3184,7200,80,255,1
1761466602.2736342,14516211168466667019,84390,1,26,18,53,5809,15,13,0,3183,7200,80,255,1
1761466603.7629583,14516211168466667019,84420,1,26,18,53,5809,15,13,0,3181,7200,80,255,1
1761466604.7733939,14516211168466667019,84441,1,26,18,53,5809,15,13,0,3180,7200,80,255,1
1761466606.2744389,14516211168466667019,84472,1,26,18,53,5809,15,13,0,3179,7200,80,255,1
1761466607.7739103,14516211168466667019,84504,1,26,18,53,5809,15,13,0,3177,7200,80,255,1
1761466609.2612631,14516211168466667019,84535,1,26,18,53,5809,15,13,0,3176,7200,80,255,1
1761466610.2730865,14516211168466667019,84556,1,26,18,53,5809,15,13,0,3175,7200,80,255,1
1761466611.7645016,14516211168466667019,84587,1,26,18,53,5809,15,13,0,3173,7200,80,255,1
1761466613.268985,14516211168466667019,84620,1,26,18,53,5809,15,13,0,3172,7200,80,255,1
1761466614.2720592,14516211168466667019,84640,1,26,18,53,5809,15,13,0,3171,7200,80,255,1
1761466615.7669008,14516211168466667019,84671,1,26,18,53,5809,15,13,0,3169,7200,80,255,1
1761466616.7738783,14516211168466667019,84692,1,26,18,53,5809,15,13,0,3168,7200,80,255,1
1761466618.26392,14516211168466667019,84722,1,26,18,53,5809,15,13,0,3167,7200,80,255,1
1761466619.7754529,14516211168466667019,84755,1,26,18,53,5809,15,13,0,3165,7200,80,255,1
1761466621.2770214,14516211168466667019,84786,1,26,18,53,5809,15,13,0,3164,7200,80,255,1
1761466622.7654734,14516211168466667019,84820,1,26,18,53,5809,15,13,0,3162,7200,80,255,1
1761466623.7753546,14516211168466667019,84841,1,26,18,53,5809,15,13,0,3161,7200,80,255,1
1761466625.2709124,14516211168466667019,84871,1,26,18,53,5809,15,13,0,3160,7200,80,255,1
1761466626.2733476,14516211168466667019,84891,1,26,18,53,5809,15,13,0,3159,7200,80,255,1
1761466627.7612023,14516211168466667019,84923,1,26,18,53,5809,15,13,0,3157,7200,80,255,1
1761466628.773261,14516211168466667019,84943,1,26,18,53,5809,15,13,0,3156,7200,80,255,1
1761466630.261995,14516211168466667019,84973,1,26,18,53,5809,15,13,0,3155,7200,80,255,1
1761466631.2667031,14516211168466667019,84994,1,26,18,53,5809,15,13,0,3154,7200,80,255,1
1761466632.7687323,14516211168466667019,85026,1,26,18,53,5809,15,13,0,3152,7200,80,255,1
1761466634.2685096,14516211168466667019,85057,1,26,18,53,5809,15,13,0,3151,7200,80,255,1
1761466635.7631245,14516211168466667019,85090,1,26,18,53,5809,15,13,0,3149,7200,80,255,1
1761466636.7724078,14516211168466667019,85111,1,26,18,53,5809,15,13,0,3148,7200,80,255,1
1761466638.2636218,14516211168466667019,85141,1,26,18,53,5809,15,13,0,3147,7200,80,255,1
1761466639.7678182,14516211168466667019,85171,1,26,18,53,5809,15,13,0,3145,7200,80,255,1
1761466641.2655435,14516211168466667019,85202,1,26,18,53,5809,15,13,0,3144,7200,80,255,1
1761466642.2656713,14516211168466667019,85223,1,26,18,53,5809,15,13,0,3143,7200,80,255,1
1761466643.2727883,14516211168466667019,85243,1,26,18,53,5809,15,13,0,3142,7200,80,255,1
1761466644.7635953,14516211168466667019,85273,1,26,18,53,5809,15,13,0,3140,7200,80,255,1
1761466645.7665753,14516211168466667019,85293,1,26,18,53,5809,15,13,0,3139,7200,80,255,1
1761466646.7711334,14516211168466667019,85314,1,26,18,53,5809,15,13,0,3138,7200,80,255,1
1761466648.2745843,14516211168466667019,85346,1,26,18,53,5809,15,13,0,3137,7200,80,255,1
1761466649.7639306,14516211168466667019,85377,1,26,18,53,5809,15,13,0,3135,7200,80,255,1
1761466650.769504,14516211168466667019,85398,1,26,18,53,5809,15,13,0,3134,7200,80,255,1
1761466652.2605994,14516211168466667019,85432,1,26,18,53,5809,15,13,0,3133,7200,80,255,1
1761466653.2744026,14516211168466667019,85453,1,26,18,53,5809,15,13,0,3132,7200,80,255,1
1761466654.7606318,14516211168466667019,85483,1,26,18,53,5809,15,13,0,3130,7200,80,255,1
1761466655.762149,14516211168466667019,85504,1,26,18,53,5809,15,13,0,3129,7200,80,255,1
1761466657.2676628,14516211168466667019,85536,1,26,18,53,5809,15,13,0,3128,7200,80,255,1
1761466658.2725253,14516211168466667019,85556,1,26,18,53,5809,15,13,0,3127,7200,80,255,1
1761466659.760574,14516211168466667019,85586,1,26,18,53,5809,15,13,0,3125,7200,80,255,1
1761466660.761676,14516211168466667019,85608,1,26,18,53,5809,15,13,0,3124,7200,80,255,1
1761466661.774002,14516211168466667019,85629,1,26,18,53,5809,15,13,0,3123,7200,80,255,1
1761466663.275571,14516211168466667019,85659,1,26,18,53,5809,15,13,0,3122,7200,80,255,1
1761466664.7609072,14516211168466667019,85689,1,26,18,53,5809,15,13,0,3120,7200,80,255,1
1761466665.761913,14516211168466667019,85711,1,26,18,53,5809,15,13,0,3119,7200,80,255,1
1761466666.7724724,14516211168466667019,85734,1,26,18,53,5809,15,13,0,3118,7200,80,255,1
1761466668.2716496,14516211168466667019,85764,1,26,18,53,5809,15,13,0,3117,7200,80,255,1
1761466669.7616932,14516211168466667019,85795,1,26,18,53,5809,15,13,0,3115,7200,80,255,1
1761466671.2674046,14516211168466667019,85827,1,26,18,53,5809,15,13,0,3114,7200,80,255,1
1761466672.7734685,14516211168466667019,85859,1,26,18,53,5809,15,13,0,3112,7200,80,255,1
1761466674.260665,14516211168466667019,85889,1,26,18,53,5809,15,13,0,3111,7200,80,255,1
1761466675.275579,14516211168466667019,85910,1,26,18,53,5809,15,13,0,3110,7200,80,255,1
1761466676.7619095,14516211168466667019,85941,1,26,18,53,5809,15,13,0,3108,7200,80,255,1
1761466677.770485,14516211168466667019,85961,1,26,18,53,5809,15,13,0,3107,7200,80,255,1
1761466678.771918,14516211168466667019,85981,1,26,18,53,5809,15,13,0,3106,7200,80,255,1
1761466680.2728767,14516211168466667019,86011,1,26,18,53,5809,15,13,0,3105,7200,80,255,1
1761466681.7690706,14516211168466667019,86042,1,26,18,53,5809,15,13,0,3103,7200,80,255,1
1761466683.2699263,14516211168466667019,86073,1,26,18,53,5809,15,13,0,3102,7200,80,255,1
1761466684.2708757,14516211168466667019,86095,1,26,18,53,5809,15,13,0,3101,7200,80,255,1
1761466685.7709,14516211168466667019,86127,1,26,18,53,5809,15,13,0,3099,7200,80,255,1
1761466687.269397,14516211168466667019,86162,1,26,18,53,5809,15,13,0,3098,7200,80,255,1
1761466688.7607558,14516211168466667019,86195,1,26,18,53,5809,15,13,0,3096,7200,80,255,1
1761466690.263755,14516211168466667019,86229,1,26,18,53,5809,15,13,0,3095,7200,80,255,1
1761466691.2702782,14516211168466667019,86249,1,26,18,53,5809,15,13,0,3094,7200,80,255,1
1761466692.77067,14516211168466667019,86281,1,26,18,53,5809,15,13,0,3092,7200,80,255,1
1761466694.26008,14516211168466667019,86313,1,26,18,53,5809,15,13,0,3091,7200,80,255,1
1761466695.2607062,14516211168466667019,86334,1,26,18,53,5809,15,13,0,3090,7200,80,255,1
1761466696.2622223,14516211168466667019,86355,1,26,18,53,5809,15,13,0,3089,7200,80,255,1
1761466697.270357,14516211168466667019,86377,1,26,18,53,5809,15,13,0,3088,7200,80,255,1
1761466698.7687423,14516211168466667019,86407,1,26,18,53,5809,15,13,0,3086,7200,80,255,1
1761466699.7715163,14516211168466667019,86427,1,26,18,53,5809,15,13,0,3085,7200,80,255,1
1761466701.2673688,14516211168466667019,86460,1,26,18,53,5809,15,13,0,3084,7200,80,255,1
1761466702.2682166,14516211168466667019,86481,1,26,18,53,5809,15,13,0,3083,7200,80,255,1
1761466703.2734082,14516211168466667019,86501,1,26,18,53,5809,15,13,0,3082,7200,80,255,1
1761466704.2738824,14516211168466667019,86523,1,26,18,53,5809,15,13,0,3081,7200,80,255,1
1761466705.7621796,14516211168466667019,86553,1,26,18,53,5809,15,13,0,3079,7200,80,255,1
1761466706.763049,14516211168466667019,86576,1,26,18,53,5809,15,13,0,3078,7200,80,255,1
1761466707.7738779,14516211168466667019,86596,1,26,18,53,5809,15,13,0,3077,7200,80,255,1
1761466709.2699416,14516211168466667019,86627,1,26,18,53,5809,15,13,0,3076,7200,80,255,1
1761466710.270518,14516211168466667019,86647,1,26,18,53,5809,15,13,0,3075,7200,80,255,1
1761466711.7703319,14516211168466667019,86680,1,26,18,53,5809,15,13,0,3073,7200,80,255,1
1761466712.7738907,14516211168466667019,86700,1,26,18,53,5809,15,13,0,3072,7200,80,255,1
1761466714.2838414,14516211168466667019,86730,1,26,18,53,5809,15,13,0,3071,7200,80,255,1
1761466715.7608268,14516211168466667019,86760,1,26,18,53,5809,15,13,0,3069,7200,80,255,1
1761466716.7663317,14516211168466667019,86783,1,26,18,53,5809,15,13,0,3068,7200,80,255,1
1761466717.7667148,14516211168466667019,86804,1,26,18,53,5809,15,13,0,3067,7200,80,255,1
1761466719.2691278,14516211168466667019,86838,1,26,18,53,5809,15,13,0,3066,7200,80,255,1
1761466720.771067,14516211168466667019,86870,1,26,18,53,5809,15,13,0,3064,7200,80,255,1
1761466721.771511,14516211168466667019,86891,1,26,18,53,5809,15,13,0,3063,7200,80,255,1
1761466722.7740204,14516211168466667019,86911,1,26,18,53,5809,15,13,0,3062,7200,80,255,1
1761466724.2708986,14516211168466667019,86944,1,26,18,53,5809,15,13,0,3061,7200,80,255,1
1761466725.2720745,14516211168466667019,86965,1,26,18,53,5809,15,13,0,3060,7200,80,255,1
1761466726.7634401,14516211168466667019,86997,1,26,18,53,5809,15,13,0,3058,7200,80,255,1
1761466727.771781,14516211168466667019,87017,1,26,18,53,5809,15,13,0,3057,7200,80,255,1
1761466729.26907,14516211168466667019,87047,1,26,18,53,5809,15,13,0,3056,7200,80,255,1
1761466730.770906,14516211168466667019,87077,1,26,18,53,5809,15,13,0,3054,7200,80,255,1
1761466732.26208,14516211168466667019,87110,1,26,18,53,5809,15,13,0,3053,7200,80,255,1
1761466733.26304,14516211168466667019,87131,1,26,18,53,5809,15,13,0,3052,7200,80,255,1
1761466734.7631922,14516211168466667019,87163,1,26,18,53,5809,15,13,0,3050,7200,80,255,1
1761466735.776713,14516211168466667019,87183,1,26,18,53,5809,15,13,0,3049,7200,80,255,1
1761466737.2607987,14516211168466667019,87216,1,26,18,53,5809,15,13,0,3048,7200,80,255,1
1761466738.2615376,14516211168466667019,87237,1,26,18,53,5809,15,13,0,3047,7200,80,255,1
1761466739.2684448,14516211168466667019,87257,1,26,18,53,5809,15,13,0,3046,7200,80,255,1
1761466740.2697997,14516211168466667019,87278,1,26,18,53,5809,15,13,0,3045,7200,80,255,1
1761466741.7718973,14516211168466667019,87310,1,26,18,53,5809,15,13,0,3043,7200,80,255,1
1761466743.2728996,14516211168466667019,87341,1,26,18,53,5809,15,13,0,3042,7200,80,255,1
1761466744.761752,14516211168466667019,87373,1,26,18,53,5809,15,13,0,3040,7200,80,255,1
1761466745.768553,14516211168466667019,87394,1,26,18,53,5809,15,13,0,3039,7200,80,255,1
1761466746.7728455,14516211168466667019,87416,1,26,18,53,5809,15,13,0,3038,7200,80,255,1
1761466748.2659714,14516211168466667019,87447,1,26,18,53,5809,15,13,0,3037,7200,80,255,1
1761466749.2665532,14516211168466667019,87468,1,26,18,53,5809,15,13,0,3036,7200,80,255,1
1761466750.2687092,14516211168466667019,87488,1,26,18,53,5809,15,13,0,3035,7200,80,255,1
1761466751.7614117,14516211168466667019,87520,1,26,18,53,5809,15,13,0,3033,7200,80,255,1
1761466752.7667341,14516211168466667019,87540,1,26,18,53,5809,15,13,0,3032,7200,80,255,1
1761466754.2604277,14516211168466667019,87570,1,26,18,53,5809,15,13,0,3031,7200,80,255,1
1761466755.2702973,14516211168466667019,87592,1,26,18,53,5809,15,13,0,3030,7200,80,255,1
1761466756.7703595,14516211168466667019,87623,1,26,18,53,5809,15,13,0,3028,7200,80,255,1
1761466757.7727702,14516211168466667019,87643,1,26,18,53,5809,15,13,0,3027,7200,80,255,1
1761466759.266707,14516211168466667019,87674,1,26,18,53,5809,15,13,0,3026,7200,80,255,1
1761466760.26945,14516211168466667019,87695,1,26,18,53,5809,15,13,0,3025,7200,80,255,1
1761466761.2715786,14516211168466667019,87716,1,26,18,53,5809,15,13,0,3024,7200,80,255,1
1761466762.7707963,14516211168466667019,87748,1,26,18,53,5809,15,13,0,3022,7200,80,255,1
1761466763.7738526,14516211168466667019,87768,1,26,18,53,5809,15,13,0,3021,7200,80,255,1
1761466764.7742395,14516211168466667019,87788,1,26,18,53,5809,15,13,0,3020,7200,80,255,1
1761466766.271491,14516211168466667019,87819,1,26,18,53,5809,15,13,0,3019,7200,80,255,1
1761466767.7708757,14516211168466667019,87850,1,26,18,53,5809,15,13,0,3017,7200,80,255,1
1761466768.7716992,14516211168466667019,87872,1,26,18,53,5809,15,13,0,3016,7200,80,255,1
1761466769.7740576,14516211168466667019,87892,1,26,18,53,5809,15,13,0,3015,7200,80,255,1
1761466771.2601545,14516211168466667019,87924,1,26,18,53,5809,15,13,0,3014,7200,80,255,1
1761466772.267736,14516211168466667019,87947,1,26,18,53,5809,15,13,0,3013,7200,80,255,1
1761466773.7603853,14516211168466667019,87980,1,26,18,53,5809,15,13,0,3011,7200,80,255,1
1761466774.7630773,14516211168466667019,88001,1,26,18,53,5809,15,13,0,3010,7200,80,255,1
1761466775.7667024,14516211168466667019,88022,1,26,18,53,5809,15,13,0,3009,7200,80,255,1
1761466777.2723904,14516211168466667019,88054,1,26,18,53,5809,15,13,0,3008,7200,80,255,1
1761466778.7763982,14516211168466667019,88084,1,26,18,53,5809,15,13,0,3006,7200,80,255,1
1761466780.27086,14516211168466667019,88115,1,26,18,53,5809,15,13,0,3005,7200,80,255,1
1761466781.7726393,14516211168466667019,88146,1,26,18,53,5809,15,13,0,3003,7200,80,255,1
1761466783.2694674,14516211168466667019,88177,1,26,18,53,5809,15,13,0,3002,7200,80,255,1
1761466784.7646527,14516211168466667019,88207,1,26,18,53,5809,15,13,0,3000,7200,80,255,1
1761466785.768215,14516211168466667019,88228,1,26,18,53,5809,15,13,0,2999,7200,80,255,1
1761466787.2617874,14516211168466667019,88260,1,26,18,53,5809,15,13,0,2998,7200,80,255,1
1761466788.2719388,14516211168466667019,88282,1,26,18,53,5809,15,13,0,2997,7200,80,255,1
1761466789.7642415,14516211168466667019,88313,1,26,18,53,5809,15,13,0,2995,7200,80,255,1
1761466790.765321,14516211168466667019,88334,1,26,18,53,5809,15,13,0,2994,7200,80,255,1
1761466792.2673922,14516211168466667019,88367,1,26,18,53,5809,15,13,0,2993,7200,80,255,1
1761466793.769633,14516211168466667019,88398,1,26,18,53,5809,15,13,0,2991,7200,80,255,1
1761466795.2696254,14516211168466667019,88430,1,26,18,53,5809,15,13,0,2990,7200,80,255,1
1761466796.7683256,14516211168466667019,88462,1,26,18,53,5809,15,13,0,2988,7200,80,255,1
1761466798.260983,14516211168466667019,88493,1,26,18,53,5809,15,13,0,2987,7200,80,255,1
1761466799.2638817,14516211168466667019,88515,1,26,18,53,5809,15,13,0,2986,7200,80,255,1
1761466800.2723386,14516211168466667019,88535,1,26,18,53,5809,15,13,0,2985,7200,80,255,1
1761466801.7706432,14516211168466667019,88567,1,26,18,53,5809,15,13,0,2983,7200,80,255,1
1761466803.2695646,14516211168466667019,88599,1,26,18,53,5809,15,13,0,2982,7200,80,255,1
1761466804.7738936,14516211168466667019,88630,1,26,18,53,5809,15,13,0,2980,7200,80,255,1
1761466806.2617931,14516211168466667019,88661,1,26,18,53,5809,15,13,0,2979,7200,80,255,1
1761466807.766621,14516211168466667019,88694,1,26,18,53,5809,15,13,0,2977,7200,80,255,1
1761466809.2708056,14516211168466667019,88724,1,26,18,53,5809,15,13,0,2976,7200,80,255,1
1761466810.7696538,14516211168466667019,88755,1,26,18,53,5809,15,13,0,2974,7200,80,255,1
1761466812.261842,14516211168466667019,88790,1,26,18,53,5809,15,13,0,2973,7200,80,255,1
1761466813.2685897,14516211168466667019,88813,1,26,18,53,5809,15,13,0,2972,7200,80,255,1
1761466814.7706568,14516211168466667019,88845,1,26,18,53,5809,15,13,0,2970,7200,80,255,1
1761466816.271281,14516211168466667019,88877,1,26,18,53,5809,15,13,0,2969,7200,80,255,1
1761466817.7706435,14516211168466667019,88908,1,26,18,53,5809,15,13,0,2967,7200,80,255,1
1761466818.7749915,14516211168466667019,88929,1,26,18,53,5809,15,13,0,2966,7200,80,255,1
1761466820.2602706,14516211168466667019,88961,1,26,18,53,5809,15,13,0,2965,7200,80,255,1
1761466821.2716832,14516211168466667019,88982,1,26,18,53,5809,15,13,0,2964,7200,80,255,1
1761466822.7671204,14516211168466667019,89015,1,26,18,53,5809,15,13,0,2962,7200,80,255,1
1761466824.2671382,14516211168466667019,89046,1,26,18,53,5809,15,13,0,2961,7200,80,255,1
1761466825.2715094,14516211168466667019,89066,1,26,18,53,5809,15,13,0,2960,7200,80,255,1
1761466826.7750487,14516211168466667019,89099,1,26,18,53,5809,15,13,0,2958,7200,80,255,1
1761466828.2727287,14516211168466667019,89130,1,26,18,53,5809,15,13,0,2957,7200,80,255,1
1761466829.770883,14516211168466667019,89161,1,26,18,53,5809,15,13,0,2955,7200,80,255,1
1761466831.268888,14516211168466667019,89195,1,26,18,53,5809,15,13,0,2954,7200,80,255,1
1761466832.767999,14516211168466667019,89227,1,26,18,53,5809,15,13,0,2952,7200,80,255,1
1761466833.7683742,14516211168466667019,89249,1,26,18,53,5809,15,13,0,2951,7200,80,255,1
1761466834.7735014,14516211168466667019,89270,1,26,18,53,5809,15,13,0,2950,7200,80,255,1
1761466836.2740192,14516211168466667019,89302,1,26,18,53,5809,15,13,0,2949,7200,80,255,1
1761466837.7707105,14516211168466667019,89334,1,26,18,53,5809,15,13,0,2947,7200,80,255,1
1761466839.2739165,14516211168466667019,89364,1,26,18,53,5809,15,13,0,2946,7200,80,255,1
1761466840.772955,14516211168466667019,89394,1,26,18,53,5809,15,13,0,2944,7200,80,255,1
1761466842.2603898,14516211168466667019,89427,1,26,18,53,5809,15,13,0,2943,7200,80,255,1
1761466843.2674072,14516211168466667019,89449,1,26,18,53,5809,15,13,0,2942,7200,80,255,1
1761466844.2739534,14516211168466667019,89470,1,26,18,53,5809,15,13,0,2941,7200,80,255,1
1761466845.7638564,14516211168466667019,89502,1,26,18,53,5809,15,13,0,2939,7200,80,255,1
1761466847.2625911,14516211168466667019,89536,1,26,18,53,5809,15,13,0,2938,7200,80,255,1
1761466848.273345,14516211168466667019,89558,1,26,18,53,5809,15,13,0,2937,7200,80,255,1
1761466849.7726738,14516211168466667019,89589,1,26,18,53,5809,15,13,0,2935,7200,80,255,1
1761466851.275008,14516211168466667019,89620,1,26,18,53,5809,15,13,0,2934,7200,80,255,1
1761466852.7704394,14516211168466667019,89651,1,26,18,53,5809,15,13,0,2932,7200,80,255,1
1761466853.7717814,14516211168466667019,89673,1,26,18,53,5809,15,13,0,2931,7200,80,255,1
1761466855.2650445,14516211168466667019,89704,1,26,18,53,5809,15,13,0,2930,7200,80,255,1
1761466856.7661836,14516211168466667019,89736,1,26,18,53,5809,15,13,0,2928,7200,80,255,1
1761466858.265306,14516211168466667019,89768,1,26,18,53,5809,15,13,0,2927,7200,80,255,1
1761466859.2752411,14516211168466667019,89789,1,26,18,53,5809,15,13,0,2926,7200,80,255,1
1761466860.7680156,14516211168466667019,89819,1,26,18,53,5809,15,13,0,2924,7200,80,255,1
1761466861.7727191,14516211168466667019,89840,1,26,18,53,5809,15,13,0,2923,7200,80,255,1
1761466863.2725325,14516211168466667019,89871,1,26,18,53,5809,15,13,0,2922,7200,80,255,1
1761466864.7720044,14516211168466667019,89904,1,26,18,53,5809,15,13,0,2920,7200,80,255,1
1761466866.2725239,14516211168466667019,89934,1,26,18,53,5809,15,13,0,2919,7200,80,255,1
1761466867.7706716,14516211168466667019,89966,1,26,18,53,5809,15,13,0,2917,7200,80,255,1
1761466869.2743545,14516211168466667019,89998,1,26,18,53,5809,15,13,0,2916,7200,80,255,1
1761466870.7734337,14516211168466667019,90029,1,26,18,53,5809,15,13,0,2914,7200,80,255,1
1761466871.7747467,14516211168466667019,90051,1,26,18,53,5809,15,13,0,2913,7200,80,255,1
1761466873.2615705,14516211168466667019,90081,1,26,18,53,5809,15,13,0,2912,7200,80,255,1
1761466874.270559,14516211168466667019,90101,1,26,18,53,5809,15,13,0,2911,7200,80,255,1
1761466875.7696369,14516211168466667019,90131,1,26,18,53,5809,15,13,0,2909,7200,80,255,1
1761466877.2762432,14516211168466667019,90164,1,26,18,53,5809,15,13,0,2908,7200,80,255,1
1761466878.765946,14516211168466667019,90194,1,26,18,53,5809,15,13,0,2906,7200,80,255,1
1761466880.2596033,14516211168466667019,90225,1,26,18,53,5809,15,13,0,2905,7200,80,255,1
1761466881.269732,14516211168466667019,90246,1,26,18,53,5809,15,13,0,2904,7200,80,255,1
1761466882.7623584,14516211168466667019,90278,1,26,18,53,5809,15,13,0,2902,7200,80,255,1
1761466883.7682617,14516211168466667019,90298,1,26,18,53,5809,15,13,0,2901,7200,80,255,1
1761466885.2615566,14516211168466667019,90329,1,26,18,53,5809,15,13,0,2900,7200,80,255,1
1761466886.2738082,14516211168466667019,90350,1,26,18,53,5809,15,13,0,2899,7200,80,255,1
1761466887.7660697,14516211168466667019,90381,1,26,18,53,5809,15,13,0,2897,7200,80,255,1
1761466889.2618268,14516211168466667019,90412,1,26,18,53,5809,15,13,0,2896,7200,80,255,1
1761466890.2679868,14516211168466667019,90433,1,26,18,53,5809,15,13,0,2895,7200,80,255,1
1761466891.2680123,14516211168466667019,90453,1,26,18,53,5809,15,13,0,2894,7200,80,255,1
1761466892.7595315,14516211168466667019,90485,1,26,18,53,5809,15,13,0,2892,7200,80,255,1
1761466893.7695215,14516211168466667019,90507,1,26,18,53,5809,15,13,0,2891,7200,80,255,1
1761466895.2717881,14516211168466667019,90538,1,26,18,53,5809,15,13,0,2890,7200,80,255,1
1761466896.769088,14516211168466667019,90572,1,26,18,53,5809,15,13,0,2888,7200,80,255,1
1761466897.7716644,14516211168466667019,90593,1,26,18,53,5809,15,13,0,2887,7200,80,255,1
1761466898.7734354,14516211168466667019,90614,1,26,18,53,5809,15,13,0,2886,7200,80,255,1
1761466900.269114,14516211168466667019,90645,1,26,18,53,5809,15,13,0,2885,7200,80,255,1
1761466901.2705612,14516211168466667019,90666,1,26,18,53,5809,15,13,0,2884,7200,80,255,1
1761466902.7713828,14516211168466667019,90697,1,26,18,53,5809,15,13,0,2882,7200,80,255,1
1761466904.2604396,14516211168466667019,90729,1,26,18,53,5809,15,13,0,2881,7200,80,255,1
1761466905.2679415,14516211168466667019,90750,1,26,18,53,5809,15,13,0,2880,7200,80,255,1
1761466906.7706847,14516211168466667019,90784,1,26,18,53,5809,15,13,0,2878,7200,80,255,1
1761466907.7731392,14516211168466667019,90805,1,26,18,53,5809,15,13,0,2877,7200,80,255,1
1761466908.7756462,14516211168466667019,90827,1,26,18,53,5809,15,13,0,2876,7200,80,255,1
1761466910.2650254,14516211168466667019,90858,1,26,18,53,5809,15,13,0,2875,7200,80,255,1
1761466911.2664156,14516211168466667019,90879,1,26,18,53,5809,15,13,0,2874,7200,80,255,1
1761466912.76382,14516211168466667019,90910,1,26,18,53,5809,15,13,0,2872,7200,80,255,1
1761466914.2635312,14516211168466667019,90944,1,26,18,53,5809,15,13,0,2871,7200,80,255,1
1761466915.2716653,14516211168466667019,90965,1,26,18,53,5809,15,13,0,2870,7200,80,255,1
1761466916.761322,14516211168466667019,90997,1,26,18,53,5809,15,13,0,2868,7200,80,255,1
1761466917.7660897,14516211168466667019,91017,1,26,18,53,5809,15,13,0,2867,7200,80,255,1
1761466918.7684875,14516211168466667019,91039,1,26,18,53,5809,15,13,0,2866,7200,80,255,1
1761466920.2606215,14516211168466667019,91072,1,26,18,53,5809,15,13,0,2865,7200,80,255,1
1761466921.266065,14516211168466667019,91094,1,26,18,53,5809,15,13,0,2864,7200,80,255,1
1761466922.7713554,14516211168466667019,91129,1,26,18,53,5809,15,13,0,2862,7200,80,255,1
1761466923.7718835,14516211168466667019,91149,1,26,18,53,5809,15,13,0,2861,7200,80,255,1
1761466925.2733715,14516211168466667019,91180,1,26,18,53,5809,15,13,0,2860,7200,80,255,1
1761466926.774963,14516211168466667019,91212,1,26,18,53,5809,15,13,0,2858,7200,80,255,1
1761466928.2704427,14516211168466667019,91244,1,26,18,53,5809,15,13,0,2857,7200,80,255,1
1761466929.7721164,14516211168466667019,91276,1,26,18,53,5809,15,13,0,2855,7200,80,255,1
1761466931.2690961,14516211168466667019,91306,1,26,18,53,5809,15,13,0,2854,7200,80,255,1
1761466932.2727013,14516211168466667019,91328,1,26,18,53,5809,15,13,0,2853,7200,80,255,1
1761466933.7691653,14516211168466667019,91360,1,26,18,53,5809,15,13,0,2851,7200,80,255,1
1761466934.7703023,14516211168466667019,91384,1,26,18,53,5809,15,13,0,2850,7200,80,255,1
1761466936.2661545,14516211168466667019,91415,1,26,18,53,5809,15,13,0,2849,7200,80,255,1
1761466937.2662716,14516211168466667019,91437,1,26,18,53,5809,15,13,0,2848,7200,80,255,1
1761466938.2681942,14516211168466667019,91458,1,26,18,53,5809,15,13,0,2847,7200,80,255,1
1761466939.270246,14516211168466667019,91481,1,26,18,53,5809,15,13,0,2846,7200,80,255,1
1761466940.773804,14516211168466667019,91511,1,26,18,53,5809,15,13,0,2844,7200,80,255,1
1761466942.2726383,14516211168466667019,91543,1,26,18,53,5809,15,13,0,2843,7200,80,255,1
1761466943.7665389,14516211168466667019,91574,1,26,18,53,5809,15,13,0,2841,7200,80,255,1
1761466944.7693172,14516211168466667019,91596,1,26,18,53,5809,15,13,0,2840,7200,80,255,1
1761466945.7701395,14516211168466667019,91617,1,26,18,53,5809,15,13,0,2839,7200,80,255,1
1761466947.269143,14516211168466667019,91651,1,26,18,53,5809,15,13,0,2838,7200,80,255,1
1761466948.2704294,14516211168466667019,91671,1,26,18,53,5809,15,13,0,2837,7200,80,255,1
1761466949.7705946,14516211168466667019,91702,1,26,18,53,5809,15,13,0,2835,7200,80,255,1
1761466951.2736635,14516211168466667019,91734,1,26,18,53,5809,15,13,0,2834,7200,80,255,1
1761466952.273671,14516211168466667019,91755,1,26,18,53,5809,15,13,0,2833,7200,80,255,1
1761466953.7691643,14516211168466667019,91785,1,26,18,53,5809,15,13,0,2831,7200,80,255,1
1761466954.7752724,14516211168466667019,91805,1,26,18,53,5809,15,13,0,2830,7200,80,255,1
1761466956.2608213,14516211168466667019,91837,1,26,18,53,5809,15,13,0,2829,7200,80,255,1
1761466957.262519,14516211168466667019,91859,1,26,18,53,5809,15,13,0,2828,7200,80,255,1
1761466958.267454,14516211168466667019,91879,1,26,18,53,5809,15,13,0,2827,7200,80,255,1
1761466959.2704291,14516211168466667019,91899,1,26,18,53,5809,15,13,0,2826,7200,80,255,1
1761466960.7613595,14516211168466667019,91930,1,26,18,53,5809,15,13,0,2824,7200,80,255,1
1761466961.7650812,14516211168466667019,91953,1,26,18,53,5809,15,13,0,2823,7200,80,255,1
1761466962.767509,14516211168466667019,91974,1,26,18,53,5809,15,13,0,2822,7200,80,255,1
1761466963.7684493,14516211168466667019,91996,1,26,18,53,5809,15,13,0,2821,7200,80,255,1
1761466964.770136,14516211168466667019,92019,1,26,18,53,5809,15,13,0,2820,7200,80,255,1
1761466965.7735925,14516211168466667019,92040,1,26,18,53,5809,15,13,0,2819,7200,80,255,1
1761466967.2727907,14516211168466667019,92072,1,26,18,53,5809,15,13,0,2818,7200,80,255,1
1761466968.7694092,14516211168466667019,92104,1,26,18,53,5809,15,13,0,2816,7200,80,255,1
1761466970.2610483,14516211168466667019,92136,1,26,18,53,5809,15,13,0,2815,7200,80,255,1
1761466971.2686183,14516211168466667019,92157,1,26,18,53,5809,15,13,0,2814,7200,80,255,1
1761466972.7623465,14516211168466667019,92192,1,26,18,53,5809,15,13,0,2812,7200,80,255,1
1761466974.2703185,14516211168466667019,92224,1,26,18,53,5809,15,13,0,2811,7200,80,255,1
1761466975.7630672,14516211168466667019,92254,1,26,18,53,5809,15,13,0,2809,7200,80,255,1
1761466976.76946,14516211168466667019,92276,1,26,18,53,5809,15,13,0,2808,7200,80,255,1
1761466978.2623193,14516211168466667019,92306,1,26,18,53,5809,15,13,0,2807,7200,80,255,1
1761466979.2636583,14516211168466667019,92326,1,26,18,53,5809,15,13,0,2806,7200,80,255,1
1761466980.270693,14516211168466667019,92347,1,26,18,53,5809,15,13,0,2805,7200,80,255,1
1761466981.2715962,14516211168466667019,92367,1,26,18,53,5809,15,13,0,2804,7200,80,255,1
1761466982.762464,14516211168466667019,92399,1,26,18,53,5809,15,13,0,2802,7200,80,255,1
1761466983.7710326,14516211168466667019,92421,1,26,18,53,5809,15,13,0,2801,7200,80,255,1
1761466985.270573,14516211168466667019,92453,1,26,18,53,5809,15,13,0,2800,7200,80,255,1
1761466986.7627563,14516211168466667019,92485,1,26,18,53,5809,15,13,0,2798,7200,80,255,1
1761466987.7678401,14516211168466667019,92505,1,26,18,53,5809,15,13,0,2797,7200,80,255,1
1761466989.2625084,14516211168466667019,92536,1,26,18,53,5809,15,13,0,2796,7200,80,255,1
1761466990.274029,14516211168466667019,92556,1,26,18,53,5809,15,13,0,2795,7200,80,255,1
1761466991.7737596,14516211168466667019,92588,1,26,18,53,5809,15,13,0,2793,7200,80,255,1
1761466993.2652254,14516211168466667019,92619,1,26,18,53,5809,15,13,0,2792,7200,80,255,1
1761466994.2757084,14516211168466667019,92640,1,26,18,53,5809,15,13,0,2791,7200,80,255,1
1761466995.768188,14516211168466667019,92671,1,26,18,53,5809,15,13,0,2789,7200,80,255,1
1761466997.273468,14516211168466667019,92704,1,26,18,53,5809,15,13,0,2788,7200,80,255,1
1761466998.770153,14516211168466667019,92736,1,26,18,53,5809,15,13,0,2786,7200,80,255,1
1761466999.7746212,14516211168466667019,92756,1,26,18,53,5809,15,13,0,2785,7200,80,255,1
1761467001.2731647,14516211168466667019,92788,1,26,18,53,5809,15,13,0,2784,7200,80,255,1
1761467002.7733665,14516211168466667019,92819,1,26,18,53,5809,15,13,0,2782,7200,80,255,1
1761467004.2660518,14516211168466667019,92851,1,26,18,53,5809,15,13,0,2781,7200,80,255,1
1761467005.773257,14516211168466667019,92882,1,26,18,53,5809,15,13,0,2779,7200,80,255,1
1761467007.262723,14516211168466667019,92915,1,26,18,53,5809,15,13,0,2778,7200,80,255,1
1761467008.2634218,14516211168466667019,92935,1,26,18,53,5809,15,13,0,2777,7200,80,255,1
1761467009.2719815,14516211168466667019,92957,1,26,18,53,5809,15,13,0,2776,7200,80,255,1
1761467010.7778165,14516211168466667019,92988,1,26,18,53,5809,15,13,0,2774,7200,80,255,1
1761467012.263438,14516211168466667019,93020,1,26,18,53,5809,15,13,0,2773,7200,80,255,1
1761467013.269118,14516211168466667019,93040,1,26,18,53,5809,15,13,0,2772,7200,80,255,1
1761467014.270198,14516211168466667019,93062,1,26,18,53,5809,15,13,0,2771,7200,80,255,1
1761467015.7750185,14516211168466667019,93093,1,26,18,53,5809,15,13,0,2769,7200,80,255,1
1761467017.2679746,14516211168466667019,93127,1,26,18,53,5809,15,13,0,2768,7200,80,255,1
1761467018.2689779,14516211168466667019,93150,1,26,18,53,5809,15,13,0,2767,7200,80,255,1
1761467019.7610385,14516211168466667019,93182,1,26,18,53,5809,15,13,0,2765,7200,80,255,1
1761467020.7701635,14516211168466667019,93204,1,26,18,53,5809,15,13,0,2764,7200,80,255,1
1761467021.77035,14516211168466667019,93225,1,26,18,53,5809,15,13,0,2763,7200,80,255,1
1761467022.772339,14516211168466667019,93245,1,26,18,53,5809,15,13,0,2762,7200,80,255,1
1761467024.2706494,14516211168466667019,93277,1,26,18,53,5809,15,13,0,2761,7200,80,255,1
1761467025.762783,14516211168466667019,93307,1,26,18,53,5809,15,13,0,2759,7200,80,255,1
1761467026.7720048,14516211168466667019,93329,1,26,18,53,5809,15,13,0,2758,7200,80,255,1
1761467027.773956,14516211168466667019,93349,1,26,18,53,5809,15,13,0,2757,7200,80,255,1
1761467029.268115,14516211168466667019,93379,1,26,18,53,5809,15,13,0,2756,7200,80,255,1
1761467030.764103,14516211168466667019,93410,1,26,18,53,5809,15,13,0,2754,7200,80,255,1
1761467032.2688627,14516211168466667019,93441,1,26,18,53,5809,15,13,0,2753,7200,80,255,1
1761467033.2726016,14516211168466667019,93463,1,26,18,53,5809,15,13,0,2752,7200,80,255,1
1761467034.7700558,14516211168466667019,93496,1,26,18,53,5809,15,13,0,2750,7200,80,255,1
1761467036.2725046,14516211168466667019,93527,1,26,18,53,5809,15,13,0,2749,7200,80,255,1
1761467037.2752666,14516211168466667019,93548,1,26,18,53,5809,15,13,0,2748,7200,80,255,1
1761467038.7709494,14516211168466667019,93579,1,26,18,53,5809,15,13,0,2746,7200,80,255,1
1761467039.7740872,14516211168466667019,93599,1,26,18,53,5809,15,13,0,2745,7200,80,255,1
1761467041.2615492,14516211168466667019,93629,1,26,18,53,5809,15,13,0,2744,7200,80,255,1
1761467042.2660022,14516211168466667019,93651,1,26,18,53,5809,15,13,0,2743,7200,80,255,1
1761467043.2711966,14516211168466667019,93672,1,26,18,53,5809,15,13,0,2742,7200,80,255,1
1761467044.772524,14516211168466667019,93702,1,26,18,53,5809,15,13,0,2740,7200,80,255,1
1761467046.2733319,14516211168466667019,93733,1,26,18,53,5809,15,13,0,2739,7200,80,255,1
1761467047.760434,14516211168466667019,93765,1,26,18,53,5809,15,13,0,2737,7200,80,255,1
1761467048.763675,14516211168466667019,93789,1,26,18,53,5809,15,13,0,2736,7200,80,255,1
1761467049.7660596,14516211168466667019,93810,1,26,18,53,5809,15,13,0,2735,7200,80,255,1
1761467050.7701988,14516211168466667019,93833,1,26,18,53,5809,15,13,0,2734,7200,80,255,1
1761467052.261364,14516211168466667019,93864,1,26,18,53,5809,15,13,0,2733,7200,80,255,1
1761467053.2692354,14516211168466667019,93885,1,26,18,53,5809,15,13,0,2732,7200,80,255,1
1761467054.271213,14516211168466667019,93906,1,26,18,53,5809,15,13,0,2731,7200,80,255,1
1761467055.7721708,14516211168466667019,93938,1,26,18,53,5809,15,13,0,2729,7200,80,255,1
1761467057.260515,14516211168466667019,93972,1,26,18,53,5809,15,13,0,2728,7200,80,255,1
1761467058.263417,14516211168466667019,93995,1,26,18,53,5809,15,13,0,2727,7200,80,255,1
1761467059.2658417,14516211168466667019,94016,1,26,18,53,5809,15,13,0,2726,7200,80,255,1
1761467060.271015,14516211168466667019,94038,1,26,18,53,5809,15,13,0,2725,7200,80,255,1
1761467061.7647328,14516211168466667019,94070,1,26,18,53,5809,15,13,0,2723,7200,80,255,1
1761467063.2759497,14516211168466667019,94102,1,26,18,53,5809,15,13,0,2722,7200,80,255,1
1761467064.7656114,14516211168466667019,94133,1,26,18,53,5809,15,13,0,2720,7200,80,255,1
1761467066.2631803,14516211168466667019,94163,1,26,18,53,5809,15,13,0,2719,7200,80,255,1
1761467067.2699614,14516211168466667019,94184,1,26,18,53,5809,15,13,0,2718,7200,80,255,1
1761467068.7615504,14516211168466667019,94214,1,26,18,53,5809,15,13,0,2716,7200,80,255,1
1761467069.7623672,14516211168466667019,94236,1,26,18,53,5809,15,13,0,2715,7200,80,255,1
1761467070.7633853,14516211168466667019,94257,1,26,18,53,5809,15,13,0,2714,7200,80,255,1
1761467072.261029,14516211168466667019,94290,1,26,18,53,5809,15,13,0,2713,7200,80,255,1
1761467073.262291,14516211168466667019,94311,1,26,18,53,5809,15,13,0,2712,7200,80,255,1
1761467074.2703302,14516211168466667019,94332,1,26,18,53,5809,15,13,0,2711,7200,80,255,1
1761467075.272876,14516211168466667019,94353,1,26,18,53,5809,15,13,0,2710,7200,80,255,1
1761467076.772403,14516211168466667019,94384,1,26,18,53,5809,15,13,0,2708,7200,80,255,1
1761467078.2708645,14516211168466667019,94416,1,26,18,53,5809,15,13,0,2707,7200,80,255,1
1761467079.772488,14516211168466667019,94447,1,26,18,53,5809,15,13,0,2705,7200,80,255,1
1761467081.272278,14516211168466667019,94479,1,26,18,53,5809,15,13,0,2704,7200,80,255,1
1761467082.7628098,14516211168466667019,94511,1,26,18,53,5809,15,13,0,2702,7200,80,255,1
1761467083.7726376,14516211168466667019,94531,1,26,18,53,5809,15,13,0,2701,7200,80,255,1
1761467085.26171,14516211168466667019,94562,1,26,18,53,5809,15,13,0,2700,7200,80,255,1
1761467086.272118,14516211168466667019,94582,1,26,18,53,5809,15,13,0,2699,7200,80,255,1
1761467087.7700124,14516211168466667019,94615,1,26,18,53,5809,15,13,0,2697,7200,80,255,1
1761467089.2747703,14516211168466667019,94646,1,26,18,53,5809,15,13,0,2696,7200,80,255,1
1761467090.762332,14516211168466667019,94677,1,26,18,53,5809,15,13,0,2694,7200,80,255,1
1761467091.7631476,14516211168466667019,94698,1,26,18,53,5809,15,13,0,2693,7200,80,255,1
1761467092.769982,14516211168466667019,94718,1,26,18,53,5809,15,13,0,2692,7200,80,255,1
1761467094.2692225,14516211168466667019,94750,1,26,18,53,5809,15,13,0,2691,7200,80,255,1
1761467095.274684,14516211168466667019,94770,1,26,18,53,5809,15,13,0,2690,7200,80,255,1
1761467096.7691827,14516211168466667019,94803,1,26,18,53,5809,15,13,0,2688,7200,80,255,1
1761467098.2676637,14516211168466667019,94833,1,26,18,53,5809,15,13,0,2687,7200,80,255,1
1761467099.7639935,14516211168466667019,94863,1,26,18,53,5809,15,13,0,2685,7200,80,255,1
1761467100.7651947,14516211168466667019,94883,1,26,18,53,5809,15,13,0,2684,7200,80,255,1
1761467101.7678633,14516211168466667019,94906,1,26,18,53,5809,15,13,0,2683,7200,80,255,1
1761467102.7705986,14516211168466667019,94926,1,26,18,53,5809,15,13,0,2682,7200,80,255,1
1761467104.270114,14516211168466667019,94957,1,26,18,53,5809,15,13,0,2681,7200,80,255,1
1761467105.2702475,14516211168466667019,94977,1,26,18,53,5809,15,13,0,2680,7200,80,255,1
1761467106.2734902,14516211168466667019,94998,1,26,18,53,5809,15,13,0,2679,7200,80,255,1
1761467107.273611,14516211168466667019,95019,1,26,18,53,5809,15,13,0,2678,7200,80,255,1
1761467108.773621,14516211168466667019,95049,1,26,18,53,5809,15,13,0,2676,7200,80,255,1
1761467110.2637558,14516211168466667019,95080,1,26,18,53,5809,15,13,0,2675,7200,80,255,1
1761467111.2712102,14516211168466667019,95103,1,26,18,53,5809,15,13,0,2674,7200,80,255,1
1761467112.7649562,14516211168466667019,95135,1,26,18,53,5809,15,13,0,2672,7200,80,255,1
1761467113.7670133,14516211168466667019,95155,1,26,18,53,5809,15,13,0,2671,7200,80,255,1
1761467114.7729104,14516211168466667019,95176,1,26,18,53,5809,15,13,0,2670,7200,80,255,1
1761467116.2777572,14516211168466667019,95209,1,26,18,53,5809,15,13,0,2669,7200,80,255,1
1761467117.7632394,14516211168466667019,95243,1,26,18,53,5809,15,13,0,2667,7200,80,255,1
1761467118.7678905,14516211168466667019,95265,1,26,18,53,5809,15,13,0,2666,7200,80,255,1
1761467119.7734067,14516211168466667019,95286,1,26,18,53,5809,15,13,0,2665,7200,80,255,1
1761467121.2613964,14516211168466667019,95318,1,26,18,53,5809,15,13,0,2664,7200,80,255,1
1761467122.2694035,14516211168466667019,95340,1,26,18,53,5809,15,13,0,2663,7200,80,255,1
1761467123.27396,14516211168466667019,95363,1,26,18,53,5809,15,13,0,2662,7200,80,255,1
1761467124.7659323,14516211168466667019,95394,1,26,18,53,5809,15,13,0,2660,7200,80,255,1
1761467125.7733,14516211168466667019,95414,1,26,18,53,5809,15,13,0,2659,7200,80,255,1
1761467127.2679179,14516211168466667019,95448,1,26,18,53,5809,15,13,0,2658,7200,80,255,1
1761467128.2737994,14516211168466667019,95470,1,26,18,53,5809,15,13,0,2657,7200,80,255,1
1761467129.7705233,14516211168466667019,95501,1,26,18,53,5809,15,13,0,2655,7200,80,255,1
1761467131.2660348,14516211168466667019,95532,1,26,18,53,5809,15,13,0,2654,7200,80,255,1
1761467132.2670684,14516211168466667019,95554,1,26,18,53,5809,15,13,0,2653,7200,80,255,1
1761467133.7646506,14516211168466667019,95584,1,26,18,53,5809,15,13,0,2651,7200,80,255,1
1761467134.7692392,14516211168466667019,95605,1,26,18,53,5809,15,13,0,2650,7200,80,255,1
1761467135.7717993,14516211168466667019,95626,1,26,18,53,5809,15,13,0,2649,7200,80,255,1
1761467137.2718947,14516211168466667019,95660,1,26,18,53,5809,15,13,0,2648,7200,80,255,1
1761467138.7693813,14516211168466667019,95692,1,26,18,53,5809,15,13,0,2646,7200,80,255,1
1761467140.2659216,14516211168466667019,95723,1,26,18,53,5809,15,13,0,2645,7200,80,255,1
1761467141.2676435,14516211168466667019,95745,1,26,18,53,5809,15,13,0,2644,7200,80,255,1
1761467142.2735252,14516211168466667019,95767,1,26,18,53,5809,15,13,0,2643,7200,80,255,1
1761467143.7607913,14516211168466667019,95799,1,26,18,53,5809,15,13,0,2641,7200,80,255,1
1761467144.763242,14516211168466667019,95821,1,26,18,53,5809,15,13,0,2640,7200,80,255,1
1761467145.7634723,14516211168466667019,95841,1,26,18,53,5809,15,13,0,2639,7200,80,255,1
1761467146.7678177,14516211168466667019,95863,1,26,18,53,5809,15,13,0,2638,7200,80,255,1
1761467147.7687204,14516211168466667019,95885,1,26,18,53,5809,15,13,0,2637,7200,80,255,1
1761467149.261451,14516211168466667019,95919,1,26,18,53,5809,15,13,0,2636,7200,80,255,1
1761467150.7678745,14516211168466667019,95954,1,26,18,53,5809,15,13,0,2634,7200,80,255,1
1761467151.7679706,14516211168466667019,95975,1,26,18,53,5809,15,13,0,2633,7200,80,255,1
1761467153.2688675,14516211168466667019,96006,1,26,18,53,5809,15,13,0,2632,7200,80,255,1
1761467154.2738338,14516211168466667019,96026,1,26,18,53,5809,15,13,0,2631,7200,80,255,1
1761467155.770095,14516211168466667019,96058,1,26,18,53,5809,15,13,0,2629,7200,80,255,1
1761467157.2677102,14516211168466667019,96093,1,26,18,53,5809,15,13,0,2628,7200,80,255,1
1761467158.7730758,14516211168466667019,96124,1,26,18,53,5809,15,13,0,2626,7200,80,255,1
1761467160.2647953,14516211168466667019,96155,1,26,18,53,5809,15,13,0,2625,7200,80,255,1
1761467161.7620435,14516211168466667019,96186,1,26,18,53,5809,15,13,0,2623,7200,80,255,1
1761467162.7748086,14516211168466667019,96207,1,26,18,53,5809,15,13,0,2622,7200,80,255,1
1761467163.774913,14516211168466667019,96227,1,26,18,53,5809,15,13,0,2621,7200,80,255,1
1761467165.2640028,14516211168466667019,96257,1,26,18,53,5809,15,13,0,2620,7200,80,255,1
1761467166.2675338,14516211168466667019,96277,1,26,18,53,5809,15,13,0,2619,7200,80,255,1
1761467167.7595317,14516211168466667019,96309,1,26,18,53,5809,15,13,0,2617,7200,80,255,1
1761467168.7759783,14516211168466667019,96332,1,26,18,53,5809,15,13,0,2616,7200,80,255,1
1761467170.2678282,14516211168466667019,96362,1,26,18,53,5809,15,13,0,2615,7200,80,255,1
1761467171.7636046,14516211168466667019,96393,1,26,18,53,5809,15,13,0,2613,7200,80,255,1
1761467172.76565,14516211168466667019,96414,1,26,18,53,5809,15,13,0,2612,7200,80,255,1
1761467174.2743306,14516211168466667019,96444,1,26,18,53,5809,15,13,0,2611,7200,80,255,1
1761467175.7700863,14516211168466667019,96475,1,26,18,53,5809,15,13,0,2609,7200,80,255,1
1761467176.7747507,14516211168466667019,96499,1,26,18,53,5809,15,13,0,2608,7200,80,255,1
1761467178.272245,14516211168466667019,96531,1,26,18,53,5809,15,13,0,2607,7200,80,255,1
1761467179.763386,14516211168466667019,96562,1,26,18,53,5809,15,13,0,2605,7200,80,255,1
1761467180.7637184,14516211168466667019,96582,1,26,18,53,5809,15,13,0,2604,7200,80,255,1
1761467182.2693894,14516211168466667019,96614,1,26,18,53,5809,15,13,0,2603,7200,80,255,1
1761467183.2744956,14516211168466667019,96634,1,26,18,53,5809,15,13,0,2602,7200,80,255,1
1761467184.7633731,14516211168466667019,96664,1,26,18,53,5809,15,13,0,2600,7200,80,255,1
1761467186.2695436,14516211168466667019,96698,1,26,18,53,5809,15,13,0,2599,7200,80,255,1
1761467187.2731493,14516211168466667019,96719,1,26,18,53,5809,15,13,0,2598,7200,80,255,1
1761467188.7617185,14516211168466667019,96750,1,26,18,53,5809,15,13,0,2596,7200,80,255,1
1761467189.7747612,14516211168466667019,96774,1,26,18,53,5809,15,13,0,2595,7200,80,255,1
1761467191.2646842,14516211168466667019,96806,1,26,18,53,5809,15,13,0,2594,7200,80,255,1
1761467192.2660687,14516211168466667019,96827,1,26,18,53,5809,15,13,0,2593,7200,80,255,1
1761467193.2676623,14516211168466667019,96847,1,26,18,53,5809,15,13,0,2592,7200,80,255,1
1761467194.268716,14516211168466667019,96868,1,26,18,53,5809,15,13,0,2591,7200,80,255,1
1761467195.7603617,14516211168466667019,96898,1,26,18,53,5809,15,13,0,2589,7200,80,255,1
1761467196.7648804,14516211168466667019,96920,1,26,18,53,5809,15,13,0,2588,7200,80,255,1
1761467198.2601078,14516211168466667019,96950,1,26,18,53,5809,15,13,0,2587,7200,80,255,1
1761467199.2668757,14516211168466667019,96971,1,26,18,53,5809,15,13,0,2586,7200,80,255,1
1761467200.2701192,14516211168466667019,96993,1,26,18,53,5809,15,13,0,2585,7200,80,255,1
1761467201.2732878,14516211168466667019,97013,1,26,18,53,5809,15,13,0,2584,7200,80,255,1
1761467202.7682824,14516211168466667019,97049,1,26,18,53,5809,15,13,0,2582,7200,80,255,1
1761467204.2731128,14516211168466667019,97081,1,26,18,53,5809,15,13,0,2581,7200,80,255,1
1761467205.7612555,14516211168466667019,97115,1,26,18,53,5809,15,13,0,2579,7200,80,255,1
1761467206.764567,14516211168466667019,97137,1,26,18,53,5809,15,13,0,2578,7200,80,255,1
1761467208.2675064,14516211168466667019,97170,1,26,18,53,5809,15,13,0,2577,7200,80,255,1
1761467209.7698166,14516211168466667019,97201,1,26,18,53,5809,15,13,0,2575,7200,80,255,1
1761467211.2686172,14516211168466667019,97232,1,26,18,53,5809,15,13,0,2574,7200,80,255,1
1761467212.2704456,14516211168466667019,97253,1,26,18,53,5809,15,13,0,2573,7200,80,255,1
1761467213.7731552,14516211168466667019,97285,1,26,18,53,5809,15,13,0,2571,7200,80,255,1
1761467215.2756407,14516211168466667019,97317,1,26,18,53,5809,15,13,0,2570,7200,80,255,1
1761467216.7686052,14516211168466667019,97349,1,26,18,53,5809,15,13,0,2568,7200,80,255,1
1761467218.2697802,14516211168466667019,97380,1,26,18,53,5809,15,13,0,2567,7200,80,255,1
1761467219.7714524,14516211168466667019,97411,1,26,18,53,5809,15,13,0,2565,7200,80,255,1
1761467221.2604728,14516211168466667019,97443,1,26,18,53,5809,15,13,0,2564,7200,80,255,1
1761467222.2750678,14516211168466667019,97466,1,26,18,53,5809,15,13,0,2563,7200,80,255,1
1761467223.761181,14516211168466667019,97498,1,26,18,53,5809,15,13,0,2561,7200,80,255,1
1761467224.7771254,14516211168466667019,97520,1,26,18,53,5809,15,13,0,2560,7200,80,255,1
1761467226.2658365,14516211168466667019,97550,1,26,18,53,5809,15,13,0,2559,7200,80,255,1
1761467227.2670534,14516211168466667019,97573,1,26,18,53,5809,15,13,0,2558,7200,80,255,1
1761467228.7746563,14516211168466667019,97604,1,26,18,53,5809,15,13,0,2556,7200,80,255,1
1761467230.2616012,14516211168466667019,97635,1,26,18,53,5809,15,13,0,2555,7200,80,255,1
1761467231.263278,14516211168466667019,97658,1,26,18,53,5809,15,13,0,2554,7200,80,255,1
1761467232.7695973,14516211168466667019,97694,1,26,18,53,5809,15,13,0,2552,7200,80,255,1
1761467234.2747583,14516211168466667019,97727,1,26,18,53,5809,15,13,0,2551,7200,80,255,1
1761467235.7709765,14516211168466667019,97758,1,26,18,53,5809,15,13,0,2549,7200,80,255,1
1761467236.7753088,14516211168466667019,97781,1,26,18,53,5809,15,13,0,2548,7200,80,255,1
1761467238.2645283,14516211168466667019,97812,1,26,18,53,5809,15,13,0,2547,7200,80,255,1
1761467239.2659712,14516211168466667019,97833,1,26,18,53,5809,15,13,0,2546,7200,80,255,1
1761467240.7701054,14516211168466667019,97864,1,26,18,53,5809,15,13,0,2544,7200,80,255,1
1761467242.269,14516211168466667019,97898,1,26,18,53,5809,15,13,0,2543,7200,80,255,1
1761467243.2703395,14516211168466667019,97920,1,26,18,53,5809,15,13,0,2542,7200,80,255,1
1761467244.7619846,14516211168466667019,97954,1,26,18,53,5809,15,13,0,2540,7200,80,255,1
1761467246.2596598,14516211168466667019,97987,1,26,18,53,5809,15,13,0,2539,7200,80,255,1
1761467247.269044,14516211168466667019,98009,1,26,18,53,5809,15,13,0,2538,7200,80,255,1
1761467248.7624366,14516211168466667019,98040,1,26,18,53,5809,15,13,0,2536,7200,80,255,1
1761467249.7649333,14516211168466667019,98062,1,26,18,53,5809,15,13,0,2535,7200,80,255,1
1761467250.7717447,14516211168466667019,98082,1,26,18,53,5809,15,13,0,2534,7200,80,255,1
1761467252.2708724,14516211168466667019,98114,1,26,18,53,5809,15,13,0,2533,7200,80,255,1
1761467253.2776575,14516211168466667019,98134,1,26,18,53,5809,15,13,0,2532,7200,80,255,1
1761467254.7620006,14516211168466667019,98166,1,26,18,53,5809,15,13,0,2530,7200,80,255,1
1761467255.766028,14516211168466667019,98187,1,26,18,53,5809,15,13,0,2529,7200,80,255,1
1761467256.7719204,14516211168466667019,98209,1,26,18,53,5809,15,13,0,2528,7200,80,255,1
1761467257.7732816,14516211168466667019,98229,1,26,18,53,5809,15,13,0,2527,7200,80,255,1
1761467259.2721403,14516211168466667019,98261,1,26,18,53,5809,15,13,0,2526,7200,80,255,1
1761467260.767867,14516211168466667019,98293,1,26,18,53,5809,15,13,0,2524,7200,80,255,1
1761467262.2600448,14516211168466667019,98325,1,26,18,53,5809,15,13,0,2523,7200,80,255,1
1761467263.2647238,14516211168466667019,98346,1,26,18,53,5809,15,13,0,2522,7200,80,255,1
1761467264.266676,14516211168466667019,98366,1,26,18,53,5809,15,13,0,2521,7200,80,255,1
1761467265.2677627,14516211168466667019,98387,1,26,18,53,5809,15,13,0,2520,7200,80,255,1
1761467266.2689688,14516211168466667019,98408,1,26,18,53,5809,15,13,0,2519,7200,80,255,1
1761467267.2703743,14516211168466667019,98429,1,26,18,53,5809,15,13,0,2518,7200,80,255,1
1761467268.7727046,14516211168466667019,98459,1,26,18,53,5809,15,13,0,2516,7200,80,255,1
1761467270.2700121,14516211168466667019,98489,1,26,18,53,5809,15,13,0,2515,7200,80,255,1
1761467271.7726223,14516211168466667019,98523,1,26,18,53,5809,15,13,0,2513,7200,80,255,1
1761467273.2609055,14516211168466667019,98554,1,26,18,53,5809,15,13,0,2512,7200,80,255,1
1761467274.2711408,14516211168466667019,98577,1,26,18,53,5809,15,13,0,2511,7200,80,255,1
1761467275.2729635,14516211168466667019,98598,1,26,18,53,5809,15,13,0,2510,7200,80,255,1
1761467276.765637,14516211168466667019,98629,1,26,18,53,5809,15,13,0,2508,7200,80,255,1
1761467277.7681103,14516211168466667019,98651,1,26,18,53,5809,15,13,0,2507,7200,80,255,1
1761467279.2739165,14516211168466667019,98682,1,26,18,53,5809,15,13,0,2506,7200,80,255,1
1761467280.7721121,14516211168466667019,98713,1,26,18,53,5809,15,13,0,2504,7200,80,255,1
1761467282.2681901,14516211168466667019,98744,1,26,18,53,5809,15,13,0,2503,7200,80,255,1
1761467283.7759209,14516211168466667019,98775,1,26,18,53,5809,15,13,0,2501,7200,80,255,1
1761467285.267563,14516211168466667019,98806,1,26,18,53,5809,15,13,0,2500,7200,80,255,1
1761467286.271044,14516211168466667019,98828,1,26,18,53,5809,15,13,0,2499,7200,80,255,1
1761467287.7698689,14516211168466667019,98862,1,26,18,53,5809,15,13,0,2497,7200,80,255,1
1761467288.770237,14516211168466667019,98884,1,26,18,53,5809,15,13,0,2496,7200,80,255,1
1761467290.2626584,14516211168466667019,98917,1,26,18,53,5809,15,13,0,2495,7200,80,255,1
1761467291.26737,14516211168466667019,98937,1,26,18,53,5809,15,13,0,2494,7200,80,255,1
1761467292.2730274,14516211168466667019,98959,1,26,18,53,5809,15,13,0,2493,7200,80,255,1
1761467293.764567,14516211168466667019,98989,1,26,18,53,5809,15,13,0,2491,7200,80,255,1
1761467295.2674541,14516211168466667019,99022,1,26,18,53,5809,15,13,0,2490,7200,80,255,1
1761467296.7730293,14516211168466667019,99053,1,26,18,53,5809,15,13,0,2488,7200,80,255,1
1761467297.773533,14516211168466667019,99073,1,26,18,53,5809,15,13,0,2487,7200,80,255,1
1761467299.265723,14516211168466667019,99103,1,26,18,53,5809,15,13,0,2486,7200,80,255,1
1761467300.7691143,14516211168466667019,99135,1,26,18,53,5809,15,13,0,2484,7200,80,255,1
1761467302.2685153,14516211168466667019,99168,1,26,18,53,5809,15,13,0,2483,7200,80,255,1
1761467303.7724447,14516211168466667019,99198,1,26,18,53,5809,15,13,0,2481,7200,80,255,1
1761467304.774702,14516211168466667019,99218,1,26,18,53,5809,15,13,0,2480,7200,80,255,1
1761467306.264411,14516211168466667019,99249,1,26,18,53,5809,15,13,0,2479,7200,80,255,1
1761467307.2676249,14516211168466667019,99271,1,26,18,53,5809,15,13,0,2478,7200,80,255,1
1761467308.7711685,14516211168466667019,99302,1,26,18,53,5809,15,13,0,2476,7200,80,255,1
1761467310.2733927,14516211168466667019,99334,1,26,18,53,5809,15,13,0,2475,7200,80,255,1
1761467311.770116,14516211168466667019,99366,1,26,18,53,5809,15,13,0,2473,7200,80,255,1
1761467313.2746964,14516211168466667019,99400,1,26,18,53,5809,15,13,0,2472,7200,80,255,1
1761467314.2755585,14516211168466667019,99420,1,26,18,53,5809,15,13,0,2471,7200,80,255,1
1761467315.7654238,14516211168466667019,99450,1,26,18,53,5809,15,13,0,2469,7200,80,255,1
1761467316.7687666,14516211168466667019,99471,1,26,18,53,5809,15,13,0,2468,7200,80,255,1
1761467318.27318,14516211168466667019,99502,1,26,18,53,5809,15,13,0,2467,7200,80,255,1
1761467319.7645068,14516211168466667019,99532,1,26,18,53,5809,15,13,0,2465,7200,80,255,1
1761467320.766906,14516211168466667019,99553,1,26,18,53,5809,15,13,0,2464,7200,80,255,1
1761467321.7686446,14516211168466667019,99574,1,26,18,53,5809,15,13,0,2463,7200,80,255,1
1761467323.2712133,14516211168466667019,99605,1,26,18,53,5809,15,13,0,2462,7200,80,255,1
1761467324.7733607,14516211168466667019,99637,1,26,18,53,5809,15,13,0,2460,7200,80,255,1
1761467326.2644932,14516211168466667019,99667,1,26,18,53,5809,15,13,0,2459,7200,80,255,1
1761467327.2735932,14516211168466667019,99689,1,26,18,53,5809,15,13,0,2458,7200,80,255,1
1761467328.7626455,14516211168466667019,99719,1,26,18,53,5809,15,13,0,2456,7200,80,255,1
1761467330.2684405,14516211168466667019,99752,1,26,18,53,5809,15,13,0,2455,7200,80,255,1
1761467331.7632594,14516211168466667019,99787,1,26,18,53,5809,15,13,0,2453,7200,80,255,1
1761467333.2674055,14516211168466667019,99819,1,26,18,53,5809,15,13,0,2452,7200,80,255,1
1761467334.2677057,14516211168466667019,99842,1,26,18,53,5809,15,13,0,2451,7200,80,255,1
1761467335.775447,14516211168466667019,99873,1,26,18,53,5809,15,13,0,2449,7200,80,255,1
1761467337.2714012,14516211168466667019,99906,1,26,18,53,5809,15,13,0,2448,7200,80,255,1
1761467338.773215,14516211168466667019,99937,1,26,18,53,5809,15,13,0,2446,7200,80,255,1
1761467340.2645626,14516211168466667019,99967,1,26,18,53,5809,15,13,0,2445,7200,80,255,1
1761467341.7737696,14516211168466667019,100000,1,26,18,53,5809,15,13,0,2443,7200,80,255,1
1761467343.264607,14516211168466667019,100030,1,26,18,53,5809,15,13,0,2442,7200,80,255,1
1761467344.7713904,14516211168466667019,100061,1,26,18,53,5809,15,13,0,2440,7200,80,255,1
1761467346.26448,14516211168466667019,100096,1,26,18,53,5809,15,13,0,2439,7200,80,255,1
1761467347.7686179,14516211168466667019,100131,1,26,18,53,5809,15,13,0,2437,7200,80,255,1
1761467349.2626138,14516211168466667019,100164,1,26,18,53,5809,15,13,0,2436,7200,80,255,1
1761467350.770056,14516211168466667019,100200,1,26,18,53,5809,15,13,0,2434,7200,80,255,1
1761467351.7745264,14516211168466667019,100222,1,26,18,53,5809,15,13,0,2433,7200,80,255,1
1761467352.775658,14516211168466667019,100242,1,26,18,53,5809,15,13,0,2432,7200,80,255,1
1761467354.2675319,14516211168466667019,100272,1,26,18,53,5809,15,13,0,2431,7200,80,255,1
1761467355.2695694,14516211168466667019,100296,1,26,18,53,5809,15,13,0,2430,7200,80,255,1
1761467356.7709708,14516211168466667019,100329,1,26,18,53,5809,15,13,0,2428,7200,80,255,1
1761467357.7729394,14516211168466667019,100349,1,26,18,53,5809,15,13,0,2427,7200,80,255,1
1761467358.7743852,14516211168466667019,100369,1,26,18,53,5809,15,13,0,2426,7200,80,255,1
1761467360.2715466,14516211168466667019,100401,1,26,18,53,5809,15,13,0,2425,7200,80,255,1
1761467361.7642877,14516211168466667019,100433,1,26,18,53,5809,15,13,0,2423,7200,80,255,1
1761467362.7684562,14516211168466667019,100455,1,26,18,53,5809,15,13,0,2422,7200,80,255,1
1761467364.2689981,14516211168466667019,100486,1,26,18,53,5809,15,13,0,2421,7200,80,255,1
1761467365.2701294,14516211168466667019,100508,1,26,18,53,5809,15,13,0,2420,7200,80,255,1
1761467366.2717159,14516211168466667019,100529,1,26,18,53,5809,15,13,0,2419,7200,80,255,1
1761467367.774368,14516211168466667019,100559,1,26,18,53,5809,15,13,0,2417,7200,80,255,1
1761467368.7758656,14516211168466667019,100579,1,26,18,53,5809,15,13,0,2416,7200,80,255,1
1761467370.2656436,14516211168466667019,100609,1,26,18,53,5809,15,13,0,2415,7200,80,255,1
1761467371.774497,14516211168466667019,100640,1,26,18,53,5809,15,13,0,2413,7200,80,255,1
1761467373.26472,14516211168466667019,100670,1,26,18,53,5809,15,13,0,2412,7200,80,255,1
1761467374.2676175,14516211168466667019,100690,1,26,18,53,5809,15,13,0,2411,7200,80,255,1
1761467375.2691936,14516211168466667019,100710,1,26,18,53,5809,15,13,0,2410,7200,80,255,1
1761467376.2699356,14516211168466667019,100734,1,26,18,53,5809,15,13,0,2409,7200,80,255,1
1761467377.272598,14516211168466667019,100757,1,26,18,53,5809,15,13,0,2408,7200,80,255,1
1761467378.764603,14516211168466667019,100789,1,26,18,53,5809,15,13,0,2406,7200,80,255,1
1761467379.7707875,14516211168466667019,100810,1,26,18,53,5809,15,13,0,2405,7200,80,255,1
1761467380.7720523,14516211168466667019,100830,1,26,18,53,5809,15,13,0,2404,7200,80,255,1
1761467382.2642984,14516211168466667019,100863,1,26,18,53,5809,15,13,0,2403,7200,80,255,1
1761467383.2748575,14516211168466667019,100884,1,26,18,53,5809,15,13,0,2402,7200,80,255,1
1761467384.7619784,14516211168466667019,100915,1,26,18,53,5809,15,13,0,2400,7200,80,255,1
1761467385.7757304,14516211168466667019,100937,1,26,18,53,5809,15,13,0,2399,7200,80,255,1
1761467387.2751918,14516211168466667019,100970,1,26,18,53,5809,15,13,0,2398,7200,80,255,1
1761467388.7732494,14516211168466667019,101001,1,26,18,53,5809,15,13,0,2396,7200,80,255,1
1761467390.2715397,14516211168466667019,101031,1,26,18,53,5809,15,13,0,2395,7200,80,255,1
1761467391.7676957,14516211168466667019,101062,1,26,18,53,5809,15,13,0,2393,7200,80,255,1
1761467393.2772672,14516211168466667019,101093,1,26,18,53,5809,15,13,0,2392,7200,80,255,1
1761467394.7634459,14516211168466667019,101124,1,26,18,53,5809,15,13,0,2390,7200,80,255,1
1761467395.7753506,14516211168466667019,101145,1,26,18,53,5809,15,13,0,2389,7200,80,255,1
1761467396.7757623,14516211168466667019,101167,1,26,18,53,5809,15,13,0,2388,7200,80,255,1
1761467398.270765,14516211168466667019,101198,1,26,18,53,5809,15,13,0,2387,7200,80,255,1
1761467399.7656183,14516211168466667019,101229,1,26,18,53,5809,15,13,0,2385,7200,80,255,1
1761467401.2597523,14516211168466667019,101260,1,26,18,53,5809,15,13,0,2384,7200,80,255,1
1761467402.2644928,14516211168466667019,101283,1,26,18,53,5809,15,13,0,2383,7200,80,255,1
1761467403.7598124,14516211168466667019,101315,1,26,18,53,5809,15,13,0,2381,7200,80,255,1
1761467404.7711732,14516211168466667019,101337,1,26,18,53,5809,15,13,0,2380,7200,80,255,1
1761467406.267663,14516211168466667019,101368,1,26,18,53,5809,15,13,0,2379,7200,80,255,1
1761467407.2685983,14516211168466667019,101389,1,26,18,53,5809,15,13,0,2378,7200,80,255,1
1761467408.7656798,14516211168466667019,101421,1,26,18,53,5809,15,13,0,2376,7200,80,255,1
1761467410.2731955,14516211168466667019,101453,1,26,18,53,5809,15,13,0,2375,7200,80,255,1
1761467411.7654667,14516211168466667019,101484,1,26,18,53,5809,15,13,0,2373,7200,80,255,1
1761467412.7672114,14516211168466667019,101504,1,26,18,53,5809,15,13,0,2372,7200,80,255,1
1761467414.2742393,14516211168466667019,101534,1,26,18,53,5809,15,13,0,2371,7200,80,255,1
1761467415.274315,14516211168466667019,101554,1,26,18,53,5809,15,13,0,2370,7200,80,255,1
1761467416.7676919,14516211168466667019,101587,1,26,18,53,5809,15,13,0,2368,7200,80,255,1
1761467417.7707345,14516211168466667019,101608,1,26,18,53,5809,15,13,0,2367,7200,80,255,1
1761467419.2673998,14516211168466667019,101640,1,26,18,53,5809,15,13,0,2366,7200,80,255,1
1761467420.7764652,14516211168466667019,101671,1,26,18,53,5809,15,13,0,2364,7200,80,255,1
1761467422.271097,14516211168466667019,101703,1,26,18,53,5809,15,13,0,2363,7200,80,255,1
1761467423.76207,14516211168466667019,101734,1,26,18,53,5809,15,13,0,2361,7200,80,255,1
1761467425.2631903,14516211168466667019,101766,1,26,18,53,5809,15,13,0,2360,7200,80,255,1
1761467426.264376,14516211168466667019,101786,1,26,18,53,5809,15,13,0,2359,7200,80,255,1
1761467427.2665606,14516211168466667019,101808,1,26,18,53,5809,15,13,0,2358,7200,80,255,1
1761467428.7731047,14516211168466667019,101839,1,26,18,53,5809,15,13,0,2356,7200,80,255,1
1761467429.7754142,14516211168466667019,101859,1,26,18,53,5809,15,13,0,2355,7200,80,255,1
1761467431.2629533,14516211168466667019,101891,1,26,18,53,5809,15,13,0,2354,7200,80,255,1
1761467432.2667358,14516211168466667019,101912,1,26,18,53,5809,15,13,0,2353,7200,80,255,1
1761467433.7656686,14516211168466667019,101942,1,26,18,53,5809,15,13,0,2351,7200,80,255,1
1761467435.273338,14516211168466667019,101973,1,26,18,53,5809,15,13,0,2350,7200,80,255,1
1761467436.7727406,14516211168466667019,102006,1,26,18,53,5809,15,13,0,2348,7200,80,255,1
1761467437.7731013,14516211168466667019,102027,1,26,18,53,5809,15,13,0,2347,7200,80,255,1
1761467439.267356,14516211168466667019,102057,1,26,18,53,5809,15,13,0,2346,7200,80,255,1
1761467440.7686672,14516211168466667019,102089,1,26,18,53,5809,15,13,0,2344,7200,80,255,1
1761467442.2698827,14516211168466667019,102122,1,26,18,53,5809,15,13,0,2343,7200,80,255,1
1761467443.7612298,14516211168466667019,102155,1,26,18,53,5809,15,13,0,2341,7200,80,255,1
1761467445.268567,14516211168466667019,102190,1,26,17,53,5809,15,13,0,2340,7200,80,255,1
1761467446.7610483,14516211168466667019,102221,1,26,17,53,5809,15,13,0,2338,7200,80,255,1
1761467447.764251,14516211168466667019,102242,1,26,17,53,5809,15,13,0,2337,7200,80,255,1
1761467448.7666516,14516211168466667019,102263,1,26,17,53,5809,15,13,0,2336,7200,80,255,1
1761467449.7709374,14516211168466667019,102284,1,26,17,53,5809,15,13,0,2335,7200,80,255,1
1761467451.2630353,14516211168466667019,102315,1,26,17,53,5809,15,13,0,2334,7200,80,255,1
1761467452.2687547,14516211168466667019,102336,1,26,17,53,5809,15,13,0,2333,7200,80,255,1
1761467453.2723565,14516211168466667019,102357,1,26,17,53,5809,15,13,0,2332,7200,80,255,1
1761467454.7635853,14516211168466667019,102389,1,26,17,53,5809,15,13,0,2330,7200,80,255,1
1761467455.7728662,14516211168466667019,102411,1,26,17,53,5809,15,13,0,2329,7200,80,255,1
1761467457.274344,14516211168466667019,102444,1,26,17,53,5809,15,13,0,2328,7200,80,255,1
1761467458.7687683,14516211168466667019,102476,1,26,17,53,5809,15,13,0,2326,7200,80,255,1
1761467459.7707806,14516211168466667019,102499,1,26,17,53,5809,15,13,0,2325,7200,80,255,1
1761467461.2756052,14516211168466667019,102531,1,26,17,53,5809,15,13,0,2324,7200,80,255,1
1761467462.7700086,14516211168466667019,102565,1,25,17,53,5809,15,13,0,2322,7200,80,255,1
1761467464.2645645,14516211168466667019,102599,1,25,17,53,5809,15,13,0,2321,7200,80,255,1
1761467465.269778,14516211168466667019,102623,1,25,17,53,5809,15,13,0,2320,7200,80,255,1
1761467466.7630198,14516211168466667019,102659,1,25,17,53,5809,15,13,0,2318,7200,80,255,1
1761467468.270066,14516211168466667019,102695,1,25,17,53,5809,15,13,0,2317,7200,80,255,1
1761467469.2720768,14516211168466667019,102720,1,25,17,53,5809,15,13,0,2316,7200,80,255,1
1761467470.2722244,14516211168466667019,102740,1,25,17,53,5809,15,13,0,2315,7200,80,255,1
1761467471.768662,14516211168466667019,102771,1,25,17,53,5809,15,13,0,2313,7200,80,255,1
1761467472.7714505,14516211168466667019,102795,1,25,17,53,5809,15,13,0,2312,7200,80,255,1
1761467474.271057,14516211168466667019,102831,1,25,17,53,5809,15,13,0,2311,7200,80,255,1
1761467475.7664075,14516211168466667019,102863,1,25,17,53,5809,15,13,0,2309,7200,80,255,1
1761467476.7725818,14516211168466667019,102885,1,25,17,53,5809,15,13,0,2308,7200,80,255,1
1761467478.2705672,14516211168466667019,102917,1,25,17,53,5809,15,13,0,2307,7200,80,255,1
1761467479.760518,14516211168466667019,102954,1,25,17,53,5809,15,13,0,2305,7200,80,255,1
1761467480.7620218,14516211168466667019,102979,1,25,17,53,5809,15,13,0,2304,7200,80,255,1
1761467481.7665246,14516211168466667019,103005,1,25,17,53,5809,15,13,0,2303,7200,80,255,1
1761467482.7671986,14516211168466667019,103026,1,25,17,53,5809,15,13,0,2302,7200,80,255,1
1761467484.2754478,14516211168466667019,103059,1,25,17,53,5809,15,13,0,2301,7200,80,255,1
1761467485.7699716,14516211168466667019,103093,1,25,17,53,5809,15,13,0,2299,7200,80,255,1
1761467487.2748792,14516211168466667019,103125,1,25,17,53,5809,15,13,0,2298,7200,80,255,1
1761467488.7722373,14516211168466667019,103156,1,25,17,53,5809,15,13,0,2296,7200,80,255,1
1761467490.2678142,14516211168466667019,103188,1,25,17,53,5809,15,13,0,2295,7200,80,255,1
1761467491.7740998,14516211168466667019,103223,1,25,17,53,5809,15,13,0,2293,7200,80,255,1
1761467493.2681887,14516211168466667019,103255,1,25,17,53,5809,15,13,0,2292,7200,80,255,1
1761467494.7706635,14516211168466667019,103286,1,25,17,53,5809,15,13,0,2290,7200,80,255,1
1761467495.7716494,14516211168466667019,103307,1,25,17,53,5809,15,13,0,2289,7200,80,255,1
1761467497.2720752,14516211168466667019,103340,1,25,17,53,5809,15,13,0,2288,7200,80,255,1
1761467498.762524,14516211168466667019,103376,1,25,17,53,5809,15,13,0,2286,7200,80,255,1
1761467500.2711484,14516211168466667019,103410,1,25,17,53,5809,15,13,0,2285,7200,80,255,1
1761467501.271549,14516211168466667019,103435,1,25,17,53,5809,15,13,0,2284,7200,80,255,1
1761467502.2728486,14516211168466667019,103456,1,25,17,53,5809,15,13,0,2283,7200,80,255,1
1761467503.7615,14516211168466667019,103489,1,25,17,53,5809,15,13,0,2281,7200,80,255,1
1761467504.7629614,14516211168466667019,103513,1,25,17,53,5809,15,13,0,2280,7200,80,255,1
1761467506.271603,14516211168466667019,103547,1,25,17,53,5809,15,13,0,2279,7200,80,255,1
1761467507.2744374,14516211168466667019,103568,1,25,17,53,5809,15,13,0,2278,7200,80,255,1
1761467508.7657712,14516211168466667019,103598,1,25,17,53,5809,15,13,0,2276,7200,80,255,1
1761467509.769366,14516211168466667019,103619,1,25,17,53,5809,15,13,0,2275,7200,80,255,1
1761467510.7741451,14516211168466667019,103643,1,25,17,53,5809,15,13,0,2274,7200,80,255,1
1761467512.2699277,14516211168466667019,103676,1,25,17,53,5809,15,13,0,2273,7200,80,255,1
1761467513.2702475,14516211168466667019,103699,1,25,17,53,5809,15,13,0,2272,7200,80,255,1
1761467514.7606475,14516211168466667019,103735,1,25,17,53,5809,15,13,0,2270,7200,80,255,1
1761467515.7607694,14516211168466667019,103757,1,25,17,53,5809,15,13,0,2269,7200,80,255,1
1761467516.7628644,14516211168466667019,103781,1,25,17,53,5809,15,13,0,2268,7200,80,255,1
1761467517.7654483,14516211168466667019,103803,1,25,17,53,5809,15,13,0,2267,7200,80,255,1
1761467518.7698689,14516211168466667019,103826,1,25,17,53,5809,15,13,0,2266,7200,80,255,1
1761467519.770915,14516211168466667019,103849,1,25,17,53,5809,15,13,0,2265,7200,80,255,1
1761467521.262329,14516211168466667019,103882,1,25,17,53,5809,15,13,0,2264,7200,80,255,1
1761467522.2656512,14516211168466667019,103904,1,25,17,53,5809,15,13,0,2263,7200,80,255,1
1761467523.2691934,14516211168466667019,103925,1,25,17,53,5809,15,13,0,2262,7200,80,255,1
1761467524.269402,14516211168466667019,103950,1,25,17,53,5809,15,13,0,2261,7200,80,255,1
1761467525.2711167,14516211168466667019,103974,1,25,17,53,5809,15,13,0,2260,7200,80,255,1
1761467526.768539,14516211168466667019,104008,1,25,17,53,5809,15,13,0,2258,7200,80,255,1
1761467527.7729328,14516211168466667019,104029,1,25,17,53,5809,15,13,0,2257,7200,80,255,1
1761467528.7730079,14516211168466667019,104049,1,25,17,53,5809,15,13,0,2256,7200,80,255,1
1761467529.7733107,14516211168466667019,104069,1,25,17,53,5809,15,13,0,2255,7200,80,255,1
1761467531.2656074,14516211168466667019,104100,1,25,17,53,5809,15,13,0,2254,7200,80,255,1
1761467532.7605896,14516211168466667019,104133,1,25,17,53,5809,15,13,0,2252,7200,80,255,1
1761467533.7612572,14516211168466667019,104154,1,25,17,53,5809,15,13,0,2251,7200,80,255,1
1761467535.2702382,14516211168466667019,104190,1,25,17,53,5809,15,13,0,2250,7200,80,255,1
1761467536.2723944,14516211168466667019,104211,1,25,17,53,5809,15,13,0,179,7200,80,255,1
1761467537.7634878,14516211168466667019,104243,1,25,17,53,5809,15,13,0,178,7200,80,255,1
1761467538.7658057,14516211168466667019,104264,1,25,17,53,5809,15,13,0,177,7200,80,255,1
1761467539.7762926,14516211168466667019,104285,1,25,17,53,5809,15,13,0,176,7200,80,255,1
1761467541.2725627,14516211168466667019,104318,1,25,17,53,5809,15,13,0,174,7200,80,255,1
1761467542.775246,14516211168466667019,104350,1,25,17,53,5809,15,13,0,173,7200,80,255,1
1761467544.260753,14516211168466667019,104382,1,25,17,53,5809,15,13,0,171,7200,80,255,1
1761467545.273227,14516211168466667019,104404,1,25,17,53,5809,15,13,0,170,7200,80,255,1
1761467546.7652495,14516211168466667019,104436,1,25,17,53,5809,15,13,0,169,7200,80,255,1
1761467547.7692814,14516211168466667019,104456,1,25,17,53,5809,15,13,0,168,7200,80,255,1
1761467549.2710698,14516211168466667019,104490,1,25,17,53,5809,15,13,0,166,7200,80,255,1
1761467550.7697086,14516211168466667019,104523,1,25,17,53,5809,15,13,0,165,7200,80,255,1
1761467552.269807,14516211168466667019,104558,1,25,17,53,5809,15,13,0,163,7200,80,255,1
1761467553.2707095,14516211168466667019,104580,1,25,17,53,5809,15,13,0,162,7200,80,255,1
1761467554.775459,14516211168466667019,104611,1,25,17,53,5809,15,13,0,161,7200,80,255,1
1761467556.2718232,14516211168466667019,104642,1,25,17,53,5809,15,13,0,159,7200,80,255,1
1761467557.7673664,14516211168466667019,104674,1,25,17,53,5809,15,13,0,158,7200,80,255,1
1761467558.7693293,14516211168466667019,104697,1,25,17,53,5809,15,13,0,157,7200,80,255,1
1761467560.2693863,14516211168466667019,104729,1,25,17,53,5809,15,13,0,155,7200,80,255,1
1761467561.2715366,14516211168466667019,104750,1,25,17,53,5809,15,13,0,154,7200,80,255,1
1761467562.7715464,14516211168466667019,104782,1,25,17,53,5809,15,13,0,153,7200,80,255,1
1761467563.774026,14516211168466667019,104802,1,25,17,53,5809,15,13,0,152,7200,80,255,1
1761467565.268307,14516211168466667019,104835,1,25,17,53,5809,15,13,0,150,7200,80,255,1
1761467566.2723515,14516211168466667019,104857,1,25,17,53,5809,15,13,0,149,7200,80,255,1
1761467567.7629323,14516211168466667019,104890,1,25,17,53,5809,15,13,0,148,7200,80,255,1
1761467568.7707493,14516211168466667019,104912,1,25,17,53,5809,15,13,0,147,7200,80,255,1
1761467570.2643304,14516211168466667019,104942,1,25,17,53,5809,15,13,0,145,7200,80,255,1
1761467571.2686317,14516211168466667019,104962,1,25,17,53,5809,15,13,0,144,7200,80,255,1
1761467572.2707512,14516211168466667019,104984,1,25,17,53,5809,15,13,0,143,7200,80,255,1
1761467573.2721572,14516211168466667019,105007,1,25,17,53,5809,15,13,0,142,7200,80,255,1
1761467574.7643423,14516211168466667019,105037,1,25,17,53,5809,15,13,0,141,7200,80,255,1
1761467576.2734702,14516211168466667019,105068,1,25,17,53,5809,15,13,0,139,7200,80,255,1
1761467577.7608356,14516211168466667019,105099,1,25,17,53,5809,15,13,0,138,7200,80,255,1
1761467578.7742848,14516211168466667019,105121,1,25,17,53,5809,15,13,0,137,7200,80,255,1
1761467579.7755103,14516211168466667019,105141,1,25,17,53,5809,15,13,0,136,7200,80,255,1
1761467581.26421,14516211168466667019,105171,1,25,17,53,5809,15,13,0,134,7200,80,255,1
1761467582.270835,14516211168466667019,105193,1,25,17,53,5809,15,13,0,133,7200,80,255,1
1761467583.7703395,14516211168466667019,105229,1,25,17,53,5809,15,13,0,132,7200,80,255,1
1761467584.7718565,14516211168466667019,105254,1,25,17,53,5809,15,13,0,131,7200,80,255,1
1761467585.7741866,14516211168466667019,105275,1,25,17,53,5809,15,13,0,130,7200,80,255,1
1761467586.7851126,14516211168466667019,105296,1,25,17,53,5809,15,13,0,129,7200,80,255,1
1761467588.2696445,14516211168466667019,105329,1,25,17,53,5809,15,13,0,127,7200,80,255,1
1761467589.2707603,14516211168466667019,105354,1,25,17,53,5809,15,13,0,126,7200,80,255,1
1761467590.7644336,14516211168466667019,105386,1,25,17,53,5809,15,13,0,125,7200,80,255,1
1761467591.7654157,14516211168466667019,105407,1,25,17,53,5809,15,13,0,124,7200,80,255,1
1761467592.7713609,14516211168466667019,105430,1,25,17,53,5809,15,13,0,123,7200,80,255,1
1761467593.774994,14516211168466667019,105450,1,25,17,53,5809,15,13,0,122,7200,80,255,1
1761467595.2663345,14516211168466667019,105480,1,25,17,53,5809,15,13,0,120,7200,80,255,1
1761467596.268789,14516211168466667019,105502,1,25,17,53,5809,15,13,0,119,7200,80,255,1
1761467597.2751899,14516211168466667019,105526,1,25,17,53,5809,15,13,0,118,7200,80,255,1
1761467598.7697673,14516211168466667019,105559,1,25,17,53,5809,15,13,0,117,7200,80,255,1
1761467600.2641404,14516211168466667019,105591,1,25,17,53,5809,15,13,0,115,7200,80,255,1
1761467601.26559,14516211168466667019,105611,1,25,17,53,5809,15,13,0,114,7200,80,255,1
1761467602.2704413,14516211168466667019,105635,1,25,17,53,5809,15,13,0,113,7200,80,255,1
1761467603.2721179,14516211168466667019,105655,1,25,17,53,5809,15,13,0,112,7200,80,255,1
1761467604.773985,14516211168466667019,105688,1,25,17,53,5809,15,13,0,111,7200,80,255,1
1761467606.2726552,14516211168466667019,105720,1,25,17,53,5809,15,13,0,109,7200,80,255,1
1761467607.7654073,14516211168466667019,105752,1,25,17,53,5809,15,13,0,108,7200,80,255,1
1761467608.7662315,14516211168466667019,105772,1,25,17,53,5809,15,13,0,107,7200,80,255,1
1761467609.7670026,14516211168466667019,105793,1,25,17,53,5809,15,13,0,106,7200,80,255,1
1761467610.769783,14516211168466667019,105814,1,25,17,53,5809,15,13,0,105,7200,80,255,1
1761467611.7715032,14516211168466667019,105838,1,25,17,53,5809,15,13,0,104,7200,80,255,1
1761467613.2693045,14516211168466667019,105873,1,25,17,53,5809,15,13,0,102,7200,80,255,1
1761467614.2702842,14516211168466667019,105896,1,25,17,53,5809,15,13,0,101,7200,80,255,1
1761467615.2732944,14516211168466667019,105917,1,25,17,53,5809,15,13,0,100,7200,80,255,1
1761467616.7652273,14516211168466667019,105950,1,25,17,53,5809,15,13,0,99,7200,80,255,1
1761467617.771538,14516211168466667019,105970,1,25,17,53,5809,15,13,0,98,7200,80,255,1
1761467618.7720013,14516211168466667019,105991,1,25,17,53,5809,15,13,0,97,7200,80,255,1
1761467620.2670672,14516211168466667019,106022,1,25,17,53,5809,15,13,0,95,7200,80,255,1
1761467621.2714205,14516211168466667019,106045,1,25,17,53,5809,15,13,0,94,7200,80,255,1
1761467622.7692635,14516211168466667019,106080,1,25,17,53,5809,15,13,0,93,7200,80,255,1
1761467623.7714841,14516211168466667019,106101,1,25,17,53,5809,15,13,0,92,7200,80,255,1
1761467625.2653804,14516211168466667019,106132,1,25,17,53,5809,15,13,0,90,7200,80,255,1
1761467626.2664733,14516211168466667019,106152,1,25,17,53,5809,15,13,0,89,7200,80,255,1
1761467627.7609012,14516211168466667019,106184,1,25,17,53,5809,15,13,0,88,7200,80,255,1
1761467628.763756,14516211168466667019,106207,1,25,17,53,5809,15,13,0,87,7200,80,255,1
1761467629.7645583,14516211168466667019,106228,1,25,17,53,5809,15,13,0,86,7200,80,255,1
1761467630.7671916,14516211168466667019,106249,1,25,17,53,5809,15,13,0,85,7200,80,255,1
1761467631.76973,14516211168466667019,106273,1,25,17,53,5809,15,13,0,84,7200,80,255,1
1761467633.2671382,14516211168466667019,106305,1,25,17,53,5809,15,13,0,82,7200,80,255,1
1761467634.271773,14516211168466667019,106328,1,25,17,53,5809,15,13,0,81,7200,80,255,1
1761467635.7715747,14516211168466667019,106360,1,25,17,53,5809,15,13,0,80,7200,80,255,1
1761467636.773185,14516211168466667019,106381,1,25,17,53,5809,15,13,0,79,7200,80,255,1
1761467638.2732553,14516211168466667019,106412,1,25,17,53,5809,15,13,0,77,7200,80,255,1
1761467639.7740912,14516211168466667019,106442,1,25,17,53,5809,15,13,0,76,7200,80,255,1
1761467640.7746043,14516211168466667019,106462,1,25,17,53,5809,15,13,0,75,7200,80,255,1
1761467642.2694187,14516211168466667019,106497,1,25,17,53,5809,15,13,0,73,7200,80,255,1
1761467643.2722611,14516211168466667019,106518,1,25,17,53,5809,15,13,0,72,7200,80,255,1
1761467644.7652571,14516211168466667019,106549,1,25,17,53,5809,15,13,0,71,7200,80,255,1
1761467645.7664952,14516211168466667019,106570,1,25,17,53,5809,15,13,0,70,7200,80,255,1
1761467646.7671106,14516211168466667019,106592,1,25,17,53,5809,15,13,0,69,7200,80,255,1
1761467647.7708461,14516211168466667019,106614,1,25,17,53,5809,15,13,0,68,7200,80,255,1
1761467648.771652,14516211168466667019,106635,1,25,17,53,5809,15,13,0,67,7200,80,255,1
1761467649.7721727,14516211168466667019,106657,1,25,17,53,5809,15,13,0,66,7200,80,255,1
1761467650.7750688,14516211168466667019,106678,1,25,17,53,5809,15,13,0,65,7200,80,255,1
1761467652.2694845,14516211168466667019,106711,1,25,17,53,5809,15,13,0,63,7200,80,255,1
1761467653.2703714,14516211168466667019,106733,1,25,17,53,5809,15,13,0,62,7200,80,255,1
1761467654.2709365,14516211168466667019,106755,1,25,17,53,5809,15,13,0,61,7200,80,255,1
1761467655.7643497,14516211168466667019,106786,1,25,17,53,5809,15,13,0,60,7200,80,255,1
1761467656.7750454,14516211168466667019,106807,1,25,17,53,5809,15,13,0,59,7200,80,255,1
1761467658.2712278,14516211168466667019,106839,1,25,17,53,5809,15,13,0,57,7200,80,255,1
1761467659.7718515,14516211168466667019,106873,1,25,17,53,5809,15,13,0,56,7200,80,255,1
1761467661.2608652,14516211168466667019,106907,1,25,17,53,5809,15,13,0,54,7200,80,255,1
1761467662.2642562,14516211168466667019,106932,1,25,17,53,5809,15,13,0,53,7200,80,255,1
1761467663.2661238,14516211168466667019,106952,1,25,17,53,5809,15,13,0,52,7200,80,255,1
1761467664.2674506,14516211168466667019,106973,1,25,17,53,5809,15,13,0,51,7200,80,255,1
1761467665.7706685,14516211168466667019,107003,1,25,17,53,5809,15,13,0,50,7200,80,255,1
1761467666.7711375,14516211168466667019,107024,1,25,17,53,5809,15,13,0,49,7200,80,255,1
1761467668.2711914,14516211168466667019,107057,1,25,17,53,5809,15,13,0,47,7200,80,255,1
1761467669.275801,14516211168466667019,107077,1,25,17,53,5809,15,13,0,46,7200,80,255,1
1761467670.7670643,14516211168466667019,107107,1,25,17,53,5809,15,13,0,45,7200,80,255,1
1761467671.7682755,14516211168466667019,107130,1,25,17,53,5809,15,13,0,44,7200,80,255,1
1761467673.2682436,14516211168466667019,107161,1,25,17,53,5809,15,13,0,42,7200,80,255,1
1761467674.2726464,14516211168466667019,107182,1,25,17,53,5809,15,13,0,41,7200,80,255,1
1761467675.76631,14516211168466667019,107212,1,25,17,53,5809,15,13,0,40,7200,80,255,1
1761467676.7679505,14516211168466667019,107233,1,25,17,53,5809,15,13,0,39,7200,80,255,1
1761467677.7739713,14516211168466667019,107253,1,25,17,53,5809,15,13,0,38,7200,80,255,1
1761467678.7741914,14516211168466667019,107274,1,25,17,53,5809,15,13,0,37,7200,80,255,1
1761467680.267025,14516211168466667019,107308,1,25,17,53,5809,15,13,0,35,7200,80,255,1
1761467681.2699342,14516211168466667019,107333,1,25,17,53,5809,15,13,0,34,7200,80,255,1
1761467682.7685375,14516211168466667019,107369,1,25,17,53,5809,15,13,0,33,7200,80,255,1
1761467683.7730029,14516211168466667019,107394,1,25,17,53,5809,15,13,0,32,7200,80,255,1
1761467685.2642496,14516211168466667019,107429,1,25,17,53,5809,15,13,0,30,7200,80,255,1
1761467686.772326,14516211168466667019,107462,1,25,17,53,5809,15,13,0,29,7200,80,255,1
1761467687.772566,14516211168466667019,107483,1,25,17,53,5809,15,13,0,28,7200,80,255,1
1761467689.2672598,14516211168466667019,107516,1,25,17,53,5809,15,13,0,26,7200,80,255,1
1761467690.2673345,14516211168466667019,107537,1,25,17,53,5809,15,13,0,25,7200,80,255,1
1761467691.7743173,14516211168466667019,107568,1,25,17,53,5809,15,13,0,24,7200,80,255,1
1761467693.2726045,14516211168466667019,107599,1,25,17,53,5809,15,13,0,22,7200,80,255,1
1761467694.7641206,14516211168466667019,107629,1,25,17,53,5809,15,13,0,21,7200,80,255,1
1761467695.7650864,14516211168466667019,107650,1,25,17,53,5809,15,13,0,20,7200,80,255,1
1761467696.7659986,14516211168466667019,107671,1,25,17,53,5809,15,13,0,19,7200,80,255,1
1761467697.7673619,14516211168466667019,107694,1,25,17,53,5809,15,13,0,18,7200,80,255,1
1761467698.7712162,14516211168466667019,107718,1,25,17,53,5809,15,13,0,17,7200,80,255,1
1761467700.2623262,14516211168466667019,107752,1,25,17,53,5809,15,13,0,15,7200,80,255,1
1761467701.2653015,14516211168466667019,107774,1,25,17,53,5809,15,13,0,14,7200,80,255,1
1761467702.268458,14516211168466667019,107797,1,25,17,53,5809,15,13,0,13,7200,80,255,1
1761467703.268548,14516211168466667019,107822,1,25,17,53,5809,15,13,0,12,7200,80,255,1
1761467704.271687,14516211168466667019,107843,1,25,17,53,5809,15,13,0,11,7200,80,255,1
1761467705.272342,14516211168466667019,107863,1,25,17,53,5809,15,13,0,10,7200,80,255,1
1761467706.2740579,14516211168466667019,107883,1,25,17,53,5809,15,13,0,9,7200,80,255,1
1761467707.7702057,14516211168466667019,107915,1,25,17,53,5809,15,13,0,8,7200,80,255,1
1761467708.7742445,14516211168466667019,107936,1,25,17,53,5809,15,13,0,7,7200,80,255,1
1761467710.2682438,14516211168466667019,107968,1,25,17,53,5809,15,13,0,5,7200,80,255,1
1761467711.26938,14516211168466667019,107990,1,25,17,53,5809,15,13,0,4,7200,80,255,1
1761467712.7692266,14516211168466667019,108025,1,25,17,53,5809,15,13,0,3,7200,80,255,1
1761467713.7692778,14516211168466667019,108047,1,25,17,53,5809,15,13,0,2,7200,80,255,1
1761467714.7712138,14516211168466667019,108069,1,25,17,53,5809,15,13,0,1,7200,80,255,1
1761467715.7727447,14516211168466667019,108089,1,25,17,53,5809,15,13,0,0,7200,80,255,1
