timestamp,session_uid,frame,car_index,position,num_laps,grid_position,points,num_pit_stops,result_status,result_reason,best_lap_time_ms,total_race_time,penalties_time,num_penalties,num_tyre_stints
1762843305.7305412,9500912255140419907,0,0,6,53,3,8,3,3,2,90011,4970.03515625,0,0,4
1762843305.7305412,9500912255140419907,0,1,8,53,15,4,2,3,2,90814,4997.806640625,0,0,3
1762843305.7305412,9500912255140419907,0,2,2,53,8,18,2,3,2,90669,4958.658203125,0,0,3
1762843305.7305412,9500912255140419907,0,3,10,53,10,1,2,3,2,91770,5003.53955078125,0,0,3
1762843305.7305412,9500912255140419907,0,4,16,53,16,0,3,3,2,91522,5031.4423828125,0,0,4
1762843305.7305412,9500912255140419907,0,5,3,53,2,15,2,3,2,91151,4959.40625,0,0,3
1762843305.7305412,9500912255140419907,0,6,19,52,11,0,3,3,2,93277,4999.85693359375,0,0,4
1762843305.7305412,9500912255140419907,0,7,18,52,12,0,2,3,2,93054,4959.05908203125,0,0,3
1762843305.7305412,9500912255140419907,0,8,17,53,19,0,3,3,2,91622,5047.9638671875,0,0,4
1762843305.7305412,9500912255140419907,0,9,11,53,4,0,3,3,2,91281,5007.185546875,0,0,4
1762843305.7305412,9500912255140419907,0,10,4,53,7,12,2,3,2,90719,4966.5361328125,0,0,3
1762843305.7305412,9500912255140419907,0,11,5,53,1,10,2,3,2,91333,4969.7158203125,0,0,3
1762843305.7305412,9500912255140419907,0,12,12,53,17,0,2,3,2,91510,5019.326171875,0,0,3
1762843305.7305412,9500912255140419907,0,13,7,53,5,6,2,3,2,91317,4975.64599609375,0,0,3
1762843305.7305412,9500912255140419907,0,14,9,53,13,2,2,3,2,91781,5001.9296875,0,0,3
1762843305.7305412,9500912255140419907,0,15,14,53,18,0,2,3,2,91628,5026.0283203125,0,0,3
1762843305.7305412,9500912255140419907,0,16,13,53,14,0,2,3,2,92449,5025.66015625,0,0,3
1762843305.7305412,9500912255140419907,0,17,1,53,6,25,2,3,2,90593,4956.45703125,0,0,3
1762843305.7305412,9500912255140419907,0,18,15,53,9,0,3,3,2,91175,5028.9296875,0,0,4
1762843305.7305412,9500912255140419907,0,19,20,0,20,0,0,4,1,0,5136.519262569025,0,0,1
1762843305.7305412,9500912255140419907,0,20,0,0,0,0,0,0,0,0,0.0,0,0,0
1762843305.7305412,9500912255140419907,0,21,0,0,0,0,0,0,0,0,0.0,0,0,0
1762843310.7416449,9500912255140419907,0,0,6,53,3,8,3,3,2,90011,4970.03515625,0,0,4
1762843310.7416449,9500912255140419907,0,1,8,53,15,4,2,3,2,90814,4997.806640625,0,0,3
1762843310.7416449,9500912255140419907,0,2,2,53,8,18,2,3,2,90669,4958.658203125,0,0,3
1762843310.7416449,9500912255140419907,0,3,10,53,10,1,2,3,2,91770,5003.53955078125,0,0,3
1762843310.7416449,9500912255140419907,0,4,16,53,16,0,3,3,2,91522,5031.4423828125,0,0,4
1762843310.7416449,9500912255140419907,0,5,3,53,2,15,2,3,2,91151,4959.40625,0,0,3
1762843310.7416449,9500912255140419907,0,6,19,52,11,0,3,3,2,93277,4999.85693359375,0,0,4
1762843310.7416449,9500912255140419907,0,7,18,52,12,0,2,3,2,93054,4959.05908203125,0,0,3
1762843310.7416449,9500912255140419907,0,8,17,53,19,0,3,3,2,91622,5047.9638671875,0,0,4
1762843310.7416449,9500912255140419907,0,9,11,53,4,0,3,3,2,91281,5007.185546875,0,0,4
1762843310.7416449,9500912255140419907,0,10,4,53,7,12,2,3,2,90719,4966.5361328125,0,0,3
1762843310.7416449,9500912255140419907,0,11,5,53,1,10,2,3,2,91333,4969.7158203125,0,0,3
1762843310.7416449,9500912255140419907,0,12,12,53,17,0,2,3,2,91510,5019.326171875,0,0,3
1762843310.7416449,9500912255140419907,0,13,7,53,5,6,2,3,2,91317,4975.64599609375,0,0,3
1762843310.7416449,9500912255140419907,0,14,9,53,13,2,2,3,2,91781,5001.9296875,0,0,3
1762843310.7416449,9500912255140419907,0,15,14,53,18,0,2,3,2,91628,5026.0283203125,0,0,3
1762843310.7416449,9500912255140419907,0,16,13,53,14,0,2,3,2,92449,5025.66015625,0,0,3
1762843310.7416449,9500912255140419907,0,17,1,53,6,25,2,3,2,90593,4956.45703125,0,0,3
1762843310.7416449,9500912255140419907,0,18,15,53,9,0,3,3,2,91175,5028.9296875,0,0,4
1762843310.7416449,9500912255140419907,0,19,20,0,20,0,0,4,1,0,5136.519262569025,0,0,1
1762843310.7416449,9500912255140419907,0,20,0,0,0,0,0,0,0,0,0.0,0,0,0
1762843310.7416449,9500912255140419907,0,21,0,0,0,0,0,0,0,0,0.0,0,0,0
1762843315.7554095,9500912255140419907,0,0,6,53,3,8,3,3,2,90011,4970.03515625,0,0,4
1762843315.7554095,9500912255140419907,0,1,8,53,15,4,2,3,2,90814,4997.806640625,0,0,3
1762843315.7554095,9500912255140419907,0,2,2,53,8,18,2,3,2,90669,4958.658203125,0,0,3
1762843315.7554095,9500912255140419907,0,3,10,53,10,1,2,3,2,91770,5003.53955078125,0,0,3
1762843315.7554095,9500912255140419907,0,4,16,53,16,0,3,3,2,91522,5031.4423828125,0,0,4
1762843315.7554095,9500912255140419907,0,5,3,53,2,15,2,3,2,91151,4959.40625,0,0,3
1762843315.7554095,9500912255140419907,0,6,19,52,11,0,3,3,2,93277,4999.85693359375,0,0,4
1762843315.7554095,9500912255140419907,0,7,18,52,12,0,2,3,2,93054,4959.05908203125,0,0,3
1762843315.7554095,9500912255140419907,0,8,17,53,19,0,3,3,2,91622,5047.9638671875,0,0,4
1762843315.7554095,9500912255140419907,0,9,11,53,4,0,3,3,2,91281,5007.185546875,0,0,4
1762843315.7554095,9500912255140419907,0,10,4,53,7,12,2,3,2,90719,4966.5361328125,0,0,3
1762843315.7554095,9500912255140419907,0,11,5,53,1,10,2,3,2,91333,4969.7158203125,0,0,3
1762843315.7554095,9500912255140419907,0,12,12,53,17,0,2,3,2,91510,5019.326171875,0,0,3
1762843315.7554095,9500912255140419907,0,13,7,53,5,6,2,3,2,91317,4975.64599609375,0,0,3
1762843315.7554095,9500912255140419907,0,14,9,53,13,2,2,3,2,91781,5001.9296875,0,0,3
1762843315.7554095,9500912255140419907,0,15,14,53,18,0,2,3,2,91628,5026.0283203125,0,0,3
1762843315.7554095,9500912255140419907,0,16,13,53,14,0,2,3,2,92449,5025.66015625,0,0,3
1762843315.7554095,9500912255140419907,0,17,1,53,6,25,2,3,2,90593,4956.45703125,0,0,3
1762843315.7554095,9500912255140419907,0,18,15,53,9,0,3,3,2,91175,5028.9296875,0,0,4
1762843315.7554095,9500912255140419907,0,19,20,0,20,0,0,4,1,0,5136.519262569025,0,0,1
1762843315.7554095,9500912255140419907,0,20,0,0,0,0,0,0,0,0,0.0,0,0,0
1762843315.7554095,9500912255140419907,0,21,0,0,0,0,0,0,0,0,0.0,0,0,0
1762843320.7617943,9500912255140419907,0,0,6,53,3,8,3,3,2,90011,4970.03515625,0,0,4
1762843320.7617943,9500912255140419907,0,1,8,53,15,4,2,3,2,90814,4997.806640625,0,0,3
1762843320.7617943,9500912255140419907,0,2,2,53,8,18,2,3,2,90669,4958.658203125,0,0,3
1762843320.7617943,9500912255140419907,0,3,10,53,10,1,2,3,2,91770,5003.53955078125,0,0,3
1762843320.7617943,9500912255140419907,0,4,16,53,16,0,3,3,2,91522,5031.4423828125,0,0,4
1762843320.7617943,9500912255140419907,0,5,3,53,2,15,2,3,2,91151,4959.40625,0,0,3
1762843320.7617943,9500912255140419907,0,6,19,52,11,0,3,3,2,93277,4999.85693359375,0,0,4
1762843320.7617943,9500912255140419907,0,7,18,52,12,0,2,3,2,93054,4959.05908203125,0,0,3
1762843320.7617943,9500912255140419907,0,8,17,53,19,0,3,3,2,91622,5047.9638671875,0,0,4
1762843320.7617943,9500912255140419907,0,9,11,53,4,0,3,3,2,91281,5007.185546875,0,0,4
1762843320.7617943,9500912255140419907,0,10,4,53,7,12,2,3,2,90719,4966.5361328125,0,0,3
1762843320.7617943,9500912255140419907,0,11,5,53,1,10,2,3,2,91333,4969.7158203125,0,0,3
1762843320.7617943,9500912255140419907,0,12,12,53,17,0,2,3,2,91510,5019.326171875,0,0,3
1762843320.7617943,9500912255140419907,0,13,7,53,5,6,2,3,2,91317,4975.64599609375,0,0,3
1762843320.7617943,9500912255140419907,0,14,9,53,13,2,2,3,2,91781,5001.9296875,0,0,3
1762843320.7617943,9500912255140419907,0,15,14,53,18,0,2,3,2,91628,5026.0283203125,0,0,3
1762843320.7617943,9500912255140419907,0,16,13,53,14,0,2,3,2,92449,5025.66015625,0,0,3
1762843320.7617943,9500912255140419907,0,17,1,53,6,25,2,3,2,90593,4956.45703125,0,0,3
1762843320.7617943,9500912255140419907,0,18,15,53,9,0,3,3,2,91175,5028.9296875,0,0,4
1762843320.7617943,9500912255140419907,0,19,20,0,20,0,0,4,1,0,5136.519262569025,0,0,1
1762843320.7617943,9500912255140419907,0,20,0,0,0,0,0,0,0,0,0.0,0,0,0
1762843320.7617943,9500912255140419907,0,21,0,0,0,0,0,0,0,0,0.0,0,0,0
1762843325.7716188,9500912255140419907,0,0,6,53,3,8,3,3,2,90011,4970.03515625,0,0,4
1762843325.7716188,9500912255140419907,0,1,8,53,15,4,2,3,2,90814,4997.806640625,0,0,3
1762843325.7716188,9500912255140419907,0,2,2,53,8,18,2,3,2,90669,4958.658203125,0,0,3
1762843325.7716188,9500912255140419907,0,3,10,53,10,1,2,3,2,91770,5003.53955078125,0,0,3
1762843325.7716188,9500912255140419907,0,4,16,53,16,0,3,3,2,91522,5031.4423828125,0,0,4
1762843325.7716188,9500912255140419907,0,5,3,53,2,15,2,3,2,91151,4959.40625,0,0,3
1762843325.7716188,9500912255140419907,0,6,19,52,11,0,3,3,2,93277,4999.85693359375,0,0,4
1762843325.7716188,9500912255140419907,0,7,18,52,12,0,2,3,2,93054,4959.05908203125,0,0,3
1762843325.7716188,9500912255140419907,0,8,17,53,19,0,3,3,2,91622,5047.9638671875,0,0,4
1762843325.7716188,9500912255140419907,0,9,11,53,4,0,3,3,2,91281,5007.185546875,0,0,4
1762843325.7716188,9500912255140419907,0,10,4,53,7,12,2,3,2,90719,4966.5361328125,0,0,3
1762843325.7716188,9500912255140419907,0,11,5,53,1,10,2,3,2,91333,4969.7158203125,0,0,3
1762843325.7716188,9500912255140419907,0,12,12,53,17,0,2,3,2,91510,5019.326171875,0,0,3
1762843325.7716188,9500912255140419907,0,13,7,53,5,6,2,3,2,91317,4975.64599609375,0,0,3
1762843325.7716188,9500912255140419907,0,14,9,53,13,2,2,3,2,91781,5001.9296875,0,0,3
1762843325.7716188,9500912255140419907,0,15,14,53,18,0,2,3,2,91628,5026.0283203125,0,0,3
1762843325.7716188,9500912255140419907,0,16,13,53,14,0,2,3,2,92449,5025.66015625,0,0,3
1762843325.7716188,9500912255140419907,0,17,1,53,6,25,2,3,2,90593,4956.45703125,0,0,3
1762843325.7716188,9500912255140419907,0,18,15,53,9,0,3,3,2,91175,5028.9296875,0,0,4
1762843325.7716188,9500912255140419907,0,19,20,0,20,0,0,4,1,0,5136.519262569025,0,0,1
1762843325.7716188,9500912255140419907,0,20,0,0,0,0,0,0,0,0,0.0,0,0,0
1762843325.7716188,9500912255140419907,0,21,0,0,0,0,0,0,0,0,0.0,0,0,0
1762843330.7748682,9500912255140419907,0,0,6,53,3,8,3,3,2,90011,4970.03515625,0,0,4
1762843330.7748682,9500912255140419907,0,1,8,53,15,4,2,3,2,90814,4997.806640625,0,0,3
1762843330.7748682,9500912255140419907,0,2,2,53,8,18,2,3,2,90669,4958.658203125,0,0,3
1762843330.7748682,9500912255140419907,0,3,10,53,10,1,2,3,2,91770,5003.53955078125,0,0,3
1762843330.7748682,9500912255140419907,0,4,16,53,16,0,3,3,2,91522,5031.4423828125,0,0,4
1762843330.7748682,9500912255140419907,0,5,3,53,2,15,2,3,2,91151,4959.40625,0,0,3
1762843330.7748682,9500912255140419907,0,6,19,52,11,0,3,3,2,93277,4999.85693359375,0,0,4
1762843330.7748682,9500912255140419907,0,7,18,52,12,0,2,3,2,93054,4959.05908203125,0,0,3
1762843330.7748682,9500912255140419907,0,8,17,53,19,0,3,3,2,91622,5047.9638671875,0,0,4
1762843330.7748682,9500912255140419907,0,9,11,53,4,0,3,3,2,91281,5007.185546875,0,0,4
1762843330.7748682,9500912255140419907,0,10,4,53,7,12,2,3,2,90719,4966.5361328125,0,0,3
1762843330.7748682,9500912255140419907,0,11,5,53,1,10,2,3,2,91333,4969.7158203125,0,0,3
1762843330.7748682,9500912255140419907,0,12,12,53,17,0,2,3,2,91510,5019.326171875,0,0,3
1762843330.7748682,9500912255140419907,0,13,7,53,5,6,2,3,2,91317,4975.64599609375,0,0,3
1762843330.7748682,9500912255140419907,0,14,9,53,13,2,2,3,2,91781,5001.9296875,0,0,3
1762843330.7748682,9500912255140419907,0,15,14,53,18,0,2,3,2,91628,5026.0283203125,0,0,3
1762843330.7748682,9500912255140419907,0,16,13,53,14,0,2,3,2,92449,5025.66015625,0,0,3
1762843330.7748682,9500912255140419907,0,17,1,53,6,25,2,3,2,90593,4956.45703125,0,0,3
1762843330.7748682,9500912255140419907,0,18,15,53,9,0,3,3,2,91175,5028.9296875,0,0,4
1762843330.7748682,9500912255140419907,0,19,20,0,20,0,0,4,1,0,5136.519262569025,0,0,1
1762843330.7748682,9500912255140419907,0,20,0,0,0,0,0,0,0,0,0.0,0,0,0
1762843330.7748682,9500912255140419907,0,21,0,0,0,0,0,0,0,0,0.0,0,0,0
1762843335.7769418,9500912255140419907,0,0,6,53,3,8,3,3,2,90011,4970.03515625,0,0,4
1762843335.7769418,9500912255140419907,0,1,8,53,15,4,2,3,2,90814,4997.806640625,0,0,3
1762843335.7769418,9500912255140419907,0,2,2,53,8,18,2,3,2,90669,4958.658203125,0,0,3
1762843335.7769418,9500912255140419907,0,3,10,53,10,1,2,3,2,91770,5003.53955078125,0,0,3
1762843335.7769418,9500912255140419907,0,4,16,53,16,0,3,3,2,91522,5031.4423828125,0,0,4
1762843335.7769418,9500912255140419907,0,5,3,53,2,15,2,3,2,91151,4959.40625,0,0,3
1762843335.7769418,9500912255140419907,0,6,19,52,11,0,3,3,2,93277,4999.85693359375,0,0,4
1762843335.7769418,9500912255140419907,0,7,18,52,12,0,2,3,2,93054,4959.05908203125,0,0,3
1762843335.7769418,9500912255140419907,0,8,17,53,19,0,3,3,2,91622,5047.9638671875,0,0,4
1762843335.7769418,9500912255140419907,0,9,11,53,4,0,3,3,2,91281,5007.185546875,0,0,4
1762843335.7769418,9500912255140419907,0,10,4,53,7,12,2,3,2,90719,4966.5361328125,0,0,3
1762843335.7769418,9500912255140419907,0,11,5,53,1,10,2,3,2,91333,4969.7158203125,0,0,3
1762843335.7769418,9500912255140419907,0,12,12,53,17,0,2,3,2,91510,5019.326171875,0,0,3
1762843335.7769418,9500912255140419907,0,13,7,53,5,6,2,3,2,91317,4975.64599609375,0,0,3
1762843335.7769418,9500912255140419907,0,14,9,53,13,2,2,3,2,91781,5001.9296875,0,0,3
1762843335.7769418,9500912255140419907,0,15,14,53,18,0,2,3,2,91628,5026.0283203125,0,0,3
1762843335.7769418,9500912255140419907,0,16,13,53,14,0,2,3,2,92449,5025.66015625,0,0,3
1762843335.7769418,9500912255140419907,0,17,1,53,6,25,2,3,2,90593,4956.45703125,0,0,3
1762843335.7769418,9500912255140419907,0,18,15,53,9,0,3,3,2,91175,5028.9296875,0,0,4
1762843335.7769418,9500912255140419907,0,19,20,0,20,0,0,4,1,0,5136.519262569025,0,0,1
1762843335.7769418,9500912255140419907,0,20,0,0,0,0,0,0,0,0,0.0,0,0,0
1762843335.7769418,9500912255140419907,0,21,0,0,0,0,0,0,0,0,0.0,0,0,0
1762843340.785959,9500912255140419907,0,0,6,53,3,8,3,3,2,90011,4970.03515625,0,0,4
1762843340.785959,9500912255140419907,0,1,8,53,15,4,2,3,2,90814,4997.806640625,0,0,3
1762843340.785959,9500912255140419907,0,2,2,53,8,18,2,3,2,90669,4958.658203125,0,0,3
1762843340.785959,9500912255140419907,0,3,10,53,10,1,2,3,2,91770,5003.53955078125,0,0,3
1762843340.785959,9500912255140419907,0,4,16,53,16,0,3,3,2,91522,5031.4423828125,0,0,4
1762843340.785959,9500912255140419907,0,5,3,53,2,15,2,3,2,91151,4959.40625,0,0,3
1762843340.785959,9500912255140419907,0,6,19,52,11,0,3,3,2,93277,4999.85693359375,0,0,4
1762843340.785959,9500912255140419907,0,7,18,52,12,0,2,3,2,93054,4959.05908203125,0,0,3
1762843340.785959,9500912255140419907,0,8,17,53,19,0,3,3,2,91622,5047.9638671875,0,0,4
1762843340.785959,9500912255140419907,0,9,11,53,4,0,3,3,2,91281,5007.185546875,0,0,4
1762843340.785959,9500912255140419907,0,10,4,53,7,12,2,3,2,90719,4966.5361328125,0,0,3
1762843340.785959,9500912255140419907,0,11,5,53,1,10,2,3,2,91333,4969.7158203125,0,0,3
1762843340.785959,9500912255140419907,0,12,12,53,17,0,2,3,2,91510,5019.326171875,0,0,3
1762843340.785959,9500912255140419907,0,13,7,53,5,6,2,3,2,91317,4975.64599609375,0,0,3
1762843340.785959,9500912255140419907,0,14,9,53,13,2,2,3,2,91781,5001.9296875,0,0,3
1762843340.785959,9500912255140419907,0,15,14,53,18,0,2,3,2,91628,5026.0283203125,0,0,3
1762843340.785959,9500912255140419907,0,16,13,53,14,0,2,3,2,92449,5025.66015625,0,0,3
1762843340.785959,9500912255140419907,0,17,1,53,6,25,2,3,2,90593,4956.45703125,0,0,3
1762843340.785959,9500912255140419907,0,18,15,53,9,0,3,3,2,91175,5028.9296875,0,0,4
1762843340.785959,9500912255140419907,0,19,20,0,20,0,0,4,1,0,5136.519262569025,0,0,1
1762843340.785959,9500912255140419907,0,20,0,0,0,0,0,0,0,0,0.0,0,0,0
1762843340.785959,9500912255140419907,0,21,0,0,0,0,0,0,0,0,0.0,0,0,0
1762843345.8039415,9500912255140419907,0,0,6,53,3,8,3,3,2,90011,4970.03515625,0,0,4
1762843345.8039415,9500912255140419907,0,1,8,53,15,4,2,3,2,90814,4997.806640625,0,0,3
1762843345.8039415,9500912255140419907,0,2,2,53,8,18,2,3,2,90669,4958.658203125,0,0,3
1762843345.8039415,9500912255140419907,0,3,10,53,10,1,2,3,2,91770,5003.53955078125,0,0,3
1762843345.8039415,9500912255140419907,0,4,16,53,16,0,3,3,2,91522,5031.4423828125,0,0,4
1762843345.8039415,9500912255140419907,0,5,3,53,2,15,2,3,2,91151,4959.40625,0,0,3
1762843345.8039415,9500912255140419907,0,6,19,52,11,0,3,3,2,93277,4999.85693359375,0,0,4
1762843345.8039415,9500912255140419907,0,7,18,52,12,0,2,3,2,93054,4959.05908203125,0,0,3
1762843345.8039415,9500912255140419907,0,8,17,53,19,0,3,3,2,91622,5047.9638671875,0,0,4
1762843345.8039415,9500912255140419907,0,9,11,53,4,0,3,3,2,91281,5007.185546875,0,0,4
1762843345.8039415,9500912255140419907,0,10,4,53,7,12,2,3,2,90719,4966.5361328125,0,0,3
1762843345.8039415,9500912255140419907,0,11,5,53,1,10,2,3,2,91333,4969.7158203125,0,0,3
1762843345.8039415,9500912255140419907,0,12,12,53,17,0,2,3,2,91510,5019.326171875,0,0,3
1762843345.8039415,9500912255140419907,0,13,7,53,5,6,2,3,2,91317,4975.64599609375,0,0,3
1762843345.8039415,9500912255140419907,0,14,9,53,13,2,2,3,2,91781,5001.9296875,0,0,3
1762843345.8039415,9500912255140419907,0,15,14,53,18,0,2,3,2,91628,5026.0283203125,0,0,3
1762843345.8039415,9500912255140419907,0,16,13,53,14,0,2,3,2,92449,5025.66015625,0,0,3
1762843345.8039415,9500912255140419907,0,17,1,53,6,25,2,3,2,90593,4956.45703125,0,0,3
1762843345.8039415,9500912255140419907,0,18,15,53,9,0,3,3,2,91175,5028.9296875,0,0,4
1762843345.8039415,9500912255140419907,0,19,20,0,20,0,0,4,1,0,5136.519262569025,0,0,1
1762843345.8039415,9500912255140419907,0,20,0,0,0,0,0,0,0,0,0.0,0,0,0
1762843345.8039415,9500912255140419907,0,21,0,0,0,0,0,0,0,0,0.0,0,0,0
1762843350.80833,9500912255140419907,0,0,6,53,3,8,3,3,2,90011,4970.03515625,0,0,4
1762843350.80833,9500912255140419907,0,1,8,53,15,4,2,3,2,90814,4997.806640625,0,0,3
1762843350.80833,9500912255140419907,0,2,2,53,8,18,2,3,2,90669,4958.658203125,0,0,3
1762843350.80833,9500912255140419907,0,3,10,53,10,1,2,3,2,91770,5003.53955078125,0,0,3
1762843350.80833,9500912255140419907,0,4,16,53,16,0,3,3,2,91522,5031.4423828125,0,0,4
1762843350.80833,9500912255140419907,0,5,3,53,2,15,2,3,2,91151,4959.40625,0,0,3
1762843350.80833,9500912255140419907,0,6,19,52,11,0,3,3,2,93277,4999.85693359375,0,0,4
1762843350.80833,9500912255140419907,0,7,18,52,12,0,2,3,2,93054,4959.05908203125,0,0,3
1762843350.80833,9500912255140419907,0,8,17,53,19,0,3,3,2,91622,5047.9638671875,0,0,4
1762843350.80833,9500912255140419907,0,9,11,53,4,0,3,3,2,91281,5007.185546875,0,0,4
1762843350.80833,9500912255140419907,0,10,4,53,7,12,2,3,2,90719,4966.5361328125,0,0,3
1762843350.80833,9500912255140419907,0,11,5,53,1,10,2,3,2,91333,4969.7158203125,0,0,3
1762843350.80833,9500912255140419907,0,12,12,53,17,0,2,3,2,91510,5019.326171875,0,0,3
1762843350.80833,9500912255140419907,0,13,7,53,5,6,2,3,2,91317,4975.64599609375,0,0,3
1762843350.80833,9500912255140419907,0,14,9,53,13,2,2,3,2,91781,5001.9296875,0,0,3
1762843350.80833,9500912255140419907,0,15,14,53,18,0,2,3,2,91628,5026.0283203125,0,0,3
1762843350.80833,9500912255140419907,0,16,13,53,14,0,2,3,2,92449,5025.66015625,0,0,3
1762843350.80833,9500912255140419907,0,17,1,53,6,25,2,3,2,90593,4956.45703125,0,0,3
1762843350.80833,9500912255140419907,0,18,15,53,9,0,3,3,2,91175,5028.9296875,0,0,4
1762843350.80833,9500912255140419907,0,19,20,0,20,0,0,4,1,0,5136.519262569025,0,0,1
1762843350.80833,9500912255140419907,0,20,0,0,0,0,0,0,0,0,0.0,0,0,0
1762843350.80833,9500912255140419907,0,21,0,0,0,0,0,0,0,0,0.0,0,0,0
1762843355.823659,9500912255140419907,0,0,6,53,3,8,3,3,2,90011,4970.03515625,0,0,4
1762843355.823659,9500912255140419907,0,1,8,53,15,4,2,3,2,90814,4997.806640625,0,0,3
1762843355.823659,9500912255140419907,0,2,2,53,8,18,2,3,2,90669,4958.658203125,0,0,3
1762843355.823659,9500912255140419907,0,3,10,53,10,1,2,3,2,91770,5003.53955078125,0,0,3
1762843355.823659,9500912255140419907,0,4,16,53,16,0,3,3,2,91522,5031.4423828125,0,0,4
1762843355.823659,9500912255140419907,0,5,3,53,2,15,2,3,2,91151,4959.40625,0,0,3
1762843355.823659,9500912255140419907,0,6,19,52,11,0,3,3,2,93277,4999.85693359375,0,0,4
1762843355.823659,9500912255140419907,0,7,18,52,12,0,2,3,2,93054,4959.05908203125,0,0,3
1762843355.823659,9500912255140419907,0,8,17,53,19,0,3,3,2,91622,5047.9638671875,0,0,4
1762843355.823659,9500912255140419907,0,9,11,53,4,0,3,3,2,91281,5007.185546875,0,0,4
1762843355.823659,9500912255140419907,0,10,4,53,7,12,2,3,2,90719,4966.5361328125,0,0,3
1762843355.823659,9500912255140419907,0,11,5,53,1,10,2,3,2,91333,4969.7158203125,0,0,3
1762843355.823659,9500912255140419907,0,12,12,53,17,0,2,3,2,91510,5019.326171875,0,0,3
1762843355.823659,9500912255140419907,0,13,7,53,5,6,2,3,2,91317,4975.64599609375,0,0,3
1762843355.823659,9500912255140419907,0,14,9,53,13,2,2,3,2,91781,5001.9296875,0,0,3
1762843355.823659,9500912255140419907,0,15,14,53,18,0,2,3,2,91628,5026.0283203125,0,0,3
1762843355.823659,9500912255140419907,0,16,13,53,14,0,2,3,2,92449,5025.66015625,0,0,3
1762843355.823659,9500912255140419907,0,17,1,53,6,25,2,3,2,90593,4956.45703125,0,0,3
1762843355.823659,9500912255140419907,0,18,15,53,9,0,3,3,2,91175,5028.9296875,0,0,4
1762843355.823659,9500912255140419907,0,19,20,0,20,0,0,4,1,0,5136.519262569025,0,0,1
1762843355.823659,9500912255140419907,0,20,0,0,0,0,0,0,0,0,0.0,0,0,0
1762843355.823659,9500912255140419907,0,21,0,0,0,0,0,0,0,0,0.0,0,0,0
1762843360.8400667,9500912255140419907,0,0,6,53,3,8,3,3,2,90011,4970.03515625,0,0,4
1762843360.8400667,9500912255140419907,0,1,8,53,15,4,2,3,2,90814,4997.806640625,0,0,3
1762843360.8400667,9500912255140419907,0,2,2,53,8,18,2,3,2,90669,4958.658203125,0,0,3
1762843360.8400667,9500912255140419907,0,3,10,53,10,1,2,3,2,91770,5003.53955078125,0,0,3
1762843360.8400667,9500912255140419907,0,4,16,53,16,0,3,3,2,91522,5031.4423828125,0,0,4
1762843360.8400667,9500912255140419907,0,5,3,53,2,15,2,3,2,91151,4959.40625,0,0,3
1762843360.8400667,9500912255140419907,0,6,19,52,11,0,3,3,2,93277,4999.85693359375,0,0,4
1762843360.8400667,9500912255140419907,0,7,18,52,12,0,2,3,2,93054,4959.05908203125,0,0,3
1762843360.8400667,9500912255140419907,0,8,17,53,19,0,3,3,2,91622,5047.9638671875,0,0,4
1762843360.8400667,9500912255140419907,0,9,11,53,4,0,3,3,2,91281,5007.185546875,0,0,4
1762843360.8400667,9500912255140419907,0,10,4,53,7,12,2,3,2,90719,4966.5361328125,0,0,3
1762843360.8400667,9500912255140419907,0,11,5,53,1,10,2,3,2,91333,4969.7158203125,0,0,3
1762843360.8400667,9500912255140419907,0,12,12,53,17,0,2,3,2,91510,5019.326171875,0,0,3
1762843360.8400667,9500912255140419907,0,13,7,53,5,6,2,3,2,91317,4975.64599609375,0,0,3
1762843360.8400667,9500912255140419907,0,14,9,53,13,2,2,3,2,91781,5001.9296875,0,0,3
1762843360.8400667,9500912255140419907,0,15,14,53,18,0,2,3,2,91628,5026.0283203125,0,0,3
1762843360.8400667,9500912255140419907,0,16,13,53,14,0,2,3,2,92449,5025.66015625,0,0,3
1762843360.8400667,9500912255140419907,0,17,1,53,6,25,2,3,2,90593,4956.45703125,0,0,3
1762843360.8400667,9500912255140419907,0,18,15,53,9,0,3,3,2,91175,5028.9296875,0,0,4
1762843360.8400667,9500912255140419907,0,19,20,0,20,0,0,4,1,0,5136.519262569025,0,0,1
1762843360.8400667,9500912255140419907,0,20,0,0,0,0,0,0,0,0,0.0,0,0,0
1762843360.8400667,9500912255140419907,0,21,0,0,0,0,0,0,0,0,0.0,0,0,0
1762843365.8462017,9500912255140419907,0,0,6,53,3,8,3,3,2,90011,4970.03515625,0,0,4
1762843365.8462017,9500912255140419907,0,1,8,53,15,4,2,3,2,90814,4997.806640625,0,0,3
1762843365.8462017,9500912255140419907,0,2,2,53,8,18,2,3,2,90669,4958.658203125,0,0,3
1762843365.8462017,9500912255140419907,0,3,10,53,10,1,2,3,2,91770,5003.53955078125,0,0,3
1762843365.8462017,9500912255140419907,0,4,16,53,16,0,3,3,2,91522,5031.4423828125,0,0,4
1762843365.8462017,9500912255140419907,0,5,3,53,2,15,2,3,2,91151,4959.40625,0,0,3
1762843365.8462017,9500912255140419907,0,6,19,52,11,0,3,3,2,93277,4999.85693359375,0,0,4
1762843365.8462017,9500912255140419907,0,7,18,52,12,0,2,3,2,93054,4959.05908203125,0,0,3
1762843365.8462017,9500912255140419907,0,8,17,53,19,0,3,3,2,91622,5047.9638671875,0,0,4
1762843365.8462017,9500912255140419907,0,9,11,53,4,0,3,3,2,91281,5007.185546875,0,0,4
1762843365.8462017,9500912255140419907,0,10,4,53,7,12,2,3,2,90719,4966.5361328125,0,0,3
1762843365.8462017,9500912255140419907,0,11,5,53,1,10,2,3,2,91333,4969.7158203125,0,0,3
1762843365.8462017,9500912255140419907,0,12,12,53,17,0,2,3,2,91510,5019.326171875,0,0,3
1762843365.8462017,9500912255140419907,0,13,7,53,5,6,2,3,2,91317,4975.64599609375,0,0,3
1762843365.8462017,9500912255140419907,0,14,9,53,13,2,2,3,2,91781,5001.9296875,0,0,3
1762843365.8462017,9500912255140419907,0,15,14,53,18,0,2,3,2,91628,5026.0283203125,0,0,3
1762843365.8462017,9500912255140419907,0,16,13,53,14,0,2,3,2,92449,5025.66015625,0,0,3
1762843365.8462017,9500912255140419907,0,17,1,53,6,25,2,3,2,90593,4956.45703125,0,0,3
1762843365.8462017,9500912255140419907,0,18,15,53,9,0,3,3,2,91175,5028.9296875,0,0,4
1762843365.8462017,9500912255140419907,0,19,20,0,20,0,0,4,1,0,5136.519262569025,0,0,1
1762843365.8462017,9500912255140419907,0,20,0,0,0,0,0,0,0,0,0.0,0,0,0
1762843365.8462017,9500912255140419907,0,21,0,0,0,0,0,0,0,0,0.0,0,0,0
1762843370.8567083,9500912255140419907,0,0,6,53,3,8,3,3,2,90011,4970.03515625,0,0,4
1762843370.8567083,9500912255140419907,0,1,8,53,15,4,2,3,2,90814,4997.806640625,0,0,3
1762843370.8567083,9500912255140419907,0,2,2,53,8,18,2,3,2,90669,4958.658203125,0,0,3
1762843370.8567083,9500912255140419907,0,3,10,53,10,1,2,3,2,91770,5003.53955078125,0,0,3
1762843370.8567083,9500912255140419907,0,4,16,53,16,0,3,3,2,91522,5031.4423828125,0,0,4
1762843370.8567083,9500912255140419907,0,5,3,53,2,15,2,3,2,91151,4959.40625,0,0,3
1762843370.8567083,9500912255140419907,0,6,19,52,11,0,3,3,2,93277,4999.85693359375,0,0,4
1762843370.8567083,9500912255140419907,0,7,18,52,12,0,2,3,2,93054,4959.05908203125,0,0,3
1762843370.8567083,9500912255140419907,0,8,17,53,19,0,3,3,2,91622,5047.9638671875,0,0,4
1762843370.8567083,9500912255140419907,0,9,11,53,4,0,3,3,2,91281,5007.185546875,0,0,4
1762843370.8567083,9500912255140419907,0,10,4,53,7,12,2,3,2,90719,4966.5361328125,0,0,3
1762843370.8567083,9500912255140419907,0,11,5,53,1,10,2,3,2,91333,4969.7158203125,0,0,3
1762843370.8567083,9500912255140419907,0,12,12,53,17,0,2,3,2,91510,5019.326171875,0,0,3
1762843370.8567083,9500912255140419907,0,13,7,53,5,6,2,3,2,91317,4975.64599609375,0,0,3
1762843370.8567083,9500912255140419907,0,14,9,53,13,2,2,3,2,91781,5001.9296875,0,0,3
1762843370.8567083,9500912255140419907,0,15,14,53,18,0,2,3,2,91628,5026.0283203125,0,0,3
1762843370.8567083,9500912255140419907,0,16,13,53,14,0,2,3,2,92449,5025.66015625,0,0,3
1762843370.8567083,9500912255140419907,0,17,1,53,6,25,2,3,2,90593,4956.45703125,0,0,3
1762843370.8567083,9500912255140419907,0,18,15,53,9,0,3,3,2,91175,5028.9296875,0,0,4
1762843370.8567083,9500912255140419907,0,19,20,0,20,0,0,4,1,0,5136.519262569025,0,0,1
1762843370.8567083,9500912255140419907,0,20,0,0,0,0,0,0,0,0,0.0,0,0,0
1762843370.8567083,9500912255140419907,0,21,0,0,0,0,0,0,0,0,0.0,0,0,0
1762843375.8681781,9500912255140419907,0,0,6,53,3,8,3,3,2,90011,4970.03515625,0,0,4
1762843375.8681781,9500912255140419907,0,1,8,53,15,4,2,3,2,90814,4997.806640625,0,0,3
1762843375.8681781,9500912255140419907,0,2,2,53,8,18,2,3,2,90669,4958.658203125,0,0,3
1762843375.8681781,9500912255140419907,0,3,10,53,10,1,2,3,2,91770,5003.53955078125,0,0,3
1762843375.8681781,9500912255140419907,0,4,16,53,16,0,3,3,2,91522,5031.4423828125,0,0,4
1762843375.8681781,9500912255140419907,0,5,3,53,2,15,2,3,2,91151,4959.40625,0,0,3
1762843375.8681781,9500912255140419907,0,6,19,52,11,0,3,3,2,93277,4999.85693359375,0,0,4
1762843375.8681781,9500912255140419907,0,7,18,52,12,0,2,3,2,93054,4959.05908203125,0,0,3
1762843375.8681781,9500912255140419907,0,8,17,53,19,0,3,3,2,91622,5047.9638671875,0,0,4
1762843375.8681781,9500912255140419907,0,9,11,53,4,0,3,3,2,91281,5007.185546875,0,0,4
1762843375.8681781,9500912255140419907,0,10,4,53,7,12,2,3,2,90719,4966.5361328125,0,0,3
1762843375.8681781,9500912255140419907,0,11,5,53,1,10,2,3,2,91333,4969.7158203125,0,0,3
1762843375.8681781,9500912255140419907,0,12,12,53,17,0,2,3,2,91510,5019.326171875,0,0,3
1762843375.8681781,9500912255140419907,0,13,7,53,5,6,2,3,2,91317,4975.64599609375,0,0,3
1762843375.8681781,9500912255140419907,0,14,9,53,13,2,2,3,2,91781,5001.9296875,0,0,3
1762843375.8681781,9500912255140419907,0,15,14,53,18,0,2,3,2,91628,5026.0283203125,0,0,3
1762843375.8681781,9500912255140419907,0,16,13,53,14,0,2,3,2,92449,5025.66015625,0,0,3
1762843375.8681781,9500912255140419907,0,17,1,53,6,25,2,3,2,90593,4956.45703125,0,0,3
1762843375.8681781,9500912255140419907,0,18,15,53,9,0,3,3,2,91175,5028.9296875,0,0,4
1762843375.8681781,9500912255140419907,0,19,20,0,20,0,0,4,1,0,5136.519262569025,0,0,1
1762843375.8681781,9500912255140419907,0,20,0,0,0,0,0,0,0,0,0.0,0,0,0
1762843375.8681781,9500912255140419907,0,21,0,0,0,0,0,0,0,0,0.0,0,0,0
1762843380.8800864,9500912255140419907,0,0,6,53,3,8,3,3,2,90011,4970.03515625,0,0,4
1762843380.8800864,9500912255140419907,0,1,8,53,15,4,2,3,2,90814,4997.806640625,0,0,3
1762843380.8800864,9500912255140419907,0,2,2,53,8,18,2,3,2,90669,4958.658203125,0,0,3
1762843380.8800864,9500912255140419907,0,3,10,53,10,1,2,3,2,91770,5003.53955078125,0,0,3
1762843380.8800864,9500912255140419907,0,4,16,53,16,0,3,3,2,91522,5031.4423828125,0,0,4
1762843380.8800864,9500912255140419907,0,5,3,53,2,15,2,3,2,91151,4959.40625,0,0,3
1762843380.8800864,9500912255140419907,0,6,19,52,11,0,3,3,2,93277,4999.85693359375,0,0,4
1762843380.8800864,9500912255140419907,0,7,18,52,12,0,2,3,2,93054,4959.05908203125,0,0,3
1762843380.8800864,9500912255140419907,0,8,17,53,19,0,3,3,2,91622,5047.9638671875,0,0,4
1762843380.8800864,9500912255140419907,0,9,11,53,4,0,3,3,2,91281,5007.185546875,0,0,4
1762843380.8800864,9500912255140419907,0,10,4,53,7,12,2,3,2,90719,4966.5361328125,0,0,3
1762843380.8800864,9500912255140419907,0,11,5,53,1,10,2,3,2,91333,4969.7158203125,0,0,3
1762843380.8800864,9500912255140419907,0,12,12,53,17,0,2,3,2,91510,5019.326171875,0,0,3
1762843380.8800864,9500912255140419907,0,13,7,53,5,6,2,3,2,91317,4975.64599609375,0,0,3
1762843380.8800864,9500912255140419907,0,14,9,53,13,2,2,3,2,91781,5001.9296875,0,0,3
1762843380.8800864,9500912255140419907,0,15,14,53,18,0,2,3,2,91628,5026.0283203125,0,0,3
1762843380.8800864,9500912255140419907,0,16,13,53,14,0,2,3,2,92449,5025.66015625,0,0,3
1762843380.8800864,9500912255140419907,0,17,1,53,6,25,2,3,2,90593,4956.45703125,0,0,3
1762843380.8800864,9500912255140419907,0,18,15,53,9,0,3,3,2,91175,5028.9296875,0,0,4
1762843380.8800864,9500912255140419907,0,19,20,0,20,0,0,4,1,0,5136.519262569025,0,0,1
1762843380.8800864,9500912255140419907,0,20,0,0,0,0,0,0,0,0,0.0,0,0,0
1762843380.8800864,9500912255140419907,0,21,0,0,0,0,0,0,0,0,0.0,0,0,0
1762843385.8938363,9500912255140419907,0,0,6,53,3,8,3,3,2,90011,4970.03515625,0,0,4
1762843385.8938363,9500912255140419907,0,1,8,53,15,4,2,3,2,90814,4997.806640625,0,0,3
1762843385.8938363,9500912255140419907,0,2,2,53,8,18,2,3,2,90669,4958.658203125,0,0,3
1762843385.8938363,9500912255140419907,0,3,10,53,10,1,2,3,2,91770,5003.53955078125,0,0,3
1762843385.8938363,9500912255140419907,0,4,16,53,16,0,3,3,2,91522,5031.4423828125,0,0,4
1762843385.8938363,9500912255140419907,0,5,3,53,2,15,2,3,2,91151,4959.40625,0,0,3
1762843385.8938363,9500912255140419907,0,6,19,52,11,0,3,3,2,93277,4999.85693359375,0,0,4
1762843385.8938363,9500912255140419907,0,7,18,52,12,0,2,3,2,93054,4959.05908203125,0,0,3
1762843385.8938363,9500912255140419907,0,8,17,53,19,0,3,3,2,91622,5047.9638671875,0,0,4
1762843385.8938363,9500912255140419907,0,9,11,53,4,0,3,3,2,91281,5007.185546875,0,0,4
1762843385.8938363,9500912255140419907,0,10,4,53,7,12,2,3,2,90719,4966.5361328125,0,0,3
1762843385.8938363,9500912255140419907,0,11,5,53,1,10,2,3,2,91333,4969.7158203125,0,0,3
1762843385.8938363,9500912255140419907,0,12,12,53,17,0,2,3,2,91510,5019.326171875,0,0,3
1762843385.8938363,9500912255140419907,0,13,7,53,5,6,2,3,2,91317,4975.64599609375,0,0,3
1762843385.8938363,9500912255140419907,0,14,9,53,13,2,2,3,2,91781,5001.9296875,0,0,3
1762843385.8938363,9500912255140419907,0,15,14,53,18,0,2,3,2,91628,5026.0283203125,0,0,3
1762843385.8938363,9500912255140419907,0,16,13,53,14,0,2,3,2,92449,5025.66015625,0,0,3
1762843385.8938363,9500912255140419907,0,17,1,53,6,25,2,3,2,90593,4956.45703125,0,0,3
1762843385.8938363,9500912255140419907,0,18,15,53,9,0,3,3,2,91175,5028.9296875,0,0,4
1762843385.8938363,9500912255140419907,0,19,20,0,20,0,0,4,1,0,5136.519262569025,0,0,1
1762843385.8938363,9500912255140419907,0,20,0,0,0,0,0,0,0,0,0.0,0,0,0
1762843385.8938363,9500912255140419907,0,21,0,0,0,0,0,0,0,0,0.0,0,0,0
1762843390.907594,9500912255140419907,0,0,6,53,3,8,3,3,2,90011,4970.03515625,0,0,4
1762843390.907594,9500912255140419907,0,1,8,53,15,4,2,3,2,90814,4997.806640625,0,0,3
1762843390.907594,9500912255140419907,0,2,2,53,8,18,2,3,2,90669,4958.658203125,0,0,3
1762843390.907594,9500912255140419907,0,3,10,53,10,1,2,3,2,91770,5003.53955078125,0,0,3
1762843390.907594,9500912255140419907,0,4,16,53,16,0,3,3,2,91522,5031.4423828125,0,0,4
1762843390.907594,9500912255140419907,0,5,3,53,2,15,2,3,2,91151,4959.40625,0,0,3
1762843390.907594,9500912255140419907,0,6,19,52,11,0,3,3,2,93277,4999.85693359375,0,0,4
1762843390.907594,9500912255140419907,0,7,18,52,12,0,2,3,2,93054,4959.05908203125,0,0,3
1762843390.907594,9500912255140419907,0,8,17,53,19,0,3,3,2,91622,5047.9638671875,0,0,4
1762843390.907594,9500912255140419907,0,9,11,53,4,0,3,3,2,91281,5007.185546875,0,0,4
1762843390.907594,9500912255140419907,0,10,4,53,7,12,2,3,2,90719,4966.5361328125,0,0,3
1762843390.907594,9500912255140419907,0,11,5,53,1,10,2,3,2,91333,4969.7158203125,0,0,3
1762843390.907594,9500912255140419907,0,12,12,53,17,0,2,3,2,91510,5019.326171875,0,0,3
1762843390.907594,9500912255140419907,0,13,7,53,5,6,2,3,2,91317,4975.64599609375,0,0,3
1762843390.907594,9500912255140419907,0,14,9,53,13,2,2,3,2,91781,5001.9296875,0,0,3
1762843390.907594,9500912255140419907,0,15,14,53,18,0,2,3,2,91628,5026.0283203125,0,0,3
1762843390.907594,9500912255140419907,0,16,13,53,14,0,2,3,2,92449,5025.66015625,0,0,3
1762843390.907594,9500912255140419907,0,17,1,53,6,25,2,3,2,90593,4956.45703125,0,0,3
1762843390.907594,9500912255140419907,0,18,15,53,9,0,3,3,2,91175,5028.9296875,0,0,4
1762843390.907594,9500912255140419907,0,19,20,0,20,0,0,4,1,0,5136.519262569025,0,0,1
1762843390.907594,9500912255140419907,0,20,0,0,0,0,0,0,0,0,0.0,0,0,0
1762843390.907594,9500912255140419907,0,21,0,0,0,0,0,0,0,0,0.0,0,0,0
1762843395.9176354,9500912255140419907,0,0,6,53,3,8,3,3,2,90011,4970.03515625,0,0,4
1762843395.9176354,9500912255140419907,0,1,8,53,15,4,2,3,2,90814,4997.806640625,0,0,3
1762843395.9176354,9500912255140419907,0,2,2,53,8,18,2,3,2,90669,4958.658203125,0,0,3
1762843395.9176354,9500912255140419907,0,3,10,53,10,1,2,3,2,91770,5003.53955078125,0,0,3
1762843395.9176354,9500912255140419907,0,4,16,53,16,0,3,3,2,91522,5031.4423828125,0,0,4
1762843395.9176354,9500912255140419907,0,5,3,53,2,15,2,3,2,91151,4959.40625,0,0,3
1762843395.9176354,9500912255140419907,0,6,19,52,11,0,3,3,2,93277,4999.85693359375,0,0,4
1762843395.9176354,9500912255140419907,0,7,18,52,12,0,2,3,2,93054,4959.05908203125,0,0,3
1762843395.9176354,9500912255140419907,0,8,17,53,19,0,3,3,2,91622,5047.9638671875,0,0,4
1762843395.9176354,9500912255140419907,0,9,11,53,4,0,3,3,2,91281,5007.185546875,0,0,4
1762843395.9176354,9500912255140419907,0,10,4,53,7,12,2,3,2,90719,4966.5361328125,0,0,3
1762843395.9176354,9500912255140419907,0,11,5,53,1,10,2,3,2,91333,4969.7158203125,0,0,3
1762843395.9176354,9500912255140419907,0,12,12,53,17,0,2,3,2,91510,5019.326171875,0,0,3
1762843395.9176354,9500912255140419907,0,13,7,53,5,6,2,3,2,91317,4975.64599609375,0,0,3
1762843395.9176354,9500912255140419907,0,14,9,53,13,2,2,3,2,91781,5001.9296875,0,0,3
1762843395.9176354,9500912255140419907,0,15,14,53,18,0,2,3,2,91628,5026.0283203125,0,0,3
1762843395.9176354,9500912255140419907,0,16,13,53,14,0,2,3,2,92449,5025.66015625,0,0,3
1762843395.9176354,9500912255140419907,0,17,1,53,6,25,2,3,2,90593,4956.45703125,0,0,3
1762843395.9176354,9500912255140419907,0,18,15,53,9,0,3,3,2,91175,5028.9296875,0,0,4
1762843395.9176354,9500912255140419907,0,19,20,0,20,0,0,4,1,0,5136.519262569025,0,0,1
1762843395.9176354,9500912255140419907,0,20,0,0,0,0,0,0,0,0,0.0,0,0,0
1762843395.9176354,9500912255140419907,0,21,0,0,0,0,0,0,0,0,0.0,0,0,0
1762843400.9251473,9500912255140419907,0,0,6,53,3,8,3,3,2,90011,4970.03515625,0,0,4
1762843400.9251473,9500912255140419907,0,1,8,53,15,4,2,3,2,90814,4997.806640625,0,0,3
1762843400.9251473,9500912255140419907,0,2,2,53,8,18,2,3,2,90669,4958.658203125,0,0,3
1762843400.9251473,9500912255140419907,0,3,10,53,10,1,2,3,2,91770,5003.53955078125,0,0,3
1762843400.9251473,9500912255140419907,0,4,16,53,16,0,3,3,2,91522,5031.4423828125,0,0,4
1762843400.9251473,9500912255140419907,0,5,3,53,2,15,2,3,2,91151,4959.40625,0,0,3
1762843400.9251473,9500912255140419907,0,6,19,52,11,0,3,3,2,93277,4999.85693359375,0,0,4
1762843400.9251473,9500912255140419907,0,7,18,52,12,0,2,3,2,93054,4959.05908203125,0,0,3
1762843400.9251473,9500912255140419907,0,8,17,53,19,0,3,3,2,91622,5047.9638671875,0,0,4
1762843400.9251473,9500912255140419907,0,9,11,53,4,0,3,3,2,91281,5007.185546875,0,0,4
1762843400.9251473,9500912255140419907,0,10,4,53,7,12,2,3,2,90719,4966.5361328125,0,0,3
1762843400.9251473,9500912255140419907,0,11,5,53,1,10,2,3,2,91333,4969.7158203125,0,0,3
1762843400.9251473,9500912255140419907,0,12,12,53,17,0,2,3,2,91510,5019.326171875,0,0,3
1762843400.9251473,9500912255140419907,0,13,7,53,5,6,2,3,2,91317,4975.64599609375,0,0,3
1762843400.9251473,9500912255140419907,0,14,9,53,13,2,2,3,2,91781,5001.9296875,0,0,3
1762843400.9251473,9500912255140419907,0,15,14,53,18,0,2,3,2,91628,5026.0283203125,0,0,3
1762843400.9251473,9500912255140419907,0,16,13,53,14,0,2,3,2,92449,5025.66015625,0,0,3
1762843400.9251473,9500912255140419907,0,17,1,53,6,25,2,3,2,90593,4956.45703125,0,0,3
1762843400.9251473,9500912255140419907,0,18,15,53,9,0,3,3,2,91175,5028.9296875,0,0,4
1762843400.9251473,9500912255140419907,0,19,20,0,20,0,0,4,1,0,5136.519262569025,0,0,1
1762843400.9251473,9500912255140419907,0,20,0,0,0,0,0,0,0,0,0.0,0,0,0
1762843400.9251473,9500912255140419907,0,21,0,0,0,0,0,0,0,0,0.0,0,0,0
1762843405.9349144,9500912255140419907,0,0,6,53,3,8,3,3,2,90011,4970.03515625,0,0,4
1762843405.9349144,9500912255140419907,0,1,8,53,15,4,2,3,2,90814,4997.806640625,0,0,3
1762843405.9349144,9500912255140419907,0,2,2,53,8,18,2,3,2,90669,4958.658203125,0,0,3
1762843405.9349144,9500912255140419907,0,3,10,53,10,1,2,3,2,91770,5003.53955078125,0,0,3
1762843405.9349144,9500912255140419907,0,4,16,53,16,0,3,3,2,91522,5031.4423828125,0,0,4
1762843405.9349144,9500912255140419907,0,5,3,53,2,15,2,3,2,91151,4959.40625,0,0,3
1762843405.9349144,9500912255140419907,0,6,19,52,11,0,3,3,2,93277,4999.85693359375,0,0,4
1762843405.9349144,9500912255140419907,0,7,18,52,12,0,2,3,2,93054,4959.05908203125,0,0,3
1762843405.9349144,9500912255140419907,0,8,17,53,19,0,3,3,2,91622,5047.9638671875,0,0,4
1762843405.9349144,9500912255140419907,0,9,11,53,4,0,3,3,2,91281,5007.185546875,0,0,4
1762843405.9349144,9500912255140419907,0,10,4,53,7,12,2,3,2,90719,4966.5361328125,0,0,3
1762843405.9349144,9500912255140419907,0,11,5,53,1,10,2,3,2,91333,4969.7158203125,0,0,3
1762843405.9349144,9500912255140419907,0,12,12,53,17,0,2,3,2,91510,5019.326171875,0,0,3
1762843405.9349144,9500912255140419907,0,13,7,53,5,6,2,3,2,91317,4975.64599609375,0,0,3
1762843405.9349144,9500912255140419907,0,14,9,53,13,2,2,3,2,91781,5001.9296875,0,0,3
1762843405.9349144,9500912255140419907,0,15,14,53,18,0,2,3,2,91628,5026.0283203125,0,0,3
1762843405.9349144,9500912255140419907,0,16,13,53,14,0,2,3,2,92449,5025.66015625,0,0,3
1762843405.9349144,9500912255140419907,0,17,1,53,6,25,2,3,2,90593,4956.45703125,0,0,3
1762843405.9349144,9500912255140419907,0,18,15,53,9,0,3,3,2,91175,5028.9296875,0,0,4
1762843405.9349144,9500912255140419907,0,19,20,0,20,0,0,4,1,0,5136.519262569025,0,0,1
1762843405.9349144,9500912255140419907,0,20,0,0,0,0,0,0,0,0,0.0,0,0,0
1762843405.9349144,9500912255140419907,0,21,0,0,0,0,0,0,0,0,0.0,0,0,0
1762843410.945394,9500912255140419907,0,0,6,53,3,8,3,3,2,90011,4970.03515625,0,0,4
1762843410.945394,9500912255140419907,0,1,8,53,15,4,2,3,2,90814,4997.806640625,0,0,3
1762843410.945394,9500912255140419907,0,2,2,53,8,18,2,3,2,90669,4958.658203125,0,0,3
1762843410.945394,9500912255140419907,0,3,10,53,10,1,2,3,2,91770,5003.53955078125,0,0,3
1762843410.945394,9500912255140419907,0,4,16,53,16,0,3,3,2,91522,5031.4423828125,0,0,4
1762843410.945394,9500912255140419907,0,5,3,53,2,15,2,3,2,91151,4959.40625,0,0,3
1762843410.945394,9500912255140419907,0,6,19,52,11,0,3,3,2,93277,4999.85693359375,0,0,4
1762843410.945394,9500912255140419907,0,7,18,52,12,0,2,3,2,93054,4959.05908203125,0,0,3
1762843410.945394,9500912255140419907,0,8,17,53,19,0,3,3,2,91622,5047.9638671875,0,0,4
1762843410.945394,9500912255140419907,0,9,11,53,4,0,3,3,2,91281,5007.185546875,0,0,4
1762843410.945394,9500912255140419907,0,10,4,53,7,12,2,3,2,90719,4966.5361328125,0,0,3
1762843410.945394,9500912255140419907,0,11,5,53,1,10,2,3,2,91333,4969.7158203125,0,0,3
1762843410.945394,9500912255140419907,0,12,12,53,17,0,2,3,2,91510,5019.326171875,0,0,3
1762843410.945394,9500912255140419907,0,13,7,53,5,6,2,3,2,91317,4975.64599609375,0,0,3
1762843410.945394,9500912255140419907,0,14,9,53,13,2,2,3,2,91781,5001.9296875,0,0,3
1762843410.945394,9500912255140419907,0,15,14,53,18,0,2,3,2,91628,5026.0283203125,0,0,3
1762843410.945394,9500912255140419907,0,16,13,53,14,0,2,3,2,92449,5025.66015625,0,0,3
1762843410.945394,9500912255140419907,0,17,1,53,6,25,2,3,2,90593,4956.45703125,0,0,3
1762843410.945394,9500912255140419907,0,18,15,53,9,0,3,3,2,91175,5028.9296875,0,0,4
1762843410.945394,9500912255140419907,0,19,20,0,20,0,0,4,1,0,5136.519262569025,0,0,1
1762843410.945394,9500912255140419907,0,20,0,0,0,0,0,0,0,0,0.0,0,0,0
1762843410.945394,9500912255140419907,0,21,0,0,0,0,0,0,0,0,0.0,0,0,0
1762843415.9527476,9500912255140419907,0,0,6,53,3,8,3,3,2,90011,4970.03515625,0,0,4
1762843415.9527476,9500912255140419907,0,1,8,53,15,4,2,3,2,90814,4997.806640625,0,0,3
1762843415.9527476,9500912255140419907,0,2,2,53,8,18,2,3,2,90669,4958.658203125,0,0,3
1762843415.9527476,9500912255140419907,0,3,10,53,10,1,2,3,2,91770,5003.53955078125,0,0,3
1762843415.9527476,9500912255140419907,0,4,16,53,16,0,3,3,2,91522,5031.4423828125,0,0,4
1762843415.9527476,9500912255140419907,0,5,3,53,2,15,2,3,2,91151,4959.40625,0,0,3
1762843415.9527476,9500912255140419907,0,6,19,52,11,0,3,3,2,93277,4999.85693359375,0,0,4
1762843415.9527476,9500912255140419907,0,7,18,52,12,0,2,3,2,93054,4959.05908203125,0,0,3
1762843415.9527476,9500912255140419907,0,8,17,53,19,0,3,3,2,91622,5047.9638671875,0,0,4
1762843415.9527476,9500912255140419907,0,9,11,53,4,0,3,3,2,91281,5007.185546875,0,0,4
1762843415.9527476,9500912255140419907,0,10,4,53,7,12,2,3,2,90719,4966.5361328125,0,0,3
1762843415.9527476,9500912255140419907,0,11,5,53,1,10,2,3,2,91333,4969.7158203125,0,0,3
1762843415.9527476,9500912255140419907,0,12,12,53,17,0,2,3,2,91510,5019.326171875,0,0,3
1762843415.9527476,9500912255140419907,0,13,7,53,5,6,2,3,2,91317,4975.64599609375,0,0,3
1762843415.9527476,9500912255140419907,0,14,9,53,13,2,2,3,2,91781,5001.9296875,0,0,3
1762843415.9527476,9500912255140419907,0,15,14,53,18,0,2,3,2,91628,5026.0283203125,0,0,3
1762843415.9527476,9500912255140419907,0,16,13,53,14,0,2,3,2,92449,5025.66015625,0,0,3
1762843415.9527476,9500912255140419907,0,17,1,53,6,25,2,3,2,90593,4956.45703125,0,0,3
1762843415.9527476,9500912255140419907,0,18,15,53,9,0,3,3,2,91175,5028.9296875,0,0,4
1762843415.9527476,9500912255140419907,0,19,20,0,20,0,0,4,1,0,5136.519262569025,0,0,1
1762843415.9527476,9500912255140419907,0,20,0,0,0,0,0,0,0,0,0.0,0,0,0
1762843415.9527476,9500912255140419907,0,21,0,0,0,0,0,0,0,0,0.0,0,0,0
1762843420.965037,9500912255140419907,0,0,6,53,3,8,3,3,2,90011,4970.03515625,0,0,4
1762843420.965037,9500912255140419907,0,1,8,53,15,4,2,3,2,90814,4997.806640625,0,0,3
1762843420.965037,9500912255140419907,0,2,2,53,8,18,2,3,2,90669,4958.658203125,0,0,3
1762843420.965037,9500912255140419907,0,3,10,53,10,1,2,3,2,91770,5003.53955078125,0,0,3
1762843420.965037,9500912255140419907,0,4,16,53,16,0,3,3,2,91522,5031.4423828125,0,0,4
1762843420.965037,9500912255140419907,0,5,3,53,2,15,2,3,2,91151,4959.40625,0,0,3
1762843420.965037,9500912255140419907,0,6,19,52,11,0,3,3,2,93277,4999.85693359375,0,0,4
1762843420.965037,9500912255140419907,0,7,18,52,12,0,2,3,2,93054,4959.05908203125,0,0,3
1762843420.965037,9500912255140419907,0,8,17,53,19,0,3,3,2,91622,5047.9638671875,0,0,4
1762843420.965037,9500912255140419907,0,9,11,53,4,0,3,3,2,91281,5007.185546875,0,0,4
1762843420.965037,9500912255140419907,0,10,4,53,7,12,2,3,2,90719,4966.5361328125,0,0,3
1762843420.965037,9500912255140419907,0,11,5,53,1,10,2,3,2,91333,4969.7158203125,0,0,3
1762843420.965037,9500912255140419907,0,12,12,53,17,0,2,3,2,91510,5019.326171875,0,0,3
1762843420.965037,9500912255140419907,0,13,7,53,5,6,2,3,2,91317,4975.64599609375,0,0,3
1762843420.965037,9500912255140419907,0,14,9,53,13,2,2,3,2,91781,5001.9296875,0,0,3
1762843420.965037,9500912255140419907,0,15,14,53,18,0,2,3,2,91628,5026.0283203125,0,0,3
1762843420.965037,9500912255140419907,0,16,13,53,14,0,2,3,2,92449,5025.66015625,0,0,3
1762843420.965037,9500912255140419907,0,17,1,53,6,25,2,3,2,90593,4956.45703125,0,0,3
1762843420.965037,9500912255140419907,0,18,15,53,9,0,3,3,2,91175,5028.9296875,0,0,4
1762843420.965037,9500912255140419907,0,19,20,0,20,0,0,4,1,0,5136.519262569025,0,0,1
1762843420.965037,9500912255140419907,0,20,0,0,0,0,0,0,0,0,0.0,0,0,0
1762843420.965037,9500912255140419907,0,21,0,0,0,0,0,0,0,0,0.0,0,0,0
1762843425.9766188,9500912255140419907,0,0,6,53,3,8,3,3,2,90011,4970.03515625,0,0,4
1762843425.9766188,9500912255140419907,0,1,8,53,15,4,2,3,2,90814,4997.806640625,0,0,3
1762843425.9766188,9500912255140419907,0,2,2,53,8,18,2,3,2,90669,4958.658203125,0,0,3
1762843425.9766188,9500912255140419907,0,3,10,53,10,1,2,3,2,91770,5003.53955078125,0,0,3
1762843425.9766188,9500912255140419907,0,4,16,53,16,0,3,3,2,91522,5031.4423828125,0,0,4
1762843425.9766188,9500912255140419907,0,5,3,53,2,15,2,3,2,91151,4959.40625,0,0,3
1762843425.9766188,9500912255140419907,0,6,19,52,11,0,3,3,2,93277,4999.85693359375,0,0,4
1762843425.9766188,9500912255140419907,0,7,18,52,12,0,2,3,2,93054,4959.05908203125,0,0,3
1762843425.9766188,9500912255140419907,0,8,17,53,19,0,3,3,2,91622,5047.9638671875,0,0,4
1762843425.9766188,9500912255140419907,0,9,11,53,4,0,3,3,2,91281,5007.185546875,0,0,4
1762843425.9766188,9500912255140419907,0,10,4,53,7,12,2,3,2,90719,4966.5361328125,0,0,3
1762843425.9766188,9500912255140419907,0,11,5,53,1,10,2,3,2,91333,4969.7158203125,0,0,3
1762843425.9766188,9500912255140419907,0,12,12,53,17,0,2,3,2,91510,5019.326171875,0,0,3
1762843425.9766188,9500912255140419907,0,13,7,53,5,6,2,3,2,91317,4975.64599609375,0,0,3
1762843425.9766188,9500912255140419907,0,14,9,53,13,2,2,3,2,91781,5001.9296875,0,0,3
1762843425.9766188,9500912255140419907,0,15,14,53,18,0,2,3,2,91628,5026.0283203125,0,0,3
1762843425.9766188,9500912255140419907,0,16,13,53,14,0,2,3,2,92449,5025.66015625,0,0,3
1762843425.9766188,9500912255140419907,0,17,1,53,6,25,2,3,2,90593,4956.45703125,0,0,3
1762843425.9766188,9500912255140419907,0,18,15,53,9,0,3,3,2,91175,5028.9296875,0,0,4
1762843425.9766188,9500912255140419907,0,19,20,0,20,0,0,4,1,0,5136.519262569025,0,0,1
1762843425.9766188,9500912255140419907,0,20,0,0,0,0,0,0,0,0,0.0,0,0,0
1762843425.9766188,9500912255140419907,0,21,0,0,0,0,0,0,0,0,0.0,0,0,0
1762843430.989538,9500912255140419907,0,0,6,53,3,8,3,3,2,90011,4970.03515625,0,0,4
1762843430.989538,9500912255140419907,0,1,8,53,15,4,2,3,2,90814,4997.806640625,0,0,3
1762843430.989538,9500912255140419907,0,2,2,53,8,18,2,3,2,90669,4958.658203125,0,0,3
1762843430.989538,9500912255140419907,0,3,10,53,10,1,2,3,2,91770,5003.53955078125,0,0,3
1762843430.989538,9500912255140419907,0,4,16,53,16,0,3,3,2,91522,5031.4423828125,0,0,4
1762843430.989538,9500912255140419907,0,5,3,53,2,15,2,3,2,91151,4959.40625,0,0,3
1762843430.989538,9500912255140419907,0,6,19,52,11,0,3,3,2,93277,4999.85693359375,0,0,4
1762843430.989538,9500912255140419907,0,7,18,52,12,0,2,3,2,93054,4959.05908203125,0,0,3
1762843430.989538,9500912255140419907,0,8,17,53,19,0,3,3,2,91622,5047.9638671875,0,0,4
1762843430.989538,9500912255140419907,0,9,11,53,4,0,3,3,2,91281,5007.185546875,0,0,4
1762843430.989538,9500912255140419907,0,10,4,53,7,12,2,3,2,90719,4966.5361328125,0,0,3
1762843430.989538,9500912255140419907,0,11,5,53,1,10,2,3,2,91333,4969.7158203125,0,0,3
1762843430.989538,9500912255140419907,0,12,12,53,17,0,2,3,2,91510,5019.326171875,0,0,3
1762843430.989538,9500912255140419907,0,13,7,53,5,6,2,3,2,91317,4975.64599609375,0,0,3
1762843430.989538,9500912255140419907,0,14,9,53,13,2,2,3,2,91781,5001.9296875,0,0,3
1762843430.989538,9500912255140419907,0,15,14,53,18,0,2,3,2,91628,5026.0283203125,0,0,3
1762843430.989538,9500912255140419907,0,16,13,53,14,0,2,3,2,92449,5025.66015625,0,0,3
1762843430.989538,9500912255140419907,0,17,1,53,6,25,2,3,2,90593,4956.45703125,0,0,3
1762843430.989538,9500912255140419907,0,18,15,53,9,0,3,3,2,91175,5028.9296875,0,0,4
1762843430.989538,9500912255140419907,0,19,20,0,20,0,0,4,1,0,5136.519262569025,0,0,1
1762843430.989538,9500912255140419907,0,20,0,0,0,0,0,0,0,0,0.0,0,0,0
1762843430.989538,9500912255140419907,0,21,0,0,0,0,0,0,0,0,0.0,0,0,0
1762843436.0001507,9500912255140419907,0,0,6,53,3,8,3,3,2,90011,4970.03515625,0,0,4
1762843436.0001507,9500912255140419907,0,1,8,53,15,4,2,3,2,90814,4997.806640625,0,0,3
1762843436.0001507,9500912255140419907,0,2,2,53,8,18,2,3,2,90669,4958.658203125,0,0,3
1762843436.0001507,9500912255140419907,0,3,10,53,10,1,2,3,2,91770,5003.53955078125,0,0,3
1762843436.0001507,9500912255140419907,0,4,16,53,16,0,3,3,2,91522,5031.4423828125,0,0,4
1762843436.0001507,9500912255140419907,0,5,3,53,2,15,2,3,2,91151,4959.40625,0,0,3
1762843436.0001507,9500912255140419907,0,6,19,52,11,0,3,3,2,93277,4999.85693359375,0,0,4
1762843436.0001507,9500912255140419907,0,7,18,52,12,0,2,3,2,93054,4959.05908203125,0,0,3
1762843436.0001507,9500912255140419907,0,8,17,53,19,0,3,3,2,91622,5047.9638671875,0,0,4
1762843436.0001507,9500912255140419907,0,9,11,53,4,0,3,3,2,91281,5007.185546875,0,0,4
1762843436.0001507,9500912255140419907,0,10,4,53,7,12,2,3,2,90719,4966.5361328125,0,0,3
1762843436.0001507,9500912255140419907,0,11,5,53,1,10,2,3,2,91333,4969.7158203125,0,0,3
1762843436.0001507,9500912255140419907,0,12,12,53,17,0,2,3,2,91510,5019.326171875,0,0,3
1762843436.0001507,9500912255140419907,0,13,7,53,5,6,2,3,2,91317,4975.64599609375,0,0,3
1762843436.0001507,9500912255140419907,0,14,9,53,13,2,2,3,2,91781,5001.9296875,0,0,3
1762843436.0001507,9500912255140419907,0,15,14,53,18,0,2,3,2,91628,5026.0283203125,0,0,3
1762843436.0001507,9500912255140419907,0,16,13,53,14,0,2,3,2,92449,5025.66015625,0,0,3
1762843436.0001507,9500912255140419907,0,17,1,53,6,25,2,3,2,90593,4956.45703125,0,0,3
1762843436.0001507,9500912255140419907,0,18,15,53,9,0,3,3,2,91175,5028.9296875,0,0,4
1762843436.0001507,9500912255140419907,0,19,20,0,20,0,0,4,1,0,5136.519262569025,0,0,1
1762843436.0001507,9500912255140419907,0,20,0,0,0,0,0,0,0,0,0.0,0,0,0
1762843436.0001507,9500912255140419907,0,21,0,0,0,0,0,0,0,0,0.0,0,0,0
1762843441.0106122,9500912255140419907,0,0,6,53,3,8,3,3,2,90011,4970.03515625,0,0,4
1762843441.0106122,9500912255140419907,0,1,8,53,15,4,2,3,2,90814,4997.806640625,0,0,3
1762843441.0106122,9500912255140419907,0,2,2,53,8,18,2,3,2,90669,4958.658203125,0,0,3
1762843441.0106122,9500912255140419907,0,3,10,53,10,1,2,3,2,91770,5003.53955078125,0,0,3
1762843441.0106122,9500912255140419907,0,4,16,53,16,0,3,3,2,91522,5031.4423828125,0,0,4
1762843441.0106122,9500912255140419907,0,5,3,53,2,15,2,3,2,91151,4959.40625,0,0,3
1762843441.0106122,9500912255140419907,0,6,19,52,11,0,3,3,2,93277,4999.85693359375,0,0,4
1762843441.0106122,9500912255140419907,0,7,18,52,12,0,2,3,2,93054,4959.05908203125,0,0,3
1762843441.0106122,9500912255140419907,0,8,17,53,19,0,3,3,2,91622,5047.9638671875,0,0,4
1762843441.0106122,9500912255140419907,0,9,11,53,4,0,3,3,2,91281,5007.185546875,0,0,4
1762843441.0106122,9500912255140419907,0,10,4,53,7,12,2,3,2,90719,4966.5361328125,0,0,3
1762843441.0106122,9500912255140419907,0,11,5,53,1,10,2,3,2,91333,4969.7158203125,0,0,3
1762843441.0106122,9500912255140419907,0,12,12,53,17,0,2,3,2,91510,5019.326171875,0,0,3
1762843441.0106122,9500912255140419907,0,13,7,53,5,6,2,3,2,91317,4975.64599609375,0,0,3
1762843441.0106122,9500912255140419907,0,14,9,53,13,2,2,3,2,91781,5001.9296875,0,0,3
1762843441.0106122,9500912255140419907,0,15,14,53,18,0,2,3,2,91628,5026.0283203125,0,0,3
1762843441.0106122,9500912255140419907,0,16,13,53,14,0,2,3,2,92449,5025.66015625,0,0,3
1762843441.0106122,9500912255140419907,0,17,1,53,6,25,2,3,2,90593,4956.45703125,0,0,3
1762843441.0106122,9500912255140419907,0,18,15,53,9,0,3,3,2,91175,5028.9296875,0,0,4
1762843441.0106122,9500912255140419907,0,19,20,0,20,0,0,4,1,0,5136.519262569025,0,0,1
1762843441.0106122,9500912255140419907,0,20,0,0,0,0,0,0,0,0,0.0,0,0,0
1762843441.0106122,9500912255140419907,0,21,0,0,0,0,0,0,0,0,0.0,0,0,0
1762843446.0239794,9500912255140419907,0,0,6,53,3,8,3,3,2,90011,4970.03515625,0,0,4
1762843446.0239794,9500912255140419907,0,1,8,53,15,4,2,3,2,90814,4997.806640625,0,0,3
1762843446.0239794,9500912255140419907,0,2,2,53,8,18,2,3,2,90669,4958.658203125,0,0,3
1762843446.0239794,9500912255140419907,0,3,10,53,10,1,2,3,2,91770,5003.53955078125,0,0,3
1762843446.0239794,9500912255140419907,0,4,16,53,16,0,3,3,2,91522,5031.4423828125,0,0,4
1762843446.0239794,9500912255140419907,0,5,3,53,2,15,2,3,2,91151,4959.40625,0,0,3
1762843446.0239794,9500912255140419907,0,6,19,52,11,0,3,3,2,93277,4999.85693359375,0,0,4
1762843446.0239794,9500912255140419907,0,7,18,52,12,0,2,3,2,93054,4959.05908203125,0,0,3
1762843446.0239794,9500912255140419907,0,8,17,53,19,0,3,3,2,91622,5047.9638671875,0,0,4
1762843446.0239794,9500912255140419907,0,9,11,53,4,0,3,3,2,91281,5007.185546875,0,0,4
1762843446.0239794,9500912255140419907,0,10,4,53,7,12,2,3,2,90719,4966.5361328125,0,0,3
1762843446.0239794,9500912255140419907,0,11,5,53,1,10,2,3,2,91333,4969.7158203125,0,0,3
1762843446.0239794,9500912255140419907,0,12,12,53,17,0,2,3,2,91510,5019.326171875,0,0,3
1762843446.0239794,9500912255140419907,0,13,7,53,5,6,2,3,2,91317,4975.64599609375,0,0,3
1762843446.0239794,9500912255140419907,0,14,9,53,13,2,2,3,2,91781,5001.9296875,0,0,3
1762843446.0239794,9500912255140419907,0,15,14,53,18,0,2,3,2,91628,5026.0283203125,0,0,3
1762843446.0239794,9500912255140419907,0,16,13,53,14,0,2,3,2,92449,5025.66015625,0,0,3
1762843446.0239794,9500912255140419907,0,17,1,53,6,25,2,3,2,90593,4956.45703125,0,0,3
1762843446.0239794,9500912255140419907,0,18,15,53,9,0,3,3,2,91175,5028.9296875,0,0,4
1762843446.0239794,9500912255140419907,0,19,20,0,20,0,0,4,1,0,5136.519262569025,0,0,1
1762843446.0239794,9500912255140419907,0,20,0,0,0,0,0,0,0,0,0.0,0,0,0
1762843446.0239794,9500912255140419907,0,21,0,0,0,0,0,0,0,0,0.0,0,0,0
1762843451.035286,9500912255140419907,0,0,6,53,3,8,3,3,2,90011,4970.03515625,0,0,4
1762843451.035286,9500912255140419907,0,1,8,53,15,4,2,3,2,90814,4997.806640625,0,0,3
1762843451.035286,9500912255140419907,0,2,2,53,8,18,2,3,2,90669,4958.658203125,0,0,3
1762843451.035286,9500912255140419907,0,3,10,53,10,1,2,3,2,91770,5003.53955078125,0,0,3
1762843451.035286,9500912255140419907,0,4,16,53,16,0,3,3,2,91522,5031.4423828125,0,0,4
1762843451.035286,9500912255140419907,0,5,3,53,2,15,2,3,2,91151,4959.40625,0,0,3
1762843451.035286,9500912255140419907,0,6,19,52,11,0,3,3,2,93277,4999.85693359375,0,0,4
1762843451.035286,9500912255140419907,0,7,18,52,12,0,2,3,2,93054,4959.05908203125,0,0,3
1762843451.035286,9500912255140419907,0,8,17,53,19,0,3,3,2,91622,5047.9638671875,0,0,4
1762843451.035286,9500912255140419907,0,9,11,53,4,0,3,3,2,91281,5007.185546875,0,0,4
1762843451.035286,9500912255140419907,0,10,4,53,7,12,2,3,2,90719,4966.5361328125,0,0,3
1762843451.035286,9500912255140419907,0,11,5,53,1,10,2,3,2,91333,4969.7158203125,0,0,3
1762843451.035286,9500912255140419907,0,12,12,53,17,0,2,3,2,91510,5019.326171875,0,0,3
1762843451.035286,9500912255140419907,0,13,7,53,5,6,2,3,2,91317,4975.64599609375,0,0,3
1762843451.035286,9500912255140419907,0,14,9,53,13,2,2,3,2,91781,5001.9296875,0,0,3
1762843451.035286,9500912255140419907,0,15,14,53,18,0,2,3,2,91628,5026.0283203125,0,0,3
1762843451.035286,9500912255140419907,0,16,13,53,14,0,2,3,2,92449,5025.66015625,0,0,3
1762843451.035286,9500912255140419907,0,17,1,53,6,25,2,3,2,90593,4956.45703125,0,0,3
1762843451.035286,9500912255140419907,0,18,15,53,9,0,3,3,2,91175,5028.9296875,0,0,4
1762843451.035286,9500912255140419907,0,19,20,0,20,0,0,4,1,0,5136.519262569025,0,0,1
1762843451.035286,9500912255140419907,0,20,0,0,0,0,0,0,0,0,0.0,0,0,0
1762843451.035286,9500912255140419907,0,21,0,0,0,0,0,0,0,0,0.0,0,0,0
1762843456.0385091,9500912255140419907,0,0,6,53,3,8,3,3,2,90011,4970.03515625,0,0,4
1762843456.0385091,9500912255140419907,0,1,8,53,15,4,2,3,2,90814,4997.806640625,0,0,3
1762843456.0385091,9500912255140419907,0,2,2,53,8,18,2,3,2,90669,4958.658203125,0,0,3
1762843456.0385091,9500912255140419907,0,3,10,53,10,1,2,3,2,91770,5003.53955078125,0,0,3
1762843456.0385091,9500912255140419907,0,4,16,53,16,0,3,3,2,91522,5031.4423828125,0,0,4
1762843456.0385091,9500912255140419907,0,5,3,53,2,15,2,3,2,91151,4959.40625,0,0,3
1762843456.0385091,9500912255140419907,0,6,19,52,11,0,3,3,2,93277,4999.85693359375,0,0,4
1762843456.0385091,9500912255140419907,0,7,18,52,12,0,2,3,2,93054,4959.05908203125,0,0,3
1762843456.0385091,9500912255140419907,0,8,17,53,19,0,3,3,2,91622,5047.9638671875,0,0,4
1762843456.0385091,9500912255140419907,0,9,11,53,4,0,3,3,2,91281,5007.185546875,0,0,4
1762843456.0385091,9500912255140419907,0,10,4,53,7,12,2,3,2,90719,4966.5361328125,0,0,3
1762843456.0385091,9500912255140419907,0,11,5,53,1,10,2,3,2,91333,4969.7158203125,0,0,3
1762843456.0385091,9500912255140419907,0,12,12,53,17,0,2,3,2,91510,5019.326171875,0,0,3
1762843456.0385091,9500912255140419907,0,13,7,53,5,6,2,3,2,91317,4975.64599609375,0,0,3
1762843456.0385091,9500912255140419907,0,14,9,53,13,2,2,3,2,91781,5001.9296875,0,0,3
1762843456.0385091,9500912255140419907,0,15,14,53,18,0,2,3,2,91628,5026.0283203125,0,0,3
1762843456.0385091,9500912255140419907,0,16,13,53,14,0,2,3,2,92449,5025.66015625,0,0,3
1762843456.0385091,9500912255140419907,0,17,1,53,6,25,2,3,2,90593,4956.45703125,0,0,3
1762843456.0385091,9500912255140419907,0,18,15,53,9,0,3,3,2,91175,5028.9296875,0,0,4
1762843456.0385091,9500912255140419907,0,19,20,0,20,0,0,4,1,0,5136.519262569025,0,0,1
1762843456.0385091,9500912255140419907,0,20,0,0,0,0,0,0,0,0,0.0,0,0,0
1762843456.0385091,9500912255140419907,0,21,0,0,0,0,0,0,0,0,0.0,0,0,0
1762843461.0512936,9500912255140419907,0,0,6,53,3,8,3,3,2,90011,4970.03515625,0,0,4
1762843461.0512936,9500912255140419907,0,1,8,53,15,4,2,3,2,90814,4997.806640625,0,0,3
1762843461.0512936,9500912255140419907,0,2,2,53,8,18,2,3,2,90669,4958.658203125,0,0,3
1762843461.0512936,9500912255140419907,0,3,10,53,10,1,2,3,2,91770,5003.53955078125,0,0,3
1762843461.0512936,9500912255140419907,0,4,16,53,16,0,3,3,2,91522,5031.4423828125,0,0,4
1762843461.0512936,9500912255140419907,0,5,3,53,2,15,2,3,2,91151,4959.40625,0,0,3
1762843461.0512936,9500912255140419907,0,6,19,52,11,0,3,3,2,93277,4999.85693359375,0,0,4
1762843461.0512936,9500912255140419907,0,7,18,52,12,0,2,3,2,93054,4959.05908203125,0,0,3
1762843461.0512936,9500912255140419907,0,8,17,53,19,0,3,3,2,91622,5047.9638671875,0,0,4
1762843461.0512936,9500912255140419907,0,9,11,53,4,0,3,3,2,91281,5007.185546875,0,0,4
1762843461.0512936,9500912255140419907,0,10,4,53,7,12,2,3,2,90719,4966.5361328125,0,0,3
1762843461.0512936,9500912255140419907,0,11,5,53,1,10,2,3,2,91333,4969.7158203125,0,0,3
1762843461.0512936,9500912255140419907,0,12,12,53,17,0,2,3,2,91510,5019.326171875,0,0,3
1762843461.0512936,9500912255140419907,0,13,7,53,5,6,2,3,2,91317,4975.64599609375,0,0,3
1762843461.0512936,9500912255140419907,0,14,9,53,13,2,2,3,2,91781,5001.9296875,0,0,3
1762843461.0512936,9500912255140419907,0,15,14,53,18,0,2,3,2,91628,5026.0283203125,0,0,3
1762843461.0512936,9500912255140419907,0,16,13,53,14,0,2,3,2,92449,5025.66015625,0,0,3
1762843461.0512936,9500912255140419907,0,17,1,53,6,25,2,3,2,90593,4956.45703125,0,0,3
1762843461.0512936,9500912255140419907,0,18,15,53,9,0,3,3,2,91175,5028.9296875,0,0,4
1762843461.0512936,9500912255140419907,0,19,20,0,20,0,0,4,1,0,5136.519262569025,0,0,1
1762843461.0512936,9500912255140419907,0,20,0,0,0,0,0,0,0,0,0.0,0,0,0
1762843461.0512936,9500912255140419907,0,21,0,0,0,0,0,0,0,0,0.0,0,0,0
1762843466.0633872,9500912255140419907,0,0,6,53,3,8,3,3,2,90011,4970.03515625,0,0,4
1762843466.0633872,9500912255140419907,0,1,8,53,15,4,2,3,2,90814,4997.806640625,0,0,3
1762843466.0633872,9500912255140419907,0,2,2,53,8,18,2,3,2,90669,4958.658203125,0,0,3
1762843466.0633872,9500912255140419907,0,3,10,53,10,1,2,3,2,91770,5003.53955078125,0,0,3
1762843466.0633872,9500912255140419907,0,4,16,53,16,0,3,3,2,91522,5031.4423828125,0,0,4
1762843466.0633872,9500912255140419907,0,5,3,53,2,15,2,3,2,91151,4959.40625,0,0,3
1762843466.0633872,9500912255140419907,0,6,19,52,11,0,3,3,2,93277,4999.85693359375,0,0,4
1762843466.0633872,9500912255140419907,0,7,18,52,12,0,2,3,2,93054,4959.05908203125,0,0,3
1762843466.0633872,9500912255140419907,0,8,17,53,19,0,3,3,2,91622,5047.9638671875,0,0,4
1762843466.0633872,9500912255140419907,0,9,11,53,4,0,3,3,2,91281,5007.185546875,0,0,4
1762843466.0633872,9500912255140419907,0,10,4,53,7,12,2,3,2,90719,4966.5361328125,0,0,3
1762843466.0633872,9500912255140419907,0,11,5,53,1,10,2,3,2,91333,4969.7158203125,0,0,3
1762843466.0633872,9500912255140419907,0,12,12,53,17,0,2,3,2,91510,5019.326171875,0,0,3
1762843466.0633872,9500912255140419907,0,13,7,53,5,6,2,3,2,91317,4975.64599609375,0,0,3
1762843466.0633872,9500912255140419907,0,14,9,53,13,2,2,3,2,91781,5001.9296875,0,0,3
1762843466.0633872,9500912255140419907,0,15,14,53,18,0,2,3,2,91628,5026.0283203125,0,0,3
1762843466.0633872,9500912255140419907,0,16,13,53,14,0,2,3,2,92449,5025.66015625,0,0,3
1762843466.0633872,9500912255140419907,0,17,1,53,6,25,2,3,2,90593,4956.45703125,0,0,3
1762843466.0633872,9500912255140419907,0,18,15,53,9,0,3,3,2,91175,5028.9296875,0,0,4
1762843466.0633872,9500912255140419907,0,19,20,0,20,0,0,4,1,0,5136.519262569025,0,0,1
1762843466.0633872,9500912255140419907,0,20,0,0,0,0,0,0,0,0,0.0,0,0,0
1762843466.0633872,9500912255140419907,0,21,0,0,0,0,0,0,0,0,0.0,0,0,0
1762843471.0659182,9500912255140419907,0,0,6,53,3,8,3,3,2,90011,4970.03515625,0,0,4
1762843471.0659182,9500912255140419907,0,1,8,53,15,4,2,3,2,90814,4997.806640625,0,0,3
1762843471.0659182,9500912255140419907,0,2,2,53,8,18,2,3,2,90669,4958.658203125,0,0,3
1762843471.0659182,9500912255140419907,0,3,10,53,10,1,2,3,2,91770,5003.53955078125,0,0,3
1762843471.0659182,9500912255140419907,0,4,16,53,16,0,3,3,2,91522,5031.4423828125,0,0,4
1762843471.0659182,9500912255140419907,0,5,3,53,2,15,2,3,2,91151,4959.40625,0,0,3
1762843471.0659182,9500912255140419907,0,6,19,52,11,0,3,3,2,93277,4999.85693359375,0,0,4
1762843471.0659182,9500912255140419907,0,7,18,52,12,0,2,3,2,93054,4959.05908203125,0,0,3
1762843471.0659182,9500912255140419907,0,8,17,53,19,0,3,3,2,91622,5047.9638671875,0,0,4
1762843471.0659182,9500912255140419907,0,9,11,53,4,0,3,3,2,91281,5007.185546875,0,0,4
1762843471.0659182,9500912255140419907,0,10,4,53,7,12,2,3,2,90719,4966.5361328125,0,0,3
1762843471.0659182,9500912255140419907,0,11,5,53,1,10,2,3,2,91333,4969.7158203125,0,0,3
1762843471.0659182,9500912255140419907,0,12,12,53,17,0,2,3,2,91510,5019.326171875,0,0,3
1762843471.0659182,9500912255140419907,0,13,7,53,5,6,2,3,2,91317,4975.64599609375,0,0,3
1762843471.0659182,9500912255140419907,0,14,9,53,13,2,2,3,2,91781,5001.9296875,0,0,3
1762843471.0659182,9500912255140419907,0,15,14,53,18,0,2,3,2,91628,5026.0283203125,0,0,3
1762843471.0659182,9500912255140419907,0,16,13,53,14,0,2,3,2,92449,5025.66015625,0,0,3
1762843471.0659182,9500912255140419907,0,17,1,53,6,25,2,3,2,90593,4956.45703125,0,0,3
1762843471.0659182,9500912255140419907,0,18,15,53,9,0,3,3,2,91175,5028.9296875,0,0,4
1762843471.0659182,9500912255140419907,0,19,20,0,20,0,0,4,1,0,5136.519262569025,0,0,1
1762843471.0659182,9500912255140419907,0,20,0,0,0,0,0,0,0,0,0.0,0,0,0
1762843471.0659182,9500912255140419907,0,21,0,0,0,0,0,0,0,0,0.0,0,0,0
1762843476.0753984,9500912255140419907,0,0,6,53,3,8,3,3,2,90011,4970.03515625,0,0,4
1762843476.0753984,9500912255140419907,0,1,8,53,15,4,2,3,2,90814,4997.806640625,0,0,3
1762843476.0753984,9500912255140419907,0,2,2,53,8,18,2,3,2,90669,4958.658203125,0,0,3
1762843476.0753984,9500912255140419907,0,3,10,53,10,1,2,3,2,91770,5003.53955078125,0,0,3
1762843476.0753984,9500912255140419907,0,4,16,53,16,0,3,3,2,91522,5031.4423828125,0,0,4
1762843476.0753984,9500912255140419907,0,5,3,53,2,15,2,3,2,91151,4959.40625,0,0,3
1762843476.0753984,9500912255140419907,0,6,19,52,11,0,3,3,2,93277,4999.85693359375,0,0,4
1762843476.0753984,9500912255140419907,0,7,18,52,12,0,2,3,2,93054,4959.05908203125,0,0,3
1762843476.0753984,9500912255140419907,0,8,17,53,19,0,3,3,2,91622,5047.9638671875,0,0,4
1762843476.0753984,9500912255140419907,0,9,11,53,4,0,3,3,2,91281,5007.185546875,0,0,4
1762843476.0753984,9500912255140419907,0,10,4,53,7,12,2,3,2,90719,4966.5361328125,0,0,3
1762843476.0753984,9500912255140419907,0,11,5,53,1,10,2,3,2,91333,4969.7158203125,0,0,3
1762843476.0753984,9500912255140419907,0,12,12,53,17,0,2,3,2,91510,5019.326171875,0,0,3
1762843476.0753984,9500912255140419907,0,13,7,53,5,6,2,3,2,91317,4975.64599609375,0,0,3
1762843476.0753984,9500912255140419907,0,14,9,53,13,2,2,3,2,91781,5001.9296875,0,0,3
1762843476.0753984,9500912255140419907,0,15,14,53,18,0,2,3,2,91628,5026.0283203125,0,0,3
1762843476.0753984,9500912255140419907,0,16,13,53,14,0,2,3,2,92449,5025.66015625,0,0,3
1762843476.0753984,9500912255140419907,0,17,1,53,6,25,2,3,2,90593,4956.45703125,0,0,3
1762843476.0753984,9500912255140419907,0,18,15,53,9,0,3,3,2,91175,5028.9296875,0,0,4
1762843476.0753984,9500912255140419907,0,19,20,0,20,0,0,4,1,0,5136.519262569025,0,0,1
1762843476.0753984,9500912255140419907,0,20,0,0,0,0,0,0,0,0,0.0,0,0,0
1762843476.0753984,9500912255140419907,0,21,0,0,0,0,0,0,0,0,0.0,0,0,0
1762843481.0944612,9500912255140419907,0,0,6,53,3,8,3,3,2,90011,4970.03515625,0,0,4
1762843481.0944612,9500912255140419907,0,1,8,53,15,4,2,3,2,90814,4997.806640625,0,0,3
1762843481.0944612,9500912255140419907,0,2,2,53,8,18,2,3,2,90669,4958.658203125,0,0,3
1762843481.0944612,9500912255140419907,0,3,10,53,10,1,2,3,2,91770,5003.53955078125,0,0,3
1762843481.0944612,9500912255140419907,0,4,16,53,16,0,3,3,2,91522,5031.4423828125,0,0,4
1762843481.0944612,9500912255140419907,0,5,3,53,2,15,2,3,2,91151,4959.40625,0,0,3
1762843481.0944612,9500912255140419907,0,6,19,52,11,0,3,3,2,93277,4999.85693359375,0,0,4
1762843481.0944612,9500912255140419907,0,7,18,52,12,0,2,3,2,93054,4959.05908203125,0,0,3
1762843481.0944612,9500912255140419907,0,8,17,53,19,0,3,3,2,91622,5047.9638671875,0,0,4
1762843481.0944612,9500912255140419907,0,9,11,53,4,0,3,3,2,91281,5007.185546875,0,0,4
1762843481.0944612,9500912255140419907,0,10,4,53,7,12,2,3,2,90719,4966.5361328125,0,0,3
1762843481.0944612,9500912255140419907,0,11,5,53,1,10,2,3,2,91333,4969.7158203125,0,0,3
1762843481.0944612,9500912255140419907,0,12,12,53,17,0,2,3,2,91510,5019.326171875,0,0,3
1762843481.0944612,9500912255140419907,0,13,7,53,5,6,2,3,2,91317,4975.64599609375,0,0,3
1762843481.0944612,9500912255140419907,0,14,9,53,13,2,2,3,2,91781,5001.9296875,0,0,3
1762843481.0944612,9500912255140419907,0,15,14,53,18,0,2,3,2,91628,5026.0283203125,0,0,3
1762843481.0944612,9500912255140419907,0,16,13,53,14,0,2,3,2,92449,5025.66015625,0,0,3
1762843481.0944612,9500912255140419907,0,17,1,53,6,25,2,3,2,90593,4956.45703125,0,0,3
1762843481.0944612,9500912255140419907,0,18,15,53,9,0,3,3,2,91175,5028.9296875,0,0,4
1762843481.0944612,9500912255140419907,0,19,20,0,20,0,0,4,1,0,5136.519262569025,0,0,1
1762843481.0944612,9500912255140419907,0,20,0,0,0,0,0,0,0,0,0.0,0,0,0
1762843481.0944612,9500912255140419907,0,21,0,0,0,0,0,0,0,0,0.0,0,0,0
1762843486.1017268,9500912255140419907,0,0,6,53,3,8,3,3,2,90011,4970.03515625,0,0,4
1762843486.1017268,9500912255140419907,0,1,8,53,15,4,2,3,2,90814,4997.806640625,0,0,3
1762843486.1017268,9500912255140419907,0,2,2,53,8,18,2,3,2,90669,4958.658203125,0,0,3
1762843486.1017268,9500912255140419907,0,3,10,53,10,1,2,3,2,91770,5003.53955078125,0,0,3
1762843486.1017268,9500912255140419907,0,4,16,53,16,0,3,3,2,91522,5031.4423828125,0,0,4
1762843486.1017268,9500912255140419907,0,5,3,53,2,15,2,3,2,91151,4959.40625,0,0,3
1762843486.1017268,9500912255140419907,0,6,19,52,11,0,3,3,2,93277,4999.85693359375,0,0,4
1762843486.1017268,9500912255140419907,0,7,18,52,12,0,2,3,2,93054,4959.05908203125,0,0,3
1762843486.1017268,9500912255140419907,0,8,17,53,19,0,3,3,2,91622,5047.9638671875,0,0,4
1762843486.1017268,9500912255140419907,0,9,11,53,4,0,3,3,2,91281,5007.185546875,0,0,4
1762843486.1017268,9500912255140419907,0,10,4,53,7,12,2,3,2,90719,4966.5361328125,0,0,3
1762843486.1017268,9500912255140419907,0,11,5,53,1,10,2,3,2,91333,4969.7158203125,0,0,3
1762843486.1017268,9500912255140419907,0,12,12,53,17,0,2,3,2,91510,5019.326171875,0,0,3
1762843486.1017268,9500912255140419907,0,13,7,53,5,6,2,3,2,91317,4975.64599609375,0,0,3
1762843486.1017268,9500912255140419907,0,14,9,53,13,2,2,3,2,91781,5001.9296875,0,0,3
1762843486.1017268,9500912255140419907,0,15,14,53,18,0,2,3,2,91628,5026.0283203125,0,0,3
1762843486.1017268,9500912255140419907,0,16,13,53,14,0,2,3,2,92449,5025.66015625,0,0,3
1762843486.1017268,9500912255140419907,0,17,1,53,6,25,2,3,2,90593,4956.45703125,0,0,3
1762843486.1017268,9500912255140419907,0,18,15,53,9,0,3,3,2,91175,5028.9296875,0,0,4
1762843486.1017268,9500912255140419907,0,19,20,0,20,0,0,4,1,0,5136.519262569025,0,0,1
1762843486.1017268,9500912255140419907,0,20,0,0,0,0,0,0,0,0,0.0,0,0,0
1762843486.1017268,9500912255140419907,0,21,0,0,0,0,0,0,0,0,0.0,0,0,0
1762843491.1055481,9500912255140419907,0,0,6,53,3,8,3,3,2,90011,4970.03515625,0,0,4
1762843491.1055481,9500912255140419907,0,1,8,53,15,4,2,3,2,90814,4997.806640625,0,0,3
1762843491.1055481,9500912255140419907,0,2,2,53,8,18,2,3,2,90669,4958.658203125,0,0,3
1762843491.1055481,9500912255140419907,0,3,10,53,10,1,2,3,2,91770,5003.53955078125,0,0,3
1762843491.1055481,9500912255140419907,0,4,16,53,16,0,3,3,2,91522,5031.4423828125,0,0,4
1762843491.1055481,9500912255140419907,0,5,3,53,2,15,2,3,2,91151,4959.40625,0,0,3
1762843491.1055481,9500912255140419907,0,6,19,52,11,0,3,3,2,93277,4999.85693359375,0,0,4
1762843491.1055481,9500912255140419907,0,7,18,52,12,0,2,3,2,93054,4959.05908203125,0,0,3
1762843491.1055481,9500912255140419907,0,8,17,53,19,0,3,3,2,91622,5047.9638671875,0,0,4
1762843491.1055481,9500912255140419907,0,9,11,53,4,0,3,3,2,91281,5007.185546875,0,0,4
1762843491.1055481,9500912255140419907,0,10,4,53,7,12,2,3,2,90719,4966.5361328125,0,0,3
1762843491.1055481,9500912255140419907,0,11,5,53,1,10,2,3,2,91333,4969.7158203125,0,0,3
1762843491.1055481,9500912255140419907,0,12,12,53,17,0,2,3,2,91510,5019.326171875,0,0,3
1762843491.1055481,9500912255140419907,0,13,7,53,5,6,2,3,2,91317,4975.64599609375,0,0,3
1762843491.1055481,9500912255140419907,0,14,9,53,13,2,2,3,2,91781,5001.9296875,0,0,3
1762843491.1055481,9500912255140419907,0,15,14,53,18,0,2,3,2,91628,5026.0283203125,0,0,3
1762843491.1055481,9500912255140419907,0,16,13,53,14,0,2,3,2,92449,5025.66015625,0,0,3
1762843491.1055481,9500912255140419907,0,17,1,53,6,25,2,3,2,90593,4956.45703125,0,0,3
1762843491.1055481,9500912255140419907,0,18,15,53,9,0,3,3,2,91175,5028.9296875,0,0,4
1762843491.1055481,9500912255140419907,0,19,20,0,20,0,0,4,1,0,5136.519262569025,0,0,1
1762843491.1055481,9500912255140419907,0,20,0,0,0,0,0,0,0,0,0.0,0,0,0
1762843491.1055481,9500912255140419907,0,21,0,0,0,0,0,0,0,0,0.0,0,0,0
1762843496.1246758,9500912255140419907,0,0,6,53,3,8,3,3,2,90011,4970.03515625,0,0,4
1762843496.1246758,9500912255140419907,0,1,8,53,15,4,2,3,2,90814,4997.806640625,0,0,3
1762843496.1246758,9500912255140419907,0,2,2,53,8,18,2,3,2,90669,4958.658203125,0,0,3
1762843496.1246758,9500912255140419907,0,3,10,53,10,1,2,3,2,91770,5003.53955078125,0,0,3
1762843496.1246758,9500912255140419907,0,4,16,53,16,0,3,3,2,91522,5031.4423828125,0,0,4
1762843496.1246758,9500912255140419907,0,5,3,53,2,15,2,3,2,91151,4959.40625,0,0,3
1762843496.1246758,9500912255140419907,0,6,19,52,11,0,3,3,2,93277,4999.85693359375,0,0,4
1762843496.1246758,9500912255140419907,0,7,18,52,12,0,2,3,2,93054,4959.05908203125,0,0,3
1762843496.1246758,9500912255140419907,0,8,17,53,19,0,3,3,2,91622,5047.9638671875,0,0,4
1762843496.1246758,9500912255140419907,0,9,11,53,4,0,3,3,2,91281,5007.185546875,0,0,4
1762843496.1246758,9500912255140419907,0,10,4,53,7,12,2,3,2,90719,4966.5361328125,0,0,3
1762843496.1246758,9500912255140419907,0,11,5,53,1,10,2,3,2,91333,4969.7158203125,0,0,3
1762843496.1246758,9500912255140419907,0,12,12,53,17,0,2,3,2,91510,5019.326171875,0,0,3
1762843496.1246758,9500912255140419907,0,13,7,53,5,6,2,3,2,91317,4975.64599609375,0,0,3
1762843496.1246758,9500912255140419907,0,14,9,53,13,2,2,3,2,91781,5001.9296875,0,0,3
1762843496.1246758,9500912255140419907,0,15,14,53,18,0,2,3,2,91628,5026.0283203125,0,0,3
1762843496.1246758,9500912255140419907,0,16,13,53,14,0,2,3,2,92449,5025.66015625,0,0,3
1762843496.1246758,9500912255140419907,0,17,1,53,6,25,2,3,2,90593,4956.45703125,0,0,3
1762843496.1246758,9500912255140419907,0,18,15,53,9,0,3,3,2,91175,5028.9296875,0,0,4
1762843496.1246758,9500912255140419907,0,19,20,0,20,0,0,4,1,0,5136.519262569025,0,0,1
1762843496.1246758,9500912255140419907,0,20,0,0,0,0,0,0,0,0,0.0,0,0,0
1762843496.1246758,9500912255140419907,0,21,0,0,0,0,0,0,0,0,0.0,0,0,0
1762843501.1396885,9500912255140419907,0,0,6,53,3,8,3,3,2,90011,4970.03515625,0,0,4
1762843501.1396885,9500912255140419907,0,1,8,53,15,4,2,3,2,90814,4997.806640625,0,0,3
1762843501.1396885,9500912255140419907,0,2,2,53,8,18,2,3,2,90669,4958.658203125,0,0,3
1762843501.1396885,9500912255140419907,0,3,10,53,10,1,2,3,2,91770,5003.53955078125,0,0,3
1762843501.1396885,9500912255140419907,0,4,16,53,16,0,3,3,2,91522,5031.4423828125,0,0,4
1762843501.1396885,9500912255140419907,0,5,3,53,2,15,2,3,2,91151,4959.40625,0,0,3
1762843501.1396885,9500912255140419907,0,6,19,52,11,0,3,3,2,93277,4999.85693359375,0,0,4
1762843501.1396885,9500912255140419907,0,7,18,52,12,0,2,3,2,93054,4959.05908203125,0,0,3
1762843501.1396885,9500912255140419907,0,8,17,53,19,0,3,3,2,91622,5047.9638671875,0,0,4
1762843501.1396885,9500912255140419907,0,9,11,53,4,0,3,3,2,91281,5007.185546875,0,0,4
1762843501.1396885,9500912255140419907,0,10,4,53,7,12,2,3,2,90719,4966.5361328125,0,0,3
1762843501.1396885,9500912255140419907,0,11,5,53,1,10,2,3,2,91333,4969.7158203125,0,0,3
1762843501.1396885,9500912255140419907,0,12,12,53,17,0,2,3,2,91510,5019.326171875,0,0,3
1762843501.1396885,9500912255140419907,0,13,7,53,5,6,2,3,2,91317,4975.64599609375,0,0,3
1762843501.1396885,9500912255140419907,0,14,9,53,13,2,2,3,2,91781,5001.9296875,0,0,3
1762843501.1396885,9500912255140419907,0,15,14,53,18,0,2,3,2,91628,5026.0283203125,0,0,3
1762843501.1396885,9500912255140419907,0,16,13,53,14,0,2,3,2,92449,5025.66015625,0,0,3
1762843501.1396885,9500912255140419907,0,17,1,53,6,25,2,3,2,90593,4956.45703125,0,0,3
1762843501.1396885,9500912255140419907,0,18,15,53,9,0,3,3,2,91175,5028.9296875,0,0,4
1762843501.1396885,9500912255140419907,0,19,20,0,20,0,0,4,1,0,5136.519262569025,0,0,1
1762843501.1396885,9500912255140419907,0,20,0,0,0,0,0,0,0,0,0.0,0,0,0
1762843501.1396885,9500912255140419907,0,21,0,0,0,0,0,0,0,0,0.0,0,0,0
1762843506.1548629,9500912255140419907,0,0,6,53,3,8,3,3,2,90011,4970.03515625,0,0,4
1762843506.1548629,9500912255140419907,0,1,8,53,15,4,2,3,2,90814,4997.806640625,0,0,3
1762843506.1548629,9500912255140419907,0,2,2,53,8,18,2,3,2,90669,4958.658203125,0,0,3
1762843506.1548629,9500912255140419907,0,3,10,53,10,1,2,3,2,91770,5003.53955078125,0,0,3
1762843506.1548629,9500912255140419907,0,4,16,53,16,0,3,3,2,91522,5031.4423828125,0,0,4
1762843506.1548629,9500912255140419907,0,5,3,53,2,15,2,3,2,91151,4959.40625,0,0,3
1762843506.1548629,9500912255140419907,0,6,19,52,11,0,3,3,2,93277,4999.85693359375,0,0,4
1762843506.1548629,9500912255140419907,0,7,18,52,12,0,2,3,2,93054,4959.05908203125,0,0,3
1762843506.1548629,9500912255140419907,0,8,17,53,19,0,3,3,2,91622,5047.9638671875,0,0,4
1762843506.1548629,9500912255140419907,0,9,11,53,4,0,3,3,2,91281,5007.185546875,0,0,4
1762843506.1548629,9500912255140419907,0,10,4,53,7,12,2,3,2,90719,4966.5361328125,0,0,3
1762843506.1548629,9500912255140419907,0,11,5,53,1,10,2,3,2,91333,4969.7158203125,0,0,3
1762843506.1548629,9500912255140419907,0,12,12,53,17,0,2,3,2,91510,5019.326171875,0,0,3
1762843506.1548629,9500912255140419907,0,13,7,53,5,6,2,3,2,91317,4975.64599609375,0,0,3
1762843506.1548629,9500912255140419907,0,14,9,53,13,2,2,3,2,91781,5001.9296875,0,0,3
1762843506.1548629,9500912255140419907,0,15,14,53,18,0,2,3,2,91628,5026.0283203125,0,0,3
1762843506.1548629,9500912255140419907,0,16,13,53,14,0,2,3,2,92449,5025.66015625,0,0,3
1762843506.1548629,9500912255140419907,0,17,1,53,6,25,2,3,2,90593,4956.45703125,0,0,3
1762843506.1548629,9500912255140419907,0,18,15,53,9,0,3,3,2,91175,5028.9296875,0,0,4
1762843506.1548629,9500912255140419907,0,19,20,0,20,0,0,4,1,0,5136.519262569025,0,0,1
1762843506.1548629,9500912255140419907,0,20,0,0,0,0,0,0,0,0,0.0,0,0,0
1762843506.1548629,9500912255140419907,0,21,0,0,0,0,0,0,0,0,0.0,0,0,0
1762843511.1684682,9500912255140419907,0,0,6,53,3,8,3,3,2,90011,4970.03515625,0,0,4
1762843511.1684682,9500912255140419907,0,1,8,53,15,4,2,3,2,90814,4997.806640625,0,0,3
1762843511.1684682,9500912255140419907,0,2,2,53,8,18,2,3,2,90669,4958.658203125,0,0,3
1762843511.1684682,9500912255140419907,0,3,10,53,10,1,2,3,2,91770,5003.53955078125,0,0,3
1762843511.1684682,9500912255140419907,0,4,16,53,16,0,3,3,2,91522,5031.4423828125,0,0,4
1762843511.1684682,9500912255140419907,0,5,3,53,2,15,2,3,2,91151,4959.40625,0,0,3
1762843511.1684682,9500912255140419907,0,6,19,52,11,0,3,3,2,93277,4999.85693359375,0,0,4
1762843511.1684682,9500912255140419907,0,7,18,52,12,0,2,3,2,93054,4959.05908203125,0,0,3
1762843511.1684682,9500912255140419907,0,8,17,53,19,0,3,3,2,91622,5047.9638671875,0,0,4
1762843511.1684682,9500912255140419907,0,9,11,53,4,0,3,3,2,91281,5007.185546875,0,0,4
1762843511.1684682,9500912255140419907,0,10,4,53,7,12,2,3,2,90719,4966.5361328125,0,0,3
1762843511.1684682,9500912255140419907,0,11,5,53,1,10,2,3,2,91333,4969.7158203125,0,0,3
1762843511.1684682,9500912255140419907,0,12,12,53,17,0,2,3,2,91510,5019.326171875,0,0,3
1762843511.1684682,9500912255140419907,0,13,7,53,5,6,2,3,2,91317,4975.64599609375,0,0,3
1762843511.1684682,9500912255140419907,0,14,9,53,13,2,2,3,2,91781,5001.9296875,0,0,3
1762843511.1684682,9500912255140419907,0,15,14,53,18,0,2,3,2,91628,5026.0283203125,0,0,3
1762843511.1684682,9500912255140419907,0,16,13,53,14,0,2,3,2,92449,5025.66015625,0,0,3
1762843511.1684682,9500912255140419907,0,17,1,53,6,25,2,3,2,90593,4956.45703125,0,0,3
1762843511.1684682,9500912255140419907,0,18,15,53,9,0,3,3,2,91175,5028.9296875,0,0,4
1762843511.1684682,9500912255140419907,0,19,20,0,20,0,0,4,1,0,5136.519262569025,0,0,1
1762843511.1684682,9500912255140419907,0,20,0,0,0,0,0,0,0,0,0.0,0,0,0
1762843511.1684682,9500912255140419907,0,21,0,0,0,0,0,0,0,0,0.0,0,0,0
1762843516.18166,9500912255140419907,0,0,6,53,3,8,3,3,2,90011,4970.03515625,0,0,4
1762843516.18166,9500912255140419907,0,1,8,53,15,4,2,3,2,90814,4997.806640625,0,0,3
1762843516.18166,9500912255140419907,0,2,2,53,8,18,2,3,2,90669,4958.658203125,0,0,3
1762843516.18166,9500912255140419907,0,3,10,53,10,1,2,3,2,91770,5003.53955078125,0,0,3
1762843516.18166,9500912255140419907,0,4,16,53,16,0,3,3,2,91522,5031.4423828125,0,0,4
1762843516.18166,9500912255140419907,0,5,3,53,2,15,2,3,2,91151,4959.40625,0,0,3
1762843516.18166,9500912255140419907,0,6,19,52,11,0,3,3,2,93277,4999.85693359375,0,0,4
1762843516.18166,9500912255140419907,0,7,18,52,12,0,2,3,2,93054,4959.05908203125,0,0,3
1762843516.18166,9500912255140419907,0,8,17,53,19,0,3,3,2,91622,5047.9638671875,0,0,4
1762843516.18166,9500912255140419907,0,9,11,53,4,0,3,3,2,91281,5007.185546875,0,0,4
1762843516.18166,9500912255140419907,0,10,4,53,7,12,2,3,2,90719,4966.5361328125,0,0,3
1762843516.18166,9500912255140419907,0,11,5,53,1,10,2,3,2,91333,4969.7158203125,0,0,3
1762843516.18166,9500912255140419907,0,12,12,53,17,0,2,3,2,91510,5019.326171875,0,0,3
1762843516.18166,9500912255140419907,0,13,7,53,5,6,2,3,2,91317,4975.64599609375,0,0,3
1762843516.18166,9500912255140419907,0,14,9,53,13,2,2,3,2,91781,5001.9296875,0,0,3
1762843516.18166,9500912255140419907,0,15,14,53,18,0,2,3,2,91628,5026.0283203125,0,0,3
1762843516.18166,9500912255140419907,0,16,13,53,14,0,2,3,2,92449,5025.66015625,0,0,3
1762843516.18166,9500912255140419907,0,17,1,53,6,25,2,3,2,90593,4956.45703125,0,0,3
1762843516.18166,9500912255140419907,0,18,15,53,9,0,3,3,2,91175,5028.9296875,0,0,4
1762843516.18166,9500912255140419907,0,19,20,0,20,0,0,4,1,0,5136.519262569025,0,0,1
1762843516.18166,9500912255140419907,0,20,0,0,0,0,0,0,0,0,0.0,0,0,0
1762843516.18166,9500912255140419907,0,21,0,0,0,0,0,0,0,0,0.0,0,0,0
1762843521.195888,9500912255140419907,0,0,6,53,3,8,3,3,2,90011,4970.03515625,0,0,4
1762843521.195888,9500912255140419907,0,1,8,53,15,4,2,3,2,90814,4997.806640625,0,0,3
1762843521.195888,9500912255140419907,0,2,2,53,8,18,2,3,2,90669,4958.658203125,0,0,3
1762843521.195888,9500912255140419907,0,3,10,53,10,1,2,3,2,91770,5003.53955078125,0,0,3
1762843521.195888,9500912255140419907,0,4,16,53,16,0,3,3,2,91522,5031.4423828125,0,0,4
1762843521.195888,9500912255140419907,0,5,3,53,2,15,2,3,2,91151,4959.40625,0,0,3
1762843521.195888,9500912255140419907,0,6,19,52,11,0,3,3,2,93277,4999.85693359375,0,0,4
1762843521.195888,9500912255140419907,0,7,18,52,12,0,2,3,2,93054,4959.05908203125,0,0,3
1762843521.195888,9500912255140419907,0,8,17,53,19,0,3,3,2,91622,5047.9638671875,0,0,4
1762843521.195888,9500912255140419907,0,9,11,53,4,0,3,3,2,91281,5007.185546875,0,0,4
1762843521.195888,9500912255140419907,0,10,4,53,7,12,2,3,2,90719,4966.5361328125,0,0,3
1762843521.195888,9500912255140419907,0,11,5,53,1,10,2,3,2,91333,4969.7158203125,0,0,3
1762843521.195888,9500912255140419907,0,12,12,53,17,0,2,3,2,91510,5019.326171875,0,0,3
1762843521.195888,9500912255140419907,0,13,7,53,5,6,2,3,2,91317,4975.64599609375,0,0,3
1762843521.195888,9500912255140419907,0,14,9,53,13,2,2,3,2,91781,5001.9296875,0,0,3
1762843521.195888,9500912255140419907,0,15,14,53,18,0,2,3,2,91628,5026.0283203125,0,0,3
1762843521.195888,9500912255140419907,0,16,13,53,14,0,2,3,2,92449,5025.66015625,0,0,3
1762843521.195888,9500912255140419907,0,17,1,53,6,25,2,3,2,90593,4956.45703125,0,0,3
1762843521.195888,9500912255140419907,0,18,15,53,9,0,3,3,2,91175,5028.9296875,0,0,4
1762843521.195888,9500912255140419907,0,19,20,0,20,0,0,4,1,0,5136.519262569025,0,0,1
1762843521.195888,9500912255140419907,0,20,0,0,0,0,0,0,0,0,0.0,0,0,0
1762843521.195888,9500912255140419907,0,21,0,0,0,0,0,0,0,0,0.0,0,0,0
1762843526.2028842,9500912255140419907,0,0,6,53,3,8,3,3,2,90011,4970.03515625,0,0,4
1762843526.2028842,9500912255140419907,0,1,8,53,15,4,2,3,2,90814,4997.806640625,0,0,3
1762843526.2028842,9500912255140419907,0,2,2,53,8,18,2,3,2,90669,4958.658203125,0,0,3
1762843526.2028842,9500912255140419907,0,3,10,53,10,1,2,3,2,91770,5003.53955078125,0,0,3
1762843526.2028842,9500912255140419907,0,4,16,53,16,0,3,3,2,91522,5031.4423828125,0,0,4
1762843526.2028842,9500912255140419907,0,5,3,53,2,15,2,3,2,91151,4959.40625,0,0,3
1762843526.2028842,9500912255140419907,0,6,19,52,11,0,3,3,2,93277,4999.85693359375,0,0,4
1762843526.2028842,9500912255140419907,0,7,18,52,12,0,2,3,2,93054,4959.05908203125,0,0,3
1762843526.2028842,9500912255140419907,0,8,17,53,19,0,3,3,2,91622,5047.9638671875,0,0,4
1762843526.2028842,9500912255140419907,0,9,11,53,4,0,3,3,2,91281,5007.185546875,0,0,4
1762843526.2028842,9500912255140419907,0,10,4,53,7,12,2,3,2,90719,4966.5361328125,0,0,3
1762843526.2028842,9500912255140419907,0,11,5,53,1,10,2,3,2,91333,4969.7158203125,0,0,3
1762843526.2028842,9500912255140419907,0,12,12,53,17,0,2,3,2,91510,5019.326171875,0,0,3
1762843526.2028842,9500912255140419907,0,13,7,53,5,6,2,3,2,91317,4975.64599609375,0,0,3
1762843526.2028842,9500912255140419907,0,14,9,53,13,2,2,3,2,91781,5001.9296875,0,0,3
1762843526.2028842,9500912255140419907,0,15,14,53,18,0,2,3,2,91628,5026.0283203125,0,0,3
1762843526.2028842,9500912255140419907,0,16,13,53,14,0,2,3,2,92449,5025.66015625,0,0,3
1762843526.2028842,9500912255140419907,0,17,1,53,6,25,2,3,2,90593,4956.45703125,0,0,3
1762843526.2028842,9500912255140419907,0,18,15,53,9,0,3,3,2,91175,5028.9296875,0,0,4
1762843526.2028842,9500912255140419907,0,19,20,0,20,0,0,4,1,0,5136.519262569025,0,0,1
1762843526.2028842,9500912255140419907,0,20,0,0,0,0,0,0,0,0,0.0,0,0,0
1762843526.2028842,9500912255140419907,0,21,0,0,0,0,0,0,0,0,0.0,0,0,0
1762843531.2152274,9500912255140419907,0,0,6,53,3,8,3,3,2,90011,4970.03515625,0,0,4
1762843531.2152274,9500912255140419907,0,1,8,53,15,4,2,3,2,90814,4997.806640625,0,0,3
1762843531.2152274,9500912255140419907,0,2,2,53,8,18,2,3,2,90669,4958.658203125,0,0,3
1762843531.2152274,9500912255140419907,0,3,10,53,10,1,2,3,2,91770,5003.53955078125,0,0,3
1762843531.2152274,9500912255140419907,0,4,16,53,16,0,3,3,2,91522,5031.4423828125,0,0,4
1762843531.2152274,9500912255140419907,0,5,3,53,2,15,2,3,2,91151,4959.40625,0,0,3
1762843531.2152274,9500912255140419907,0,6,19,52,11,0,3,3,2,93277,4999.85693359375,0,0,4
1762843531.2152274,9500912255140419907,0,7,18,52,12,0,2,3,2,93054,4959.05908203125,0,0,3
1762843531.2152274,9500912255140419907,0,8,17,53,19,0,3,3,2,91622,5047.9638671875,0,0,4
1762843531.2152274,9500912255140419907,0,9,11,53,4,0,3,3,2,91281,5007.185546875,0,0,4
1762843531.2152274,9500912255140419907,0,10,4,53,7,12,2,3,2,90719,4966.5361328125,0,0,3
1762843531.2152274,9500912255140419907,0,11,5,53,1,10,2,3,2,91333,4969.7158203125,0,0,3
1762843531.2152274,9500912255140419907,0,12,12,53,17,0,2,3,2,91510,5019.326171875,0,0,3
1762843531.2152274,9500912255140419907,0,13,7,53,5,6,2,3,2,91317,4975.64599609375,0,0,3
1762843531.2152274,9500912255140419907,0,14,9,53,13,2,2,3,2,91781,5001.9296875,0,0,3
1762843531.2152274,9500912255140419907,0,15,14,53,18,0,2,3,2,91628,5026.0283203125,0,0,3
1762843531.2152274,9500912255140419907,0,16,13,53,14,0,2,3,2,92449,5025.66015625,0,0,3
1762843531.2152274,9500912255140419907,0,17,1,53,6,25,2,3,2,90593,4956.45703125,0,0,3
1762843531.2152274,9500912255140419907,0,18,15,53,9,0,3,3,2,91175,5028.9296875,0,0,4
1762843531.2152274,9500912255140419907,0,19,20,0,20,0,0,4,1,0,5136.519262569025,0,0,1
1762843531.2152274,9500912255140419907,0,20,0,0,0,0,0,0,0,0,0.0,0,0,0
1762843531.2152274,9500912255140419907,0,21,0,0,0,0,0,0,0,0,0.0,0,0,0
1762843536.2276046,9500912255140419907,0,0,6,53,3,8,3,3,2,90011,4970.03515625,0,0,4
1762843536.2276046,9500912255140419907,0,1,8,53,15,4,2,3,2,90814,4997.806640625,0,0,3
1762843536.2276046,9500912255140419907,0,2,2,53,8,18,2,3,2,90669,4958.658203125,0,0,3
1762843536.2276046,9500912255140419907,0,3,10,53,10,1,2,3,2,91770,5003.53955078125,0,0,3
1762843536.2276046,9500912255140419907,0,4,16,53,16,0,3,3,2,91522,5031.4423828125,0,0,4
1762843536.2276046,9500912255140419907,0,5,3,53,2,15,2,3,2,91151,4959.40625,0,0,3
1762843536.2276046,9500912255140419907,0,6,19,52,11,0,3,3,2,93277,4999.85693359375,0,0,4
1762843536.2276046,9500912255140419907,0,7,18,52,12,0,2,3,2,93054,4959.05908203125,0,0,3
1762843536.2276046,9500912255140419907,0,8,17,53,19,0,3,3,2,91622,5047.9638671875,0,0,4
1762843536.2276046,9500912255140419907,0,9,11,53,4,0,3,3,2,91281,5007.185546875,0,0,4
1762843536.2276046,9500912255140419907,0,10,4,53,7,12,2,3,2,90719,4966.5361328125,0,0,3
1762843536.2276046,9500912255140419907,0,11,5,53,1,10,2,3,2,91333,4969.7158203125,0,0,3
1762843536.2276046,9500912255140419907,0,12,12,53,17,0,2,3,2,91510,5019.326171875,0,0,3
1762843536.2276046,9500912255140419907,0,13,7,53,5,6,2,3,2,91317,4975.64599609375,0,0,3
1762843536.2276046,9500912255140419907,0,14,9,53,13,2,2,3,2,91781,5001.9296875,0,0,3
1762843536.2276046,9500912255140419907,0,15,14,53,18,0,2,3,2,91628,5026.0283203125,0,0,3
1762843536.2276046,9500912255140419907,0,16,13,53,14,0,2,3,2,92449,5025.66015625,0,0,3
1762843536.2276046,9500912255140419907,0,17,1,53,6,25,2,3,2,90593,4956.45703125,0,0,3
1762843536.2276046,9500912255140419907,0,18,15,53,9,0,3,3,2,91175,5028.9296875,0,0,4
1762843536.2276046,9500912255140419907,0,19,20,0,20,0,0,4,1,0,5136.519262569025,0,0,1
1762843536.2276046,9500912255140419907,0,20,0,0,0,0,0,0,0,0,0.0,0,0,0
1762843536.2276046,9500912255140419907,0,21,0,0,0,0,0,0,0,0,0.0,0,0,0
1762843541.2383063,9500912255140419907,0,0,6,53,3,8,3,3,2,90011,4970.03515625,0,0,4
1762843541.2383063,9500912255140419907,0,1,8,53,15,4,2,3,2,90814,4997.806640625,0,0,3
1762843541.2383063,9500912255140419907,0,2,2,53,8,18,2,3,2,90669,4958.658203125,0,0,3
1762843541.2383063,9500912255140419907,0,3,10,53,10,1,2,3,2,91770,5003.53955078125,0,0,3
1762843541.2383063,9500912255140419907,0,4,16,53,16,0,3,3,2,91522,5031.4423828125,0,0,4
1762843541.2383063,9500912255140419907,0,5,3,53,2,15,2,3,2,91151,4959.40625,0,0,3
1762843541.2383063,9500912255140419907,0,6,19,52,11,0,3,3,2,93277,4999.85693359375,0,0,4
1762843541.2383063,9500912255140419907,0,7,18,52,12,0,2,3,2,93054,4959.05908203125,0,0,3
1762843541.2383063,9500912255140419907,0,8,17,53,19,0,3,3,2,91622,5047.9638671875,0,0,4
1762843541.2383063,9500912255140419907,0,9,11,53,4,0,3,3,2,91281,5007.185546875,0,0,4
1762843541.2383063,9500912255140419907,0,10,4,53,7,12,2,3,2,90719,4966.5361328125,0,0,3
1762843541.2383063,9500912255140419907,0,11,5,53,1,10,2,3,2,91333,4969.7158203125,0,0,3
1762843541.2383063,9500912255140419907,0,12,12,53,17,0,2,3,2,91510,5019.326171875,0,0,3
1762843541.2383063,9500912255140419907,0,13,7,53,5,6,2,3,2,91317,4975.64599609375,0,0,3
1762843541.2383063,9500912255140419907,0,14,9,53,13,2,2,3,2,91781,5001.9296875,0,0,3
1762843541.2383063,9500912255140419907,0,15,14,53,18,0,2,3,2,91628,5026.0283203125,0,0,3
1762843541.2383063,9500912255140419907,0,16,13,53,14,0,2,3,2,92449,5025.66015625,0,0,3
1762843541.2383063,9500912255140419907,0,17,1,53,6,25,2,3,2,90593,4956.45703125,0,0,3
1762843541.2383063,9500912255140419907,0,18,15,53,9,0,3,3,2,91175,5028.9296875,0,0,4
1762843541.2383063,9500912255140419907,0,19,20,0,20,0,0,4,1,0,5136.519262569025,0,0,1
1762843541.2383063,9500912255140419907,0,20,0,0,0,0,0,0,0,0,0.0,0,0,0
1762843541.2383063,9500912255140419907,0,21,0,0,0,0,0,0,0,0,0.0,0,0,0
1762843546.244542,9500912255140419907,0,0,6,53,3,8,3,3,2,90011,4970.03515625,0,0,4
1762843546.244542,9500912255140419907,0,1,8,53,15,4,2,3,2,90814,4997.806640625,0,0,3
1762843546.244542,9500912255140419907,0,2,2,53,8,18,2,3,2,90669,4958.658203125,0,0,3
1762843546.244542,9500912255140419907,0,3,10,53,10,1,2,3,2,91770,5003.53955078125,0,0,3
1762843546.244542,9500912255140419907,0,4,16,53,16,0,3,3,2,91522,5031.4423828125,0,0,4
1762843546.244542,9500912255140419907,0,5,3,53,2,15,2,3,2,91151,4959.40625,0,0,3
1762843546.244542,9500912255140419907,0,6,19,52,11,0,3,3,2,93277,4999.85693359375,0,0,4
1762843546.244542,9500912255140419907,0,7,18,52,12,0,2,3,2,93054,4959.05908203125,0,0,3
1762843546.244542,9500912255140419907,0,8,17,53,19,0,3,3,2,91622,5047.9638671875,0,0,4
1762843546.244542,9500912255140419907,0,9,11,53,4,0,3,3,2,91281,5007.185546875,0,0,4
1762843546.244542,9500912255140419907,0,10,4,53,7,12,2,3,2,90719,4966.5361328125,0,0,3
1762843546.244542,9500912255140419907,0,11,5,53,1,10,2,3,2,91333,4969.7158203125,0,0,3
1762843546.244542,9500912255140419907,0,12,12,53,17,0,2,3,2,91510,5019.326171875,0,0,3
1762843546.244542,9500912255140419907,0,13,7,53,5,6,2,3,2,91317,4975.64599609375,0,0,3
1762843546.244542,9500912255140419907,0,14,9,53,13,2,2,3,2,91781,5001.9296875,0,0,3
1762843546.244542,9500912255140419907,0,15,14,53,18,0,2,3,2,91628,5026.0283203125,0,0,3
1762843546.244542,9500912255140419907,0,16,13,53,14,0,2,3,2,92449,5025.66015625,0,0,3
1762843546.244542,9500912255140419907,0,17,1,53,6,25,2,3,2,90593,4956.45703125,0,0,3
1762843546.244542,9500912255140419907,0,18,15,53,9,0,3,3,2,91175,5028.9296875,0,0,4
1762843546.244542,9500912255140419907,0,19,20,0,20,0,0,4,1,0,5136.519262569025,0,0,1
1762843546.244542,9500912255140419907,0,20,0,0,0,0,0,0,0,0,0.0,0,0,0
1762843546.244542,9500912255140419907,0,21,0,0,0,0,0,0,0,0,0.0,0,0,0
1762843551.2624767,9500912255140419907,0,0,6,53,3,8,3,3,2,90011,4970.03515625,0,0,4
1762843551.2624767,9500912255140419907,0,1,8,53,15,4,2,3,2,90814,4997.806640625,0,0,3
1762843551.2624767,9500912255140419907,0,2,2,53,8,18,2,3,2,90669,4958.658203125,0,0,3
1762843551.2624767,9500912255140419907,0,3,10,53,10,1,2,3,2,91770,5003.53955078125,0,0,3
1762843551.2624767,9500912255140419907,0,4,16,53,16,0,3,3,2,91522,5031.4423828125,0,0,4
1762843551.2624767,9500912255140419907,0,5,3,53,2,15,2,3,2,91151,4959.40625,0,0,3
1762843551.2624767,9500912255140419907,0,6,19,52,11,0,3,3,2,93277,4999.85693359375,0,0,4
1762843551.2624767,9500912255140419907,0,7,18,52,12,0,2,3,2,93054,4959.05908203125,0,0,3
1762843551.2624767,9500912255140419907,0,8,17,53,19,0,3,3,2,91622,5047.9638671875,0,0,4
1762843551.2624767,9500912255140419907,0,9,11,53,4,0,3,3,2,91281,5007.185546875,0,0,4
1762843551.2624767,9500912255140419907,0,10,4,53,7,12,2,3,2,90719,4966.5361328125,0,0,3
1762843551.2624767,9500912255140419907,0,11,5,53,1,10,2,3,2,91333,4969.7158203125,0,0,3
1762843551.2624767,9500912255140419907,0,12,12,53,17,0,2,3,2,91510,5019.326171875,0,0,3
1762843551.2624767,9500912255140419907,0,13,7,53,5,6,2,3,2,91317,4975.64599609375,0,0,3
1762843551.2624767,9500912255140419907,0,14,9,53,13,2,2,3,2,91781,5001.9296875,0,0,3
1762843551.2624767,9500912255140419907,0,15,14,53,18,0,2,3,2,91628,5026.0283203125,0,0,3
1762843551.2624767,9500912255140419907,0,16,13,53,14,0,2,3,2,92449,5025.66015625,0,0,3
1762843551.2624767,9500912255140419907,0,17,1,53,6,25,2,3,2,90593,4956.45703125,0,0,3
1762843551.2624767,9500912255140419907,0,18,15,53,9,0,3,3,2,91175,5028.9296875,0,0,4
1762843551.2624767,9500912255140419907,0,19,20,0,20,0,0,4,1,0,5136.519262569025,0,0,1
1762843551.2624767,9500912255140419907,0,20,0,0,0,0,0,0,0,0,0.0,0,0,0
1762843551.2624767,9500912255140419907,0,21,0,0,0,0,0,0,0,0,0.0,0,0,0
1762843556.2659469,9500912255140419907,0,0,6,53,3,8,3,3,2,90011,4970.03515625,0,0,4
1762843556.2659469,9500912255140419907,0,1,8,53,15,4,2,3,2,90814,4997.806640625,0,0,3
1762843556.2659469,9500912255140419907,0,2,2,53,8,18,2,3,2,90669,4958.658203125,0,0,3
1762843556.2659469,9500912255140419907,0,3,10,53,10,1,2,3,2,91770,5003.53955078125,0,0,3
1762843556.2659469,9500912255140419907,0,4,16,53,16,0,3,3,2,91522,5031.4423828125,0,0,4
1762843556.2659469,9500912255140419907,0,5,3,53,2,15,2,3,2,91151,4959.40625,0,0,3
1762843556.2659469,9500912255140419907,0,6,19,52,11,0,3,3,2,93277,4999.85693359375,0,0,4
1762843556.2659469,9500912255140419907,0,7,18,52,12,0,2,3,2,93054,4959.05908203125,0,0,3
1762843556.2659469,9500912255140419907,0,8,17,53,19,0,3,3,2,91622,5047.9638671875,0,0,4
1762843556.2659469,9500912255140419907,0,9,11,53,4,0,3,3,2,91281,5007.185546875,0,0,4
1762843556.2659469,9500912255140419907,0,10,4,53,7,12,2,3,2,90719,4966.5361328125,0,0,3
1762843556.2659469,9500912255140419907,0,11,5,53,1,10,2,3,2,91333,4969.7158203125,0,0,3
1762843556.2659469,9500912255140419907,0,12,12,53,17,0,2,3,2,91510,5019.326171875,0,0,3
1762843556.2659469,9500912255140419907,0,13,7,53,5,6,2,3,2,91317,4975.64599609375,0,0,3
1762843556.2659469,9500912255140419907,0,14,9,53,13,2,2,3,2,91781,5001.9296875,0,0,3
1762843556.2659469,9500912255140419907,0,15,14,53,18,0,2,3,2,91628,5026.0283203125,0,0,3
1762843556.2659469,9500912255140419907,0,16,13,53,14,0,2,3,2,92449,5025.66015625,0,0,3
1762843556.2659469,9500912255140419907,0,17,1,53,6,25,2,3,2,90593,4956.45703125,0,0,3
1762843556.2659469,9500912255140419907,0,18,15,53,9,0,3,3,2,91175,5028.9296875,0,0,4
1762843556.2659469,9500912255140419907,0,19,20,0,20,0,0,4,1,0,5136.519262569025,0,0,1
1762843556.2659469,9500912255140419907,0,20,0,0,0,0,0,0,0,0,0.0,0,0,0
1762843556.2659469,9500912255140419907,0,21,0,0,0,0,0,0,0,0,0.0,0,0,0
1762843561.2681746,9500912255140419907,0,0,6,53,3,8,3,3,2,90011,4970.03515625,0,0,4
1762843561.2681746,9500912255140419907,0,1,8,53,15,4,2,3,2,90814,4997.806640625,0,0,3
1762843561.2681746,9500912255140419907,0,2,2,53,8,18,2,3,2,90669,4958.658203125,0,0,3
1762843561.2681746,9500912255140419907,0,3,10,53,10,1,2,3,2,91770,5003.53955078125,0,0,3
1762843561.2681746,9500912255140419907,0,4,16,53,16,0,3,3,2,91522,5031.4423828125,0,0,4
1762843561.2681746,9500912255140419907,0,5,3,53,2,15,2,3,2,91151,4959.40625,0,0,3
1762843561.2681746,9500912255140419907,0,6,19,52,11,0,3,3,2,93277,4999.85693359375,0,0,4
1762843561.2681746,9500912255140419907,0,7,18,52,12,0,2,3,2,93054,4959.05908203125,0,0,3
1762843561.2681746,9500912255140419907,0,8,17,53,19,0,3,3,2,91622,5047.9638671875,0,0,4
1762843561.2681746,9500912255140419907,0,9,11,53,4,0,3,3,2,91281,5007.185546875,0,0,4
1762843561.2681746,9500912255140419907,0,10,4,53,7,12,2,3,2,90719,4966.5361328125,0,0,3
1762843561.2681746,9500912255140419907,0,11,5,53,1,10,2,3,2,91333,4969.7158203125,0,0,3
1762843561.2681746,9500912255140419907,0,12,12,53,17,0,2,3,2,91510,5019.326171875,0,0,3
1762843561.2681746,9500912255140419907,0,13,7,53,5,6,2,3,2,91317,4975.64599609375,0,0,3
1762843561.2681746,9500912255140419907,0,14,9,53,13,2,2,3,2,91781,5001.9296875,0,0,3
1762843561.2681746,9500912255140419907,0,15,14,53,18,0,2,3,2,91628,5026.0283203125,0,0,3
1762843561.2681746,9500912255140419907,0,16,13,53,14,0,2,3,2,92449,5025.66015625,0,0,3
1762843561.2681746,9500912255140419907,0,17,1,53,6,25,2,3,2,90593,4956.45703125,0,0,3
1762843561.2681746,9500912255140419907,0,18,15,53,9,0,3,3,2,91175,5028.9296875,0,0,4
1762843561.2681746,9500912255140419907,0,19,20,0,20,0,0,4,1,0,5136.519262569025,0,0,1
1762843561.2681746,9500912255140419907,0,20,0,0,0,0,0,0,0,0,0.0,0,0,0
1762843561.2681746,9500912255140419907,0,21,0,0,0,0,0,0,0,0,0.0,0,0,0
1762843566.275837,9500912255140419907,0,0,6,53,3,8,3,3,2,90011,4970.03515625,0,0,4
1762843566.275837,9500912255140419907,0,1,8,53,15,4,2,3,2,90814,4997.806640625,0,0,3
1762843566.275837,9500912255140419907,0,2,2,53,8,18,2,3,2,90669,4958.658203125,0,0,3
1762843566.275837,9500912255140419907,0,3,10,53,10,1,2,3,2,91770,5003.53955078125,0,0,3
1762843566.275837,9500912255140419907,0,4,16,53,16,0,3,3,2,91522,5031.4423828125,0,0,4
1762843566.275837,9500912255140419907,0,5,3,53,2,15,2,3,2,91151,4959.40625,0,0,3
1762843566.275837,9500912255140419907,0,6,19,52,11,0,3,3,2,93277,4999.85693359375,0,0,4
1762843566.275837,9500912255140419907,0,7,18,52,12,0,2,3,2,93054,4959.05908203125,0,0,3
1762843566.275837,9500912255140419907,0,8,17,53,19,0,3,3,2,91622,5047.9638671875,0,0,4
1762843566.275837,9500912255140419907,0,9,11,53,4,0,3,3,2,91281,5007.185546875,0,0,4
1762843566.275837,9500912255140419907,0,10,4,53,7,12,2,3,2,90719,4966.5361328125,0,0,3
1762843566.275837,9500912255140419907,0,11,5,53,1,10,2,3,2,91333,4969.7158203125,0,0,3
1762843566.275837,9500912255140419907,0,12,12,53,17,0,2,3,2,91510,5019.326171875,0,0,3
1762843566.275837,9500912255140419907,0,13,7,53,5,6,2,3,2,91317,4975.64599609375,0,0,3
1762843566.275837,9500912255140419907,0,14,9,53,13,2,2,3,2,91781,5001.9296875,0,0,3
1762843566.275837,9500912255140419907,0,15,14,53,18,0,2,3,2,91628,5026.0283203125,0,0,3
1762843566.275837,9500912255140419907,0,16,13,53,14,0,2,3,2,92449,5025.66015625,0,0,3
1762843566.275837,9500912255140419907,0,17,1,53,6,25,2,3,2,90593,4956.45703125,0,0,3
1762843566.275837,9500912255140419907,0,18,15,53,9,0,3,3,2,91175,5028.9296875,0,0,4
1762843566.275837,9500912255140419907,0,19,20,0,20,0,0,4,1,0,5136.519262569025,0,0,1
1762843566.275837,9500912255140419907,0,20,0,0,0,0,0,0,0,0,0.0,0,0,0
1762843566.275837,9500912255140419907,0,21,0,0,0,0,0,0,0,0,0.0,0,0,0
1762843571.2821453,9500912255140419907,0,0,6,53,3,8,3,3,2,90011,4970.03515625,0,0,4
1762843571.2821453,9500912255140419907,0,1,8,53,15,4,2,3,2,90814,4997.806640625,0,0,3
1762843571.2821453,9500912255140419907,0,2,2,53,8,18,2,3,2,90669,4958.658203125,0,0,3
1762843571.2821453,9500912255140419907,0,3,10,53,10,1,2,3,2,91770,5003.53955078125,0,0,3
1762843571.2821453,9500912255140419907,0,4,16,53,16,0,3,3,2,91522,5031.4423828125,0,0,4
1762843571.2821453,9500912255140419907,0,5,3,53,2,15,2,3,2,91151,4959.40625,0,0,3
1762843571.2821453,9500912255140419907,0,6,19,52,11,0,3,3,2,93277,4999.85693359375,0,0,4
1762843571.2821453,9500912255140419907,0,7,18,52,12,0,2,3,2,93054,4959.05908203125,0,0,3
1762843571.2821453,9500912255140419907,0,8,17,53,19,0,3,3,2,91622,5047.9638671875,0,0,4
1762843571.2821453,9500912255140419907,0,9,11,53,4,0,3,3,2,91281,5007.185546875,0,0,4
1762843571.2821453,9500912255140419907,0,10,4,53,7,12,2,3,2,90719,4966.5361328125,0,0,3
1762843571.2821453,9500912255140419907,0,11,5,53,1,10,2,3,2,91333,4969.7158203125,0,0,3
1762843571.2821453,9500912255140419907,0,12,12,53,17,0,2,3,2,91510,5019.326171875,0,0,3
1762843571.2821453,9500912255140419907,0,13,7,53,5,6,2,3,2,91317,4975.64599609375,0,0,3
1762843571.2821453,9500912255140419907,0,14,9,53,13,2,2,3,2,91781,5001.9296875,0,0,3
1762843571.2821453,9500912255140419907,0,15,14,53,18,0,2,3,2,91628,5026.0283203125,0,0,3
1762843571.2821453,9500912255140419907,0,16,13,53,14,0,2,3,2,92449,5025.66015625,0,0,3
1762843571.2821453,9500912255140419907,0,17,1,53,6,25,2,3,2,90593,4956.45703125,0,0,3
1762843571.2821453,9500912255140419907,0,18,15,53,9,0,3,3,2,91175,5028.9296875,0,0,4
1762843571.2821453,9500912255140419907,0,19,20,0,20,0,0,4,1,0,5136.519262569025,0,0,1
1762843571.2821453,9500912255140419907,0,20,0,0,0,0,0,0,0,0,0.0,0,0,0
1762843571.2821453,9500912255140419907,0,21,0,0,0,0,0,0,0,0,0.0,0,0,0
1762843576.2947185,9500912255140419907,0,0,6,53,3,8,3,3,2,90011,4970.03515625,0,0,4
1762843576.2947185,9500912255140419907,0,1,8,53,15,4,2,3,2,90814,4997.806640625,0,0,3
1762843576.2947185,9500912255140419907,0,2,2,53,8,18,2,3,2,90669,4958.658203125,0,0,3
1762843576.2947185,9500912255140419907,0,3,10,53,10,1,2,3,2,91770,5003.53955078125,0,0,3
1762843576.2947185,9500912255140419907,0,4,16,53,16,0,3,3,2,91522,5031.4423828125,0,0,4
1762843576.2947185,9500912255140419907,0,5,3,53,2,15,2,3,2,91151,4959.40625,0,0,3
1762843576.2947185,9500912255140419907,0,6,19,52,11,0,3,3,2,93277,4999.85693359375,0,0,4
1762843576.2947185,9500912255140419907,0,7,18,52,12,0,2,3,2,93054,4959.05908203125,0,0,3
1762843576.2947185,9500912255140419907,0,8,17,53,19,0,3,3,2,91622,5047.9638671875,0,0,4
1762843576.2947185,9500912255140419907,0,9,11,53,4,0,3,3,2,91281,5007.185546875,0,0,4
1762843576.2947185,9500912255140419907,0,10,4,53,7,12,2,3,2,90719,4966.5361328125,0,0,3
1762843576.2947185,9500912255140419907,0,11,5,53,1,10,2,3,2,91333,4969.7158203125,0,0,3
1762843576.2947185,9500912255140419907,0,12,12,53,17,0,2,3,2,91510,5019.326171875,0,0,3
1762843576.2947185,9500912255140419907,0,13,7,53,5,6,2,3,2,91317,4975.64599609375,0,0,3
1762843576.2947185,9500912255140419907,0,14,9,53,13,2,2,3,2,91781,5001.9296875,0,0,3
1762843576.2947185,9500912255140419907,0,15,14,53,18,0,2,3,2,91628,5026.0283203125,0,0,3
1762843576.2947185,9500912255140419907,0,16,13,53,14,0,2,3,2,92449,5025.66015625,0,0,3
1762843576.2947185,9500912255140419907,0,17,1,53,6,25,2,3,2,90593,4956.45703125,0,0,3
1762843576.2947185,9500912255140419907,0,18,15,53,9,0,3,3,2,91175,5028.9296875,0,0,4
1762843576.2947185,9500912255140419907,0,19,20,0,20,0,0,4,1,0,5136.519262569025,0,0,1
1762843576.2947185,9500912255140419907,0,20,0,0,0,0,0,0,0,0,0.0,0,0,0
1762843576.2947185,9500912255140419907,0,21,0,0,0,0,0,0,0,0,0.0,0,0,0
1762843581.3061848,9500912255140419907,0,0,6,53,3,8,3,3,2,90011,4970.03515625,0,0,4
1762843581.3061848,9500912255140419907,0,1,8,53,15,4,2,3,2,90814,4997.806640625,0,0,3
1762843581.3061848,9500912255140419907,0,2,2,53,8,18,2,3,2,90669,4958.658203125,0,0,3
1762843581.3061848,9500912255140419907,0,3,10,53,10,1,2,3,2,91770,5003.53955078125,0,0,3
1762843581.3061848,9500912255140419907,0,4,16,53,16,0,3,3,2,91522,5031.4423828125,0,0,4
1762843581.3061848,9500912255140419907,0,5,3,53,2,15,2,3,2,91151,4959.40625,0,0,3
1762843581.3061848,9500912255140419907,0,6,19,52,11,0,3,3,2,93277,4999.85693359375,0,0,4
1762843581.3061848,9500912255140419907,0,7,18,52,12,0,2,3,2,93054,4959.05908203125,0,0,3
1762843581.3061848,9500912255140419907,0,8,17,53,19,0,3,3,2,91622,5047.9638671875,0,0,4
1762843581.3061848,9500912255140419907,0,9,11,53,4,0,3,3,2,91281,5007.185546875,0,0,4
1762843581.3061848,9500912255140419907,0,10,4,53,7,12,2,3,2,90719,4966.5361328125,0,0,3
1762843581.3061848,9500912255140419907,0,11,5,53,1,10,2,3,2,91333,4969.7158203125,0,0,3
1762843581.3061848,9500912255140419907,0,12,12,53,17,0,2,3,2,91510,5019.326171875,0,0,3
1762843581.3061848,9500912255140419907,0,13,7,53,5,6,2,3,2,91317,4975.64599609375,0,0,3
1762843581.3061848,9500912255140419907,0,14,9,53,13,2,2,3,2,91781,5001.9296875,0,0,3
1762843581.3061848,9500912255140419907,0,15,14,53,18,0,2,3,2,91628,5026.0283203125,0,0,3
1762843581.3061848,9500912255140419907,0,16,13,53,14,0,2,3,2,92449,5025.66015625,0,0,3
1762843581.3061848,9500912255140419907,0,17,1,53,6,25,2,3,2,90593,4956.45703125,0,0,3
1762843581.3061848,9500912255140419907,0,18,15,53,9,0,3,3,2,91175,5028.9296875,0,0,4
1762843581.3061848,9500912255140419907,0,19,20,0,20,0,0,4,1,0,5136.519262569025,0,0,1
1762843581.3061848,9500912255140419907,0,20,0,0,0,0,0,0,0,0,0.0,0,0,0
1762843581.3061848,9500912255140419907,0,21,0,0,0,0,0,0,0,0,0.0,0,0,0
1762843586.3200607,9500912255140419907,0,0,6,53,3,8,3,3,2,90011,4970.03515625,0,0,4
1762843586.3200607,9500912255140419907,0,1,8,53,15,4,2,3,2,90814,4997.806640625,0,0,3
1762843586.3200607,9500912255140419907,0,2,2,53,8,18,2,3,2,90669,4958.658203125,0,0,3
1762843586.3200607,9500912255140419907,0,3,10,53,10,1,2,3,2,91770,5003.53955078125,0,0,3
1762843586.3200607,9500912255140419907,0,4,16,53,16,0,3,3,2,91522,5031.4423828125,0,0,4
1762843586.3200607,9500912255140419907,0,5,3,53,2,15,2,3,2,91151,4959.40625,0,0,3
1762843586.3200607,9500912255140419907,0,6,19,52,11,0,3,3,2,93277,4999.85693359375,0,0,4
1762843586.3200607,9500912255140419907,0,7,18,52,12,0,2,3,2,93054,4959.05908203125,0,0,3
1762843586.3200607,9500912255140419907,0,8,17,53,19,0,3,3,2,91622,5047.9638671875,0,0,4
1762843586.3200607,9500912255140419907,0,9,11,53,4,0,3,3,2,91281,5007.185546875,0,0,4
1762843586.3200607,9500912255140419907,0,10,4,53,7,12,2,3,2,90719,4966.5361328125,0,0,3
1762843586.3200607,9500912255140419907,0,11,5,53,1,10,2,3,2,91333,4969.7158203125,0,0,3
1762843586.3200607,9500912255140419907,0,12,12,53,17,0,2,3,2,91510,5019.326171875,0,0,3
1762843586.3200607,9500912255140419907,0,13,7,53,5,6,2,3,2,91317,4975.64599609375,0,0,3
1762843586.3200607,9500912255140419907,0,14,9,53,13,2,2,3,2,91781,5001.9296875,0,0,3
1762843586.3200607,9500912255140419907,0,15,14,53,18,0,2,3,2,91628,5026.0283203125,0,0,3
1762843586.3200607,9500912255140419907,0,16,13,53,14,0,2,3,2,92449,5025.66015625,0,0,3
1762843586.3200607,9500912255140419907,0,17,1,53,6,25,2,3,2,90593,4956.45703125,0,0,3
1762843586.3200607,9500912255140419907,0,18,15,53,9,0,3,3,2,91175,5028.9296875,0,0,4
1762843586.3200607,9500912255140419907,0,19,20,0,20,0,0,4,1,0,5136.519262569025,0,0,1
1762843586.3200607,9500912255140419907,0,20,0,0,0,0,0,0,0,0,0.0,0,0,0
1762843586.3200607,9500912255140419907,0,21,0,0,0,0,0,0,0,0,0.0,0,0,0
1762843591.332334,9500912255140419907,0,0,6,53,3,8,3,3,2,90011,4970.03515625,0,0,4
1762843591.332334,9500912255140419907,0,1,8,53,15,4,2,3,2,90814,4997.806640625,0,0,3
1762843591.332334,9500912255140419907,0,2,2,53,8,18,2,3,2,90669,4958.658203125,0,0,3
1762843591.332334,9500912255140419907,0,3,10,53,10,1,2,3,2,91770,5003.53955078125,0,0,3
1762843591.332334,9500912255140419907,0,4,16,53,16,0,3,3,2,91522,5031.4423828125,0,0,4
1762843591.332334,9500912255140419907,0,5,3,53,2,15,2,3,2,91151,4959.40625,0,0,3
1762843591.332334,9500912255140419907,0,6,19,52,11,0,3,3,2,93277,4999.85693359375,0,0,4
1762843591.332334,9500912255140419907,0,7,18,52,12,0,2,3,2,93054,4959.05908203125,0,0,3
1762843591.332334,9500912255140419907,0,8,17,53,19,0,3,3,2,91622,5047.9638671875,0,0,4
1762843591.332334,9500912255140419907,0,9,11,53,4,0,3,3,2,91281,5007.185546875,0,0,4
1762843591.332334,9500912255140419907,0,10,4,53,7,12,2,3,2,90719,4966.5361328125,0,0,3
1762843591.332334,9500912255140419907,0,11,5,53,1,10,2,3,2,91333,4969.7158203125,0,0,3
1762843591.332334,9500912255140419907,0,12,12,53,17,0,2,3,2,91510,5019.326171875,0,0,3
1762843591.332334,9500912255140419907,0,13,7,53,5,6,2,3,2,91317,4975.64599609375,0,0,3
1762843591.332334,9500912255140419907,0,14,9,53,13,2,2,3,2,91781,5001.9296875,0,0,3
1762843591.332334,9500912255140419907,0,15,14,53,18,0,2,3,2,91628,5026.0283203125,0,0,3
1762843591.332334,9500912255140419907,0,16,13,53,14,0,2,3,2,92449,5025.66015625,0,0,3
1762843591.332334,9500912255140419907,0,17,1,53,6,25,2,3,2,90593,4956.45703125,0,0,3
1762843591.332334,9500912255140419907,0,18,15,53,9,0,3,3,2,91175,5028.9296875,0,0,4
1762843591.332334,9500912255140419907,0,19,20,0,20,0,0,4,1,0,5136.519262569025,0,0,1
1762843591.332334,9500912255140419907,0,20,0,0,0,0,0,0,0,0,0.0,0,0,0
1762843591.332334,9500912255140419907,0,21,0,0,0,0,0,0,0,0,0.0,0,0,0
1762843596.3346708,9500912255140419907,0,0,6,53,3,8,3,3,2,90011,4970.03515625,0,0,4
1762843596.3346708,9500912255140419907,0,1,8,53,15,4,2,3,2,90814,4997.806640625,0,0,3
1762843596.3346708,9500912255140419907,0,2,2,53,8,18,2,3,2,90669,4958.658203125,0,0,3
1762843596.3346708,9500912255140419907,0,3,10,53,10,1,2,3,2,91770,5003.53955078125,0,0,3
1762843596.3346708,9500912255140419907,0,4,16,53,16,0,3,3,2,91522,5031.4423828125,0,0,4
1762843596.3346708,9500912255140419907,0,5,3,53,2,15,2,3,2,91151,4959.40625,0,0,3
1762843596.3346708,9500912255140419907,0,6,19,52,11,0,3,3,2,93277,4999.85693359375,0,0,4
1762843596.3346708,9500912255140419907,0,7,18,52,12,0,2,3,2,93054,4959.05908203125,0,0,3
1762843596.3346708,9500912255140419907,0,8,17,53,19,0,3,3,2,91622,5047.9638671875,0,0,4
1762843596.3346708,9500912255140419907,0,9,11,53,4,0,3,3,2,91281,5007.185546875,0,0,4
1762843596.3346708,9500912255140419907,0,10,4,53,7,12,2,3,2,90719,4966.5361328125,0,0,3
1762843596.3346708,9500912255140419907,0,11,5,53,1,10,2,3,2,91333,4969.7158203125,0,0,3
1762843596.3346708,9500912255140419907,0,12,12,53,17,0,2,3,2,91510,5019.326171875,0,0,3
1762843596.3346708,9500912255140419907,0,13,7,53,5,6,2,3,2,91317,4975.64599609375,0,0,3
1762843596.3346708,9500912255140419907,0,14,9,53,13,2,2,3,2,91781,5001.9296875,0,0,3
1762843596.3346708,9500912255140419907,0,15,14,53,18,0,2,3,2,91628,5026.0283203125,0,0,3
1762843596.3346708,9500912255140419907,0,16,13,53,14,0,2,3,2,92449,5025.66015625,0,0,3
1762843596.3346708,9500912255140419907,0,17,1,53,6,25,2,3,2,90593,4956.45703125,0,0,3
1762843596.3346708,9500912255140419907,0,18,15,53,9,0,3,3,2,91175,5028.9296875,0,0,4
1762843596.3346708,9500912255140419907,0,19,20,0,20,0,0,4,1,0,5136.519262569025,0,0,1
1762843596.3346708,9500912255140419907,0,20,0,0,0,0,0,0,0,0,0.0,0,0,0
1762843596.3346708,9500912255140419907,0,21,0,0,0,0,0,0,0,0,0.0,0,0,0
1762843601.352676,9500912255140419907,0,0,6,53,3,8,3,3,2,90011,4970.03515625,0,0,4
1762843601.352676,9500912255140419907,0,1,8,53,15,4,2,3,2,90814,4997.806640625,0,0,3
1762843601.352676,9500912255140419907,0,2,2,53,8,18,2,3,2,90669,4958.658203125,0,0,3
1762843601.352676,9500912255140419907,0,3,10,53,10,1,2,3,2,91770,5003.53955078125,0,0,3
1762843601.352676,9500912255140419907,0,4,16,53,16,0,3,3,2,91522,5031.4423828125,0,0,4
1762843601.352676,9500912255140419907,0,5,3,53,2,15,2,3,2,91151,4959.40625,0,0,3
1762843601.352676,9500912255140419907,0,6,19,52,11,0,3,3,2,93277,4999.85693359375,0,0,4
1762843601.352676,9500912255140419907,0,7,18,52,12,0,2,3,2,93054,4959.05908203125,0,0,3
1762843601.352676,9500912255140419907,0,8,17,53,19,0,3,3,2,91622,5047.9638671875,0,0,4
1762843601.352676,9500912255140419907,0,9,11,53,4,0,3,3,2,91281,5007.185546875,0,0,4
1762843601.352676,9500912255140419907,0,10,4,53,7,12,2,3,2,90719,4966.5361328125,0,0,3
1762843601.352676,9500912255140419907,0,11,5,53,1,10,2,3,2,91333,4969.7158203125,0,0,3
1762843601.352676,9500912255140419907,0,12,12,53,17,0,2,3,2,91510,5019.326171875,0,0,3
1762843601.352676,9500912255140419907,0,13,7,53,5,6,2,3,2,91317,4975.64599609375,0,0,3
1762843601.352676,9500912255140419907,0,14,9,53,13,2,2,3,2,91781,5001.9296875,0,0,3
1762843601.352676,9500912255140419907,0,15,14,53,18,0,2,3,2,91628,5026.0283203125,0,0,3
1762843601.352676,9500912255140419907,0,16,13,53,14,0,2,3,2,92449,5025.66015625,0,0,3
1762843601.352676,9500912255140419907,0,17,1,53,6,25,2,3,2,90593,4956.45703125,0,0,3
1762843601.352676,9500912255140419907,0,18,15,53,9,0,3,3,2,91175,5028.9296875,0,0,4
1762843601.352676,9500912255140419907,0,19,20,0,20,0,0,4,1,0,5136.519262569025,0,0,1
1762843601.352676,9500912255140419907,0,20,0,0,0,0,0,0,0,0,0.0,0,0,0
1762843601.352676,9500912255140419907,0,21,0,0,0,0,0,0,0,0,0.0,0,0,0
1762843606.35321,9500912255140419907,0,0,6,53,3,8,3,3,2,90011,4970.03515625,0,0,4
1762843606.35321,9500912255140419907,0,1,8,53,15,4,2,3,2,90814,4997.806640625,0,0,3
1762843606.35321,9500912255140419907,0,2,2,53,8,18,2,3,2,90669,4958.658203125,0,0,3
1762843606.35321,9500912255140419907,0,3,10,53,10,1,2,3,2,91770,5003.53955078125,0,0,3
1762843606.35321,9500912255140419907,0,4,16,53,16,0,3,3,2,91522,5031.4423828125,0,0,4
1762843606.35321,9500912255140419907,0,5,3,53,2,15,2,3,2,91151,4959.40625,0,0,3
1762843606.35321,9500912255140419907,0,6,19,52,11,0,3,3,2,93277,4999.85693359375,0,0,4
1762843606.35321,9500912255140419907,0,7,18,52,12,0,2,3,2,93054,4959.05908203125,0,0,3
1762843606.35321,9500912255140419907,0,8,17,53,19,0,3,3,2,91622,5047.9638671875,0,0,4
1762843606.35321,9500912255140419907,0,9,11,53,4,0,3,3,2,91281,5007.185546875,0,0,4
1762843606.35321,9500912255140419907,0,10,4,53,7,12,2,3,2,90719,4966.5361328125,0,0,3
1762843606.35321,9500912255140419907,0,11,5,53,1,10,2,3,2,91333,4969.7158203125,0,0,3
1762843606.35321,9500912255140419907,0,12,12,53,17,0,2,3,2,91510,5019.326171875,0,0,3
1762843606.35321,9500912255140419907,0,13,7,53,5,6,2,3,2,91317,4975.64599609375,0,0,3
1762843606.35321,9500912255140419907,0,14,9,53,13,2,2,3,2,91781,5001.9296875,0,0,3
1762843606.35321,9500912255140419907,0,15,14,53,18,0,2,3,2,91628,5026.0283203125,0,0,3
1762843606.35321,9500912255140419907,0,16,13,53,14,0,2,3,2,92449,5025.66015625,0,0,3
1762843606.35321,9500912255140419907,0,17,1,53,6,25,2,3,2,90593,4956.45703125,0,0,3
1762843606.35321,9500912255140419907,0,18,15,53,9,0,3,3,2,91175,5028.9296875,0,0,4
1762843606.35321,9500912255140419907,0,19,20,0,20,0,0,4,1,0,5136.519262569025,0,0,1
1762843606.35321,9500912255140419907,0,20,0,0,0,0,0,0,0,0,0.0,0,0,0
1762843606.35321,9500912255140419907,0,21,0,0,0,0,0,0,0,0,0.0,0,0,0
1762843611.356707,9500912255140419907,0,0,6,53,3,8,3,3,2,90011,4970.03515625,0,0,4
1762843611.356707,9500912255140419907,0,1,8,53,15,4,2,3,2,90814,4997.806640625,0,0,3
1762843611.356707,9500912255140419907,0,2,2,53,8,18,2,3,2,90669,4958.658203125,0,0,3
1762843611.356707,9500912255140419907,0,3,10,53,10,1,2,3,2,91770,5003.53955078125,0,0,3
1762843611.356707,9500912255140419907,0,4,16,53,16,0,3,3,2,91522,5031.4423828125,0,0,4
1762843611.356707,9500912255140419907,0,5,3,53,2,15,2,3,2,91151,4959.40625,0,0,3
1762843611.356707,9500912255140419907,0,6,19,52,11,0,3,3,2,93277,4999.85693359375,0,0,4
1762843611.356707,9500912255140419907,0,7,18,52,12,0,2,3,2,93054,4959.05908203125,0,0,3
1762843611.356707,9500912255140419907,0,8,17,53,19,0,3,3,2,91622,5047.9638671875,0,0,4
1762843611.356707,9500912255140419907,0,9,11,53,4,0,3,3,2,91281,5007.185546875,0,0,4
1762843611.356707,9500912255140419907,0,10,4,53,7,12,2,3,2,90719,4966.5361328125,0,0,3
1762843611.356707,9500912255140419907,0,11,5,53,1,10,2,3,2,91333,4969.7158203125,0,0,3
1762843611.356707,9500912255140419907,0,12,12,53,17,0,2,3,2,91510,5019.326171875,0,0,3
1762843611.356707,9500912255140419907,0,13,7,53,5,6,2,3,2,91317,4975.64599609375,0,0,3
1762843611.356707,9500912255140419907,0,14,9,53,13,2,2,3,2,91781,5001.9296875,0,0,3
1762843611.356707,9500912255140419907,0,15,14,53,18,0,2,3,2,91628,5026.0283203125,0,0,3
1762843611.356707,9500912255140419907,0,16,13,53,14,0,2,3,2,92449,5025.66015625,0,0,3
1762843611.356707,9500912255140419907,0,17,1,53,6,25,2,3,2,90593,4956.45703125,0,0,3
1762843611.356707,9500912255140419907,0,18,15,53,9,0,3,3,2,91175,5028.9296875,0,0,4
1762843611.356707,9500912255140419907,0,19,20,0,20,0,0,4,1,0,5136.519262569025,0,0,1
1762843611.356707,9500912255140419907,0,20,0,0,0,0,0,0,0,0,0.0,0,0,0
1762843611.356707,9500912255140419907,0,21,0,0,0,0,0,0,0,0,0.0,0,0,0
1762843616.358221,9500912255140419907,0,0,6,53,3,8,3,3,2,90011,4970.03515625,0,0,4
1762843616.358221,9500912255140419907,0,1,8,53,15,4,2,3,2,90814,4997.806640625,0,0,3
1762843616.358221,9500912255140419907,0,2,2,53,8,18,2,3,2,90669,4958.658203125,0,0,3
1762843616.358221,9500912255140419907,0,3,10,53,10,1,2,3,2,91770,5003.53955078125,0,0,3
1762843616.358221,9500912255140419907,0,4,16,53,16,0,3,3,2,91522,5031.4423828125,0,0,4
1762843616.358221,9500912255140419907,0,5,3,53,2,15,2,3,2,91151,4959.40625,0,0,3
1762843616.358221,9500912255140419907,0,6,19,52,11,0,3,3,2,93277,4999.85693359375,0,0,4
1762843616.358221,9500912255140419907,0,7,18,52,12,0,2,3,2,93054,4959.05908203125,0,0,3
1762843616.358221,9500912255140419907,0,8,17,53,19,0,3,3,2,91622,5047.9638671875,0,0,4
1762843616.358221,9500912255140419907,0,9,11,53,4,0,3,3,2,91281,5007.185546875,0,0,4
1762843616.358221,9500912255140419907,0,10,4,53,7,12,2,3,2,90719,4966.5361328125,0,0,3
1762843616.358221,9500912255140419907,0,11,5,53,1,10,2,3,2,91333,4969.7158203125,0,0,3
1762843616.358221,9500912255140419907,0,12,12,53,17,0,2,3,2,91510,5019.326171875,0,0,3
1762843616.358221,9500912255140419907,0,13,7,53,5,6,2,3,2,91317,4975.64599609375,0,0,3
1762843616.358221,9500912255140419907,0,14,9,53,13,2,2,3,2,91781,5001.9296875,0,0,3
1762843616.358221,9500912255140419907,0,15,14,53,18,0,2,3,2,91628,5026.0283203125,0,0,3
1762843616.358221,9500912255140419907,0,16,13,53,14,0,2,3,2,92449,5025.66015625,0,0,3
1762843616.358221,9500912255140419907,0,17,1,53,6,25,2,3,2,90593,4956.45703125,0,0,3
1762843616.358221,9500912255140419907,0,18,15,53,9,0,3,3,2,91175,5028.9296875,0,0,4
1762843616.358221,9500912255140419907,0,19,20,0,20,0,0,4,1,0,5136.519262569025,0,0,1
1762843616.358221,9500912255140419907,0,20,0,0,0,0,0,0,0,0,0.0,0,0,0
1762843616.358221,9500912255140419907,0,21,0,0,0,0,0,0,0,0,0.0,0,0,0
1762843621.3669963,9500912255140419907,0,0,6,53,3,8,3,3,2,90011,4970.03515625,0,0,4
1762843621.3669963,9500912255140419907,0,1,8,53,15,4,2,3,2,90814,4997.806640625,0,0,3
1762843621.3669963,9500912255140419907,0,2,2,53,8,18,2,3,2,90669,4958.658203125,0,0,3
1762843621.3669963,9500912255140419907,0,3,10,53,10,1,2,3,2,91770,5003.53955078125,0,0,3
1762843621.3669963,9500912255140419907,0,4,16,53,16,0,3,3,2,91522,5031.4423828125,0,0,4
1762843621.3669963,9500912255140419907,0,5,3,53,2,15,2,3,2,91151,4959.40625,0,0,3
1762843621.3669963,9500912255140419907,0,6,19,52,11,0,3,3,2,93277,4999.85693359375,0,0,4
1762843621.3669963,9500912255140419907,0,7,18,52,12,0,2,3,2,93054,4959.05908203125,0,0,3
1762843621.3669963,9500912255140419907,0,8,17,53,19,0,3,3,2,91622,5047.9638671875,0,0,4
1762843621.3669963,9500912255140419907,0,9,11,53,4,0,3,3,2,91281,5007.185546875,0,0,4
1762843621.3669963,9500912255140419907,0,10,4,53,7,12,2,3,2,90719,4966.5361328125,0,0,3
1762843621.3669963,9500912255140419907,0,11,5,53,1,10,2,3,2,91333,4969.7158203125,0,0,3
1762843621.3669963,9500912255140419907,0,12,12,53,17,0,2,3,2,91510,5019.326171875,0,0,3
1762843621.3669963,9500912255140419907,0,13,7,53,5,6,2,3,2,91317,4975.64599609375,0,0,3
1762843621.3669963,9500912255140419907,0,14,9,53,13,2,2,3,2,91781,5001.9296875,0,0,3
1762843621.3669963,9500912255140419907,0,15,14,53,18,0,2,3,2,91628,5026.0283203125,0,0,3
1762843621.3669963,9500912255140419907,0,16,13,53,14,0,2,3,2,92449,5025.66015625,0,0,3
1762843621.3669963,9500912255140419907,0,17,1,53,6,25,2,3,2,90593,4956.45703125,0,0,3
1762843621.3669963,9500912255140419907,0,18,15,53,9,0,3,3,2,91175,5028.9296875,0,0,4
1762843621.3669963,9500912255140419907,0,19,20,0,20,0,0,4,1,0,5136.519262569025,0,0,1
1762843621.3669963,9500912255140419907,0,20,0,0,0,0,0,0,0,0,0.0,0,0,0
1762843621.3669963,9500912255140419907,0,21,0,0,0,0,0,0,0,0,0.0,0,0,0
1762843626.3823526,9500912255140419907,0,0,6,53,3,8,3,3,2,90011,4970.03515625,0,0,4
1762843626.3823526,9500912255140419907,0,1,8,53,15,4,2,3,2,90814,4997.806640625,0,0,3
1762843626.3823526,9500912255140419907,0,2,2,53,8,18,2,3,2,90669,4958.658203125,0,0,3
1762843626.3823526,9500912255140419907,0,3,10,53,10,1,2,3,2,91770,5003.53955078125,0,0,3
1762843626.3823526,9500912255140419907,0,4,16,53,16,0,3,3,2,91522,5031.4423828125,0,0,4
1762843626.3823526,9500912255140419907,0,5,3,53,2,15,2,3,2,91151,4959.40625,0,0,3
1762843626.3823526,9500912255140419907,0,6,19,52,11,0,3,3,2,93277,4999.85693359375,0,0,4
1762843626.3823526,9500912255140419907,0,7,18,52,12,0,2,3,2,93054,4959.05908203125,0,0,3
1762843626.3823526,9500912255140419907,0,8,17,53,19,0,3,3,2,91622,5047.9638671875,0,0,4
1762843626.3823526,9500912255140419907,0,9,11,53,4,0,3,3,2,91281,5007.185546875,0,0,4
1762843626.3823526,9500912255140419907,0,10,4,53,7,12,2,3,2,90719,4966.5361328125,0,0,3
1762843626.3823526,9500912255140419907,0,11,5,53,1,10,2,3,2,91333,4969.7158203125,0,0,3
1762843626.3823526,9500912255140419907,0,12,12,53,17,0,2,3,2,91510,5019.326171875,0,0,3
1762843626.3823526,9500912255140419907,0,13,7,53,5,6,2,3,2,91317,4975.64599609375,0,0,3
1762843626.3823526,9500912255140419907,0,14,9,53,13,2,2,3,2,91781,5001.9296875,0,0,3
1762843626.3823526,9500912255140419907,0,15,14,53,18,0,2,3,2,91628,5026.0283203125,0,0,3
1762843626.3823526,9500912255140419907,0,16,13,53,14,0,2,3,2,92449,5025.66015625,0,0,3
1762843626.3823526,9500912255140419907,0,17,1,53,6,25,2,3,2,90593,4956.45703125,0,0,3
1762843626.3823526,9500912255140419907,0,18,15,53,9,0,3,3,2,91175,5028.9296875,0,0,4
1762843626.3823526,9500912255140419907,0,19,20,0,20,0,0,4,1,0,5136.519262569025,0,0,1
1762843626.3823526,9500912255140419907,0,20,0,0,0,0,0,0,0,0,0.0,0,0,0
1762843626.3823526,9500912255140419907,0,21,0,0,0,0,0,0,0,0,0.0,0,0,0
1762843631.3965952,9500912255140419907,0,0,6,53,3,8,3,3,2,90011,4970.03515625,0,0,4
1762843631.3965952,9500912255140419907,0,1,8,53,15,4,2,3,2,90814,4997.806640625,0,0,3
1762843631.3965952,9500912255140419907,0,2,2,53,8,18,2,3,2,90669,4958.658203125,0,0,3
1762843631.3965952,9500912255140419907,0,3,10,53,10,1,2,3,2,91770,5003.53955078125,0,0,3
1762843631.3965952,9500912255140419907,0,4,16,53,16,0,3,3,2,91522,5031.4423828125,0,0,4
1762843631.3965952,9500912255140419907,0,5,3,53,2,15,2,3,2,91151,4959.40625,0,0,3
1762843631.3965952,9500912255140419907,0,6,19,52,11,0,3,3,2,93277,4999.85693359375,0,0,4
1762843631.3965952,9500912255140419907,0,7,18,52,12,0,2,3,2,93054,4959.05908203125,0,0,3
1762843631.3965952,9500912255140419907,0,8,17,53,19,0,3,3,2,91622,5047.9638671875,0,0,4
1762843631.3965952,9500912255140419907,0,9,11,53,4,0,3,3,2,91281,5007.185546875,0,0,4
1762843631.3965952,9500912255140419907,0,10,4,53,7,12,2,3,2,90719,4966.5361328125,0,0,3
1762843631.3965952,9500912255140419907,0,11,5,53,1,10,2,3,2,91333,4969.7158203125,0,0,3
1762843631.3965952,9500912255140419907,0,12,12,53,17,0,2,3,2,91510,5019.326171875,0,0,3
1762843631.3965952,9500912255140419907,0,13,7,53,5,6,2,3,2,91317,4975.64599609375,0,0,3
1762843631.3965952,9500912255140419907,0,14,9,53,13,2,2,3,2,91781,5001.9296875,0,0,3
1762843631.3965952,9500912255140419907,0,15,14,53,18,0,2,3,2,91628,5026.0283203125,0,0,3
1762843631.3965952,9500912255140419907,0,16,13,53,14,0,2,3,2,92449,5025.66015625,0,0,3
1762843631.3965952,9500912255140419907,0,17,1,53,6,25,2,3,2,90593,4956.45703125,0,0,3
1762843631.3965952,9500912255140419907,0,18,15,53,9,0,3,3,2,91175,5028.9296875,0,0,4
1762843631.3965952,9500912255140419907,0,19,20,0,20,0,0,4,1,0,5136.519262569025,0,0,1
1762843631.3965952,9500912255140419907,0,20,0,0,0,0,0,0,0,0,0.0,0,0,0
1762843631.3965952,9500912255140419907,0,21,0,0,0,0,0,0,0,0,0.0,0,0,0
1762843636.4154024,9500912255140419907,0,0,6,53,3,8,3,3,2,90011,4970.03515625,0,0,4
1762843636.4154024,9500912255140419907,0,1,8,53,15,4,2,3,2,90814,4997.806640625,0,0,3
1762843636.4154024,9500912255140419907,0,2,2,53,8,18,2,3,2,90669,4958.658203125,0,0,3
1762843636.4154024,9500912255140419907,0,3,10,53,10,1,2,3,2,91770,5003.53955078125,0,0,3
1762843636.4154024,9500912255140419907,0,4,16,53,16,0,3,3,2,91522,5031.4423828125,0,0,4
1762843636.4154024,9500912255140419907,0,5,3,53,2,15,2,3,2,91151,4959.40625,0,0,3
1762843636.4154024,9500912255140419907,0,6,19,52,11,0,3,3,2,93277,4999.85693359375,0,0,4
1762843636.4154024,9500912255140419907,0,7,18,52,12,0,2,3,2,93054,4959.05908203125,0,0,3
1762843636.4154024,9500912255140419907,0,8,17,53,19,0,3,3,2,91622,5047.9638671875,0,0,4
1762843636.4154024,9500912255140419907,0,9,11,53,4,0,3,3,2,91281,5007.185546875,0,0,4
1762843636.4154024,9500912255140419907,0,10,4,53,7,12,2,3,2,90719,4966.5361328125,0,0,3
1762843636.4154024,9500912255140419907,0,11,5,53,1,10,2,3,2,91333,4969.7158203125,0,0,3
1762843636.4154024,9500912255140419907,0,12,12,53,17,0,2,3,2,91510,5019.326171875,0,0,3
1762843636.4154024,9500912255140419907,0,13,7,53,5,6,2,3,2,91317,4975.64599609375,0,0,3
1762843636.4154024,9500912255140419907,0,14,9,53,13,2,2,3,2,91781,5001.9296875,0,0,3
1762843636.4154024,9500912255140419907,0,15,14,53,18,0,2,3,2,91628,5026.0283203125,0,0,3
1762843636.4154024,9500912255140419907,0,16,13,53,14,0,2,3,2,92449,5025.66015625,0,0,3
1762843636.4154024,9500912255140419907,0,17,1,53,6,25,2,3,2,90593,4956.45703125,0,0,3
1762843636.4154024,9500912255140419907,0,18,15,53,9,0,3,3,2,91175,5028.9296875,0,0,4
1762843636.4154024,9500912255140419907,0,19,20,0,20,0,0,4,1,0,5136.519262569025,0,0,1
1762843636.4154024,9500912255140419907,0,20,0,0,0,0,0,0,0,0,0.0,0,0,0
1762843636.4154024,9500912255140419907,0,21,0,0,0,0,0,0,0,0,0.0,0,0,0
1762843641.420368,9500912255140419907,0,0,6,53,3,8,3,3,2,90011,4970.03515625,0,0,4
1762843641.420368,9500912255140419907,0,1,8,53,15,4,2,3,2,90814,4997.806640625,0,0,3
1762843641.420368,9500912255140419907,0,2,2,53,8,18,2,3,2,90669,4958.658203125,0,0,3
1762843641.420368,9500912255140419907,0,3,10,53,10,1,2,3,2,91770,5003.53955078125,0,0,3
1762843641.420368,9500912255140419907,0,4,16,53,16,0,3,3,2,91522,5031.4423828125,0,0,4
1762843641.420368,9500912255140419907,0,5,3,53,2,15,2,3,2,91151,4959.40625,0,0,3
1762843641.420368,9500912255140419907,0,6,19,52,11,0,3,3,2,93277,4999.85693359375,0,0,4
1762843641.420368,9500912255140419907,0,7,18,52,12,0,2,3,2,93054,4959.05908203125,0,0,3
1762843641.420368,9500912255140419907,0,8,17,53,19,0,3,3,2,91622,5047.9638671875,0,0,4
1762843641.420368,9500912255140419907,0,9,11,53,4,0,3,3,2,91281,5007.185546875,0,0,4
1762843641.420368,9500912255140419907,0,10,4,53,7,12,2,3,2,90719,4966.5361328125,0,0,3
1762843641.420368,9500912255140419907,0,11,5,53,1,10,2,3,2,91333,4969.7158203125,0,0,3
1762843641.420368,9500912255140419907,0,12,12,53,17,0,2,3,2,91510,5019.326171875,0,0,3
1762843641.420368,9500912255140419907,0,13,7,53,5,6,2,3,2,91317,4975.64599609375,0,0,3
1762843641.420368,9500912255140419907,0,14,9,53,13,2,2,3,2,91781,5001.9296875,0,0,3
1762843641.420368,9500912255140419907,0,15,14,53,18,0,2,3,2,91628,5026.0283203125,0,0,3
1762843641.420368,9500912255140419907,0,16,13,53,14,0,2,3,2,92449,5025.66015625,0,0,3
1762843641.420368,9500912255140419907,0,17,1,53,6,25,2,3,2,90593,4956.45703125,0,0,3
1762843641.420368,9500912255140419907,0,18,15,53,9,0,3,3,2,91175,5028.9296875,0,0,4
1762843641.420368,9500912255140419907,0,19,20,0,20,0,0,4,1,0,5136.519262569025,0,0,1
1762843641.420368,9500912255140419907,0,20,0,0,0,0,0,0,0,0,0.0,0,0,0
1762843641.420368,9500912255140419907,0,21,0,0,0,0,0,0,0,0,0.0,0,0,0
1762843646.4235375,9500912255140419907,0,0,6,53,3,8,3,3,2,90011,4970.03515625,0,0,4
1762843646.4235375,9500912255140419907,0,1,8,53,15,4,2,3,2,90814,4997.806640625,0,0,3
1762843646.4235375,9500912255140419907,0,2,2,53,8,18,2,3,2,90669,4958.658203125,0,0,3
1762843646.4235375,9500912255140419907,0,3,10,53,10,1,2,3,2,91770,5003.53955078125,0,0,3
1762843646.4235375,9500912255140419907,0,4,16,53,16,0,3,3,2,91522,5031.4423828125,0,0,4
1762843646.4235375,9500912255140419907,0,5,3,53,2,15,2,3,2,91151,4959.40625,0,0,3
1762843646.4235375,9500912255140419907,0,6,19,52,11,0,3,3,2,93277,4999.85693359375,0,0,4
1762843646.4235375,9500912255140419907,0,7,18,52,12,0,2,3,2,93054,4959.05908203125,0,0,3
1762843646.4235375,9500912255140419907,0,8,17,53,19,0,3,3,2,91622,5047.9638671875,0,0,4
1762843646.4235375,9500912255140419907,0,9,11,53,4,0,3,3,2,91281,5007.185546875,0,0,4
1762843646.4235375,9500912255140419907,0,10,4,53,7,12,2,3,2,90719,4966.5361328125,0,0,3
1762843646.4235375,9500912255140419907,0,11,5,53,1,10,2,3,2,91333,4969.7158203125,0,0,3
1762843646.4235375,9500912255140419907,0,12,12,53,17,0,2,3,2,91510,5019.326171875,0,0,3
1762843646.4235375,9500912255140419907,0,13,7,53,5,6,2,3,2,91317,4975.64599609375,0,0,3
1762843646.4235375,9500912255140419907,0,14,9,53,13,2,2,3,2,91781,5001.9296875,0,0,3
1762843646.4235375,9500912255140419907,0,15,14,53,18,0,2,3,2,91628,5026.0283203125,0,0,3
1762843646.4235375,9500912255140419907,0,16,13,53,14,0,2,3,2,92449,5025.66015625,0,0,3
1762843646.4235375,9500912255140419907,0,17,1,53,6,25,2,3,2,90593,4956.45703125,0,0,3
1762843646.4235375,9500912255140419907,0,18,15,53,9,0,3,3,2,91175,5028.9296875,0,0,4
1762843646.4235375,9500912255140419907,0,19,20,0,20,0,0,4,1,0,5136.519262569025,0,0,1
1762843646.4235375,9500912255140419907,0,20,0,0,0,0,0,0,0,0,0.0,0,0,0
1762843646.4235375,9500912255140419907,0,21,0,0,0,0,0,0,0,0,0.0,0,0,0
1762843651.4450738,9500912255140419907,0,0,6,53,3,8,3,3,2,90011,4970.03515625,0,0,4
1762843651.4450738,9500912255140419907,0,1,8,53,15,4,2,3,2,90814,4997.806640625,0,0,3
1762843651.4450738,9500912255140419907,0,2,2,53,8,18,2,3,2,90669,4958.658203125,0,0,3
1762843651.4450738,9500912255140419907,0,3,10,53,10,1,2,3,2,91770,5003.53955078125,0,0,3
1762843651.4450738,9500912255140419907,0,4,16,53,16,0,3,3,2,91522,5031.4423828125,0,0,4
1762843651.4450738,9500912255140419907,0,5,3,53,2,15,2,3,2,91151,4959.40625,0,0,3
1762843651.4450738,9500912255140419907,0,6,19,52,11,0,3,3,2,93277,4999.85693359375,0,0,4
1762843651.4450738,9500912255140419907,0,7,18,52,12,0,2,3,2,93054,4959.05908203125,0,0,3
1762843651.4450738,9500912255140419907,0,8,17,53,19,0,3,3,2,91622,5047.9638671875,0,0,4
1762843651.4450738,9500912255140419907,0,9,11,53,4,0,3,3,2,91281,5007.185546875,0,0,4
1762843651.4450738,9500912255140419907,0,10,4,53,7,12,2,3,2,90719,4966.5361328125,0,0,3
1762843651.4450738,9500912255140419907,0,11,5,53,1,10,2,3,2,91333,4969.7158203125,0,0,3
1762843651.4450738,9500912255140419907,0,12,12,53,17,0,2,3,2,91510,5019.326171875,0,0,3
1762843651.4450738,9500912255140419907,0,13,7,53,5,6,2,3,2,91317,4975.64599609375,0,0,3
1762843651.4450738,9500912255140419907,0,14,9,53,13,2,2,3,2,91781,5001.9296875,0,0,3
1762843651.4450738,9500912255140419907,0,15,14,53,18,0,2,3,2,91628,5026.0283203125,0,0,3
1762843651.4450738,9500912255140419907,0,16,13,53,14,0,2,3,2,92449,5025.66015625,0,0,3
1762843651.4450738,9500912255140419907,0,17,1,53,6,25,2,3,2,90593,4956.45703125,0,0,3
1762843651.4450738,9500912255140419907,0,18,15,53,9,0,3,3,2,91175,5028.9296875,0,0,4
1762843651.4450738,9500912255140419907,0,19,20,0,20,0,0,4,1,0,5136.519262569025,0,0,1
1762843651.4450738,9500912255140419907,0,20,0,0,0,0,0,0,0,0,0.0,0,0,0
1762843651.4450738,9500912255140419907,0,21,0,0,0,0,0,0,0,0,0.0,0,0,0
1762843656.4597297,9500912255140419907,0,0,6,53,3,8,3,3,2,90011,4970.03515625,0,0,4
1762843656.4597297,9500912255140419907,0,1,8,53,15,4,2,3,2,90814,4997.806640625,0,0,3
1762843656.4597297,9500912255140419907,0,2,2,53,8,18,2,3,2,90669,4958.658203125,0,0,3
1762843656.4597297,9500912255140419907,0,3,10,53,10,1,2,3,2,91770,5003.53955078125,0,0,3
1762843656.4597297,9500912255140419907,0,4,16,53,16,0,3,3,2,91522,5031.4423828125,0,0,4
1762843656.4597297,9500912255140419907,0,5,3,53,2,15,2,3,2,91151,4959.40625,0,0,3
1762843656.4597297,9500912255140419907,0,6,19,52,11,0,3,3,2,93277,4999.85693359375,0,0,4
1762843656.4597297,9500912255140419907,0,7,18,52,12,0,2,3,2,93054,4959.05908203125,0,0,3
1762843656.4597297,9500912255140419907,0,8,17,53,19,0,3,3,2,91622,5047.9638671875,0,0,4
1762843656.4597297,9500912255140419907,0,9,11,53,4,0,3,3,2,91281,5007.185546875,0,0,4
1762843656.4597297,9500912255140419907,0,10,4,53,7,12,2,3,2,90719,4966.5361328125,0,0,3
1762843656.4597297,9500912255140419907,0,11,5,53,1,10,2,3,2,91333,4969.7158203125,0,0,3
1762843656.4597297,9500912255140419907,0,12,12,53,17,0,2,3,2,91510,5019.326171875,0,0,3
1762843656.4597297,9500912255140419907,0,13,7,53,5,6,2,3,2,91317,4975.64599609375,0,0,3
1762843656.4597297,9500912255140419907,0,14,9,53,13,2,2,3,2,91781,5001.9296875,0,0,3
1762843656.4597297,9500912255140419907,0,15,14,53,18,0,2,3,2,91628,5026.0283203125,0,0,3
1762843656.4597297,9500912255140419907,0,16,13,53,14,0,2,3,2,92449,5025.66015625,0,0,3
1762843656.4597297,9500912255140419907,0,17,1,53,6,25,2,3,2,90593,4956.45703125,0,0,3
1762843656.4597297,9500912255140419907,0,18,15,53,9,0,3,3,2,91175,5028.9296875,0,0,4
1762843656.4597297,9500912255140419907,0,19,20,0,20,0,0,4,1,0,5136.519262569025,0,0,1
1762843656.4597297,9500912255140419907,0,20,0,0,0,0,0,0,0,0,0.0,0,0,0
1762843656.4597297,9500912255140419907,0,21,0,0,0,0,0,0,0,0,0.0,0,0,0
1762843661.4784524,9500912255140419907,0,0,6,53,3,8,3,3,2,90011,4970.03515625,0,0,4
1762843661.4784524,9500912255140419907,0,1,8,53,15,4,2,3,2,90814,4997.806640625,0,0,3
1762843661.4784524,9500912255140419907,0,2,2,53,8,18,2,3,2,90669,4958.658203125,0,0,3
1762843661.4784524,9500912255140419907,0,3,10,53,10,1,2,3,2,91770,5003.53955078125,0,0,3
1762843661.4784524,9500912255140419907,0,4,16,53,16,0,3,3,2,91522,5031.4423828125,0,0,4
1762843661.4784524,9500912255140419907,0,5,3,53,2,15,2,3,2,91151,4959.40625,0,0,3
1762843661.4784524,9500912255140419907,0,6,19,52,11,0,3,3,2,93277,4999.85693359375,0,0,4
1762843661.4784524,9500912255140419907,0,7,18,52,12,0,2,3,2,93054,4959.05908203125,0,0,3
1762843661.4784524,9500912255140419907,0,8,17,53,19,0,3,3,2,91622,5047.9638671875,0,0,4
1762843661.4784524,9500912255140419907,0,9,11,53,4,0,3,3,2,91281,5007.185546875,0,0,4
1762843661.4784524,9500912255140419907,0,10,4,53,7,12,2,3,2,90719,4966.5361328125,0,0,3
1762843661.4784524,9500912255140419907,0,11,5,53,1,10,2,3,2,91333,4969.7158203125,0,0,3
1762843661.4784524,9500912255140419907,0,12,12,53,17,0,2,3,2,91510,5019.326171875,0,0,3
1762843661.4784524,9500912255140419907,0,13,7,53,5,6,2,3,2,91317,4975.64599609375,0,0,3
1762843661.4784524,9500912255140419907,0,14,9,53,13,2,2,3,2,91781,5001.9296875,0,0,3
1762843661.4784524,9500912255140419907,0,15,14,53,18,0,2,3,2,91628,5026.0283203125,0,0,3
1762843661.4784524,9500912255140419907,0,16,13,53,14,0,2,3,2,92449,5025.66015625,0,0,3
1762843661.4784524,9500912255140419907,0,17,1,53,6,25,2,3,2,90593,4956.45703125,0,0,3
1762843661.4784524,9500912255140419907,0,18,15,53,9,0,3,3,2,91175,5028.9296875,0,0,4
1762843661.4784524,9500912255140419907,0,19,20,0,20,0,0,4,1,0,5136.519262569025,0,0,1
1762843661.4784524,9500912255140419907,0,20,0,0,0,0,0,0,0,0,0.0,0,0,0
1762843661.4784524,9500912255140419907,0,21,0,0,0,0,0,0,0,0,0.0,0,0,0
1762843666.4982636,9500912255140419907,0,0,6,53,3,8,3,3,2,90011,4970.03515625,0,0,4
1762843666.4982636,9500912255140419907,0,1,8,53,15,4,2,3,2,90814,4997.806640625,0,0,3
1762843666.4982636,9500912255140419907,0,2,2,53,8,18,2,3,2,90669,4958.658203125,0,0,3
1762843666.4982636,9500912255140419907,0,3,10,53,10,1,2,3,2,91770,5003.53955078125,0,0,3
1762843666.4982636,9500912255140419907,0,4,16,53,16,0,3,3,2,91522,5031.4423828125,0,0,4
1762843666.4982636,9500912255140419907,0,5,3,53,2,15,2,3,2,91151,4959.40625,0,0,3
1762843666.4982636,9500912255140419907,0,6,19,52,11,0,3,3,2,93277,4999.85693359375,0,0,4
1762843666.4982636,9500912255140419907,0,7,18,52,12,0,2,3,2,93054,4959.05908203125,0,0,3
1762843666.4982636,9500912255140419907,0,8,17,53,19,0,3,3,2,91622,5047.9638671875,0,0,4
1762843666.4982636,9500912255140419907,0,9,11,53,4,0,3,3,2,91281,5007.185546875,0,0,4
1762843666.4982636,9500912255140419907,0,10,4,53,7,12,2,3,2,90719,4966.5361328125,0,0,3
1762843666.4982636,9500912255140419907,0,11,5,53,1,10,2,3,2,91333,4969.7158203125,0,0,3
1762843666.4982636,9500912255140419907,0,12,12,53,17,0,2,3,2,91510,5019.326171875,0,0,3
1762843666.4982636,9500912255140419907,0,13,7,53,5,6,2,3,2,91317,4975.64599609375,0,0,3
1762843666.4982636,9500912255140419907,0,14,9,53,13,2,2,3,2,91781,5001.9296875,0,0,3
1762843666.4982636,9500912255140419907,0,15,14,53,18,0,2,3,2,91628,5026.0283203125,0,0,3
1762843666.4982636,9500912255140419907,0,16,13,53,14,0,2,3,2,92449,5025.66015625,0,0,3
1762843666.4982636,9500912255140419907,0,17,1,53,6,25,2,3,2,90593,4956.45703125,0,0,3
1762843666.4982636,9500912255140419907,0,18,15,53,9,0,3,3,2,91175,5028.9296875,0,0,4
1762843666.4982636,9500912255140419907,0,19,20,0,20,0,0,4,1,0,5136.519262569025,0,0,1
1762843666.4982636,9500912255140419907,0,20,0,0,0,0,0,0,0,0,0.0,0,0,0
1762843666.4982636,9500912255140419907,0,21,0,0,0,0,0,0,0,0,0.0,0,0,0
1762843671.5151367,9500912255140419907,0,0,6,53,3,8,3,3,2,90011,4970.03515625,0,0,4
1762843671.5151367,9500912255140419907,0,1,8,53,15,4,2,3,2,90814,4997.806640625,0,0,3
1762843671.5151367,9500912255140419907,0,2,2,53,8,18,2,3,2,90669,4958.658203125,0,0,3
1762843671.5151367,9500912255140419907,0,3,10,53,10,1,2,3,2,91770,5003.53955078125,0,0,3
1762843671.5151367,9500912255140419907,0,4,16,53,16,0,3,3,2,91522,5031.4423828125,0,0,4
1762843671.5151367,9500912255140419907,0,5,3,53,2,15,2,3,2,91151,4959.40625,0,0,3
1762843671.5151367,9500912255140419907,0,6,19,52,11,0,3,3,2,93277,4999.85693359375,0,0,4
1762843671.5151367,9500912255140419907,0,7,18,52,12,0,2,3,2,93054,4959.05908203125,0,0,3
1762843671.5151367,9500912255140419907,0,8,17,53,19,0,3,3,2,91622,5047.9638671875,0,0,4
1762843671.5151367,9500912255140419907,0,9,11,53,4,0,3,3,2,91281,5007.185546875,0,0,4
1762843671.5151367,9500912255140419907,0,10,4,53,7,12,2,3,2,90719,4966.5361328125,0,0,3
1762843671.5151367,9500912255140419907,0,11,5,53,1,10,2,3,2,91333,4969.7158203125,0,0,3
1762843671.5151367,9500912255140419907,0,12,12,53,17,0,2,3,2,91510,5019.326171875,0,0,3
1762843671.5151367,9500912255140419907,0,13,7,53,5,6,2,3,2,91317,4975.64599609375,0,0,3
1762843671.5151367,9500912255140419907,0,14,9,53,13,2,2,3,2,91781,5001.9296875,0,0,3
1762843671.5151367,9500912255140419907,0,15,14,53,18,0,2,3,2,91628,5026.0283203125,0,0,3
1762843671.5151367,9500912255140419907,0,16,13,53,14,0,2,3,2,92449,5025.66015625,0,0,3
1762843671.5151367,9500912255140419907,0,17,1,53,6,25,2,3,2,90593,4956.45703125,0,0,3
1762843671.5151367,9500912255140419907,0,18,15,53,9,0,3,3,2,91175,5028.9296875,0,0,4
1762843671.5151367,9500912255140419907,0,19,20,0,20,0,0,4,1,0,5136.519262569025,0,0,1
1762843671.5151367,9500912255140419907,0,20,0,0,0,0,0,0,0,0,0.0,0,0,0
1762843671.5151367,9500912255140419907,0,21,0,0,0,0,0,0,0,0,0.0,0,0,0
1762843676.521264,9500912255140419907,0,0,6,53,3,8,3,3,2,90011,4970.03515625,0,0,4
1762843676.521264,9500912255140419907,0,1,8,53,15,4,2,3,2,90814,4997.806640625,0,0,3
1762843676.521264,9500912255140419907,0,2,2,53,8,18,2,3,2,90669,4958.658203125,0,0,3
1762843676.521264,9500912255140419907,0,3,10,53,10,1,2,3,2,91770,5003.53955078125,0,0,3
1762843676.521264,9500912255140419907,0,4,16,53,16,0,3,3,2,91522,5031.4423828125,0,0,4
1762843676.521264,9500912255140419907,0,5,3,53,2,15,2,3,2,91151,4959.40625,0,0,3
1762843676.521264,9500912255140419907,0,6,19,52,11,0,3,3,2,93277,4999.85693359375,0,0,4
1762843676.521264,9500912255140419907,0,7,18,52,12,0,2,3,2,93054,4959.05908203125,0,0,3
1762843676.521264,9500912255140419907,0,8,17,53,19,0,3,3,2,91622,5047.9638671875,0,0,4
1762843676.521264,9500912255140419907,0,9,11,53,4,0,3,3,2,91281,5007.185546875,0,0,4
1762843676.521264,9500912255140419907,0,10,4,53,7,12,2,3,2,90719,4966.5361328125,0,0,3
1762843676.521264,9500912255140419907,0,11,5,53,1,10,2,3,2,91333,4969.7158203125,0,0,3
1762843676.521264,9500912255140419907,0,12,12,53,17,0,2,3,2,91510,5019.326171875,0,0,3
1762843676.521264,9500912255140419907,0,13,7,53,5,6,2,3,2,91317,4975.64599609375,0,0,3
1762843676.521264,9500912255140419907,0,14,9,53,13,2,2,3,2,91781,5001.9296875,0,0,3
1762843676.521264,9500912255140419907,0,15,14,53,18,0,2,3,2,91628,5026.0283203125,0,0,3
1762843676.521264,9500912255140419907,0,16,13,53,14,0,2,3,2,92449,5025.66015625,0,0,3
1762843676.521264,9500912255140419907,0,17,1,53,6,25,2,3,2,90593,4956.45703125,0,0,3
1762843676.521264,9500912255140419907,0,18,15,53,9,0,3,3,2,91175,5028.9296875,0,0,4
1762843676.521264,9500912255140419907,0,19,20,0,20,0,0,4,1,0,5136.519262569025,0,0,1
1762843676.521264,9500912255140419907,0,20,0,0,0,0,0,0,0,0,0.0,0,0,0
1762843676.521264,9500912255140419907,0,21,0,0,0,0,0,0,0,0,0.0,0,0,0
1762843681.536234,9500912255140419907,0,0,6,53,3,8,3,3,2,90011,4970.03515625,0,0,4
1762843681.536234,9500912255140419907,0,1,8,53,15,4,2,3,2,90814,4997.806640625,0,0,3
1762843681.536234,9500912255140419907,0,2,2,53,8,18,2,3,2,90669,4958.658203125,0,0,3
1762843681.536234,9500912255140419907,0,3,10,53,10,1,2,3,2,91770,5003.53955078125,0,0,3
1762843681.536234,9500912255140419907,0,4,16,53,16,0,3,3,2,91522,5031.4423828125,0,0,4
1762843681.536234,9500912255140419907,0,5,3,53,2,15,2,3,2,91151,4959.40625,0,0,3
1762843681.536234,9500912255140419907,0,6,19,52,11,0,3,3,2,93277,4999.85693359375,0,0,4
1762843681.536234,9500912255140419907,0,7,18,52,12,0,2,3,2,93054,4959.05908203125,0,0,3
1762843681.536234,9500912255140419907,0,8,17,53,19,0,3,3,2,91622,5047.9638671875,0,0,4
1762843681.536234,9500912255140419907,0,9,11,53,4,0,3,3,2,91281,5007.185546875,0,0,4
1762843681.536234,9500912255140419907,0,10,4,53,7,12,2,3,2,90719,4966.5361328125,0,0,3
1762843681.536234,9500912255140419907,0,11,5,53,1,10,2,3,2,91333,4969.7158203125,0,0,3
1762843681.536234,9500912255140419907,0,12,12,53,17,0,2,3,2,91510,5019.326171875,0,0,3
1762843681.536234,9500912255140419907,0,13,7,53,5,6,2,3,2,91317,4975.64599609375,0,0,3
1762843681.536234,9500912255140419907,0,14,9,53,13,2,2,3,2,91781,5001.9296875,0,0,3
1762843681.536234,9500912255140419907,0,15,14,53,18,0,2,3,2,91628,5026.0283203125,0,0,3
1762843681.536234,9500912255140419907,0,16,13,53,14,0,2,3,2,92449,5025.66015625,0,0,3
1762843681.536234,9500912255140419907,0,17,1,53,6,25,2,3,2,90593,4956.45703125,0,0,3
1762843681.536234,9500912255140419907,0,18,15,53,9,0,3,3,2,91175,5028.9296875,0,0,4
1762843681.536234,9500912255140419907,0,19,20,0,20,0,0,4,1,0,5136.519262569025,0,0,1
1762843681.536234,9500912255140419907,0,20,0,0,0,0,0,0,0,0,0.0,0,0,0
1762843681.536234,9500912255140419907,0,21,0,0,0,0,0,0,0,0,0.0,0,0,0
1762843686.539146,9500912255140419907,0,0,6,53,3,8,3,3,2,90011,4970.03515625,0,0,4
1762843686.539146,9500912255140419907,0,1,8,53,15,4,2,3,2,90814,4997.806640625,0,0,3
1762843686.539146,9500912255140419907,0,2,2,53,8,18,2,3,2,90669,4958.658203125,0,0,3
1762843686.539146,9500912255140419907,0,3,10,53,10,1,2,3,2,91770,5003.53955078125,0,0,3
1762843686.539146,9500912255140419907,0,4,16,53,16,0,3,3,2,91522,5031.4423828125,0,0,4
1762843686.539146,9500912255140419907,0,5,3,53,2,15,2,3,2,91151,4959.40625,0,0,3
1762843686.539146,9500912255140419907,0,6,19,52,11,0,3,3,2,93277,4999.85693359375,0,0,4
1762843686.539146,9500912255140419907,0,7,18,52,12,0,2,3,2,93054,4959.05908203125,0,0,3
1762843686.539146,9500912255140419907,0,8,17,53,19,0,3,3,2,91622,5047.9638671875,0,0,4
1762843686.539146,9500912255140419907,0,9,11,53,4,0,3,3,2,91281,5007.185546875,0,0,4
1762843686.539146,9500912255140419907,0,10,4,53,7,12,2,3,2,90719,4966.5361328125,0,0,3
1762843686.539146,9500912255140419907,0,11,5,53,1,10,2,3,2,91333,4969.7158203125,0,0,3
1762843686.539146,9500912255140419907,0,12,12,53,17,0,2,3,2,91510,5019.326171875,0,0,3
1762843686.539146,9500912255140419907,0,13,7,53,5,6,2,3,2,91317,4975.64599609375,0,0,3
1762843686.539146,9500912255140419907,0,14,9,53,13,2,2,3,2,91781,5001.9296875,0,0,3
1762843686.539146,9500912255140419907,0,15,14,53,18,0,2,3,2,91628,5026.0283203125,0,0,3
1762843686.539146,9500912255140419907,0,16,13,53,14,0,2,3,2,92449,5025.66015625,0,0,3
1762843686.539146,9500912255140419907,0,17,1,53,6,25,2,3,2,90593,4956.45703125,0,0,3
1762843686.539146,9500912255140419907,0,18,15,53,9,0,3,3,2,91175,5028.9296875,0,0,4
1762843686.539146,9500912255140419907,0,19,20,0,20,0,0,4,1,0,5136.519262569025,0,0,1
1762843686.539146,9500912255140419907,0,20,0,0,0,0,0,0,0,0,0.0,0,0,0
1762843686.539146,9500912255140419907,0,21,0,0,0,0,0,0,0,0,0.0,0,0,0
1762843691.5440457,9500912255140419907,0,0,6,53,3,8,3,3,2,90011,4970.03515625,0,0,4
1762843691.5440457,9500912255140419907,0,1,8,53,15,4,2,3,2,90814,4997.806640625,0,0,3
1762843691.5440457,9500912255140419907,0,2,2,53,8,18,2,3,2,90669,4958.658203125,0,0,3
1762843691.5440457,9500912255140419907,0,3,10,53,10,1,2,3,2,91770,5003.53955078125,0,0,3
1762843691.5440457,9500912255140419907,0,4,16,53,16,0,3,3,2,91522,5031.4423828125,0,0,4
1762843691.5440457,9500912255140419907,0,5,3,53,2,15,2,3,2,91151,4959.40625,0,0,3
1762843691.5440457,9500912255140419907,0,6,19,52,11,0,3,3,2,93277,4999.85693359375,0,0,4
1762843691.5440457,9500912255140419907,0,7,18,52,12,0,2,3,2,93054,4959.05908203125,0,0,3
1762843691.5440457,9500912255140419907,0,8,17,53,19,0,3,3,2,91622,5047.9638671875,0,0,4
1762843691.5440457,9500912255140419907,0,9,11,53,4,0,3,3,2,91281,5007.185546875,0,0,4
1762843691.5440457,9500912255140419907,0,10,4,53,7,12,2,3,2,90719,4966.5361328125,0,0,3
1762843691.5440457,9500912255140419907,0,11,5,53,1,10,2,3,2,91333,4969.7158203125,0,0,3
1762843691.5440457,9500912255140419907,0,12,12,53,17,0,2,3,2,91510,5019.326171875,0,0,3
1762843691.5440457,9500912255140419907,0,13,7,53,5,6,2,3,2,91317,4975.64599609375,0,0,3
1762843691.5440457,9500912255140419907,0,14,9,53,13,2,2,3,2,91781,5001.9296875,0,0,3
1762843691.5440457,9500912255140419907,0,15,14,53,18,0,2,3,2,91628,5026.0283203125,0,0,3
1762843691.5440457,9500912255140419907,0,16,13,53,14,0,2,3,2,92449,5025.66015625,0,0,3
1762843691.5440457,9500912255140419907,0,17,1,53,6,25,2,3,2,90593,4956.45703125,0,0,3
1762843691.5440457,9500912255140419907,0,18,15,53,9,0,3,3,2,91175,5028.9296875,0,0,4
1762843691.5440457,9500912255140419907,0,19,20,0,20,0,0,4,1,0,5136.519262569025,0,0,1
1762843691.5440457,9500912255140419907,0,20,0,0,0,0,0,0,0,0,0.0,0,0,0
1762843691.5440457,9500912255140419907,0,21,0,0,0,0,0,0,0,0,0.0,0,0,0
1762843696.5623455,9500912255140419907,0,0,6,53,3,8,3,3,2,90011,4970.03515625,0,0,4
1762843696.5623455,9500912255140419907,0,1,8,53,15,4,2,3,2,90814,4997.806640625,0,0,3
1762843696.5623455,9500912255140419907,0,2,2,53,8,18,2,3,2,90669,4958.658203125,0,0,3
1762843696.5623455,9500912255140419907,0,3,10,53,10,1,2,3,2,91770,5003.53955078125,0,0,3
1762843696.5623455,9500912255140419907,0,4,16,53,16,0,3,3,2,91522,5031.4423828125,0,0,4
1762843696.5623455,9500912255140419907,0,5,3,53,2,15,2,3,2,91151,4959.40625,0,0,3
1762843696.5623455,9500912255140419907,0,6,19,52,11,0,3,3,2,93277,4999.85693359375,0,0,4
1762843696.5623455,9500912255140419907,0,7,18,52,12,0,2,3,2,93054,4959.05908203125,0,0,3
1762843696.5623455,9500912255140419907,0,8,17,53,19,0,3,3,2,91622,5047.9638671875,0,0,4
1762843696.5623455,9500912255140419907,0,9,11,53,4,0,3,3,2,91281,5007.185546875,0,0,4
1762843696.5623455,9500912255140419907,0,10,4,53,7,12,2,3,2,90719,4966.5361328125,0,0,3
1762843696.5623455,9500912255140419907,0,11,5,53,1,10,2,3,2,91333,4969.7158203125,0,0,3
1762843696.5623455,9500912255140419907,0,12,12,53,17,0,2,3,2,91510,5019.326171875,0,0,3
1762843696.5623455,9500912255140419907,0,13,7,53,5,6,2,3,2,91317,4975.64599609375,0,0,3
1762843696.5623455,9500912255140419907,0,14,9,53,13,2,2,3,2,91781,5001.9296875,0,0,3
1762843696.5623455,9500912255140419907,0,15,14,53,18,0,2,3,2,91628,5026.0283203125,0,0,3
1762843696.5623455,9500912255140419907,0,16,13,53,14,0,2,3,2,92449,5025.66015625,0,0,3
1762843696.5623455,9500912255140419907,0,17,1,53,6,25,2,3,2,90593,4956.45703125,0,0,3
1762843696.5623455,9500912255140419907,0,18,15,53,9,0,3,3,2,91175,5028.9296875,0,0,4
1762843696.5623455,9500912255140419907,0,19,20,0,20,0,0,4,1,0,5136.519262569025,0,0,1
1762843696.5623455,9500912255140419907,0,20,0,0,0,0,0,0,0,0,0.0,0,0,0
1762843696.5623455,9500912255140419907,0,21,0,0,0,0,0,0,0,0,0.0,0,0,0
1762843701.5644572,9500912255140419907,0,0,6,53,3,8,3,3,2,90011,4970.03515625,0,0,4
1762843701.5644572,9500912255140419907,0,1,8,53,15,4,2,3,2,90814,4997.806640625,0,0,3
1762843701.5644572,9500912255140419907,0,2,2,53,8,18,2,3,2,90669,4958.658203125,0,0,3
1762843701.5644572,9500912255140419907,0,3,10,53,10,1,2,3,2,91770,5003.53955078125,0,0,3
1762843701.5644572,9500912255140419907,0,4,16,53,16,0,3,3,2,91522,5031.4423828125,0,0,4
1762843701.5644572,9500912255140419907,0,5,3,53,2,15,2,3,2,91151,4959.40625,0,0,3
1762843701.5644572,9500912255140419907,0,6,19,52,11,0,3,3,2,93277,4999.85693359375,0,0,4
1762843701.5644572,9500912255140419907,0,7,18,52,12,0,2,3,2,93054,4959.05908203125,0,0,3
1762843701.5644572,9500912255140419907,0,8,17,53,19,0,3,3,2,91622,5047.9638671875,0,0,4
1762843701.5644572,9500912255140419907,0,9,11,53,4,0,3,3,2,91281,5007.185546875,0,0,4
1762843701.5644572,9500912255140419907,0,10,4,53,7,12,2,3,2,90719,4966.5361328125,0,0,3
1762843701.5644572,9500912255140419907,0,11,5,53,1,10,2,3,2,91333,4969.7158203125,0,0,3
1762843701.5644572,9500912255140419907,0,12,12,53,17,0,2,3,2,91510,5019.326171875,0,0,3
1762843701.5644572,9500912255140419907,0,13,7,53,5,6,2,3,2,91317,4975.64599609375,0,0,3
1762843701.5644572,9500912255140419907,0,14,9,53,13,2,2,3,2,91781,5001.9296875,0,0,3
1762843701.5644572,9500912255140419907,0,15,14,53,18,0,2,3,2,91628,5026.0283203125,0,0,3
1762843701.5644572,9500912255140419907,0,16,13,53,14,0,2,3,2,92449,5025.66015625,0,0,3
1762843701.5644572,9500912255140419907,0,17,1,53,6,25,2,3,2,90593,4956.45703125,0,0,3
1762843701.5644572,9500912255140419907,0,18,15,53,9,0,3,3,2,91175,5028.9296875,0,0,4
1762843701.5644572,9500912255140419907,0,19,20,0,20,0,0,4,1,0,5136.519262569025,0,0,1
1762843701.5644572,9500912255140419907,0,20,0,0,0,0,0,0,0,0,0.0,0,0,0
1762843701.5644572,9500912255140419907,0,21,0,0,0,0,0,0,0,0,0.0,0,0,0
1762843706.5810301,9500912255140419907,0,0,6,53,3,8,3,3,2,90011,4970.03515625,0,0,4
1762843706.5810301,9500912255140419907,0,1,8,53,15,4,2,3,2,90814,4997.806640625,0,0,3
1762843706.5810301,9500912255140419907,0,2,2,53,8,18,2,3,2,90669,4958.658203125,0,0,3
1762843706.5810301,9500912255140419907,0,3,10,53,10,1,2,3,2,91770,5003.53955078125,0,0,3
1762843706.5810301,9500912255140419907,0,4,16,53,16,0,3,3,2,91522,5031.4423828125,0,0,4
1762843706.5810301,9500912255140419907,0,5,3,53,2,15,2,3,2,91151,4959.40625,0,0,3
1762843706.5810301,9500912255140419907,0,6,19,52,11,0,3,3,2,93277,4999.85693359375,0,0,4
1762843706.5810301,9500912255140419907,0,7,18,52,12,0,2,3,2,93054,4959.05908203125,0,0,3
1762843706.5810301,9500912255140419907,0,8,17,53,19,0,3,3,2,91622,5047.9638671875,0,0,4
1762843706.5810301,9500912255140419907,0,9,11,53,4,0,3,3,2,91281,5007.185546875,0,0,4
1762843706.5810301,9500912255140419907,0,10,4,53,7,12,2,3,2,90719,4966.5361328125,0,0,3
1762843706.5810301,9500912255140419907,0,11,5,53,1,10,2,3,2,91333,4969.7158203125,0,0,3
1762843706.5810301,9500912255140419907,0,12,12,53,17,0,2,3,2,91510,5019.326171875,0,0,3
1762843706.5810301,9500912255140419907,0,13,7,53,5,6,2,3,2,91317,4975.64599609375,0,0,3
1762843706.5810301,9500912255140419907,0,14,9,53,13,2,2,3,2,91781,5001.9296875,0,0,3
1762843706.5810301,9500912255140419907,0,15,14,53,18,0,2,3,2,91628,5026.0283203125,0,0,3
1762843706.5810301,9500912255140419907,0,16,13,53,14,0,2,3,2,92449,5025.66015625,0,0,3
1762843706.5810301,9500912255140419907,0,17,1,53,6,25,2,3,2,90593,4956.45703125,0,0,3
1762843706.5810301,9500912255140419907,0,18,15,53,9,0,3,3,2,91175,5028.9296875,0,0,4
1762843706.5810301,9500912255140419907,0,19,20,0,20,0,0,4,1,0,5136.519262569025,0,0,1
1762843706.5810301,9500912255140419907,0,20,0,0,0,0,0,0,0,0,0.0,0,0,0
1762843706.5810301,9500912255140419907,0,21,0,0,0,0,0,0,0,0,0.0,0,0,0
1762843711.5832763,9500912255140419907,0,0,6,53,3,8,3,3,2,90011,4970.03515625,0,0,4
1762843711.5832763,9500912255140419907,0,1,8,53,15,4,2,3,2,90814,4997.806640625,0,0,3
1762843711.5832763,9500912255140419907,0,2,2,53,8,18,2,3,2,90669,4958.658203125,0,0,3
1762843711.5832763,9500912255140419907,0,3,10,53,10,1,2,3,2,91770,5003.53955078125,0,0,3
1762843711.5832763,9500912255140419907,0,4,16,53,16,0,3,3,2,91522,5031.4423828125,0,0,4
1762843711.5832763,9500912255140419907,0,5,3,53,2,15,2,3,2,91151,4959.40625,0,0,3
1762843711.5832763,9500912255140419907,0,6,19,52,11,0,3,3,2,93277,4999.85693359375,0,0,4
1762843711.5832763,9500912255140419907,0,7,18,52,12,0,2,3,2,93054,4959.05908203125,0,0,3
1762843711.5832763,9500912255140419907,0,8,17,53,19,0,3,3,2,91622,5047.9638671875,0,0,4
1762843711.5832763,9500912255140419907,0,9,11,53,4,0,3,3,2,91281,5007.185546875,0,0,4
1762843711.5832763,9500912255140419907,0,10,4,53,7,12,2,3,2,90719,4966.5361328125,0,0,3
1762843711.5832763,9500912255140419907,0,11,5,53,1,10,2,3,2,91333,4969.7158203125,0,0,3
1762843711.5832763,9500912255140419907,0,12,12,53,17,0,2,3,2,91510,5019.326171875,0,0,3
1762843711.5832763,9500912255140419907,0,13,7,53,5,6,2,3,2,91317,4975.64599609375,0,0,3
1762843711.5832763,9500912255140419907,0,14,9,53,13,2,2,3,2,91781,5001.9296875,0,0,3
1762843711.5832763,9500912255140419907,0,15,14,53,18,0,2,3,2,91628,5026.0283203125,0,0,3
1762843711.5832763,9500912255140419907,0,16,13,53,14,0,2,3,2,92449,5025.66015625,0,0,3
1762843711.5832763,9500912255140419907,0,17,1,53,6,25,2,3,2,90593,4956.45703125,0,0,3
1762843711.5832763,9500912255140419907,0,18,15,53,9,0,3,3,2,91175,5028.9296875,0,0,4
1762843711.5832763,9500912255140419907,0,19,20,0,20,0,0,4,1,0,5136.519262569025,0,0,1
1762843711.5832763,9500912255140419907,0,20,0,0,0,0,0,0,0,0,0.0,0,0,0
1762843711.5832763,9500912255140419907,0,21,0,0,0,0,0,0,0,0,0.0,0,0,0
1762843716.597601,9500912255140419907,0,0,6,53,3,8,3,3,2,90011,4970.03515625,0,0,4
1762843716.597601,9500912255140419907,0,1,8,53,15,4,2,3,2,90814,4997.806640625,0,0,3
1762843716.597601,9500912255140419907,0,2,2,53,8,18,2,3,2,90669,4958.658203125,0,0,3
1762843716.597601,9500912255140419907,0,3,10,53,10,1,2,3,2,91770,5003.53955078125,0,0,3
1762843716.597601,9500912255140419907,0,4,16,53,16,0,3,3,2,91522,5031.4423828125,0,0,4
1762843716.597601,9500912255140419907,0,5,3,53,2,15,2,3,2,91151,4959.40625,0,0,3
1762843716.597601,9500912255140419907,0,6,19,52,11,0,3,3,2,93277,4999.85693359375,0,0,4
1762843716.597601,9500912255140419907,0,7,18,52,12,0,2,3,2,93054,4959.05908203125,0,0,3
1762843716.597601,9500912255140419907,0,8,17,53,19,0,3,3,2,91622,5047.9638671875,0,0,4
1762843716.597601,9500912255140419907,0,9,11,53,4,0,3,3,2,91281,5007.185546875,0,0,4
1762843716.597601,9500912255140419907,0,10,4,53,7,12,2,3,2,90719,4966.5361328125,0,0,3
1762843716.597601,9500912255140419907,0,11,5,53,1,10,2,3,2,91333,4969.7158203125,0,0,3
1762843716.597601,9500912255140419907,0,12,12,53,17,0,2,3,2,91510,5019.326171875,0,0,3
1762843716.597601,9500912255140419907,0,13,7,53,5,6,2,3,2,91317,4975.64599609375,0,0,3
1762843716.597601,9500912255140419907,0,14,9,53,13,2,2,3,2,91781,5001.9296875,0,0,3
1762843716.597601,9500912255140419907,0,15,14,53,18,0,2,3,2,91628,5026.0283203125,0,0,3
1762843716.597601,9500912255140419907,0,16,13,53,14,0,2,3,2,92449,5025.66015625,0,0,3
1762843716.597601,9500912255140419907,0,17,1,53,6,25,2,3,2,90593,4956.45703125,0,0,3
1762843716.597601,9500912255140419907,0,18,15,53,9,0,3,3,2,91175,5028.9296875,0,0,4
1762843716.597601,9500912255140419907,0,19,20,0,20,0,0,4,1,0,5136.519262569025,0,0,1
1762843716.597601,9500912255140419907,0,20,0,0,0,0,0,0,0,0,0.0,0,0,0
1762843716.597601,9500912255140419907,0,21,0,0,0,0,0,0,0,0,0.0,0,0,0
1762843721.6111436,9500912255140419907,0,0,6,53,3,8,3,3,2,90011,4970.03515625,0,0,4
1762843721.6111436,9500912255140419907,0,1,8,53,15,4,2,3,2,90814,4997.806640625,0,0,3
1762843721.6111436,9500912255140419907,0,2,2,53,8,18,2,3,2,90669,4958.658203125,0,0,3
1762843721.6111436,9500912255140419907,0,3,10,53,10,1,2,3,2,91770,5003.53955078125,0,0,3
1762843721.6111436,9500912255140419907,0,4,16,53,16,0,3,3,2,91522,5031.4423828125,0,0,4
1762843721.6111436,9500912255140419907,0,5,3,53,2,15,2,3,2,91151,4959.40625,0,0,3
1762843721.6111436,9500912255140419907,0,6,19,52,11,0,3,3,2,93277,4999.85693359375,0,0,4
1762843721.6111436,9500912255140419907,0,7,18,52,12,0,2,3,2,93054,4959.05908203125,0,0,3
1762843721.6111436,9500912255140419907,0,8,17,53,19,0,3,3,2,91622,5047.9638671875,0,0,4
1762843721.6111436,9500912255140419907,0,9,11,53,4,0,3,3,2,91281,5007.185546875,0,0,4
1762843721.6111436,9500912255140419907,0,10,4,53,7,12,2,3,2,90719,4966.5361328125,0,0,3
1762843721.6111436,9500912255140419907,0,11,5,53,1,10,2,3,2,91333,4969.7158203125,0,0,3
1762843721.6111436,9500912255140419907,0,12,12,53,17,0,2,3,2,91510,5019.326171875,0,0,3
1762843721.6111436,9500912255140419907,0,13,7,53,5,6,2,3,2,91317,4975.64599609375,0,0,3
1762843721.6111436,9500912255140419907,0,14,9,53,13,2,2,3,2,91781,5001.9296875,0,0,3
1762843721.6111436,9500912255140419907,0,15,14,53,18,0,2,3,2,91628,5026.0283203125,0,0,3
1762843721.6111436,9500912255140419907,0,16,13,53,14,0,2,3,2,92449,5025.66015625,0,0,3
1762843721.6111436,9500912255140419907,0,17,1,53,6,25,2,3,2,90593,4956.45703125,0,0,3
1762843721.6111436,9500912255140419907,0,18,15,53,9,0,3,3,2,91175,5028.9296875,0,0,4
1762843721.6111436,9500912255140419907,0,19,20,0,20,0,0,4,1,0,5136.519262569025,0,0,1
1762843721.6111436,9500912255140419907,0,20,0,0,0,0,0,0,0,0,0.0,0,0,0
1762843721.6111436,9500912255140419907,0,21,0,0,0,0,0,0,0,0,0.0,0,0,0
1762843726.6133018,9500912255140419907,0,0,6,53,3,8,3,3,2,90011,4970.03515625,0,0,4
1762843726.6133018,9500912255140419907,0,1,8,53,15,4,2,3,2,90814,4997.806640625,0,0,3
1762843726.6133018,9500912255140419907,0,2,2,53,8,18,2,3,2,90669,4958.658203125,0,0,3
1762843726.6133018,9500912255140419907,0,3,10,53,10,1,2,3,2,91770,5003.53955078125,0,0,3
1762843726.6133018,9500912255140419907,0,4,16,53,16,0,3,3,2,91522,5031.4423828125,0,0,4
1762843726.6133018,9500912255140419907,0,5,3,53,2,15,2,3,2,91151,4959.40625,0,0,3
1762843726.6133018,9500912255140419907,0,6,19,52,11,0,3,3,2,93277,4999.85693359375,0,0,4
1762843726.6133018,9500912255140419907,0,7,18,52,12,0,2,3,2,93054,4959.05908203125,0,0,3
1762843726.6133018,9500912255140419907,0,8,17,53,19,0,3,3,2,91622,5047.9638671875,0,0,4
1762843726.6133018,9500912255140419907,0,9,11,53,4,0,3,3,2,91281,5007.185546875,0,0,4
1762843726.6133018,9500912255140419907,0,10,4,53,7,12,2,3,2,90719,4966.5361328125,0,0,3
1762843726.6133018,9500912255140419907,0,11,5,53,1,10,2,3,2,91333,4969.7158203125,0,0,3
1762843726.6133018,9500912255140419907,0,12,12,53,17,0,2,3,2,91510,5019.326171875,0,0,3
1762843726.6133018,9500912255140419907,0,13,7,53,5,6,2,3,2,91317,4975.64599609375,0,0,3
1762843726.6133018,9500912255140419907,0,14,9,53,13,2,2,3,2,91781,5001.9296875,0,0,3
1762843726.6133018,9500912255140419907,0,15,14,53,18,0,2,3,2,91628,5026.0283203125,0,0,3
1762843726.6133018,9500912255140419907,0,16,13,53,14,0,2,3,2,92449,5025.66015625,0,0,3
1762843726.6133018,9500912255140419907,0,17,1,53,6,25,2,3,2,90593,4956.45703125,0,0,3
1762843726.6133018,9500912255140419907,0,18,15,53,9,0,3,3,2,91175,5028.9296875,0,0,4
1762843726.6133018,9500912255140419907,0,19,20,0,20,0,0,4,1,0,5136.519262569025,0,0,1
1762843726.6133018,9500912255140419907,0,20,0,0,0,0,0,0,0,0,0.0,0,0,0
1762843726.6133018,9500912255140419907,0,21,0,0,0,0,0,0,0,0,0.0,0,0,0
1762843731.617212,9500912255140419907,0,0,6,53,3,8,3,3,2,90011,4970.03515625,0,0,4
1762843731.617212,9500912255140419907,0,1,8,53,15,4,2,3,2,90814,4997.806640625,0,0,3
1762843731.617212,9500912255140419907,0,2,2,53,8,18,2,3,2,90669,4958.658203125,0,0,3
1762843731.617212,9500912255140419907,0,3,10,53,10,1,2,3,2,91770,5003.53955078125,0,0,3
1762843731.617212,9500912255140419907,0,4,16,53,16,0,3,3,2,91522,5031.4423828125,0,0,4
1762843731.617212,9500912255140419907,0,5,3,53,2,15,2,3,2,91151,4959.40625,0,0,3
1762843731.617212,9500912255140419907,0,6,19,52,11,0,3,3,2,93277,4999.85693359375,0,0,4
1762843731.617212,9500912255140419907,0,7,18,52,12,0,2,3,2,93054,4959.05908203125,0,0,3
1762843731.617212,9500912255140419907,0,8,17,53,19,0,3,3,2,91622,5047.9638671875,0,0,4
1762843731.617212,9500912255140419907,0,9,11,53,4,0,3,3,2,91281,5007.185546875,0,0,4
1762843731.617212,9500912255140419907,0,10,4,53,7,12,2,3,2,90719,4966.5361328125,0,0,3
1762843731.617212,9500912255140419907,0,11,5,53,1,10,2,3,2,91333,4969.7158203125,0,0,3
1762843731.617212,9500912255140419907,0,12,12,53,17,0,2,3,2,91510,5019.326171875,0,0,3
1762843731.617212,9500912255140419907,0,13,7,53,5,6,2,3,2,91317,4975.64599609375,0,0,3
1762843731.617212,9500912255140419907,0,14,9,53,13,2,2,3,2,91781,5001.9296875,0,0,3
1762843731.617212,9500912255140419907,0,15,14,53,18,0,2,3,2,91628,5026.0283203125,0,0,3
1762843731.617212,9500912255140419907,0,16,13,53,14,0,2,3,2,92449,5025.66015625,0,0,3
1762843731.617212,9500912255140419907,0,17,1,53,6,25,2,3,2,90593,4956.45703125,0,0,3
1762843731.617212,9500912255140419907,0,18,15,53,9,0,3,3,2,91175,5028.9296875,0,0,4
1762843731.617212,9500912255140419907,0,19,20,0,20,0,0,4,1,0,5136.519262569025,0,0,1
1762843731.617212,9500912255140419907,0,20,0,0,0,0,0,0,0,0,0.0,0,0,0
1762843731.617212,9500912255140419907,0,21,0,0,0,0,0,0,0,0,0.0,0,0,0
1762843736.637534,9500912255140419907,0,0,6,53,3,8,3,3,2,90011,4970.03515625,0,0,4
1762843736.637534,9500912255140419907,0,1,8,53,15,4,2,3,2,90814,4997.806640625,0,0,3
1762843736.637534,9500912255140419907,0,2,2,53,8,18,2,3,2,90669,4958.658203125,0,0,3
1762843736.637534,9500912255140419907,0,3,10,53,10,1,2,3,2,91770,5003.53955078125,0,0,3
1762843736.637534,9500912255140419907,0,4,16,53,16,0,3,3,2,91522,5031.4423828125,0,0,4
1762843736.637534,9500912255140419907,0,5,3,53,2,15,2,3,2,91151,4959.40625,0,0,3
1762843736.637534,9500912255140419907,0,6,19,52,11,0,3,3,2,93277,4999.85693359375,0,0,4
1762843736.637534,9500912255140419907,0,7,18,52,12,0,2,3,2,93054,4959.05908203125,0,0,3
1762843736.637534,9500912255140419907,0,8,17,53,19,0,3,3,2,91622,5047.9638671875,0,0,4
1762843736.637534,9500912255140419907,0,9,11,53,4,0,3,3,2,91281,5007.185546875,0,0,4
1762843736.637534,9500912255140419907,0,10,4,53,7,12,2,3,2,90719,4966.5361328125,0,0,3
1762843736.637534,9500912255140419907,0,11,5,53,1,10,2,3,2,91333,4969.7158203125,0,0,3
1762843736.637534,9500912255140419907,0,12,12,53,17,0,2,3,2,91510,5019.326171875,0,0,3
1762843736.637534,9500912255140419907,0,13,7,53,5,6,2,3,2,91317,4975.64599609375,0,0,3
1762843736.637534,9500912255140419907,0,14,9,53,13,2,2,3,2,91781,5001.9296875,0,0,3
1762843736.637534,9500912255140419907,0,15,14,53,18,0,2,3,2,91628,5026.0283203125,0,0,3
1762843736.637534,9500912255140419907,0,16,13,53,14,0,2,3,2,92449,5025.66015625,0,0,3
1762843736.637534,9500912255140419907,0,17,1,53,6,25,2,3,2,90593,4956.45703125,0,0,3
1762843736.637534,9500912255140419907,0,18,15,53,9,0,3,3,2,91175,5028.9296875,0,0,4
1762843736.637534,9500912255140419907,0,19,20,0,20,0,0,4,1,0,5136.519262569025,0,0,1
1762843736.637534,9500912255140419907,0,20,0,0,0,0,0,0,0,0,0.0,0,0,0
1762843736.637534,9500912255140419907,0,21,0,0,0,0,0,0,0,0,0.0,0,0,0
1762843741.644717,9500912255140419907,0,0,6,53,3,8,3,3,2,90011,4970.03515625,0,0,4
1762843741.644717,9500912255140419907,0,1,8,53,15,4,2,3,2,90814,4997.806640625,0,0,3
1762843741.644717,9500912255140419907,0,2,2,53,8,18,2,3,2,90669,4958.658203125,0,0,3
1762843741.644717,9500912255140419907,0,3,10,53,10,1,2,3,2,91770,5003.53955078125,0,0,3
1762843741.644717,9500912255140419907,0,4,16,53,16,0,3,3,2,91522,5031.4423828125,0,0,4
1762843741.644717,9500912255140419907,0,5,3,53,2,15,2,3,2,91151,4959.40625,0,0,3
1762843741.644717,9500912255140419907,0,6,19,52,11,0,3,3,2,93277,4999.85693359375,0,0,4
1762843741.644717,9500912255140419907,0,7,18,52,12,0,2,3,2,93054,4959.05908203125,0,0,3
1762843741.644717,9500912255140419907,0,8,17,53,19,0,3,3,2,91622,5047.9638671875,0,0,4
1762843741.644717,9500912255140419907,0,9,11,53,4,0,3,3,2,91281,5007.185546875,0,0,4
1762843741.644717,9500912255140419907,0,10,4,53,7,12,2,3,2,90719,4966.5361328125,0,0,3
1762843741.644717,9500912255140419907,0,11,5,53,1,10,2,3,2,91333,4969.7158203125,0,0,3
1762843741.644717,9500912255140419907,0,12,12,53,17,0,2,3,2,91510,5019.326171875,0,0,3
1762843741.644717,9500912255140419907,0,13,7,53,5,6,2,3,2,91317,4975.64599609375,0,0,3
1762843741.644717,9500912255140419907,0,14,9,53,13,2,2,3,2,91781,5001.9296875,0,0,3
1762843741.644717,9500912255140419907,0,15,14,53,18,0,2,3,2,91628,5026.0283203125,0,0,3
1762843741.644717,9500912255140419907,0,16,13,53,14,0,2,3,2,92449,5025.66015625,0,0,3
1762843741.644717,9500912255140419907,0,17,1,53,6,25,2,3,2,90593,4956.45703125,0,0,3
1762843741.644717,9500912255140419907,0,18,15,53,9,0,3,3,2,91175,5028.9296875,0,0,4
1762843741.644717,9500912255140419907,0,19,20,0,20,0,0,4,1,0,5136.519262569025,0,0,1
1762843741.644717,9500912255140419907,0,20,0,0,0,0,0,0,0,0,0.0,0,0,0
1762843741.644717,9500912255140419907,0,21,0,0,0,0,0,0,0,0,0.0,0,0,0
1762843746.6477845,9500912255140419907,0,0,6,53,3,8,3,3,2,90011,4970.03515625,0,0,4
1762843746.6477845,9500912255140419907,0,1,8,53,15,4,2,3,2,90814,4997.806640625,0,0,3
1762843746.6477845,9500912255140419907,0,2,2,53,8,18,2,3,2,90669,4958.658203125,0,0,3
1762843746.6477845,9500912255140419907,0,3,10,53,10,1,2,3,2,91770,5003.53955078125,0,0,3
1762843746.6477845,9500912255140419907,0,4,16,53,16,0,3,3,2,91522,5031.4423828125,0,0,4
1762843746.6477845,9500912255140419907,0,5,3,53,2,15,2,3,2,91151,4959.40625,0,0,3
1762843746.6477845,9500912255140419907,0,6,19,52,11,0,3,3,2,93277,4999.85693359375,0,0,4
1762843746.6477845,9500912255140419907,0,7,18,52,12,0,2,3,2,93054,4959.05908203125,0,0,3
1762843746.6477845,9500912255140419907,0,8,17,53,19,0,3,3,2,91622,5047.9638671875,0,0,4
1762843746.6477845,9500912255140419907,0,9,11,53,4,0,3,3,2,91281,5007.185546875,0,0,4
1762843746.6477845,9500912255140419907,0,10,4,53,7,12,2,3,2,90719,4966.5361328125,0,0,3
1762843746.6477845,9500912255140419907,0,11,5,53,1,10,2,3,2,91333,4969.7158203125,0,0,3
1762843746.6477845,9500912255140419907,0,12,12,53,17,0,2,3,2,91510,5019.326171875,0,0,3
1762843746.6477845,9500912255140419907,0,13,7,53,5,6,2,3,2,91317,4975.64599609375,0,0,3
1762843746.6477845,9500912255140419907,0,14,9,53,13,2,2,3,2,91781,5001.9296875,0,0,3
1762843746.6477845,9500912255140419907,0,15,14,53,18,0,2,3,2,91628,5026.0283203125,0,0,3
1762843746.6477845,9500912255140419907,0,16,13,53,14,0,2,3,2,92449,5025.66015625,0,0,3
1762843746.6477845,9500912255140419907,0,17,1,53,6,25,2,3,2,90593,4956.45703125,0,0,3
1762843746.6477845,9500912255140419907,0,18,15,53,9,0,3,3,2,91175,5028.9296875,0,0,4
1762843746.6477845,9500912255140419907,0,19,20,0,20,0,0,4,1,0,5136.519262569025,0,0,1
1762843746.6477845,9500912255140419907,0,20,0,0,0,0,0,0,0,0,0.0,0,0,0
1762843746.6477845,9500912255140419907,0,21,0,0,0,0,0,0,0,0,0.0,0,0,0
1762843751.6548119,9500912255140419907,0,0,6,53,3,8,3,3,2,90011,4970.03515625,0,0,4
1762843751.6548119,9500912255140419907,0,1,8,53,15,4,2,3,2,90814,4997.806640625,0,0,3
1762843751.6548119,9500912255140419907,0,2,2,53,8,18,2,3,2,90669,4958.658203125,0,0,3
1762843751.6548119,9500912255140419907,0,3,10,53,10,1,2,3,2,91770,5003.53955078125,0,0,3
1762843751.6548119,9500912255140419907,0,4,16,53,16,0,3,3,2,91522,5031.4423828125,0,0,4
1762843751.6548119,9500912255140419907,0,5,3,53,2,15,2,3,2,91151,4959.40625,0,0,3
1762843751.6548119,9500912255140419907,0,6,19,52,11,0,3,3,2,93277,4999.85693359375,0,0,4
1762843751.6548119,9500912255140419907,0,7,18,52,12,0,2,3,2,93054,4959.05908203125,0,0,3
1762843751.6548119,9500912255140419907,0,8,17,53,19,0,3,3,2,91622,5047.9638671875,0,0,4
1762843751.6548119,9500912255140419907,0,9,11,53,4,0,3,3,2,91281,5007.185546875,0,0,4
1762843751.6548119,9500912255140419907,0,10,4,53,7,12,2,3,2,90719,4966.5361328125,0,0,3
1762843751.6548119,9500912255140419907,0,11,5,53,1,10,2,3,2,91333,4969.7158203125,0,0,3
1762843751.6548119,9500912255140419907,0,12,12,53,17,0,2,3,2,91510,5019.326171875,0,0,3
1762843751.6548119,9500912255140419907,0,13,7,53,5,6,2,3,2,91317,4975.64599609375,0,0,3
1762843751.6548119,9500912255140419907,0,14,9,53,13,2,2,3,2,91781,5001.9296875,0,0,3
1762843751.6548119,9500912255140419907,0,15,14,53,18,0,2,3,2,91628,5026.0283203125,0,0,3
1762843751.6548119,9500912255140419907,0,16,13,53,14,0,2,3,2,92449,5025.66015625,0,0,3
1762843751.6548119,9500912255140419907,0,17,1,53,6,25,2,3,2,90593,4956.45703125,0,0,3
1762843751.6548119,9500912255140419907,0,18,15,53,9,0,3,3,2,91175,5028.9296875,0,0,4
1762843751.6548119,9500912255140419907,0,19,20,0,20,0,0,4,1,0,5136.519262569025,0,0,1
1762843751.6548119,9500912255140419907,0,20,0,0,0,0,0,0,0,0,0.0,0,0,0
1762843751.6548119,9500912255140419907,0,21,0,0,0,0,0,0,0,0,0.0,0,0,0
1762843756.670947,9500912255140419907,0,0,6,53,3,8,3,3,2,90011,4970.03515625,0,0,4
1762843756.670947,9500912255140419907,0,1,8,53,15,4,2,3,2,90814,4997.806640625,0,0,3
1762843756.670947,9500912255140419907,0,2,2,53,8,18,2,3,2,90669,4958.658203125,0,0,3
1762843756.670947,9500912255140419907,0,3,10,53,10,1,2,3,2,91770,5003.53955078125,0,0,3
1762843756.670947,9500912255140419907,0,4,16,53,16,0,3,3,2,91522,5031.4423828125,0,0,4
1762843756.670947,9500912255140419907,0,5,3,53,2,15,2,3,2,91151,4959.40625,0,0,3
1762843756.670947,9500912255140419907,0,6,19,52,11,0,3,3,2,93277,4999.85693359375,0,0,4
1762843756.670947,9500912255140419907,0,7,18,52,12,0,2,3,2,93054,4959.05908203125,0,0,3
1762843756.670947,9500912255140419907,0,8,17,53,19,0,3,3,2,91622,5047.9638671875,0,0,4
1762843756.670947,9500912255140419907,0,9,11,53,4,0,3,3,2,91281,5007.185546875,0,0,4
1762843756.670947,9500912255140419907,0,10,4,53,7,12,2,3,2,90719,4966.5361328125,0,0,3
1762843756.670947,9500912255140419907,0,11,5,53,1,10,2,3,2,91333,4969.7158203125,0,0,3
1762843756.670947,9500912255140419907,0,12,12,53,17,0,2,3,2,91510,5019.326171875,0,0,3
1762843756.670947,9500912255140419907,0,13,7,53,5,6,2,3,2,91317,4975.64599609375,0,0,3
1762843756.670947,9500912255140419907,0,14,9,53,13,2,2,3,2,91781,5001.9296875,0,0,3
1762843756.670947,9500912255140419907,0,15,14,53,18,0,2,3,2,91628,5026.0283203125,0,0,3
1762843756.670947,9500912255140419907,0,16,13,53,14,0,2,3,2,92449,5025.66015625,0,0,3
1762843756.670947,9500912255140419907,0,17,1,53,6,25,2,3,2,90593,4956.45703125,0,0,3
1762843756.670947,9500912255140419907,0,18,15,53,9,0,3,3,2,91175,5028.9296875,0,0,4
1762843756.670947,9500912255140419907,0,19,20,0,20,0,0,4,1,0,5136.519262569025,0,0,1
1762843756.670947,9500912255140419907,0,20,0,0,0,0,0,0,0,0,0.0,0,0,0
1762843756.670947,9500912255140419907,0,21,0,0,0,0,0,0,0,0,0.0,0,0,0
1762843761.6899137,9500912255140419907,0,0,6,53,3,8,3,3,2,90011,4970.03515625,0,0,4
1762843761.6899137,9500912255140419907,0,1,8,53,15,4,2,3,2,90814,4997.806640625,0,0,3
1762843761.6899137,9500912255140419907,0,2,2,53,8,18,2,3,2,90669,4958.658203125,0,0,3
1762843761.6899137,9500912255140419907,0,3,10,53,10,1,2,3,2,91770,5003.53955078125,0,0,3
1762843761.6899137,9500912255140419907,0,4,16,53,16,0,3,3,2,91522,5031.4423828125,0,0,4
1762843761.6899137,9500912255140419907,0,5,3,53,2,15,2,3,2,91151,4959.40625,0,0,3
1762843761.6899137,9500912255140419907,0,6,19,52,11,0,3,3,2,93277,4999.85693359375,0,0,4
1762843761.6899137,9500912255140419907,0,7,18,52,12,0,2,3,2,93054,4959.05908203125,0,0,3
1762843761.6899137,9500912255140419907,0,8,17,53,19,0,3,3,2,91622,5047.9638671875,0,0,4
1762843761.6899137,9500912255140419907,0,9,11,53,4,0,3,3,2,91281,5007.185546875,0,0,4
1762843761.6899137,9500912255140419907,0,10,4,53,7,12,2,3,2,90719,4966.5361328125,0,0,3
1762843761.6899137,9500912255140419907,0,11,5,53,1,10,2,3,2,91333,4969.7158203125,0,0,3
1762843761.6899137,9500912255140419907,0,12,12,53,17,0,2,3,2,91510,5019.326171875,0,0,3
1762843761.6899137,9500912255140419907,0,13,7,53,5,6,2,3,2,91317,4975.64599609375,0,0,3
1762843761.6899137,9500912255140419907,0,14,9,53,13,2,2,3,2,91781,5001.9296875,0,0,3
1762843761.6899137,9500912255140419907,0,15,14,53,18,0,2,3,2,91628,5026.0283203125,0,0,3
1762843761.6899137,9500912255140419907,0,16,13,53,14,0,2,3,2,92449,5025.66015625,0,0,3
1762843761.6899137,9500912255140419907,0,17,1,53,6,25,2,3,2,90593,4956.45703125,0,0,3
1762843761.6899137,9500912255140419907,0,18,15,53,9,0,3,3,2,91175,5028.9296875,0,0,4
1762843761.6899137,9500912255140419907,0,19,20,0,20,0,0,4,1,0,5136.519262569025,0,0,1
1762843761.6899137,9500912255140419907,0,20,0,0,0,0,0,0,0,0,0.0,0,0,0
1762843761.6899137,9500912255140419907,0,21,0,0,0,0,0,0,0,0,0.0,0,0,0
1762843766.7047102,9500912255140419907,0,0,6,53,3,8,3,3,2,90011,4970.03515625,0,0,4
1762843766.7047102,9500912255140419907,0,1,8,53,15,4,2,3,2,90814,4997.806640625,0,0,3
1762843766.7047102,9500912255140419907,0,2,2,53,8,18,2,3,2,90669,4958.658203125,0,0,3
1762843766.7047102,9500912255140419907,0,3,10,53,10,1,2,3,2,91770,5003.53955078125,0,0,3
1762843766.7047102,9500912255140419907,0,4,16,53,16,0,3,3,2,91522,5031.4423828125,0,0,4
1762843766.7047102,9500912255140419907,0,5,3,53,2,15,2,3,2,91151,4959.40625,0,0,3
1762843766.7047102,9500912255140419907,0,6,19,52,11,0,3,3,2,93277,4999.85693359375,0,0,4
1762843766.7047102,9500912255140419907,0,7,18,52,12,0,2,3,2,93054,4959.05908203125,0,0,3
1762843766.7047102,9500912255140419907,0,8,17,53,19,0,3,3,2,91622,5047.9638671875,0,0,4
1762843766.7047102,9500912255140419907,0,9,11,53,4,0,3,3,2,91281,5007.185546875,0,0,4
1762843766.7047102,9500912255140419907,0,10,4,53,7,12,2,3,2,90719,4966.5361328125,0,0,3
1762843766.7047102,9500912255140419907,0,11,5,53,1,10,2,3,2,91333,4969.7158203125,0,0,3
1762843766.7047102,9500912255140419907,0,12,12,53,17,0,2,3,2,91510,5019.326171875,0,0,3
1762843766.7047102,9500912255140419907,0,13,7,53,5,6,2,3,2,91317,4975.64599609375,0,0,3
1762843766.7047102,9500912255140419907,0,14,9,53,13,2,2,3,2,91781,5001.9296875,0,0,3
1762843766.7047102,9500912255140419907,0,15,14,53,18,0,2,3,2,91628,5026.0283203125,0,0,3
1762843766.7047102,9500912255140419907,0,16,13,53,14,0,2,3,2,92449,5025.66015625,0,0,3
1762843766.7047102,9500912255140419907,0,17,1,53,6,25,2,3,2,90593,4956.45703125,0,0,3
1762843766.7047102,9500912255140419907,0,18,15,53,9,0,3,3,2,91175,5028.9296875,0,0,4
1762843766.7047102,9500912255140419907,0,19,20,0,20,0,0,4,1,0,5136.519262569025,0,0,1
1762843766.7047102,9500912255140419907,0,20,0,0,0,0,0,0,0,0,0.0,0,0,0
1762843766.7047102,9500912255140419907,0,21,0,0,0,0,0,0,0,0,0.0,0,0,0
1762843771.7208068,9500912255140419907,0,0,6,53,3,8,3,3,2,90011,4970.03515625,0,0,4
1762843771.7208068,9500912255140419907,0,1,8,53,15,4,2,3,2,90814,4997.806640625,0,0,3
1762843771.7208068,9500912255140419907,0,2,2,53,8,18,2,3,2,90669,4958.658203125,0,0,3
1762843771.7208068,9500912255140419907,0,3,10,53,10,1,2,3,2,91770,5003.53955078125,0,0,3
1762843771.7208068,9500912255140419907,0,4,16,53,16,0,3,3,2,91522,5031.4423828125,0,0,4
1762843771.7208068,9500912255140419907,0,5,3,53,2,15,2,3,2,91151,4959.40625,0,0,3
1762843771.7208068,9500912255140419907,0,6,19,52,11,0,3,3,2,93277,4999.85693359375,0,0,4
1762843771.7208068,9500912255140419907,0,7,18,52,12,0,2,3,2,93054,4959.05908203125,0,0,3
1762843771.7208068,9500912255140419907,0,8,17,53,19,0,3,3,2,91622,5047.9638671875,0,0,4
1762843771.7208068,9500912255140419907,0,9,11,53,4,0,3,3,2,91281,5007.185546875,0,0,4
1762843771.7208068,9500912255140419907,0,10,4,53,7,12,2,3,2,90719,4966.5361328125,0,0,3
1762843771.7208068,9500912255140419907,0,11,5,53,1,10,2,3,2,91333,4969.7158203125,0,0,3
1762843771.7208068,9500912255140419907,0,12,12,53,17,0,2,3,2,91510,5019.326171875,0,0,3
1762843771.7208068,9500912255140419907,0,13,7,53,5,6,2,3,2,91317,4975.64599609375,0,0,3
1762843771.7208068,9500912255140419907,0,14,9,53,13,2,2,3,2,91781,5001.9296875,0,0,3
1762843771.7208068,9500912255140419907,0,15,14,53,18,0,2,3,2,91628,5026.0283203125,0,0,3
1762843771.7208068,9500912255140419907,0,16,13,53,14,0,2,3,2,92449,5025.66015625,0,0,3
1762843771.7208068,9500912255140419907,0,17,1,53,6,25,2,3,2,90593,4956.45703125,0,0,3
1762843771.7208068,9500912255140419907,0,18,15,53,9,0,3,3,2,91175,5028.9296875,0,0,4
1762843771.7208068,9500912255140419907,0,19,20,0,20,0,0,4,1,0,5136.519262569025,0,0,1
1762843771.7208068,9500912255140419907,0,20,0,0,0,0,0,0,0,0,0.0,0,0,0
1762843771.7208068,9500912255140419907,0,21,0,0,0,0,0,0,0,0,0.0,0,0,0
1762843776.7365458,9500912255140419907,0,0,6,53,3,8,3,3,2,90011,4970.03515625,0,0,4
1762843776.7365458,9500912255140419907,0,1,8,53,15,4,2,3,2,90814,4997.806640625,0,0,3
1762843776.7365458,9500912255140419907,0,2,2,53,8,18,2,3,2,90669,4958.658203125,0,0,3
1762843776.7365458,9500912255140419907,0,3,10,53,10,1,2,3,2,91770,5003.53955078125,0,0,3
1762843776.7365458,9500912255140419907,0,4,16,53,16,0,3,3,2,91522,5031.4423828125,0,0,4
1762843776.7365458,9500912255140419907,0,5,3,53,2,15,2,3,2,91151,4959.40625,0,0,3
1762843776.7365458,9500912255140419907,0,6,19,52,11,0,3,3,2,93277,4999.85693359375,0,0,4
1762843776.7365458,9500912255140419907,0,7,18,52,12,0,2,3,2,93054,4959.05908203125,0,0,3
1762843776.7365458,9500912255140419907,0,8,17,53,19,0,3,3,2,91622,5047.9638671875,0,0,4
1762843776.7365458,9500912255140419907,0,9,11,53,4,0,3,3,2,91281,5007.185546875,0,0,4
1762843776.7365458,9500912255140419907,0,10,4,53,7,12,2,3,2,90719,4966.5361328125,0,0,3
1762843776.7365458,9500912255140419907,0,11,5,53,1,10,2,3,2,91333,4969.7158203125,0,0,3
1762843776.7365458,9500912255140419907,0,12,12,53,17,0,2,3,2,91510,5019.326171875,0,0,3
1762843776.7365458,9500912255140419907,0,13,7,53,5,6,2,3,2,91317,4975.64599609375,0,0,3
1762843776.7365458,9500912255140419907,0,14,9,53,13,2,2,3,2,91781,5001.9296875,0,0,3
1762843776.7365458,9500912255140419907,0,15,14,53,18,0,2,3,2,91628,5026.0283203125,0,0,3
1762843776.7365458,9500912255140419907,0,16,13,53,14,0,2,3,2,92449,5025.66015625,0,0,3
1762843776.7365458,9500912255140419907,0,17,1,53,6,25,2,3,2,90593,4956.45703125,0,0,3
1762843776.7365458,9500912255140419907,0,18,15,53,9,0,3,3,2,91175,5028.9296875,0,0,4
1762843776.7365458,9500912255140419907,0,19,20,0,20,0,0,4,1,0,5136.519262569025,0,0,1
1762843776.7365458,9500912255140419907,0,20,0,0,0,0,0,0,0,0,0.0,0,0,0
1762843776.7365458,9500912255140419907,0,21,0,0,0,0,0,0,0,0,0.0,0,0,0
1762843781.7501826,9500912255140419907,0,0,6,53,3,8,3,3,2,90011,4970.03515625,0,0,4
1762843781.7501826,9500912255140419907,0,1,8,53,15,4,2,3,2,90814,4997.806640625,0,0,3
1762843781.7501826,9500912255140419907,0,2,2,53,8,18,2,3,2,90669,4958.658203125,0,0,3
1762843781.7501826,9500912255140419907,0,3,10,53,10,1,2,3,2,91770,5003.53955078125,0,0,3
1762843781.7501826,9500912255140419907,0,4,16,53,16,0,3,3,2,91522,5031.4423828125,0,0,4
1762843781.7501826,9500912255140419907,0,5,3,53,2,15,2,3,2,91151,4959.40625,0,0,3
1762843781.7501826,9500912255140419907,0,6,19,52,11,0,3,3,2,93277,4999.85693359375,0,0,4
1762843781.7501826,9500912255140419907,0,7,18,52,12,0,2,3,2,93054,4959.05908203125,0,0,3
1762843781.7501826,9500912255140419907,0,8,17,53,19,0,3,3,2,91622,5047.9638671875,0,0,4
1762843781.7501826,9500912255140419907,0,9,11,53,4,0,3,3,2,91281,5007.185546875,0,0,4
1762843781.7501826,9500912255140419907,0,10,4,53,7,12,2,3,2,90719,4966.5361328125,0,0,3
1762843781.7501826,9500912255140419907,0,11,5,53,1,10,2,3,2,91333,4969.7158203125,0,0,3
1762843781.7501826,9500912255140419907,0,12,12,53,17,0,2,3,2,91510,5019.326171875,0,0,3
1762843781.7501826,9500912255140419907,0,13,7,53,5,6,2,3,2,91317,4975.64599609375,0,0,3
1762843781.7501826,9500912255140419907,0,14,9,53,13,2,2,3,2,91781,5001.9296875,0,0,3
1762843781.7501826,9500912255140419907,0,15,14,53,18,0,2,3,2,91628,5026.0283203125,0,0,3
1762843781.7501826,9500912255140419907,0,16,13,53,14,0,2,3,2,92449,5025.66015625,0,0,3
1762843781.7501826,9500912255140419907,0,17,1,53,6,25,2,3,2,90593,4956.45703125,0,0,3
1762843781.7501826,9500912255140419907,0,18,15,53,9,0,3,3,2,91175,5028.9296875,0,0,4
1762843781.7501826,9500912255140419907,0,19,20,0,20,0,0,4,1,0,5136.519262569025,0,0,1
1762843781.7501826,9500912255140419907,0,20,0,0,0,0,0,0,0,0,0.0,0,0,0
1762843781.7501826,9500912255140419907,0,21,0,0,0,0,0,0,0,0,0.0,0,0,0
1762843786.7646184,9500912255140419907,0,0,6,53,3,8,3,3,2,90011,4970.03515625,0,0,4
1762843786.7646184,9500912255140419907,0,1,8,53,15,4,2,3,2,90814,4997.806640625,0,0,3
1762843786.7646184,9500912255140419907,0,2,2,53,8,18,2,3,2,90669,4958.658203125,0,0,3
1762843786.7646184,9500912255140419907,0,3,10,53,10,1,2,3,2,91770,5003.53955078125,0,0,3
1762843786.7646184,9500912255140419907,0,4,16,53,16,0,3,3,2,91522,5031.4423828125,0,0,4
1762843786.7646184,9500912255140419907,0,5,3,53,2,15,2,3,2,91151,4959.40625,0,0,3
1762843786.7646184,9500912255140419907,0,6,19,52,11,0,3,3,2,93277,4999.85693359375,0,0,4
1762843786.7646184,9500912255140419907,0,7,18,52,12,0,2,3,2,93054,4959.05908203125,0,0,3
1762843786.7646184,9500912255140419907,0,8,17,53,19,0,3,3,2,91622,5047.9638671875,0,0,4
1762843786.7646184,9500912255140419907,0,9,11,53,4,0,3,3,2,91281,5007.185546875,0,0,4
1762843786.7646184,9500912255140419907,0,10,4,53,7,12,2,3,2,90719,4966.5361328125,0,0,3
1762843786.7646184,9500912255140419907,0,11,5,53,1,10,2,3,2,91333,4969.7158203125,0,0,3
1762843786.7646184,9500912255140419907,0,12,12,53,17,0,2,3,2,91510,5019.326171875,0,0,3
1762843786.7646184,9500912255140419907,0,13,7,53,5,6,2,3,2,91317,4975.64599609375,0,0,3
1762843786.7646184,9500912255140419907,0,14,9,53,13,2,2,3,2,91781,5001.9296875,0,0,3
1762843786.7646184,9500912255140419907,0,15,14,53,18,0,2,3,2,91628,5026.0283203125,0,0,3
1762843786.7646184,9500912255140419907,0,16,13,53,14,0,2,3,2,92449,5025.66015625,0,0,3
1762843786.7646184,9500912255140419907,0,17,1,53,6,25,2,3,2,90593,4956.45703125,0,0,3
1762843786.7646184,9500912255140419907,0,18,15,53,9,0,3,3,2,91175,5028.9296875,0,0,4
1762843786.7646184,9500912255140419907,0,19,20,0,20,0,0,4,1,0,5136.519262569025,0,0,1
1762843786.7646184,9500912255140419907,0,20,0,0,0,0,0,0,0,0,0.0,0,0,0
1762843786.7646184,9500912255140419907,0,21,0,0,0,0,0,0,0,0,0.0,0,0,0
1762843791.7775278,9500912255140419907,0,0,6,53,3,8,3,3,2,90011,4970.03515625,0,0,4
1762843791.7775278,9500912255140419907,0,1,8,53,15,4,2,3,2,90814,4997.806640625,0,0,3
1762843791.7775278,9500912255140419907,0,2,2,53,8,18,2,3,2,90669,4958.658203125,0,0,3
1762843791.7775278,9500912255140419907,0,3,10,53,10,1,2,3,2,91770,5003.53955078125,0,0,3
1762843791.7775278,9500912255140419907,0,4,16,53,16,0,3,3,2,91522,5031.4423828125,0,0,4
1762843791.7775278,9500912255140419907,0,5,3,53,2,15,2,3,2,91151,4959.40625,0,0,3
1762843791.7775278,9500912255140419907,0,6,19,52,11,0,3,3,2,93277,4999.85693359375,0,0,4
1762843791.7775278,9500912255140419907,0,7,18,52,12,0,2,3,2,93054,4959.05908203125,0,0,3
1762843791.7775278,9500912255140419907,0,8,17,53,19,0,3,3,2,91622,5047.9638671875,0,0,4
1762843791.7775278,9500912255140419907,0,9,11,53,4,0,3,3,2,91281,5007.185546875,0,0,4
1762843791.7775278,9500912255140419907,0,10,4,53,7,12,2,3,2,90719,4966.5361328125,0,0,3
1762843791.7775278,9500912255140419907,0,11,5,53,1,10,2,3,2,91333,4969.7158203125,0,0,3
1762843791.7775278,9500912255140419907,0,12,12,53,17,0,2,3,2,91510,5019.326171875,0,0,3
1762843791.7775278,9500912255140419907,0,13,7,53,5,6,2,3,2,91317,4975.64599609375,0,0,3
1762843791.7775278,9500912255140419907,0,14,9,53,13,2,2,3,2,91781,5001.9296875,0,0,3
1762843791.7775278,9500912255140419907,0,15,14,53,18,0,2,3,2,91628,5026.0283203125,0,0,3
1762843791.7775278,9500912255140419907,0,16,13,53,14,0,2,3,2,92449,5025.66015625,0,0,3
1762843791.7775278,9500912255140419907,0,17,1,53,6,25,2,3,2,90593,4956.45703125,0,0,3
1762843791.7775278,9500912255140419907,0,18,15,53,9,0,3,3,2,91175,5028.9296875,0,0,4
1762843791.7775278,9500912255140419907,0,19,20,0,20,0,0,4,1,0,5136.519262569025,0,0,1
1762843791.7775278,9500912255140419907,0,20,0,0,0,0,0,0,0,0,0.0,0,0,0
1762843791.7775278,9500912255140419907,0,21,0,0,0,0,0,0,0,0,0.0,0,0,0
1762843796.7944298,9500912255140419907,0,0,6,53,3,8,3,3,2,90011,4970.03515625,0,0,4
1762843796.7944298,9500912255140419907,0,1,8,53,15,4,2,3,2,90814,4997.806640625,0,0,3
1762843796.7944298,9500912255140419907,0,2,2,53,8,18,2,3,2,90669,4958.658203125,0,0,3
1762843796.7944298,9500912255140419907,0,3,10,53,10,1,2,3,2,91770,5003.53955078125,0,0,3
1762843796.7944298,9500912255140419907,0,4,16,53,16,0,3,3,2,91522,5031.4423828125,0,0,4
1762843796.7944298,9500912255140419907,0,5,3,53,2,15,2,3,2,91151,4959.40625,0,0,3
1762843796.7944298,9500912255140419907,0,6,19,52,11,0,3,3,2,93277,4999.85693359375,0,0,4
1762843796.7944298,9500912255140419907,0,7,18,52,12,0,2,3,2,93054,4959.05908203125,0,0,3
1762843796.7944298,9500912255140419907,0,8,17,53,19,0,3,3,2,91622,5047.9638671875,0,0,4
1762843796.7944298,9500912255140419907,0,9,11,53,4,0,3,3,2,91281,5007.185546875,0,0,4
1762843796.7944298,9500912255140419907,0,10,4,53,7,12,2,3,2,90719,4966.5361328125,0,0,3
1762843796.7944298,9500912255140419907,0,11,5,53,1,10,2,3,2,91333,4969.7158203125,0,0,3
1762843796.7944298,9500912255140419907,0,12,12,53,17,0,2,3,2,91510,5019.326171875,0,0,3
1762843796.7944298,9500912255140419907,0,13,7,53,5,6,2,3,2,91317,4975.64599609375,0,0,3
1762843796.7944298,9500912255140419907,0,14,9,53,13,2,2,3,2,91781,5001.9296875,0,0,3
1762843796.7944298,9500912255140419907,0,15,14,53,18,0,2,3,2,91628,5026.0283203125,0,0,3
1762843796.7944298,9500912255140419907,0,16,13,53,14,0,2,3,2,92449,5025.66015625,0,0,3
1762843796.7944298,9500912255140419907,0,17,1,53,6,25,2,3,2,90593,4956.45703125,0,0,3
1762843796.7944298,9500912255140419907,0,18,15,53,9,0,3,3,2,91175,5028.9296875,0,0,4
1762843796.7944298,9500912255140419907,0,19,20,0,20,0,0,4,1,0,5136.519262569025,0,0,1
1762843796.7944298,9500912255140419907,0,20,0,0,0,0,0,0,0,0,0.0,0,0,0
1762843796.7944298,9500912255140419907,0,21,0,0,0,0,0,0,0,0,0.0,0,0,0
1762843801.812186,9500912255140419907,0,0,6,53,3,8,3,3,2,90011,4970.03515625,0,0,4
1762843801.812186,9500912255140419907,0,1,8,53,15,4,2,3,2,90814,4997.806640625,0,0,3
1762843801.812186,9500912255140419907,0,2,2,53,8,18,2,3,2,90669,4958.658203125,0,0,3
1762843801.812186,9500912255140419907,0,3,10,53,10,1,2,3,2,91770,5003.53955078125,0,0,3
1762843801.812186,9500912255140419907,0,4,16,53,16,0,3,3,2,91522,5031.4423828125,0,0,4
1762843801.812186,9500912255140419907,0,5,3,53,2,15,2,3,2,91151,4959.40625,0,0,3
1762843801.812186,9500912255140419907,0,6,19,52,11,0,3,3,2,93277,4999.85693359375,0,0,4
1762843801.812186,9500912255140419907,0,7,18,52,12,0,2,3,2,93054,4959.05908203125,0,0,3
1762843801.812186,9500912255140419907,0,8,17,53,19,0,3,3,2,91622,5047.9638671875,0,0,4
1762843801.812186,9500912255140419907,0,9,11,53,4,0,3,3,2,91281,5007.185546875,0,0,4
1762843801.812186,9500912255140419907,0,10,4,53,7,12,2,3,2,90719,4966.5361328125,0,0,3
1762843801.812186,9500912255140419907,0,11,5,53,1,10,2,3,2,91333,4969.7158203125,0,0,3
1762843801.812186,9500912255140419907,0,12,12,53,17,0,2,3,2,91510,5019.326171875,0,0,3
1762843801.812186,9500912255140419907,0,13,7,53,5,6,2,3,2,91317,4975.64599609375,0,0,3
1762843801.812186,9500912255140419907,0,14,9,53,13,2,2,3,2,91781,5001.9296875,0,0,3
1762843801.812186,9500912255140419907,0,15,14,53,18,0,2,3,2,91628,5026.0283203125,0,0,3
1762843801.812186,9500912255140419907,0,16,13,53,14,0,2,3,2,92449,5025.66015625,0,0,3
1762843801.812186,9500912255140419907,0,17,1,53,6,25,2,3,2,90593,4956.45703125,0,0,3
1762843801.812186,9500912255140419907,0,18,15,53,9,0,3,3,2,91175,5028.9296875,0,0,4
1762843801.812186,9500912255140419907,0,19,20,0,20,0,0,4,1,0,5136.519262569025,0,0,1
1762843801.812186,9500912255140419907,0,20,0,0,0,0,0,0,0,0,0.0,0,0,0
1762843801.812186,9500912255140419907,0,21,0,0,0,0,0,0,0,0,0.0,0,0,0
1762843806.8267088,9500912255140419907,0,0,6,53,3,8,3,3,2,90011,4970.03515625,0,0,4
1762843806.8267088,9500912255140419907,0,1,8,53,15,4,2,3,2,90814,4997.806640625,0,0,3
1762843806.8267088,9500912255140419907,0,2,2,53,8,18,2,3,2,90669,4958.658203125,0,0,3
1762843806.8267088,9500912255140419907,0,3,10,53,10,1,2,3,2,91770,5003.53955078125,0,0,3
1762843806.8267088,9500912255140419907,0,4,16,53,16,0,3,3,2,91522,5031.4423828125,0,0,4
1762843806.8267088,9500912255140419907,0,5,3,53,2,15,2,3,2,91151,4959.40625,0,0,3
1762843806.8267088,9500912255140419907,0,6,19,52,11,0,3,3,2,93277,4999.85693359375,0,0,4
1762843806.8267088,9500912255140419907,0,7,18,52,12,0,2,3,2,93054,4959.05908203125,0,0,3
1762843806.8267088,9500912255140419907,0,8,17,53,19,0,3,3,2,91622,5047.9638671875,0,0,4
1762843806.8267088,9500912255140419907,0,9,11,53,4,0,3,3,2,91281,5007.185546875,0,0,4
1762843806.8267088,9500912255140419907,0,10,4,53,7,12,2,3,2,90719,4966.5361328125,0,0,3
1762843806.8267088,9500912255140419907,0,11,5,53,1,10,2,3,2,91333,4969.7158203125,0,0,3
1762843806.8267088,9500912255140419907,0,12,12,53,17,0,2,3,2,91510,5019.326171875,0,0,3
1762843806.8267088,9500912255140419907,0,13,7,53,5,6,2,3,2,91317,4975.64599609375,0,0,3
1762843806.8267088,9500912255140419907,0,14,9,53,13,2,2,3,2,91781,5001.9296875,0,0,3
1762843806.8267088,9500912255140419907,0,15,14,53,18,0,2,3,2,91628,5026.0283203125,0,0,3
1762843806.8267088,9500912255140419907,0,16,13,53,14,0,2,3,2,92449,5025.66015625,0,0,3
1762843806.8267088,9500912255140419907,0,17,1,53,6,25,2,3,2,90593,4956.45703125,0,0,3
1762843806.8267088,9500912255140419907,0,18,15,53,9,0,3,3,2,91175,5028.9296875,0,0,4
1762843806.8267088,9500912255140419907,0,19,20,0,20,0,0,4,1,0,5136.519262569025,0,0,1
1762843806.8267088,9500912255140419907,0,20,0,0,0,0,0,0,0,0,0.0,0,0,0
1762843806.8267088,9500912255140419907,0,21,0,0,0,0,0,0,0,0,0.0,0,0,0
1762843811.8331811,9500912255140419907,0,0,6,53,3,8,3,3,2,90011,4970.03515625,0,0,4
1762843811.8331811,9500912255140419907,0,1,8,53,15,4,2,3,2,90814,4997.806640625,0,0,3
1762843811.8331811,9500912255140419907,0,2,2,53,8,18,2,3,2,90669,4958.658203125,0,0,3
1762843811.8331811,9500912255140419907,0,3,10,53,10,1,2,3,2,91770,5003.53955078125,0,0,3
1762843811.8331811,9500912255140419907,0,4,16,53,16,0,3,3,2,91522,5031.4423828125,0,0,4
1762843811.8331811,9500912255140419907,0,5,3,53,2,15,2,3,2,91151,4959.40625,0,0,3
1762843811.8331811,9500912255140419907,0,6,19,52,11,0,3,3,2,93277,4999.85693359375,0,0,4
1762843811.8331811,9500912255140419907,0,7,18,52,12,0,2,3,2,93054,4959.05908203125,0,0,3
1762843811.8331811,9500912255140419907,0,8,17,53,19,0,3,3,2,91622,5047.9638671875,0,0,4
1762843811.8331811,9500912255140419907,0,9,11,53,4,0,3,3,2,91281,5007.185546875,0,0,4
1762843811.8331811,9500912255140419907,0,10,4,53,7,12,2,3,2,90719,4966.5361328125,0,0,3
1762843811.8331811,9500912255140419907,0,11,5,53,1,10,2,3,2,91333,4969.7158203125,0,0,3
1762843811.8331811,9500912255140419907,0,12,12,53,17,0,2,3,2,91510,5019.326171875,0,0,3
1762843811.8331811,9500912255140419907,0,13,7,53,5,6,2,3,2,91317,4975.64599609375,0,0,3
1762843811.8331811,9500912255140419907,0,14,9,53,13,2,2,3,2,91781,5001.9296875,0,0,3
1762843811.8331811,9500912255140419907,0,15,14,53,18,0,2,3,2,91628,5026.0283203125,0,0,3
1762843811.8331811,9500912255140419907,0,16,13,53,14,0,2,3,2,92449,5025.66015625,0,0,3
1762843811.8331811,9500912255140419907,0,17,1,53,6,25,2,3,2,90593,4956.45703125,0,0,3
1762843811.8331811,9500912255140419907,0,18,15,53,9,0,3,3,2,91175,5028.9296875,0,0,4
1762843811.8331811,9500912255140419907,0,19,20,0,20,0,0,4,1,0,5136.519262569025,0,0,1
1762843811.8331811,9500912255140419907,0,20,0,0,0,0,0,0,0,0,0.0,0,0,0
1762843811.8331811,9500912255140419907,0,21,0,0,0,0,0,0,0,0,0.0,0,0,0
1762843816.8455772,9500912255140419907,0,0,6,53,3,8,3,3,2,90011,4970.03515625,0,0,4
1762843816.8455772,9500912255140419907,0,1,8,53,15,4,2,3,2,90814,4997.806640625,0,0,3
1762843816.8455772,9500912255140419907,0,2,2,53,8,18,2,3,2,90669,4958.658203125,0,0,3
1762843816.8455772,9500912255140419907,0,3,10,53,10,1,2,3,2,91770,5003.53955078125,0,0,3
1762843816.8455772,9500912255140419907,0,4,16,53,16,0,3,3,2,91522,5031.4423828125,0,0,4
1762843816.8455772,9500912255140419907,0,5,3,53,2,15,2,3,2,91151,4959.40625,0,0,3
1762843816.8455772,9500912255140419907,0,6,19,52,11,0,3,3,2,93277,4999.85693359375,0,0,4
1762843816.8455772,9500912255140419907,0,7,18,52,12,0,2,3,2,93054,4959.05908203125,0,0,3
1762843816.8455772,9500912255140419907,0,8,17,53,19,0,3,3,2,91622,5047.9638671875,0,0,4
1762843816.8455772,9500912255140419907,0,9,11,53,4,0,3,3,2,91281,5007.185546875,0,0,4
1762843816.8455772,9500912255140419907,0,10,4,53,7,12,2,3,2,90719,4966.5361328125,0,0,3
1762843816.8455772,9500912255140419907,0,11,5,53,1,10,2,3,2,91333,4969.7158203125,0,0,3
1762843816.8455772,9500912255140419907,0,12,12,53,17,0,2,3,2,91510,5019.326171875,0,0,3
1762843816.8455772,9500912255140419907,0,13,7,53,5,6,2,3,2,91317,4975.64599609375,0,0,3
1762843816.8455772,9500912255140419907,0,14,9,53,13,2,2,3,2,91781,5001.9296875,0,0,3
1762843816.8455772,9500912255140419907,0,15,14,53,18,0,2,3,2,91628,5026.0283203125,0,0,3
1762843816.8455772,9500912255140419907,0,16,13,53,14,0,2,3,2,92449,5025.66015625,0,0,3
1762843816.8455772,9500912255140419907,0,17,1,53,6,25,2,3,2,90593,4956.45703125,0,0,3
1762843816.8455772,9500912255140419907,0,18,15,53,9,0,3,3,2,91175,5028.9296875,0,0,4
1762843816.8455772,9500912255140419907,0,19,20,0,20,0,0,4,1,0,5136.519262569025,0,0,1
1762843816.8455772,9500912255140419907,0,20,0,0,0,0,0,0,0,0,0.0,0,0,0
1762843816.8455772,9500912255140419907,0,21,0,0,0,0,0,0,0,0,0.0,0,0,0
1762843821.862246,9500912255140419907,0,0,6,53,3,8,3,3,2,90011,4970.03515625,0,0,4
1762843821.862246,9500912255140419907,0,1,8,53,15,4,2,3,2,90814,4997.806640625,0,0,3
1762843821.862246,9500912255140419907,0,2,2,53,8,18,2,3,2,90669,4958.658203125,0,0,3
1762843821.862246,9500912255140419907,0,3,10,53,10,1,2,3,2,91770,5003.53955078125,0,0,3
1762843821.862246,9500912255140419907,0,4,16,53,16,0,3,3,2,91522,5031.4423828125,0,0,4
1762843821.862246,9500912255140419907,0,5,3,53,2,15,2,3,2,91151,4959.40625,0,0,3
1762843821.862246,9500912255140419907,0,6,19,52,11,0,3,3,2,93277,4999.85693359375,0,0,4
1762843821.862246,9500912255140419907,0,7,18,52,12,0,2,3,2,93054,4959.05908203125,0,0,3
1762843821.862246,9500912255140419907,0,8,17,53,19,0,3,3,2,91622,5047.9638671875,0,0,4
1762843821.862246,9500912255140419907,0,9,11,53,4,0,3,3,2,91281,5007.185546875,0,0,4
1762843821.862246,9500912255140419907,0,10,4,53,7,12,2,3,2,90719,4966.5361328125,0,0,3
1762843821.862246,9500912255140419907,0,11,5,53,1,10,2,3,2,91333,4969.7158203125,0,0,3
1762843821.862246,9500912255140419907,0,12,12,53,17,0,2,3,2,91510,5019.326171875,0,0,3
1762843821.862246,9500912255140419907,0,13,7,53,5,6,2,3,2,91317,4975.64599609375,0,0,3
1762843821.862246,9500912255140419907,0,14,9,53,13,2,2,3,2,91781,5001.9296875,0,0,3
1762843821.862246,9500912255140419907,0,15,14,53,18,0,2,3,2,91628,5026.0283203125,0,0,3
1762843821.862246,9500912255140419907,0,16,13,53,14,0,2,3,2,92449,5025.66015625,0,0,3
1762843821.862246,9500912255140419907,0,17,1,53,6,25,2,3,2,90593,4956.45703125,0,0,3
1762843821.862246,9500912255140419907,0,18,15,53,9,0,3,3,2,91175,5028.9296875,0,0,4
1762843821.862246,9500912255140419907,0,19,20,0,20,0,0,4,1,0,5136.519262569025,0,0,1
1762843821.862246,9500912255140419907,0,20,0,0,0,0,0,0,0,0,0.0,0,0,0
1762843821.862246,9500912255140419907,0,21,0,0,0,0,0,0,0,0,0.0,0,0,0
1762843826.879702,9500912255140419907,0,0,6,53,3,8,3,3,2,90011,4970.03515625,0,0,4
1762843826.879702,9500912255140419907,0,1,8,53,15,4,2,3,2,90814,4997.806640625,0,0,3
1762843826.879702,9500912255140419907,0,2,2,53,8,18,2,3,2,90669,4958.658203125,0,0,3
1762843826.879702,9500912255140419907,0,3,10,53,10,1,2,3,2,91770,5003.53955078125,0,0,3
1762843826.879702,9500912255140419907,0,4,16,53,16,0,3,3,2,91522,5031.4423828125,0,0,4
1762843826.879702,9500912255140419907,0,5,3,53,2,15,2,3,2,91151,4959.40625,0,0,3
1762843826.879702,9500912255140419907,0,6,19,52,11,0,3,3,2,93277,4999.85693359375,0,0,4
1762843826.879702,9500912255140419907,0,7,18,52,12,0,2,3,2,93054,4959.05908203125,0,0,3
1762843826.879702,9500912255140419907,0,8,17,53,19,0,3,3,2,91622,5047.9638671875,0,0,4
1762843826.879702,9500912255140419907,0,9,11,53,4,0,3,3,2,91281,5007.185546875,0,0,4
1762843826.879702,9500912255140419907,0,10,4,53,7,12,2,3,2,90719,4966.5361328125,0,0,3
1762843826.879702,9500912255140419907,0,11,5,53,1,10,2,3,2,91333,4969.7158203125,0,0,3
1762843826.879702,9500912255140419907,0,12,12,53,17,0,2,3,2,91510,5019.326171875,0,0,3
1762843826.879702,9500912255140419907,0,13,7,53,5,6,2,3,2,91317,4975.64599609375,0,0,3
1762843826.879702,9500912255140419907,0,14,9,53,13,2,2,3,2,91781,5001.9296875,0,0,3
1762843826.879702,9500912255140419907,0,15,14,53,18,0,2,3,2,91628,5026.0283203125,0,0,3
1762843826.879702,9500912255140419907,0,16,13,53,14,0,2,3,2,92449,5025.66015625,0,0,3
1762843826.879702,9500912255140419907,0,17,1,53,6,25,2,3,2,90593,4956.45703125,0,0,3
1762843826.879702,9500912255140419907,0,18,15,53,9,0,3,3,2,91175,5028.9296875,0,0,4
1762843826.879702,9500912255140419907,0,19,20,0,20,0,0,4,1,0,5136.519262569025,0,0,1
1762843826.879702,9500912255140419907,0,20,0,0,0,0,0,0,0,0,0.0,0,0,0
1762843826.879702,9500912255140419907,0,21,0,0,0,0,0,0,0,0,0.0,0,0,0
1762843831.892277,9500912255140419907,0,0,6,53,3,8,3,3,2,90011,4970.03515625,0,0,4
1762843831.892277,9500912255140419907,0,1,8,53,15,4,2,3,2,90814,4997.806640625,0,0,3
1762843831.892277,9500912255140419907,0,2,2,53,8,18,2,3,2,90669,4958.658203125,0,0,3
1762843831.892277,9500912255140419907,0,3,10,53,10,1,2,3,2,91770,5003.53955078125,0,0,3
1762843831.892277,9500912255140419907,0,4,16,53,16,0,3,3,2,91522,5031.4423828125,0,0,4
1762843831.892277,9500912255140419907,0,5,3,53,2,15,2,3,2,91151,4959.40625,0,0,3
1762843831.892277,9500912255140419907,0,6,19,52,11,0,3,3,2,93277,4999.85693359375,0,0,4
1762843831.892277,9500912255140419907,0,7,18,52,12,0,2,3,2,93054,4959.05908203125,0,0,3
1762843831.892277,9500912255140419907,0,8,17,53,19,0,3,3,2,91622,5047.9638671875,0,0,4
1762843831.892277,9500912255140419907,0,9,11,53,4,0,3,3,2,91281,5007.185546875,0,0,4
1762843831.892277,9500912255140419907,0,10,4,53,7,12,2,3,2,90719,4966.5361328125,0,0,3
1762843831.892277,9500912255140419907,0,11,5,53,1,10,2,3,2,91333,4969.7158203125,0,0,3
1762843831.892277,9500912255140419907,0,12,12,53,17,0,2,3,2,91510,5019.326171875,0,0,3
1762843831.892277,9500912255140419907,0,13,7,53,5,6,2,3,2,91317,4975.64599609375,0,0,3
1762843831.892277,9500912255140419907,0,14,9,53,13,2,2,3,2,91781,5001.9296875,0,0,3
1762843831.892277,9500912255140419907,0,15,14,53,18,0,2,3,2,91628,5026.0283203125,0,0,3
1762843831.892277,9500912255140419907,0,16,13,53,14,0,2,3,2,92449,5025.66015625,0,0,3
1762843831.892277,9500912255140419907,0,17,1,53,6,25,2,3,2,90593,4956.45703125,0,0,3
1762843831.892277,9500912255140419907,0,18,15,53,9,0,3,3,2,91175,5028.9296875,0,0,4
1762843831.892277,9500912255140419907,0,19,20,0,20,0,0,4,1,0,5136.519262569025,0,0,1
1762843831.892277,9500912255140419907,0,20,0,0,0,0,0,0,0,0,0.0,0,0,0
1762843831.892277,9500912255140419907,0,21,0,0,0,0,0,0,0,0,0.0,0,0,0
1762843836.8941905,9500912255140419907,0,0,6,53,3,8,3,3,2,90011,4970.03515625,0,0,4
1762843836.8941905,9500912255140419907,0,1,8,53,15,4,2,3,2,90814,4997.806640625,0,0,3
1762843836.8941905,9500912255140419907,0,2,2,53,8,18,2,3,2,90669,4958.658203125,0,0,3
1762843836.8941905,9500912255140419907,0,3,10,53,10,1,2,3,2,91770,5003.53955078125,0,0,3
1762843836.8941905,9500912255140419907,0,4,16,53,16,0,3,3,2,91522,5031.4423828125,0,0,4
1762843836.8941905,9500912255140419907,0,5,3,53,2,15,2,3,2,91151,4959.40625,0,0,3
1762843836.8941905,9500912255140419907,0,6,19,52,11,0,3,3,2,93277,4999.85693359375,0,0,4
1762843836.8941905,9500912255140419907,0,7,18,52,12,0,2,3,2,93054,4959.05908203125,0,0,3
1762843836.8941905,9500912255140419907,0,8,17,53,19,0,3,3,2,91622,5047.9638671875,0,0,4
1762843836.8941905,9500912255140419907,0,9,11,53,4,0,3,3,2,91281,5007.185546875,0,0,4
1762843836.8941905,9500912255140419907,0,10,4,53,7,12,2,3,2,90719,4966.5361328125,0,0,3
1762843836.8941905,9500912255140419907,0,11,5,53,1,10,2,3,2,91333,4969.7158203125,0,0,3
1762843836.8941905,9500912255140419907,0,12,12,53,17,0,2,3,2,91510,5019.326171875,0,0,3
1762843836.8941905,9500912255140419907,0,13,7,53,5,6,2,3,2,91317,4975.64599609375,0,0,3
1762843836.8941905,9500912255140419907,0,14,9,53,13,2,2,3,2,91781,5001.9296875,0,0,3
1762843836.8941905,9500912255140419907,0,15,14,53,18,0,2,3,2,91628,5026.0283203125,0,0,3
1762843836.8941905,9500912255140419907,0,16,13,53,14,0,2,3,2,92449,5025.66015625,0,0,3
1762843836.8941905,9500912255140419907,0,17,1,53,6,25,2,3,2,90593,4956.45703125,0,0,3
1762843836.8941905,9500912255140419907,0,18,15,53,9,0,3,3,2,91175,5028.9296875,0,0,4
1762843836.8941905,9500912255140419907,0,19,20,0,20,0,0,4,1,0,5136.519262569025,0,0,1
1762843836.8941905,9500912255140419907,0,20,0,0,0,0,0,0,0,0,0.0,0,0,0
1762843836.8941905,9500912255140419907,0,21,0,0,0,0,0,0,0,0,0.0,0,0,0
1762843841.9096358,9500912255140419907,0,0,6,53,3,8,3,3,2,90011,4970.03515625,0,0,4
1762843841.9096358,9500912255140419907,0,1,8,53,15,4,2,3,2,90814,4997.806640625,0,0,3
1762843841.9096358,9500912255140419907,0,2,2,53,8,18,2,3,2,90669,4958.658203125,0,0,3
1762843841.9096358,9500912255140419907,0,3,10,53,10,1,2,3,2,91770,5003.53955078125,0,0,3
1762843841.9096358,9500912255140419907,0,4,16,53,16,0,3,3,2,91522,5031.4423828125,0,0,4
1762843841.9096358,9500912255140419907,0,5,3,53,2,15,2,3,2,91151,4959.40625,0,0,3
1762843841.9096358,9500912255140419907,0,6,19,52,11,0,3,3,2,93277,4999.85693359375,0,0,4
1762843841.9096358,9500912255140419907,0,7,18,52,12,0,2,3,2,93054,4959.05908203125,0,0,3
1762843841.9096358,9500912255140419907,0,8,17,53,19,0,3,3,2,91622,5047.9638671875,0,0,4
1762843841.9096358,9500912255140419907,0,9,11,53,4,0,3,3,2,91281,5007.185546875,0,0,4
1762843841.9096358,9500912255140419907,0,10,4,53,7,12,2,3,2,90719,4966.5361328125,0,0,3
1762843841.9096358,9500912255140419907,0,11,5,53,1,10,2,3,2,91333,4969.7158203125,0,0,3
1762843841.9096358,9500912255140419907,0,12,12,53,17,0,2,3,2,91510,5019.326171875,0,0,3
1762843841.9096358,9500912255140419907,0,13,7,53,5,6,2,3,2,91317,4975.64599609375,0,0,3
1762843841.9096358,9500912255140419907,0,14,9,53,13,2,2,3,2,91781,5001.9296875,0,0,3
1762843841.9096358,9500912255140419907,0,15,14,53,18,0,2,3,2,91628,5026.0283203125,0,0,3
1762843841.9096358,9500912255140419907,0,16,13,53,14,0,2,3,2,92449,5025.66015625,0,0,3
1762843841.9096358,9500912255140419907,0,17,1,53,6,25,2,3,2,90593,4956.45703125,0,0,3
1762843841.9096358,9500912255140419907,0,18,15,53,9,0,3,3,2,91175,5028.9296875,0,0,4
1762843841.9096358,9500912255140419907,0,19,20,0,20,0,0,4,1,0,5136.519262569025,0,0,1
1762843841.9096358,9500912255140419907,0,20,0,0,0,0,0,0,0,0,0.0,0,0,0
1762843841.9096358,9500912255140419907,0,21,0,0,0,0,0,0,0,0,0.0,0,0,0
1762843846.9288085,9500912255140419907,0,0,6,53,3,8,3,3,2,90011,4970.03515625,0,0,4
1762843846.9288085,9500912255140419907,0,1,8,53,15,4,2,3,2,90814,4997.806640625,0,0,3
1762843846.9288085,9500912255140419907,0,2,2,53,8,18,2,3,2,90669,4958.658203125,0,0,3
1762843846.9288085,9500912255140419907,0,3,10,53,10,1,2,3,2,91770,5003.53955078125,0,0,3
1762843846.9288085,9500912255140419907,0,4,16,53,16,0,3,3,2,91522,5031.4423828125,0,0,4
1762843846.9288085,9500912255140419907,0,5,3,53,2,15,2,3,2,91151,4959.40625,0,0,3
1762843846.9288085,9500912255140419907,0,6,19,52,11,0,3,3,2,93277,4999.85693359375,0,0,4
1762843846.9288085,9500912255140419907,0,7,18,52,12,0,2,3,2,93054,4959.05908203125,0,0,3
1762843846.9288085,9500912255140419907,0,8,17,53,19,0,3,3,2,91622,5047.9638671875,0,0,4
1762843846.9288085,9500912255140419907,0,9,11,53,4,0,3,3,2,91281,5007.185546875,0,0,4
1762843846.9288085,9500912255140419907,0,10,4,53,7,12,2,3,2,90719,4966.5361328125,0,0,3
1762843846.9288085,9500912255140419907,0,11,5,53,1,10,2,3,2,91333,4969.7158203125,0,0,3
1762843846.9288085,9500912255140419907,0,12,12,53,17,0,2,3,2,91510,5019.326171875,0,0,3
1762843846.9288085,9500912255140419907,0,13,7,53,5,6,2,3,2,91317,4975.64599609375,0,0,3
1762843846.9288085,9500912255140419907,0,14,9,53,13,2,2,3,2,91781,5001.9296875,0,0,3
1762843846.9288085,9500912255140419907,0,15,14,53,18,0,2,3,2,91628,5026.0283203125,0,0,3
1762843846.9288085,9500912255140419907,0,16,13,53,14,0,2,3,2,92449,5025.66015625,0,0,3
1762843846.9288085,9500912255140419907,0,17,1,53,6,25,2,3,2,90593,4956.45703125,0,0,3
1762843846.9288085,9500912255140419907,0,18,15,53,9,0,3,3,2,91175,5028.9296875,0,0,4
1762843846.9288085,9500912255140419907,0,19,20,0,20,0,0,4,1,0,5136.519262569025,0,0,1
1762843846.9288085,9500912255140419907,0,20,0,0,0,0,0,0,0,0,0.0,0,0,0
1762843846.9288085,9500912255140419907,0,21,0,0,0,0,0,0,0,0,0.0,0,0,0
1762843851.9312305,9500912255140419907,0,0,6,53,3,8,3,3,2,90011,4970.03515625,0,0,4
1762843851.9312305,9500912255140419907,0,1,8,53,15,4,2,3,2,90814,4997.806640625,0,0,3
1762843851.9312305,9500912255140419907,0,2,2,53,8,18,2,3,2,90669,4958.658203125,0,0,3
1762843851.9312305,9500912255140419907,0,3,10,53,10,1,2,3,2,91770,5003.53955078125,0,0,3
1762843851.9312305,9500912255140419907,0,4,16,53,16,0,3,3,2,91522,5031.4423828125,0,0,4
1762843851.9312305,9500912255140419907,0,5,3,53,2,15,2,3,2,91151,4959.40625,0,0,3
1762843851.9312305,9500912255140419907,0,6,19,52,11,0,3,3,2,93277,4999.85693359375,0,0,4
1762843851.9312305,9500912255140419907,0,7,18,52,12,0,2,3,2,93054,4959.05908203125,0,0,3
1762843851.9312305,9500912255140419907,0,8,17,53,19,0,3,3,2,91622,5047.9638671875,0,0,4
1762843851.9312305,9500912255140419907,0,9,11,53,4,0,3,3,2,91281,5007.185546875,0,0,4
1762843851.9312305,9500912255140419907,0,10,4,53,7,12,2,3,2,90719,4966.5361328125,0,0,3
1762843851.9312305,9500912255140419907,0,11,5,53,1,10,2,3,2,91333,4969.7158203125,0,0,3
1762843851.9312305,9500912255140419907,0,12,12,53,17,0,2,3,2,91510,5019.326171875,0,0,3
1762843851.9312305,9500912255140419907,0,13,7,53,5,6,2,3,2,91317,4975.64599609375,0,0,3
1762843851.9312305,9500912255140419907,0,14,9,53,13,2,2,3,2,91781,5001.9296875,0,0,3
1762843851.9312305,9500912255140419907,0,15,14,53,18,0,2,3,2,91628,5026.0283203125,0,0,3
1762843851.9312305,9500912255140419907,0,16,13,53,14,0,2,3,2,92449,5025.66015625,0,0,3
1762843851.9312305,9500912255140419907,0,17,1,53,6,25,2,3,2,90593,4956.45703125,0,0,3
1762843851.9312305,9500912255140419907,0,18,15,53,9,0,3,3,2,91175,5028.9296875,0,0,4
1762843851.9312305,9500912255140419907,0,19,20,0,20,0,0,4,1,0,5136.519262569025,0,0,1
1762843851.9312305,9500912255140419907,0,20,0,0,0,0,0,0,0,0,0.0,0,0,0
1762843851.9312305,9500912255140419907,0,21,0,0,0,0,0,0,0,0,0.0,0,0,0
1762843856.9508388,9500912255140419907,0,0,6,53,3,8,3,3,2,90011,4970.03515625,0,0,4
1762843856.9508388,9500912255140419907,0,1,8,53,15,4,2,3,2,90814,4997.806640625,0,0,3
1762843856.9508388,9500912255140419907,0,2,2,53,8,18,2,3,2,90669,4958.658203125,0,0,3
1762843856.9508388,9500912255140419907,0,3,10,53,10,1,2,3,2,91770,5003.53955078125,0,0,3
1762843856.9508388,9500912255140419907,0,4,16,53,16,0,3,3,2,91522,5031.4423828125,0,0,4
1762843856.9508388,9500912255140419907,0,5,3,53,2,15,2,3,2,91151,4959.40625,0,0,3
1762843856.9508388,9500912255140419907,0,6,19,52,11,0,3,3,2,93277,4999.85693359375,0,0,4
1762843856.9508388,9500912255140419907,0,7,18,52,12,0,2,3,2,93054,4959.05908203125,0,0,3
1762843856.9508388,9500912255140419907,0,8,17,53,19,0,3,3,2,91622,5047.9638671875,0,0,4
1762843856.9508388,9500912255140419907,0,9,11,53,4,0,3,3,2,91281,5007.185546875,0,0,4
1762843856.9508388,9500912255140419907,0,10,4,53,7,12,2,3,2,90719,4966.5361328125,0,0,3
1762843856.9508388,9500912255140419907,0,11,5,53,1,10,2,3,2,91333,4969.7158203125,0,0,3
1762843856.9508388,9500912255140419907,0,12,12,53,17,0,2,3,2,91510,5019.326171875,0,0,3
1762843856.9508388,9500912255140419907,0,13,7,53,5,6,2,3,2,91317,4975.64599609375,0,0,3
1762843856.9508388,9500912255140419907,0,14,9,53,13,2,2,3,2,91781,5001.9296875,0,0,3
1762843856.9508388,9500912255140419907,0,15,14,53,18,0,2,3,2,91628,5026.0283203125,0,0,3
1762843856.9508388,9500912255140419907,0,16,13,53,14,0,2,3,2,92449,5025.66015625,0,0,3
1762843856.9508388,9500912255140419907,0,17,1,53,6,25,2,3,2,90593,4956.45703125,0,0,3
1762843856.9508388,9500912255140419907,0,18,15,53,9,0,3,3,2,91175,5028.9296875,0,0,4
1762843856.9508388,9500912255140419907,0,19,20,0,20,0,0,4,1,0,5136.519262569025,0,0,1
1762843856.9508388,9500912255140419907,0,20,0,0,0,0,0,0,0,0,0.0,0,0,0
1762843856.9508388,9500912255140419907,0,21,0,0,0,0,0,0,0,0,0.0,0,0,0
1762843861.9532387,9500912255140419907,0,0,6,53,3,8,3,3,2,90011,4970.03515625,0,0,4
1762843861.9532387,9500912255140419907,0,1,8,53,15,4,2,3,2,90814,4997.806640625,0,0,3
1762843861.9532387,9500912255140419907,0,2,2,53,8,18,2,3,2,90669,4958.658203125,0,0,3
1762843861.9532387,9500912255140419907,0,3,10,53,10,1,2,3,2,91770,5003.53955078125,0,0,3
1762843861.9532387,9500912255140419907,0,4,16,53,16,0,3,3,2,91522,5031.4423828125,0,0,4
1762843861.9532387,9500912255140419907,0,5,3,53,2,15,2,3,2,91151,4959.40625,0,0,3
1762843861.9532387,9500912255140419907,0,6,19,52,11,0,3,3,2,93277,4999.85693359375,0,0,4
1762843861.9532387,9500912255140419907,0,7,18,52,12,0,2,3,2,93054,4959.05908203125,0,0,3
1762843861.9532387,9500912255140419907,0,8,17,53,19,0,3,3,2,91622,5047.9638671875,0,0,4
1762843861.9532387,9500912255140419907,0,9,11,53,4,0,3,3,2,91281,5007.185546875,0,0,4
1762843861.9532387,9500912255140419907,0,10,4,53,7,12,2,3,2,90719,4966.5361328125,0,0,3
1762843861.9532387,9500912255140419907,0,11,5,53,1,10,2,3,2,91333,4969.7158203125,0,0,3
1762843861.9532387,9500912255140419907,0,12,12,53,17,0,2,3,2,91510,5019.326171875,0,0,3
1762843861.9532387,9500912255140419907,0,13,7,53,5,6,2,3,2,91317,4975.64599609375,0,0,3
1762843861.9532387,9500912255140419907,0,14,9,53,13,2,2,3,2,91781,5001.9296875,0,0,3
1762843861.9532387,9500912255140419907,0,15,14,53,18,0,2,3,2,91628,5026.0283203125,0,0,3
1762843861.9532387,9500912255140419907,0,16,13,53,14,0,2,3,2,92449,5025.66015625,0,0,3
1762843861.9532387,9500912255140419907,0,17,1,53,6,25,2,3,2,90593,4956.45703125,0,0,3
1762843861.9532387,9500912255140419907,0,18,15,53,9,0,3,3,2,91175,5028.9296875,0,0,4
1762843861.9532387,9500912255140419907,0,19,20,0,20,0,0,4,1,0,5136.519262569025,0,0,1
1762843861.9532387,9500912255140419907,0,20,0,0,0,0,0,0,0,0,0.0,0,0,0
1762843861.9532387,9500912255140419907,0,21,0,0,0,0,0,0,0,0,0.0,0,0,0
1762843866.9622061,9500912255140419907,0,0,6,53,3,8,3,3,2,90011,4970.03515625,0,0,4
1762843866.9622061,9500912255140419907,0,1,8,53,15,4,2,3,2,90814,4997.806640625,0,0,3
1762843866.9622061,9500912255140419907,0,2,2,53,8,18,2,3,2,90669,4958.658203125,0,0,3
1762843866.9622061,9500912255140419907,0,3,10,53,10,1,2,3,2,91770,5003.53955078125,0,0,3
1762843866.9622061,9500912255140419907,0,4,16,53,16,0,3,3,2,91522,5031.4423828125,0,0,4
1762843866.9622061,9500912255140419907,0,5,3,53,2,15,2,3,2,91151,4959.40625,0,0,3
1762843866.9622061,9500912255140419907,0,6,19,52,11,0,3,3,2,93277,4999.85693359375,0,0,4
1762843866.9622061,9500912255140419907,0,7,18,52,12,0,2,3,2,93054,4959.05908203125,0,0,3
1762843866.9622061,9500912255140419907,0,8,17,53,19,0,3,3,2,91622,5047.9638671875,0,0,4
1762843866.9622061,9500912255140419907,0,9,11,53,4,0,3,3,2,91281,5007.185546875,0,0,4
1762843866.9622061,9500912255140419907,0,10,4,53,7,12,2,3,2,90719,4966.5361328125,0,0,3
1762843866.9622061,9500912255140419907,0,11,5,53,1,10,2,3,2,91333,4969.7158203125,0,0,3
1762843866.9622061,9500912255140419907,0,12,12,53,17,0,2,3,2,91510,5019.326171875,0,0,3
1762843866.9622061,9500912255140419907,0,13,7,53,5,6,2,3,2,91317,4975.64599609375,0,0,3
1762843866.9622061,9500912255140419907,0,14,9,53,13,2,2,3,2,91781,5001.9296875,0,0,3
1762843866.9622061,9500912255140419907,0,15,14,53,18,0,2,3,2,91628,5026.0283203125,0,0,3
1762843866.9622061,9500912255140419907,0,16,13,53,14,0,2,3,2,92449,5025.66015625,0,0,3
1762843866.9622061,9500912255140419907,0,17,1,53,6,25,2,3,2,90593,4956.45703125,0,0,3
1762843866.9622061,9500912255140419907,0,18,15,53,9,0,3,3,2,91175,5028.9296875,0,0,4
1762843866.9622061,9500912255140419907,0,19,20,0,20,0,0,4,1,0,5136.519262569025,0,0,1
1762843866.9622061,9500912255140419907,0,20,0,0,0,0,0,0,0,0,0.0,0,0,0
1762843866.9622061,9500912255140419907,0,21,0,0,0,0,0,0,0,0,0.0,0,0,0
1762843871.9643908,9500912255140419907,0,0,6,53,3,8,3,3,2,90011,4970.03515625,0,0,4
1762843871.9643908,9500912255140419907,0,1,8,53,15,4,2,3,2,90814,4997.806640625,0,0,3
1762843871.9643908,9500912255140419907,0,2,2,53,8,18,2,3,2,90669,4958.658203125,0,0,3
1762843871.9643908,9500912255140419907,0,3,10,53,10,1,2,3,2,91770,5003.53955078125,0,0,3
1762843871.9643908,9500912255140419907,0,4,16,53,16,0,3,3,2,91522,5031.4423828125,0,0,4
1762843871.9643908,9500912255140419907,0,5,3,53,2,15,2,3,2,91151,4959.40625,0,0,3
1762843871.9643908,9500912255140419907,0,6,19,52,11,0,3,3,2,93277,4999.85693359375,0,0,4
1762843871.9643908,9500912255140419907,0,7,18,52,12,0,2,3,2,93054,4959.05908203125,0,0,3
1762843871.9643908,9500912255140419907,0,8,17,53,19,0,3,3,2,91622,5047.9638671875,0,0,4
1762843871.9643908,9500912255140419907,0,9,11,53,4,0,3,3,2,91281,5007.185546875,0,0,4
1762843871.9643908,9500912255140419907,0,10,4,53,7,12,2,3,2,90719,4966.5361328125,0,0,3
1762843871.9643908,9500912255140419907,0,11,5,53,1,10,2,3,2,91333,4969.7158203125,0,0,3
1762843871.9643908,9500912255140419907,0,12,12,53,17,0,2,3,2,91510,5019.326171875,0,0,3
1762843871.9643908,9500912255140419907,0,13,7,53,5,6,2,3,2,91317,4975.64599609375,0,0,3
1762843871.9643908,9500912255140419907,0,14,9,53,13,2,2,3,2,91781,5001.9296875,0,0,3
1762843871.9643908,9500912255140419907,0,15,14,53,18,0,2,3,2,91628,5026.0283203125,0,0,3
1762843871.9643908,9500912255140419907,0,16,13,53,14,0,2,3,2,92449,5025.66015625,0,0,3
1762843871.9643908,9500912255140419907,0,17,1,53,6,25,2,3,2,90593,4956.45703125,0,0,3
1762843871.9643908,9500912255140419907,0,18,15,53,9,0,3,3,2,91175,5028.9296875,0,0,4
1762843871.9643908,9500912255140419907,0,19,20,0,20,0,0,4,1,0,5136.519262569025,0,0,1
1762843871.9643908,9500912255140419907,0,20,0,0,0,0,0,0,0,0,0.0,0,0,0
1762843871.9643908,9500912255140419907,0,21,0,0,0,0,0,0,0,0,0.0,0,0,0
1762843876.9822755,9500912255140419907,0,0,6,53,3,8,3,3,2,90011,4970.03515625,0,0,4
1762843876.9822755,9500912255140419907,0,1,8,53,15,4,2,3,2,90814,4997.806640625,0,0,3
1762843876.9822755,9500912255140419907,0,2,2,53,8,18,2,3,2,90669,4958.658203125,0,0,3
1762843876.9822755,9500912255140419907,0,3,10,53,10,1,2,3,2,91770,5003.53955078125,0,0,3
1762843876.9822755,9500912255140419907,0,4,16,53,16,0,3,3,2,91522,5031.4423828125,0,0,4
1762843876.9822755,9500912255140419907,0,5,3,53,2,15,2,3,2,91151,4959.40625,0,0,3
1762843876.9822755,9500912255140419907,0,6,19,52,11,0,3,3,2,93277,4999.85693359375,0,0,4
1762843876.9822755,9500912255140419907,0,7,18,52,12,0,2,3,2,93054,4959.05908203125,0,0,3
1762843876.9822755,9500912255140419907,0,8,17,53,19,0,3,3,2,91622,5047.9638671875,0,0,4
1762843876.9822755,9500912255140419907,0,9,11,53,4,0,3,3,2,91281,5007.185546875,0,0,4
1762843876.9822755,9500912255140419907,0,10,4,53,7,12,2,3,2,90719,4966.5361328125,0,0,3
1762843876.9822755,9500912255140419907,0,11,5,53,1,10,2,3,2,91333,4969.7158203125,0,0,3
1762843876.9822755,9500912255140419907,0,12,12,53,17,0,2,3,2,91510,5019.326171875,0,0,3
1762843876.9822755,9500912255140419907,0,13,7,53,5,6,2,3,2,91317,4975.64599609375,0,0,3
1762843876.9822755,9500912255140419907,0,14,9,53,13,2,2,3,2,91781,5001.9296875,0,0,3
1762843876.9822755,9500912255140419907,0,15,14,53,18,0,2,3,2,91628,5026.0283203125,0,0,3
1762843876.9822755,9500912255140419907,0,16,13,53,14,0,2,3,2,92449,5025.66015625,0,0,3
1762843876.9822755,9500912255140419907,0,17,1,53,6,25,2,3,2,90593,4956.45703125,0,0,3
1762843876.9822755,9500912255140419907,0,18,15,53,9,0,3,3,2,91175,5028.9296875,0,0,4
1762843876.9822755,9500912255140419907,0,19,20,0,20,0,0,4,1,0,5136.519262569025,0,0,1
1762843876.9822755,9500912255140419907,0,20,0,0,0,0,0,0,0,0,0.0,0,0,0
1762843876.9822755,9500912255140419907,0,21,0,0,0,0,0,0,0,0,0.0,0,0,0
1762843881.999885,9500912255140419907,0,0,6,53,3,8,3,3,2,90011,4970.03515625,0,0,4
1762843881.999885,9500912255140419907,0,1,8,53,15,4,2,3,2,90814,4997.806640625,0,0,3
1762843881.999885,9500912255140419907,0,2,2,53,8,18,2,3,2,90669,4958.658203125,0,0,3
1762843881.999885,9500912255140419907,0,3,10,53,10,1,2,3,2,91770,5003.53955078125,0,0,3
1762843881.999885,9500912255140419907,0,4,16,53,16,0,3,3,2,91522,5031.4423828125,0,0,4
1762843881.999885,9500912255140419907,0,5,3,53,2,15,2,3,2,91151,4959.40625,0,0,3
1762843881.999885,9500912255140419907,0,6,19,52,11,0,3,3,2,93277,4999.85693359375,0,0,4
1762843881.999885,9500912255140419907,0,7,18,52,12,0,2,3,2,93054,4959.05908203125,0,0,3
1762843881.999885,9500912255140419907,0,8,17,53,19,0,3,3,2,91622,5047.9638671875,0,0,4
1762843881.999885,9500912255140419907,0,9,11,53,4,0,3,3,2,91281,5007.185546875,0,0,4
1762843881.999885,9500912255140419907,0,10,4,53,7,12,2,3,2,90719,4966.5361328125,0,0,3
1762843881.999885,9500912255140419907,0,11,5,53,1,10,2,3,2,91333,4969.7158203125,0,0,3
1762843881.999885,9500912255140419907,0,12,12,53,17,0,2,3,2,91510,5019.326171875,0,0,3
1762843881.999885,9500912255140419907,0,13,7,53,5,6,2,3,2,91317,4975.64599609375,0,0,3
1762843881.999885,9500912255140419907,0,14,9,53,13,2,2,3,2,91781,5001.9296875,0,0,3
1762843881.999885,9500912255140419907,0,15,14,53,18,0,2,3,2,91628,5026.0283203125,0,0,3
1762843881.999885,9500912255140419907,0,16,13,53,14,0,2,3,2,92449,5025.66015625,0,0,3
1762843881.999885,9500912255140419907,0,17,1,53,6,25,2,3,2,90593,4956.45703125,0,0,3
1762843881.999885,9500912255140419907,0,18,15,53,9,0,3,3,2,91175,5028.9296875,0,0,4
1762843881.999885,9500912255140419907,0,19,20,0,20,0,0,4,1,0,5136.519262569025,0,0,1
1762843881.999885,9500912255140419907,0,20,0,0,0,0,0,0,0,0,0.0,0,0,0
1762843881.999885,9500912255140419907,0,21,0,0,0,0,0,0,0,0,0.0,0,0,0
1762843887.017708,9500912255140419907,0,0,6,53,3,8,3,3,2,90011,4970.03515625,0,0,4
1762843887.017708,9500912255140419907,0,1,8,53,15,4,2,3,2,90814,4997.806640625,0,0,3
1762843887.017708,9500912255140419907,0,2,2,53,8,18,2,3,2,90669,4958.658203125,0,0,3
1762843887.017708,9500912255140419907,0,3,10,53,10,1,2,3,2,91770,5003.53955078125,0,0,3
1762843887.017708,9500912255140419907,0,4,16,53,16,0,3,3,2,91522,5031.4423828125,0,0,4
1762843887.017708,9500912255140419907,0,5,3,53,2,15,2,3,2,91151,4959.40625,0,0,3
1762843887.017708,9500912255140419907,0,6,19,52,11,0,3,3,2,93277,4999.85693359375,0,0,4
1762843887.017708,9500912255140419907,0,7,18,52,12,0,2,3,2,93054,4959.05908203125,0,0,3
1762843887.017708,9500912255140419907,0,8,17,53,19,0,3,3,2,91622,5047.9638671875,0,0,4
1762843887.017708,9500912255140419907,0,9,11,53,4,0,3,3,2,91281,5007.185546875,0,0,4
1762843887.017708,9500912255140419907,0,10,4,53,7,12,2,3,2,90719,4966.5361328125,0,0,3
1762843887.017708,9500912255140419907,0,11,5,53,1,10,2,3,2,91333,4969.7158203125,0,0,3
1762843887.017708,9500912255140419907,0,12,12,53,17,0,2,3,2,91510,5019.326171875,0,0,3
1762843887.017708,9500912255140419907,0,13,7,53,5,6,2,3,2,91317,4975.64599609375,0,0,3
1762843887.017708,9500912255140419907,0,14,9,53,13,2,2,3,2,91781,5001.9296875,0,0,3
1762843887.017708,9500912255140419907,0,15,14,53,18,0,2,3,2,91628,5026.0283203125,0,0,3
1762843887.017708,9500912255140419907,0,16,13,53,14,0,2,3,2,92449,5025.66015625,0,0,3
1762843887.017708,9500912255140419907,0,17,1,53,6,25,2,3,2,90593,4956.45703125,0,0,3
1762843887.017708,9500912255140419907,0,18,15,53,9,0,3,3,2,91175,5028.9296875,0,0,4
1762843887.017708,9500912255140419907,0,19,20,0,20,0,0,4,1,0,5136.519262569025,0,0,1
1762843887.017708,9500912255140419907,0,20,0,0,0,0,0,0,0,0,0.0,0,0,0
1762843887.017708,9500912255140419907,0,21,0,0,0,0,0,0,0,0,0.0,0,0,0
1762843892.0207593,9500912255140419907,0,0,6,53,3,8,3,3,2,90011,4970.03515625,0,0,4
1762843892.0207593,9500912255140419907,0,1,8,53,15,4,2,3,2,90814,4997.806640625,0,0,3
1762843892.0207593,9500912255140419907,0,2,2,53,8,18,2,3,2,90669,4958.658203125,0,0,3
1762843892.0207593,9500912255140419907,0,3,10,53,10,1,2,3,2,91770,5003.53955078125,0,0,3
1762843892.0207593,9500912255140419907,0,4,16,53,16,0,3,3,2,91522,5031.4423828125,0,0,4
1762843892.0207593,9500912255140419907,0,5,3,53,2,15,2,3,2,91151,4959.40625,0,0,3
1762843892.0207593,9500912255140419907,0,6,19,52,11,0,3,3,2,93277,4999.85693359375,0,0,4
1762843892.0207593,9500912255140419907,0,7,18,52,12,0,2,3,2,93054,4959.05908203125,0,0,3
1762843892.0207593,9500912255140419907,0,8,17,53,19,0,3,3,2,91622,5047.9638671875,0,0,4
1762843892.0207593,9500912255140419907,0,9,11,53,4,0,3,3,2,91281,5007.185546875,0,0,4
1762843892.0207593,9500912255140419907,0,10,4,53,7,12,2,3,2,90719,4966.5361328125,0,0,3
1762843892.0207593,9500912255140419907,0,11,5,53,1,10,2,3,2,91333,4969.7158203125,0,0,3
1762843892.0207593,9500912255140419907,0,12,12,53,17,0,2,3,2,91510,5019.326171875,0,0,3
1762843892.0207593,9500912255140419907,0,13,7,53,5,6,2,3,2,91317,4975.64599609375,0,0,3
1762843892.0207593,9500912255140419907,0,14,9,53,13,2,2,3,2,91781,5001.9296875,0,0,3
1762843892.0207593,9500912255140419907,0,15,14,53,18,0,2,3,2,91628,5026.0283203125,0,0,3
1762843892.0207593,9500912255140419907,0,16,13,53,14,0,2,3,2,92449,5025.66015625,0,0,3
1762843892.0207593,9500912255140419907,0,17,1,53,6,25,2,3,2,90593,4956.45703125,0,0,3
1762843892.0207593,9500912255140419907,0,18,15,53,9,0,3,3,2,91175,5028.9296875,0,0,4
1762843892.0207593,9500912255140419907,0,19,20,0,20,0,0,4,1,0,5136.519262569025,0,0,1
1762843892.0207593,9500912255140419907,0,20,0,0,0,0,0,0,0,0,0.0,0,0,0
1762843892.0207593,9500912255140419907,0,21,0,0,0,0,0,0,0,0,0.0,0,0,0
1762843897.026148,9500912255140419907,0,0,6,53,3,8,3,3,2,90011,4970.03515625,0,0,4
1762843897.026148,9500912255140419907,0,1,8,53,15,4,2,3,2,90814,4997.806640625,0,0,3
1762843897.026148,9500912255140419907,0,2,2,53,8,18,2,3,2,90669,4958.658203125,0,0,3
1762843897.026148,9500912255140419907,0,3,10,53,10,1,2,3,2,91770,5003.53955078125,0,0,3
1762843897.026148,9500912255140419907,0,4,16,53,16,0,3,3,2,91522,5031.4423828125,0,0,4
1762843897.026148,9500912255140419907,0,5,3,53,2,15,2,3,2,91151,4959.40625,0,0,3
1762843897.026148,9500912255140419907,0,6,19,52,11,0,3,3,2,93277,4999.85693359375,0,0,4
1762843897.026148,9500912255140419907,0,7,18,52,12,0,2,3,2,93054,4959.05908203125,0,0,3
1762843897.026148,9500912255140419907,0,8,17,53,19,0,3,3,2,91622,5047.9638671875,0,0,4
1762843897.026148,9500912255140419907,0,9,11,53,4,0,3,3,2,91281,5007.185546875,0,0,4
1762843897.026148,9500912255140419907,0,10,4,53,7,12,2,3,2,90719,4966.5361328125,0,0,3
1762843897.026148,9500912255140419907,0,11,5,53,1,10,2,3,2,91333,4969.7158203125,0,0,3
1762843897.026148,9500912255140419907,0,12,12,53,17,0,2,3,2,91510,5019.326171875,0,0,3
1762843897.026148,9500912255140419907,0,13,7,53,5,6,2,3,2,91317,4975.64599609375,0,0,3
1762843897.026148,9500912255140419907,0,14,9,53,13,2,2,3,2,91781,5001.9296875,0,0,3
1762843897.026148,9500912255140419907,0,15,14,53,18,0,2,3,2,91628,5026.0283203125,0,0,3
1762843897.026148,9500912255140419907,0,16,13,53,14,0,2,3,2,92449,5025.66015625,0,0,3
1762843897.026148,9500912255140419907,0,17,1,53,6,25,2,3,2,90593,4956.45703125,0,0,3
1762843897.026148,9500912255140419907,0,18,15,53,9,0,3,3,2,91175,5028.9296875,0,0,4
1762843897.026148,9500912255140419907,0,19,20,0,20,0,0,4,1,0,5136.519262569025,0,0,1
1762843897.026148,9500912255140419907,0,20,0,0,0,0,0,0,0,0,0.0,0,0,0
1762843897.026148,9500912255140419907,0,21,0,0,0,0,0,0,0,0,0.0,0,0,0
1762843902.0426068,9500912255140419907,0,0,6,53,3,8,3,3,2,90011,4970.03515625,0,0,4
1762843902.0426068,9500912255140419907,0,1,8,53,15,4,2,3,2,90814,4997.806640625,0,0,3
1762843902.0426068,9500912255140419907,0,2,2,53,8,18,2,3,2,90669,4958.658203125,0,0,3
1762843902.0426068,9500912255140419907,0,3,10,53,10,1,2,3,2,91770,5003.53955078125,0,0,3
1762843902.0426068,9500912255140419907,0,4,16,53,16,0,3,3,2,91522,5031.4423828125,0,0,4
1762843902.0426068,9500912255140419907,0,5,3,53,2,15,2,3,2,91151,4959.40625,0,0,3
1762843902.0426068,9500912255140419907,0,6,19,52,11,0,3,3,2,93277,4999.85693359375,0,0,4
1762843902.0426068,9500912255140419907,0,7,18,52,12,0,2,3,2,93054,4959.05908203125,0,0,3
1762843902.0426068,9500912255140419907,0,8,17,53,19,0,3,3,2,91622,5047.9638671875,0,0,4
1762843902.0426068,9500912255140419907,0,9,11,53,4,0,3,3,2,91281,5007.185546875,0,0,4
1762843902.0426068,9500912255140419907,0,10,4,53,7,12,2,3,2,90719,4966.5361328125,0,0,3
1762843902.0426068,9500912255140419907,0,11,5,53,1,10,2,3,2,91333,4969.7158203125,0,0,3
1762843902.0426068,9500912255140419907,0,12,12,53,17,0,2,3,2,91510,5019.326171875,0,0,3
1762843902.0426068,9500912255140419907,0,13,7,53,5,6,2,3,2,91317,4975.64599609375,0,0,3
1762843902.0426068,9500912255140419907,0,14,9,53,13,2,2,3,2,91781,5001.9296875,0,0,3
1762843902.0426068,9500912255140419907,0,15,14,53,18,0,2,3,2,91628,5026.0283203125,0,0,3
1762843902.0426068,9500912255140419907,0,16,13,53,14,0,2,3,2,92449,5025.66015625,0,0,3
1762843902.0426068,9500912255140419907,0,17,1,53,6,25,2,3,2,90593,4956.45703125,0,0,3
1762843902.0426068,9500912255140419907,0,18,15,53,9,0,3,3,2,91175,5028.9296875,0,0,4
1762843902.0426068,9500912255140419907,0,19,20,0,20,0,0,4,1,0,5136.519262569025,0,0,1
1762843902.0426068,9500912255140419907,0,20,0,0,0,0,0,0,0,0,0.0,0,0,0
1762843902.0426068,9500912255140419907,0,21,0,0,0,0,0,0,0,0,0.0,0,0,0
1762843907.0458026,9500912255140419907,0,0,6,53,3,8,3,3,2,90011,4970.03515625,0,0,4
1762843907.0458026,9500912255140419907,0,1,8,53,15,4,2,3,2,90814,4997.806640625,0,0,3
1762843907.0458026,9500912255140419907,0,2,2,53,8,18,2,3,2,90669,4958.658203125,0,0,3
1762843907.0458026,9500912255140419907,0,3,10,53,10,1,2,3,2,91770,5003.53955078125,0,0,3
1762843907.0458026,9500912255140419907,0,4,16,53,16,0,3,3,2,91522,5031.4423828125,0,0,4
1762843907.0458026,9500912255140419907,0,5,3,53,2,15,2,3,2,91151,4959.40625,0,0,3
1762843907.0458026,9500912255140419907,0,6,19,52,11,0,3,3,2,93277,4999.85693359375,0,0,4
1762843907.0458026,9500912255140419907,0,7,18,52,12,0,2,3,2,93054,4959.05908203125,0,0,3
1762843907.0458026,9500912255140419907,0,8,17,53,19,0,3,3,2,91622,5047.9638671875,0,0,4
1762843907.0458026,9500912255140419907,0,9,11,53,4,0,3,3,2,91281,5007.185546875,0,0,4
1762843907.0458026,9500912255140419907,0,10,4,53,7,12,2,3,2,90719,4966.5361328125,0,0,3
1762843907.0458026,9500912255140419907,0,11,5,53,1,10,2,3,2,91333,4969.7158203125,0,0,3
1762843907.0458026,9500912255140419907,0,12,12,53,17,0,2,3,2,91510,5019.326171875,0,0,3
1762843907.0458026,9500912255140419907,0,13,7,53,5,6,2,3,2,91317,4975.64599609375,0,0,3
1762843907.0458026,9500912255140419907,0,14,9,53,13,2,2,3,2,91781,5001.9296875,0,0,3
1762843907.0458026,9500912255140419907,0,15,14,53,18,0,2,3,2,91628,5026.0283203125,0,0,3
1762843907.0458026,9500912255140419907,0,16,13,53,14,0,2,3,2,92449,5025.66015625,0,0,3
1762843907.0458026,9500912255140419907,0,17,1,53,6,25,2,3,2,90593,4956.45703125,0,0,3
1762843907.0458026,9500912255140419907,0,18,15,53,9,0,3,3,2,91175,5028.9296875,0,0,4
1762843907.0458026,9500912255140419907,0,19,20,0,20,0,0,4,1,0,5136.519262569025,0,0,1
1762843907.0458026,9500912255140419907,0,20,0,0,0,0,0,0,0,0,0.0,0,0,0
1762843907.0458026,9500912255140419907,0,21,0,0,0,0,0,0,0,0,0.0,0,0,0
1762843912.046929,9500912255140419907,0,0,6,53,3,8,3,3,2,90011,4970.03515625,0,0,4
1762843912.046929,9500912255140419907,0,1,8,53,15,4,2,3,2,90814,4997.806640625,0,0,3
1762843912.046929,9500912255140419907,0,2,2,53,8,18,2,3,2,90669,4958.658203125,0,0,3
1762843912.046929,9500912255140419907,0,3,10,53,10,1,2,3,2,91770,5003.53955078125,0,0,3
1762843912.046929,9500912255140419907,0,4,16,53,16,0,3,3,2,91522,5031.4423828125,0,0,4
1762843912.046929,9500912255140419907,0,5,3,53,2,15,2,3,2,91151,4959.40625,0,0,3
1762843912.046929,9500912255140419907,0,6,19,52,11,0,3,3,2,93277,4999.85693359375,0,0,4
1762843912.046929,9500912255140419907,0,7,18,52,12,0,2,3,2,93054,4959.05908203125,0,0,3
1762843912.046929,9500912255140419907,0,8,17,53,19,0,3,3,2,91622,5047.9638671875,0,0,4
1762843912.046929,9500912255140419907,0,9,11,53,4,0,3,3,2,91281,5007.185546875,0,0,4
1762843912.046929,9500912255140419907,0,10,4,53,7,12,2,3,2,90719,4966.5361328125,0,0,3
1762843912.046929,9500912255140419907,0,11,5,53,1,10,2,3,2,91333,4969.7158203125,0,0,3
1762843912.046929,9500912255140419907,0,12,12,53,17,0,2,3,2,91510,5019.326171875,0,0,3
1762843912.046929,9500912255140419907,0,13,7,53,5,6,2,3,2,91317,4975.64599609375,0,0,3
1762843912.046929,9500912255140419907,0,14,9,53,13,2,2,3,2,91781,5001.9296875,0,0,3
1762843912.046929,9500912255140419907,0,15,14,53,18,0,2,3,2,91628,5026.0283203125,0,0,3
1762843912.046929,9500912255140419907,0,16,13,53,14,0,2,3,2,92449,5025.66015625,0,0,3
1762843912.046929,9500912255140419907,0,17,1,53,6,25,2,3,2,90593,4956.45703125,0,0,3
1762843912.046929,9500912255140419907,0,18,15,53,9,0,3,3,2,91175,5028.9296875,0,0,4
1762843912.046929,9500912255140419907,0,19,20,0,20,0,0,4,1,0,5136.519262569025,0,0,1
1762843912.046929,9500912255140419907,0,20,0,0,0,0,0,0,0,0,0.0,0,0,0
1762843912.046929,9500912255140419907,0,21,0,0,0,0,0,0,0,0,0.0,0,0,0
1762843917.0522633,9500912255140419907,0,0,6,53,3,8,3,3,2,90011,4970.03515625,0,0,4
1762843917.0522633,9500912255140419907,0,1,8,53,15,4,2,3,2,90814,4997.806640625,0,0,3
1762843917.0522633,9500912255140419907,0,2,2,53,8,18,2,3,2,90669,4958.658203125,0,0,3
1762843917.0522633,9500912255140419907,0,3,10,53,10,1,2,3,2,91770,5003.53955078125,0,0,3
1762843917.0522633,9500912255140419907,0,4,16,53,16,0,3,3,2,91522,5031.4423828125,0,0,4
1762843917.0522633,9500912255140419907,0,5,3,53,2,15,2,3,2,91151,4959.40625,0,0,3
1762843917.0522633,9500912255140419907,0,6,19,52,11,0,3,3,2,93277,4999.85693359375,0,0,4
1762843917.0522633,9500912255140419907,0,7,18,52,12,0,2,3,2,93054,4959.05908203125,0,0,3
1762843917.0522633,9500912255140419907,0,8,17,53,19,0,3,3,2,91622,5047.9638671875,0,0,4
1762843917.0522633,9500912255140419907,0,9,11,53,4,0,3,3,2,91281,5007.185546875,0,0,4
1762843917.0522633,9500912255140419907,0,10,4,53,7,12,2,3,2,90719,4966.5361328125,0,0,3
1762843917.0522633,9500912255140419907,0,11,5,53,1,10,2,3,2,91333,4969.7158203125,0,0,3
1762843917.0522633,9500912255140419907,0,12,12,53,17,0,2,3,2,91510,5019.326171875,0,0,3
1762843917.0522633,9500912255140419907,0,13,7,53,5,6,2,3,2,91317,4975.64599609375,0,0,3
1762843917.0522633,9500912255140419907,0,14,9,53,13,2,2,3,2,91781,5001.9296875,0,0,3
1762843917.0522633,9500912255140419907,0,15,14,53,18,0,2,3,2,91628,5026.0283203125,0,0,3
1762843917.0522633,9500912255140419907,0,16,13,53,14,0,2,3,2,92449,5025.66015625,0,0,3
1762843917.0522633,9500912255140419907,0,17,1,53,6,25,2,3,2,90593,4956.45703125,0,0,3
1762843917.0522633,9500912255140419907,0,18,15,53,9,0,3,3,2,91175,5028.9296875,0,0,4
1762843917.0522633,9500912255140419907,0,19,20,0,20,0,0,4,1,0,5136.519262569025,0,0,1
1762843917.0522633,9500912255140419907,0,20,0,0,0,0,0,0,0,0,0.0,0,0,0
1762843917.0522633,9500912255140419907,0,21,0,0,0,0,0,0,0,0,0.0,0,0,0
1762843922.0692987,9500912255140419907,0,0,6,53,3,8,3,3,2,90011,4970.03515625,0,0,4
1762843922.0692987,9500912255140419907,0,1,8,53,15,4,2,3,2,90814,4997.806640625,0,0,3
1762843922.0692987,9500912255140419907,0,2,2,53,8,18,2,3,2,90669,4958.658203125,0,0,3
1762843922.0692987,9500912255140419907,0,3,10,53,10,1,2,3,2,91770,5003.53955078125,0,0,3
1762843922.0692987,9500912255140419907,0,4,16,53,16,0,3,3,2,91522,5031.4423828125,0,0,4
1762843922.0692987,9500912255140419907,0,5,3,53,2,15,2,3,2,91151,4959.40625,0,0,3
1762843922.0692987,9500912255140419907,0,6,19,52,11,0,3,3,2,93277,4999.85693359375,0,0,4
1762843922.0692987,9500912255140419907,0,7,18,52,12,0,2,3,2,93054,4959.05908203125,0,0,3
1762843922.0692987,9500912255140419907,0,8,17,53,19,0,3,3,2,91622,5047.9638671875,0,0,4
1762843922.0692987,9500912255140419907,0,9,11,53,4,0,3,3,2,91281,5007.185546875,0,0,4
1762843922.0692987,9500912255140419907,0,10,4,53,7,12,2,3,2,90719,4966.5361328125,0,0,3
1762843922.0692987,9500912255140419907,0,11,5,53,1,10,2,3,2,91333,4969.7158203125,0,0,3
1762843922.0692987,9500912255140419907,0,12,12,53,17,0,2,3,2,91510,5019.326171875,0,0,3
1762843922.0692987,9500912255140419907,0,13,7,53,5,6,2,3,2,91317,4975.64599609375,0,0,3
1762843922.0692987,9500912255140419907,0,14,9,53,13,2,2,3,2,91781,5001.9296875,0,0,3
1762843922.0692987,9500912255140419907,0,15,14,53,18,0,2,3,2,91628,5026.0283203125,0,0,3
1762843922.0692987,9500912255140419907,0,16,13,53,14,0,2,3,2,92449,5025.66015625,0,0,3
1762843922.0692987,9500912255140419907,0,17,1,53,6,25,2,3,2,90593,4956.45703125,0,0,3
1762843922.0692987,9500912255140419907,0,18,15,53,9,0,3,3,2,91175,5028.9296875,0,0,4
1762843922.0692987,9500912255140419907,0,19,20,0,20,0,0,4,1,0,5136.519262569025,0,0,1
1762843922.0692987,9500912255140419907,0,20,0,0,0,0,0,0,0,0,0.0,0,0,0
1762843922.0692987,9500912255140419907,0,21,0,0,0,0,0,0,0,0,0.0,0,0,0
1762843927.0734167,9500912255140419907,0,0,6,53,3,8,3,3,2,90011,4970.03515625,0,0,4
1762843927.0734167,9500912255140419907,0,1,8,53,15,4,2,3,2,90814,4997.806640625,0,0,3
1762843927.0734167,9500912255140419907,0,2,2,53,8,18,2,3,2,90669,4958.658203125,0,0,3
1762843927.0734167,9500912255140419907,0,3,10,53,10,1,2,3,2,91770,5003.53955078125,0,0,3
1762843927.0734167,9500912255140419907,0,4,16,53,16,0,3,3,2,91522,5031.4423828125,0,0,4
1762843927.0734167,9500912255140419907,0,5,3,53,2,15,2,3,2,91151,4959.40625,0,0,3
1762843927.0734167,9500912255140419907,0,6,19,52,11,0,3,3,2,93277,4999.85693359375,0,0,4
1762843927.0734167,9500912255140419907,0,7,18,52,12,0,2,3,2,93054,4959.05908203125,0,0,3
1762843927.0734167,9500912255140419907,0,8,17,53,19,0,3,3,2,91622,5047.9638671875,0,0,4
1762843927.0734167,9500912255140419907,0,9,11,53,4,0,3,3,2,91281,5007.185546875,0,0,4
1762843927.0734167,9500912255140419907,0,10,4,53,7,12,2,3,2,90719,4966.5361328125,0,0,3
1762843927.0734167,9500912255140419907,0,11,5,53,1,10,2,3,2,91333,4969.7158203125,0,0,3
1762843927.0734167,9500912255140419907,0,12,12,53,17,0,2,3,2,91510,5019.326171875,0,0,3
1762843927.0734167,9500912255140419907,0,13,7,53,5,6,2,3,2,91317,4975.64599609375,0,0,3
1762843927.0734167,9500912255140419907,0,14,9,53,13,2,2,3,2,91781,5001.9296875,0,0,3
1762843927.0734167,9500912255140419907,0,15,14,53,18,0,2,3,2,91628,5026.0283203125,0,0,3
1762843927.0734167,9500912255140419907,0,16,13,53,14,0,2,3,2,92449,5025.66015625,0,0,3
1762843927.0734167,9500912255140419907,0,17,1,53,6,25,2,3,2,90593,4956.45703125,0,0,3
1762843927.0734167,9500912255140419907,0,18,15,53,9,0,3,3,2,91175,5028.9296875,0,0,4
1762843927.0734167,9500912255140419907,0,19,20,0,20,0,0,4,1,0,5136.519262569025,0,0,1
1762843927.0734167,9500912255140419907,0,20,0,0,0,0,0,0,0,0,0.0,0,0,0
1762843927.0734167,9500912255140419907,0,21,0,0,0,0,0,0,0,0,0.0,0,0,0
1762843932.0772092,9500912255140419907,0,0,6,53,3,8,3,3,2,90011,4970.03515625,0,0,4
1762843932.0772092,9500912255140419907,0,1,8,53,15,4,2,3,2,90814,4997.806640625,0,0,3
1762843932.0772092,9500912255140419907,0,2,2,53,8,18,2,3,2,90669,4958.658203125,0,0,3
1762843932.0772092,9500912255140419907,0,3,10,53,10,1,2,3,2,91770,5003.53955078125,0,0,3
1762843932.0772092,9500912255140419907,0,4,16,53,16,0,3,3,2,91522,5031.4423828125,0,0,4
1762843932.0772092,9500912255140419907,0,5,3,53,2,15,2,3,2,91151,4959.40625,0,0,3
1762843932.0772092,9500912255140419907,0,6,19,52,11,0,3,3,2,93277,4999.85693359375,0,0,4
1762843932.0772092,9500912255140419907,0,7,18,52,12,0,2,3,2,93054,4959.05908203125,0,0,3
1762843932.0772092,9500912255140419907,0,8,17,53,19,0,3,3,2,91622,5047.9638671875,0,0,4
1762843932.0772092,9500912255140419907,0,9,11,53,4,0,3,3,2,91281,5007.185546875,0,0,4
1762843932.0772092,9500912255140419907,0,10,4,53,7,12,2,3,2,90719,4966.5361328125,0,0,3
1762843932.0772092,9500912255140419907,0,11,5,53,1,10,2,3,2,91333,4969.7158203125,0,0,3
1762843932.0772092,9500912255140419907,0,12,12,53,17,0,2,3,2,91510,5019.326171875,0,0,3
1762843932.0772092,9500912255140419907,0,13,7,53,5,6,2,3,2,91317,4975.64599609375,0,0,3
1762843932.0772092,9500912255140419907,0,14,9,53,13,2,2,3,2,91781,5001.9296875,0,0,3
1762843932.0772092,9500912255140419907,0,15,14,53,18,0,2,3,2,91628,5026.0283203125,0,0,3
1762843932.0772092,9500912255140419907,0,16,13,53,14,0,2,3,2,92449,5025.66015625,0,0,3
1762843932.0772092,9500912255140419907,0,17,1,53,6,25,2,3,2,90593,4956.45703125,0,0,3
1762843932.0772092,9500912255140419907,0,18,15,53,9,0,3,3,2,91175,5028.9296875,0,0,4
1762843932.0772092,9500912255140419907,0,19,20,0,20,0,0,4,1,0,5136.519262569025,0,0,1
1762843932.0772092,9500912255140419907,0,20,0,0,0,0,0,0,0,0,0.0,0,0,0
1762843932.0772092,9500912255140419907,0,21,0,0,0,0,0,0,0,0,0.0,0,0,0
1762843937.0918026,9500912255140419907,0,0,6,53,3,8,3,3,2,90011,4970.03515625,0,0,4
1762843937.0918026,9500912255140419907,0,1,8,53,15,4,2,3,2,90814,4997.806640625,0,0,3
1762843937.0918026,9500912255140419907,0,2,2,53,8,18,2,3,2,90669,4958.658203125,0,0,3
1762843937.0918026,9500912255140419907,0,3,10,53,10,1,2,3,2,91770,5003.53955078125,0,0,3
1762843937.0918026,9500912255140419907,0,4,16,53,16,0,3,3,2,91522,5031.4423828125,0,0,4
1762843937.0918026,9500912255140419907,0,5,3,53,2,15,2,3,2,91151,4959.40625,0,0,3
1762843937.0918026,9500912255140419907,0,6,19,52,11,0,3,3,2,93277,4999.85693359375,0,0,4
1762843937.0918026,9500912255140419907,0,7,18,52,12,0,2,3,2,93054,4959.05908203125,0,0,3
1762843937.0918026,9500912255140419907,0,8,17,53,19,0,3,3,2,91622,5047.9638671875,0,0,4
1762843937.0918026,9500912255140419907,0,9,11,53,4,0,3,3,2,91281,5007.185546875,0,0,4
1762843937.0918026,9500912255140419907,0,10,4,53,7,12,2,3,2,90719,4966.5361328125,0,0,3
1762843937.0918026,9500912255140419907,0,11,5,53,1,10,2,3,2,91333,4969.7158203125,0,0,3
1762843937.0918026,9500912255140419907,0,12,12,53,17,0,2,3,2,91510,5019.326171875,0,0,3
1762843937.0918026,9500912255140419907,0,13,7,53,5,6,2,3,2,91317,4975.64599609375,0,0,3
1762843937.0918026,9500912255140419907,0,14,9,53,13,2,2,3,2,91781,5001.9296875,0,0,3
1762843937.0918026,9500912255140419907,0,15,14,53,18,0,2,3,2,91628,5026.0283203125,0,0,3
1762843937.0918026,9500912255140419907,0,16,13,53,14,0,2,3,2,92449,5025.66015625,0,0,3
1762843937.0918026,9500912255140419907,0,17,1,53,6,25,2,3,2,90593,4956.45703125,0,0,3
1762843937.0918026,9500912255140419907,0,18,15,53,9,0,3,3,2,91175,5028.9296875,0,0,4
1762843937.0918026,9500912255140419907,0,19,20,0,20,0,0,4,1,0,5136.519262569025,0,0,1
1762843937.0918026,9500912255140419907,0,20,0,0,0,0,0,0,0,0,0.0,0,0,0
1762843937.0918026,9500912255140419907,0,21,0,0,0,0,0,0,0,0,0.0,0,0,0
1762843942.1088257,9500912255140419907,0,0,6,53,3,8,3,3,2,90011,4970.03515625,0,0,4
1762843942.1088257,9500912255140419907,0,1,8,53,15,4,2,3,2,90814,4997.806640625,0,0,3
1762843942.1088257,9500912255140419907,0,2,2,53,8,18,2,3,2,90669,4958.658203125,0,0,3
1762843942.1088257,9500912255140419907,0,3,10,53,10,1,2,3,2,91770,5003.53955078125,0,0,3
1762843942.1088257,9500912255140419907,0,4,16,53,16,0,3,3,2,91522,5031.4423828125,0,0,4
1762843942.1088257,9500912255140419907,0,5,3,53,2,15,2,3,2,91151,4959.40625,0,0,3
1762843942.1088257,9500912255140419907,0,6,19,52,11,0,3,3,2,93277,4999.85693359375,0,0,4
1762843942.1088257,9500912255140419907,0,7,18,52,12,0,2,3,2,93054,4959.05908203125,0,0,3
1762843942.1088257,9500912255140419907,0,8,17,53,19,0,3,3,2,91622,5047.9638671875,0,0,4
1762843942.1088257,9500912255140419907,0,9,11,53,4,0,3,3,2,91281,5007.185546875,0,0,4
1762843942.1088257,9500912255140419907,0,10,4,53,7,12,2,3,2,90719,4966.5361328125,0,0,3
1762843942.1088257,9500912255140419907,0,11,5,53,1,10,2,3,2,91333,4969.7158203125,0,0,3
1762843942.1088257,9500912255140419907,0,12,12,53,17,0,2,3,2,91510,5019.326171875,0,0,3
1762843942.1088257,9500912255140419907,0,13,7,53,5,6,2,3,2,91317,4975.64599609375,0,0,3
1762843942.1088257,9500912255140419907,0,14,9,53,13,2,2,3,2,91781,5001.9296875,0,0,3
1762843942.1088257,9500912255140419907,0,15,14,53,18,0,2,3,2,91628,5026.0283203125,0,0,3
1762843942.1088257,9500912255140419907,0,16,13,53,14,0,2,3,2,92449,5025.66015625,0,0,3
1762843942.1088257,9500912255140419907,0,17,1,53,6,25,2,3,2,90593,4956.45703125,0,0,3
1762843942.1088257,9500912255140419907,0,18,15,53,9,0,3,3,2,91175,5028.9296875,0,0,4
1762843942.1088257,9500912255140419907,0,19,20,0,20,0,0,4,1,0,5136.519262569025,0,0,1
1762843942.1088257,9500912255140419907,0,20,0,0,0,0,0,0,0,0,0.0,0,0,0
1762843942.1088257,9500912255140419907,0,21,0,0,0,0,0,0,0,0,0.0,0,0,0
1762843947.1141477,9500912255140419907,0,0,6,53,3,8,3,3,2,90011,4970.03515625,0,0,4
1762843947.1141477,9500912255140419907,0,1,8,53,15,4,2,3,2,90814,4997.806640625,0,0,3
1762843947.1141477,9500912255140419907,0,2,2,53,8,18,2,3,2,90669,4958.658203125,0,0,3
1762843947.1141477,9500912255140419907,0,3,10,53,10,1,2,3,2,91770,5003.53955078125,0,0,3
1762843947.1141477,9500912255140419907,0,4,16,53,16,0,3,3,2,91522,5031.4423828125,0,0,4
1762843947.1141477,9500912255140419907,0,5,3,53,2,15,2,3,2,91151,4959.40625,0,0,3
1762843947.1141477,9500912255140419907,0,6,19,52,11,0,3,3,2,93277,4999.85693359375,0,0,4
1762843947.1141477,9500912255140419907,0,7,18,52,12,0,2,3,2,93054,4959.05908203125,0,0,3
1762843947.1141477,9500912255140419907,0,8,17,53,19,0,3,3,2,91622,5047.9638671875,0,0,4
1762843947.1141477,9500912255140419907,0,9,11,53,4,0,3,3,2,91281,5007.185546875,0,0,4
1762843947.1141477,9500912255140419907,0,10,4,53,7,12,2,3,2,90719,4966.5361328125,0,0,3
1762843947.1141477,9500912255140419907,0,11,5,53,1,10,2,3,2,91333,4969.7158203125,0,0,3
1762843947.1141477,9500912255140419907,0,12,12,53,17,0,2,3,2,91510,5019.326171875,0,0,3
1762843947.1141477,9500912255140419907,0,13,7,53,5,6,2,3,2,91317,4975.64599609375,0,0,3
1762843947.1141477,9500912255140419907,0,14,9,53,13,2,2,3,2,91781,5001.9296875,0,0,3
1762843947.1141477,9500912255140419907,0,15,14,53,18,0,2,3,2,91628,5026.0283203125,0,0,3
1762843947.1141477,9500912255140419907,0,16,13,53,14,0,2,3,2,92449,5025.66015625,0,0,3
1762843947.1141477,9500912255140419907,0,17,1,53,6,25,2,3,2,90593,4956.45703125,0,0,3
1762843947.1141477,9500912255140419907,0,18,15,53,9,0,3,3,2,91175,5028.9296875,0,0,4
1762843947.1141477,9500912255140419907,0,19,20,0,20,0,0,4,1,0,5136.519262569025,0,0,1
1762843947.1141477,9500912255140419907,0,20,0,0,0,0,0,0,0,0,0.0,0,0,0
1762843947.1141477,9500912255140419907,0,21,0,0,0,0,0,0,0,0,0.0,0,0,0
1762843952.1173487,9500912255140419907,0,0,6,53,3,8,3,3,2,90011,4970.03515625,0,0,4
1762843952.1173487,9500912255140419907,0,1,8,53,15,4,2,3,2,90814,4997.806640625,0,0,3
1762843952.1173487,9500912255140419907,0,2,2,53,8,18,2,3,2,90669,4958.658203125,0,0,3
1762843952.1173487,9500912255140419907,0,3,10,53,10,1,2,3,2,91770,5003.53955078125,0,0,3
1762843952.1173487,9500912255140419907,0,4,16,53,16,0,3,3,2,91522,5031.4423828125,0,0,4
1762843952.1173487,9500912255140419907,0,5,3,53,2,15,2,3,2,91151,4959.40625,0,0,3
1762843952.1173487,9500912255140419907,0,6,19,52,11,0,3,3,2,93277,4999.85693359375,0,0,4
1762843952.1173487,9500912255140419907,0,7,18,52,12,0,2,3,2,93054,4959.05908203125,0,0,3
1762843952.1173487,9500912255140419907,0,8,17,53,19,0,3,3,2,91622,5047.9638671875,0,0,4
1762843952.1173487,9500912255140419907,0,9,11,53,4,0,3,3,2,91281,5007.185546875,0,0,4
1762843952.1173487,9500912255140419907,0,10,4,53,7,12,2,3,2,90719,4966.5361328125,0,0,3
1762843952.1173487,9500912255140419907,0,11,5,53,1,10,2,3,2,91333,4969.7158203125,0,0,3
1762843952.1173487,9500912255140419907,0,12,12,53,17,0,2,3,2,91510,5019.326171875,0,0,3
1762843952.1173487,9500912255140419907,0,13,7,53,5,6,2,3,2,91317,4975.64599609375,0,0,3
1762843952.1173487,9500912255140419907,0,14,9,53,13,2,2,3,2,91781,5001.9296875,0,0,3
1762843952.1173487,9500912255140419907,0,15,14,53,18,0,2,3,2,91628,5026.0283203125,0,0,3
1762843952.1173487,9500912255140419907,0,16,13,53,14,0,2,3,2,92449,5025.66015625,0,0,3
1762843952.1173487,9500912255140419907,0,17,1,53,6,25,2,3,2,90593,4956.45703125,0,0,3
1762843952.1173487,9500912255140419907,0,18,15,53,9,0,3,3,2,91175,5028.9296875,0,0,4
1762843952.1173487,9500912255140419907,0,19,20,0,20,0,0,4,1,0,5136.519262569025,0,0,1
1762843952.1173487,9500912255140419907,0,20,0,0,0,0,0,0,0,0,0.0,0,0,0
1762843952.1173487,9500912255140419907,0,21,0,0,0,0,0,0,0,0,0.0,0,0,0
1762843957.119974,9500912255140419907,0,0,6,53,3,8,3,3,2,90011,4970.03515625,0,0,4
1762843957.119974,9500912255140419907,0,1,8,53,15,4,2,3,2,90814,4997.806640625,0,0,3
1762843957.119974,9500912255140419907,0,2,2,53,8,18,2,3,2,90669,4958.658203125,0,0,3
1762843957.119974,9500912255140419907,0,3,10,53,10,1,2,3,2,91770,5003.53955078125,0,0,3
1762843957.119974,9500912255140419907,0,4,16,53,16,0,3,3,2,91522,5031.4423828125,0,0,4
1762843957.119974,9500912255140419907,0,5,3,53,2,15,2,3,2,91151,4959.40625,0,0,3
1762843957.119974,9500912255140419907,0,6,19,52,11,0,3,3,2,93277,4999.85693359375,0,0,4
1762843957.119974,9500912255140419907,0,7,18,52,12,0,2,3,2,93054,4959.05908203125,0,0,3
1762843957.119974,9500912255140419907,0,8,17,53,19,0,3,3,2,91622,5047.9638671875,0,0,4
1762843957.119974,9500912255140419907,0,9,11,53,4,0,3,3,2,91281,5007.185546875,0,0,4
1762843957.119974,9500912255140419907,0,10,4,53,7,12,2,3,2,90719,4966.5361328125,0,0,3
1762843957.119974,9500912255140419907,0,11,5,53,1,10,2,3,2,91333,4969.7158203125,0,0,3
1762843957.119974,9500912255140419907,0,12,12,53,17,0,2,3,2,91510,5019.326171875,0,0,3
1762843957.119974,9500912255140419907,0,13,7,53,5,6,2,3,2,91317,4975.64599609375,0,0,3
1762843957.119974,9500912255140419907,0,14,9,53,13,2,2,3,2,91781,5001.9296875,0,0,3
1762843957.119974,9500912255140419907,0,15,14,53,18,0,2,3,2,91628,5026.0283203125,0,0,3
1762843957.119974,9500912255140419907,0,16,13,53,14,0,2,3,2,92449,5025.66015625,0,0,3
1762843957.119974,9500912255140419907,0,17,1,53,6,25,2,3,2,90593,4956.45703125,0,0,3
1762843957.119974,9500912255140419907,0,18,15,53,9,0,3,3,2,91175,5028.9296875,0,0,4
1762843957.119974,9500912255140419907,0,19,20,0,20,0,0,4,1,0,5136.519262569025,0,0,1
1762843957.119974,9500912255140419907,0,20,0,0,0,0,0,0,0,0,0.0,0,0,0
1762843957.119974,9500912255140419907,0,21,0,0,0,0,0,0,0,0,0.0,0,0,0
1762843962.1210601,9500912255140419907,0,0,6,53,3,8,3,3,2,90011,4970.03515625,0,0,4
1762843962.1210601,9500912255140419907,0,1,8,53,15,4,2,3,2,90814,4997.806640625,0,0,3
1762843962.1210601,9500912255140419907,0,2,2,53,8,18,2,3,2,90669,4958.658203125,0,0,3
1762843962.1210601,9500912255140419907,0,3,10,53,10,1,2,3,2,91770,5003.53955078125,0,0,3
1762843962.1210601,9500912255140419907,0,4,16,53,16,0,3,3,2,91522,5031.4423828125,0,0,4
1762843962.1210601,9500912255140419907,0,5,3,53,2,15,2,3,2,91151,4959.40625,0,0,3
1762843962.1210601,9500912255140419907,0,6,19,52,11,0,3,3,2,93277,4999.85693359375,0,0,4
1762843962.1210601,9500912255140419907,0,7,18,52,12,0,2,3,2,93054,4959.05908203125,0,0,3
1762843962.1210601,9500912255140419907,0,8,17,53,19,0,3,3,2,91622,5047.9638671875,0,0,4
1762843962.1210601,9500912255140419907,0,9,11,53,4,0,3,3,2,91281,5007.185546875,0,0,4
1762843962.1210601,9500912255140419907,0,10,4,53,7,12,2,3,2,90719,4966.5361328125,0,0,3
1762843962.1210601,9500912255140419907,0,11,5,53,1,10,2,3,2,91333,4969.7158203125,0,0,3
1762843962.1210601,9500912255140419907,0,12,12,53,17,0,2,3,2,91510,5019.326171875,0,0,3
1762843962.1210601,9500912255140419907,0,13,7,53,5,6,2,3,2,91317,4975.64599609375,0,0,3
1762843962.1210601,9500912255140419907,0,14,9,53,13,2,2,3,2,91781,5001.9296875,0,0,3
1762843962.1210601,9500912255140419907,0,15,14,53,18,0,2,3,2,91628,5026.0283203125,0,0,3
1762843962.1210601,9500912255140419907,0,16,13,53,14,0,2,3,2,92449,5025.66015625,0,0,3
1762843962.1210601,9500912255140419907,0,17,1,53,6,25,2,3,2,90593,4956.45703125,0,0,3
1762843962.1210601,9500912255140419907,0,18,15,53,9,0,3,3,2,91175,5028.9296875,0,0,4
1762843962.1210601,9500912255140419907,0,19,20,0,20,0,0,4,1,0,5136.519262569025,0,0,1
1762843962.1210601,9500912255140419907,0,20,0,0,0,0,0,0,0,0,0.0,0,0,0
1762843962.1210601,9500912255140419907,0,21,0,0,0,0,0,0,0,0,0.0,0,0,0
1762843967.1238034,9500912255140419907,0,0,6,53,3,8,3,3,2,90011,4970.03515625,0,0,4
1762843967.1238034,9500912255140419907,0,1,8,53,15,4,2,3,2,90814,4997.806640625,0,0,3
1762843967.1238034,9500912255140419907,0,2,2,53,8,18,2,3,2,90669,4958.658203125,0,0,3
1762843967.1238034,9500912255140419907,0,3,10,53,10,1,2,3,2,91770,5003.53955078125,0,0,3
1762843967.1238034,9500912255140419907,0,4,16,53,16,0,3,3,2,91522,5031.4423828125,0,0,4
1762843967.1238034,9500912255140419907,0,5,3,53,2,15,2,3,2,91151,4959.40625,0,0,3
1762843967.1238034,9500912255140419907,0,6,19,52,11,0,3,3,2,93277,4999.85693359375,0,0,4
1762843967.1238034,9500912255140419907,0,7,18,52,12,0,2,3,2,93054,4959.05908203125,0,0,3
1762843967.1238034,9500912255140419907,0,8,17,53,19,0,3,3,2,91622,5047.9638671875,0,0,4
1762843967.1238034,9500912255140419907,0,9,11,53,4,0,3,3,2,91281,5007.185546875,0,0,4
1762843967.1238034,9500912255140419907,0,10,4,53,7,12,2,3,2,90719,4966.5361328125,0,0,3
1762843967.1238034,9500912255140419907,0,11,5,53,1,10,2,3,2,91333,4969.7158203125,0,0,3
1762843967.1238034,9500912255140419907,0,12,12,53,17,0,2,3,2,91510,5019.326171875,0,0,3
1762843967.1238034,9500912255140419907,0,13,7,53,5,6,2,3,2,91317,4975.64599609375,0,0,3
1762843967.1238034,9500912255140419907,0,14,9,53,13,2,2,3,2,91781,5001.9296875,0,0,3
1762843967.1238034,9500912255140419907,0,15,14,53,18,0,2,3,2,91628,5026.0283203125,0,0,3
1762843967.1238034,9500912255140419907,0,16,13,53,14,0,2,3,2,92449,5025.66015625,0,0,3
1762843967.1238034,9500912255140419907,0,17,1,53,6,25,2,3,2,90593,4956.45703125,0,0,3
1762843967.1238034,9500912255140419907,0,18,15,53,9,0,3,3,2,91175,5028.9296875,0,0,4
1762843967.1238034,9500912255140419907,0,19,20,0,20,0,0,4,1,0,5136.519262569025,0,0,1
1762843967.1238034,9500912255140419907,0,20,0,0,0,0,0,0,0,0,0.0,0,0,0
1762843967.1238034,9500912255140419907,0,21,0,0,0,0,0,0,0,0,0.0,0,0,0
1762843972.1396496,9500912255140419907,0,0,6,53,3,8,3,3,2,90011,4970.03515625,0,0,4
1762843972.1396496,9500912255140419907,0,1,8,53,15,4,2,3,2,90814,4997.806640625,0,0,3
1762843972.1396496,9500912255140419907,0,2,2,53,8,18,2,3,2,90669,4958.658203125,0,0,3
1762843972.1396496,9500912255140419907,0,3,10,53,10,1,2,3,2,91770,5003.53955078125,0,0,3
1762843972.1396496,9500912255140419907,0,4,16,53,16,0,3,3,2,91522,5031.4423828125,0,0,4
1762843972.1396496,9500912255140419907,0,5,3,53,2,15,2,3,2,91151,4959.40625,0,0,3
1762843972.1396496,9500912255140419907,0,6,19,52,11,0,3,3,2,93277,4999.85693359375,0,0,4
1762843972.1396496,9500912255140419907,0,7,18,52,12,0,2,3,2,93054,4959.05908203125,0,0,3
1762843972.1396496,9500912255140419907,0,8,17,53,19,0,3,3,2,91622,5047.9638671875,0,0,4
1762843972.1396496,9500912255140419907,0,9,11,53,4,0,3,3,2,91281,5007.185546875,0,0,4
1762843972.1396496,9500912255140419907,0,10,4,53,7,12,2,3,2,90719,4966.5361328125,0,0,3
1762843972.1396496,9500912255140419907,0,11,5,53,1,10,2,3,2,91333,4969.7158203125,0,0,3
1762843972.1396496,9500912255140419907,0,12,12,53,17,0,2,3,2,91510,5019.326171875,0,0,3
1762843972.1396496,9500912255140419907,0,13,7,53,5,6,2,3,2,91317,4975.64599609375,0,0,3
1762843972.1396496,9500912255140419907,0,14,9,53,13,2,2,3,2,91781,5001.9296875,0,0,3
1762843972.1396496,9500912255140419907,0,15,14,53,18,0,2,3,2,91628,5026.0283203125,0,0,3
1762843972.1396496,9500912255140419907,0,16,13,53,14,0,2,3,2,92449,5025.66015625,0,0,3
1762843972.1396496,9500912255140419907,0,17,1,53,6,25,2,3,2,90593,4956.45703125,0,0,3
1762843972.1396496,9500912255140419907,0,18,15,53,9,0,3,3,2,91175,5028.9296875,0,0,4
1762843972.1396496,9500912255140419907,0,19,20,0,20,0,0,4,1,0,5136.519262569025,0,0,1
1762843972.1396496,9500912255140419907,0,20,0,0,0,0,0,0,0,0,0.0,0,0,0
1762843972.1396496,9500912255140419907,0,21,0,0,0,0,0,0,0,0,0.0,0,0,0
1762843977.151048,9500912255140419907,0,0,6,53,3,8,3,3,2,90011,4970.03515625,0,0,4
1762843977.151048,9500912255140419907,0,1,8,53,15,4,2,3,2,90814,4997.806640625,0,0,3
1762843977.151048,9500912255140419907,0,2,2,53,8,18,2,3,2,90669,4958.658203125,0,0,3
1762843977.151048,9500912255140419907,0,3,10,53,10,1,2,3,2,91770,5003.53955078125,0,0,3
1762843977.151048,9500912255140419907,0,4,16,53,16,0,3,3,2,91522,5031.4423828125,0,0,4
1762843977.151048,9500912255140419907,0,5,3,53,2,15,2,3,2,91151,4959.40625,0,0,3
1762843977.151048,9500912255140419907,0,6,19,52,11,0,3,3,2,93277,4999.85693359375,0,0,4
1762843977.151048,9500912255140419907,0,7,18,52,12,0,2,3,2,93054,4959.05908203125,0,0,3
1762843977.151048,9500912255140419907,0,8,17,53,19,0,3,3,2,91622,5047.9638671875,0,0,4
1762843977.151048,9500912255140419907,0,9,11,53,4,0,3,3,2,91281,5007.185546875,0,0,4
1762843977.151048,9500912255140419907,0,10,4,53,7,12,2,3,2,90719,4966.5361328125,0,0,3
1762843977.151048,9500912255140419907,0,11,5,53,1,10,2,3,2,91333,4969.7158203125,0,0,3
1762843977.151048,9500912255140419907,0,12,12,53,17,0,2,3,2,91510,5019.326171875,0,0,3
1762843977.151048,9500912255140419907,0,13,7,53,5,6,2,3,2,91317,4975.64599609375,0,0,3
1762843977.151048,9500912255140419907,0,14,9,53,13,2,2,3,2,91781,5001.9296875,0,0,3
1762843977.151048,9500912255140419907,0,15,14,53,18,0,2,3,2,91628,5026.0283203125,0,0,3
1762843977.151048,9500912255140419907,0,16,13,53,14,0,2,3,2,92449,5025.66015625,0,0,3
1762843977.151048,9500912255140419907,0,17,1,53,6,25,2,3,2,90593,4956.45703125,0,0,3
1762843977.151048,9500912255140419907,0,18,15,53,9,0,3,3,2,91175,5028.9296875,0,0,4
1762843977.151048,9500912255140419907,0,19,20,0,20,0,0,4,1,0,5136.519262569025,0,0,1
1762843977.151048,9500912255140419907,0,20,0,0,0,0,0,0,0,0,0.0,0,0,0
1762843977.151048,9500912255140419907,0,21,0,0,0,0,0,0,0,0,0.0,0,0,0
1762843982.1632416,9500912255140419907,0,0,6,53,3,8,3,3,2,90011,4970.03515625,0,0,4
1762843982.1632416,9500912255140419907,0,1,8,53,15,4,2,3,2,90814,4997.806640625,0,0,3
1762843982.1632416,9500912255140419907,0,2,2,53,8,18,2,3,2,90669,4958.658203125,0,0,3
1762843982.1632416,9500912255140419907,0,3,10,53,10,1,2,3,2,91770,5003.53955078125,0,0,3
1762843982.1632416,9500912255140419907,0,4,16,53,16,0,3,3,2,91522,5031.4423828125,0,0,4
1762843982.1632416,9500912255140419907,0,5,3,53,2,15,2,3,2,91151,4959.40625,0,0,3
1762843982.1632416,9500912255140419907,0,6,19,52,11,0,3,3,2,93277,4999.85693359375,0,0,4
1762843982.1632416,9500912255140419907,0,7,18,52,12,0,2,3,2,93054,4959.05908203125,0,0,3
1762843982.1632416,9500912255140419907,0,8,17,53,19,0,3,3,2,91622,5047.9638671875,0,0,4
1762843982.1632416,9500912255140419907,0,9,11,53,4,0,3,3,2,91281,5007.185546875,0,0,4
1762843982.1632416,9500912255140419907,0,10,4,53,7,12,2,3,2,90719,4966.5361328125,0,0,3
1762843982.1632416,9500912255140419907,0,11,5,53,1,10,2,3,2,91333,4969.7158203125,0,0,3
1762843982.1632416,9500912255140419907,0,12,12,53,17,0,2,3,2,91510,5019.326171875,0,0,3
1762843982.1632416,9500912255140419907,0,13,7,53,5,6,2,3,2,91317,4975.64599609375,0,0,3
1762843982.1632416,9500912255140419907,0,14,9,53,13,2,2,3,2,91781,5001.9296875,0,0,3
1762843982.1632416,9500912255140419907,0,15,14,53,18,0,2,3,2,91628,5026.0283203125,0,0,3
1762843982.1632416,9500912255140419907,0,16,13,53,14,0,2,3,2,92449,5025.66015625,0,0,3
1762843982.1632416,9500912255140419907,0,17,1,53,6,25,2,3,2,90593,4956.45703125,0,0,3
1762843982.1632416,9500912255140419907,0,18,15,53,9,0,3,3,2,91175,5028.9296875,0,0,4
1762843982.1632416,9500912255140419907,0,19,20,0,20,0,0,4,1,0,5136.519262569025,0,0,1
1762843982.1632416,9500912255140419907,0,20,0,0,0,0,0,0,0,0,0.0,0,0,0
1762843982.1632416,9500912255140419907,0,21,0,0,0,0,0,0,0,0,0.0,0,0,0
1762843987.1657472,9500912255140419907,0,0,6,53,3,8,3,3,2,90011,4970.03515625,0,0,4
1762843987.1657472,9500912255140419907,0,1,8,53,15,4,2,3,2,90814,4997.806640625,0,0,3
1762843987.1657472,9500912255140419907,0,2,2,53,8,18,2,3,2,90669,4958.658203125,0,0,3
1762843987.1657472,9500912255140419907,0,3,10,53,10,1,2,3,2,91770,5003.53955078125,0,0,3
1762843987.1657472,9500912255140419907,0,4,16,53,16,0,3,3,2,91522,5031.4423828125,0,0,4
1762843987.1657472,9500912255140419907,0,5,3,53,2,15,2,3,2,91151,4959.40625,0,0,3
1762843987.1657472,9500912255140419907,0,6,19,52,11,0,3,3,2,93277,4999.85693359375,0,0,4
1762843987.1657472,9500912255140419907,0,7,18,52,12,0,2,3,2,93054,4959.05908203125,0,0,3
1762843987.1657472,9500912255140419907,0,8,17,53,19,0,3,3,2,91622,5047.9638671875,0,0,4
1762843987.1657472,9500912255140419907,0,9,11,53,4,0,3,3,2,91281,5007.185546875,0,0,4
1762843987.1657472,9500912255140419907,0,10,4,53,7,12,2,3,2,90719,4966.5361328125,0,0,3
1762843987.1657472,9500912255140419907,0,11,5,53,1,10,2,3,2,91333,4969.7158203125,0,0,3
1762843987.1657472,9500912255140419907,0,12,12,53,17,0,2,3,2,91510,5019.326171875,0,0,3
1762843987.1657472,9500912255140419907,0,13,7,53,5,6,2,3,2,91317,4975.64599609375,0,0,3
1762843987.1657472,9500912255140419907,0,14,9,53,13,2,2,3,2,91781,5001.9296875,0,0,3
1762843987.1657472,9500912255140419907,0,15,14,53,18,0,2,3,2,91628,5026.0283203125,0,0,3
1762843987.1657472,9500912255140419907,0,16,13,53,14,0,2,3,2,92449,5025.66015625,0,0,3
1762843987.1657472,9500912255140419907,0,17,1,53,6,25,2,3,2,90593,4956.45703125,0,0,3
1762843987.1657472,9500912255140419907,0,18,15,53,9,0,3,3,2,91175,5028.9296875,0,0,4
1762843987.1657472,9500912255140419907,0,19,20,0,20,0,0,4,1,0,5136.519262569025,0,0,1
1762843987.1657472,9500912255140419907,0,20,0,0,0,0,0,0,0,0,0.0,0,0,0
1762843987.1657472,9500912255140419907,0,21,0,0,0,0,0,0,0,0,0.0,0,0,0
1762843992.1855237,9500912255140419907,0,0,6,53,3,8,3,3,2,90011,4970.03515625,0,0,4
1762843992.1855237,9500912255140419907,0,1,8,53,15,4,2,3,2,90814,4997.806640625,0,0,3
1762843992.1855237,9500912255140419907,0,2,2,53,8,18,2,3,2,90669,4958.658203125,0,0,3
1762843992.1855237,9500912255140419907,0,3,10,53,10,1,2,3,2,91770,5003.53955078125,0,0,3
1762843992.1855237,9500912255140419907,0,4,16,53,16,0,3,3,2,91522,5031.4423828125,0,0,4
1762843992.1855237,9500912255140419907,0,5,3,53,2,15,2,3,2,91151,4959.40625,0,0,3
1762843992.1855237,9500912255140419907,0,6,19,52,11,0,3,3,2,93277,4999.85693359375,0,0,4
1762843992.1855237,9500912255140419907,0,7,18,52,12,0,2,3,2,93054,4959.05908203125,0,0,3
1762843992.1855237,9500912255140419907,0,8,17,53,19,0,3,3,2,91622,5047.9638671875,0,0,4
1762843992.1855237,9500912255140419907,0,9,11,53,4,0,3,3,2,91281,5007.185546875,0,0,4
1762843992.1855237,9500912255140419907,0,10,4,53,7,12,2,3,2,90719,4966.5361328125,0,0,3
1762843992.1855237,9500912255140419907,0,11,5,53,1,10,2,3,2,91333,4969.7158203125,0,0,3
1762843992.1855237,9500912255140419907,0,12,12,53,17,0,2,3,2,91510,5019.326171875,0,0,3
1762843992.1855237,9500912255140419907,0,13,7,53,5,6,2,3,2,91317,4975.64599609375,0,0,3
1762843992.1855237,9500912255140419907,0,14,9,53,13,2,2,3,2,91781,5001.9296875,0,0,3
1762843992.1855237,9500912255140419907,0,15,14,53,18,0,2,3,2,91628,5026.0283203125,0,0,3
1762843992.1855237,9500912255140419907,0,16,13,53,14,0,2,3,2,92449,5025.66015625,0,0,3
1762843992.1855237,9500912255140419907,0,17,1,53,6,25,2,3,2,90593,4956.45703125,0,0,3
1762843992.1855237,9500912255140419907,0,18,15,53,9,0,3,3,2,91175,5028.9296875,0,0,4
1762843992.1855237,9500912255140419907,0,19,20,0,20,0,0,4,1,0,5136.519262569025,0,0,1
1762843992.1855237,9500912255140419907,0,20,0,0,0,0,0,0,0,0,0.0,0,0,0
1762843992.1855237,9500912255140419907,0,21,0,0,0,0,0,0,0,0,0.0,0,0,0
1762843997.203514,9500912255140419907,0,0,6,53,3,8,3,3,2,90011,4970.03515625,0,0,4
1762843997.203514,9500912255140419907,0,1,8,53,15,4,2,3,2,90814,4997.806640625,0,0,3
1762843997.203514,9500912255140419907,0,2,2,53,8,18,2,3,2,90669,4958.658203125,0,0,3
1762843997.203514,9500912255140419907,0,3,10,53,10,1,2,3,2,91770,5003.53955078125,0,0,3
1762843997.203514,9500912255140419907,0,4,16,53,16,0,3,3,2,91522,5031.4423828125,0,0,4
1762843997.203514,9500912255140419907,0,5,3,53,2,15,2,3,2,91151,4959.40625,0,0,3
1762843997.203514,9500912255140419907,0,6,19,52,11,0,3,3,2,93277,4999.85693359375,0,0,4
1762843997.203514,9500912255140419907,0,7,18,52,12,0,2,3,2,93054,4959.05908203125,0,0,3
1762843997.203514,9500912255140419907,0,8,17,53,19,0,3,3,2,91622,5047.9638671875,0,0,4
1762843997.203514,9500912255140419907,0,9,11,53,4,0,3,3,2,91281,5007.185546875,0,0,4
1762843997.203514,9500912255140419907,0,10,4,53,7,12,2,3,2,90719,4966.5361328125,0,0,3
1762843997.203514,9500912255140419907,0,11,5,53,1,10,2,3,2,91333,4969.7158203125,0,0,3
1762843997.203514,9500912255140419907,0,12,12,53,17,0,2,3,2,91510,5019.326171875,0,0,3
1762843997.203514,9500912255140419907,0,13,7,53,5,6,2,3,2,91317,4975.64599609375,0,0,3
1762843997.203514,9500912255140419907,0,14,9,53,13,2,2,3,2,91781,5001.9296875,0,0,3
1762843997.203514,9500912255140419907,0,15,14,53,18,0,2,3,2,91628,5026.0283203125,0,0,3
1762843997.203514,9500912255140419907,0,16,13,53,14,0,2,3,2,92449,5025.66015625,0,0,3
1762843997.203514,9500912255140419907,0,17,1,53,6,25,2,3,2,90593,4956.45703125,0,0,3
1762843997.203514,9500912255140419907,0,18,15,53,9,0,3,3,2,91175,5028.9296875,0,0,4
1762843997.203514,9500912255140419907,0,19,20,0,20,0,0,4,1,0,5136.519262569025,0,0,1
1762843997.203514,9500912255140419907,0,20,0,0,0,0,0,0,0,0,0.0,0,0,0
1762843997.203514,9500912255140419907,0,21,0,0,0,0,0,0,0,0,0.0,0,0,0
1762844002.2107048,9500912255140419907,0,0,6,53,3,8,3,3,2,90011,4970.03515625,0,0,4
1762844002.2107048,9500912255140419907,0,1,8,53,15,4,2,3,2,90814,4997.806640625,0,0,3
1762844002.2107048,9500912255140419907,0,2,2,53,8,18,2,3,2,90669,4958.658203125,0,0,3
1762844002.2107048,9500912255140419907,0,3,10,53,10,1,2,3,2,91770,5003.53955078125,0,0,3
1762844002.2107048,9500912255140419907,0,4,16,53,16,0,3,3,2,91522,5031.4423828125,0,0,4
1762844002.2107048,9500912255140419907,0,5,3,53,2,15,2,3,2,91151,4959.40625,0,0,3
1762844002.2107048,9500912255140419907,0,6,19,52,11,0,3,3,2,93277,4999.85693359375,0,0,4
1762844002.2107048,9500912255140419907,0,7,18,52,12,0,2,3,2,93054,4959.05908203125,0,0,3
1762844002.2107048,9500912255140419907,0,8,17,53,19,0,3,3,2,91622,5047.9638671875,0,0,4
1762844002.2107048,9500912255140419907,0,9,11,53,4,0,3,3,2,91281,5007.185546875,0,0,4
1762844002.2107048,9500912255140419907,0,10,4,53,7,12,2,3,2,90719,4966.5361328125,0,0,3
1762844002.2107048,9500912255140419907,0,11,5,53,1,10,2,3,2,91333,4969.7158203125,0,0,3
1762844002.2107048,9500912255140419907,0,12,12,53,17,0,2,3,2,91510,5019.326171875,0,0,3
1762844002.2107048,9500912255140419907,0,13,7,53,5,6,2,3,2,91317,4975.64599609375,0,0,3
1762844002.2107048,9500912255140419907,0,14,9,53,13,2,2,3,2,91781,5001.9296875,0,0,3
1762844002.2107048,9500912255140419907,0,15,14,53,18,0,2,3,2,91628,5026.0283203125,0,0,3
1762844002.2107048,9500912255140419907,0,16,13,53,14,0,2,3,2,92449,5025.66015625,0,0,3
1762844002.2107048,9500912255140419907,0,17,1,53,6,25,2,3,2,90593,4956.45703125,0,0,3
1762844002.2107048,9500912255140419907,0,18,15,53,9,0,3,3,2,91175,5028.9296875,0,0,4
1762844002.2107048,9500912255140419907,0,19,20,0,20,0,0,4,1,0,5136.519262569025,0,0,1
1762844002.2107048,9500912255140419907,0,20,0,0,0,0,0,0,0,0,0.0,0,0,0
1762844002.2107048,9500912255140419907,0,21,0,0,0,0,0,0,0,0,0.0,0,0,0
1762844007.220526,9500912255140419907,0,0,6,53,3,8,3,3,2,90011,4970.03515625,0,0,4
1762844007.220526,9500912255140419907,0,1,8,53,15,4,2,3,2,90814,4997.806640625,0,0,3
1762844007.220526,9500912255140419907,0,2,2,53,8,18,2,3,2,90669,4958.658203125,0,0,3
1762844007.220526,9500912255140419907,0,3,10,53,10,1,2,3,2,91770,5003.53955078125,0,0,3
1762844007.220526,9500912255140419907,0,4,16,53,16,0,3,3,2,91522,5031.4423828125,0,0,4
1762844007.220526,9500912255140419907,0,5,3,53,2,15,2,3,2,91151,4959.40625,0,0,3
1762844007.220526,9500912255140419907,0,6,19,52,11,0,3,3,2,93277,4999.85693359375,0,0,4
1762844007.220526,9500912255140419907,0,7,18,52,12,0,2,3,2,93054,4959.05908203125,0,0,3
1762844007.220526,9500912255140419907,0,8,17,53,19,0,3,3,2,91622,5047.9638671875,0,0,4
1762844007.220526,9500912255140419907,0,9,11,53,4,0,3,3,2,91281,5007.185546875,0,0,4
1762844007.220526,9500912255140419907,0,10,4,53,7,12,2,3,2,90719,4966.5361328125,0,0,3
1762844007.220526,9500912255140419907,0,11,5,53,1,10,2,3,2,91333,4969.7158203125,0,0,3
1762844007.220526,9500912255140419907,0,12,12,53,17,0,2,3,2,91510,5019.326171875,0,0,3
1762844007.220526,9500912255140419907,0,13,7,53,5,6,2,3,2,91317,4975.64599609375,0,0,3
1762844007.220526,9500912255140419907,0,14,9,53,13,2,2,3,2,91781,5001.9296875,0,0,3
1762844007.220526,9500912255140419907,0,15,14,53,18,0,2,3,2,91628,5026.0283203125,0,0,3
1762844007.220526,9500912255140419907,0,16,13,53,14,0,2,3,2,92449,5025.66015625,0,0,3
1762844007.220526,9500912255140419907,0,17,1,53,6,25,2,3,2,90593,4956.45703125,0,0,3
1762844007.220526,9500912255140419907,0,18,15,53,9,0,3,3,2,91175,5028.9296875,0,0,4
1762844007.220526,9500912255140419907,0,19,20,0,20,0,0,4,1,0,5136.519262569025,0,0,1
1762844007.220526,9500912255140419907,0,20,0,0,0,0,0,0,0,0,0.0,0,0,0
1762844007.220526,9500912255140419907,0,21,0,0,0,0,0,0,0,0,0.0,0,0,0
1762844012.235374,9500912255140419907,0,0,6,53,3,8,3,3,2,90011,4970.03515625,0,0,4
1762844012.235374,9500912255140419907,0,1,8,53,15,4,2,3,2,90814,4997.806640625,0,0,3
1762844012.235374,9500912255140419907,0,2,2,53,8,18,2,3,2,90669,4958.658203125,0,0,3
1762844012.235374,9500912255140419907,0,3,10,53,10,1,2,3,2,91770,5003.53955078125,0,0,3
1762844012.235374,9500912255140419907,0,4,16,53,16,0,3,3,2,91522,5031.4423828125,0,0,4
1762844012.235374,9500912255140419907,0,5,3,53,2,15,2,3,2,91151,4959.40625,0,0,3
1762844012.235374,9500912255140419907,0,6,19,52,11,0,3,3,2,93277,4999.85693359375,0,0,4
1762844012.235374,9500912255140419907,0,7,18,52,12,0,2,3,2,93054,4959.05908203125,0,0,3
1762844012.235374,9500912255140419907,0,8,17,53,19,0,3,3,2,91622,5047.9638671875,0,0,4
1762844012.235374,9500912255140419907,0,9,11,53,4,0,3,3,2,91281,5007.185546875,0,0,4
1762844012.235374,9500912255140419907,0,10,4,53,7,12,2,3,2,90719,4966.5361328125,0,0,3
1762844012.235374,9500912255140419907,0,11,5,53,1,10,2,3,2,91333,4969.7158203125,0,0,3
1762844012.235374,9500912255140419907,0,12,12,53,17,0,2,3,2,91510,5019.326171875,0,0,3
1762844012.235374,9500912255140419907,0,13,7,53,5,6,2,3,2,91317,4975.64599609375,0,0,3
1762844012.235374,9500912255140419907,0,14,9,53,13,2,2,3,2,91781,5001.9296875,0,0,3
1762844012.235374,9500912255140419907,0,15,14,53,18,0,2,3,2,91628,5026.0283203125,0,0,3
1762844012.235374,9500912255140419907,0,16,13,53,14,0,2,3,2,92449,5025.66015625,0,0,3
1762844012.235374,9500912255140419907,0,17,1,53,6,25,2,3,2,90593,4956.45703125,0,0,3
1762844012.235374,9500912255140419907,0,18,15,53,9,0,3,3,2,91175,5028.9296875,0,0,4
1762844012.235374,9500912255140419907,0,19,20,0,20,0,0,4,1,0,5136.519262569025,0,0,1
1762844012.235374,9500912255140419907,0,20,0,0,0,0,0,0,0,0,0.0,0,0,0
1762844012.235374,9500912255140419907,0,21,0,0,0,0,0,0,0,0,0.0,0,0,0
1762844017.249307,9500912255140419907,0,0,6,53,3,8,3,3,2,90011,4970.03515625,0,0,4
1762844017.249307,9500912255140419907,0,1,8,53,15,4,2,3,2,90814,4997.806640625,0,0,3
1762844017.249307,9500912255140419907,0,2,2,53,8,18,2,3,2,90669,4958.658203125,0,0,3
1762844017.249307,9500912255140419907,0,3,10,53,10,1,2,3,2,91770,5003.53955078125,0,0,3
1762844017.249307,9500912255140419907,0,4,16,53,16,0,3,3,2,91522,5031.4423828125,0,0,4
1762844017.249307,9500912255140419907,0,5,3,53,2,15,2,3,2,91151,4959.40625,0,0,3
1762844017.249307,9500912255140419907,0,6,19,52,11,0,3,3,2,93277,4999.85693359375,0,0,4
1762844017.249307,9500912255140419907,0,7,18,52,12,0,2,3,2,93054,4959.05908203125,0,0,3
1762844017.249307,9500912255140419907,0,8,17,53,19,0,3,3,2,91622,5047.9638671875,0,0,4
1762844017.249307,9500912255140419907,0,9,11,53,4,0,3,3,2,91281,5007.185546875,0,0,4
1762844017.249307,9500912255140419907,0,10,4,53,7,12,2,3,2,90719,4966.5361328125,0,0,3
1762844017.249307,9500912255140419907,0,11,5,53,1,10,2,3,2,91333,4969.7158203125,0,0,3
1762844017.249307,9500912255140419907,0,12,12,53,17,0,2,3,2,91510,5019.326171875,0,0,3
1762844017.249307,9500912255140419907,0,13,7,53,5,6,2,3,2,91317,4975.64599609375,0,0,3
1762844017.249307,9500912255140419907,0,14,9,53,13,2,2,3,2,91781,5001.9296875,0,0,3
1762844017.249307,9500912255140419907,0,15,14,53,18,0,2,3,2,91628,5026.0283203125,0,0,3
1762844017.249307,9500912255140419907,0,16,13,53,14,0,2,3,2,92449,5025.66015625,0,0,3
1762844017.249307,9500912255140419907,0,17,1,53,6,25,2,3,2,90593,4956.45703125,0,0,3
1762844017.249307,9500912255140419907,0,18,15,53,9,0,3,3,2,91175,5028.9296875,0,0,4
1762844017.249307,9500912255140419907,0,19,20,0,20,0,0,4,1,0,5136.519262569025,0,0,1
1762844017.249307,9500912255140419907,0,20,0,0,0,0,0,0,0,0,0.0,0,0,0
1762844017.249307,9500912255140419907,0,21,0,0,0,0,0,0,0,0,0.0,0,0,0
1762844022.2645614,9500912255140419907,0,0,6,53,3,8,3,3,2,90011,4970.03515625,0,0,4
1762844022.2645614,9500912255140419907,0,1,8,53,15,4,2,3,2,90814,4997.806640625,0,0,3
1762844022.2645614,9500912255140419907,0,2,2,53,8,18,2,3,2,90669,4958.658203125,0,0,3
1762844022.2645614,9500912255140419907,0,3,10,53,10,1,2,3,2,91770,5003.53955078125,0,0,3
1762844022.2645614,9500912255140419907,0,4,16,53,16,0,3,3,2,91522,5031.4423828125,0,0,4
1762844022.2645614,9500912255140419907,0,5,3,53,2,15,2,3,2,91151,4959.40625,0,0,3
1762844022.2645614,9500912255140419907,0,6,19,52,11,0,3,3,2,93277,4999.85693359375,0,0,4
1762844022.2645614,9500912255140419907,0,7,18,52,12,0,2,3,2,93054,4959.05908203125,0,0,3
1762844022.2645614,9500912255140419907,0,8,17,53,19,0,3,3,2,91622,5047.9638671875,0,0,4
1762844022.2645614,9500912255140419907,0,9,11,53,4,0,3,3,2,91281,5007.185546875,0,0,4
1762844022.2645614,9500912255140419907,0,10,4,53,7,12,2,3,2,90719,4966.5361328125,0,0,3
1762844022.2645614,9500912255140419907,0,11,5,53,1,10,2,3,2,91333,4969.7158203125,0,0,3
1762844022.2645614,9500912255140419907,0,12,12,53,17,0,2,3,2,91510,5019.326171875,0,0,3
1762844022.2645614,9500912255140419907,0,13,7,53,5,6,2,3,2,91317,4975.64599609375,0,0,3
1762844022.2645614,9500912255140419907,0,14,9,53,13,2,2,3,2,91781,5001.9296875,0,0,3
1762844022.2645614,9500912255140419907,0,15,14,53,18,0,2,3,2,91628,5026.0283203125,0,0,3
1762844022.2645614,9500912255140419907,0,16,13,53,14,0,2,3,2,92449,5025.66015625,0,0,3
1762844022.2645614,9500912255140419907,0,17,1,53,6,25,2,3,2,90593,4956.45703125,0,0,3
1762844022.2645614,9500912255140419907,0,18,15,53,9,0,3,3,2,91175,5028.9296875,0,0,4
1762844022.2645614,9500912255140419907,0,19,20,0,20,0,0,4,1,0,5136.519262569025,0,0,1
1762844022.2645614,9500912255140419907,0,20,0,0,0,0,0,0,0,0,0.0,0,0,0
1762844022.2645614,9500912255140419907,0,21,0,0,0,0,0,0,0,0,0.0,0,0,0
1762844027.2815814,9500912255140419907,0,0,6,53,3,8,3,3,2,90011,4970.03515625,0,0,4
1762844027.2815814,9500912255140419907,0,1,8,53,15,4,2,3,2,90814,4997.806640625,0,0,3
1762844027.2815814,9500912255140419907,0,2,2,53,8,18,2,3,2,90669,4958.658203125,0,0,3
1762844027.2815814,9500912255140419907,0,3,10,53,10,1,2,3,2,91770,5003.53955078125,0,0,3
1762844027.2815814,9500912255140419907,0,4,16,53,16,0,3,3,2,91522,5031.4423828125,0,0,4
1762844027.2815814,9500912255140419907,0,5,3,53,2,15,2,3,2,91151,4959.40625,0,0,3
1762844027.2815814,9500912255140419907,0,6,19,52,11,0,3,3,2,93277,4999.85693359375,0,0,4
1762844027.2815814,9500912255140419907,0,7,18,52,12,0,2,3,2,93054,4959.05908203125,0,0,3
1762844027.2815814,9500912255140419907,0,8,17,53,19,0,3,3,2,91622,5047.9638671875,0,0,4
1762844027.2815814,9500912255140419907,0,9,11,53,4,0,3,3,2,91281,5007.185546875,0,0,4
1762844027.2815814,9500912255140419907,0,10,4,53,7,12,2,3,2,90719,4966.5361328125,0,0,3
1762844027.2815814,9500912255140419907,0,11,5,53,1,10,2,3,2,91333,4969.7158203125,0,0,3
1762844027.2815814,9500912255140419907,0,12,12,53,17,0,2,3,2,91510,5019.326171875,0,0,3
1762844027.2815814,9500912255140419907,0,13,7,53,5,6,2,3,2,91317,4975.64599609375,0,0,3
1762844027.2815814,9500912255140419907,0,14,9,53,13,2,2,3,2,91781,5001.9296875,0,0,3
1762844027.2815814,9500912255140419907,0,15,14,53,18,0,2,3,2,91628,5026.0283203125,0,0,3
1762844027.2815814,9500912255140419907,0,16,13,53,14,0,2,3,2,92449,5025.66015625,0,0,3
1762844027.2815814,9500912255140419907,0,17,1,53,6,25,2,3,2,90593,4956.45703125,0,0,3
1762844027.2815814,9500912255140419907,0,18,15,53,9,0,3,3,2,91175,5028.9296875,0,0,4
1762844027.2815814,9500912255140419907,0,19,20,0,20,0,0,4,1,0,5136.519262569025,0,0,1
1762844027.2815814,9500912255140419907,0,20,0,0,0,0,0,0,0,0,0.0,0,0,0
1762844027.2815814,9500912255140419907,0,21,0,0,0,0,0,0,0,0,0.0,0,0,0
1762844032.2967708,9500912255140419907,0,0,6,53,3,8,3,3,2,90011,4970.03515625,0,0,4
1762844032.2967708,9500912255140419907,0,1,8,53,15,4,2,3,2,90814,4997.806640625,0,0,3
1762844032.2967708,9500912255140419907,0,2,2,53,8,18,2,3,2,90669,4958.658203125,0,0,3
1762844032.2967708,9500912255140419907,0,3,10,53,10,1,2,3,2,91770,5003.53955078125,0,0,3
1762844032.2967708,9500912255140419907,0,4,16,53,16,0,3,3,2,91522,5031.4423828125,0,0,4
1762844032.2967708,9500912255140419907,0,5,3,53,2,15,2,3,2,91151,4959.40625,0,0,3
1762844032.2967708,9500912255140419907,0,6,19,52,11,0,3,3,2,93277,4999.85693359375,0,0,4
1762844032.2967708,9500912255140419907,0,7,18,52,12,0,2,3,2,93054,4959.05908203125,0,0,3
1762844032.2967708,9500912255140419907,0,8,17,53,19,0,3,3,2,91622,5047.9638671875,0,0,4
1762844032.2967708,9500912255140419907,0,9,11,53,4,0,3,3,2,91281,5007.185546875,0,0,4
1762844032.2967708,9500912255140419907,0,10,4,53,7,12,2,3,2,90719,4966.5361328125,0,0,3
1762844032.2967708,9500912255140419907,0,11,5,53,1,10,2,3,2,91333,4969.7158203125,0,0,3
1762844032.2967708,9500912255140419907,0,12,12,53,17,0,2,3,2,91510,5019.326171875,0,0,3
1762844032.2967708,9500912255140419907,0,13,7,53,5,6,2,3,2,91317,4975.64599609375,0,0,3
1762844032.2967708,9500912255140419907,0,14,9,53,13,2,2,3,2,91781,5001.9296875,0,0,3
1762844032.2967708,9500912255140419907,0,15,14,53,18,0,2,3,2,91628,5026.0283203125,0,0,3
1762844032.2967708,9500912255140419907,0,16,13,53,14,0,2,3,2,92449,5025.66015625,0,0,3
1762844032.2967708,9500912255140419907,0,17,1,53,6,25,2,3,2,90593,4956.45703125,0,0,3
1762844032.2967708,9500912255140419907,0,18,15,53,9,0,3,3,2,91175,5028.9296875,0,0,4
1762844032.2967708,9500912255140419907,0,19,20,0,20,0,0,4,1,0,5136.519262569025,0,0,1
1762844032.2967708,9500912255140419907,0,20,0,0,0,0,0,0,0,0,0.0,0,0,0
1762844032.2967708,9500912255140419907,0,21,0,0,0,0,0,0,0,0,0.0,0,0,0
1762844037.306741,9500912255140419907,0,0,6,53,3,8,3,3,2,90011,4970.03515625,0,0,4
1762844037.306741,9500912255140419907,0,1,8,53,15,4,2,3,2,90814,4997.806640625,0,0,3
1762844037.306741,9500912255140419907,0,2,2,53,8,18,2,3,2,90669,4958.658203125,0,0,3
1762844037.306741,9500912255140419907,0,3,10,53,10,1,2,3,2,91770,5003.53955078125,0,0,3
1762844037.306741,9500912255140419907,0,4,16,53,16,0,3,3,2,91522,5031.4423828125,0,0,4
1762844037.306741,9500912255140419907,0,5,3,53,2,15,2,3,2,91151,4959.40625,0,0,3
1762844037.306741,9500912255140419907,0,6,19,52,11,0,3,3,2,93277,4999.85693359375,0,0,4
1762844037.306741,9500912255140419907,0,7,18,52,12,0,2,3,2,93054,4959.05908203125,0,0,3
1762844037.306741,9500912255140419907,0,8,17,53,19,0,3,3,2,91622,5047.9638671875,0,0,4
1762844037.306741,9500912255140419907,0,9,11,53,4,0,3,3,2,91281,5007.185546875,0,0,4
1762844037.306741,9500912255140419907,0,10,4,53,7,12,2,3,2,90719,4966.5361328125,0,0,3
1762844037.306741,9500912255140419907,0,11,5,53,1,10,2,3,2,91333,4969.7158203125,0,0,3
1762844037.306741,9500912255140419907,0,12,12,53,17,0,2,3,2,91510,5019.326171875,0,0,3
1762844037.306741,9500912255140419907,0,13,7,53,5,6,2,3,2,91317,4975.64599609375,0,0,3
1762844037.306741,9500912255140419907,0,14,9,53,13,2,2,3,2,91781,5001.9296875,0,0,3
1762844037.306741,9500912255140419907,0,15,14,53,18,0,2,3,2,91628,5026.0283203125,0,0,3
1762844037.306741,9500912255140419907,0,16,13,53,14,0,2,3,2,92449,5025.66015625,0,0,3
1762844037.306741,9500912255140419907,0,17,1,53,6,25,2,3,2,90593,4956.45703125,0,0,3
1762844037.306741,9500912255140419907,0,18,15,53,9,0,3,3,2,91175,5028.9296875,0,0,4
1762844037.306741,9500912255140419907,0,19,20,0,20,0,0,4,1,0,5136.519262569025,0,0,1
1762844037.306741,9500912255140419907,0,20,0,0,0,0,0,0,0,0,0.0,0,0,0
1762844037.306741,9500912255140419907,0,21,0,0,0,0,0,0,0,0,0.0,0,0,0
1762844042.319641,9500912255140419907,0,0,6,53,3,8,3,3,2,90011,4970.03515625,0,0,4
1762844042.319641,9500912255140419907,0,1,8,53,15,4,2,3,2,90814,4997.806640625,0,0,3
1762844042.319641,9500912255140419907,0,2,2,53,8,18,2,3,2,90669,4958.658203125,0,0,3
1762844042.319641,9500912255140419907,0,3,10,53,10,1,2,3,2,91770,5003.53955078125,0,0,3
1762844042.319641,9500912255140419907,0,4,16,53,16,0,3,3,2,91522,5031.4423828125,0,0,4
1762844042.319641,9500912255140419907,0,5,3,53,2,15,2,3,2,91151,4959.40625,0,0,3
1762844042.319641,9500912255140419907,0,6,19,52,11,0,3,3,2,93277,4999.85693359375,0,0,4
1762844042.319641,9500912255140419907,0,7,18,52,12,0,2,3,2,93054,4959.05908203125,0,0,3
1762844042.319641,9500912255140419907,0,8,17,53,19,0,3,3,2,91622,5047.9638671875,0,0,4
1762844042.319641,9500912255140419907,0,9,11,53,4,0,3,3,2,91281,5007.185546875,0,0,4
1762844042.319641,9500912255140419907,0,10,4,53,7,12,2,3,2,90719,4966.5361328125,0,0,3
1762844042.319641,9500912255140419907,0,11,5,53,1,10,2,3,2,91333,4969.7158203125,0,0,3
1762844042.319641,9500912255140419907,0,12,12,53,17,0,2,3,2,91510,5019.326171875,0,0,3
1762844042.319641,9500912255140419907,0,13,7,53,5,6,2,3,2,91317,4975.64599609375,0,0,3
1762844042.319641,9500912255140419907,0,14,9,53,13,2,2,3,2,91781,5001.9296875,0,0,3
1762844042.319641,9500912255140419907,0,15,14,53,18,0,2,3,2,91628,5026.0283203125,0,0,3
1762844042.319641,9500912255140419907,0,16,13,53,14,0,2,3,2,92449,5025.66015625,0,0,3
1762844042.319641,9500912255140419907,0,17,1,53,6,25,2,3,2,90593,4956.45703125,0,0,3
1762844042.319641,9500912255140419907,0,18,15,53,9,0,3,3,2,91175,5028.9296875,0,0,4
1762844042.319641,9500912255140419907,0,19,20,0,20,0,0,4,1,0,5136.519262569025,0,0,1
1762844042.319641,9500912255140419907,0,20,0,0,0,0,0,0,0,0,0.0,0,0,0
1762844042.319641,9500912255140419907,0,21,0,0,0,0,0,0,0,0,0.0,0,0,0
1762844047.3366406,9500912255140419907,0,0,6,53,3,8,3,3,2,90011,4970.03515625,0,0,4
1762844047.3366406,9500912255140419907,0,1,8,53,15,4,2,3,2,90814,4997.806640625,0,0,3
1762844047.3366406,9500912255140419907,0,2,2,53,8,18,2,3,2,90669,4958.658203125,0,0,3
1762844047.3366406,9500912255140419907,0,3,10,53,10,1,2,3,2,91770,5003.53955078125,0,0,3
1762844047.3366406,9500912255140419907,0,4,16,53,16,0,3,3,2,91522,5031.4423828125,0,0,4
1762844047.3366406,9500912255140419907,0,5,3,53,2,15,2,3,2,91151,4959.40625,0,0,3
1762844047.3366406,9500912255140419907,0,6,19,52,11,0,3,3,2,93277,4999.85693359375,0,0,4
1762844047.3366406,9500912255140419907,0,7,18,52,12,0,2,3,2,93054,4959.05908203125,0,0,3
1762844047.3366406,9500912255140419907,0,8,17,53,19,0,3,3,2,91622,5047.9638671875,0,0,4
1762844047.3366406,9500912255140419907,0,9,11,53,4,0,3,3,2,91281,5007.185546875,0,0,4
1762844047.3366406,9500912255140419907,0,10,4,53,7,12,2,3,2,90719,4966.5361328125,0,0,3
1762844047.3366406,9500912255140419907,0,11,5,53,1,10,2,3,2,91333,4969.7158203125,0,0,3
1762844047.3366406,9500912255140419907,0,12,12,53,17,0,2,3,2,91510,5019.326171875,0,0,3
1762844047.3366406,9500912255140419907,0,13,7,53,5,6,2,3,2,91317,4975.64599609375,0,0,3
1762844047.3366406,9500912255140419907,0,14,9,53,13,2,2,3,2,91781,5001.9296875,0,0,3
1762844047.3366406,9500912255140419907,0,15,14,53,18,0,2,3,2,91628,5026.0283203125,0,0,3
1762844047.3366406,9500912255140419907,0,16,13,53,14,0,2,3,2,92449,5025.66015625,0,0,3
1762844047.3366406,9500912255140419907,0,17,1,53,6,25,2,3,2,90593,4956.45703125,0,0,3
1762844047.3366406,9500912255140419907,0,18,15,53,9,0,3,3,2,91175,5028.9296875,0,0,4
1762844047.3366406,9500912255140419907,0,19,20,0,20,0,0,4,1,0,5136.519262569025,0,0,1
1762844047.3366406,9500912255140419907,0,20,0,0,0,0,0,0,0,0,0.0,0,0,0
1762844047.3366406,9500912255140419907,0,21,0,0,0,0,0,0,0,0,0.0,0,0,0
1762844052.3371136,9500912255140419907,0,0,6,53,3,8,3,3,2,90011,4970.03515625,0,0,4
1762844052.3371136,9500912255140419907,0,1,8,53,15,4,2,3,2,90814,4997.806640625,0,0,3
1762844052.3371136,9500912255140419907,0,2,2,53,8,18,2,3,2,90669,4958.658203125,0,0,3
1762844052.3371136,9500912255140419907,0,3,10,53,10,1,2,3,2,91770,5003.53955078125,0,0,3
1762844052.3371136,9500912255140419907,0,4,16,53,16,0,3,3,2,91522,5031.4423828125,0,0,4
1762844052.3371136,9500912255140419907,0,5,3,53,2,15,2,3,2,91151,4959.40625,0,0,3
1762844052.3371136,9500912255140419907,0,6,19,52,11,0,3,3,2,93277,4999.85693359375,0,0,4
1762844052.3371136,9500912255140419907,0,7,18,52,12,0,2,3,2,93054,4959.05908203125,0,0,3
1762844052.3371136,9500912255140419907,0,8,17,53,19,0,3,3,2,91622,5047.9638671875,0,0,4
1762844052.3371136,9500912255140419907,0,9,11,53,4,0,3,3,2,91281,5007.185546875,0,0,4
1762844052.3371136,9500912255140419907,0,10,4,53,7,12,2,3,2,90719,4966.5361328125,0,0,3
1762844052.3371136,9500912255140419907,0,11,5,53,1,10,2,3,2,91333,4969.7158203125,0,0,3
1762844052.3371136,9500912255140419907,0,12,12,53,17,0,2,3,2,91510,5019.326171875,0,0,3
1762844052.3371136,9500912255140419907,0,13,7,53,5,6,2,3,2,91317,4975.64599609375,0,0,3
1762844052.3371136,9500912255140419907,0,14,9,53,13,2,2,3,2,91781,5001.9296875,0,0,3
1762844052.3371136,9500912255140419907,0,15,14,53,18,0,2,3,2,91628,5026.0283203125,0,0,3
1762844052.3371136,9500912255140419907,0,16,13,53,14,0,2,3,2,92449,5025.66015625,0,0,3
1762844052.3371136,9500912255140419907,0,17,1,53,6,25,2,3,2,90593,4956.45703125,0,0,3
1762844052.3371136,9500912255140419907,0,18,15,53,9,0,3,3,2,91175,5028.9296875,0,0,4
1762844052.3371136,9500912255140419907,0,19,20,0,20,0,0,4,1,0,5136.519262569025,0,0,1
1762844052.3371136,9500912255140419907,0,20,0,0,0,0,0,0,0,0,0.0,0,0,0
1762844052.3371136,9500912255140419907,0,21,0,0,0,0,0,0,0,0,0.0,0,0,0
1762844057.3556197,9500912255140419907,0,0,6,53,3,8,3,3,2,90011,4970.03515625,0,0,4
1762844057.3556197,9500912255140419907,0,1,8,53,15,4,2,3,2,90814,4997.806640625,0,0,3
1762844057.3556197,9500912255140419907,0,2,2,53,8,18,2,3,2,90669,4958.658203125,0,0,3
1762844057.3556197,9500912255140419907,0,3,10,53,10,1,2,3,2,91770,5003.53955078125,0,0,3
1762844057.3556197,9500912255140419907,0,4,16,53,16,0,3,3,2,91522,5031.4423828125,0,0,4
1762844057.3556197,9500912255140419907,0,5,3,53,2,15,2,3,2,91151,4959.40625,0,0,3
1762844057.3556197,9500912255140419907,0,6,19,52,11,0,3,3,2,93277,4999.85693359375,0,0,4
1762844057.3556197,9500912255140419907,0,7,18,52,12,0,2,3,2,93054,4959.05908203125,0,0,3
1762844057.3556197,9500912255140419907,0,8,17,53,19,0,3,3,2,91622,5047.9638671875,0,0,4
1762844057.3556197,9500912255140419907,0,9,11,53,4,0,3,3,2,91281,5007.185546875,0,0,4
1762844057.3556197,9500912255140419907,0,10,4,53,7,12,2,3,2,90719,4966.5361328125,0,0,3
1762844057.3556197,9500912255140419907,0,11,5,53,1,10,2,3,2,91333,4969.7158203125,0,0,3
1762844057.3556197,9500912255140419907,0,12,12,53,17,0,2,3,2,91510,5019.326171875,0,0,3
1762844057.3556197,9500912255140419907,0,13,7,53,5,6,2,3,2,91317,4975.64599609375,0,0,3
1762844057.3556197,9500912255140419907,0,14,9,53,13,2,2,3,2,91781,5001.9296875,0,0,3
1762844057.3556197,9500912255140419907,0,15,14,53,18,0,2,3,2,91628,5026.0283203125,0,0,3
1762844057.3556197,9500912255140419907,0,16,13,53,14,0,2,3,2,92449,5025.66015625,0,0,3
1762844057.3556197,9500912255140419907,0,17,1,53,6,25,2,3,2,90593,4956.45703125,0,0,3
1762844057.3556197,9500912255140419907,0,18,15,53,9,0,3,3,2,91175,5028.9296875,0,0,4
1762844057.3556197,9500912255140419907,0,19,20,0,20,0,0,4,1,0,5136.519262569025,0,0,1
1762844057.3556197,9500912255140419907,0,20,0,0,0,0,0,0,0,0,0.0,0,0,0
1762844057.3556197,9500912255140419907,0,21,0,0,0,0,0,0,0,0,0.0,0,0,0
1762844062.3742335,9500912255140419907,0,0,6,53,3,8,3,3,2,90011,4970.03515625,0,0,4
1762844062.3742335,9500912255140419907,0,1,8,53,15,4,2,3,2,90814,4997.806640625,0,0,3
1762844062.3742335,9500912255140419907,0,2,2,53,8,18,2,3,2,90669,4958.658203125,0,0,3
1762844062.3742335,9500912255140419907,0,3,10,53,10,1,2,3,2,91770,5003.53955078125,0,0,3
1762844062.3742335,9500912255140419907,0,4,16,53,16,0,3,3,2,91522,5031.4423828125,0,0,4
1762844062.3742335,9500912255140419907,0,5,3,53,2,15,2,3,2,91151,4959.40625,0,0,3
1762844062.3742335,9500912255140419907,0,6,19,52,11,0,3,3,2,93277,4999.85693359375,0,0,4
1762844062.3742335,9500912255140419907,0,7,18,52,12,0,2,3,2,93054,4959.05908203125,0,0,3
1762844062.3742335,9500912255140419907,0,8,17,53,19,0,3,3,2,91622,5047.9638671875,0,0,4
1762844062.3742335,9500912255140419907,0,9,11,53,4,0,3,3,2,91281,5007.185546875,0,0,4
1762844062.3742335,9500912255140419907,0,10,4,53,7,12,2,3,2,90719,4966.5361328125,0,0,3
1762844062.3742335,9500912255140419907,0,11,5,53,1,10,2,3,2,91333,4969.7158203125,0,0,3
1762844062.3742335,9500912255140419907,0,12,12,53,17,0,2,3,2,91510,5019.326171875,0,0,3
1762844062.3742335,9500912255140419907,0,13,7,53,5,6,2,3,2,91317,4975.64599609375,0,0,3
1762844062.3742335,9500912255140419907,0,14,9,53,13,2,2,3,2,91781,5001.9296875,0,0,3
1762844062.3742335,9500912255140419907,0,15,14,53,18,0,2,3,2,91628,5026.0283203125,0,0,3
1762844062.3742335,9500912255140419907,0,16,13,53,14,0,2,3,2,92449,5025.66015625,0,0,3
1762844062.3742335,9500912255140419907,0,17,1,53,6,25,2,3,2,90593,4956.45703125,0,0,3
1762844062.3742335,9500912255140419907,0,18,15,53,9,0,3,3,2,91175,5028.9296875,0,0,4
1762844062.3742335,9500912255140419907,0,19,20,0,20,0,0,4,1,0,5136.519262569025,0,0,1
1762844062.3742335,9500912255140419907,0,20,0,0,0,0,0,0,0,0,0.0,0,0,0
1762844062.3742335,9500912255140419907,0,21,0,0,0,0,0,0,0,0,0.0,0,0,0
1762844067.3866453,9500912255140419907,0,0,6,53,3,8,3,3,2,90011,4970.03515625,0,0,4
1762844067.3866453,9500912255140419907,0,1,8,53,15,4,2,3,2,90814,4997.806640625,0,0,3
1762844067.3866453,9500912255140419907,0,2,2,53,8,18,2,3,2,90669,4958.658203125,0,0,3
1762844067.3866453,9500912255140419907,0,3,10,53,10,1,2,3,2,91770,5003.53955078125,0,0,3
1762844067.3866453,9500912255140419907,0,4,16,53,16,0,3,3,2,91522,5031.4423828125,0,0,4
1762844067.3866453,9500912255140419907,0,5,3,53,2,15,2,3,2,91151,4959.40625,0,0,3
1762844067.3866453,9500912255140419907,0,6,19,52,11,0,3,3,2,93277,4999.85693359375,0,0,4
1762844067.3866453,9500912255140419907,0,7,18,52,12,0,2,3,2,93054,4959.05908203125,0,0,3
1762844067.3866453,9500912255140419907,0,8,17,53,19,0,3,3,2,91622,5047.9638671875,0,0,4
1762844067.3866453,9500912255140419907,0,9,11,53,4,0,3,3,2,91281,5007.185546875,0,0,4
1762844067.3866453,9500912255140419907,0,10,4,53,7,12,2,3,2,90719,4966.5361328125,0,0,3
1762844067.3866453,9500912255140419907,0,11,5,53,1,10,2,3,2,91333,4969.7158203125,0,0,3
1762844067.3866453,9500912255140419907,0,12,12,53,17,0,2,3,2,91510,5019.326171875,0,0,3
1762844067.3866453,9500912255140419907,0,13,7,53,5,6,2,3,2,91317,4975.64599609375,0,0,3
1762844067.3866453,9500912255140419907,0,14,9,53,13,2,2,3,2,91781,5001.9296875,0,0,3
1762844067.3866453,9500912255140419907,0,15,14,53,18,0,2,3,2,91628,5026.0283203125,0,0,3
1762844067.3866453,9500912255140419907,0,16,13,53,14,0,2,3,2,92449,5025.66015625,0,0,3
1762844067.3866453,9500912255140419907,0,17,1,53,6,25,2,3,2,90593,4956.45703125,0,0,3
1762844067.3866453,9500912255140419907,0,18,15,53,9,0,3,3,2,91175,5028.9296875,0,0,4
1762844067.3866453,9500912255140419907,0,19,20,0,20,0,0,4,1,0,5136.519262569025,0,0,1
1762844067.3866453,9500912255140419907,0,20,0,0,0,0,0,0,0,0,0.0,0,0,0
1762844067.3866453,9500912255140419907,0,21,0,0,0,0,0,0,0,0,0.0,0,0,0
1762844072.4067423,9500912255140419907,0,0,6,53,3,8,3,3,2,90011,4970.03515625,0,0,4
1762844072.4067423,9500912255140419907,0,1,8,53,15,4,2,3,2,90814,4997.806640625,0,0,3
1762844072.4067423,9500912255140419907,0,2,2,53,8,18,2,3,2,90669,4958.658203125,0,0,3
1762844072.4067423,9500912255140419907,0,3,10,53,10,1,2,3,2,91770,5003.53955078125,0,0,3
1762844072.4067423,9500912255140419907,0,4,16,53,16,0,3,3,2,91522,5031.4423828125,0,0,4
1762844072.4067423,9500912255140419907,0,5,3,53,2,15,2,3,2,91151,4959.40625,0,0,3
1762844072.4067423,9500912255140419907,0,6,19,52,11,0,3,3,2,93277,4999.85693359375,0,0,4
1762844072.4067423,9500912255140419907,0,7,18,52,12,0,2,3,2,93054,4959.05908203125,0,0,3
1762844072.4067423,9500912255140419907,0,8,17,53,19,0,3,3,2,91622,5047.9638671875,0,0,4
1762844072.4067423,9500912255140419907,0,9,11,53,4,0,3,3,2,91281,5007.185546875,0,0,4
1762844072.4067423,9500912255140419907,0,10,4,53,7,12,2,3,2,90719,4966.5361328125,0,0,3
1762844072.4067423,9500912255140419907,0,11,5,53,1,10,2,3,2,91333,4969.7158203125,0,0,3
1762844072.4067423,9500912255140419907,0,12,12,53,17,0,2,3,2,91510,5019.326171875,0,0,3
1762844072.4067423,9500912255140419907,0,13,7,53,5,6,2,3,2,91317,4975.64599609375,0,0,3
1762844072.4067423,9500912255140419907,0,14,9,53,13,2,2,3,2,91781,5001.9296875,0,0,3
1762844072.4067423,9500912255140419907,0,15,14,53,18,0,2,3,2,91628,5026.0283203125,0,0,3
1762844072.4067423,9500912255140419907,0,16,13,53,14,0,2,3,2,92449,5025.66015625,0,0,3
1762844072.4067423,9500912255140419907,0,17,1,53,6,25,2,3,2,90593,4956.45703125,0,0,3
1762844072.4067423,9500912255140419907,0,18,15,53,9,0,3,3,2,91175,5028.9296875,0,0,4
1762844072.4067423,9500912255140419907,0,19,20,0,20,0,0,4,1,0,5136.519262569025,0,0,1
1762844072.4067423,9500912255140419907,0,20,0,0,0,0,0,0,0,0,0.0,0,0,0
1762844072.4067423,9500912255140419907,0,21,0,0,0,0,0,0,0,0,0.0,0,0,0
1762844077.4117749,9500912255140419907,0,0,6,53,3,8,3,3,2,90011,4970.03515625,0,0,4
1762844077.4117749,9500912255140419907,0,1,8,53,15,4,2,3,2,90814,4997.806640625,0,0,3
1762844077.4117749,9500912255140419907,0,2,2,53,8,18,2,3,2,90669,4958.658203125,0,0,3
1762844077.4117749,9500912255140419907,0,3,10,53,10,1,2,3,2,91770,5003.53955078125,0,0,3
1762844077.4117749,9500912255140419907,0,4,16,53,16,0,3,3,2,91522,5031.4423828125,0,0,4
1762844077.4117749,9500912255140419907,0,5,3,53,2,15,2,3,2,91151,4959.40625,0,0,3
1762844077.4117749,9500912255140419907,0,6,19,52,11,0,3,3,2,93277,4999.85693359375,0,0,4
1762844077.4117749,9500912255140419907,0,7,18,52,12,0,2,3,2,93054,4959.05908203125,0,0,3
1762844077.4117749,9500912255140419907,0,8,17,53,19,0,3,3,2,91622,5047.9638671875,0,0,4
1762844077.4117749,9500912255140419907,0,9,11,53,4,0,3,3,2,91281,5007.185546875,0,0,4
1762844077.4117749,9500912255140419907,0,10,4,53,7,12,2,3,2,90719,4966.5361328125,0,0,3
1762844077.4117749,9500912255140419907,0,11,5,53,1,10,2,3,2,91333,4969.7158203125,0,0,3
1762844077.4117749,9500912255140419907,0,12,12,53,17,0,2,3,2,91510,5019.326171875,0,0,3
1762844077.4117749,9500912255140419907,0,13,7,53,5,6,2,3,2,91317,4975.64599609375,0,0,3
1762844077.4117749,9500912255140419907,0,14,9,53,13,2,2,3,2,91781,5001.9296875,0,0,3
1762844077.4117749,9500912255140419907,0,15,14,53,18,0,2,3,2,91628,5026.0283203125,0,0,3
1762844077.4117749,9500912255140419907,0,16,13,53,14,0,2,3,2,92449,5025.66015625,0,0,3
1762844077.4117749,9500912255140419907,0,17,1,53,6,25,2,3,2,90593,4956.45703125,0,0,3
1762844077.4117749,9500912255140419907,0,18,15,53,9,0,3,3,2,91175,5028.9296875,0,0,4
1762844077.4117749,9500912255140419907,0,19,20,0,20,0,0,4,1,0,5136.519262569025,0,0,1
1762844077.4117749,9500912255140419907,0,20,0,0,0,0,0,0,0,0,0.0,0,0,0
1762844077.4117749,9500912255140419907,0,21,0,0,0,0,0,0,0,0,0.0,0,0,0
1762844082.4144754,9500912255140419907,0,0,6,53,3,8,3,3,2,90011,4970.03515625,0,0,4
1762844082.4144754,9500912255140419907,0,1,8,53,15,4,2,3,2,90814,4997.806640625,0,0,3
1762844082.4144754,9500912255140419907,0,2,2,53,8,18,2,3,2,90669,4958.658203125,0,0,3
1762844082.4144754,9500912255140419907,0,3,10,53,10,1,2,3,2,91770,5003.53955078125,0,0,3
1762844082.4144754,9500912255140419907,0,4,16,53,16,0,3,3,2,91522,5031.4423828125,0,0,4
1762844082.4144754,9500912255140419907,0,5,3,53,2,15,2,3,2,91151,4959.40625,0,0,3
1762844082.4144754,9500912255140419907,0,6,19,52,11,0,3,3,2,93277,4999.85693359375,0,0,4
1762844082.4144754,9500912255140419907,0,7,18,52,12,0,2,3,2,93054,4959.05908203125,0,0,3
1762844082.4144754,9500912255140419907,0,8,17,53,19,0,3,3,2,91622,5047.9638671875,0,0,4
1762844082.4144754,9500912255140419907,0,9,11,53,4,0,3,3,2,91281,5007.185546875,0,0,4
1762844082.4144754,9500912255140419907,0,10,4,53,7,12,2,3,2,90719,4966.5361328125,0,0,3
1762844082.4144754,9500912255140419907,0,11,5,53,1,10,2,3,2,91333,4969.7158203125,0,0,3
1762844082.4144754,9500912255140419907,0,12,12,53,17,0,2,3,2,91510,5019.326171875,0,0,3
1762844082.4144754,9500912255140419907,0,13,7,53,5,6,2,3,2,91317,4975.64599609375,0,0,3
1762844082.4144754,9500912255140419907,0,14,9,53,13,2,2,3,2,91781,5001.9296875,0,0,3
1762844082.4144754,9500912255140419907,0,15,14,53,18,0,2,3,2,91628,5026.0283203125,0,0,3
1762844082.4144754,9500912255140419907,0,16,13,53,14,0,2,3,2,92449,5025.66015625,0,0,3
1762844082.4144754,9500912255140419907,0,17,1,53,6,25,2,3,2,90593,4956.45703125,0,0,3
1762844082.4144754,9500912255140419907,0,18,15,53,9,0,3,3,2,91175,5028.9296875,0,0,4
1762844082.4144754,9500912255140419907,0,19,20,0,20,0,0,4,1,0,5136.519262569025,0,0,1
1762844082.4144754,9500912255140419907,0,20,0,0,0,0,0,0,0,0,0.0,0,0,0
1762844082.4144754,9500912255140419907,0,21,0,0,0,0,0,0,0,0,0.0,0,0,0
1762844087.4239829,9500912255140419907,0,0,6,53,3,8,3,3,2,90011,4970.03515625,0,0,4
1762844087.4239829,9500912255140419907,0,1,8,53,15,4,2,3,2,90814,4997.806640625,0,0,3
1762844087.4239829,9500912255140419907,0,2,2,53,8,18,2,3,2,90669,4958.658203125,0,0,3
1762844087.4239829,9500912255140419907,0,3,10,53,10,1,2,3,2,91770,5003.53955078125,0,0,3
1762844087.4239829,9500912255140419907,0,4,16,53,16,0,3,3,2,91522,5031.4423828125,0,0,4
1762844087.4239829,9500912255140419907,0,5,3,53,2,15,2,3,2,91151,4959.40625,0,0,3
1762844087.4239829,9500912255140419907,0,6,19,52,11,0,3,3,2,93277,4999.85693359375,0,0,4
1762844087.4239829,9500912255140419907,0,7,18,52,12,0,2,3,2,93054,4959.05908203125,0,0,3
1762844087.4239829,9500912255140419907,0,8,17,53,19,0,3,3,2,91622,5047.9638671875,0,0,4
1762844087.4239829,9500912255140419907,0,9,11,53,4,0,3,3,2,91281,5007.185546875,0,0,4
1762844087.4239829,9500912255140419907,0,10,4,53,7,12,2,3,2,90719,4966.5361328125,0,0,3
1762844087.4239829,9500912255140419907,0,11,5,53,1,10,2,3,2,91333,4969.7158203125,0,0,3
1762844087.4239829,9500912255140419907,0,12,12,53,17,0,2,3,2,91510,5019.326171875,0,0,3
1762844087.4239829,9500912255140419907,0,13,7,53,5,6,2,3,2,91317,4975.64599609375,0,0,3
1762844087.4239829,9500912255140419907,0,14,9,53,13,2,2,3,2,91781,5001.9296875,0,0,3
1762844087.4239829,9500912255140419907,0,15,14,53,18,0,2,3,2,91628,5026.0283203125,0,0,3
1762844087.4239829,9500912255140419907,0,16,13,53,14,0,2,3,2,92449,5025.66015625,0,0,3
1762844087.4239829,9500912255140419907,0,17,1,53,6,25,2,3,2,90593,4956.45703125,0,0,3
1762844087.4239829,9500912255140419907,0,18,15,53,9,0,3,3,2,91175,5028.9296875,0,0,4
1762844087.4239829,9500912255140419907,0,19,20,0,20,0,0,4,1,0,5136.519262569025,0,0,1
1762844087.4239829,9500912255140419907,0,20,0,0,0,0,0,0,0,0,0.0,0,0,0
1762844087.4239829,9500912255140419907,0,21,0,0,0,0,0,0,0,0,0.0,0,0,0
1762844092.4284632,9500912255140419907,0,0,6,53,3,8,3,3,2,90011,4970.03515625,0,0,4
1762844092.4284632,9500912255140419907,0,1,8,53,15,4,2,3,2,90814,4997.806640625,0,0,3
1762844092.4284632,9500912255140419907,0,2,2,53,8,18,2,3,2,90669,4958.658203125,0,0,3
1762844092.4284632,9500912255140419907,0,3,10,53,10,1,2,3,2,91770,5003.53955078125,0,0,3
1762844092.4284632,9500912255140419907,0,4,16,53,16,0,3,3,2,91522,5031.4423828125,0,0,4
1762844092.4284632,9500912255140419907,0,5,3,53,2,15,2,3,2,91151,4959.40625,0,0,3
1762844092.4284632,9500912255140419907,0,6,19,52,11,0,3,3,2,93277,4999.85693359375,0,0,4
1762844092.4284632,9500912255140419907,0,7,18,52,12,0,2,3,2,93054,4959.05908203125,0,0,3
1762844092.4284632,9500912255140419907,0,8,17,53,19,0,3,3,2,91622,5047.9638671875,0,0,4
1762844092.4284632,9500912255140419907,0,9,11,53,4,0,3,3,2,91281,5007.185546875,0,0,4
1762844092.4284632,9500912255140419907,0,10,4,53,7,12,2,3,2,90719,4966.5361328125,0,0,3
1762844092.4284632,9500912255140419907,0,11,5,53,1,10,2,3,2,91333,4969.7158203125,0,0,3
1762844092.4284632,9500912255140419907,0,12,12,53,17,0,2,3,2,91510,5019.326171875,0,0,3
1762844092.4284632,9500912255140419907,0,13,7,53,5,6,2,3,2,91317,4975.64599609375,0,0,3
1762844092.4284632,9500912255140419907,0,14,9,53,13,2,2,3,2,91781,5001.9296875,0,0,3
1762844092.4284632,9500912255140419907,0,15,14,53,18,0,2,3,2,91628,5026.0283203125,0,0,3
1762844092.4284632,9500912255140419907,0,16,13,53,14,0,2,3,2,92449,5025.66015625,0,0,3
1762844092.4284632,9500912255140419907,0,17,1,53,6,25,2,3,2,90593,4956.45703125,0,0,3
1762844092.4284632,9500912255140419907,0,18,15,53,9,0,3,3,2,91175,5028.9296875,0,0,4
1762844092.4284632,9500912255140419907,0,19,20,0,20,0,0,4,1,0,5136.519262569025,0,0,1
1762844092.4284632,9500912255140419907,0,20,0,0,0,0,0,0,0,0,0.0,0,0,0
1762844092.4284632,9500912255140419907,0,21,0,0,0,0,0,0,0,0,0.0,0,0,0
1762844097.446962,9500912255140419907,0,0,6,53,3,8,3,3,2,90011,4970.03515625,0,0,4
1762844097.446962,9500912255140419907,0,1,8,53,15,4,2,3,2,90814,4997.806640625,0,0,3
1762844097.446962,9500912255140419907,0,2,2,53,8,18,2,3,2,90669,4958.658203125,0,0,3
1762844097.446962,9500912255140419907,0,3,10,53,10,1,2,3,2,91770,5003.53955078125,0,0,3
1762844097.446962,9500912255140419907,0,4,16,53,16,0,3,3,2,91522,5031.4423828125,0,0,4
1762844097.446962,9500912255140419907,0,5,3,53,2,15,2,3,2,91151,4959.40625,0,0,3
1762844097.446962,9500912255140419907,0,6,19,52,11,0,3,3,2,93277,4999.85693359375,0,0,4
1762844097.446962,9500912255140419907,0,7,18,52,12,0,2,3,2,93054,4959.05908203125,0,0,3
1762844097.446962,9500912255140419907,0,8,17,53,19,0,3,3,2,91622,5047.9638671875,0,0,4
1762844097.446962,9500912255140419907,0,9,11,53,4,0,3,3,2,91281,5007.185546875,0,0,4
1762844097.446962,9500912255140419907,0,10,4,53,7,12,2,3,2,90719,4966.5361328125,0,0,3
1762844097.446962,9500912255140419907,0,11,5,53,1,10,2,3,2,91333,4969.7158203125,0,0,3
1762844097.446962,9500912255140419907,0,12,12,53,17,0,2,3,2,91510,5019.326171875,0,0,3
1762844097.446962,9500912255140419907,0,13,7,53,5,6,2,3,2,91317,4975.64599609375,0,0,3
1762844097.446962,9500912255140419907,0,14,9,53,13,2,2,3,2,91781,5001.9296875,0,0,3
1762844097.446962,9500912255140419907,0,15,14,53,18,0,2,3,2,91628,5026.0283203125,0,0,3
1762844097.446962,9500912255140419907,0,16,13,53,14,0,2,3,2,92449,5025.66015625,0,0,3
1762844097.446962,9500912255140419907,0,17,1,53,6,25,2,3,2,90593,4956.45703125,0,0,3
1762844097.446962,9500912255140419907,0,18,15,53,9,0,3,3,2,91175,5028.9296875,0,0,4
1762844097.446962,9500912255140419907,0,19,20,0,20,0,0,4,1,0,5136.519262569025,0,0,1
1762844097.446962,9500912255140419907,0,20,0,0,0,0,0,0,0,0,0.0,0,0,0
1762844097.446962,9500912255140419907,0,21,0,0,0,0,0,0,0,0,0.0,0,0,0
1762844102.4620838,9500912255140419907,0,0,6,53,3,8,3,3,2,90011,4970.03515625,0,0,4
1762844102.4620838,9500912255140419907,0,1,8,53,15,4,2,3,2,90814,4997.806640625,0,0,3
1762844102.4620838,9500912255140419907,0,2,2,53,8,18,2,3,2,90669,4958.658203125,0,0,3
1762844102.4620838,9500912255140419907,0,3,10,53,10,1,2,3,2,91770,5003.53955078125,0,0,3
1762844102.4620838,9500912255140419907,0,4,16,53,16,0,3,3,2,91522,5031.4423828125,0,0,4
1762844102.4620838,9500912255140419907,0,5,3,53,2,15,2,3,2,91151,4959.40625,0,0,3
1762844102.4620838,9500912255140419907,0,6,19,52,11,0,3,3,2,93277,4999.85693359375,0,0,4
1762844102.4620838,9500912255140419907,0,7,18,52,12,0,2,3,2,93054,4959.05908203125,0,0,3
1762844102.4620838,9500912255140419907,0,8,17,53,19,0,3,3,2,91622,5047.9638671875,0,0,4
1762844102.4620838,9500912255140419907,0,9,11,53,4,0,3,3,2,91281,5007.185546875,0,0,4
1762844102.4620838,9500912255140419907,0,10,4,53,7,12,2,3,2,90719,4966.5361328125,0,0,3
1762844102.4620838,9500912255140419907,0,11,5,53,1,10,2,3,2,91333,4969.7158203125,0,0,3
1762844102.4620838,9500912255140419907,0,12,12,53,17,0,2,3,2,91510,5019.326171875,0,0,3
1762844102.4620838,9500912255140419907,0,13,7,53,5,6,2,3,2,91317,4975.64599609375,0,0,3
1762844102.4620838,9500912255140419907,0,14,9,53,13,2,2,3,2,91781,5001.9296875,0,0,3
1762844102.4620838,9500912255140419907,0,15,14,53,18,0,2,3,2,91628,5026.0283203125,0,0,3
1762844102.4620838,9500912255140419907,0,16,13,53,14,0,2,3,2,92449,5025.66015625,0,0,3
1762844102.4620838,9500912255140419907,0,17,1,53,6,25,2,3,2,90593,4956.45703125,0,0,3
1762844102.4620838,9500912255140419907,0,18,15,53,9,0,3,3,2,91175,5028.9296875,0,0,4
1762844102.4620838,9500912255140419907,0,19,20,0,20,0,0,4,1,0,5136.519262569025,0,0,1
1762844102.4620838,9500912255140419907,0,20,0,0,0,0,0,0,0,0,0.0,0,0,0
1762844102.4620838,9500912255140419907,0,21,0,0,0,0,0,0,0,0,0.0,0,0,0
1762844107.4790738,9500912255140419907,0,0,6,53,3,8,3,3,2,90011,4970.03515625,0,0,4
1762844107.4790738,9500912255140419907,0,1,8,53,15,4,2,3,2,90814,4997.806640625,0,0,3
1762844107.4790738,9500912255140419907,0,2,2,53,8,18,2,3,2,90669,4958.658203125,0,0,3
1762844107.4790738,9500912255140419907,0,3,10,53,10,1,2,3,2,91770,5003.53955078125,0,0,3
1762844107.4790738,9500912255140419907,0,4,16,53,16,0,3,3,2,91522,5031.4423828125,0,0,4
1762844107.4790738,9500912255140419907,0,5,3,53,2,15,2,3,2,91151,4959.40625,0,0,3
1762844107.4790738,9500912255140419907,0,6,19,52,11,0,3,3,2,93277,4999.85693359375,0,0,4
1762844107.4790738,9500912255140419907,0,7,18,52,12,0,2,3,2,93054,4959.05908203125,0,0,3
1762844107.4790738,9500912255140419907,0,8,17,53,19,0,3,3,2,91622,5047.9638671875,0,0,4
1762844107.4790738,9500912255140419907,0,9,11,53,4,0,3,3,2,91281,5007.185546875,0,0,4
1762844107.4790738,9500912255140419907,0,10,4,53,7,12,2,3,2,90719,4966.5361328125,0,0,3
1762844107.4790738,9500912255140419907,0,11,5,53,1,10,2,3,2,91333,4969.7158203125,0,0,3
1762844107.4790738,9500912255140419907,0,12,12,53,17,0,2,3,2,91510,5019.326171875,0,0,3
1762844107.4790738,9500912255140419907,0,13,7,53,5,6,2,3,2,91317,4975.64599609375,0,0,3
1762844107.4790738,9500912255140419907,0,14,9,53,13,2,2,3,2,91781,5001.9296875,0,0,3
1762844107.4790738,9500912255140419907,0,15,14,53,18,0,2,3,2,91628,5026.0283203125,0,0,3
1762844107.4790738,9500912255140419907,0,16,13,53,14,0,2,3,2,92449,5025.66015625,0,0,3
1762844107.4790738,9500912255140419907,0,17,1,53,6,25,2,3,2,90593,4956.45703125,0,0,3
1762844107.4790738,9500912255140419907,0,18,15,53,9,0,3,3,2,91175,5028.9296875,0,0,4
1762844107.4790738,9500912255140419907,0,19,20,0,20,0,0,4,1,0,5136.519262569025,0,0,1
1762844107.4790738,9500912255140419907,0,20,0,0,0,0,0,0,0,0,0.0,0,0,0
1762844107.4790738,9500912255140419907,0,21,0,0,0,0,0,0,0,0,0.0,0,0,0
1762844112.4957237,9500912255140419907,0,0,6,53,3,8,3,3,2,90011,4970.03515625,0,0,4
1762844112.4957237,9500912255140419907,0,1,8,53,15,4,2,3,2,90814,4997.806640625,0,0,3
1762844112.4957237,9500912255140419907,0,2,2,53,8,18,2,3,2,90669,4958.658203125,0,0,3
1762844112.4957237,9500912255140419907,0,3,10,53,10,1,2,3,2,91770,5003.53955078125,0,0,3
1762844112.4957237,9500912255140419907,0,4,16,53,16,0,3,3,2,91522,5031.4423828125,0,0,4
1762844112.4957237,9500912255140419907,0,5,3,53,2,15,2,3,2,91151,4959.40625,0,0,3
1762844112.4957237,9500912255140419907,0,6,19,52,11,0,3,3,2,93277,4999.85693359375,0,0,4
1762844112.4957237,9500912255140419907,0,7,18,52,12,0,2,3,2,93054,4959.05908203125,0,0,3
1762844112.4957237,9500912255140419907,0,8,17,53,19,0,3,3,2,91622,5047.9638671875,0,0,4
1762844112.4957237,9500912255140419907,0,9,11,53,4,0,3,3,2,91281,5007.185546875,0,0,4
1762844112.4957237,9500912255140419907,0,10,4,53,7,12,2,3,2,90719,4966.5361328125,0,0,3
1762844112.4957237,9500912255140419907,0,11,5,53,1,10,2,3,2,91333,4969.7158203125,0,0,3
1762844112.4957237,9500912255140419907,0,12,12,53,17,0,2,3,2,91510,5019.326171875,0,0,3
1762844112.4957237,9500912255140419907,0,13,7,53,5,6,2,3,2,91317,4975.64599609375,0,0,3
1762844112.4957237,9500912255140419907,0,14,9,53,13,2,2,3,2,91781,5001.9296875,0,0,3
1762844112.4957237,9500912255140419907,0,15,14,53,18,0,2,3,2,91628,5026.0283203125,0,0,3
1762844112.4957237,9500912255140419907,0,16,13,53,14,0,2,3,2,92449,5025.66015625,0,0,3
1762844112.4957237,9500912255140419907,0,17,1,53,6,25,2,3,2,90593,4956.45703125,0,0,3
1762844112.4957237,9500912255140419907,0,18,15,53,9,0,3,3,2,91175,5028.9296875,0,0,4
1762844112.4957237,9500912255140419907,0,19,20,0,20,0,0,4,1,0,5136.519262569025,0,0,1
1762844112.4957237,9500912255140419907,0,20,0,0,0,0,0,0,0,0,0.0,0,0,0
1762844112.4957237,9500912255140419907,0,21,0,0,0,0,0,0,0,0,0.0,0,0,0
1762844117.507938,9500912255140419907,0,0,6,53,3,8,3,3,2,90011,4970.03515625,0,0,4
1762844117.507938,9500912255140419907,0,1,8,53,15,4,2,3,2,90814,4997.806640625,0,0,3
1762844117.507938,9500912255140419907,0,2,2,53,8,18,2,3,2,90669,4958.658203125,0,0,3
1762844117.507938,9500912255140419907,0,3,10,53,10,1,2,3,2,91770,5003.53955078125,0,0,3
1762844117.507938,9500912255140419907,0,4,16,53,16,0,3,3,2,91522,5031.4423828125,0,0,4
1762844117.507938,9500912255140419907,0,5,3,53,2,15,2,3,2,91151,4959.40625,0,0,3
1762844117.507938,9500912255140419907,0,6,19,52,11,0,3,3,2,93277,4999.85693359375,0,0,4
1762844117.507938,9500912255140419907,0,7,18,52,12,0,2,3,2,93054,4959.05908203125,0,0,3
1762844117.507938,9500912255140419907,0,8,17,53,19,0,3,3,2,91622,5047.9638671875,0,0,4
1762844117.507938,9500912255140419907,0,9,11,53,4,0,3,3,2,91281,5007.185546875,0,0,4
1762844117.507938,9500912255140419907,0,10,4,53,7,12,2,3,2,90719,4966.5361328125,0,0,3
1762844117.507938,9500912255140419907,0,11,5,53,1,10,2,3,2,91333,4969.7158203125,0,0,3
1762844117.507938,9500912255140419907,0,12,12,53,17,0,2,3,2,91510,5019.326171875,0,0,3
1762844117.507938,9500912255140419907,0,13,7,53,5,6,2,3,2,91317,4975.64599609375,0,0,3
1762844117.507938,9500912255140419907,0,14,9,53,13,2,2,3,2,91781,5001.9296875,0,0,3
1762844117.507938,9500912255140419907,0,15,14,53,18,0,2,3,2,91628,5026.0283203125,0,0,3
1762844117.507938,9500912255140419907,0,16,13,53,14,0,2,3,2,92449,5025.66015625,0,0,3
1762844117.507938,9500912255140419907,0,17,1,53,6,25,2,3,2,90593,4956.45703125,0,0,3
1762844117.507938,9500912255140419907,0,18,15,53,9,0,3,3,2,91175,5028.9296875,0,0,4
1762844117.507938,9500912255140419907,0,19,20,0,20,0,0,4,1,0,5136.519262569025,0,0,1
1762844117.507938,9500912255140419907,0,20,0,0,0,0,0,0,0,0,0.0,0,0,0
1762844117.507938,9500912255140419907,0,21,0,0,0,0,0,0,0,0,0.0,0,0,0
1762844122.525853,9500912255140419907,0,0,6,53,3,8,3,3,2,90011,4970.03515625,0,0,4
1762844122.525853,9500912255140419907,0,1,8,53,15,4,2,3,2,90814,4997.806640625,0,0,3
1762844122.525853,9500912255140419907,0,2,2,53,8,18,2,3,2,90669,4958.658203125,0,0,3
1762844122.525853,9500912255140419907,0,3,10,53,10,1,2,3,2,91770,5003.53955078125,0,0,3
1762844122.525853,9500912255140419907,0,4,16,53,16,0,3,3,2,91522,5031.4423828125,0,0,4
1762844122.525853,9500912255140419907,0,5,3,53,2,15,2,3,2,91151,4959.40625,0,0,3
1762844122.525853,9500912255140419907,0,6,19,52,11,0,3,3,2,93277,4999.85693359375,0,0,4
1762844122.525853,9500912255140419907,0,7,18,52,12,0,2,3,2,93054,4959.05908203125,0,0,3
1762844122.525853,9500912255140419907,0,8,17,53,19,0,3,3,2,91622,5047.9638671875,0,0,4
1762844122.525853,9500912255140419907,0,9,11,53,4,0,3,3,2,91281,5007.185546875,0,0,4
1762844122.525853,9500912255140419907,0,10,4,53,7,12,2,3,2,90719,4966.5361328125,0,0,3
1762844122.525853,9500912255140419907,0,11,5,53,1,10,2,3,2,91333,4969.7158203125,0,0,3
1762844122.525853,9500912255140419907,0,12,12,53,17,0,2,3,2,91510,5019.326171875,0,0,3
1762844122.525853,9500912255140419907,0,13,7,53,5,6,2,3,2,91317,4975.64599609375,0,0,3
1762844122.525853,9500912255140419907,0,14,9,53,13,2,2,3,2,91781,5001.9296875,0,0,3
1762844122.525853,9500912255140419907,0,15,14,53,18,0,2,3,2,91628,5026.0283203125,0,0,3
1762844122.525853,9500912255140419907,0,16,13,53,14,0,2,3,2,92449,5025.66015625,0,0,3
1762844122.525853,9500912255140419907,0,17,1,53,6,25,2,3,2,90593,4956.45703125,0,0,3
1762844122.525853,9500912255140419907,0,18,15,53,9,0,3,3,2,91175,5028.9296875,0,0,4
1762844122.525853,9500912255140419907,0,19,20,0,20,0,0,4,1,0,5136.519262569025,0,0,1
1762844122.525853,9500912255140419907,0,20,0,0,0,0,0,0,0,0,0.0,0,0,0
1762844122.525853,9500912255140419907,0,21,0,0,0,0,0,0,0,0,0.0,0,0,0
1762844127.5406775,9500912255140419907,0,0,6,53,3,8,3,3,2,90011,4970.03515625,0,0,4
1762844127.5406775,9500912255140419907,0,1,8,53,15,4,2,3,2,90814,4997.806640625,0,0,3
1762844127.5406775,9500912255140419907,0,2,2,53,8,18,2,3,2,90669,4958.658203125,0,0,3
1762844127.5406775,9500912255140419907,0,3,10,53,10,1,2,3,2,91770,5003.53955078125,0,0,3
1762844127.5406775,9500912255140419907,0,4,16,53,16,0,3,3,2,91522,5031.4423828125,0,0,4
1762844127.5406775,9500912255140419907,0,5,3,53,2,15,2,3,2,91151,4959.40625,0,0,3
1762844127.5406775,9500912255140419907,0,6,19,52,11,0,3,3,2,93277,4999.85693359375,0,0,4
1762844127.5406775,9500912255140419907,0,7,18,52,12,0,2,3,2,93054,4959.05908203125,0,0,3
1762844127.5406775,9500912255140419907,0,8,17,53,19,0,3,3,2,91622,5047.9638671875,0,0,4
1762844127.5406775,9500912255140419907,0,9,11,53,4,0,3,3,2,91281,5007.185546875,0,0,4
1762844127.5406775,9500912255140419907,0,10,4,53,7,12,2,3,2,90719,4966.5361328125,0,0,3
1762844127.5406775,9500912255140419907,0,11,5,53,1,10,2,3,2,91333,4969.7158203125,0,0,3
1762844127.5406775,9500912255140419907,0,12,12,53,17,0,2,3,2,91510,5019.326171875,0,0,3
1762844127.5406775,9500912255140419907,0,13,7,53,5,6,2,3,2,91317,4975.64599609375,0,0,3
1762844127.5406775,9500912255140419907,0,14,9,53,13,2,2,3,2,91781,5001.9296875,0,0,3
1762844127.5406775,9500912255140419907,0,15,14,53,18,0,2,3,2,91628,5026.0283203125,0,0,3
1762844127.5406775,9500912255140419907,0,16,13,53,14,0,2,3,2,92449,5025.66015625,0,0,3
1762844127.5406775,9500912255140419907,0,17,1,53,6,25,2,3,2,90593,4956.45703125,0,0,3
1762844127.5406775,9500912255140419907,0,18,15,53,9,0,3,3,2,91175,5028.9296875,0,0,4
1762844127.5406775,9500912255140419907,0,19,20,0,20,0,0,4,1,0,5136.519262569025,0,0,1
1762844127.5406775,9500912255140419907,0,20,0,0,0,0,0,0,0,0,0.0,0,0,0
1762844127.5406775,9500912255140419907,0,21,0,0,0,0,0,0,0,0,0.0,0,0,0
1762844132.5528436,9500912255140419907,0,0,6,53,3,8,3,3,2,90011,4970.03515625,0,0,4
1762844132.5528436,9500912255140419907,0,1,8,53,15,4,2,3,2,90814,4997.806640625,0,0,3
1762844132.5528436,9500912255140419907,0,2,2,53,8,18,2,3,2,90669,4958.658203125,0,0,3
1762844132.5528436,9500912255140419907,0,3,10,53,10,1,2,3,2,91770,5003.53955078125,0,0,3
1762844132.5528436,9500912255140419907,0,4,16,53,16,0,3,3,2,91522,5031.4423828125,0,0,4
1762844132.5528436,9500912255140419907,0,5,3,53,2,15,2,3,2,91151,4959.40625,0,0,3
1762844132.5528436,9500912255140419907,0,6,19,52,11,0,3,3,2,93277,4999.85693359375,0,0,4
1762844132.5528436,9500912255140419907,0,7,18,52,12,0,2,3,2,93054,4959.05908203125,0,0,3
1762844132.5528436,9500912255140419907,0,8,17,53,19,0,3,3,2,91622,5047.9638671875,0,0,4
1762844132.5528436,9500912255140419907,0,9,11,53,4,0,3,3,2,91281,5007.185546875,0,0,4
1762844132.5528436,9500912255140419907,0,10,4,53,7,12,2,3,2,90719,4966.5361328125,0,0,3
1762844132.5528436,9500912255140419907,0,11,5,53,1,10,2,3,2,91333,4969.7158203125,0,0,3
1762844132.5528436,9500912255140419907,0,12,12,53,17,0,2,3,2,91510,5019.326171875,0,0,3
1762844132.5528436,9500912255140419907,0,13,7,53,5,6,2,3,2,91317,4975.64599609375,0,0,3
1762844132.5528436,9500912255140419907,0,14,9,53,13,2,2,3,2,91781,5001.9296875,0,0,3
1762844132.5528436,9500912255140419907,0,15,14,53,18,0,2,3,2,91628,5026.0283203125,0,0,3
1762844132.5528436,9500912255140419907,0,16,13,53,14,0,2,3,2,92449,5025.66015625,0,0,3
1762844132.5528436,9500912255140419907,0,17,1,53,6,25,2,3,2,90593,4956.45703125,0,0,3
1762844132.5528436,9500912255140419907,0,18,15,53,9,0,3,3,2,91175,5028.9296875,0,0,4
1762844132.5528436,9500912255140419907,0,19,20,0,20,0,0,4,1,0,5136.519262569025,0,0,1
1762844132.5528436,9500912255140419907,0,20,0,0,0,0,0,0,0,0,0.0,0,0,0
1762844132.5528436,9500912255140419907,0,21,0,0,0,0,0,0,0,0,0.0,0,0,0
1762844137.5674345,9500912255140419907,0,0,6,53,3,8,3,3,2,90011,4970.03515625,0,0,4
1762844137.5674345,9500912255140419907,0,1,8,53,15,4,2,3,2,90814,4997.806640625,0,0,3
1762844137.5674345,9500912255140419907,0,2,2,53,8,18,2,3,2,90669,4958.658203125,0,0,3
1762844137.5674345,9500912255140419907,0,3,10,53,10,1,2,3,2,91770,5003.53955078125,0,0,3
1762844137.5674345,9500912255140419907,0,4,16,53,16,0,3,3,2,91522,5031.4423828125,0,0,4
1762844137.5674345,9500912255140419907,0,5,3,53,2,15,2,3,2,91151,4959.40625,0,0,3
1762844137.5674345,9500912255140419907,0,6,19,52,11,0,3,3,2,93277,4999.85693359375,0,0,4
1762844137.5674345,9500912255140419907,0,7,18,52,12,0,2,3,2,93054,4959.05908203125,0,0,3
1762844137.5674345,9500912255140419907,0,8,17,53,19,0,3,3,2,91622,5047.9638671875,0,0,4
1762844137.5674345,9500912255140419907,0,9,11,53,4,0,3,3,2,91281,5007.185546875,0,0,4
1762844137.5674345,9500912255140419907,0,10,4,53,7,12,2,3,2,90719,4966.5361328125,0,0,3
1762844137.5674345,9500912255140419907,0,11,5,53,1,10,2,3,2,91333,4969.7158203125,0,0,3
1762844137.5674345,9500912255140419907,0,12,12,53,17,0,2,3,2,91510,5019.326171875,0,0,3
1762844137.5674345,9500912255140419907,0,13,7,53,5,6,2,3,2,91317,4975.64599609375,0,0,3
1762844137.5674345,9500912255140419907,0,14,9,53,13,2,2,3,2,91781,5001.9296875,0,0,3
1762844137.5674345,9500912255140419907,0,15,14,53,18,0,2,3,2,91628,5026.0283203125,0,0,3
1762844137.5674345,9500912255140419907,0,16,13,53,14,0,2,3,2,92449,5025.66015625,0,0,3
1762844137.5674345,9500912255140419907,0,17,1,53,6,25,2,3,2,90593,4956.45703125,0,0,3
1762844137.5674345,9500912255140419907,0,18,15,53,9,0,3,3,2,91175,5028.9296875,0,0,4
1762844137.5674345,9500912255140419907,0,19,20,0,20,0,0,4,1,0,5136.519262569025,0,0,1
1762844137.5674345,9500912255140419907,0,20,0,0,0,0,0,0,0,0,0.0,0,0,0
1762844137.5674345,9500912255140419907,0,21,0,0,0,0,0,0,0,0,0.0,0,0,0
1762844142.5780213,9500912255140419907,0,0,6,53,3,8,3,3,2,90011,4970.03515625,0,0,4
1762844142.5780213,9500912255140419907,0,1,8,53,15,4,2,3,2,90814,4997.806640625,0,0,3
1762844142.5780213,9500912255140419907,0,2,2,53,8,18,2,3,2,90669,4958.658203125,0,0,3
1762844142.5780213,9500912255140419907,0,3,10,53,10,1,2,3,2,91770,5003.53955078125,0,0,3
1762844142.5780213,9500912255140419907,0,4,16,53,16,0,3,3,2,91522,5031.4423828125,0,0,4
1762844142.5780213,9500912255140419907,0,5,3,53,2,15,2,3,2,91151,4959.40625,0,0,3
1762844142.5780213,9500912255140419907,0,6,19,52,11,0,3,3,2,93277,4999.85693359375,0,0,4
1762844142.5780213,9500912255140419907,0,7,18,52,12,0,2,3,2,93054,4959.05908203125,0,0,3
1762844142.5780213,9500912255140419907,0,8,17,53,19,0,3,3,2,91622,5047.9638671875,0,0,4
1762844142.5780213,9500912255140419907,0,9,11,53,4,0,3,3,2,91281,5007.185546875,0,0,4
1762844142.5780213,9500912255140419907,0,10,4,53,7,12,2,3,2,90719,4966.5361328125,0,0,3
1762844142.5780213,9500912255140419907,0,11,5,53,1,10,2,3,2,91333,4969.7158203125,0,0,3
1762844142.5780213,9500912255140419907,0,12,12,53,17,0,2,3,2,91510,5019.326171875,0,0,3
1762844142.5780213,9500912255140419907,0,13,7,53,5,6,2,3,2,91317,4975.64599609375,0,0,3
1762844142.5780213,9500912255140419907,0,14,9,53,13,2,2,3,2,91781,5001.9296875,0,0,3
1762844142.5780213,9500912255140419907,0,15,14,53,18,0,2,3,2,91628,5026.0283203125,0,0,3
1762844142.5780213,9500912255140419907,0,16,13,53,14,0,2,3,2,92449,5025.66015625,0,0,3
1762844142.5780213,9500912255140419907,0,17,1,53,6,25,2,3,2,90593,4956.45703125,0,0,3
1762844142.5780213,9500912255140419907,0,18,15,53,9,0,3,3,2,91175,5028.9296875,0,0,4
1762844142.5780213,9500912255140419907,0,19,20,0,20,0,0,4,1,0,5136.519262569025,0,0,1
1762844142.5780213,9500912255140419907,0,20,0,0,0,0,0,0,0,0,0.0,0,0,0
1762844142.5780213,9500912255140419907,0,21,0,0,0,0,0,0,0,0,0.0,0,0,0
1762844147.5902297,9500912255140419907,0,0,6,53,3,8,3,3,2,90011,4970.03515625,0,0,4
1762844147.5902297,9500912255140419907,0,1,8,53,15,4,2,3,2,90814,4997.806640625,0,0,3
1762844147.5902297,9500912255140419907,0,2,2,53,8,18,2,3,2,90669,4958.658203125,0,0,3
1762844147.5902297,9500912255140419907,0,3,10,53,10,1,2,3,2,91770,5003.53955078125,0,0,3
1762844147.5902297,9500912255140419907,0,4,16,53,16,0,3,3,2,91522,5031.4423828125,0,0,4
1762844147.5902297,9500912255140419907,0,5,3,53,2,15,2,3,2,91151,4959.40625,0,0,3
1762844147.5902297,9500912255140419907,0,6,19,52,11,0,3,3,2,93277,4999.85693359375,0,0,4
1762844147.5902297,9500912255140419907,0,7,18,52,12,0,2,3,2,93054,4959.05908203125,0,0,3
1762844147.5902297,9500912255140419907,0,8,17,53,19,0,3,3,2,91622,5047.9638671875,0,0,4
1762844147.5902297,9500912255140419907,0,9,11,53,4,0,3,3,2,91281,5007.185546875,0,0,4
1762844147.5902297,9500912255140419907,0,10,4,53,7,12,2,3,2,90719,4966.5361328125,0,0,3
1762844147.5902297,9500912255140419907,0,11,5,53,1,10,2,3,2,91333,4969.7158203125,0,0,3
1762844147.5902297,9500912255140419907,0,12,12,53,17,0,2,3,2,91510,5019.326171875,0,0,3
1762844147.5902297,9500912255140419907,0,13,7,53,5,6,2,3,2,91317,4975.64599609375,0,0,3
1762844147.5902297,9500912255140419907,0,14,9,53,13,2,2,3,2,91781,5001.9296875,0,0,3
1762844147.5902297,9500912255140419907,0,15,14,53,18,0,2,3,2,91628,5026.0283203125,0,0,3
1762844147.5902297,9500912255140419907,0,16,13,53,14,0,2,3,2,92449,5025.66015625,0,0,3
1762844147.5902297,9500912255140419907,0,17,1,53,6,25,2,3,2,90593,4956.45703125,0,0,3
1762844147.5902297,9500912255140419907,0,18,15,53,9,0,3,3,2,91175,5028.9296875,0,0,4
1762844147.5902297,9500912255140419907,0,19,20,0,20,0,0,4,1,0,5136.519262569025,0,0,1
1762844147.5902297,9500912255140419907,0,20,0,0,0,0,0,0,0,0,0.0,0,0,0
1762844147.5902297,9500912255140419907,0,21,0,0,0,0,0,0,0,0,0.0,0,0,0
1762844152.6087534,9500912255140419907,0,0,6,53,3,8,3,3,2,90011,4970.03515625,0,0,4
1762844152.6087534,9500912255140419907,0,1,8,53,15,4,2,3,2,90814,4997.806640625,0,0,3
1762844152.6087534,9500912255140419907,0,2,2,53,8,18,2,3,2,90669,4958.658203125,0,0,3
1762844152.6087534,9500912255140419907,0,3,10,53,10,1,2,3,2,91770,5003.53955078125,0,0,3
1762844152.6087534,9500912255140419907,0,4,16,53,16,0,3,3,2,91522,5031.4423828125,0,0,4
1762844152.6087534,9500912255140419907,0,5,3,53,2,15,2,3,2,91151,4959.40625,0,0,3
1762844152.6087534,9500912255140419907,0,6,19,52,11,0,3,3,2,93277,4999.85693359375,0,0,4
1762844152.6087534,9500912255140419907,0,7,18,52,12,0,2,3,2,93054,4959.05908203125,0,0,3
1762844152.6087534,9500912255140419907,0,8,17,53,19,0,3,3,2,91622,5047.9638671875,0,0,4
1762844152.6087534,9500912255140419907,0,9,11,53,4,0,3,3,2,91281,5007.185546875,0,0,4
1762844152.6087534,9500912255140419907,0,10,4,53,7,12,2,3,2,90719,4966.5361328125,0,0,3
1762844152.6087534,9500912255140419907,0,11,5,53,1,10,2,3,2,91333,4969.7158203125,0,0,3
1762844152.6087534,9500912255140419907,0,12,12,53,17,0,2,3,2,91510,5019.326171875,0,0,3
1762844152.6087534,9500912255140419907,0,13,7,53,5,6,2,3,2,91317,4975.64599609375,0,0,3
1762844152.6087534,9500912255140419907,0,14,9,53,13,2,2,3,2,91781,5001.9296875,0,0,3
1762844152.6087534,9500912255140419907,0,15,14,53,18,0,2,3,2,91628,5026.0283203125,0,0,3
1762844152.6087534,9500912255140419907,0,16,13,53,14,0,2,3,2,92449,5025.66015625,0,0,3
1762844152.6087534,9500912255140419907,0,17,1,53,6,25,2,3,2,90593,4956.45703125,0,0,3
1762844152.6087534,9500912255140419907,0,18,15,53,9,0,3,3,2,91175,5028.9296875,0,0,4
1762844152.6087534,9500912255140419907,0,19,20,0,20,0,0,4,1,0,5136.519262569025,0,0,1
1762844152.6087534,9500912255140419907,0,20,0,0,0,0,0,0,0,0,0.0,0,0,0
1762844152.6087534,9500912255140419907,0,21,0,0,0,0,0,0,0,0,0.0,0,0,0
1762844157.6262608,9500912255140419907,0,0,6,53,3,8,3,3,2,90011,4970.03515625,0,0,4
1762844157.6262608,9500912255140419907,0,1,8,53,15,4,2,3,2,90814,4997.806640625,0,0,3
1762844157.6262608,9500912255140419907,0,2,2,53,8,18,2,3,2,90669,4958.658203125,0,0,3
1762844157.6262608,9500912255140419907,0,3,10,53,10,1,2,3,2,91770,5003.53955078125,0,0,3
1762844157.6262608,9500912255140419907,0,4,16,53,16,0,3,3,2,91522,5031.4423828125,0,0,4
1762844157.6262608,9500912255140419907,0,5,3,53,2,15,2,3,2,91151,4959.40625,0,0,3
1762844157.6262608,9500912255140419907,0,6,19,52,11,0,3,3,2,93277,4999.85693359375,0,0,4
1762844157.6262608,9500912255140419907,0,7,18,52,12,0,2,3,2,93054,4959.05908203125,0,0,3
1762844157.6262608,9500912255140419907,0,8,17,53,19,0,3,3,2,91622,5047.9638671875,0,0,4
1762844157.6262608,9500912255140419907,0,9,11,53,4,0,3,3,2,91281,5007.185546875,0,0,4
1762844157.6262608,9500912255140419907,0,10,4,53,7,12,2,3,2,90719,4966.5361328125,0,0,3
1762844157.6262608,9500912255140419907,0,11,5,53,1,10,2,3,2,91333,4969.7158203125,0,0,3
1762844157.6262608,9500912255140419907,0,12,12,53,17,0,2,3,2,91510,5019.326171875,0,0,3
1762844157.6262608,9500912255140419907,0,13,7,53,5,6,2,3,2,91317,4975.64599609375,0,0,3
1762844157.6262608,9500912255140419907,0,14,9,53,13,2,2,3,2,91781,5001.9296875,0,0,3
1762844157.6262608,9500912255140419907,0,15,14,53,18,0,2,3,2,91628,5026.0283203125,0,0,3
1762844157.6262608,9500912255140419907,0,16,13,53,14,0,2,3,2,92449,5025.66015625,0,0,3
1762844157.6262608,9500912255140419907,0,17,1,53,6,25,2,3,2,90593,4956.45703125,0,0,3
1762844157.6262608,9500912255140419907,0,18,15,53,9,0,3,3,2,91175,5028.9296875,0,0,4
1762844157.6262608,9500912255140419907,0,19,20,0,20,0,0,4,1,0,5136.519262569025,0,0,1
1762844157.6262608,9500912255140419907,0,20,0,0,0,0,0,0,0,0,0.0,0,0,0
1762844157.6262608,9500912255140419907,0,21,0,0,0,0,0,0,0,0,0.0,0,0,0
1762844162.6436386,9500912255140419907,0,0,6,53,3,8,3,3,2,90011,4970.03515625,0,0,4
1762844162.6436386,9500912255140419907,0,1,8,53,15,4,2,3,2,90814,4997.806640625,0,0,3
1762844162.6436386,9500912255140419907,0,2,2,53,8,18,2,3,2,90669,4958.658203125,0,0,3
1762844162.6436386,9500912255140419907,0,3,10,53,10,1,2,3,2,91770,5003.53955078125,0,0,3
1762844162.6436386,9500912255140419907,0,4,16,53,16,0,3,3,2,91522,5031.4423828125,0,0,4
1762844162.6436386,9500912255140419907,0,5,3,53,2,15,2,3,2,91151,4959.40625,0,0,3
1762844162.6436386,9500912255140419907,0,6,19,52,11,0,3,3,2,93277,4999.85693359375,0,0,4
1762844162.6436386,9500912255140419907,0,7,18,52,12,0,2,3,2,93054,4959.05908203125,0,0,3
1762844162.6436386,9500912255140419907,0,8,17,53,19,0,3,3,2,91622,5047.9638671875,0,0,4
1762844162.6436386,9500912255140419907,0,9,11,53,4,0,3,3,2,91281,5007.185546875,0,0,4
1762844162.6436386,9500912255140419907,0,10,4,53,7,12,2,3,2,90719,4966.5361328125,0,0,3
1762844162.6436386,9500912255140419907,0,11,5,53,1,10,2,3,2,91333,4969.7158203125,0,0,3
1762844162.6436386,9500912255140419907,0,12,12,53,17,0,2,3,2,91510,5019.326171875,0,0,3
1762844162.6436386,9500912255140419907,0,13,7,53,5,6,2,3,2,91317,4975.64599609375,0,0,3
1762844162.6436386,9500912255140419907,0,14,9,53,13,2,2,3,2,91781,5001.9296875,0,0,3
1762844162.6436386,9500912255140419907,0,15,14,53,18,0,2,3,2,91628,5026.0283203125,0,0,3
1762844162.6436386,9500912255140419907,0,16,13,53,14,0,2,3,2,92449,5025.66015625,0,0,3
1762844162.6436386,9500912255140419907,0,17,1,53,6,25,2,3,2,90593,4956.45703125,0,0,3
1762844162.6436386,9500912255140419907,0,18,15,53,9,0,3,3,2,91175,5028.9296875,0,0,4
1762844162.6436386,9500912255140419907,0,19,20,0,20,0,0,4,1,0,5136.519262569025,0,0,1
1762844162.6436386,9500912255140419907,0,20,0,0,0,0,0,0,0,0,0.0,0,0,0
1762844162.6436386,9500912255140419907,0,21,0,0,0,0,0,0,0,0,0.0,0,0,0
1762844167.6460755,9500912255140419907,0,0,6,53,3,8,3,3,2,90011,4970.03515625,0,0,4
1762844167.6460755,9500912255140419907,0,1,8,53,15,4,2,3,2,90814,4997.806640625,0,0,3
1762844167.6460755,9500912255140419907,0,2,2,53,8,18,2,3,2,90669,4958.658203125,0,0,3
1762844167.6460755,9500912255140419907,0,3,10,53,10,1,2,3,2,91770,5003.53955078125,0,0,3
1762844167.6460755,9500912255140419907,0,4,16,53,16,0,3,3,2,91522,5031.4423828125,0,0,4
1762844167.6460755,9500912255140419907,0,5,3,53,2,15,2,3,2,91151,4959.40625,0,0,3
1762844167.6460755,9500912255140419907,0,6,19,52,11,0,3,3,2,93277,4999.85693359375,0,0,4
1762844167.6460755,9500912255140419907,0,7,18,52,12,0,2,3,2,93054,4959.05908203125,0,0,3
1762844167.6460755,9500912255140419907,0,8,17,53,19,0,3,3,2,91622,5047.9638671875,0,0,4
1762844167.6460755,9500912255140419907,0,9,11,53,4,0,3,3,2,91281,5007.185546875,0,0,4
1762844167.6460755,9500912255140419907,0,10,4,53,7,12,2,3,2,90719,4966.5361328125,0,0,3
1762844167.6460755,9500912255140419907,0,11,5,53,1,10,2,3,2,91333,4969.7158203125,0,0,3
1762844167.6460755,9500912255140419907,0,12,12,53,17,0,2,3,2,91510,5019.326171875,0,0,3
1762844167.6460755,9500912255140419907,0,13,7,53,5,6,2,3,2,91317,4975.64599609375,0,0,3
1762844167.6460755,9500912255140419907,0,14,9,53,13,2,2,3,2,91781,5001.9296875,0,0,3
1762844167.6460755,9500912255140419907,0,15,14,53,18,0,2,3,2,91628,5026.0283203125,0,0,3
1762844167.6460755,9500912255140419907,0,16,13,53,14,0,2,3,2,92449,5025.66015625,0,0,3
1762844167.6460755,9500912255140419907,0,17,1,53,6,25,2,3,2,90593,4956.45703125,0,0,3
1762844167.6460755,9500912255140419907,0,18,15,53,9,0,3,3,2,91175,5028.9296875,0,0,4
1762844167.6460755,9500912255140419907,0,19,20,0,20,0,0,4,1,0,5136.519262569025,0,0,1
1762844167.6460755,9500912255140419907,0,20,0,0,0,0,0,0,0,0,0.0,0,0,0
1762844167.6460755,9500912255140419907,0,21,0,0,0,0,0,0,0,0,0.0,0,0,0
1762844172.6550732,9500912255140419907,0,0,6,53,3,8,3,3,2,90011,4970.03515625,0,0,4
1762844172.6550732,9500912255140419907,0,1,8,53,15,4,2,3,2,90814,4997.806640625,0,0,3
1762844172.6550732,9500912255140419907,0,2,2,53,8,18,2,3,2,90669,4958.658203125,0,0,3
1762844172.6550732,9500912255140419907,0,3,10,53,10,1,2,3,2,91770,5003.53955078125,0,0,3
1762844172.6550732,9500912255140419907,0,4,16,53,16,0,3,3,2,91522,5031.4423828125,0,0,4
1762844172.6550732,9500912255140419907,0,5,3,53,2,15,2,3,2,91151,4959.40625,0,0,3
1762844172.6550732,9500912255140419907,0,6,19,52,11,0,3,3,2,93277,4999.85693359375,0,0,4
1762844172.6550732,9500912255140419907,0,7,18,52,12,0,2,3,2,93054,4959.05908203125,0,0,3
1762844172.6550732,9500912255140419907,0,8,17,53,19,0,3,3,2,91622,5047.9638671875,0,0,4
1762844172.6550732,9500912255140419907,0,9,11,53,4,0,3,3,2,91281,5007.185546875,0,0,4
1762844172.6550732,9500912255140419907,0,10,4,53,7,12,2,3,2,90719,4966.5361328125,0,0,3
1762844172.6550732,9500912255140419907,0,11,5,53,1,10,2,3,2,91333,4969.7158203125,0,0,3
1762844172.6550732,9500912255140419907,0,12,12,53,17,0,2,3,2,91510,5019.326171875,0,0,3
1762844172.6550732,9500912255140419907,0,13,7,53,5,6,2,3,2,91317,4975.64599609375,0,0,3
1762844172.6550732,9500912255140419907,0,14,9,53,13,2,2,3,2,91781,5001.9296875,0,0,3
1762844172.6550732,9500912255140419907,0,15,14,53,18,0,2,3,2,91628,5026.0283203125,0,0,3
1762844172.6550732,9500912255140419907,0,16,13,53,14,0,2,3,2,92449,5025.66015625,0,0,3
1762844172.6550732,9500912255140419907,0,17,1,53,6,25,2,3,2,90593,4956.45703125,0,0,3
1762844172.6550732,9500912255140419907,0,18,15,53,9,0,3,3,2,91175,5028.9296875,0,0,4
1762844172.6550732,9500912255140419907,0,19,20,0,20,0,0,4,1,0,5136.519262569025,0,0,1
1762844172.6550732,9500912255140419907,0,20,0,0,0,0,0,0,0,0,0.0,0,0,0
1762844172.6550732,9500912255140419907,0,21,0,0,0,0,0,0,0,0,0.0,0,0,0
1762844177.6679115,9500912255140419907,0,0,6,53,3,8,3,3,2,90011,4970.03515625,0,0,4
1762844177.6679115,9500912255140419907,0,1,8,53,15,4,2,3,2,90814,4997.806640625,0,0,3
1762844177.6679115,9500912255140419907,0,2,2,53,8,18,2,3,2,90669,4958.658203125,0,0,3
1762844177.6679115,9500912255140419907,0,3,10,53,10,1,2,3,2,91770,5003.53955078125,0,0,3
1762844177.6679115,9500912255140419907,0,4,16,53,16,0,3,3,2,91522,5031.4423828125,0,0,4
1762844177.6679115,9500912255140419907,0,5,3,53,2,15,2,3,2,91151,4959.40625,0,0,3
1762844177.6679115,9500912255140419907,0,6,19,52,11,0,3,3,2,93277,4999.85693359375,0,0,4
1762844177.6679115,9500912255140419907,0,7,18,52,12,0,2,3,2,93054,4959.05908203125,0,0,3
1762844177.6679115,9500912255140419907,0,8,17,53,19,0,3,3,2,91622,5047.9638671875,0,0,4
1762844177.6679115,9500912255140419907,0,9,11,53,4,0,3,3,2,91281,5007.185546875,0,0,4
1762844177.6679115,9500912255140419907,0,10,4,53,7,12,2,3,2,90719,4966.5361328125,0,0,3
1762844177.6679115,9500912255140419907,0,11,5,53,1,10,2,3,2,91333,4969.7158203125,0,0,3
1762844177.6679115,9500912255140419907,0,12,12,53,17,0,2,3,2,91510,5019.326171875,0,0,3
1762844177.6679115,9500912255140419907,0,13,7,53,5,6,2,3,2,91317,4975.64599609375,0,0,3
1762844177.6679115,9500912255140419907,0,14,9,53,13,2,2,3,2,91781,5001.9296875,0,0,3
1762844177.6679115,9500912255140419907,0,15,14,53,18,0,2,3,2,91628,5026.0283203125,0,0,3
1762844177.6679115,9500912255140419907,0,16,13,53,14,0,2,3,2,92449,5025.66015625,0,0,3
1762844177.6679115,9500912255140419907,0,17,1,53,6,25,2,3,2,90593,4956.45703125,0,0,3
1762844177.6679115,9500912255140419907,0,18,15,53,9,0,3,3,2,91175,5028.9296875,0,0,4
1762844177.6679115,9500912255140419907,0,19,20,0,20,0,0,4,1,0,5136.519262569025,0,0,1
1762844177.6679115,9500912255140419907,0,20,0,0,0,0,0,0,0,0,0.0,0,0,0
1762844177.6679115,9500912255140419907,0,21,0,0,0,0,0,0,0,0,0.0,0,0,0
1762844182.689036,9500912255140419907,0,0,6,53,3,8,3,3,2,90011,4970.03515625,0,0,4
1762844182.689036,9500912255140419907,0,1,8,53,15,4,2,3,2,90814,4997.806640625,0,0,3
1762844182.689036,9500912255140419907,0,2,2,53,8,18,2,3,2,90669,4958.658203125,0,0,3
1762844182.689036,9500912255140419907,0,3,10,53,10,1,2,3,2,91770,5003.53955078125,0,0,3
1762844182.689036,9500912255140419907,0,4,16,53,16,0,3,3,2,91522,5031.4423828125,0,0,4
1762844182.689036,9500912255140419907,0,5,3,53,2,15,2,3,2,91151,4959.40625,0,0,3
1762844182.689036,9500912255140419907,0,6,19,52,11,0,3,3,2,93277,4999.85693359375,0,0,4
1762844182.689036,9500912255140419907,0,7,18,52,12,0,2,3,2,93054,4959.05908203125,0,0,3
1762844182.689036,9500912255140419907,0,8,17,53,19,0,3,3,2,91622,5047.9638671875,0,0,4
1762844182.689036,9500912255140419907,0,9,11,53,4,0,3,3,2,91281,5007.185546875,0,0,4
1762844182.689036,9500912255140419907,0,10,4,53,7,12,2,3,2,90719,4966.5361328125,0,0,3
1762844182.689036,9500912255140419907,0,11,5,53,1,10,2,3,2,91333,4969.7158203125,0,0,3
1762844182.689036,9500912255140419907,0,12,12,53,17,0,2,3,2,91510,5019.326171875,0,0,3
1762844182.689036,9500912255140419907,0,13,7,53,5,6,2,3,2,91317,4975.64599609375,0,0,3
1762844182.689036,9500912255140419907,0,14,9,53,13,2,2,3,2,91781,5001.9296875,0,0,3
1762844182.689036,9500912255140419907,0,15,14,53,18,0,2,3,2,91628,5026.0283203125,0,0,3
1762844182.689036,9500912255140419907,0,16,13,53,14,0,2,3,2,92449,5025.66015625,0,0,3
1762844182.689036,9500912255140419907,0,17,1,53,6,25,2,3,2,90593,4956.45703125,0,0,3
1762844182.689036,9500912255140419907,0,18,15,53,9,0,3,3,2,91175,5028.9296875,0,0,4
1762844182.689036,9500912255140419907,0,19,20,0,20,0,0,4,1,0,5136.519262569025,0,0,1
1762844182.689036,9500912255140419907,0,20,0,0,0,0,0,0,0,0,0.0,0,0,0
1762844182.689036,9500912255140419907,0,21,0,0,0,0,0,0,0,0,0.0,0,0,0
1762844187.694224,9500912255140419907,0,0,6,53,3,8,3,3,2,90011,4970.03515625,0,0,4
1762844187.694224,9500912255140419907,0,1,8,53,15,4,2,3,2,90814,4997.806640625,0,0,3
1762844187.694224,9500912255140419907,0,2,2,53,8,18,2,3,2,90669,4958.658203125,0,0,3
1762844187.694224,9500912255140419907,0,3,10,53,10,1,2,3,2,91770,5003.53955078125,0,0,3
1762844187.694224,9500912255140419907,0,4,16,53,16,0,3,3,2,91522,5031.4423828125,0,0,4
1762844187.694224,9500912255140419907,0,5,3,53,2,15,2,3,2,91151,4959.40625,0,0,3
1762844187.694224,9500912255140419907,0,6,19,52,11,0,3,3,2,93277,4999.85693359375,0,0,4
1762844187.694224,9500912255140419907,0,7,18,52,12,0,2,3,2,93054,4959.05908203125,0,0,3
1762844187.694224,9500912255140419907,0,8,17,53,19,0,3,3,2,91622,5047.9638671875,0,0,4
1762844187.694224,9500912255140419907,0,9,11,53,4,0,3,3,2,91281,5007.185546875,0,0,4
1762844187.694224,9500912255140419907,0,10,4,53,7,12,2,3,2,90719,4966.5361328125,0,0,3
1762844187.694224,9500912255140419907,0,11,5,53,1,10,2,3,2,91333,4969.7158203125,0,0,3
1762844187.694224,9500912255140419907,0,12,12,53,17,0,2,3,2,91510,5019.326171875,0,0,3
1762844187.694224,9500912255140419907,0,13,7,53,5,6,2,3,2,91317,4975.64599609375,0,0,3
1762844187.694224,9500912255140419907,0,14,9,53,13,2,2,3,2,91781,5001.9296875,0,0,3
1762844187.694224,9500912255140419907,0,15,14,53,18,0,2,3,2,91628,5026.0283203125,0,0,3
1762844187.694224,9500912255140419907,0,16,13,53,14,0,2,3,2,92449,5025.66015625,0,0,3
1762844187.694224,9500912255140419907,0,17,1,53,6,25,2,3,2,90593,4956.45703125,0,0,3
1762844187.694224,9500912255140419907,0,18,15,53,9,0,3,3,2,91175,5028.9296875,0,0,4
1762844187.694224,9500912255140419907,0,19,20,0,20,0,0,4,1,0,5136.519262569025,0,0,1
1762844187.694224,9500912255140419907,0,20,0,0,0,0,0,0,0,0,0.0,0,0,0
1762844187.694224,9500912255140419907,0,21,0,0,0,0,0,0,0,0,0.0,0,0,0
1762844192.6979456,9500912255140419907,0,0,6,53,3,8,3,3,2,90011,4970.03515625,0,0,4
1762844192.6979456,9500912255140419907,0,1,8,53,15,4,2,3,2,90814,4997.806640625,0,0,3
1762844192.6979456,9500912255140419907,0,2,2,53,8,18,2,3,2,90669,4958.658203125,0,0,3
1762844192.6979456,9500912255140419907,0,3,10,53,10,1,2,3,2,91770,5003.53955078125,0,0,3
1762844192.6979456,9500912255140419907,0,4,16,53,16,0,3,3,2,91522,5031.4423828125,0,0,4
1762844192.6979456,9500912255140419907,0,5,3,53,2,15,2,3,2,91151,4959.40625,0,0,3
1762844192.6979456,9500912255140419907,0,6,19,52,11,0,3,3,2,93277,4999.85693359375,0,0,4
1762844192.6979456,9500912255140419907,0,7,18,52,12,0,2,3,2,93054,4959.05908203125,0,0,3
1762844192.6979456,9500912255140419907,0,8,17,53,19,0,3,3,2,91622,5047.9638671875,0,0,4
1762844192.6979456,9500912255140419907,0,9,11,53,4,0,3,3,2,91281,5007.185546875,0,0,4
1762844192.6979456,9500912255140419907,0,10,4,53,7,12,2,3,2,90719,4966.5361328125,0,0,3
1762844192.6979456,9500912255140419907,0,11,5,53,1,10,2,3,2,91333,4969.7158203125,0,0,3
1762844192.6979456,9500912255140419907,0,12,12,53,17,0,2,3,2,91510,5019.326171875,0,0,3
1762844192.6979456,9500912255140419907,0,13,7,53,5,6,2,3,2,91317,4975.64599609375,0,0,3
1762844192.6979456,9500912255140419907,0,14,9,53,13,2,2,3,2,91781,5001.9296875,0,0,3
1762844192.6979456,9500912255140419907,0,15,14,53,18,0,2,3,2,91628,5026.0283203125,0,0,3
1762844192.6979456,9500912255140419907,0,16,13,53,14,0,2,3,2,92449,5025.66015625,0,0,3
1762844192.6979456,9500912255140419907,0,17,1,53,6,25,2,3,2,90593,4956.45703125,0,0,3
1762844192.6979456,9500912255140419907,0,18,15,53,9,0,3,3,2,91175,5028.9296875,0,0,4
1762844192.6979456,9500912255140419907,0,19,20,0,20,0,0,4,1,0,5136.519262569025,0,0,1
1762844192.6979456,9500912255140419907,0,20,0,0,0,0,0,0,0,0,0.0,0,0,0
1762844192.6979456,9500912255140419907,0,21,0,0,0,0,0,0,0,0,0.0,0,0,0
1762844197.7073097,9500912255140419907,0,0,6,53,3,8,3,3,2,90011,4970.03515625,0,0,4
1762844197.7073097,9500912255140419907,0,1,8,53,15,4,2,3,2,90814,4997.806640625,0,0,3
1762844197.7073097,9500912255140419907,0,2,2,53,8,18,2,3,2,90669,4958.658203125,0,0,3
1762844197.7073097,9500912255140419907,0,3,10,53,10,1,2,3,2,91770,5003.53955078125,0,0,3
1762844197.7073097,9500912255140419907,0,4,16,53,16,0,3,3,2,91522,5031.4423828125,0,0,4
1762844197.7073097,9500912255140419907,0,5,3,53,2,15,2,3,2,91151,4959.40625,0,0,3
1762844197.7073097,9500912255140419907,0,6,19,52,11,0,3,3,2,93277,4999.85693359375,0,0,4
1762844197.7073097,9500912255140419907,0,7,18,52,12,0,2,3,2,93054,4959.05908203125,0,0,3
1762844197.7073097,9500912255140419907,0,8,17,53,19,0,3,3,2,91622,5047.9638671875,0,0,4
1762844197.7073097,9500912255140419907,0,9,11,53,4,0,3,3,2,91281,5007.185546875,0,0,4
1762844197.7073097,9500912255140419907,0,10,4,53,7,12,2,3,2,90719,4966.5361328125,0,0,3
1762844197.7073097,9500912255140419907,0,11,5,53,1,10,2,3,2,91333,4969.7158203125,0,0,3
1762844197.7073097,9500912255140419907,0,12,12,53,17,0,2,3,2,91510,5019.326171875,0,0,3
1762844197.7073097,9500912255140419907,0,13,7,53,5,6,2,3,2,91317,4975.64599609375,0,0,3
1762844197.7073097,9500912255140419907,0,14,9,53,13,2,2,3,2,91781,5001.9296875,0,0,3
1762844197.7073097,9500912255140419907,0,15,14,53,18,0,2,3,2,91628,5026.0283203125,0,0,3
1762844197.7073097,9500912255140419907,0,16,13,53,14,0,2,3,2,92449,5025.66015625,0,0,3
1762844197.7073097,9500912255140419907,0,17,1,53,6,25,2,3,2,90593,4956.45703125,0,0,3
1762844197.7073097,9500912255140419907,0,18,15,53,9,0,3,3,2,91175,5028.9296875,0,0,4
1762844197.7073097,9500912255140419907,0,19,20,0,20,0,0,4,1,0,5136.519262569025,0,0,1
1762844197.7073097,9500912255140419907,0,20,0,0,0,0,0,0,0,0,0.0,0,0,0
1762844197.7073097,9500912255140419907,0,21,0,0,0,0,0,0,0,0,0.0,0,0,0
1762844202.714475,9500912255140419907,0,0,6,53,3,8,3,3,2,90011,4970.03515625,0,0,4
1762844202.714475,9500912255140419907,0,1,8,53,15,4,2,3,2,90814,4997.806640625,0,0,3
1762844202.714475,9500912255140419907,0,2,2,53,8,18,2,3,2,90669,4958.658203125,0,0,3
1762844202.714475,9500912255140419907,0,3,10,53,10,1,2,3,2,91770,5003.53955078125,0,0,3
1762844202.714475,9500912255140419907,0,4,16,53,16,0,3,3,2,91522,5031.4423828125,0,0,4
1762844202.714475,9500912255140419907,0,5,3,53,2,15,2,3,2,91151,4959.40625,0,0,3
1762844202.714475,9500912255140419907,0,6,19,52,11,0,3,3,2,93277,4999.85693359375,0,0,4
1762844202.714475,9500912255140419907,0,7,18,52,12,0,2,3,2,93054,4959.05908203125,0,0,3
1762844202.714475,9500912255140419907,0,8,17,53,19,0,3,3,2,91622,5047.9638671875,0,0,4
1762844202.714475,9500912255140419907,0,9,11,53,4,0,3,3,2,91281,5007.185546875,0,0,4
1762844202.714475,9500912255140419907,0,10,4,53,7,12,2,3,2,90719,4966.5361328125,0,0,3
1762844202.714475,9500912255140419907,0,11,5,53,1,10,2,3,2,91333,4969.7158203125,0,0,3
1762844202.714475,9500912255140419907,0,12,12,53,17,0,2,3,2,91510,5019.326171875,0,0,3
1762844202.714475,9500912255140419907,0,13,7,53,5,6,2,3,2,91317,4975.64599609375,0,0,3
1762844202.714475,9500912255140419907,0,14,9,53,13,2,2,3,2,91781,5001.9296875,0,0,3
1762844202.714475,9500912255140419907,0,15,14,53,18,0,2,3,2,91628,5026.0283203125,0,0,3
1762844202.714475,9500912255140419907,0,16,13,53,14,0,2,3,2,92449,5025.66015625,0,0,3
1762844202.714475,9500912255140419907,0,17,1,53,6,25,2,3,2,90593,4956.45703125,0,0,3
1762844202.714475,9500912255140419907,0,18,15,53,9,0,3,3,2,91175,5028.9296875,0,0,4
1762844202.714475,9500912255140419907,0,19,20,0,20,0,0,4,1,0,5136.519262569025,0,0,1
1762844202.714475,9500912255140419907,0,20,0,0,0,0,0,0,0,0,0.0,0,0,0
1762844202.714475,9500912255140419907,0,21,0,0,0,0,0,0,0,0,0.0,0,0,0
1762844207.731873,9500912255140419907,0,0,6,53,3,8,3,3,2,90011,4970.03515625,0,0,4
1762844207.731873,9500912255140419907,0,1,8,53,15,4,2,3,2,90814,4997.806640625,0,0,3
1762844207.731873,9500912255140419907,0,2,2,53,8,18,2,3,2,90669,4958.658203125,0,0,3
1762844207.731873,9500912255140419907,0,3,10,53,10,1,2,3,2,91770,5003.53955078125,0,0,3
1762844207.731873,9500912255140419907,0,4,16,53,16,0,3,3,2,91522,5031.4423828125,0,0,4
1762844207.731873,9500912255140419907,0,5,3,53,2,15,2,3,2,91151,4959.40625,0,0,3
1762844207.731873,9500912255140419907,0,6,19,52,11,0,3,3,2,93277,4999.85693359375,0,0,4
1762844207.731873,9500912255140419907,0,7,18,52,12,0,2,3,2,93054,4959.05908203125,0,0,3
1762844207.731873,9500912255140419907,0,8,17,53,19,0,3,3,2,91622,5047.9638671875,0,0,4
1762844207.731873,9500912255140419907,0,9,11,53,4,0,3,3,2,91281,5007.185546875,0,0,4
1762844207.731873,9500912255140419907,0,10,4,53,7,12,2,3,2,90719,4966.5361328125,0,0,3
1762844207.731873,9500912255140419907,0,11,5,53,1,10,2,3,2,91333,4969.7158203125,0,0,3
1762844207.731873,9500912255140419907,0,12,12,53,17,0,2,3,2,91510,5019.326171875,0,0,3
1762844207.731873,9500912255140419907,0,13,7,53,5,6,2,3,2,91317,4975.64599609375,0,0,3
1762844207.731873,9500912255140419907,0,14,9,53,13,2,2,3,2,91781,5001.9296875,0,0,3
1762844207.731873,9500912255140419907,0,15,14,53,18,0,2,3,2,91628,5026.0283203125,0,0,3
1762844207.731873,9500912255140419907,0,16,13,53,14,0,2,3,2,92449,5025.66015625,0,0,3
1762844207.731873,9500912255140419907,0,17,1,53,6,25,2,3,2,90593,4956.45703125,0,0,3
1762844207.731873,9500912255140419907,0,18,15,53,9,0,3,3,2,91175,5028.9296875,0,0,4
1762844207.731873,9500912255140419907,0,19,20,0,20,0,0,4,1,0,5136.519262569025,0,0,1
1762844207.731873,9500912255140419907,0,20,0,0,0,0,0,0,0,0,0.0,0,0,0
1762844207.731873,9500912255140419907,0,21,0,0,0,0,0,0,0,0,0.0,0,0,0
1762844212.7344737,9500912255140419907,0,0,6,53,3,8,3,3,2,90011,4970.03515625,0,0,4
1762844212.7344737,9500912255140419907,0,1,8,53,15,4,2,3,2,90814,4997.806640625,0,0,3
1762844212.7344737,9500912255140419907,0,2,2,53,8,18,2,3,2,90669,4958.658203125,0,0,3
1762844212.7344737,9500912255140419907,0,3,10,53,10,1,2,3,2,91770,5003.53955078125,0,0,3
1762844212.7344737,9500912255140419907,0,4,16,53,16,0,3,3,2,91522,5031.4423828125,0,0,4
1762844212.7344737,9500912255140419907,0,5,3,53,2,15,2,3,2,91151,4959.40625,0,0,3
1762844212.7344737,9500912255140419907,0,6,19,52,11,0,3,3,2,93277,4999.85693359375,0,0,4
1762844212.7344737,9500912255140419907,0,7,18,52,12,0,2,3,2,93054,4959.05908203125,0,0,3
1762844212.7344737,9500912255140419907,0,8,17,53,19,0,3,3,2,91622,5047.9638671875,0,0,4
1762844212.7344737,9500912255140419907,0,9,11,53,4,0,3,3,2,91281,5007.185546875,0,0,4
1762844212.7344737,9500912255140419907,0,10,4,53,7,12,2,3,2,90719,4966.5361328125,0,0,3
1762844212.7344737,9500912255140419907,0,11,5,53,1,10,2,3,2,91333,4969.7158203125,0,0,3
1762844212.7344737,9500912255140419907,0,12,12,53,17,0,2,3,2,91510,5019.326171875,0,0,3
1762844212.7344737,9500912255140419907,0,13,7,53,5,6,2,3,2,91317,4975.64599609375,0,0,3
1762844212.7344737,9500912255140419907,0,14,9,53,13,2,2,3,2,91781,5001.9296875,0,0,3
1762844212.7344737,9500912255140419907,0,15,14,53,18,0,2,3,2,91628,5026.0283203125,0,0,3
1762844212.7344737,9500912255140419907,0,16,13,53,14,0,2,3,2,92449,5025.66015625,0,0,3
1762844212.7344737,9500912255140419907,0,17,1,53,6,25,2,3,2,90593,4956.45703125,0,0,3
1762844212.7344737,9500912255140419907,0,18,15,53,9,0,3,3,2,91175,5028.9296875,0,0,4
1762844212.7344737,9500912255140419907,0,19,20,0,20,0,0,4,1,0,5136.519262569025,0,0,1
1762844212.7344737,9500912255140419907,0,20,0,0,0,0,0,0,0,0,0.0,0,0,0
1762844212.7344737,9500912255140419907,0,21,0,0,0,0,0,0,0,0,0.0,0,0,0
1762844217.7403622,9500912255140419907,0,0,6,53,3,8,3,3,2,90011,4970.03515625,0,0,4
1762844217.7403622,9500912255140419907,0,1,8,53,15,4,2,3,2,90814,4997.806640625,0,0,3
1762844217.7403622,9500912255140419907,0,2,2,53,8,18,2,3,2,90669,4958.658203125,0,0,3
1762844217.7403622,9500912255140419907,0,3,10,53,10,1,2,3,2,91770,5003.53955078125,0,0,3
1762844217.7403622,9500912255140419907,0,4,16,53,16,0,3,3,2,91522,5031.4423828125,0,0,4
1762844217.7403622,9500912255140419907,0,5,3,53,2,15,2,3,2,91151,4959.40625,0,0,3
1762844217.7403622,9500912255140419907,0,6,19,52,11,0,3,3,2,93277,4999.85693359375,0,0,4
1762844217.7403622,9500912255140419907,0,7,18,52,12,0,2,3,2,93054,4959.05908203125,0,0,3
1762844217.7403622,9500912255140419907,0,8,17,53,19,0,3,3,2,91622,5047.9638671875,0,0,4
1762844217.7403622,9500912255140419907,0,9,11,53,4,0,3,3,2,91281,5007.185546875,0,0,4
1762844217.7403622,9500912255140419907,0,10,4,53,7,12,2,3,2,90719,4966.5361328125,0,0,3
1762844217.7403622,9500912255140419907,0,11,5,53,1,10,2,3,2,91333,4969.7158203125,0,0,3
1762844217.7403622,9500912255140419907,0,12,12,53,17,0,2,3,2,91510,5019.326171875,0,0,3
1762844217.7403622,9500912255140419907,0,13,7,53,5,6,2,3,2,91317,4975.64599609375,0,0,3
1762844217.7403622,9500912255140419907,0,14,9,53,13,2,2,3,2,91781,5001.9296875,0,0,3
1762844217.7403622,9500912255140419907,0,15,14,53,18,0,2,3,2,91628,5026.0283203125,0,0,3
1762844217.7403622,9500912255140419907,0,16,13,53,14,0,2,3,2,92449,5025.66015625,0,0,3
1762844217.7403622,9500912255140419907,0,17,1,53,6,25,2,3,2,90593,4956.45703125,0,0,3
1762844217.7403622,9500912255140419907,0,18,15,53,9,0,3,3,2,91175,5028.9296875,0,0,4
1762844217.7403622,9500912255140419907,0,19,20,0,20,0,0,4,1,0,5136.519262569025,0,0,1
1762844217.7403622,9500912255140419907,0,20,0,0,0,0,0,0,0,0,0.0,0,0,0
1762844217.7403622,9500912255140419907,0,21,0,0,0,0,0,0,0,0,0.0,0,0,0
1762844222.7592082,9500912255140419907,0,0,6,53,3,8,3,3,2,90011,4970.03515625,0,0,4
1762844222.7592082,9500912255140419907,0,1,8,53,15,4,2,3,2,90814,4997.806640625,0,0,3
1762844222.7592082,9500912255140419907,0,2,2,53,8,18,2,3,2,90669,4958.658203125,0,0,3
1762844222.7592082,9500912255140419907,0,3,10,53,10,1,2,3,2,91770,5003.53955078125,0,0,3
1762844222.7592082,9500912255140419907,0,4,16,53,16,0,3,3,2,91522,5031.4423828125,0,0,4
1762844222.7592082,9500912255140419907,0,5,3,53,2,15,2,3,2,91151,4959.40625,0,0,3
1762844222.7592082,9500912255140419907,0,6,19,52,11,0,3,3,2,93277,4999.85693359375,0,0,4
1762844222.7592082,9500912255140419907,0,7,18,52,12,0,2,3,2,93054,4959.05908203125,0,0,3
1762844222.7592082,9500912255140419907,0,8,17,53,19,0,3,3,2,91622,5047.9638671875,0,0,4
1762844222.7592082,9500912255140419907,0,9,11,53,4,0,3,3,2,91281,5007.185546875,0,0,4
1762844222.7592082,9500912255140419907,0,10,4,53,7,12,2,3,2,90719,4966.5361328125,0,0,3
1762844222.7592082,9500912255140419907,0,11,5,53,1,10,2,3,2,91333,4969.7158203125,0,0,3
1762844222.7592082,9500912255140419907,0,12,12,53,17,0,2,3,2,91510,5019.326171875,0,0,3
1762844222.7592082,9500912255140419907,0,13,7,53,5,6,2,3,2,91317,4975.64599609375,0,0,3
1762844222.7592082,9500912255140419907,0,14,9,53,13,2,2,3,2,91781,5001.9296875,0,0,3
1762844222.7592082,9500912255140419907,0,15,14,53,18,0,2,3,2,91628,5026.0283203125,0,0,3
1762844222.7592082,9500912255140419907,0,16,13,53,14,0,2,3,2,92449,5025.66015625,0,0,3
1762844222.7592082,9500912255140419907,0,17,1,53,6,25,2,3,2,90593,4956.45703125,0,0,3
1762844222.7592082,9500912255140419907,0,18,15,53,9,0,3,3,2,91175,5028.9296875,0,0,4
1762844222.7592082,9500912255140419907,0,19,20,0,20,0,0,4,1,0,5136.519262569025,0,0,1
1762844222.7592082,9500912255140419907,0,20,0,0,0,0,0,0,0,0,0.0,0,0,0
1762844222.7592082,9500912255140419907,0,21,0,0,0,0,0,0,0,0,0.0,0,0,0
1762844227.7628639,9500912255140419907,0,0,6,53,3,8,3,3,2,90011,4970.03515625,0,0,4
1762844227.7628639,9500912255140419907,0,1,8,53,15,4,2,3,2,90814,4997.806640625,0,0,3
1762844227.7628639,9500912255140419907,0,2,2,53,8,18,2,3,2,90669,4958.658203125,0,0,3
1762844227.7628639,9500912255140419907,0,3,10,53,10,1,2,3,2,91770,5003.53955078125,0,0,3
1762844227.7628639,9500912255140419907,0,4,16,53,16,0,3,3,2,91522,5031.4423828125,0,0,4
1762844227.7628639,9500912255140419907,0,5,3,53,2,15,2,3,2,91151,4959.40625,0,0,3
1762844227.7628639,9500912255140419907,0,6,19,52,11,0,3,3,2,93277,4999.85693359375,0,0,4
1762844227.7628639,9500912255140419907,0,7,18,52,12,0,2,3,2,93054,4959.05908203125,0,0,3
1762844227.7628639,9500912255140419907,0,8,17,53,19,0,3,3,2,91622,5047.9638671875,0,0,4
1762844227.7628639,9500912255140419907,0,9,11,53,4,0,3,3,2,91281,5007.185546875,0,0,4
1762844227.7628639,9500912255140419907,0,10,4,53,7,12,2,3,2,90719,4966.5361328125,0,0,3
1762844227.7628639,9500912255140419907,0,11,5,53,1,10,2,3,2,91333,4969.7158203125,0,0,3
1762844227.7628639,9500912255140419907,0,12,12,53,17,0,2,3,2,91510,5019.326171875,0,0,3
1762844227.7628639,9500912255140419907,0,13,7,53,5,6,2,3,2,91317,4975.64599609375,0,0,3
1762844227.7628639,9500912255140419907,0,14,9,53,13,2,2,3,2,91781,5001.9296875,0,0,3
1762844227.7628639,9500912255140419907,0,15,14,53,18,0,2,3,2,91628,5026.0283203125,0,0,3
1762844227.7628639,9500912255140419907,0,16,13,53,14,0,2,3,2,92449,5025.66015625,0,0,3
1762844227.7628639,9500912255140419907,0,17,1,53,6,25,2,3,2,90593,4956.45703125,0,0,3
1762844227.7628639,9500912255140419907,0,18,15,53,9,0,3,3,2,91175,5028.9296875,0,0,4
1762844227.7628639,9500912255140419907,0,19,20,0,20,0,0,4,1,0,5136.519262569025,0,0,1
1762844227.7628639,9500912255140419907,0,20,0,0,0,0,0,0,0,0,0.0,0,0,0
1762844227.7628639,9500912255140419907,0,21,0,0,0,0,0,0,0,0,0.0,0,0,0
1762844232.7789125,9500912255140419907,0,0,6,53,3,8,3,3,2,90011,4970.03515625,0,0,4
1762844232.7789125,9500912255140419907,0,1,8,53,15,4,2,3,2,90814,4997.806640625,0,0,3
1762844232.7789125,9500912255140419907,0,2,2,53,8,18,2,3,2,90669,4958.658203125,0,0,3
1762844232.7789125,9500912255140419907,0,3,10,53,10,1,2,3,2,91770,5003.53955078125,0,0,3
1762844232.7789125,9500912255140419907,0,4,16,53,16,0,3,3,2,91522,5031.4423828125,0,0,4
1762844232.7789125,9500912255140419907,0,5,3,53,2,15,2,3,2,91151,4959.40625,0,0,3
1762844232.7789125,9500912255140419907,0,6,19,52,11,0,3,3,2,93277,4999.85693359375,0,0,4
1762844232.7789125,9500912255140419907,0,7,18,52,12,0,2,3,2,93054,4959.05908203125,0,0,3
1762844232.7789125,9500912255140419907,0,8,17,53,19,0,3,3,2,91622,5047.9638671875,0,0,4
1762844232.7789125,9500912255140419907,0,9,11,53,4,0,3,3,2,91281,5007.185546875,0,0,4
1762844232.7789125,9500912255140419907,0,10,4,53,7,12,2,3,2,90719,4966.5361328125,0,0,3
1762844232.7789125,9500912255140419907,0,11,5,53,1,10,2,3,2,91333,4969.7158203125,0,0,3
1762844232.7789125,9500912255140419907,0,12,12,53,17,0,2,3,2,91510,5019.326171875,0,0,3
1762844232.7789125,9500912255140419907,0,13,7,53,5,6,2,3,2,91317,4975.64599609375,0,0,3
1762844232.7789125,9500912255140419907,0,14,9,53,13,2,2,3,2,91781,5001.9296875,0,0,3
1762844232.7789125,9500912255140419907,0,15,14,53,18,0,2,3,2,91628,5026.0283203125,0,0,3
1762844232.7789125,9500912255140419907,0,16,13,53,14,0,2,3,2,92449,5025.66015625,0,0,3
1762844232.7789125,9500912255140419907,0,17,1,53,6,25,2,3,2,90593,4956.45703125,0,0,3
1762844232.7789125,9500912255140419907,0,18,15,53,9,0,3,3,2,91175,5028.9296875,0,0,4
1762844232.7789125,9500912255140419907,0,19,20,0,20,0,0,4,1,0,5136.519262569025,0,0,1
1762844232.7789125,9500912255140419907,0,20,0,0,0,0,0,0,0,0,0.0,0,0,0
1762844232.7789125,9500912255140419907,0,21,0,0,0,0,0,0,0,0,0.0,0,0,0
1762844237.791068,9500912255140419907,0,0,6,53,3,8,3,3,2,90011,4970.03515625,0,0,4
1762844237.791068,9500912255140419907,0,1,8,53,15,4,2,3,2,90814,4997.806640625,0,0,3
1762844237.791068,9500912255140419907,0,2,2,53,8,18,2,3,2,90669,4958.658203125,0,0,3
1762844237.791068,9500912255140419907,0,3,10,53,10,1,2,3,2,91770,5003.53955078125,0,0,3
1762844237.791068,9500912255140419907,0,4,16,53,16,0,3,3,2,91522,5031.4423828125,0,0,4
1762844237.791068,9500912255140419907,0,5,3,53,2,15,2,3,2,91151,4959.40625,0,0,3
1762844237.791068,9500912255140419907,0,6,19,52,11,0,3,3,2,93277,4999.85693359375,0,0,4
1762844237.791068,9500912255140419907,0,7,18,52,12,0,2,3,2,93054,4959.05908203125,0,0,3
1762844237.791068,9500912255140419907,0,8,17,53,19,0,3,3,2,91622,5047.9638671875,0,0,4
1762844237.791068,9500912255140419907,0,9,11,53,4,0,3,3,2,91281,5007.185546875,0,0,4
1762844237.791068,9500912255140419907,0,10,4,53,7,12,2,3,2,90719,4966.5361328125,0,0,3
1762844237.791068,9500912255140419907,0,11,5,53,1,10,2,3,2,91333,4969.7158203125,0,0,3
1762844237.791068,9500912255140419907,0,12,12,53,17,0,2,3,2,91510,5019.326171875,0,0,3
1762844237.791068,9500912255140419907,0,13,7,53,5,6,2,3,2,91317,4975.64599609375,0,0,3
1762844237.791068,9500912255140419907,0,14,9,53,13,2,2,3,2,91781,5001.9296875,0,0,3
1762844237.791068,9500912255140419907,0,15,14,53,18,0,2,3,2,91628,5026.0283203125,0,0,3
1762844237.791068,9500912255140419907,0,16,13,53,14,0,2,3,2,92449,5025.66015625,0,0,3
1762844237.791068,9500912255140419907,0,17,1,53,6,25,2,3,2,90593,4956.45703125,0,0,3
1762844237.791068,9500912255140419907,0,18,15,53,9,0,3,3,2,91175,5028.9296875,0,0,4
1762844237.791068,9500912255140419907,0,19,20,0,20,0,0,4,1,0,5136.519262569025,0,0,1
1762844237.791068,9500912255140419907,0,20,0,0,0,0,0,0,0,0,0.0,0,0,0
1762844237.791068,9500912255140419907,0,21,0,0,0,0,0,0,0,0,0.0,0,0,0
1762844242.809849,9500912255140419907,0,0,6,53,3,8,3,3,2,90011,4970.03515625,0,0,4
1762844242.809849,9500912255140419907,0,1,8,53,15,4,2,3,2,90814,4997.806640625,0,0,3
1762844242.809849,9500912255140419907,0,2,2,53,8,18,2,3,2,90669,4958.658203125,0,0,3
1762844242.809849,9500912255140419907,0,3,10,53,10,1,2,3,2,91770,5003.53955078125,0,0,3
1762844242.809849,9500912255140419907,0,4,16,53,16,0,3,3,2,91522,5031.4423828125,0,0,4
1762844242.809849,9500912255140419907,0,5,3,53,2,15,2,3,2,91151,4959.40625,0,0,3
1762844242.809849,9500912255140419907,0,6,19,52,11,0,3,3,2,93277,4999.85693359375,0,0,4
1762844242.809849,9500912255140419907,0,7,18,52,12,0,2,3,2,93054,4959.05908203125,0,0,3
1762844242.809849,9500912255140419907,0,8,17,53,19,0,3,3,2,91622,5047.9638671875,0,0,4
1762844242.809849,9500912255140419907,0,9,11,53,4,0,3,3,2,91281,5007.185546875,0,0,4
1762844242.809849,9500912255140419907,0,10,4,53,7,12,2,3,2,90719,4966.5361328125,0,0,3
1762844242.809849,9500912255140419907,0,11,5,53,1,10,2,3,2,91333,4969.7158203125,0,0,3
1762844242.809849,9500912255140419907,0,12,12,53,17,0,2,3,2,91510,5019.326171875,0,0,3
1762844242.809849,9500912255140419907,0,13,7,53,5,6,2,3,2,91317,4975.64599609375,0,0,3
1762844242.809849,9500912255140419907,0,14,9,53,13,2,2,3,2,91781,5001.9296875,0,0,3
1762844242.809849,9500912255140419907,0,15,14,53,18,0,2,3,2,91628,5026.0283203125,0,0,3
1762844242.809849,9500912255140419907,0,16,13,53,14,0,2,3,2,92449,5025.66015625,0,0,3
1762844242.809849,9500912255140419907,0,17,1,53,6,25,2,3,2,90593,4956.45703125,0,0,3
1762844242.809849,9500912255140419907,0,18,15,53,9,0,3,3,2,91175,5028.9296875,0,0,4
1762844242.809849,9500912255140419907,0,19,20,0,20,0,0,4,1,0,5136.519262569025,0,0,1
1762844242.809849,9500912255140419907,0,20,0,0,0,0,0,0,0,0,0.0,0,0,0
1762844242.809849,9500912255140419907,0,21,0,0,0,0,0,0,0,0,0.0,0,0,0
1762844247.8120906,9500912255140419907,0,0,6,53,3,8,3,3,2,90011,4970.03515625,0,0,4
1762844247.8120906,9500912255140419907,0,1,8,53,15,4,2,3,2,90814,4997.806640625,0,0,3
1762844247.8120906,9500912255140419907,0,2,2,53,8,18,2,3,2,90669,4958.658203125,0,0,3
1762844247.8120906,9500912255140419907,0,3,10,53,10,1,2,3,2,91770,5003.53955078125,0,0,3
1762844247.8120906,9500912255140419907,0,4,16,53,16,0,3,3,2,91522,5031.4423828125,0,0,4
1762844247.8120906,9500912255140419907,0,5,3,53,2,15,2,3,2,91151,4959.40625,0,0,3
1762844247.8120906,9500912255140419907,0,6,19,52,11,0,3,3,2,93277,4999.85693359375,0,0,4
1762844247.8120906,9500912255140419907,0,7,18,52,12,0,2,3,2,93054,4959.05908203125,0,0,3
1762844247.8120906,9500912255140419907,0,8,17,53,19,0,3,3,2,91622,5047.9638671875,0,0,4
1762844247.8120906,9500912255140419907,0,9,11,53,4,0,3,3,2,91281,5007.185546875,0,0,4
1762844247.8120906,9500912255140419907,0,10,4,53,7,12,2,3,2,90719,4966.5361328125,0,0,3
1762844247.8120906,9500912255140419907,0,11,5,53,1,10,2,3,2,91333,4969.7158203125,0,0,3
1762844247.8120906,9500912255140419907,0,12,12,53,17,0,2,3,2,91510,5019.326171875,0,0,3
1762844247.8120906,9500912255140419907,0,13,7,53,5,6,2,3,2,91317,4975.64599609375,0,0,3
1762844247.8120906,9500912255140419907,0,14,9,53,13,2,2,3,2,91781,5001.9296875,0,0,3
1762844247.8120906,9500912255140419907,0,15,14,53,18,0,2,3,2,91628,5026.0283203125,0,0,3
1762844247.8120906,9500912255140419907,0,16,13,53,14,0,2,3,2,92449,5025.66015625,0,0,3
1762844247.8120906,9500912255140419907,0,17,1,53,6,25,2,3,2,90593,4956.45703125,0,0,3
1762844247.8120906,9500912255140419907,0,18,15,53,9,0,3,3,2,91175,5028.9296875,0,0,4
1762844247.8120906,9500912255140419907,0,19,20,0,20,0,0,4,1,0,5136.519262569025,0,0,1
1762844247.8120906,9500912255140419907,0,20,0,0,0,0,0,0,0,0,0.0,0,0,0
1762844247.8120906,9500912255140419907,0,21,0,0,0,0,0,0,0,0,0.0,0,0,0
1762844252.8261225,9500912255140419907,0,0,6,53,3,8,3,3,2,90011,4970.03515625,0,0,4
1762844252.8261225,9500912255140419907,0,1,8,53,15,4,2,3,2,90814,4997.806640625,0,0,3
1762844252.8261225,9500912255140419907,0,2,2,53,8,18,2,3,2,90669,4958.658203125,0,0,3
1762844252.8261225,9500912255140419907,0,3,10,53,10,1,2,3,2,91770,5003.53955078125,0,0,3
1762844252.8261225,9500912255140419907,0,4,16,53,16,0,3,3,2,91522,5031.4423828125,0,0,4
1762844252.8261225,9500912255140419907,0,5,3,53,2,15,2,3,2,91151,4959.40625,0,0,3
1762844252.8261225,9500912255140419907,0,6,19,52,11,0,3,3,2,93277,4999.85693359375,0,0,4
1762844252.8261225,9500912255140419907,0,7,18,52,12,0,2,3,2,93054,4959.05908203125,0,0,3
1762844252.8261225,9500912255140419907,0,8,17,53,19,0,3,3,2,91622,5047.9638671875,0,0,4
1762844252.8261225,9500912255140419907,0,9,11,53,4,0,3,3,2,91281,5007.185546875,0,0,4
1762844252.8261225,9500912255140419907,0,10,4,53,7,12,2,3,2,90719,4966.5361328125,0,0,3
1762844252.8261225,9500912255140419907,0,11,5,53,1,10,2,3,2,91333,4969.7158203125,0,0,3
1762844252.8261225,9500912255140419907,0,12,12,53,17,0,2,3,2,91510,5019.326171875,0,0,3
1762844252.8261225,9500912255140419907,0,13,7,53,5,6,2,3,2,91317,4975.64599609375,0,0,3
1762844252.8261225,9500912255140419907,0,14,9,53,13,2,2,3,2,91781,5001.9296875,0,0,3
1762844252.8261225,9500912255140419907,0,15,14,53,18,0,2,3,2,91628,5026.0283203125,0,0,3
1762844252.8261225,9500912255140419907,0,16,13,53,14,0,2,3,2,92449,5025.66015625,0,0,3
1762844252.8261225,9500912255140419907,0,17,1,53,6,25,2,3,2,90593,4956.45703125,0,0,3
1762844252.8261225,9500912255140419907,0,18,15,53,9,0,3,3,2,91175,5028.9296875,0,0,4
1762844252.8261225,9500912255140419907,0,19,20,0,20,0,0,4,1,0,5136.519262569025,0,0,1
1762844252.8261225,9500912255140419907,0,20,0,0,0,0,0,0,0,0,0.0,0,0,0
1762844252.8261225,9500912255140419907,0,21,0,0,0,0,0,0,0,0,0.0,0,0,0
1762844257.8302796,9500912255140419907,0,0,6,53,3,8,3,3,2,90011,4970.03515625,0,0,4
1762844257.8302796,9500912255140419907,0,1,8,53,15,4,2,3,2,90814,4997.806640625,0,0,3
1762844257.8302796,9500912255140419907,0,2,2,53,8,18,2,3,2,90669,4958.658203125,0,0,3
1762844257.8302796,9500912255140419907,0,3,10,53,10,1,2,3,2,91770,5003.53955078125,0,0,3
1762844257.8302796,9500912255140419907,0,4,16,53,16,0,3,3,2,91522,5031.4423828125,0,0,4
1762844257.8302796,9500912255140419907,0,5,3,53,2,15,2,3,2,91151,4959.40625,0,0,3
1762844257.8302796,9500912255140419907,0,6,19,52,11,0,3,3,2,93277,4999.85693359375,0,0,4
1762844257.8302796,9500912255140419907,0,7,18,52,12,0,2,3,2,93054,4959.05908203125,0,0,3
1762844257.8302796,9500912255140419907,0,8,17,53,19,0,3,3,2,91622,5047.9638671875,0,0,4
1762844257.8302796,9500912255140419907,0,9,11,53,4,0,3,3,2,91281,5007.185546875,0,0,4
1762844257.8302796,9500912255140419907,0,10,4,53,7,12,2,3,2,90719,4966.5361328125,0,0,3
1762844257.8302796,9500912255140419907,0,11,5,53,1,10,2,3,2,91333,4969.7158203125,0,0,3
1762844257.8302796,9500912255140419907,0,12,12,53,17,0,2,3,2,91510,5019.326171875,0,0,3
1762844257.8302796,9500912255140419907,0,13,7,53,5,6,2,3,2,91317,4975.64599609375,0,0,3
1762844257.8302796,9500912255140419907,0,14,9,53,13,2,2,3,2,91781,5001.9296875,0,0,3
1762844257.8302796,9500912255140419907,0,15,14,53,18,0,2,3,2,91628,5026.0283203125,0,0,3
1762844257.8302796,9500912255140419907,0,16,13,53,14,0,2,3,2,92449,5025.66015625,0,0,3
1762844257.8302796,9500912255140419907,0,17,1,53,6,25,2,3,2,90593,4956.45703125,0,0,3
1762844257.8302796,9500912255140419907,0,18,15,53,9,0,3,3,2,91175,5028.9296875,0,0,4
1762844257.8302796,9500912255140419907,0,19,20,0,20,0,0,4,1,0,5136.519262569025,0,0,1
1762844257.8302796,9500912255140419907,0,20,0,0,0,0,0,0,0,0,0.0,0,0,0
1762844257.8302796,9500912255140419907,0,21,0,0,0,0,0,0,0,0,0.0,0,0,0
1762844262.8457932,9500912255140419907,0,0,6,53,3,8,3,3,2,90011,4970.03515625,0,0,4
1762844262.8457932,9500912255140419907,0,1,8,53,15,4,2,3,2,90814,4997.806640625,0,0,3
1762844262.8457932,9500912255140419907,0,2,2,53,8,18,2,3,2,90669,4958.658203125,0,0,3
1762844262.8457932,9500912255140419907,0,3,10,53,10,1,2,3,2,91770,5003.53955078125,0,0,3
1762844262.8457932,9500912255140419907,0,4,16,53,16,0,3,3,2,91522,5031.4423828125,0,0,4
1762844262.8457932,9500912255140419907,0,5,3,53,2,15,2,3,2,91151,4959.40625,0,0,3
1762844262.8457932,9500912255140419907,0,6,19,52,11,0,3,3,2,93277,4999.85693359375,0,0,4
1762844262.8457932,9500912255140419907,0,7,18,52,12,0,2,3,2,93054,4959.05908203125,0,0,3
1762844262.8457932,9500912255140419907,0,8,17,53,19,0,3,3,2,91622,5047.9638671875,0,0,4
1762844262.8457932,9500912255140419907,0,9,11,53,4,0,3,3,2,91281,5007.185546875,0,0,4
1762844262.8457932,9500912255140419907,0,10,4,53,7,12,2,3,2,90719,4966.5361328125,0,0,3
1762844262.8457932,9500912255140419907,0,11,5,53,1,10,2,3,2,91333,4969.7158203125,0,0,3
1762844262.8457932,9500912255140419907,0,12,12,53,17,0,2,3,2,91510,5019.326171875,0,0,3
1762844262.8457932,9500912255140419907,0,13,7,53,5,6,2,3,2,91317,4975.64599609375,0,0,3
1762844262.8457932,9500912255140419907,0,14,9,53,13,2,2,3,2,91781,5001.9296875,0,0,3
1762844262.8457932,9500912255140419907,0,15,14,53,18,0,2,3,2,91628,5026.0283203125,0,0,3
1762844262.8457932,9500912255140419907,0,16,13,53,14,0,2,3,2,92449,5025.66015625,0,0,3
1762844262.8457932,9500912255140419907,0,17,1,53,6,25,2,3,2,90593,4956.45703125,0,0,3
1762844262.8457932,9500912255140419907,0,18,15,53,9,0,3,3,2,91175,5028.9296875,0,0,4
1762844262.8457932,9500912255140419907,0,19,20,0,20,0,0,4,1,0,5136.519262569025,0,0,1
1762844262.8457932,9500912255140419907,0,20,0,0,0,0,0,0,0,0,0.0,0,0,0
1762844262.8457932,9500912255140419907,0,21,0,0,0,0,0,0,0,0,0.0,0,0,0
1762844267.849068,9500912255140419907,0,0,6,53,3,8,3,3,2,90011,4970.03515625,0,0,4
1762844267.849068,9500912255140419907,0,1,8,53,15,4,2,3,2,90814,4997.806640625,0,0,3
1762844267.849068,9500912255140419907,0,2,2,53,8,18,2,3,2,90669,4958.658203125,0,0,3
1762844267.849068,9500912255140419907,0,3,10,53,10,1,2,3,2,91770,5003.53955078125,0,0,3
1762844267.849068,9500912255140419907,0,4,16,53,16,0,3,3,2,91522,5031.4423828125,0,0,4
1762844267.849068,9500912255140419907,0,5,3,53,2,15,2,3,2,91151,4959.40625,0,0,3
1762844267.849068,9500912255140419907,0,6,19,52,11,0,3,3,2,93277,4999.85693359375,0,0,4
1762844267.849068,9500912255140419907,0,7,18,52,12,0,2,3,2,93054,4959.05908203125,0,0,3
1762844267.849068,9500912255140419907,0,8,17,53,19,0,3,3,2,91622,5047.9638671875,0,0,4
1762844267.849068,9500912255140419907,0,9,11,53,4,0,3,3,2,91281,5007.185546875,0,0,4
1762844267.849068,9500912255140419907,0,10,4,53,7,12,2,3,2,90719,4966.5361328125,0,0,3
1762844267.849068,9500912255140419907,0,11,5,53,1,10,2,3,2,91333,4969.7158203125,0,0,3
1762844267.849068,9500912255140419907,0,12,12,53,17,0,2,3,2,91510,5019.326171875,0,0,3
1762844267.849068,9500912255140419907,0,13,7,53,5,6,2,3,2,91317,4975.64599609375,0,0,3
1762844267.849068,9500912255140419907,0,14,9,53,13,2,2,3,2,91781,5001.9296875,0,0,3
1762844267.849068,9500912255140419907,0,15,14,53,18,0,2,3,2,91628,5026.0283203125,0,0,3
1762844267.849068,9500912255140419907,0,16,13,53,14,0,2,3,2,92449,5025.66015625,0,0,3
1762844267.849068,9500912255140419907,0,17,1,53,6,25,2,3,2,90593,4956.45703125,0,0,3
1762844267.849068,9500912255140419907,0,18,15,53,9,0,3,3,2,91175,5028.9296875,0,0,4
1762844267.849068,9500912255140419907,0,19,20,0,20,0,0,4,1,0,5136.519262569025,0,0,1
1762844267.849068,9500912255140419907,0,20,0,0,0,0,0,0,0,0,0.0,0,0,0
1762844267.849068,9500912255140419907,0,21,0,0,0,0,0,0,0,0,0.0,0,0,0
1762844272.8531442,9500912255140419907,0,0,6,53,3,8,3,3,2,90011,4970.03515625,0,0,4
1762844272.8531442,9500912255140419907,0,1,8,53,15,4,2,3,2,90814,4997.806640625,0,0,3
1762844272.8531442,9500912255140419907,0,2,2,53,8,18,2,3,2,90669,4958.658203125,0,0,3
1762844272.8531442,9500912255140419907,0,3,10,53,10,1,2,3,2,91770,5003.53955078125,0,0,3
1762844272.8531442,9500912255140419907,0,4,16,53,16,0,3,3,2,91522,5031.4423828125,0,0,4
1762844272.8531442,9500912255140419907,0,5,3,53,2,15,2,3,2,91151,4959.40625,0,0,3
1762844272.8531442,9500912255140419907,0,6,19,52,11,0,3,3,2,93277,4999.85693359375,0,0,4
1762844272.8531442,9500912255140419907,0,7,18,52,12,0,2,3,2,93054,4959.05908203125,0,0,3
1762844272.8531442,9500912255140419907,0,8,17,53,19,0,3,3,2,91622,5047.9638671875,0,0,4
1762844272.8531442,9500912255140419907,0,9,11,53,4,0,3,3,2,91281,5007.185546875,0,0,4
1762844272.8531442,9500912255140419907,0,10,4,53,7,12,2,3,2,90719,4966.5361328125,0,0,3
1762844272.8531442,9500912255140419907,0,11,5,53,1,10,2,3,2,91333,4969.7158203125,0,0,3
1762844272.8531442,9500912255140419907,0,12,12,53,17,0,2,3,2,91510,5019.326171875,0,0,3
1762844272.8531442,9500912255140419907,0,13,7,53,5,6,2,3,2,91317,4975.64599609375,0,0,3
1762844272.8531442,9500912255140419907,0,14,9,53,13,2,2,3,2,91781,5001.9296875,0,0,3
1762844272.8531442,9500912255140419907,0,15,14,53,18,0,2,3,2,91628,5026.0283203125,0,0,3
1762844272.8531442,9500912255140419907,0,16,13,53,14,0,2,3,2,92449,5025.66015625,0,0,3
1762844272.8531442,9500912255140419907,0,17,1,53,6,25,2,3,2,90593,4956.45703125,0,0,3
1762844272.8531442,9500912255140419907,0,18,15,53,9,0,3,3,2,91175,5028.9296875,0,0,4
1762844272.8531442,9500912255140419907,0,19,20,0,20,0,0,4,1,0,5136.519262569025,0,0,1
1762844272.8531442,9500912255140419907,0,20,0,0,0,0,0,0,0,0,0.0,0,0,0
1762844272.8531442,9500912255140419907,0,21,0,0,0,0,0,0,0,0,0.0,0,0,0
1762844277.8577847,9500912255140419907,0,0,6,53,3,8,3,3,2,90011,4970.03515625,0,0,4
1762844277.8577847,9500912255140419907,0,1,8,53,15,4,2,3,2,90814,4997.806640625,0,0,3
1762844277.8577847,9500912255140419907,0,2,2,53,8,18,2,3,2,90669,4958.658203125,0,0,3
1762844277.8577847,9500912255140419907,0,3,10,53,10,1,2,3,2,91770,5003.53955078125,0,0,3
1762844277.8577847,9500912255140419907,0,4,16,53,16,0,3,3,2,91522,5031.4423828125,0,0,4
1762844277.8577847,9500912255140419907,0,5,3,53,2,15,2,3,2,91151,4959.40625,0,0,3
1762844277.8577847,9500912255140419907,0,6,19,52,11,0,3,3,2,93277,4999.85693359375,0,0,4
1762844277.8577847,9500912255140419907,0,7,18,52,12,0,2,3,2,93054,4959.05908203125,0,0,3
1762844277.8577847,9500912255140419907,0,8,17,53,19,0,3,3,2,91622,5047.9638671875,0,0,4
1762844277.8577847,9500912255140419907,0,9,11,53,4,0,3,3,2,91281,5007.185546875,0,0,4
1762844277.8577847,9500912255140419907,0,10,4,53,7,12,2,3,2,90719,4966.5361328125,0,0,3
1762844277.8577847,9500912255140419907,0,11,5,53,1,10,2,3,2,91333,4969.7158203125,0,0,3
1762844277.8577847,9500912255140419907,0,12,12,53,17,0,2,3,2,91510,5019.326171875,0,0,3
1762844277.8577847,9500912255140419907,0,13,7,53,5,6,2,3,2,91317,4975.64599609375,0,0,3
1762844277.8577847,9500912255140419907,0,14,9,53,13,2,2,3,2,91781,5001.9296875,0,0,3
1762844277.8577847,9500912255140419907,0,15,14,53,18,0,2,3,2,91628,5026.0283203125,0,0,3
1762844277.8577847,9500912255140419907,0,16,13,53,14,0,2,3,2,92449,5025.66015625,0,0,3
1762844277.8577847,9500912255140419907,0,17,1,53,6,25,2,3,2,90593,4956.45703125,0,0,3
1762844277.8577847,9500912255140419907,0,18,15,53,9,0,3,3,2,91175,5028.9296875,0,0,4
1762844277.8577847,9500912255140419907,0,19,20,0,20,0,0,4,1,0,5136.519262569025,0,0,1
1762844277.8577847,9500912255140419907,0,20,0,0,0,0,0,0,0,0,0.0,0,0,0
1762844277.8577847,9500912255140419907,0,21,0,0,0,0,0,0,0,0,0.0,0,0,0
1762844282.8588748,9500912255140419907,0,0,6,53,3,8,3,3,2,90011,4970.03515625,0,0,4
1762844282.8588748,9500912255140419907,0,1,8,53,15,4,2,3,2,90814,4997.806640625,0,0,3
1762844282.8588748,9500912255140419907,0,2,2,53,8,18,2,3,2,90669,4958.658203125,0,0,3
1762844282.8588748,9500912255140419907,0,3,10,53,10,1,2,3,2,91770,5003.53955078125,0,0,3
1762844282.8588748,9500912255140419907,0,4,16,53,16,0,3,3,2,91522,5031.4423828125,0,0,4
1762844282.8588748,9500912255140419907,0,5,3,53,2,15,2,3,2,91151,4959.40625,0,0,3
1762844282.8588748,9500912255140419907,0,6,19,52,11,0,3,3,2,93277,4999.85693359375,0,0,4
1762844282.8588748,9500912255140419907,0,7,18,52,12,0,2,3,2,93054,4959.05908203125,0,0,3
1762844282.8588748,9500912255140419907,0,8,17,53,19,0,3,3,2,91622,5047.9638671875,0,0,4
1762844282.8588748,9500912255140419907,0,9,11,53,4,0,3,3,2,91281,5007.185546875,0,0,4
1762844282.8588748,9500912255140419907,0,10,4,53,7,12,2,3,2,90719,4966.5361328125,0,0,3
1762844282.8588748,9500912255140419907,0,11,5,53,1,10,2,3,2,91333,4969.7158203125,0,0,3
1762844282.8588748,9500912255140419907,0,12,12,53,17,0,2,3,2,91510,5019.326171875,0,0,3
1762844282.8588748,9500912255140419907,0,13,7,53,5,6,2,3,2,91317,4975.64599609375,0,0,3
1762844282.8588748,9500912255140419907,0,14,9,53,13,2,2,3,2,91781,5001.9296875,0,0,3
1762844282.8588748,9500912255140419907,0,15,14,53,18,0,2,3,2,91628,5026.0283203125,0,0,3
1762844282.8588748,9500912255140419907,0,16,13,53,14,0,2,3,2,92449,5025.66015625,0,0,3
1762844282.8588748,9500912255140419907,0,17,1,53,6,25,2,3,2,90593,4956.45703125,0,0,3
1762844282.8588748,9500912255140419907,0,18,15,53,9,0,3,3,2,91175,5028.9296875,0,0,4
1762844282.8588748,9500912255140419907,0,19,20,0,20,0,0,4,1,0,5136.519262569025,0,0,1
1762844282.8588748,9500912255140419907,0,20,0,0,0,0,0,0,0,0,0.0,0,0,0
1762844282.8588748,9500912255140419907,0,21,0,0,0,0,0,0,0,0,0.0,0,0,0
1762844287.8658893,9500912255140419907,0,0,6,53,3,8,3,3,2,90011,4970.03515625,0,0,4
1762844287.8658893,9500912255140419907,0,1,8,53,15,4,2,3,2,90814,4997.806640625,0,0,3
1762844287.8658893,9500912255140419907,0,2,2,53,8,18,2,3,2,90669,4958.658203125,0,0,3
1762844287.8658893,9500912255140419907,0,3,10,53,10,1,2,3,2,91770,5003.53955078125,0,0,3
1762844287.8658893,9500912255140419907,0,4,16,53,16,0,3,3,2,91522,5031.4423828125,0,0,4
1762844287.8658893,9500912255140419907,0,5,3,53,2,15,2,3,2,91151,4959.40625,0,0,3
1762844287.8658893,9500912255140419907,0,6,19,52,11,0,3,3,2,93277,4999.85693359375,0,0,4
1762844287.8658893,9500912255140419907,0,7,18,52,12,0,2,3,2,93054,4959.05908203125,0,0,3
1762844287.8658893,9500912255140419907,0,8,17,53,19,0,3,3,2,91622,5047.9638671875,0,0,4
1762844287.8658893,9500912255140419907,0,9,11,53,4,0,3,3,2,91281,5007.185546875,0,0,4
1762844287.8658893,9500912255140419907,0,10,4,53,7,12,2,3,2,90719,4966.5361328125,0,0,3
1762844287.8658893,9500912255140419907,0,11,5,53,1,10,2,3,2,91333,4969.7158203125,0,0,3
1762844287.8658893,9500912255140419907,0,12,12,53,17,0,2,3,2,91510,5019.326171875,0,0,3
1762844287.8658893,9500912255140419907,0,13,7,53,5,6,2,3,2,91317,4975.64599609375,0,0,3
1762844287.8658893,9500912255140419907,0,14,9,53,13,2,2,3,2,91781,5001.9296875,0,0,3
1762844287.8658893,9500912255140419907,0,15,14,53,18,0,2,3,2,91628,5026.0283203125,0,0,3
1762844287.8658893,9500912255140419907,0,16,13,53,14,0,2,3,2,92449,5025.66015625,0,0,3
1762844287.8658893,9500912255140419907,0,17,1,53,6,25,2,3,2,90593,4956.45703125,0,0,3
1762844287.8658893,9500912255140419907,0,18,15,53,9,0,3,3,2,91175,5028.9296875,0,0,4
1762844287.8658893,9500912255140419907,0,19,20,0,20,0,0,4,1,0,5136.519262569025,0,0,1
1762844287.8658893,9500912255140419907,0,20,0,0,0,0,0,0,0,0,0.0,0,0,0
1762844287.8658893,9500912255140419907,0,21,0,0,0,0,0,0,0,0,0.0,0,0,0
1762844292.885709,9500912255140419907,0,0,6,53,3,8,3,3,2,90011,4970.03515625,0,0,4
1762844292.885709,9500912255140419907,0,1,8,53,15,4,2,3,2,90814,4997.806640625,0,0,3
1762844292.885709,9500912255140419907,0,2,2,53,8,18,2,3,2,90669,4958.658203125,0,0,3
1762844292.885709,9500912255140419907,0,3,10,53,10,1,2,3,2,91770,5003.53955078125,0,0,3
1762844292.885709,9500912255140419907,0,4,16,53,16,0,3,3,2,91522,5031.4423828125,0,0,4
1762844292.885709,9500912255140419907,0,5,3,53,2,15,2,3,2,91151,4959.40625,0,0,3
1762844292.885709,9500912255140419907,0,6,19,52,11,0,3,3,2,93277,4999.85693359375,0,0,4
1762844292.885709,9500912255140419907,0,7,18,52,12,0,2,3,2,93054,4959.05908203125,0,0,3
1762844292.885709,9500912255140419907,0,8,17,53,19,0,3,3,2,91622,5047.9638671875,0,0,4
1762844292.885709,9500912255140419907,0,9,11,53,4,0,3,3,2,91281,5007.185546875,0,0,4
1762844292.885709,9500912255140419907,0,10,4,53,7,12,2,3,2,90719,4966.5361328125,0,0,3
1762844292.885709,9500912255140419907,0,11,5,53,1,10,2,3,2,91333,4969.7158203125,0,0,3
1762844292.885709,9500912255140419907,0,12,12,53,17,0,2,3,2,91510,5019.326171875,0,0,3
1762844292.885709,9500912255140419907,0,13,7,53,5,6,2,3,2,91317,4975.64599609375,0,0,3
1762844292.885709,9500912255140419907,0,14,9,53,13,2,2,3,2,91781,5001.9296875,0,0,3
1762844292.885709,9500912255140419907,0,15,14,53,18,0,2,3,2,91628,5026.0283203125,0,0,3
1762844292.885709,9500912255140419907,0,16,13,53,14,0,2,3,2,92449,5025.66015625,0,0,3
1762844292.885709,9500912255140419907,0,17,1,53,6,25,2,3,2,90593,4956.45703125,0,0,3
1762844292.885709,9500912255140419907,0,18,15,53,9,0,3,3,2,91175,5028.9296875,0,0,4
1762844292.885709,9500912255140419907,0,19,20,0,20,0,0,4,1,0,5136.519262569025,0,0,1
1762844292.885709,9500912255140419907,0,20,0,0,0,0,0,0,0,0,0.0,0,0,0
1762844292.885709,9500912255140419907,0,21,0,0,0,0,0,0,0,0,0.0,0,0,0
1762844297.9004009,9500912255140419907,0,0,6,53,3,8,3,3,2,90011,4970.03515625,0,0,4
1762844297.9004009,9500912255140419907,0,1,8,53,15,4,2,3,2,90814,4997.806640625,0,0,3
1762844297.9004009,9500912255140419907,0,2,2,53,8,18,2,3,2,90669,4958.658203125,0,0,3
1762844297.9004009,9500912255140419907,0,3,10,53,10,1,2,3,2,91770,5003.53955078125,0,0,3
1762844297.9004009,9500912255140419907,0,4,16,53,16,0,3,3,2,91522,5031.4423828125,0,0,4
1762844297.9004009,9500912255140419907,0,5,3,53,2,15,2,3,2,91151,4959.40625,0,0,3
1762844297.9004009,9500912255140419907,0,6,19,52,11,0,3,3,2,93277,4999.85693359375,0,0,4
1762844297.9004009,9500912255140419907,0,7,18,52,12,0,2,3,2,93054,4959.05908203125,0,0,3
1762844297.9004009,9500912255140419907,0,8,17,53,19,0,3,3,2,91622,5047.9638671875,0,0,4
1762844297.9004009,9500912255140419907,0,9,11,53,4,0,3,3,2,91281,5007.185546875,0,0,4
1762844297.9004009,9500912255140419907,0,10,4,53,7,12,2,3,2,90719,4966.5361328125,0,0,3
1762844297.9004009,9500912255140419907,0,11,5,53,1,10,2,3,2,91333,4969.7158203125,0,0,3
1762844297.9004009,9500912255140419907,0,12,12,53,17,0,2,3,2,91510,5019.326171875,0,0,3
1762844297.9004009,9500912255140419907,0,13,7,53,5,6,2,3,2,91317,4975.64599609375,0,0,3
1762844297.9004009,9500912255140419907,0,14,9,53,13,2,2,3,2,91781,5001.9296875,0,0,3
1762844297.9004009,9500912255140419907,0,15,14,53,18,0,2,3,2,91628,5026.0283203125,0,0,3
1762844297.9004009,9500912255140419907,0,16,13,53,14,0,2,3,2,92449,5025.66015625,0,0,3
1762844297.9004009,9500912255140419907,0,17,1,53,6,25,2,3,2,90593,4956.45703125,0,0,3
1762844297.9004009,9500912255140419907,0,18,15,53,9,0,3,3,2,91175,5028.9296875,0,0,4
1762844297.9004009,9500912255140419907,0,19,20,0,20,0,0,4,1,0,5136.519262569025,0,0,1
1762844297.9004009,9500912255140419907,0,20,0,0,0,0,0,0,0,0,0.0,0,0,0
1762844297.9004009,9500912255140419907,0,21,0,0,0,0,0,0,0,0,0.0,0,0,0
1762844302.9203491,9500912255140419907,0,0,6,53,3,8,3,3,2,90011,4970.03515625,0,0,4
1762844302.9203491,9500912255140419907,0,1,8,53,15,4,2,3,2,90814,4997.806640625,0,0,3
1762844302.9203491,9500912255140419907,0,2,2,53,8,18,2,3,2,90669,4958.658203125,0,0,3
1762844302.9203491,9500912255140419907,0,3,10,53,10,1,2,3,2,91770,5003.53955078125,0,0,3
1762844302.9203491,9500912255140419907,0,4,16,53,16,0,3,3,2,91522,5031.4423828125,0,0,4
1762844302.9203491,9500912255140419907,0,5,3,53,2,15,2,3,2,91151,4959.40625,0,0,3
1762844302.9203491,9500912255140419907,0,6,19,52,11,0,3,3,2,93277,4999.85693359375,0,0,4
1762844302.9203491,9500912255140419907,0,7,18,52,12,0,2,3,2,93054,4959.05908203125,0,0,3
1762844302.9203491,9500912255140419907,0,8,17,53,19,0,3,3,2,91622,5047.9638671875,0,0,4
1762844302.9203491,9500912255140419907,0,9,11,53,4,0,3,3,2,91281,5007.185546875,0,0,4
1762844302.9203491,9500912255140419907,0,10,4,53,7,12,2,3,2,90719,4966.5361328125,0,0,3
1762844302.9203491,9500912255140419907,0,11,5,53,1,10,2,3,2,91333,4969.7158203125,0,0,3
1762844302.9203491,9500912255140419907,0,12,12,53,17,0,2,3,2,91510,5019.326171875,0,0,3
1762844302.9203491,9500912255140419907,0,13,7,53,5,6,2,3,2,91317,4975.64599609375,0,0,3
1762844302.9203491,9500912255140419907,0,14,9,53,13,2,2,3,2,91781,5001.9296875,0,0,3
1762844302.9203491,9500912255140419907,0,15,14,53,18,0,2,3,2,91628,5026.0283203125,0,0,3
1762844302.9203491,9500912255140419907,0,16,13,53,14,0,2,3,2,92449,5025.66015625,0,0,3
1762844302.9203491,9500912255140419907,0,17,1,53,6,25,2,3,2,90593,4956.45703125,0,0,3
1762844302.9203491,9500912255140419907,0,18,15,53,9,0,3,3,2,91175,5028.9296875,0,0,4
1762844302.9203491,9500912255140419907,0,19,20,0,20,0,0,4,1,0,5136.519262569025,0,0,1
1762844302.9203491,9500912255140419907,0,20,0,0,0,0,0,0,0,0,0.0,0,0,0
1762844302.9203491,9500912255140419907,0,21,0,0,0,0,0,0,0,0,0.0,0,0,0
1762844307.9289002,9500912255140419907,0,0,6,53,3,8,3,3,2,90011,4970.03515625,0,0,4
1762844307.9289002,9500912255140419907,0,1,8,53,15,4,2,3,2,90814,4997.806640625,0,0,3
1762844307.9289002,9500912255140419907,0,2,2,53,8,18,2,3,2,90669,4958.658203125,0,0,3
1762844307.9289002,9500912255140419907,0,3,10,53,10,1,2,3,2,91770,5003.53955078125,0,0,3
1762844307.9289002,9500912255140419907,0,4,16,53,16,0,3,3,2,91522,5031.4423828125,0,0,4
1762844307.9289002,9500912255140419907,0,5,3,53,2,15,2,3,2,91151,4959.40625,0,0,3
1762844307.9289002,9500912255140419907,0,6,19,52,11,0,3,3,2,93277,4999.85693359375,0,0,4
1762844307.9289002,9500912255140419907,0,7,18,52,12,0,2,3,2,93054,4959.05908203125,0,0,3
1762844307.9289002,9500912255140419907,0,8,17,53,19,0,3,3,2,91622,5047.9638671875,0,0,4
1762844307.9289002,9500912255140419907,0,9,11,53,4,0,3,3,2,91281,5007.185546875,0,0,4
1762844307.9289002,9500912255140419907,0,10,4,53,7,12,2,3,2,90719,4966.5361328125,0,0,3
1762844307.9289002,9500912255140419907,0,11,5,53,1,10,2,3,2,91333,4969.7158203125,0,0,3
1762844307.9289002,9500912255140419907,0,12,12,53,17,0,2,3,2,91510,5019.326171875,0,0,3
1762844307.9289002,9500912255140419907,0,13,7,53,5,6,2,3,2,91317,4975.64599609375,0,0,3
1762844307.9289002,9500912255140419907,0,14,9,53,13,2,2,3,2,91781,5001.9296875,0,0,3
1762844307.9289002,9500912255140419907,0,15,14,53,18,0,2,3,2,91628,5026.0283203125,0,0,3
1762844307.9289002,9500912255140419907,0,16,13,53,14,0,2,3,2,92449,5025.66015625,0,0,3
1762844307.9289002,9500912255140419907,0,17,1,53,6,25,2,3,2,90593,4956.45703125,0,0,3
1762844307.9289002,9500912255140419907,0,18,15,53,9,0,3,3,2,91175,5028.9296875,0,0,4
1762844307.9289002,9500912255140419907,0,19,20,0,20,0,0,4,1,0,5136.519262569025,0,0,1
1762844307.9289002,9500912255140419907,0,20,0,0,0,0,0,0,0,0,0.0,0,0,0
1762844307.9289002,9500912255140419907,0,21,0,0,0,0,0,0,0,0,0.0,0,0,0
1762844312.93772,9500912255140419907,0,0,6,53,3,8,3,3,2,90011,4970.03515625,0,0,4
1762844312.93772,9500912255140419907,0,1,8,53,15,4,2,3,2,90814,4997.806640625,0,0,3
1762844312.93772,9500912255140419907,0,2,2,53,8,18,2,3,2,90669,4958.658203125,0,0,3
1762844312.93772,9500912255140419907,0,3,10,53,10,1,2,3,2,91770,5003.53955078125,0,0,3
1762844312.93772,9500912255140419907,0,4,16,53,16,0,3,3,2,91522,5031.4423828125,0,0,4
1762844312.93772,9500912255140419907,0,5,3,53,2,15,2,3,2,91151,4959.40625,0,0,3
1762844312.93772,9500912255140419907,0,6,19,52,11,0,3,3,2,93277,4999.85693359375,0,0,4
1762844312.93772,9500912255140419907,0,7,18,52,12,0,2,3,2,93054,4959.05908203125,0,0,3
1762844312.93772,9500912255140419907,0,8,17,53,19,0,3,3,2,91622,5047.9638671875,0,0,4
1762844312.93772,9500912255140419907,0,9,11,53,4,0,3,3,2,91281,5007.185546875,0,0,4
1762844312.93772,9500912255140419907,0,10,4,53,7,12,2,3,2,90719,4966.5361328125,0,0,3
1762844312.93772,9500912255140419907,0,11,5,53,1,10,2,3,2,91333,4969.7158203125,0,0,3
1762844312.93772,9500912255140419907,0,12,12,53,17,0,2,3,2,91510,5019.326171875,0,0,3
1762844312.93772,9500912255140419907,0,13,7,53,5,6,2,3,2,91317,4975.64599609375,0,0,3
1762844312.93772,9500912255140419907,0,14,9,53,13,2,2,3,2,91781,5001.9296875,0,0,3
1762844312.93772,9500912255140419907,0,15,14,53,18,0,2,3,2,91628,5026.0283203125,0,0,3
1762844312.93772,9500912255140419907,0,16,13,53,14,0,2,3,2,92449,5025.66015625,0,0,3
1762844312.93772,9500912255140419907,0,17,1,53,6,25,2,3,2,90593,4956.45703125,0,0,3
1762844312.93772,9500912255140419907,0,18,15,53,9,0,3,3,2,91175,5028.9296875,0,0,4
1762844312.93772,9500912255140419907,0,19,20,0,20,0,0,4,1,0,5136.519262569025,0,0,1
1762844312.93772,9500912255140419907,0,20,0,0,0,0,0,0,0,0,0.0,0,0,0
1762844312.93772,9500912255140419907,0,21,0,0,0,0,0,0,0,0,0.0,0,0,0
1762844317.944398,9500912255140419907,0,0,6,53,3,8,3,3,2,90011,4970.03515625,0,0,4
1762844317.944398,9500912255140419907,0,1,8,53,15,4,2,3,2,90814,4997.806640625,0,0,3
1762844317.944398,9500912255140419907,0,2,2,53,8,18,2,3,2,90669,4958.658203125,0,0,3
1762844317.944398,9500912255140419907,0,3,10,53,10,1,2,3,2,91770,5003.53955078125,0,0,3
1762844317.944398,9500912255140419907,0,4,16,53,16,0,3,3,2,91522,5031.4423828125,0,0,4
1762844317.944398,9500912255140419907,0,5,3,53,2,15,2,3,2,91151,4959.40625,0,0,3
1762844317.944398,9500912255140419907,0,6,19,52,11,0,3,3,2,93277,4999.85693359375,0,0,4
1762844317.944398,9500912255140419907,0,7,18,52,12,0,2,3,2,93054,4959.05908203125,0,0,3
1762844317.944398,9500912255140419907,0,8,17,53,19,0,3,3,2,91622,5047.9638671875,0,0,4
1762844317.944398,9500912255140419907,0,9,11,53,4,0,3,3,2,91281,5007.185546875,0,0,4
1762844317.944398,9500912255140419907,0,10,4,53,7,12,2,3,2,90719,4966.5361328125,0,0,3
1762844317.944398,9500912255140419907,0,11,5,53,1,10,2,3,2,91333,4969.7158203125,0,0,3
1762844317.944398,9500912255140419907,0,12,12,53,17,0,2,3,2,91510,5019.326171875,0,0,3
1762844317.944398,9500912255140419907,0,13,7,53,5,6,2,3,2,91317,4975.64599609375,0,0,3
1762844317.944398,9500912255140419907,0,14,9,53,13,2,2,3,2,91781,5001.9296875,0,0,3
1762844317.944398,9500912255140419907,0,15,14,53,18,0,2,3,2,91628,5026.0283203125,0,0,3
1762844317.944398,9500912255140419907,0,16,13,53,14,0,2,3,2,92449,5025.66015625,0,0,3
1762844317.944398,9500912255140419907,0,17,1,53,6,25,2,3,2,90593,4956.45703125,0,0,3
1762844317.944398,9500912255140419907,0,18,15,53,9,0,3,3,2,91175,5028.9296875,0,0,4
1762844317.944398,9500912255140419907,0,19,20,0,20,0,0,4,1,0,5136.519262569025,0,0,1
1762844317.944398,9500912255140419907,0,20,0,0,0,0,0,0,0,0,0.0,0,0,0
1762844317.944398,9500912255140419907,0,21,0,0,0,0,0,0,0,0,0.0,0,0,0
1762844322.951259,9500912255140419907,0,0,6,53,3,8,3,3,2,90011,4970.03515625,0,0,4
1762844322.951259,9500912255140419907,0,1,8,53,15,4,2,3,2,90814,4997.806640625,0,0,3
1762844322.951259,9500912255140419907,0,2,2,53,8,18,2,3,2,90669,4958.658203125,0,0,3
1762844322.951259,9500912255140419907,0,3,10,53,10,1,2,3,2,91770,5003.53955078125,0,0,3
1762844322.951259,9500912255140419907,0,4,16,53,16,0,3,3,2,91522,5031.4423828125,0,0,4
1762844322.951259,9500912255140419907,0,5,3,53,2,15,2,3,2,91151,4959.40625,0,0,3
1762844322.951259,9500912255140419907,0,6,19,52,11,0,3,3,2,93277,4999.85693359375,0,0,4
1762844322.951259,9500912255140419907,0,7,18,52,12,0,2,3,2,93054,4959.05908203125,0,0,3
1762844322.951259,9500912255140419907,0,8,17,53,19,0,3,3,2,91622,5047.9638671875,0,0,4
1762844322.951259,9500912255140419907,0,9,11,53,4,0,3,3,2,91281,5007.185546875,0,0,4
1762844322.951259,9500912255140419907,0,10,4,53,7,12,2,3,2,90719,4966.5361328125,0,0,3
1762844322.951259,9500912255140419907,0,11,5,53,1,10,2,3,2,91333,4969.7158203125,0,0,3
1762844322.951259,9500912255140419907,0,12,12,53,17,0,2,3,2,91510,5019.326171875,0,0,3
1762844322.951259,9500912255140419907,0,13,7,53,5,6,2,3,2,91317,4975.64599609375,0,0,3
1762844322.951259,9500912255140419907,0,14,9,53,13,2,2,3,2,91781,5001.9296875,0,0,3
1762844322.951259,9500912255140419907,0,15,14,53,18,0,2,3,2,91628,5026.0283203125,0,0,3
1762844322.951259,9500912255140419907,0,16,13,53,14,0,2,3,2,92449,5025.66015625,0,0,3
1762844322.951259,9500912255140419907,0,17,1,53,6,25,2,3,2,90593,4956.45703125,0,0,3
1762844322.951259,9500912255140419907,0,18,15,53,9,0,3,3,2,91175,5028.9296875,0,0,4
1762844322.951259,9500912255140419907,0,19,20,0,20,0,0,4,1,0,5136.519262569025,0,0,1
1762844322.951259,9500912255140419907,0,20,0,0,0,0,0,0,0,0,0.0,0,0,0
1762844322.951259,9500912255140419907,0,21,0,0,0,0,0,0,0,0,0.0,0,0,0
1762844327.953343,9500912255140419907,0,0,6,53,3,8,3,3,2,90011,4970.03515625,0,0,4
1762844327.953343,9500912255140419907,0,1,8,53,15,4,2,3,2,90814,4997.806640625,0,0,3
1762844327.953343,9500912255140419907,0,2,2,53,8,18,2,3,2,90669,4958.658203125,0,0,3
1762844327.953343,9500912255140419907,0,3,10,53,10,1,2,3,2,91770,5003.53955078125,0,0,3
1762844327.953343,9500912255140419907,0,4,16,53,16,0,3,3,2,91522,5031.4423828125,0,0,4
1762844327.953343,9500912255140419907,0,5,3,53,2,15,2,3,2,91151,4959.40625,0,0,3
1762844327.953343,9500912255140419907,0,6,19,52,11,0,3,3,2,93277,4999.85693359375,0,0,4
1762844327.953343,9500912255140419907,0,7,18,52,12,0,2,3,2,93054,4959.05908203125,0,0,3
1762844327.953343,9500912255140419907,0,8,17,53,19,0,3,3,2,91622,5047.9638671875,0,0,4
1762844327.953343,9500912255140419907,0,9,11,53,4,0,3,3,2,91281,5007.185546875,0,0,4
1762844327.953343,9500912255140419907,0,10,4,53,7,12,2,3,2,90719,4966.5361328125,0,0,3
1762844327.953343,9500912255140419907,0,11,5,53,1,10,2,3,2,91333,4969.7158203125,0,0,3
1762844327.953343,9500912255140419907,0,12,12,53,17,0,2,3,2,91510,5019.326171875,0,0,3
1762844327.953343,9500912255140419907,0,13,7,53,5,6,2,3,2,91317,4975.64599609375,0,0,3
1762844327.953343,9500912255140419907,0,14,9,53,13,2,2,3,2,91781,5001.9296875,0,0,3
1762844327.953343,9500912255140419907,0,15,14,53,18,0,2,3,2,91628,5026.0283203125,0,0,3
1762844327.953343,9500912255140419907,0,16,13,53,14,0,2,3,2,92449,5025.66015625,0,0,3
1762844327.953343,9500912255140419907,0,17,1,53,6,25,2,3,2,90593,4956.45703125,0,0,3
1762844327.953343,9500912255140419907,0,18,15,53,9,0,3,3,2,91175,5028.9296875,0,0,4
1762844327.953343,9500912255140419907,0,19,20,0,20,0,0,4,1,0,5136.519262569025,0,0,1
1762844327.953343,9500912255140419907,0,20,0,0,0,0,0,0,0,0,0.0,0,0,0
1762844327.953343,9500912255140419907,0,21,0,0,0,0,0,0,0,0,0.0,0,0,0
1762844332.9551558,9500912255140419907,0,0,6,53,3,8,3,3,2,90011,4970.03515625,0,0,4
1762844332.9551558,9500912255140419907,0,1,8,53,15,4,2,3,2,90814,4997.806640625,0,0,3
1762844332.9551558,9500912255140419907,0,2,2,53,8,18,2,3,2,90669,4958.658203125,0,0,3
1762844332.9551558,9500912255140419907,0,3,10,53,10,1,2,3,2,91770,5003.53955078125,0,0,3
1762844332.9551558,9500912255140419907,0,4,16,53,16,0,3,3,2,91522,5031.4423828125,0,0,4
1762844332.9551558,9500912255140419907,0,5,3,53,2,15,2,3,2,91151,4959.40625,0,0,3
1762844332.9551558,9500912255140419907,0,6,19,52,11,0,3,3,2,93277,4999.85693359375,0,0,4
1762844332.9551558,9500912255140419907,0,7,18,52,12,0,2,3,2,93054,4959.05908203125,0,0,3
1762844332.9551558,9500912255140419907,0,8,17,53,19,0,3,3,2,91622,5047.9638671875,0,0,4
1762844332.9551558,9500912255140419907,0,9,11,53,4,0,3,3,2,91281,5007.185546875,0,0,4
1762844332.9551558,9500912255140419907,0,10,4,53,7,12,2,3,2,90719,4966.5361328125,0,0,3
1762844332.9551558,9500912255140419907,0,11,5,53,1,10,2,3,2,91333,4969.7158203125,0,0,3
1762844332.9551558,9500912255140419907,0,12,12,53,17,0,2,3,2,91510,5019.326171875,0,0,3
1762844332.9551558,9500912255140419907,0,13,7,53,5,6,2,3,2,91317,4975.64599609375,0,0,3
1762844332.9551558,9500912255140419907,0,14,9,53,13,2,2,3,2,91781,5001.9296875,0,0,3
1762844332.9551558,9500912255140419907,0,15,14,53,18,0,2,3,2,91628,5026.0283203125,0,0,3
1762844332.9551558,9500912255140419907,0,16,13,53,14,0,2,3,2,92449,5025.66015625,0,0,3
1762844332.9551558,9500912255140419907,0,17,1,53,6,25,2,3,2,90593,4956.45703125,0,0,3
1762844332.9551558,9500912255140419907,0,18,15,53,9,0,3,3,2,91175,5028.9296875,0,0,4
1762844332.9551558,9500912255140419907,0,19,20,0,20,0,0,4,1,0,5136.519262569025,0,0,1
1762844332.9551558,9500912255140419907,0,20,0,0,0,0,0,0,0,0,0.0,0,0,0
1762844332.9551558,9500912255140419907,0,21,0,0,0,0,0,0,0,0,0.0,0,0,0
1762844337.9567647,9500912255140419907,0,0,6,53,3,8,3,3,2,90011,4970.03515625,0,0,4
1762844337.9567647,9500912255140419907,0,1,8,53,15,4,2,3,2,90814,4997.806640625,0,0,3
1762844337.9567647,9500912255140419907,0,2,2,53,8,18,2,3,2,90669,4958.658203125,0,0,3
1762844337.9567647,9500912255140419907,0,3,10,53,10,1,2,3,2,91770,5003.53955078125,0,0,3
1762844337.9567647,9500912255140419907,0,4,16,53,16,0,3,3,2,91522,5031.4423828125,0,0,4
1762844337.9567647,9500912255140419907,0,5,3,53,2,15,2,3,2,91151,4959.40625,0,0,3
1762844337.9567647,9500912255140419907,0,6,19,52,11,0,3,3,2,93277,4999.85693359375,0,0,4
1762844337.9567647,9500912255140419907,0,7,18,52,12,0,2,3,2,93054,4959.05908203125,0,0,3
1762844337.9567647,9500912255140419907,0,8,17,53,19,0,3,3,2,91622,5047.9638671875,0,0,4
1762844337.9567647,9500912255140419907,0,9,11,53,4,0,3,3,2,91281,5007.185546875,0,0,4
1762844337.9567647,9500912255140419907,0,10,4,53,7,12,2,3,2,90719,4966.5361328125,0,0,3
1762844337.9567647,9500912255140419907,0,11,5,53,1,10,2,3,2,91333,4969.7158203125,0,0,3
1762844337.9567647,9500912255140419907,0,12,12,53,17,0,2,3,2,91510,5019.326171875,0,0,3
1762844337.9567647,9500912255140419907,0,13,7,53,5,6,2,3,2,91317,4975.64599609375,0,0,3
1762844337.9567647,9500912255140419907,0,14,9,53,13,2,2,3,2,91781,5001.9296875,0,0,3
1762844337.9567647,9500912255140419907,0,15,14,53,18,0,2,3,2,91628,5026.0283203125,0,0,3
1762844337.9567647,9500912255140419907,0,16,13,53,14,0,2,3,2,92449,5025.66015625,0,0,3
1762844337.9567647,9500912255140419907,0,17,1,53,6,25,2,3,2,90593,4956.45703125,0,0,3
1762844337.9567647,9500912255140419907,0,18,15,53,9,0,3,3,2,91175,5028.9296875,0,0,4
1762844337.9567647,9500912255140419907,0,19,20,0,20,0,0,4,1,0,5136.519262569025,0,0,1
1762844337.9567647,9500912255140419907,0,20,0,0,0,0,0,0,0,0,0.0,0,0,0
1762844337.9567647,9500912255140419907,0,21,0,0,0,0,0,0,0,0,0.0,0,0,0
1762844342.9644618,9500912255140419907,0,0,6,53,3,8,3,3,2,90011,4970.03515625,0,0,4
1762844342.9644618,9500912255140419907,0,1,8,53,15,4,2,3,2,90814,4997.806640625,0,0,3
1762844342.9644618,9500912255140419907,0,2,2,53,8,18,2,3,2,90669,4958.658203125,0,0,3
1762844342.9644618,9500912255140419907,0,3,10,53,10,1,2,3,2,91770,5003.53955078125,0,0,3
1762844342.9644618,9500912255140419907,0,4,16,53,16,0,3,3,2,91522,5031.4423828125,0,0,4
1762844342.9644618,9500912255140419907,0,5,3,53,2,15,2,3,2,91151,4959.40625,0,0,3
1762844342.9644618,9500912255140419907,0,6,19,52,11,0,3,3,2,93277,4999.85693359375,0,0,4
1762844342.9644618,9500912255140419907,0,7,18,52,12,0,2,3,2,93054,4959.05908203125,0,0,3
1762844342.9644618,9500912255140419907,0,8,17,53,19,0,3,3,2,91622,5047.9638671875,0,0,4
1762844342.9644618,9500912255140419907,0,9,11,53,4,0,3,3,2,91281,5007.185546875,0,0,4
1762844342.9644618,9500912255140419907,0,10,4,53,7,12,2,3,2,90719,4966.5361328125,0,0,3
1762844342.9644618,9500912255140419907,0,11,5,53,1,10,2,3,2,91333,4969.7158203125,0,0,3
1762844342.9644618,9500912255140419907,0,12,12,53,17,0,2,3,2,91510,5019.326171875,0,0,3
1762844342.9644618,9500912255140419907,0,13,7,53,5,6,2,3,2,91317,4975.64599609375,0,0,3
1762844342.9644618,9500912255140419907,0,14,9,53,13,2,2,3,2,91781,5001.9296875,0,0,3
1762844342.9644618,9500912255140419907,0,15,14,53,18,0,2,3,2,91628,5026.0283203125,0,0,3
1762844342.9644618,9500912255140419907,0,16,13,53,14,0,2,3,2,92449,5025.66015625,0,0,3
1762844342.9644618,9500912255140419907,0,17,1,53,6,25,2,3,2,90593,4956.45703125,0,0,3
1762844342.9644618,9500912255140419907,0,18,15,53,9,0,3,3,2,91175,5028.9296875,0,0,4
1762844342.9644618,9500912255140419907,0,19,20,0,20,0,0,4,1,0,5136.519262569025,0,0,1
1762844342.9644618,9500912255140419907,0,20,0,0,0,0,0,0,0,0,0.0,0,0,0
1762844342.9644618,9500912255140419907,0,21,0,0,0,0,0,0,0,0,0.0,0,0,0
1762844347.9666579,9500912255140419907,0,0,6,53,3,8,3,3,2,90011,4970.03515625,0,0,4
1762844347.9666579,9500912255140419907,0,1,8,53,15,4,2,3,2,90814,4997.806640625,0,0,3
1762844347.9666579,9500912255140419907,0,2,2,53,8,18,2,3,2,90669,4958.658203125,0,0,3
1762844347.9666579,9500912255140419907,0,3,10,53,10,1,2,3,2,91770,5003.53955078125,0,0,3
1762844347.9666579,9500912255140419907,0,4,16,53,16,0,3,3,2,91522,5031.4423828125,0,0,4
1762844347.9666579,9500912255140419907,0,5,3,53,2,15,2,3,2,91151,4959.40625,0,0,3
1762844347.9666579,9500912255140419907,0,6,19,52,11,0,3,3,2,93277,4999.85693359375,0,0,4
1762844347.9666579,9500912255140419907,0,7,18,52,12,0,2,3,2,93054,4959.05908203125,0,0,3
1762844347.9666579,9500912255140419907,0,8,17,53,19,0,3,3,2,91622,5047.9638671875,0,0,4
1762844347.9666579,9500912255140419907,0,9,11,53,4,0,3,3,2,91281,5007.185546875,0,0,4
1762844347.9666579,9500912255140419907,0,10,4,53,7,12,2,3,2,90719,4966.5361328125,0,0,3
1762844347.9666579,9500912255140419907,0,11,5,53,1,10,2,3,2,91333,4969.7158203125,0,0,3
1762844347.9666579,9500912255140419907,0,12,12,53,17,0,2,3,2,91510,5019.326171875,0,0,3
1762844347.9666579,9500912255140419907,0,13,7,53,5,6,2,3,2,91317,4975.64599609375,0,0,3
1762844347.9666579,9500912255140419907,0,14,9,53,13,2,2,3,2,91781,5001.9296875,0,0,3
1762844347.9666579,9500912255140419907,0,15,14,53,18,0,2,3,2,91628,5026.0283203125,0,0,3
1762844347.9666579,9500912255140419907,0,16,13,53,14,0,2,3,2,92449,5025.66015625,0,0,3
1762844347.9666579,9500912255140419907,0,17,1,53,6,25,2,3,2,90593,4956.45703125,0,0,3
1762844347.9666579,9500912255140419907,0,18,15,53,9,0,3,3,2,91175,5028.9296875,0,0,4
1762844347.9666579,9500912255140419907,0,19,20,0,20,0,0,4,1,0,5136.519262569025,0,0,1
1762844347.9666579,9500912255140419907,0,20,0,0,0,0,0,0,0,0,0.0,0,0,0
1762844347.9666579,9500912255140419907,0,21,0,0,0,0,0,0,0,0,0.0,0,0,0
1762844352.9849076,9500912255140419907,0,0,6,53,3,8,3,3,2,90011,4970.03515625,0,0,4
1762844352.9849076,9500912255140419907,0,1,8,53,15,4,2,3,2,90814,4997.806640625,0,0,3
1762844352.9849076,9500912255140419907,0,2,2,53,8,18,2,3,2,90669,4958.658203125,0,0,3
1762844352.9849076,9500912255140419907,0,3,10,53,10,1,2,3,2,91770,5003.53955078125,0,0,3
1762844352.9849076,9500912255140419907,0,4,16,53,16,0,3,3,2,91522,5031.4423828125,0,0,4
1762844352.9849076,9500912255140419907,0,5,3,53,2,15,2,3,2,91151,4959.40625,0,0,3
1762844352.9849076,9500912255140419907,0,6,19,52,11,0,3,3,2,93277,4999.85693359375,0,0,4
1762844352.9849076,9500912255140419907,0,7,18,52,12,0,2,3,2,93054,4959.05908203125,0,0,3
1762844352.9849076,9500912255140419907,0,8,17,53,19,0,3,3,2,91622,5047.9638671875,0,0,4
1762844352.9849076,9500912255140419907,0,9,11,53,4,0,3,3,2,91281,5007.185546875,0,0,4
1762844352.9849076,9500912255140419907,0,10,4,53,7,12,2,3,2,90719,4966.5361328125,0,0,3
1762844352.9849076,9500912255140419907,0,11,5,53,1,10,2,3,2,91333,4969.7158203125,0,0,3
1762844352.9849076,9500912255140419907,0,12,12,53,17,0,2,3,2,91510,5019.326171875,0,0,3
1762844352.9849076,9500912255140419907,0,13,7,53,5,6,2,3,2,91317,4975.64599609375,0,0,3
1762844352.9849076,9500912255140419907,0,14,9,53,13,2,2,3,2,91781,5001.9296875,0,0,3
1762844352.9849076,9500912255140419907,0,15,14,53,18,0,2,3,2,91628,5026.0283203125,0,0,3
1762844352.9849076,9500912255140419907,0,16,13,53,14,0,2,3,2,92449,5025.66015625,0,0,3
1762844352.9849076,9500912255140419907,0,17,1,53,6,25,2,3,2,90593,4956.45703125,0,0,3
1762844352.9849076,9500912255140419907,0,18,15,53,9,0,3,3,2,91175,5028.9296875,0,0,4
1762844352.9849076,9500912255140419907,0,19,20,0,20,0,0,4,1,0,5136.519262569025,0,0,1
1762844352.9849076,9500912255140419907,0,20,0,0,0,0,0,0,0,0,0.0,0,0,0
1762844352.9849076,9500912255140419907,0,21,0,0,0,0,0,0,0,0,0.0,0,0,0
1762844358.00157,9500912255140419907,0,0,6,53,3,8,3,3,2,90011,4970.03515625,0,0,4
1762844358.00157,9500912255140419907,0,1,8,53,15,4,2,3,2,90814,4997.806640625,0,0,3
1762844358.00157,9500912255140419907,0,2,2,53,8,18,2,3,2,90669,4958.658203125,0,0,3
1762844358.00157,9500912255140419907,0,3,10,53,10,1,2,3,2,91770,5003.53955078125,0,0,3
1762844358.00157,9500912255140419907,0,4,16,53,16,0,3,3,2,91522,5031.4423828125,0,0,4
1762844358.00157,9500912255140419907,0,5,3,53,2,15,2,3,2,91151,4959.40625,0,0,3
1762844358.00157,9500912255140419907,0,6,19,52,11,0,3,3,2,93277,4999.85693359375,0,0,4
1762844358.00157,9500912255140419907,0,7,18,52,12,0,2,3,2,93054,4959.05908203125,0,0,3
1762844358.00157,9500912255140419907,0,8,17,53,19,0,3,3,2,91622,5047.9638671875,0,0,4
1762844358.00157,9500912255140419907,0,9,11,53,4,0,3,3,2,91281,5007.185546875,0,0,4
1762844358.00157,9500912255140419907,0,10,4,53,7,12,2,3,2,90719,4966.5361328125,0,0,3
1762844358.00157,9500912255140419907,0,11,5,53,1,10,2,3,2,91333,4969.7158203125,0,0,3
1762844358.00157,9500912255140419907,0,12,12,53,17,0,2,3,2,91510,5019.326171875,0,0,3
1762844358.00157,9500912255140419907,0,13,7,53,5,6,2,3,2,91317,4975.64599609375,0,0,3
1762844358.00157,9500912255140419907,0,14,9,53,13,2,2,3,2,91781,5001.9296875,0,0,3
1762844358.00157,9500912255140419907,0,15,14,53,18,0,2,3,2,91628,5026.0283203125,0,0,3
1762844358.00157,9500912255140419907,0,16,13,53,14,0,2,3,2,92449,5025.66015625,0,0,3
1762844358.00157,9500912255140419907,0,17,1,53,6,25,2,3,2,90593,4956.45703125,0,0,3
1762844358.00157,9500912255140419907,0,18,15,53,9,0,3,3,2,91175,5028.9296875,0,0,4
1762844358.00157,9500912255140419907,0,19,20,0,20,0,0,4,1,0,5136.519262569025,0,0,1
1762844358.00157,9500912255140419907,0,20,0,0,0,0,0,0,0,0,0.0,0,0,0
1762844358.00157,9500912255140419907,0,21,0,0,0,0,0,0,0,0,0.0,0,0,0
1762844363.0106986,9500912255140419907,0,0,6,53,3,8,3,3,2,90011,4970.03515625,0,0,4
1762844363.0106986,9500912255140419907,0,1,8,53,15,4,2,3,2,90814,4997.806640625,0,0,3
1762844363.0106986,9500912255140419907,0,2,2,53,8,18,2,3,2,90669,4958.658203125,0,0,3
1762844363.0106986,9500912255140419907,0,3,10,53,10,1,2,3,2,91770,5003.53955078125,0,0,3
1762844363.0106986,9500912255140419907,0,4,16,53,16,0,3,3,2,91522,5031.4423828125,0,0,4
1762844363.0106986,9500912255140419907,0,5,3,53,2,15,2,3,2,91151,4959.40625,0,0,3
1762844363.0106986,9500912255140419907,0,6,19,52,11,0,3,3,2,93277,4999.85693359375,0,0,4
1762844363.0106986,9500912255140419907,0,7,18,52,12,0,2,3,2,93054,4959.05908203125,0,0,3
1762844363.0106986,9500912255140419907,0,8,17,53,19,0,3,3,2,91622,5047.9638671875,0,0,4
1762844363.0106986,9500912255140419907,0,9,11,53,4,0,3,3,2,91281,5007.185546875,0,0,4
1762844363.0106986,9500912255140419907,0,10,4,53,7,12,2,3,2,90719,4966.5361328125,0,0,3
1762844363.0106986,9500912255140419907,0,11,5,53,1,10,2,3,2,91333,4969.7158203125,0,0,3
1762844363.0106986,9500912255140419907,0,12,12,53,17,0,2,3,2,91510,5019.326171875,0,0,3
1762844363.0106986,9500912255140419907,0,13,7,53,5,6,2,3,2,91317,4975.64599609375,0,0,3
1762844363.0106986,9500912255140419907,0,14,9,53,13,2,2,3,2,91781,5001.9296875,0,0,3
1762844363.0106986,9500912255140419907,0,15,14,53,18,0,2,3,2,91628,5026.0283203125,0,0,3
1762844363.0106986,9500912255140419907,0,16,13,53,14,0,2,3,2,92449,5025.66015625,0,0,3
1762844363.0106986,9500912255140419907,0,17,1,53,6,25,2,3,2,90593,4956.45703125,0,0,3
1762844363.0106986,9500912255140419907,0,18,15,53,9,0,3,3,2,91175,5028.9296875,0,0,4
1762844363.0106986,9500912255140419907,0,19,20,0,20,0,0,4,1,0,5136.519262569025,0,0,1
1762844363.0106986,9500912255140419907,0,20,0,0,0,0,0,0,0,0,0.0,0,0,0
1762844363.0106986,9500912255140419907,0,21,0,0,0,0,0,0,0,0,0.0,0,0,0
1762844368.0219064,9500912255140419907,0,0,6,53,3,8,3,3,2,90011,4970.03515625,0,0,4
1762844368.0219064,9500912255140419907,0,1,8,53,15,4,2,3,2,90814,4997.806640625,0,0,3
1762844368.0219064,9500912255140419907,0,2,2,53,8,18,2,3,2,90669,4958.658203125,0,0,3
1762844368.0219064,9500912255140419907,0,3,10,53,10,1,2,3,2,91770,5003.53955078125,0,0,3
1762844368.0219064,9500912255140419907,0,4,16,53,16,0,3,3,2,91522,5031.4423828125,0,0,4
1762844368.0219064,9500912255140419907,0,5,3,53,2,15,2,3,2,91151,4959.40625,0,0,3
1762844368.0219064,9500912255140419907,0,6,19,52,11,0,3,3,2,93277,4999.85693359375,0,0,4
1762844368.0219064,9500912255140419907,0,7,18,52,12,0,2,3,2,93054,4959.05908203125,0,0,3
1762844368.0219064,9500912255140419907,0,8,17,53,19,0,3,3,2,91622,5047.9638671875,0,0,4
1762844368.0219064,9500912255140419907,0,9,11,53,4,0,3,3,2,91281,5007.185546875,0,0,4
1762844368.0219064,9500912255140419907,0,10,4,53,7,12,2,3,2,90719,4966.5361328125,0,0,3
1762844368.0219064,9500912255140419907,0,11,5,53,1,10,2,3,2,91333,4969.7158203125,0,0,3
1762844368.0219064,9500912255140419907,0,12,12,53,17,0,2,3,2,91510,5019.326171875,0,0,3
1762844368.0219064,9500912255140419907,0,13,7,53,5,6,2,3,2,91317,4975.64599609375,0,0,3
1762844368.0219064,9500912255140419907,0,14,9,53,13,2,2,3,2,91781,5001.9296875,0,0,3
1762844368.0219064,9500912255140419907,0,15,14,53,18,0,2,3,2,91628,5026.0283203125,0,0,3
1762844368.0219064,9500912255140419907,0,16,13,53,14,0,2,3,2,92449,5025.66015625,0,0,3
1762844368.0219064,9500912255140419907,0,17,1,53,6,25,2,3,2,90593,4956.45703125,0,0,3
1762844368.0219064,9500912255140419907,0,18,15,53,9,0,3,3,2,91175,5028.9296875,0,0,4
1762844368.0219064,9500912255140419907,0,19,20,0,20,0,0,4,1,0,5136.519262569025,0,0,1
1762844368.0219064,9500912255140419907,0,20,0,0,0,0,0,0,0,0,0.0,0,0,0
1762844368.0219064,9500912255140419907,0,21,0,0,0,0,0,0,0,0,0.0,0,0,0
1762844373.0404685,9500912255140419907,0,0,6,53,3,8,3,3,2,90011,4970.03515625,0,0,4
1762844373.0404685,9500912255140419907,0,1,8,53,15,4,2,3,2,90814,4997.806640625,0,0,3
1762844373.0404685,9500912255140419907,0,2,2,53,8,18,2,3,2,90669,4958.658203125,0,0,3
1762844373.0404685,9500912255140419907,0,3,10,53,10,1,2,3,2,91770,5003.53955078125,0,0,3
1762844373.0404685,9500912255140419907,0,4,16,53,16,0,3,3,2,91522,5031.4423828125,0,0,4
1762844373.0404685,9500912255140419907,0,5,3,53,2,15,2,3,2,91151,4959.40625,0,0,3
1762844373.0404685,9500912255140419907,0,6,19,52,11,0,3,3,2,93277,4999.85693359375,0,0,4
1762844373.0404685,9500912255140419907,0,7,18,52,12,0,2,3,2,93054,4959.05908203125,0,0,3
1762844373.0404685,9500912255140419907,0,8,17,53,19,0,3,3,2,91622,5047.9638671875,0,0,4
1762844373.0404685,9500912255140419907,0,9,11,53,4,0,3,3,2,91281,5007.185546875,0,0,4
1762844373.0404685,9500912255140419907,0,10,4,53,7,12,2,3,2,90719,4966.5361328125,0,0,3
1762844373.0404685,9500912255140419907,0,11,5,53,1,10,2,3,2,91333,4969.7158203125,0,0,3
1762844373.0404685,9500912255140419907,0,12,12,53,17,0,2,3,2,91510,5019.326171875,0,0,3
1762844373.0404685,9500912255140419907,0,13,7,53,5,6,2,3,2,91317,4975.64599609375,0,0,3
1762844373.0404685,9500912255140419907,0,14,9,53,13,2,2,3,2,91781,5001.9296875,0,0,3
1762844373.0404685,9500912255140419907,0,15,14,53,18,0,2,3,2,91628,5026.0283203125,0,0,3
1762844373.0404685,9500912255140419907,0,16,13,53,14,0,2,3,2,92449,5025.66015625,0,0,3
1762844373.0404685,9500912255140419907,0,17,1,53,6,25,2,3,2,90593,4956.45703125,0,0,3
1762844373.0404685,9500912255140419907,0,18,15,53,9,0,3,3,2,91175,5028.9296875,0,0,4
1762844373.0404685,9500912255140419907,0,19,20,0,20,0,0,4,1,0,5136.519262569025,0,0,1
1762844373.0404685,9500912255140419907,0,20,0,0,0,0,0,0,0,0,0.0,0,0,0
1762844373.0404685,9500912255140419907,0,21,0,0,0,0,0,0,0,0,0.0,0,0,0
1762844378.046101,9500912255140419907,0,0,6,53,3,8,3,3,2,90011,4970.03515625,0,0,4
1762844378.046101,9500912255140419907,0,1,8,53,15,4,2,3,2,90814,4997.806640625,0,0,3
1762844378.046101,9500912255140419907,0,2,2,53,8,18,2,3,2,90669,4958.658203125,0,0,3
1762844378.046101,9500912255140419907,0,3,10,53,10,1,2,3,2,91770,5003.53955078125,0,0,3
1762844378.046101,9500912255140419907,0,4,16,53,16,0,3,3,2,91522,5031.4423828125,0,0,4
1762844378.046101,9500912255140419907,0,5,3,53,2,15,2,3,2,91151,4959.40625,0,0,3
1762844378.046101,9500912255140419907,0,6,19,52,11,0,3,3,2,93277,4999.85693359375,0,0,4
1762844378.046101,9500912255140419907,0,7,18,52,12,0,2,3,2,93054,4959.05908203125,0,0,3
1762844378.046101,9500912255140419907,0,8,17,53,19,0,3,3,2,91622,5047.9638671875,0,0,4
1762844378.046101,9500912255140419907,0,9,11,53,4,0,3,3,2,91281,5007.185546875,0,0,4
1762844378.046101,9500912255140419907,0,10,4,53,7,12,2,3,2,90719,4966.5361328125,0,0,3
1762844378.046101,9500912255140419907,0,11,5,53,1,10,2,3,2,91333,4969.7158203125,0,0,3
1762844378.046101,9500912255140419907,0,12,12,53,17,0,2,3,2,91510,5019.326171875,0,0,3
1762844378.046101,9500912255140419907,0,13,7,53,5,6,2,3,2,91317,4975.64599609375,0,0,3
1762844378.046101,9500912255140419907,0,14,9,53,13,2,2,3,2,91781,5001.9296875,0,0,3
1762844378.046101,9500912255140419907,0,15,14,53,18,0,2,3,2,91628,5026.0283203125,0,0,3
1762844378.046101,9500912255140419907,0,16,13,53,14,0,2,3,2,92449,5025.66015625,0,0,3
1762844378.046101,9500912255140419907,0,17,1,53,6,25,2,3,2,90593,4956.45703125,0,0,3
1762844378.046101,9500912255140419907,0,18,15,53,9,0,3,3,2,91175,5028.9296875,0,0,4
1762844378.046101,9500912255140419907,0,19,20,0,20,0,0,4,1,0,5136.519262569025,0,0,1
1762844378.046101,9500912255140419907,0,20,0,0,0,0,0,0,0,0,0.0,0,0,0
1762844378.046101,9500912255140419907,0,21,0,0,0,0,0,0,0,0,0.0,0,0,0
1762844383.0483406,9500912255140419907,0,0,6,53,3,8,3,3,2,90011,4970.03515625,0,0,4
1762844383.0483406,9500912255140419907,0,1,8,53,15,4,2,3,2,90814,4997.806640625,0,0,3
1762844383.0483406,9500912255140419907,0,2,2,53,8,18,2,3,2,90669,4958.658203125,0,0,3
1762844383.0483406,9500912255140419907,0,3,10,53,10,1,2,3,2,91770,5003.53955078125,0,0,3
1762844383.0483406,9500912255140419907,0,4,16,53,16,0,3,3,2,91522,5031.4423828125,0,0,4
1762844383.0483406,9500912255140419907,0,5,3,53,2,15,2,3,2,91151,4959.40625,0,0,3
1762844383.0483406,9500912255140419907,0,6,19,52,11,0,3,3,2,93277,4999.85693359375,0,0,4
1762844383.0483406,9500912255140419907,0,7,18,52,12,0,2,3,2,93054,4959.05908203125,0,0,3
1762844383.0483406,9500912255140419907,0,8,17,53,19,0,3,3,2,91622,5047.9638671875,0,0,4
1762844383.0483406,9500912255140419907,0,9,11,53,4,0,3,3,2,91281,5007.185546875,0,0,4
1762844383.0483406,9500912255140419907,0,10,4,53,7,12,2,3,2,90719,4966.5361328125,0,0,3
1762844383.0483406,9500912255140419907,0,11,5,53,1,10,2,3,2,91333,4969.7158203125,0,0,3
1762844383.0483406,9500912255140419907,0,12,12,53,17,0,2,3,2,91510,5019.326171875,0,0,3
1762844383.0483406,9500912255140419907,0,13,7,53,5,6,2,3,2,91317,4975.64599609375,0,0,3
1762844383.0483406,9500912255140419907,0,14,9,53,13,2,2,3,2,91781,5001.9296875,0,0,3
1762844383.0483406,9500912255140419907,0,15,14,53,18,0,2,3,2,91628,5026.0283203125,0,0,3
1762844383.0483406,9500912255140419907,0,16,13,53,14,0,2,3,2,92449,5025.66015625,0,0,3
1762844383.0483406,9500912255140419907,0,17,1,53,6,25,2,3,2,90593,4956.45703125,0,0,3
1762844383.0483406,9500912255140419907,0,18,15,53,9,0,3,3,2,91175,5028.9296875,0,0,4
1762844383.0483406,9500912255140419907,0,19,20,0,20,0,0,4,1,0,5136.519262569025,0,0,1
1762844383.0483406,9500912255140419907,0,20,0,0,0,0,0,0,0,0,0.0,0,0,0
1762844383.0483406,9500912255140419907,0,21,0,0,0,0,0,0,0,0,0.0,0,0,0
1762844388.0646677,9500912255140419907,0,0,6,53,3,8,3,3,2,90011,4970.03515625,0,0,4
1762844388.0646677,9500912255140419907,0,1,8,53,15,4,2,3,2,90814,4997.806640625,0,0,3
1762844388.0646677,9500912255140419907,0,2,2,53,8,18,2,3,2,90669,4958.658203125,0,0,3
1762844388.0646677,9500912255140419907,0,3,10,53,10,1,2,3,2,91770,5003.53955078125,0,0,3
1762844388.0646677,9500912255140419907,0,4,16,53,16,0,3,3,2,91522,5031.4423828125,0,0,4
1762844388.0646677,9500912255140419907,0,5,3,53,2,15,2,3,2,91151,4959.40625,0,0,3
1762844388.0646677,9500912255140419907,0,6,19,52,11,0,3,3,2,93277,4999.85693359375,0,0,4
1762844388.0646677,9500912255140419907,0,7,18,52,12,0,2,3,2,93054,4959.05908203125,0,0,3
1762844388.0646677,9500912255140419907,0,8,17,53,19,0,3,3,2,91622,5047.9638671875,0,0,4
1762844388.0646677,9500912255140419907,0,9,11,53,4,0,3,3,2,91281,5007.185546875,0,0,4
1762844388.0646677,9500912255140419907,0,10,4,53,7,12,2,3,2,90719,4966.5361328125,0,0,3
1762844388.0646677,9500912255140419907,0,11,5,53,1,10,2,3,2,91333,4969.7158203125,0,0,3
1762844388.0646677,9500912255140419907,0,12,12,53,17,0,2,3,2,91510,5019.326171875,0,0,3
1762844388.0646677,9500912255140419907,0,13,7,53,5,6,2,3,2,91317,4975.64599609375,0,0,3
1762844388.0646677,9500912255140419907,0,14,9,53,13,2,2,3,2,91781,5001.9296875,0,0,3
1762844388.0646677,9500912255140419907,0,15,14,53,18,0,2,3,2,91628,5026.0283203125,0,0,3
1762844388.0646677,9500912255140419907,0,16,13,53,14,0,2,3,2,92449,5025.66015625,0,0,3
1762844388.0646677,9500912255140419907,0,17,1,53,6,25,2,3,2,90593,4956.45703125,0,0,3
1762844388.0646677,9500912255140419907,0,18,15,53,9,0,3,3,2,91175,5028.9296875,0,0,4
1762844388.0646677,9500912255140419907,0,19,20,0,20,0,0,4,1,0,5136.519262569025,0,0,1
1762844388.0646677,9500912255140419907,0,20,0,0,0,0,0,0,0,0,0.0,0,0,0
1762844388.0646677,9500912255140419907,0,21,0,0,0,0,0,0,0,0,0.0,0,0,0
1762844393.0792077,9500912255140419907,0,0,6,53,3,8,3,3,2,90011,4970.03515625,0,0,4
1762844393.0792077,9500912255140419907,0,1,8,53,15,4,2,3,2,90814,4997.806640625,0,0,3
1762844393.0792077,9500912255140419907,0,2,2,53,8,18,2,3,2,90669,4958.658203125,0,0,3
1762844393.0792077,9500912255140419907,0,3,10,53,10,1,2,3,2,91770,5003.53955078125,0,0,3
1762844393.0792077,9500912255140419907,0,4,16,53,16,0,3,3,2,91522,5031.4423828125,0,0,4
1762844393.0792077,9500912255140419907,0,5,3,53,2,15,2,3,2,91151,4959.40625,0,0,3
1762844393.0792077,9500912255140419907,0,6,19,52,11,0,3,3,2,93277,4999.85693359375,0,0,4
1762844393.0792077,9500912255140419907,0,7,18,52,12,0,2,3,2,93054,4959.05908203125,0,0,3
1762844393.0792077,9500912255140419907,0,8,17,53,19,0,3,3,2,91622,5047.9638671875,0,0,4
1762844393.0792077,9500912255140419907,0,9,11,53,4,0,3,3,2,91281,5007.185546875,0,0,4
1762844393.0792077,9500912255140419907,0,10,4,53,7,12,2,3,2,90719,4966.5361328125,0,0,3
1762844393.0792077,9500912255140419907,0,11,5,53,1,10,2,3,2,91333,4969.7158203125,0,0,3
1762844393.0792077,9500912255140419907,0,12,12,53,17,0,2,3,2,91510,5019.326171875,0,0,3
1762844393.0792077,9500912255140419907,0,13,7,53,5,6,2,3,2,91317,4975.64599609375,0,0,3
1762844393.0792077,9500912255140419907,0,14,9,53,13,2,2,3,2,91781,5001.9296875,0,0,3
1762844393.0792077,9500912255140419907,0,15,14,53,18,0,2,3,2,91628,5026.0283203125,0,0,3
1762844393.0792077,9500912255140419907,0,16,13,53,14,0,2,3,2,92449,5025.66015625,0,0,3
1762844393.0792077,9500912255140419907,0,17,1,53,6,25,2,3,2,90593,4956.45703125,0,0,3
1762844393.0792077,9500912255140419907,0,18,15,53,9,0,3,3,2,91175,5028.9296875,0,0,4
1762844393.0792077,9500912255140419907,0,19,20,0,20,0,0,4,1,0,5136.519262569025,0,0,1
1762844393.0792077,9500912255140419907,0,20,0,0,0,0,0,0,0,0,0.0,0,0,0
1762844393.0792077,9500912255140419907,0,21,0,0,0,0,0,0,0,0,0.0,0,0,0
1762844398.0998638,9500912255140419907,0,0,6,53,3,8,3,3,2,90011,4970.03515625,0,0,4
1762844398.0998638,9500912255140419907,0,1,8,53,15,4,2,3,2,90814,4997.806640625,0,0,3
1762844398.0998638,9500912255140419907,0,2,2,53,8,18,2,3,2,90669,4958.658203125,0,0,3
1762844398.0998638,9500912255140419907,0,3,10,53,10,1,2,3,2,91770,5003.53955078125,0,0,3
1762844398.0998638,9500912255140419907,0,4,16,53,16,0,3,3,2,91522,5031.4423828125,0,0,4
1762844398.0998638,9500912255140419907,0,5,3,53,2,15,2,3,2,91151,4959.40625,0,0,3
1762844398.0998638,9500912255140419907,0,6,19,52,11,0,3,3,2,93277,4999.85693359375,0,0,4
1762844398.0998638,9500912255140419907,0,7,18,52,12,0,2,3,2,93054,4959.05908203125,0,0,3
1762844398.0998638,9500912255140419907,0,8,17,53,19,0,3,3,2,91622,5047.9638671875,0,0,4
1762844398.0998638,9500912255140419907,0,9,11,53,4,0,3,3,2,91281,5007.185546875,0,0,4
1762844398.0998638,9500912255140419907,0,10,4,53,7,12,2,3,2,90719,4966.5361328125,0,0,3
1762844398.0998638,9500912255140419907,0,11,5,53,1,10,2,3,2,91333,4969.7158203125,0,0,3
1762844398.0998638,9500912255140419907,0,12,12,53,17,0,2,3,2,91510,5019.326171875,0,0,3
1762844398.0998638,9500912255140419907,0,13,7,53,5,6,2,3,2,91317,4975.64599609375,0,0,3
1762844398.0998638,9500912255140419907,0,14,9,53,13,2,2,3,2,91781,5001.9296875,0,0,3
1762844398.0998638,9500912255140419907,0,15,14,53,18,0,2,3,2,91628,5026.0283203125,0,0,3
1762844398.0998638,9500912255140419907,0,16,13,53,14,0,2,3,2,92449,5025.66015625,0,0,3
1762844398.0998638,9500912255140419907,0,17,1,53,6,25,2,3,2,90593,4956.45703125,0,0,3
1762844398.0998638,9500912255140419907,0,18,15,53,9,0,3,3,2,91175,5028.9296875,0,0,4
1762844398.0998638,9500912255140419907,0,19,20,0,20,0,0,4,1,0,5136.519262569025,0,0,1
1762844398.0998638,9500912255140419907,0,20,0,0,0,0,0,0,0,0,0.0,0,0,0
1762844398.0998638,9500912255140419907,0,21,0,0,0,0,0,0,0,0,0.0,0,0,0
1762844403.1156845,9500912255140419907,0,0,6,53,3,8,3,3,2,90011,4970.03515625,0,0,4
1762844403.1156845,9500912255140419907,0,1,8,53,15,4,2,3,2,90814,4997.806640625,0,0,3
1762844403.1156845,9500912255140419907,0,2,2,53,8,18,2,3,2,90669,4958.658203125,0,0,3
1762844403.1156845,9500912255140419907,0,3,10,53,10,1,2,3,2,91770,5003.53955078125,0,0,3
1762844403.1156845,9500912255140419907,0,4,16,53,16,0,3,3,2,91522,5031.4423828125,0,0,4
1762844403.1156845,9500912255140419907,0,5,3,53,2,15,2,3,2,91151,4959.40625,0,0,3
1762844403.1156845,9500912255140419907,0,6,19,52,11,0,3,3,2,93277,4999.85693359375,0,0,4
1762844403.1156845,9500912255140419907,0,7,18,52,12,0,2,3,2,93054,4959.05908203125,0,0,3
1762844403.1156845,9500912255140419907,0,8,17,53,19,0,3,3,2,91622,5047.9638671875,0,0,4
1762844403.1156845,9500912255140419907,0,9,11,53,4,0,3,3,2,91281,5007.185546875,0,0,4
1762844403.1156845,9500912255140419907,0,10,4,53,7,12,2,3,2,90719,4966.5361328125,0,0,3
1762844403.1156845,9500912255140419907,0,11,5,53,1,10,2,3,2,91333,4969.7158203125,0,0,3
1762844403.1156845,9500912255140419907,0,12,12,53,17,0,2,3,2,91510,5019.326171875,0,0,3
1762844403.1156845,9500912255140419907,0,13,7,53,5,6,2,3,2,91317,4975.64599609375,0,0,3
1762844403.1156845,9500912255140419907,0,14,9,53,13,2,2,3,2,91781,5001.9296875,0,0,3
1762844403.1156845,9500912255140419907,0,15,14,53,18,0,2,3,2,91628,5026.0283203125,0,0,3
1762844403.1156845,9500912255140419907,0,16,13,53,14,0,2,3,2,92449,5025.66015625,0,0,3
1762844403.1156845,9500912255140419907,0,17,1,53,6,25,2,3,2,90593,4956.45703125,0,0,3
1762844403.1156845,9500912255140419907,0,18,15,53,9,0,3,3,2,91175,5028.9296875,0,0,4
1762844403.1156845,9500912255140419907,0,19,20,0,20,0,0,4,1,0,5136.519262569025,0,0,1
1762844403.1156845,9500912255140419907,0,20,0,0,0,0,0,0,0,0,0.0,0,0,0
1762844403.1156845,9500912255140419907,0,21,0,0,0,0,0,0,0,0,0.0,0,0,0
1762844408.1259933,9500912255140419907,0,0,6,53,3,8,3,3,2,90011,4970.03515625,0,0,4
1762844408.1259933,9500912255140419907,0,1,8,53,15,4,2,3,2,90814,4997.806640625,0,0,3
1762844408.1259933,9500912255140419907,0,2,2,53,8,18,2,3,2,90669,4958.658203125,0,0,3
1762844408.1259933,9500912255140419907,0,3,10,53,10,1,2,3,2,91770,5003.53955078125,0,0,3
1762844408.1259933,9500912255140419907,0,4,16,53,16,0,3,3,2,91522,5031.4423828125,0,0,4
1762844408.1259933,9500912255140419907,0,5,3,53,2,15,2,3,2,91151,4959.40625,0,0,3
1762844408.1259933,9500912255140419907,0,6,19,52,11,0,3,3,2,93277,4999.85693359375,0,0,4
1762844408.1259933,9500912255140419907,0,7,18,52,12,0,2,3,2,93054,4959.05908203125,0,0,3
1762844408.1259933,9500912255140419907,0,8,17,53,19,0,3,3,2,91622,5047.9638671875,0,0,4
1762844408.1259933,9500912255140419907,0,9,11,53,4,0,3,3,2,91281,5007.185546875,0,0,4
1762844408.1259933,9500912255140419907,0,10,4,53,7,12,2,3,2,90719,4966.5361328125,0,0,3
1762844408.1259933,9500912255140419907,0,11,5,53,1,10,2,3,2,91333,4969.7158203125,0,0,3
1762844408.1259933,9500912255140419907,0,12,12,53,17,0,2,3,2,91510,5019.326171875,0,0,3
1762844408.1259933,9500912255140419907,0,13,7,53,5,6,2,3,2,91317,4975.64599609375,0,0,3
1762844408.1259933,9500912255140419907,0,14,9,53,13,2,2,3,2,91781,5001.9296875,0,0,3
1762844408.1259933,9500912255140419907,0,15,14,53,18,0,2,3,2,91628,5026.0283203125,0,0,3
1762844408.1259933,9500912255140419907,0,16,13,53,14,0,2,3,2,92449,5025.66015625,0,0,3
1762844408.1259933,9500912255140419907,0,17,1,53,6,25,2,3,2,90593,4956.45703125,0,0,3
1762844408.1259933,9500912255140419907,0,18,15,53,9,0,3,3,2,91175,5028.9296875,0,0,4
1762844408.1259933,9500912255140419907,0,19,20,0,20,0,0,4,1,0,5136.519262569025,0,0,1
1762844408.1259933,9500912255140419907,0,20,0,0,0,0,0,0,0,0,0.0,0,0,0
1762844408.1259933,9500912255140419907,0,21,0,0,0,0,0,0,0,0,0.0,0,0,0
1762844413.1415431,9500912255140419907,0,0,6,53,3,8,3,3,2,90011,4970.03515625,0,0,4
1762844413.1415431,9500912255140419907,0,1,8,53,15,4,2,3,2,90814,4997.806640625,0,0,3
1762844413.1415431,9500912255140419907,0,2,2,53,8,18,2,3,2,90669,4958.658203125,0,0,3
1762844413.1415431,9500912255140419907,0,3,10,53,10,1,2,3,2,91770,5003.53955078125,0,0,3
1762844413.1415431,9500912255140419907,0,4,16,53,16,0,3,3,2,91522,5031.4423828125,0,0,4
1762844413.1415431,9500912255140419907,0,5,3,53,2,15,2,3,2,91151,4959.40625,0,0,3
1762844413.1415431,9500912255140419907,0,6,19,52,11,0,3,3,2,93277,4999.85693359375,0,0,4
1762844413.1415431,9500912255140419907,0,7,18,52,12,0,2,3,2,93054,4959.05908203125,0,0,3
1762844413.1415431,9500912255140419907,0,8,17,53,19,0,3,3,2,91622,5047.9638671875,0,0,4
1762844413.1415431,9500912255140419907,0,9,11,53,4,0,3,3,2,91281,5007.185546875,0,0,4
1762844413.1415431,9500912255140419907,0,10,4,53,7,12,2,3,2,90719,4966.5361328125,0,0,3
1762844413.1415431,9500912255140419907,0,11,5,53,1,10,2,3,2,91333,4969.7158203125,0,0,3
1762844413.1415431,9500912255140419907,0,12,12,53,17,0,2,3,2,91510,5019.326171875,0,0,3
1762844413.1415431,9500912255140419907,0,13,7,53,5,6,2,3,2,91317,4975.64599609375,0,0,3
1762844413.1415431,9500912255140419907,0,14,9,53,13,2,2,3,2,91781,5001.9296875,0,0,3
1762844413.1415431,9500912255140419907,0,15,14,53,18,0,2,3,2,91628,5026.0283203125,0,0,3
1762844413.1415431,9500912255140419907,0,16,13,53,14,0,2,3,2,92449,5025.66015625,0,0,3
1762844413.1415431,9500912255140419907,0,17,1,53,6,25,2,3,2,90593,4956.45703125,0,0,3
1762844413.1415431,9500912255140419907,0,18,15,53,9,0,3,3,2,91175,5028.9296875,0,0,4
1762844413.1415431,9500912255140419907,0,19,20,0,20,0,0,4,1,0,5136.519262569025,0,0,1
1762844413.1415431,9500912255140419907,0,20,0,0,0,0,0,0,0,0,0.0,0,0,0
1762844413.1415431,9500912255140419907,0,21,0,0,0,0,0,0,0,0,0.0,0,0,0
1762844418.1601796,9500912255140419907,0,0,6,53,3,8,3,3,2,90011,4970.03515625,0,0,4
1762844418.1601796,9500912255140419907,0,1,8,53,15,4,2,3,2,90814,4997.806640625,0,0,3
1762844418.1601796,9500912255140419907,0,2,2,53,8,18,2,3,2,90669,4958.658203125,0,0,3
1762844418.1601796,9500912255140419907,0,3,10,53,10,1,2,3,2,91770,5003.53955078125,0,0,3
1762844418.1601796,9500912255140419907,0,4,16,53,16,0,3,3,2,91522,5031.4423828125,0,0,4
1762844418.1601796,9500912255140419907,0,5,3,53,2,15,2,3,2,91151,4959.40625,0,0,3
1762844418.1601796,9500912255140419907,0,6,19,52,11,0,3,3,2,93277,4999.85693359375,0,0,4
1762844418.1601796,9500912255140419907,0,7,18,52,12,0,2,3,2,93054,4959.05908203125,0,0,3
1762844418.1601796,9500912255140419907,0,8,17,53,19,0,3,3,2,91622,5047.9638671875,0,0,4
1762844418.1601796,9500912255140419907,0,9,11,53,4,0,3,3,2,91281,5007.185546875,0,0,4
1762844418.1601796,9500912255140419907,0,10,4,53,7,12,2,3,2,90719,4966.5361328125,0,0,3
1762844418.1601796,9500912255140419907,0,11,5,53,1,10,2,3,2,91333,4969.7158203125,0,0,3
1762844418.1601796,9500912255140419907,0,12,12,53,17,0,2,3,2,91510,5019.326171875,0,0,3
1762844418.1601796,9500912255140419907,0,13,7,53,5,6,2,3,2,91317,4975.64599609375,0,0,3
1762844418.1601796,9500912255140419907,0,14,9,53,13,2,2,3,2,91781,5001.9296875,0,0,3
1762844418.1601796,9500912255140419907,0,15,14,53,18,0,2,3,2,91628,5026.0283203125,0,0,3
1762844418.1601796,9500912255140419907,0,16,13,53,14,0,2,3,2,92449,5025.66015625,0,0,3
1762844418.1601796,9500912255140419907,0,17,1,53,6,25,2,3,2,90593,4956.45703125,0,0,3
1762844418.1601796,9500912255140419907,0,18,15,53,9,0,3,3,2,91175,5028.9296875,0,0,4
1762844418.1601796,9500912255140419907,0,19,20,0,20,0,0,4,1,0,5136.519262569025,0,0,1
1762844418.1601796,9500912255140419907,0,20,0,0,0,0,0,0,0,0,0.0,0,0,0
1762844418.1601796,9500912255140419907,0,21,0,0,0,0,0,0,0,0,0.0,0,0,0
1762844423.1744127,9500912255140419907,0,0,6,53,3,8,3,3,2,90011,4970.03515625,0,0,4
1762844423.1744127,9500912255140419907,0,1,8,53,15,4,2,3,2,90814,4997.806640625,0,0,3
1762844423.1744127,9500912255140419907,0,2,2,53,8,18,2,3,2,90669,4958.658203125,0,0,3
1762844423.1744127,9500912255140419907,0,3,10,53,10,1,2,3,2,91770,5003.53955078125,0,0,3
1762844423.1744127,9500912255140419907,0,4,16,53,16,0,3,3,2,91522,5031.4423828125,0,0,4
1762844423.1744127,9500912255140419907,0,5,3,53,2,15,2,3,2,91151,4959.40625,0,0,3
1762844423.1744127,9500912255140419907,0,6,19,52,11,0,3,3,2,93277,4999.85693359375,0,0,4
1762844423.1744127,9500912255140419907,0,7,18,52,12,0,2,3,2,93054,4959.05908203125,0,0,3
1762844423.1744127,9500912255140419907,0,8,17,53,19,0,3,3,2,91622,5047.9638671875,0,0,4
1762844423.1744127,9500912255140419907,0,9,11,53,4,0,3,3,2,91281,5007.185546875,0,0,4
1762844423.1744127,9500912255140419907,0,10,4,53,7,12,2,3,2,90719,4966.5361328125,0,0,3
1762844423.1744127,9500912255140419907,0,11,5,53,1,10,2,3,2,91333,4969.7158203125,0,0,3
1762844423.1744127,9500912255140419907,0,12,12,53,17,0,2,3,2,91510,5019.326171875,0,0,3
1762844423.1744127,9500912255140419907,0,13,7,53,5,6,2,3,2,91317,4975.64599609375,0,0,3
1762844423.1744127,9500912255140419907,0,14,9,53,13,2,2,3,2,91781,5001.9296875,0,0,3
1762844423.1744127,9500912255140419907,0,15,14,53,18,0,2,3,2,91628,5026.0283203125,0,0,3
1762844423.1744127,9500912255140419907,0,16,13,53,14,0,2,3,2,92449,5025.66015625,0,0,3
1762844423.1744127,9500912255140419907,0,17,1,53,6,25,2,3,2,90593,4956.45703125,0,0,3
1762844423.1744127,9500912255140419907,0,18,15,53,9,0,3,3,2,91175,5028.9296875,0,0,4
1762844423.1744127,9500912255140419907,0,19,20,0,20,0,0,4,1,0,5136.519262569025,0,0,1
1762844423.1744127,9500912255140419907,0,20,0,0,0,0,0,0,0,0,0.0,0,0,0
1762844423.1744127,9500912255140419907,0,21,0,0,0,0,0,0,0,0,0.0,0,0,0
1762844428.1841946,9500912255140419907,0,0,6,53,3,8,3,3,2,90011,4970.03515625,0,0,4
1762844428.1841946,9500912255140419907,0,1,8,53,15,4,2,3,2,90814,4997.806640625,0,0,3
1762844428.1841946,9500912255140419907,0,2,2,53,8,18,2,3,2,90669,4958.658203125,0,0,3
1762844428.1841946,9500912255140419907,0,3,10,53,10,1,2,3,2,91770,5003.53955078125,0,0,3
1762844428.1841946,9500912255140419907,0,4,16,53,16,0,3,3,2,91522,5031.4423828125,0,0,4
1762844428.1841946,9500912255140419907,0,5,3,53,2,15,2,3,2,91151,4959.40625,0,0,3
1762844428.1841946,9500912255140419907,0,6,19,52,11,0,3,3,2,93277,4999.85693359375,0,0,4
1762844428.1841946,9500912255140419907,0,7,18,52,12,0,2,3,2,93054,4959.05908203125,0,0,3
1762844428.1841946,9500912255140419907,0,8,17,53,19,0,3,3,2,91622,5047.9638671875,0,0,4
1762844428.1841946,9500912255140419907,0,9,11,53,4,0,3,3,2,91281,5007.185546875,0,0,4
1762844428.1841946,9500912255140419907,0,10,4,53,7,12,2,3,2,90719,4966.5361328125,0,0,3
1762844428.1841946,9500912255140419907,0,11,5,53,1,10,2,3,2,91333,4969.7158203125,0,0,3
1762844428.1841946,9500912255140419907,0,12,12,53,17,0,2,3,2,91510,5019.326171875,0,0,3
1762844428.1841946,9500912255140419907,0,13,7,53,5,6,2,3,2,91317,4975.64599609375,0,0,3
1762844428.1841946,9500912255140419907,0,14,9,53,13,2,2,3,2,91781,5001.9296875,0,0,3
1762844428.1841946,9500912255140419907,0,15,14,53,18,0,2,3,2,91628,5026.0283203125,0,0,3
1762844428.1841946,9500912255140419907,0,16,13,53,14,0,2,3,2,92449,5025.66015625,0,0,3
1762844428.1841946,9500912255140419907,0,17,1,53,6,25,2,3,2,90593,4956.45703125,0,0,3
1762844428.1841946,9500912255140419907,0,18,15,53,9,0,3,3,2,91175,5028.9296875,0,0,4
1762844428.1841946,9500912255140419907,0,19,20,0,20,0,0,4,1,0,5136.519262569025,0,0,1
1762844428.1841946,9500912255140419907,0,20,0,0,0,0,0,0,0,0,0.0,0,0,0
1762844428.1841946,9500912255140419907,0,21,0,0,0,0,0,0,0,0,0.0,0,0,0
1762844433.1999385,9500912255140419907,0,0,6,53,3,8,3,3,2,90011,4970.03515625,0,0,4
1762844433.1999385,9500912255140419907,0,1,8,53,15,4,2,3,2,90814,4997.806640625,0,0,3
1762844433.1999385,9500912255140419907,0,2,2,53,8,18,2,3,2,90669,4958.658203125,0,0,3
1762844433.1999385,9500912255140419907,0,3,10,53,10,1,2,3,2,91770,5003.53955078125,0,0,3
1762844433.1999385,9500912255140419907,0,4,16,53,16,0,3,3,2,91522,5031.4423828125,0,0,4
1762844433.1999385,9500912255140419907,0,5,3,53,2,15,2,3,2,91151,4959.40625,0,0,3
1762844433.1999385,9500912255140419907,0,6,19,52,11,0,3,3,2,93277,4999.85693359375,0,0,4
1762844433.1999385,9500912255140419907,0,7,18,52,12,0,2,3,2,93054,4959.05908203125,0,0,3
1762844433.1999385,9500912255140419907,0,8,17,53,19,0,3,3,2,91622,5047.9638671875,0,0,4
1762844433.1999385,9500912255140419907,0,9,11,53,4,0,3,3,2,91281,5007.185546875,0,0,4
1762844433.1999385,9500912255140419907,0,10,4,53,7,12,2,3,2,90719,4966.5361328125,0,0,3
1762844433.1999385,9500912255140419907,0,11,5,53,1,10,2,3,2,91333,4969.7158203125,0,0,3
1762844433.1999385,9500912255140419907,0,12,12,53,17,0,2,3,2,91510,5019.326171875,0,0,3
1762844433.1999385,9500912255140419907,0,13,7,53,5,6,2,3,2,91317,4975.64599609375,0,0,3
1762844433.1999385,9500912255140419907,0,14,9,53,13,2,2,3,2,91781,5001.9296875,0,0,3
1762844433.1999385,9500912255140419907,0,15,14,53,18,0,2,3,2,91628,5026.0283203125,0,0,3
1762844433.1999385,9500912255140419907,0,16,13,53,14,0,2,3,2,92449,5025.66015625,0,0,3
1762844433.1999385,9500912255140419907,0,17,1,53,6,25,2,3,2,90593,4956.45703125,0,0,3
1762844433.1999385,9500912255140419907,0,18,15,53,9,0,3,3,2,91175,5028.9296875,0,0,4
1762844433.1999385,9500912255140419907,0,19,20,0,20,0,0,4,1,0,5136.519262569025,0,0,1
1762844433.1999385,9500912255140419907,0,20,0,0,0,0,0,0,0,0,0.0,0,0,0
1762844433.1999385,9500912255140419907,0,21,0,0,0,0,0,0,0,0,0.0,0,0,0
