timestamp,session_uid,frame,weather,track_temperature,air_temperature,total_laps,track_length,session_type,track_id,formula,session_time_left,session_duration,pit_speed_limit,safety_car_status,network_game
1765176647.3776855,14012902332939303710,0,0,37,27,58,5280,15,14,0,7200,7200,80,0,1
1765176648.3805437,14012902332939303710,20,0,37,27,58,5280,15,14,0,7200,7200,80,255,1
1765176649.3888762,14012902332939303710,37,0,31,24,58,5280,15,14,0,7200,7200,80,255,1
1765176650.3893483,14012902332939303710,57,0,31,24,58,5280,15,14,0,7200,7200,80,255,1
1765176651.8787758,14012902332939303710,89,0,31,24,58,5280,15,14,0,7200,7200,80,255,1
1765176652.8896008,14012902332939303710,111,0,31,24,58,5280,15,14,0,7199,7200,80,255,1
1765176655.8074582,14012902332939303710,121,0,31,24,58,5280,15,14,0,7199,7200,80,255,1
1765176656.8123724,14012902332939303710,141,0,31,24,58,5280,15,14,0,7197,7200,80,255,1
1765176657.821323,14012902332939303710,167,0,31,24,58,5280,15,14,0,7196,7200,80,255,1
1765176659.3158817,14012902332939303710,204,0,31,24,58,5280,15,14,0,7195,7200,80,255,1
1765176660.322385,14012902332939303710,229,0,31,24,58,5280,15,14,0,7194,7200,80,255,1
1765176661.8099964,14012902332939303710,266,0,31,24,58,5280,15,14,0,7192,7200,80,255,1
1765176663.3158858,14012902332939303710,306,0,31,24,58,5280,15,14,0,7191,7200,80,255,1
1765176664.3216698,14012902332939303710,331,0,31,24,58,5280,15,14,0,7190,7200,80,255,1
1765176665.813903,14012902332939303710,363,0,31,24,58,5280,15,14,0,7188,7200,80,255,1
1765176666.817441,14012902332939303710,387,0,31,24,58,5280,15,14,0,7187,7200,80,255,1
1765176668.313771,14012902332939303710,423,0,31,24,58,5280,15,14,0,7186,7200,80,255,1
1765176669.3139007,14012902332939303710,448,0,31,24,58,5280,15,14,0,7185,7200,80,255,1
1765176670.3177495,14012902332939303710,472,0,31,24,58,5280,15,14,0,7184,7200,80,255,1
1765176671.8213186,14012902332939303710,508,0,31,24,58,5280,15,14,0,7182,7200,80,255,1
1765176673.3124654,14012902332939303710,545,0,31,24,58,5280,15,14,0,7181,7200,80,255,1
1765176674.8163288,14012902332939303710,581,0,31,24,58,5280,15,14,0,7179,7200,80,255,1
1765176675.8181176,14012902332939303710,604,0,31,24,58,5280,15,14,0,7178,7200,80,255,1
1765176677.318271,14012902332939303710,639,0,31,24,58,5280,15,14,0,7177,7200,80,255,1
1765176678.3185008,14012902332939303710,664,0,31,24,58,5280,15,14,0,7176,7200,80,255,1
1765176679.8111289,14012902332939303710,707,0,31,24,58,5280,15,14,0,7174,7200,80,255,1
1765176680.8171117,14012902332939303710,734,0,31,24,58,5280,15,14,0,7173,7200,80,255,1
1765176682.3227546,14012902332939303710,771,0,31,24,58,5280,15,14,0,7172,7200,80,255,1
1765176683.8101783,14012902332939303710,809,0,31,24,58,5280,15,14,0,7170,7200,80,255,1
1765176685.3094134,14012902332939303710,846,0,31,24,58,5280,15,14,0,7169,7200,80,255,1
1765176686.3150299,14012902332939303710,869,0,31,24,58,5280,15,14,0,7168,7200,80,255,1
1765176687.3212984,14012902332939303710,895,0,31,24,58,5280,15,14,0,7167,7200,80,255,1
1765176688.8221235,14012902332939303710,934,0,31,24,58,5280,15,14,0,7165,7200,80,255,1
1765176689.8226004,14012902332939303710,958,0,31,24,58,5280,15,14,0,7164,7200,80,255,1
1765176691.3159387,14012902332939303710,995,0,31,24,58,5280,15,14,0,7163,7200,80,255,1
1765176692.6592228,14012902332939303710,1010,0,31,24,58,5280,15,14,0,7162,7200,80,255,1
1765176694.1672251,14012902332939303710,1040,0,31,24,58,5280,15,14,0,7161,7200,80,255,1
1765176695.6611838,14012902332939303710,1070,0,31,24,58,5280,15,14,0,7159,7200,80,255,1
1765176696.6624484,14012902332939303710,1090,0,31,24,58,5280,15,14,0,7158,7200,80,255,1
1765176697.6664162,14012902332939303710,1111,0,31,24,58,5280,15,14,0,7157,7200,80,255,1
1765176699.1675742,14012902332939303710,1141,0,31,24,58,5280,15,14,0,7156,7200,80,255,1
1765176700.6604395,14012902332939303710,1171,0,31,24,58,5280,15,14,0,7154,7200,80,255,1
1765176701.660938,14012902332939303710,1191,0,31,24,58,5280,15,14,0,7153,7200,80,255,1
1765176702.6621685,14012902332939303710,1212,0,31,24,58,5280,15,14,0,7152,7200,80,255,1
1765176704.158701,14012902332939303710,1242,0,31,24,58,5280,15,14,0,7151,7200,80,255,1
1765176705.1606297,14012902332939303710,1262,0,31,24,58,5280,15,14,0,7150,7200,80,255,1
1765176706.6608331,14012902332939303710,1292,0,31,24,58,5280,15,14,0,7148,7200,80,255,1
1765176708.1633024,14012902332939303710,1323,0,31,24,58,5280,15,14,0,7147,7200,80,255,1
1765176709.6608324,14012902332939303710,1353,0,31,24,58,5280,15,14,0,7145,7200,80,255,1
1765176711.158587,14012902332939303710,1383,0,31,24,58,5280,15,14,0,7144,7200,80,255,1
1765176716.6347232,14012902332939303710,1403,0,31,24,58,5280,15,14,0,7143,7200,80,255,1
1765176717.8873096,14012902332939303710,1404,0,31,24,58,5280,15,14,0,7143,7200,80,255,1
1765176718.8901002,14012902332939303710,1424,0,31,24,58,5280,15,14,0,7142,7200,80,255,1
1765176719.8980339,14012902332939303710,1444,0,31,24,58,5280,15,14,0,7141,7200,80,255,1
1765176721.3935547,14012902332939303710,1474,0,31,24,58,5280,15,14,0,7139,7200,80,255,1
1765176722.3972354,14012902332939303710,1494,0,31,24,58,5280,15,14,0,7138,7200,80,255,1
1765176723.8902442,14012902332939303710,1524,0,31,24,58,5280,15,14,0,7137,7200,80,255,1
1765176724.89815,14012902332939303710,1544,0,31,24,58,5280,15,14,0,7136,7200,80,255,1
1765176726.388078,14012902332939303710,1574,0,31,24,58,5280,15,14,0,7134,7200,80,255,1
1765176727.395715,14012902332939303710,1594,0,31,24,58,5280,15,14,0,7133,7200,80,255,1
1765176728.8908012,14012902332939303710,1624,0,31,24,58,5280,15,14,0,7132,7200,80,255,1
1765176730.096709,14012902332939303710,1632,0,31,24,58,5280,15,14,0,7131,7200,80,255,1
1765176735.1711183,14012902332939303710,1633,0,31,24,58,5280,15,14,0,7131,7200,80,255,1
1765176736.1723564,14012902332939303710,1653,0,31,24,58,5280,15,14,0,7130,7200,80,255,1
1765176737.1845362,14012902332939303710,1673,0,31,24,58,5280,15,14,0,7129,7200,80,255,1
1765176738.6796186,14012902332939303710,1703,0,31,24,58,5280,15,14,0,7128,7200,80,255,1
1765176740.1858222,14012902332939303710,1733,0,31,24,58,5280,15,14,0,7126,7200,80,255,1
1765176741.6724892,14012902332939303710,1763,0,31,24,58,5280,15,14,0,7125,7200,80,255,1
1765176742.6783936,14012902332939303710,1783,0,31,24,58,5280,15,14,0,7124,7200,80,255,1
1765176743.6848032,14012902332939303710,1803,0,31,24,58,5280,15,14,0,7123,7200,80,255,1
1765176745.1812298,14012902332939303710,1833,0,31,24,58,5280,15,14,0,7121,7200,80,255,1
1765176746.6795416,14012902332939303710,1863,0,31,24,58,5280,15,14,0,7120,7200,80,255,1
1765176748.1780188,14012902332939303710,1893,0,31,24,58,5280,15,14,0,7118,7200,80,255,1
1765176749.1811779,14012902332939303710,1913,0,31,24,58,5280,15,14,0,7117,7200,80,255,1
1765176750.6796427,14012902332939303710,1943,0,31,24,58,5280,15,14,0,7116,7200,80,255,1
1765176751.6796725,14012902332939303710,1963,0,31,24,58,5280,15,14,0,7115,7200,80,255,1
1765176753.174605,14012902332939303710,1993,0,31,24,58,5280,15,14,0,7113,7200,80,255,1
1765176754.1802921,14012902332939303710,2013,0,31,24,58,5280,15,14,0,7112,7200,80,255,1
1765176755.1845293,14012902332939303710,2033,0,31,24,58,5280,15,14,0,7111,7200,80,255,1
1765176756.6769314,14012902332939303710,2063,0,31,24,58,5280,15,14,0,7110,7200,80,255,1
1765176757.681826,14012902332939303710,2083,0,31,24,58,5280,15,14,0,7109,7200,80,255,1
1765176759.184209,14012902332939303710,2113,0,31,24,58,5280,15,14,0,7107,7200,80,255,1
1765176760.671683,14012902332939303710,2143,0,31,24,58,5280,15,14,0,7106,7200,80,255,1
1765176762.1723638,14012902332939303710,2173,0,31,24,58,5280,15,14,0,7104,7200,80,255,1
1765176763.6712973,14012902332939303710,2203,0,31,24,58,5280,15,14,0,7103,7200,80,255,1
1765176764.6716447,14012902332939303710,2224,0,31,24,58,5280,15,14,0,7102,7200,80,255,1
1765176765.6841354,14012902332939303710,2245,0,31,24,58,5280,15,14,0,7101,7200,80,255,1
1765176766.6841803,14012902332939303710,2265,0,31,24,58,5280,15,14,0,7100,7200,80,255,1
1765176768.1819596,14012902332939303710,2295,0,31,24,58,5280,15,14,0,7098,7200,80,255,1
1765176769.6835957,14012902332939303710,2325,0,31,24,58,5280,15,14,0,7097,7200,80,255,1
1765176771.1813614,14012902332939303710,2356,0,31,24,58,5280,15,14,0,7095,7200,80,255,1
1765176772.1836553,14012902332939303710,2376,0,31,24,58,5280,15,14,0,7094,7200,80,255,1
1765176773.6833436,14012902332939303710,2406,0,31,24,58,5280,15,14,0,7093,7200,80,255,1
1765176775.1713805,14012902332939303710,2436,0,31,24,58,5280,15,14,0,7091,7200,80,255,1
1765176776.1737492,14012902332939303710,2456,0,31,24,58,5280,15,14,0,7090,7200,80,255,1
1765176777.176717,14012902332939303710,2476,0,31,24,58,5280,15,14,0,7089,7200,80,255,1
1765176778.1781702,14012902332939303710,2496,0,31,24,58,5280,15,14,0,7088,7200,80,255,1
1765176779.6759164,14012902332939303710,2526,0,31,24,58,5280,15,14,0,7087,7200,80,255,1
1765176780.6767712,14012902332939303710,2547,0,31,24,58,5280,15,14,0,7086,7200,80,255,1
1765176781.6768398,14012902332939303710,2567,0,31,24,58,5280,15,14,0,7085,7200,80,255,1
1765176782.6769583,14012902332939303710,2587,0,31,24,58,5280,15,14,0,7084,7200,80,255,1
1765176784.1770222,14012902332939303710,2617,0,31,24,58,5280,15,14,0,7082,7200,80,255,1
1765176785.67428,14012902332939303710,2647,0,31,24,58,5280,15,14,0,7081,7200,80,255,1
1765176786.675013,14012902332939303710,2667,0,31,24,58,5280,15,14,0,7080,7200,80,255,1
1765176788.1726513,14012902332939303710,2697,0,31,24,58,5280,15,14,0,7078,7200,80,255,1
1765176789.1785843,14012902332939303710,2717,0,31,24,58,5280,15,14,0,7077,7200,80,255,1
1765176790.18461,14012902332939303710,2737,0,31,24,58,5280,15,14,0,7076,7200,80,255,1
1765176791.673118,14012902332939303710,2767,0,31,24,58,5280,15,14,0,7075,7200,80,255,1
1765176792.6733174,14012902332939303710,2787,0,31,24,58,5280,15,14,0,7074,7200,80,255,1
1765176794.1723456,14012902332939303710,2817,0,31,24,58,5280,15,14,0,7072,7200,80,255,1
1765176795.1824586,14012902332939303710,2837,0,31,24,58,5280,15,14,0,7071,7200,80,255,1
1765176796.679315,14012902332939303710,2867,0,31,24,58,5280,15,14,0,7070,7200,80,255,1
1765176798.1735535,14012902332939303710,2897,0,31,24,58,5280,15,14,0,7068,7200,80,255,1
1765176799.6711922,14012902332939303710,2927,0,31,24,58,5280,15,14,0,7067,7200,80,255,1
1765176800.6836927,14012902332939303710,2947,0,31,24,58,5280,15,14,0,7066,7200,80,255,1
1765176802.1814237,14012902332939303710,2977,0,31,24,58,5280,15,14,0,7064,7200,80,255,1
1765176803.677107,14012902332939303710,3007,0,31,24,58,5280,15,14,0,7063,7200,80,255,1
1765176805.1724765,14012902332939303710,3037,0,31,24,58,5280,15,14,0,7061,7200,80,255,1
1765176806.1835215,14012902332939303710,3057,0,31,24,58,5280,15,14,0,7060,7200,80,255,1
1765176807.6794035,14012902332939303710,3087,0,31,24,58,5280,15,14,0,7059,7200,80,255,1
1765176809.1727488,14012902332939303710,3117,0,31,24,58,5280,15,14,0,7057,7200,80,255,1
1765176810.681689,14012902332939303710,3147,0,31,24,58,5280,15,14,0,7056,7200,80,255,1
1765176812.1783123,14012902332939303710,3177,0,31,24,58,5280,15,14,0,7054,7200,80,255,1
1765176813.6719792,14012902332939303710,3208,0,31,24,58,5280,15,14,0,7053,7200,80,255,1
1765176814.6833029,14012902332939303710,3228,0,31,24,58,5280,15,14,0,7052,7200,80,255,1
1765176816.179904,14012902332939303710,3258,0,31,24,58,5280,15,14,0,7050,7200,80,255,1
1765176817.6758626,14012902332939303710,3288,0,31,24,58,5280,15,14,0,7049,7200,80,255,1
1765176819.1725893,14012902332939303710,3318,0,31,24,58,5280,15,14,0,7047,7200,80,255,1
1765176820.1747453,14012902332939303710,3338,0,31,24,58,5280,15,14,0,7046,7200,80,255,1
1765176821.18231,14012902332939303710,3358,0,31,24,58,5280,15,14,0,7045,7200,80,255,1
1765176822.6838114,14012902332939303710,3388,0,31,24,58,5280,15,14,0,7044,7200,80,255,1
1765176824.1742296,14012902332939303710,3418,0,31,24,58,5280,15,14,0,7042,7200,80,255,1
1765176825.1804147,14012902332939303710,3438,0,31,24,58,5280,15,14,0,7041,7200,80,255,1
1765176826.6814158,14012902332939303710,3468,0,31,24,58,5280,15,14,0,7040,7200,80,255,1
1765176828.185504,14012902332939303710,3499,0,31,24,58,5280,15,14,0,7038,7200,80,255,1
1765176829.6754875,14012902332939303710,3529,0,31,24,58,5280,15,14,0,7037,7200,80,255,1
1765176830.6814313,14012902332939303710,3549,0,31,24,58,5280,15,14,0,7036,7200,80,255,1
1765176832.1736581,14012902332939303710,3579,0,31,24,58,5280,15,14,0,7034,7200,80,255,1
1765176833.1816926,14012902332939303710,3599,0,31,24,58,5280,15,14,0,7033,7200,80,255,1
1765176834.1842842,14012902332939303710,3619,0,31,24,58,5280,15,14,0,7032,7200,80,255,1
1765176835.6836114,14012902332939303710,3649,0,31,24,58,5280,15,14,0,7031,7200,80,255,1
1765176836.6850355,14012902332939303710,3669,0,31,24,58,5280,15,14,0,7030,7200,80,255,1
1765176838.1723516,14012902332939303710,3699,0,31,24,58,5280,15,14,0,7028,7200,80,255,1
1765176839.1734314,14012902332939303710,3719,0,31,24,58,5280,15,14,0,7027,7200,80,255,1
1765176840.1748235,14012902332939303710,3739,0,31,24,58,5280,15,14,0,7026,7200,80,255,1
1765176841.1770663,14012902332939303710,3759,0,31,24,58,5280,15,14,0,7025,7200,80,255,1
1765176842.180433,14012902332939303710,3779,0,31,24,58,5280,15,14,0,7024,7200,80,255,1
1765176843.6803765,14012902332939303710,3809,0,31,24,58,5280,15,14,0,7023,7200,80,255,1
1765176844.6804638,14012902332939303710,3829,0,31,24,58,5280,15,14,0,7022,7200,80,255,1
1765176845.6817093,14012902332939303710,3849,0,31,24,58,5280,15,14,0,7021,7200,80,255,1
1765176846.6842248,14012902332939303710,3869,0,31,24,58,5280,15,14,0,7020,7200,80,255,1
1765176848.1727602,14012902332939303710,3900,0,31,24,58,5280,15,14,0,7018,7200,80,255,1
1765176849.1747162,14012902332939303710,3920,0,31,24,58,5280,15,14,0,7017,7200,80,255,1
1765176850.1836035,14012902332939303710,3940,0,31,24,58,5280,15,14,0,7016,7200,80,255,1
1765176851.6811278,14012902332939303710,3970,0,31,24,58,5280,15,14,0,7015,7200,80,255,1
1765176853.1799529,14012902332939303710,4000,0,31,24,58,5280,15,14,0,7013,7200,80,255,1
1765176854.676459,14012902332939303710,4030,0,31,24,58,5280,15,14,0,7012,7200,80,255,1
1765176856.1748445,14012902332939303710,4060,0,31,24,58,5280,15,14,0,7010,7200,80,255,1
1765176857.6749802,14012902332939303710,4090,0,31,24,58,5280,15,14,0,7009,7200,80,255,1
1765176858.6836355,14012902332939303710,4110,0,31,24,58,5280,15,14,0,7008,7200,80,255,1
1765176860.1824555,14012902332939303710,4140,0,31,24,58,5280,15,14,0,7006,7200,80,255,1
1765176861.6814015,14012902332939303710,4170,0,31,24,58,5280,15,14,0,7005,7200,80,255,1
1765176863.180129,14012902332939303710,4200,0,31,24,58,5280,15,14,0,7003,7200,80,255,1
1765176864.6781306,14012902332939303710,4230,0,31,24,58,5280,15,14,0,7002,7200,80,255,1
1765176866.182577,14012902332939303710,4260,0,31,24,58,5280,15,14,0,7000,7200,80,255,1
1765176867.675872,14012902332939303710,4290,0,31,24,58,5280,15,14,0,6999,7200,80,255,1
1765176869.181423,14012902332939303710,4320,0,31,24,58,5280,15,14,0,6997,7200,80,255,1
1765176870.6834908,14012902332939303710,4350,0,31,24,58,5280,15,14,0,6996,7200,80,255,1
1765176872.173796,14012902332939303710,4380,0,31,24,58,5280,15,14,0,6994,7200,80,255,1
1765176873.174757,14012902332939303710,4400,0,31,24,58,5280,15,14,0,6993,7200,80,255,1
1765176874.175015,14012902332939303710,4420,0,31,24,58,5280,15,14,0,6992,7200,80,255,1
1765176875.6788106,14012902332939303710,4450,0,31,24,58,5280,15,14,0,6991,7200,80,255,1
1765176877.1776326,14012902332939303710,4480,0,31,24,58,5280,15,14,0,6989,7200,80,255,1
1765176878.681358,14012902332939303710,4510,0,31,24,58,5280,15,14,0,6988,7200,80,255,1
1765176880.1764567,14012902332939303710,4540,0,31,24,58,5280,15,14,0,6986,7200,80,255,1
1765176881.675676,14012902332939303710,4571,0,31,24,58,5280,15,14,0,6985,7200,80,255,1
1765176883.1769521,14012902332939303710,4601,0,31,24,58,5280,15,14,0,6983,7200,80,255,1
1765176884.674077,14012902332939303710,4631,0,31,24,58,5280,15,14,0,6982,7200,80,255,1
1765176885.6828978,14012902332939303710,4651,0,31,24,58,5280,15,14,0,6981,7200,80,255,1
1765176887.1811826,14012902332939303710,4681,0,31,24,58,5280,15,14,0,6979,7200,80,255,1
1765176888.6799638,14012902332939303710,4711,0,31,24,58,5280,15,14,0,6978,7200,80,255,1
1765176890.175799,14012902332939303710,4741,0,31,24,58,5280,15,14,0,6976,7200,80,255,1
1765176891.1837919,14012902332939303710,4762,0,31,24,58,5280,15,14,0,6975,7200,80,255,1
1765176892.6835167,14012902332939303710,4793,0,31,24,58,5280,15,14,0,6974,7200,80,255,1
1765176894.1776567,14012902332939303710,4823,0,31,24,58,5280,15,14,0,6972,7200,80,255,1
1765176895.6756856,14012902332939303710,4853,0,31,24,58,5280,15,14,0,6971,7200,80,255,1
1765176896.683493,14012902332939303710,4873,0,31,24,58,5280,15,14,0,6970,7200,80,255,1
1765176898.183797,14012902332939303710,4903,0,31,24,58,5280,15,14,0,6968,7200,80,255,1
1765176899.6815634,14012902332939303710,4933,0,31,24,58,5280,15,14,0,6967,7200,80,255,1
1765176901.1767523,14012902332939303710,4963,0,31,24,58,5280,15,14,0,6965,7200,80,255,1
1765176902.680401,14012902332939303710,4993,0,31,24,58,5280,15,14,0,6964,7200,80,255,1
1765176904.1777103,14012902332939303710,5023,0,31,24,58,5280,15,14,0,6962,7200,80,255,1
1765176905.675603,14012902332939303710,5053,0,31,24,58,5280,15,14,0,6961,7200,80,255,1
1765176906.6824,14012902332939303710,5073,0,31,24,58,5280,15,14,0,6960,7200,80,255,1
1765176908.183569,14012902332939303710,5103,0,31,24,58,5280,15,14,0,6958,7200,80,255,1
1765176909.67249,14012902332939303710,5133,0,31,24,58,5280,15,14,0,6957,7200,80,255,1
1765176910.6770952,14012902332939303710,5154,0,31,24,58,5280,15,14,0,6956,7200,80,255,1
1765176912.1824074,14012902332939303710,5185,0,31,24,58,5280,15,14,0,6954,7200,80,255,1
1765176913.6757834,14012902332939303710,5216,0,31,24,58,5280,15,14,0,6953,7200,80,255,1
1765176914.6813354,14012902332939303710,5236,0,31,24,58,5280,15,14,0,6952,7200,80,255,1
1765176916.1823914,14012902332939303710,5266,0,31,24,58,5280,15,14,0,6950,7200,80,255,1
1765176917.6756756,14012902332939303710,5296,0,31,24,58,5280,15,14,0,6949,7200,80,255,1
1765176918.6837547,14012902332939303710,5317,0,31,24,58,5280,15,14,0,6948,7200,80,255,1
1765176920.1846142,14012902332939303710,5347,0,31,24,58,5280,15,14,0,6946,7200,80,255,1
1765176921.6853619,14012902332939303710,5377,0,31,24,58,5280,15,14,0,6945,7200,80,255,1
1765176923.1763687,14012902332939303710,5407,0,31,24,58,5280,15,14,0,6943,7200,80,255,1
1765176924.6826937,14012902332939303710,5437,0,31,24,58,5280,15,14,0,6942,7200,80,255,1
1765176926.1755025,14012902332939303710,5467,0,31,24,58,5280,15,14,0,6940,7200,80,255,1
1765176927.1844294,14012902332939303710,5488,0,31,24,58,5280,15,14,0,6939,7200,80,255,1
1765176928.6774843,14012902332939303710,5518,0,31,24,58,5280,15,14,0,6938,7200,80,255,1
1765176930.1802363,14012902332939303710,5549,0,31,24,58,5280,15,14,0,6936,7200,80,255,1
1765176931.6847665,14012902332939303710,5579,0,31,24,58,5280,15,14,0,6935,7200,80,255,1
1765176933.177618,14012902332939303710,5609,0,31,24,58,5280,15,14,0,6933,7200,80,255,1
1765176934.1838815,14012902332939303710,5629,0,31,24,58,5280,15,14,0,6932,7200,80,255,1
1765176935.672373,14012902332939303710,5659,0,31,24,58,5280,15,14,0,6931,7200,80,255,1
1765176936.6795533,14012902332939303710,5679,0,31,24,58,5280,15,14,0,6930,7200,80,255,1
1765176938.1725385,14012902332939303710,5709,0,31,24,58,5280,15,14,0,6928,7200,80,255,1
1765176939.17663,14012902332939303710,5729,0,31,24,58,5280,15,14,0,6927,7200,80,255,1
1765176940.183562,14012902332939303710,5749,0,31,24,58,5280,15,14,0,6926,7200,80,255,1
1765176941.6724484,14012902332939303710,5779,0,31,24,58,5280,15,14,0,6925,7200,80,255,1
1765176942.6827152,14012902332939303710,5799,0,31,24,58,5280,15,14,0,6924,7200,80,255,1
1765176944.1856878,14012902332939303710,5830,0,31,24,58,5280,15,14,0,6922,7200,80,255,1
1765176945.6741378,14012902332939303710,5860,0,31,24,58,5280,15,14,0,6921,7200,80,255,1
1765176946.676464,14012902332939303710,5880,0,31,24,58,5280,15,14,0,6920,7200,80,255,1
1765176947.683367,14012902332939303710,5900,0,31,24,58,5280,15,14,0,6919,7200,80,255,1
1765176949.173568,14012902332939303710,5931,0,31,24,58,5280,15,14,0,6917,7200,80,255,1
1765176950.1755953,14012902332939303710,5952,0,31,24,58,5280,15,14,0,6916,7200,80,255,1
1765176951.677055,14012902332939303710,5982,0,31,24,58,5280,15,14,0,6915,7200,80,255,1
1765176952.683692,14012902332939303710,6002,0,31,24,58,5280,15,14,0,6914,7200,80,255,1
1765176954.1735725,14012902332939303710,6033,0,31,24,58,5280,15,14,0,6912,7200,80,255,1
1765176955.1806989,14012902332939303710,6053,0,31,24,58,5280,15,14,0,6911,7200,80,255,1
1765176956.1823697,14012902332939303710,6075,0,31,24,58,5280,15,14,0,6910,7200,80,255,1
1765176957.6766562,14012902332939303710,6105,0,31,24,58,5280,15,14,0,6909,7200,80,255,1
1765176958.6847508,14012902332939303710,6126,0,31,24,58,5280,15,14,0,6908,7200,80,255,1
1765176960.1754494,14012902332939303710,6156,0,31,24,58,5280,15,14,0,6906,7200,80,255,1
1765176961.183606,14012902332939303710,6178,0,31,24,58,5280,15,14,0,6905,7200,80,255,1
1765176962.6761885,14012902332939303710,6208,0,31,24,58,5280,15,14,0,6904,7200,80,255,1
1765176963.681335,14012902332939303710,6228,0,31,24,58,5280,15,14,0,6903,7200,80,255,1
1765176965.1844988,14012902332939303710,6259,0,31,24,58,5280,15,14,0,6901,7200,80,255,1
1765176966.673903,14012902332939303710,6289,0,31,24,58,5280,15,14,0,6900,7200,80,255,1
1765176967.6838772,14012902332939303710,6311,0,31,24,58,5280,15,14,0,6899,7200,80,255,1
1765176969.173514,14012902332939303710,6341,0,31,24,58,5280,15,14,0,6897,7200,80,255,1
1765176970.1798594,14012902332939303710,6361,0,31,24,58,5280,15,14,0,6896,7200,80,255,1
1765176971.6826057,14012902332939303710,6391,0,31,24,58,5280,15,14,0,6895,7200,80,255,1
1765176973.1738513,14012902332939303710,6421,0,31,24,58,5280,15,14,0,6893,7200,80,255,1
1765176974.1799693,14012902332939303710,6442,0,31,24,58,5280,15,14,0,6892,7200,80,255,1
1765176975.67997,14012902332939303710,6472,0,31,24,58,5280,15,14,0,6891,7200,80,255,1
1765176977.1711938,14012902332939303710,6502,0,31,24,58,5280,15,14,0,6889,7200,80,255,1
1765176978.1788907,14012902332939303710,6523,0,31,24,58,5280,15,14,0,6888,7200,80,255,1
1765176979.6839998,14012902332939303710,6553,0,31,24,58,5280,15,14,0,6887,7200,80,255,1
1765176981.1840096,14012902332939303710,6584,0,31,24,58,5280,15,14,0,6885,7200,80,255,1
1765176982.6758099,14012902332939303710,6614,0,31,24,58,5280,15,14,0,6884,7200,80,255,1
1765176983.6802726,14012902332939303710,6634,0,31,24,58,5280,15,14,0,6883,7200,80,255,1
1765176985.181779,14012902332939303710,6666,0,31,24,58,5280,15,14,0,6881,7200,80,255,1
1765176986.671416,14012902332939303710,6696,0,31,24,58,5280,15,14,0,6880,7200,80,255,1
1765176987.6816013,14012902332939303710,6718,0,31,24,58,5280,15,14,0,6879,7200,80,255,1
1765176989.1855056,14012902332939303710,6748,0,31,24,58,5280,15,14,0,6877,7200,80,255,1
1765176990.675888,14012902332939303710,6778,0,31,24,58,5280,15,14,0,6876,7200,80,255,1
1765176991.6806173,14012902332939303710,6798,0,31,24,58,5280,15,14,0,6875,7200,80,255,1
1765176993.1735065,14012902332939303710,6828,0,31,24,58,5280,15,14,0,6873,7200,80,255,1
1765176994.181568,14012902332939303710,6849,0,31,24,58,5280,15,14,0,6872,7200,80,255,1
1765176995.6844606,14012902332939303710,6879,0,31,24,58,5280,15,14,0,6871,7200,80,255,1
1765176997.1715426,14012902332939303710,6909,0,31,24,58,5280,15,14,0,6869,7200,80,255,1
1765176998.1811187,14012902332939303710,6930,0,31,24,58,5280,15,14,0,6868,7200,80,255,1
1765176999.684516,14012902332939303710,6961,0,31,24,58,5280,15,14,0,6867,7200,80,255,1
1765177001.1736588,14012902332939303710,6991,0,31,24,58,5280,15,14,0,6865,7200,80,255,1
1765177002.179865,14012902332939303710,7012,0,31,24,58,5280,15,14,0,6864,7200,80,255,1
1765177003.6846633,14012902332939303710,7043,0,31,24,58,5280,15,14,0,6863,7200,80,255,1
1765177005.1734576,14012902332939303710,7073,0,31,24,58,5280,15,14,0,6861,7200,80,255,1
1765177006.1789212,14012902332939303710,7095,0,31,24,58,5280,15,14,0,6860,7200,80,255,1
1765177007.671228,14012902332939303710,7126,0,31,24,58,5280,15,14,0,6859,7200,80,255,1
1765177008.678841,14012902332939303710,7147,0,31,24,58,5280,15,14,0,6858,7200,80,255,1
1765177010.1798728,14012902332939303710,7178,0,31,24,58,5280,15,14,0,6856,7200,80,255,1
1765177011.6835394,14012902332939303710,7208,0,31,24,58,5280,15,14,0,6855,7200,80,255,1
1765177013.177641,14012902332939303710,7238,0,31,24,58,5280,15,14,0,6853,7200,80,255,1
1765177014.1824036,14012902332939303710,7258,0,31,24,58,5280,15,14,0,6852,7200,80,255,1
1765177015.6713588,14012902332939303710,7288,0,31,24,58,5280,15,14,0,6851,7200,80,255,1
1765177016.6788504,14012902332939303710,7309,0,31,24,58,5280,15,14,0,6850,7200,80,255,1
1765177018.1724315,14012902332939303710,7339,0,31,24,58,5280,15,14,0,6848,7200,80,255,1
1765177019.178927,14012902332939303710,7359,0,31,24,58,5280,15,14,0,6847,7200,80,255,1
1765177020.183935,14012902332939303710,7379,0,31,24,58,5280,15,14,0,6846,7200,80,255,1
1765177021.67391,14012902332939303710,7409,0,31,24,58,5280,15,14,0,6845,7200,80,255,1
1765177023.181411,14012902332939303710,7441,0,31,24,58,5280,15,14,0,6843,7200,80,255,1
1765177024.6837206,14012902332939303710,7471,0,31,24,58,5280,15,14,0,6842,7200,80,255,1
1765177026.1743581,14012902332939303710,7501,0,31,24,58,5280,15,14,0,6840,7200,80,255,1
1765177027.1810784,14012902332939303710,7522,0,31,24,58,5280,15,14,0,6839,7200,80,255,1
1765177028.6755276,14012902332939303710,7552,0,31,24,58,5280,15,14,0,6838,7200,80,255,1
1765177029.6815934,14012902332939303710,7573,0,31,24,58,5280,15,14,0,6837,7200,80,255,1
1765177031.1725223,14012902332939303710,7603,0,31,24,58,5280,15,14,0,6835,7200,80,255,1
1765177032.1833024,14012902332939303710,7625,0,31,24,58,5280,15,14,0,6834,7200,80,255,1
1765177033.674197,14012902332939303710,7655,0,31,24,58,5280,15,14,0,6833,7200,80,255,1
1765177034.6813161,14012902332939303710,7675,0,31,24,58,5280,15,14,0,6832,7200,80,255,1
1765177036.172605,14012902332939303710,7705,0,31,24,58,5280,15,14,0,6830,7200,80,255,1
1765177037.1825624,14012902332939303710,7726,0,31,24,58,5280,15,14,0,6829,7200,80,255,1
1765177038.6815388,14012902332939303710,7756,0,31,24,58,5280,15,14,0,6828,7200,80,255,1
1765177040.1755357,14012902332939303710,7786,0,31,24,58,5280,15,14,0,6826,7200,80,255,1
1765177041.682796,14012902332939303710,7817,0,31,24,58,5280,15,14,0,6825,7200,80,255,1
1765177043.1724439,14012902332939303710,7848,0,31,24,58,5280,15,14,0,6823,7200,80,255,1
1765177044.1815767,14012902332939303710,7870,0,31,24,58,5280,15,14,0,6822,7200,80,255,1
1765177045.6762772,14012902332939303710,7900,0,31,24,58,5280,15,14,0,6821,7200,80,255,1
1765177047.1725883,14012902332939303710,7930,0,31,24,58,5280,15,14,0,6819,7200,80,255,1
1765177048.1751497,14012902332939303710,7951,0,31,24,58,5280,15,14,0,6818,7200,80,255,1
1765177049.183845,14012902332939303710,7972,0,31,24,58,5280,15,14,0,6817,7200,80,255,1
1765177050.673766,14012902332939303710,8002,0,31,24,58,5280,15,14,0,6816,7200,80,255,1
1765177051.68242,14012902332939303710,8022,0,31,24,58,5280,15,14,0,6815,7200,80,255,1
1765177053.1752157,14012902332939303710,8052,0,31,24,58,5280,15,14,0,6813,7200,80,255,1
1765177054.1827395,14012902332939303710,8072,0,31,24,58,5280,15,14,0,6812,7200,80,255,1
1765177055.6752932,14012902332939303710,8102,0,31,24,58,5280,15,14,0,6811,7200,80,255,1
1765177056.681371,14012902332939303710,8123,0,31,24,58,5280,15,14,0,6810,7200,80,255,1
1765177058.1752982,14012902332939303710,8153,0,31,24,58,5280,15,14,0,6808,7200,80,255,1
1765177059.1825106,14012902332939303710,8173,0,31,24,58,5280,15,14,0,6807,7200,80,255,1
1765177060.68348,14012902332939303710,8204,0,31,24,58,5280,15,14,0,6806,7200,80,255,1
1765177062.1746323,14012902332939303710,8234,0,31,24,58,5280,15,14,0,6804,7200,80,255,1
1765177063.6833568,14012902332939303710,8264,0,31,24,58,5280,15,14,0,6803,7200,80,255,1
1765177065.1736836,14012902332939303710,8294,0,31,24,58,5280,15,14,0,6801,7200,80,255,1
1765177066.1814542,14012902332939303710,8317,0,31,24,58,5280,15,14,0,6800,7200,80,255,1
1765177067.6753123,14012902332939303710,8347,0,31,24,58,5280,15,14,0,6799,7200,80,255,1
1765177068.683505,14012902332939303710,8367,0,31,24,58,5280,15,14,0,6798,7200,80,255,1
1765177070.1728506,14012902332939303710,8397,0,31,24,58,5280,15,14,0,6796,7200,80,255,1
1765177071.1820056,14012902332939303710,8417,0,31,24,58,5280,15,14,0,6795,7200,80,255,1
1765177072.6753619,14012902332939303710,8447,0,31,24,58,5280,15,14,0,6794,7200,80,255,1
1765177073.68248,14012902332939303710,8467,0,31,24,58,5280,15,14,0,6793,7200,80,255,1
1765177075.171381,14012902332939303710,8498,0,31,24,58,5280,15,14,0,6791,7200,80,255,1
1765177076.179438,14012902332939303710,8519,0,31,24,58,5280,15,14,0,6790,7200,80,255,1
1765177077.6745536,14012902332939303710,8550,0,31,24,58,5280,15,14,0,6789,7200,80,255,1
1765177078.6815307,14012902332939303710,8571,0,31,24,58,5280,15,14,0,6788,7200,80,255,1
1765177080.1841602,14012902332939303710,8602,0,31,24,58,5280,15,14,0,6786,7200,80,255,1
1765177081.6736891,14012902332939303710,8632,0,31,24,58,5280,15,14,0,6785,7200,80,255,1
1765177082.6846101,14012902332939303710,8654,0,31,24,58,5280,15,14,0,6784,7200,80,255,1
1765177084.1739428,14012902332939303710,8684,0,31,24,58,5280,15,14,0,6782,7200,80,255,1
1765177085.1828,14012902332939303710,8705,0,31,24,58,5280,15,14,0,6781,7200,80,255,1
1765177086.6714015,14012902332939303710,8735,0,31,24,58,5280,15,14,0,6780,7200,80,255,1
1765177087.6811705,14012902332939303710,8755,0,31,24,58,5280,15,14,0,6779,7200,80,255,1
1765177089.1715863,14012902332939303710,8786,0,30,24,58,5280,15,14,0,6777,7200,80,255,1
1765177090.1793163,14012902332939303710,8807,0,30,24,58,5280,15,14,0,6776,7200,80,255,1
1765177091.682499,14012902332939303710,8838,0,30,24,58,5280,15,14,0,6775,7200,80,255,1
1765177093.1754863,14012902332939303710,8868,0,30,24,58,5280,15,14,0,6773,7200,80,255,1
1765177094.182508,14012902332939303710,8888,0,30,24,58,5280,15,14,0,6772,7200,80,255,1
1765177095.6713395,14012902332939303710,8918,0,30,24,58,5280,15,14,0,6771,7200,80,255,1
1765177096.678837,14012902332939303710,8939,0,30,24,58,5280,15,14,0,6770,7200,80,255,1
1765177098.1725345,14012902332939303710,8969,0,30,24,58,5280,15,14,0,6768,7200,80,255,1
1765177099.1797478,14012902332939303710,8989,0,30,24,58,5280,15,14,0,6767,7200,80,255,1
1765177100.6838434,14012902332939303710,9021,0,30,24,58,5280,15,14,0,6766,7200,80,255,1
1765177102.1765432,14012902332939303710,9051,0,30,24,58,5280,15,14,0,6764,7200,80,255,1
1765177103.6712122,14012902332939303710,9081,0,30,24,58,5280,15,14,0,6763,7200,80,255,1
1765177104.678851,14012902332939303710,9102,0,30,24,58,5280,15,14,0,6762,7200,80,255,1
1765177106.182594,14012902332939303710,9132,0,30,24,58,5280,15,14,0,6760,7200,80,255,1
1765177107.678566,14012902332939303710,9162,0,30,24,58,5280,15,14,0,6759,7200,80,255,1
1765177109.1835153,14012902332939303710,9192,0,30,24,58,5280,15,14,0,6757,7200,80,255,1
1765177110.6711798,14012902332939303710,9222,0,30,24,58,5280,15,14,0,6756,7200,80,255,1
1765177111.6798663,14012902332939303710,9243,0,30,24,58,5280,15,14,0,6755,7200,80,255,1
1765177113.175556,14012902332939303710,9273,0,30,24,58,5280,15,14,0,6753,7200,80,255,1
1765177114.1839335,14012902332939303710,9294,0,30,24,58,5280,15,14,0,6752,7200,80,255,1
1765177115.6739736,14012902332939303710,9324,0,30,24,58,5280,15,14,0,6751,7200,80,255,1
1765177116.6812842,14012902332939303710,9345,0,30,24,58,5280,15,14,0,6750,7200,80,255,1
1765177118.1754243,14012902332939303710,9376,0,30,24,58,5280,15,14,0,6748,7200,80,255,1
1765177119.182333,14012902332939303710,9397,0,30,24,58,5280,15,14,0,6747,7200,80,255,1
1765177120.6732705,14012902332939303710,9427,0,30,24,58,5280,15,14,0,6746,7200,80,255,1
1765177121.6813068,14012902332939303710,9448,0,30,24,58,5280,15,14,0,6745,7200,80,255,1
1765177123.1754124,14012902332939303710,9478,0,30,24,58,5280,15,14,0,6743,7200,80,255,1
1765177124.183546,14012902332939303710,9499,0,30,24,58,5280,15,14,0,6742,7200,80,255,1
1765177125.6751497,14012902332939303710,9530,0,30,24,58,5280,15,14,0,6741,7200,80,255,1
1765177126.6839771,14012902332939303710,9552,0,30,24,58,5280,15,14,0,6740,7200,80,255,1
1765177128.1810122,14012902332939303710,9582,0,30,24,58,5280,15,14,0,6738,7200,80,255,1
1765177129.672596,14012902332939303710,9612,0,30,24,58,5280,15,14,0,6737,7200,80,255,1
1765177130.6812806,14012902332939303710,9633,0,30,24,58,5280,15,14,0,6736,7200,80,255,1
1765177132.172519,14012902332939303710,9663,0,30,24,58,5280,15,14,0,6734,7200,80,255,1
1765177133.1725352,14012902332939303710,9684,0,30,24,58,5280,15,14,0,6733,7200,80,255,1
1765177134.1818402,14012902332939303710,9704,0,30,24,58,5280,15,14,0,6732,7200,80,255,1
1765177135.6736279,14012902332939303710,9734,0,30,24,58,5280,15,14,0,6731,7200,80,255,1
1765177136.6814,14012902332939303710,9754,0,30,24,58,5280,15,14,0,6730,7200,80,255,1
1765177137.6826296,14012902332939303710,9774,0,30,24,58,5280,15,14,0,6729,7200,80,255,1
1765177139.1759336,14012902332939303710,9804,0,30,24,58,5280,15,14,0,6727,7200,80,255,1
1765177140.6863506,14012902332939303710,9834,0,30,24,58,5280,15,14,0,6726,7200,80,255,1
1765177142.1762676,14012902332939303710,9864,0,30,24,58,5280,15,14,0,6724,7200,80,255,1
1765177143.6859298,14012902332939303710,9895,0,30,24,58,5280,15,14,0,6723,7200,80,255,1
1765177145.1774366,14012902332939303710,9925,0,30,24,58,5280,15,14,0,6721,7200,80,255,1
1765177146.1853,14012902332939303710,9946,0,30,24,58,5280,15,14,0,6720,7200,80,255,1
1765177147.6800864,14012902332939303710,9976,0,30,24,58,5280,15,14,0,6719,7200,80,255,1
1765177149.1716864,14012902332939303710,10006,0,30,24,58,5280,15,14,0,6717,7200,80,255,1
1765177150.181379,14012902332939303710,10026,0,30,24,58,5280,15,14,0,6716,7200,80,255,1
1765177151.685525,14012902332939303710,10056,0,30,24,58,5280,15,14,0,6715,7200,80,255,1
1765177152.686621,14012902332939303710,10076,0,30,24,58,5280,15,14,0,6714,7200,80,255,1
1765177154.1775131,14012902332939303710,10106,0,30,24,58,5280,15,14,0,6712,7200,80,255,1
1765177155.1840198,14012902332939303710,10126,0,30,24,58,5280,15,14,0,6711,7200,80,255,1
1765177156.6765685,14012902332939303710,10156,0,30,24,58,5280,15,14,0,6710,7200,80,255,1
1765177158.1839628,14012902332939303710,10186,0,30,24,58,5280,15,14,0,6708,7200,80,255,1
1765177159.6750987,14012902332939303710,10216,0,30,24,58,5280,15,14,0,6707,7200,80,255,1
1765177160.6838968,14012902332939303710,10236,0,30,24,58,5280,15,14,0,6706,7200,80,255,1
1765177162.1727343,14012902332939303710,10266,0,30,24,58,5280,15,14,0,6704,7200,80,255,1
1765177163.18526,14012902332939303710,10286,0,30,24,58,5280,15,14,0,6703,7200,80,255,1
1765177164.673745,14012902332939303710,10316,0,30,24,58,5280,15,14,0,6702,7200,80,255,1
1765177165.681234,14012902332939303710,10336,0,30,24,58,5280,15,14,0,6701,7200,80,255,1
1765177167.1852467,14012902332939303710,10366,0,30,24,58,5280,15,14,0,6699,7200,80,255,1
1765177168.6765854,14012902332939303710,10397,0,30,24,58,5280,15,14,0,6698,7200,80,255,1
1765177169.6852772,14012902332939303710,10417,0,30,24,58,5280,15,14,0,6697,7200,80,255,1
1765177171.176123,14012902332939303710,10447,0,30,24,58,5280,15,14,0,6695,7200,80,255,1
1765177172.1823795,14012902332939303710,10467,0,30,24,58,5280,15,14,0,6694,7200,80,255,1
1765177173.6753922,14012902332939303710,10497,0,30,24,58,5280,15,14,0,6693,7200,80,255,1
1765177174.682716,14012902332939303710,10517,0,30,24,58,5280,15,14,0,6692,7200,80,255,1
1765177176.186251,14012902332939303710,10547,0,30,24,58,5280,15,14,0,6690,7200,80,255,1
1765177177.6789546,14012902332939303710,10577,0,30,24,58,5280,15,14,0,6689,7200,80,255,1
1765177178.6854022,14012902332939303710,10597,0,30,24,58,5280,15,14,0,6688,7200,80,255,1
1765177180.177217,14012902332939303710,10627,0,30,24,58,5280,15,14,0,6686,7200,80,255,1
1765177181.1852875,14012902332939303710,10647,0,30,24,58,5280,15,14,0,6685,7200,80,255,1
1765177182.6798253,14012902332939303710,10677,0,30,24,58,5280,15,14,0,6684,7200,80,255,1
1765177183.6836233,14012902332939303710,10697,0,30,24,58,5280,15,14,0,6683,7200,80,255,1
1765177185.1833508,14012902332939303710,10728,0,30,24,58,5280,15,14,0,6681,7200,80,255,1
1765177186.68272,14012902332939303710,10758,0,30,24,58,5280,15,14,0,6680,7200,80,255,1
1765177188.1738393,14012902332939303710,10788,0,30,24,58,5280,15,14,0,6678,7200,80,255,1
1765177189.1751354,14012902332939303710,10809,0,30,24,58,5280,15,14,0,6677,7200,80,255,1
1765177190.1765997,14012902332939303710,10829,0,30,24,58,5280,15,14,0,6676,7200,80,255,1
1765177191.1774101,14012902332939303710,10849,0,30,24,58,5280,15,14,0,6675,7200,80,255,1
1765177192.1813033,14012902332939303710,10870,0,30,24,58,5280,15,14,0,6674,7200,80,255,1
1765177193.183531,14012902332939303710,10890,0,30,24,58,5280,15,14,0,6673,7200,80,255,1
1765177194.6835504,14012902332939303710,10921,0,30,24,58,5280,15,14,0,6672,7200,80,255,1
1765177196.183581,14012902332939303710,10951,0,30,24,58,5280,15,14,0,6670,7200,80,255,1
1765177197.6724255,14012902332939303710,10981,0,30,24,58,5280,15,14,0,6669,7200,80,255,1
1765177198.6805677,14012902332939303710,11001,0,30,24,58,5280,15,14,0,6668,7200,80,255,1
1765177199.681728,14012902332939303710,11021,0,30,24,58,5280,15,14,0,6667,7200,80,255,1
1765177201.1739175,14012902332939303710,11051,0,30,24,58,5280,15,14,0,6665,7200,80,255,1
1765177202.1763136,14012902332939303710,11071,0,30,24,58,5280,15,14,0,6664,7200,80,255,1
1765177203.1811194,14012902332939303710,11092,0,30,24,58,5280,15,14,0,6663,7200,80,255,1
1765177204.6737347,14012902332939303710,11122,0,30,24,58,5280,15,14,0,6662,7200,80,255,1
1765177205.681247,14012902332939303710,11144,0,30,24,58,5280,15,14,0,6661,7200,80,255,1
1765177207.1823015,14012902332939303710,11176,0,30,24,58,5280,15,14,0,6659,7200,80,255,1
1765177208.1851392,14012902332939303710,11196,0,30,24,58,5280,15,14,0,6658,7200,80,255,1
1765177209.681373,14012902332939303710,11226,0,30,24,58,5280,15,14,0,6657,7200,80,255,1
1765177211.1728776,14012902332939303710,11256,0,30,24,58,5280,15,14,0,6655,7200,80,255,1
1765177212.1739602,14012902332939303710,11276,0,30,24,58,5280,15,14,0,6654,7200,80,255,1
1765177213.176386,14012902332939303710,11297,0,30,24,58,5280,15,14,0,6653,7200,80,255,1
1765177214.6814797,14012902332939303710,11327,0,30,24,58,5280,15,14,0,6652,7200,80,255,1
1765177216.1856,14012902332939303710,11357,0,30,24,58,5280,15,14,0,6650,7200,80,255,1
1765177217.6829598,14012902332939303710,11387,0,30,24,58,5280,15,14,0,6649,7200,80,255,1
1765177218.6863005,14012902332939303710,11407,0,30,24,58,5280,15,14,0,6648,7200,80,255,1
1765177220.1814291,14012902332939303710,11437,0,30,24,58,5280,15,14,0,6646,7200,80,255,1
1765177221.1838164,14012902332939303710,11457,0,30,24,58,5280,15,14,0,6645,7200,80,255,1
1765177222.1850257,14012902332939303710,11477,0,30,24,58,5280,15,14,0,6644,7200,80,255,1
1765177223.685206,14012902332939303710,11508,0,30,24,58,5280,15,14,0,6643,7200,80,255,1
1765177225.1831477,14012902332939303710,11538,0,30,24,58,5280,15,14,0,6641,7200,80,255,1
1765177226.1857069,14012902332939303710,11558,0,30,24,58,5280,15,14,0,6640,7200,80,255,1
1765177227.6733868,14012902332939303710,11588,0,30,24,58,5280,15,14,0,6639,7200,80,255,1
1765177228.675114,14012902332939303710,11608,0,30,24,58,5280,15,14,0,6638,7200,80,255,1
1765177229.6757894,14012902332939303710,11629,0,30,24,58,5280,15,14,0,6637,7200,80,255,1
1765177230.6762102,14012902332939303710,11649,0,30,24,58,5280,15,14,0,6636,7200,80,255,1
1765177232.1799886,14012902332939303710,11680,0,30,24,58,5280,15,14,0,6634,7200,80,255,1
1765177233.1814125,14012902332939303710,11700,0,30,24,58,5280,15,14,0,6633,7200,80,255,1
1765177234.6712003,14012902332939303710,11730,0,30,24,58,5280,15,14,0,6632,7200,80,255,1
1765177235.6836917,14012902332939303710,11752,0,30,24,58,5280,15,14,0,6631,7200,80,255,1
1765177236.6840153,14012902332939303710,11772,0,30,24,58,5280,15,14,0,6630,7200,80,255,1
1765177238.1778429,14012902332939303710,11802,0,30,24,58,5280,15,14,0,6628,7200,80,255,1
1765177239.6815505,14012902332939303710,11832,0,30,24,58,5280,15,14,0,6627,7200,80,255,1
1765177241.1837492,14012902332939303710,11863,0,30,24,58,5280,15,14,0,6625,7200,80,255,1
1765177242.681502,14012902332939303710,11894,0,30,24,58,5280,15,14,0,6624,7200,80,255,1
1765177244.1836462,14012902332939303710,11924,0,30,24,58,5280,15,14,0,6622,7200,80,255,1
1765177245.6715589,14012902332939303710,11954,0,30,24,58,5280,15,14,0,6621,7200,80,255,1
1765177246.6824546,14012902332939303710,11974,0,30,24,58,5280,15,14,0,6620,7200,80,255,1
1765177247.6890657,14012902332939303710,11995,0,30,24,58,5280,15,14,0,6619,7200,80,255,1
1765177249.178659,14012902332939303710,12027,0,30,24,58,5280,15,14,0,6617,7200,80,255,1
1765177250.6806655,14012902332939303710,12057,0,30,24,58,5280,15,14,0,6616,7200,80,255,1
1765177252.1840134,14012902332939303710,12088,0,30,24,58,5280,15,14,0,6614,7200,80,255,1
1765177253.676298,14012902332939303710,12118,0,30,24,58,5280,15,14,0,6613,7200,80,255,1
1765177255.179733,14012902332939303710,12149,0,30,24,58,5280,15,14,0,6611,7200,80,255,1
1765177256.6813955,14012902332939303710,12179,0,30,24,58,5280,15,14,0,6610,7200,80,255,1
1765177258.175247,14012902332939303710,12209,0,30,24,58,5280,15,14,0,6608,7200,80,255,1
1765177259.185169,14012902332939303710,12229,0,30,24,58,5280,15,14,0,6607,7200,80,255,1
1765177260.6763093,14012902332939303710,12259,0,30,24,58,5280,15,14,0,6606,7200,80,255,1
1765177262.1797152,14012902332939303710,12289,0,30,24,58,5280,15,14,0,6604,7200,80,255,1
1765177263.1815677,14012902332939303710,12310,0,30,24,58,5280,15,14,0,6603,7200,80,255,1
1765177264.6833906,14012902332939303710,12341,0,30,24,58,5280,15,14,0,6602,7200,80,255,1
1765177266.1850386,14012902332939303710,12371,0,30,24,58,5280,15,14,0,6600,7200,80,255,1
1765177267.67247,14012902332939303710,12401,0,30,24,58,5280,15,14,0,6599,7200,80,255,1
1765177268.6727483,14012902332939303710,12424,0,30,24,58,5280,15,14,0,6598,7200,80,255,1
1765177269.6861165,14012902332939303710,12444,0,30,24,58,5280,15,14,0,6597,7200,80,255,1
1765177271.1763277,14012902332939303710,12475,0,30,24,58,5280,15,14,0,6595,7200,80,255,1
1765177272.6784742,14012902332939303710,12506,0,30,24,58,5280,15,14,0,6594,7200,80,255,1
1765177273.679687,14012902332939303710,12526,0,30,24,58,5280,15,14,0,6593,7200,80,255,1
1765177275.1833441,14012902332939303710,12558,0,30,24,58,5280,15,14,0,6591,7200,80,255,1
1765177276.6713362,14012902332939303710,12589,0,30,24,58,5280,15,14,0,6590,7200,80,255,1
1765177277.6823952,14012902332939303710,12612,0,30,24,58,5280,15,14,0,6589,7200,80,255,1
1765177278.6831522,14012902332939303710,12632,0,30,24,58,5280,15,14,0,6588,7200,80,255,1
1765177280.1725893,14012902332939303710,12664,0,30,24,58,5280,15,14,0,6586,7200,80,255,1
1765177281.67845,14012902332939303710,12695,0,30,24,58,5280,15,14,0,6585,7200,80,255,1
1765177283.1833992,14012902332939303710,12726,0,30,24,58,5280,15,14,0,6583,7200,80,255,1
1765177284.672265,14012902332939303710,12756,0,30,24,58,5280,15,14,0,6582,7200,80,255,1
1765177285.6833599,14012902332939303710,12776,0,30,24,58,5280,15,14,0,6581,7200,80,255,1
1765177287.171557,14012902332939303710,12806,0,30,24,58,5280,15,14,0,6579,7200,80,255,1
1765177288.1859536,14012902332939303710,12827,0,30,24,58,5280,15,14,0,6578,7200,80,255,1
1765177289.6769814,14012902332939303710,12859,0,30,24,58,5280,15,14,0,6577,7200,80,255,1
1765177291.1800215,14012902332939303710,12889,0,30,24,58,5280,15,14,0,6575,7200,80,255,1
1765177292.1806417,14012902332939303710,12910,0,30,24,58,5280,15,14,0,6574,7200,80,255,1
1765177293.6713142,14012902332939303710,12941,0,30,24,58,5280,15,14,0,6573,7200,80,255,1
1765177294.6822684,14012902332939303710,12962,0,30,24,58,5280,15,14,0,6572,7200,80,255,1
1765177296.171559,14012902332939303710,12993,0,30,24,58,5280,15,14,0,6570,7200,80,255,1
1765177297.1834834,14012902332939303710,13014,0,30,24,58,5280,15,14,0,6569,7200,80,255,1
1765177298.676012,14012902332939303710,13046,0,30,24,58,5280,15,14,0,6568,7200,80,255,1
1765177300.1811872,14012902332939303710,13078,0,30,24,58,5280,15,14,0,6566,7200,80,255,1
1765177301.6726587,14012902332939303710,13110,0,30,24,58,5280,15,14,0,6565,7200,80,255,1
1765177302.684191,14012902332939303710,13130,0,30,24,58,5280,15,14,0,6564,7200,80,255,1
1765177304.1723902,14012902332939303710,13160,0,30,24,58,5280,15,14,0,6562,7200,80,255,1
1765177305.1725888,14012902332939303710,13181,0,30,24,58,5280,15,14,0,6561,7200,80,255,1
1765177306.1848576,14012902332939303710,13201,0,30,24,58,5280,15,14,0,6560,7200,80,255,1
1765177307.6791422,14012902332939303710,13231,0,30,24,58,5280,15,14,0,6559,7200,80,255,1
1765177308.680455,14012902332939303710,13252,0,30,24,58,5280,15,14,0,6558,7200,80,255,1
1765177310.1715395,14012902332939303710,13283,0,30,24,58,5280,15,14,0,6556,7200,80,255,1
1765177311.1726947,14012902332939303710,13304,0,30,24,58,5280,15,14,0,6555,7200,80,255,1
1765177312.1728861,14012902332939303710,13324,0,30,24,58,5280,15,14,0,6554,7200,80,255,1
1765177313.181464,14012902332939303710,13344,0,30,24,58,5280,15,14,0,6553,7200,80,255,1
1765177314.1851313,14012902332939303710,13365,0,30,24,58,5280,15,14,0,6552,7200,80,255,1
1765177315.6721363,14012902332939303710,13395,0,30,24,58,5280,15,14,0,6551,7200,80,255,1
1765177316.6784534,14012902332939303710,13418,0,30,24,58,5280,15,14,0,6550,7200,80,255,1
1765177317.6849523,14012902332939303710,13438,0,30,24,58,5280,15,14,0,6549,7200,80,255,1
1765177319.1712303,14012902332939303710,13468,0,30,24,58,5280,15,14,0,6547,7200,80,255,1
1765177320.1753337,14012902332939303710,13489,0,30,24,58,5280,15,14,0,6546,7200,80,255,1
1765177321.1823597,14012902332939303710,13511,0,30,24,58,5280,15,14,0,6545,7200,80,255,1
1765177322.6828969,14012902332939303710,13542,0,30,24,58,5280,15,14,0,6544,7200,80,255,1
1765177324.1734798,14012902332939303710,13572,0,30,24,58,5280,15,14,0,6542,7200,80,255,1
1765177325.1783366,14012902332939303710,13592,0,30,24,58,5280,15,14,0,6541,7200,80,255,1
1765177326.1827223,14012902332939303710,13612,0,30,24,58,5280,15,14,0,6540,7200,80,255,1
1765177327.6825676,14012902332939303710,13643,0,30,24,58,5280,15,14,0,6539,7200,80,255,1
1765177329.1835945,14012902332939303710,13674,0,30,24,58,5280,15,14,0,6537,7200,80,255,1
1765177330.6786237,14012902332939303710,13705,0,30,24,58,5280,15,14,0,6536,7200,80,255,1
1765177332.1803892,14012902332939303710,13737,0,30,24,58,5280,15,14,0,6534,7200,80,255,1
1765177333.6834962,14012902332939303710,13768,0,30,24,58,5280,15,14,0,6533,7200,80,255,1
1765177335.1749082,14012902332939303710,13799,0,30,24,58,5280,15,14,0,6531,7200,80,255,1
1765177336.1833405,14012902332939303710,13820,0,30,24,58,5280,15,14,0,6530,7200,80,255,1
1765177337.6834636,14012902332939303710,13850,0,30,24,58,5280,15,14,0,6529,7200,80,255,1
1765177339.171343,14012902332939303710,13881,0,30,24,58,5280,15,14,0,6527,7200,80,255,1
1765177340.1740289,14012902332939303710,13904,0,30,24,58,5280,15,14,0,6526,7200,80,255,1
1765177341.1828778,14012902332939303710,13924,0,30,24,58,5280,15,14,0,6525,7200,80,255,1
1765177342.6848443,14012902332939303710,13955,0,30,24,58,5280,15,14,0,6524,7200,80,255,1
1765177344.1735585,14012902332939303710,13985,0,30,24,58,5280,15,14,0,6522,7200,80,255,1
1765177345.1795843,14012902332939303710,14006,0,30,24,58,5280,15,14,0,6521,7200,80,255,1
1765177346.1819432,14012902332939303710,14027,0,30,24,58,5280,15,14,0,6520,7200,80,255,1
1765177347.6835475,14012902332939303710,14058,0,30,24,58,5280,15,14,0,6519,7200,80,255,1
1765177349.1727543,14012902332939303710,14088,0,30,24,58,5280,15,14,0,6517,7200,80,255,1
1765177350.1801226,14012902332939303710,14109,0,30,24,58,5280,15,14,0,6516,7200,80,255,1
1765177351.182725,14012902332939303710,14129,0,30,24,58,5280,15,14,0,6515,7200,80,255,1
1765177352.673947,14012902332939303710,14161,0,30,24,58,5280,15,14,0,6514,7200,80,255,1
1765177354.179757,14012902332939303710,14192,0,30,24,58,5280,15,14,0,6512,7200,80,255,1
1765177355.1834626,14012902332939303710,14212,0,30,24,58,5280,15,14,0,6511,7200,80,255,1
1765177356.6813648,14012902332939303710,14242,0,30,24,58,5280,15,14,0,6510,7200,80,255,1
1765177357.6851556,14012902332939303710,14262,0,30,24,58,5280,15,14,0,6509,7200,80,255,1
1765177359.1753116,14012902332939303710,14293,0,30,24,58,5280,15,14,0,6507,7200,80,255,1
1765177360.682541,14012902332939303710,14325,0,30,24,58,5280,15,14,0,6506,7200,80,255,1
1765177362.1829364,14012902332939303710,14356,0,30,24,58,5280,15,14,0,6504,7200,80,255,1
1765177363.6773393,14012902332939303710,14388,0,30,24,58,5280,15,14,0,6503,7200,80,255,1
1765177364.6834102,14012902332939303710,14408,0,30,24,58,5280,15,14,0,6502,7200,80,255,1
1765177366.176949,14012902332939303710,14438,0,30,24,58,5280,15,14,0,6500,7200,80,255,1
1765177367.6712344,14012902332939303710,14468,0,30,24,58,5280,15,14,0,6499,7200,80,255,1
1765177368.6798666,14012902332939303710,14489,0,30,24,58,5280,15,14,0,6498,7200,80,255,1
1765177370.18391,14012902332939303710,14522,0,30,24,58,5280,15,14,0,6496,7200,80,255,1
1765177371.676074,14012902332939303710,14553,0,30,24,58,5280,15,14,0,6495,7200,80,255,1
1765177373.174923,14012902332939303710,14584,0,30,24,58,5280,15,14,0,6493,7200,80,255,1
1765177374.1837516,14012902332939303710,14604,0,30,24,58,5280,15,14,0,6492,7200,80,255,1
1765177375.6740193,14012902332939303710,14634,0,30,24,58,5280,15,14,0,6491,7200,80,255,1
1765177377.171489,14012902332939303710,14665,0,30,24,58,5280,15,14,0,6489,7200,80,255,1
1765177378.1751914,14012902332939303710,14686,0,30,24,58,5280,15,14,0,6488,7200,80,255,1
1765177379.1837802,14012902332939303710,14706,0,30,24,58,5280,15,14,0,6487,7200,80,255,1
1765177380.6761627,14012902332939303710,14737,0,30,24,58,5280,15,14,0,6486,7200,80,255,1
1765177382.174845,14012902332939303710,14768,0,30,24,58,5280,15,14,0,6484,7200,80,255,1
1765177383.183611,14012902332939303710,14788,0,30,24,58,5280,15,14,0,6483,7200,80,255,1
1765177384.6811826,14012902332939303710,14819,0,30,24,58,5280,15,14,0,6482,7200,80,255,1
1765177386.1803355,14012902332939303710,14849,0,30,24,58,5280,15,14,0,6480,7200,80,255,1
1765177387.1835186,14012902332939303710,14869,0,30,24,58,5280,15,14,0,6479,7200,80,255,1
1765177388.6725566,14012902332939303710,14899,0,30,24,58,5280,15,14,0,6478,7200,80,255,1
1765177389.675999,14012902332939303710,14920,0,30,24,58,5280,15,14,0,6477,7200,80,255,1
1765177390.6760995,14012902332939303710,14940,0,30,24,58,5280,15,14,0,6476,7200,80,255,1
1765177391.6821043,14012902332939303710,14960,0,30,24,58,5280,15,14,0,6475,7200,80,255,1
1765177392.6826375,14012902332939303710,14980,0,30,24,58,5280,15,14,0,6474,7200,80,255,1
1765177394.1735628,14012902332939303710,15012,0,30,24,58,5280,15,14,0,6472,7200,80,255,1
1765177395.173878,14012902332939303710,15032,0,30,24,58,5280,15,14,0,6471,7200,80,255,1
1765177396.1772804,14012902332939303710,15053,0,30,24,58,5280,15,14,0,6470,7200,80,255,1
1765177397.677143,14012902332939303710,15086,0,30,24,58,5280,15,14,0,6469,7200,80,255,1
1765177399.1826959,14012902332939303710,15117,0,30,24,58,5280,15,14,0,6467,7200,80,255,1
1765177400.6825557,14012902332939303710,15149,0,30,24,58,5280,15,14,0,6466,7200,80,255,1
1765177402.173887,14012902332939303710,15179,0,30,24,58,5280,15,14,0,6464,7200,80,255,1
1765177403.177237,14012902332939303710,15199,0,30,24,58,5280,15,14,0,6463,7200,80,255,1
1765177404.186049,14012902332939303710,15219,0,30,24,58,5280,15,14,0,6462,7200,80,255,1
1765177405.6723218,14012902332939303710,15249,0,30,24,58,5280,15,14,0,6461,7200,80,255,1
1765177406.677262,14012902332939303710,15269,0,30,24,58,5280,15,14,0,6460,7200,80,255,1
1765177407.682101,14012902332939303710,15289,0,30,24,58,5280,15,14,0,6459,7200,80,255,1
1765177409.171647,14012902332939303710,15320,0,30,24,58,5280,15,14,0,6457,7200,80,255,1
1765177410.1729922,14012902332939303710,15341,0,30,24,58,5280,15,14,0,6456,7200,80,255,1
1765177411.1762965,14012902332939303710,15362,0,30,24,58,5280,15,14,0,6455,7200,80,255,1
1765177412.1813447,14012902332939303710,15383,0,30,24,58,5280,15,14,0,6454,7200,80,255,1
1765177413.671231,14012902332939303710,15413,0,30,24,58,5280,15,14,0,6453,7200,80,255,1
1765177414.6740932,14012902332939303710,15435,0,30,24,58,5280,15,14,0,6452,7200,80,255,1
1765177415.6778102,14012902332939303710,15456,0,30,24,58,5280,15,14,0,6451,7200,80,255,1
1765177416.6813574,14012902332939303710,15476,0,30,24,58,5280,15,14,0,6450,7200,80,255,1
1765177417.6825423,14012902332939303710,15496,0,30,24,58,5280,15,14,0,6449,7200,80,255,1
1765177419.1836796,14012902332939303710,15526,0,30,24,58,5280,15,14,0,6447,7200,80,255,1
1765177420.6763723,14012902332939303710,15557,0,30,24,58,5280,15,14,0,6446,7200,80,255,1
1765177421.6805835,14012902332939303710,15578,0,30,24,58,5280,15,14,0,6445,7200,80,255,1
1765177422.6814587,14012902332939303710,15599,0,30,24,58,5280,15,14,0,6444,7200,80,255,1
1765177424.1814027,14012902332939303710,15630,0,30,24,58,5280,15,14,0,6442,7200,80,255,1
1765177425.181701,14012902332939303710,15650,0,30,24,58,5280,15,14,0,6441,7200,80,255,1
1765177426.1851172,14012902332939303710,15670,0,30,24,58,5280,15,14,0,6440,7200,80,255,1
1765177427.676137,14012902332939303710,15700,0,30,24,58,5280,15,14,0,6439,7200,80,255,1
1765177428.684773,14012902332939303710,15720,0,30,24,58,5280,15,14,0,6438,7200,80,255,1
1765177430.172574,14012902332939303710,15751,0,30,24,58,5280,15,14,0,6436,7200,80,255,1
1765177431.1774244,14012902332939303710,15771,0,30,24,58,5280,15,14,0,6435,7200,80,255,1
1765177432.1791162,14012902332939303710,15791,0,30,24,58,5280,15,14,0,6434,7200,80,255,1
1765177433.6812792,14012902332939303710,15822,0,30,24,58,5280,15,14,0,6433,7200,80,255,1
1765177435.18154,14012902332939303710,15852,0,30,24,58,5280,15,14,0,6431,7200,80,255,1
1765177436.183061,14012902332939303710,15872,0,30,24,58,5280,15,14,0,6430,7200,80,255,1
1765177437.1851277,14012902332939303710,15892,0,30,24,58,5280,15,14,0,6429,7200,80,255,1
1765177438.6715295,14012902332939303710,15923,0,30,24,58,5280,15,14,0,6428,7200,80,255,1
1765177439.6735013,14012902332939303710,15944,0,30,24,58,5280,15,14,0,6427,7200,80,255,1
1765177440.6759527,14012902332939303710,15964,0,30,24,58,5280,15,14,0,6426,7200,80,255,1
1765177441.6836245,14012902332939303710,15985,0,30,24,58,5280,15,14,0,6425,7200,80,255,1
1765177443.1837509,14012902332939303710,16015,0,30,24,58,5280,15,14,0,6423,7200,80,255,1
1765177444.6775336,14012902332939303710,16045,0,30,24,58,5280,15,14,0,6422,7200,80,255,1
1765177445.6806977,14012902332939303710,16066,0,30,24,58,5280,15,14,0,6421,7200,80,255,1
1765177446.6817033,14012902332939303710,16087,0,30,24,58,5280,15,14,0,6420,7200,80,255,1
1765177447.683614,14012902332939303710,16107,0,30,24,58,5280,15,14,0,6419,7200,80,255,1
1765177449.1723626,14012902332939303710,16137,0,30,24,58,5280,15,14,0,6417,7200,80,255,1
1765177450.17275,14012902332939303710,16158,0,30,24,58,5280,15,14,0,6416,7200,80,255,1
1765177451.1735501,14012902332939303710,16178,0,30,24,58,5280,15,14,0,6415,7200,80,255,1
1765177452.1786172,14012902332939303710,16199,0,30,24,58,5280,15,14,0,6414,7200,80,255,1
1765177453.184085,14012902332939303710,16219,0,30,24,58,5280,15,14,0,6413,7200,80,255,1
1765177454.1859758,14012902332939303710,16240,0,30,24,58,5280,15,14,0,6412,7200,80,255,1
1765177455.6783278,14012902332939303710,16270,0,30,24,58,5280,15,14,0,6411,7200,80,255,1
1765177456.6790903,14012902332939303710,16290,0,30,24,58,5280,15,14,0,6410,7200,80,255,1
1765177458.1816158,14012902332939303710,16321,0,30,24,58,5280,15,14,0,6408,7200,80,255,1
1765177459.677174,14012902332939303710,16351,0,30,24,58,5280,15,14,0,6407,7200,80,255,1
1765177460.6792793,14012902332939303710,16371,0,30,24,58,5280,15,14,0,6406,7200,80,255,1
1765177461.6812677,14012902332939303710,16392,0,30,24,58,5280,15,14,0,6405,7200,80,255,1
1765177462.684986,14012902332939303710,16413,0,30,24,58,5280,15,14,0,6404,7200,80,255,1
1765177464.181603,14012902332939303710,16444,0,30,24,58,5280,15,14,0,6402,7200,80,255,1
1765177465.674663,14012902332939303710,16476,0,30,24,58,5280,15,14,0,6401,7200,80,255,1
1765177467.182424,14012902332939303710,16506,0,30,24,58,5280,15,14,0,6399,7200,80,255,1
1765177468.6782835,14012902332939303710,16537,0,30,24,58,5280,15,14,0,6398,7200,80,255,1
1765177469.6791182,14012902332939303710,16558,0,30,24,58,5280,15,14,0,6397,7200,80,255,1
1765177471.1727524,14012902332939303710,16589,0,30,24,58,5280,15,14,0,6395,7200,80,255,1
1765177472.1734793,14012902332939303710,16609,0,30,24,58,5280,15,14,0,6394,7200,80,255,1
1765177473.1784108,14012902332939303710,16629,0,30,24,58,5280,15,14,0,6393,7200,80,255,1
1765177474.179275,14012902332939303710,16650,0,30,24,58,5280,15,14,0,6392,7200,80,255,1
1765177475.1794915,14012902332939303710,16670,0,30,24,58,5280,15,14,0,6391,7200,80,255,1
1765177476.1800573,14012902332939303710,16691,0,30,24,58,5280,15,14,0,6390,7200,80,255,1
1765177477.6751783,14012902332939303710,16721,0,30,24,58,5280,15,14,0,6389,7200,80,255,1
1765177478.6793165,14012902332939303710,16741,0,30,24,58,5280,15,14,0,6388,7200,80,255,1
1765177479.6846688,14012902332939303710,16761,0,30,24,58,5280,15,14,0,6387,7200,80,255,1
1765177481.1781926,14012902332939303710,16792,0,30,24,58,5280,15,14,0,6385,7200,80,255,1
1765177482.6792047,14012902332939303710,16823,0,30,24,58,5280,15,14,0,6384,7200,80,255,1
1765177483.681702,14012902332939303710,16843,0,30,24,58,5280,15,14,0,6383,7200,80,255,1
1765177485.1827393,14012902332939303710,16873,0,30,24,58,5280,15,14,0,6381,7200,80,255,1
1765177486.6835625,14012902332939303710,16903,0,30,24,58,5280,15,14,0,6380,7200,80,255,1
1765177488.1801305,14012902332939303710,16933,0,30,24,58,5280,15,14,0,6378,7200,80,255,1
1765177489.6726365,14012902332939303710,16963,0,30,24,58,5280,15,14,0,6377,7200,80,255,1
1765177490.677145,14012902332939303710,16985,0,30,24,58,5280,15,14,0,6376,7200,80,255,1
1765177491.6789234,14012902332939303710,17005,0,30,24,58,5280,15,14,0,6375,7200,80,255,1
1765177493.1759665,14012902332939303710,17038,0,30,24,58,5280,15,14,0,6373,7200,80,255,1
1765177494.1836927,14012902332939303710,17058,0,30,24,58,5280,15,14,0,6372,7200,80,255,1
1765177495.673834,14012902332939303710,17088,0,30,24,58,5280,15,14,0,6371,7200,80,255,1
1765177497.1826856,14012902332939303710,17119,0,30,24,58,5280,15,14,0,6369,7200,80,255,1
1765177498.6740267,14012902332939303710,17150,0,30,24,58,5280,15,14,0,6368,7200,80,255,1
1765177500.183829,14012902332939303710,17182,0,30,24,58,5280,15,14,0,6366,7200,80,255,1
1765177501.6797085,14012902332939303710,17212,0,30,24,58,5280,15,14,0,6365,7200,80,255,1
1765177503.1835954,14012902332939303710,17242,0,30,24,58,5280,15,14,0,6363,7200,80,255,1
1765177504.6836116,14012902332939303710,17274,0,30,24,58,5280,15,14,0,6362,7200,80,255,1
1765177505.684795,14012902332939303710,17294,0,30,24,58,5280,15,14,0,6361,7200,80,255,1
1765177507.1757247,14012902332939303710,17325,0,30,24,58,5280,15,14,0,6359,7200,80,255,1
1765177508.1812258,14012902332939303710,17345,0,30,24,58,5280,15,14,0,6358,7200,80,255,1
1765177509.6818018,14012902332939303710,17375,0,30,24,58,5280,15,14,0,6357,7200,80,255,1
1765177510.6845386,14012902332939303710,17396,0,30,24,58,5280,15,14,0,6356,7200,80,255,1
1765177512.1726527,14012902332939303710,17427,0,30,24,58,5280,15,14,0,6354,7200,80,255,1
1765177513.1783962,14012902332939303710,17447,0,30,24,58,5280,15,14,0,6353,7200,80,255,1
1765177514.6771936,14012902332939303710,17478,0,30,24,58,5280,15,14,0,6352,7200,80,255,1
1765177516.171425,14012902332939303710,17509,0,30,24,58,5280,15,14,0,6350,7200,80,255,1
1765177517.1793737,14012902332939303710,17530,0,30,24,58,5280,15,14,0,6349,7200,80,255,1
1765177518.180222,14012902332939303710,17551,0,30,24,58,5280,15,14,0,6348,7200,80,255,1
1765177519.671333,14012902332939303710,17581,0,30,24,58,5280,15,14,0,6347,7200,80,255,1
1765177520.681932,14012902332939303710,17602,0,30,24,58,5280,15,14,0,6346,7200,80,255,1
1765177522.1730025,14012902332939303710,17633,0,30,24,58,5280,15,14,0,6344,7200,80,255,1
1765177523.1847918,14012902332939303710,17653,0,30,24,58,5280,15,14,0,6343,7200,80,255,1
1765177524.676984,14012902332939303710,17684,0,30,24,58,5280,15,14,0,6342,7200,80,255,1
1765177526.1812754,14012902332939303710,17717,0,30,24,58,5280,15,14,0,6340,7200,80,255,1
1765177527.675964,14012902332939303710,17747,0,30,24,58,5280,15,14,0,6339,7200,80,255,1
1765177528.676969,14012902332939303710,17767,0,30,24,58,5280,15,14,0,6338,7200,80,255,1
1765177529.6846564,14012902332939303710,17787,0,30,24,58,5280,15,14,0,6337,7200,80,255,1
1765177531.179044,14012902332939303710,17817,0,30,24,58,5280,15,14,0,6335,7200,80,255,1
1765177532.6760705,14012902332939303710,17848,0,30,24,58,5280,15,14,0,6334,7200,80,255,1
1765177534.1722429,14012902332939303710,17879,0,30,24,58,5280,15,14,0,6332,7200,80,255,1
1765177535.1844895,14012902332939303710,17900,0,30,24,58,5280,15,14,0,6331,7200,80,255,1
1765177536.6784449,14012902332939303710,17932,0,30,24,58,5280,15,14,0,6330,7200,80,255,1
1765177538.1803234,14012902332939303710,17963,0,30,24,58,5280,15,14,0,6328,7200,80,255,1
1765177539.6789002,14012902332939303710,17993,0,30,24,58,5280,15,14,0,6327,7200,80,255,1
1765177541.1823447,14012902332939303710,18023,0,30,24,58,5280,15,14,0,6325,7200,80,255,1
1765177542.1826942,14012902332939303710,18044,0,30,24,58,5280,15,14,0,6324,7200,80,255,1
1765177543.6827996,14012902332939303710,18075,0,30,24,58,5280,15,14,0,6323,7200,80,255,1
1765177545.1779575,14012902332939303710,18106,0,30,24,58,5280,15,14,0,6321,7200,80,255,1
1765177546.178837,14012902332939303710,18127,0,30,24,58,5280,15,14,0,6320,7200,80,255,1
1765177547.6727862,14012902332939303710,18158,0,30,24,58,5280,15,14,0,6319,7200,80,255,1
1765177548.6751907,14012902332939303710,18178,0,30,24,58,5280,15,14,0,6318,7200,80,255,1
1765177549.6774027,14012902332939303710,18198,0,30,24,58,5280,15,14,0,6317,7200,80,255,1
1765177550.677719,14012902332939303710,18219,0,30,24,58,5280,15,14,0,6316,7200,80,255,1
1765177551.677789,14012902332939303710,18241,0,30,24,58,5280,15,14,0,6315,7200,80,255,1
1765177552.6797922,14012902332939303710,18261,0,30,24,58,5280,15,14,0,6314,7200,80,255,1
1765177553.681494,14012902332939303710,18282,0,30,24,58,5280,15,14,0,6313,7200,80,255,1
1765177554.6822684,14012902332939303710,18302,0,30,24,58,5280,15,14,0,6312,7200,80,255,1
1765177556.1767597,14012902332939303710,18333,0,30,24,58,5280,15,14,0,6310,7200,80,255,1
1765177557.1785994,14012902332939303710,18354,0,30,24,58,5280,15,14,0,6309,7200,80,255,1
1765177558.1797001,14012902332939303710,18374,0,30,24,58,5280,15,14,0,6308,7200,80,255,1
1765177559.1805344,14012902332939303710,18394,0,30,24,58,5280,15,14,0,6307,7200,80,255,1
1765177560.181907,14012902332939303710,18415,0,30,24,58,5280,15,14,0,6306,7200,80,255,1
1765177561.6750224,14012902332939303710,18446,0,30,24,58,5280,15,14,0,6305,7200,80,255,1
1765177563.1736145,14012902332939303710,18477,0,30,24,58,5280,15,14,0,6303,7200,80,255,1
1765177564.176654,14012902332939303710,18497,0,30,24,58,5280,15,14,0,6302,7200,80,255,1
1765177565.1772113,14012902332939303710,18518,0,30,24,58,5280,15,14,0,6301,7200,80,255,1
1765177566.1782694,14012902332939303710,18539,0,30,24,58,5280,15,14,0,6300,7200,80,255,1
1765177567.6822622,14012902332939303710,18570,0,30,24,58,5280,15,14,0,6299,7200,80,255,1
1765177569.181712,14012902332939303710,18601,0,30,24,58,5280,15,14,0,6297,7200,80,255,1
1765177570.1825848,14012902332939303710,18622,0,30,24,58,5280,15,14,0,6296,7200,80,255,1
1765177571.1828222,14012902332939303710,18644,0,30,24,58,5280,15,14,0,6295,7200,80,255,1
1765177572.677301,14012902332939303710,18675,0,30,24,58,5280,15,14,0,6294,7200,80,255,1
1765177573.6814415,14012902332939303710,18697,0,30,24,58,5280,15,14,0,6293,7200,80,255,1
1765177574.6825604,14012902332939303710,18717,0,30,24,58,5280,15,14,0,6292,7200,80,255,1
1765177576.1766448,14012902332939303710,18747,0,30,24,58,5280,15,14,0,6290,7200,80,255,1
1765177577.176757,14012902332939303710,18767,0,30,24,58,5280,15,14,0,6289,7200,80,255,1
1765177578.1805174,14012902332939303710,18787,0,30,24,58,5280,15,14,0,6288,7200,80,255,1
1765177579.1811817,14012902332939303710,18808,0,30,24,58,5280,15,14,0,6287,7200,80,255,1
1765177580.182446,14012902332939303710,18828,0,30,24,58,5280,15,14,0,6286,7200,80,255,1
1765177581.6783586,14012902332939303710,18858,0,30,24,58,5280,15,14,0,6285,7200,80,255,1
1765177583.1750412,14012902332939303710,18890,0,30,24,58,5280,15,14,0,6283,7200,80,255,1
1765177584.1779323,14012902332939303710,18911,0,30,24,58,5280,15,14,0,6282,7200,80,255,1
1765177585.182637,14012902332939303710,18931,0,30,24,58,5280,15,14,0,6281,7200,80,255,1
1765177586.6803358,14012902332939303710,18963,0,30,24,58,5280,15,14,0,6280,7200,80,255,1
1765177587.6813962,14012902332939303710,18985,0,30,24,58,5280,15,14,0,6279,7200,80,255,1
1765177589.1827831,14012902332939303710,19017,0,30,24,58,5280,15,14,0,6277,7200,80,255,1
1765177590.680306,14012902332939303710,19049,0,30,24,58,5280,15,14,0,6276,7200,80,255,1
1765177591.6816595,14012902332939303710,19070,0,30,24,58,5280,15,14,0,6275,7200,80,255,1
1765177592.6825926,14012902332939303710,19090,0,30,24,58,5280,15,14,0,6274,7200,80,255,1
1765177594.1772547,14012902332939303710,19120,0,30,24,58,5280,15,14,0,6272,7200,80,255,1
1765177595.182722,14012902332939303710,19140,0,30,24,58,5280,15,14,0,6271,7200,80,255,1
1765177596.6834195,14012902332939303710,19171,0,30,24,58,5280,15,14,0,6270,7200,80,255,1
1765177598.1712217,14012902332939303710,19203,0,30,24,58,5280,15,14,0,6268,7200,80,255,1
1765177599.1748557,14012902332939303710,19226,0,30,24,58,5280,15,14,0,6267,7200,80,255,1
1765177600.175958,14012902332939303710,19246,0,30,24,58,5280,15,14,0,6266,7200,80,255,1
1765177601.1803973,14012902332939303710,19267,0,30,24,58,5280,15,14,0,6265,7200,80,255,1
1765177602.182792,14012902332939303710,19288,0,30,24,58,5280,15,14,0,6264,7200,80,255,1
1765177603.6720831,14012902332939303710,19319,0,30,24,58,5280,15,14,0,6263,7200,80,255,1
1765177604.6781614,14012902332939303710,19340,0,30,24,58,5280,15,14,0,6262,7200,80,255,1
1765177605.6812065,14012902332939303710,19361,0,30,24,58,5280,15,14,0,6261,7200,80,255,1
1765177607.180285,14012902332939303710,19392,0,30,24,58,5280,15,14,0,6259,7200,80,255,1
1765177608.6826596,14012902332939303710,19423,0,30,24,58,5280,15,14,0,6258,7200,80,255,1
1765177610.1847231,14012902332939303710,19453,0,30,24,58,5280,15,14,0,6256,7200,80,255,1
1765177611.679611,14012902332939303710,19483,0,30,24,58,5280,15,14,0,6255,7200,80,255,1
1765177612.6825228,14012902332939303710,19503,0,30,24,58,5280,15,14,0,6254,7200,80,255,1
1765177614.1837444,14012902332939303710,19534,0,30,24,58,5280,15,14,0,6252,7200,80,255,1
1765177615.6811733,14012902332939303710,19565,0,30,24,58,5280,15,14,0,6251,7200,80,255,1
1765177616.682643,14012902332939303710,19585,0,30,24,58,5280,15,14,0,6250,7200,80,255,1
1765177618.184637,14012902332939303710,19616,0,30,24,58,5280,15,14,0,6248,7200,80,255,1
1765177619.6811597,14012902332939303710,19647,0,30,24,58,5280,15,14,0,6247,7200,80,255,1
1765177620.683406,14012902332939303710,19667,0,30,24,58,5280,15,14,0,6246,7200,80,255,1
1765177622.1814976,14012902332939303710,19699,0,30,24,58,5280,15,14,0,6244,7200,80,255,1
1765177623.6826994,14012902332939303710,19731,0,30,24,58,5280,15,14,0,6243,7200,80,255,1
1765177625.1814694,14012902332939303710,19761,0,30,24,58,5280,15,14,0,6241,7200,80,255,1
1765177626.1843624,14012902332939303710,19781,0,30,24,58,5280,15,14,0,6240,7200,80,255,1
1765177627.6754963,14012902332939303710,19811,0,30,24,58,5280,15,14,0,6239,7200,80,255,1
1765177629.1824136,14012902332939303710,19842,0,30,24,58,5280,15,14,0,6237,7200,80,255,1
1765177630.6758702,14012902332939303710,19874,0,30,24,58,5280,15,14,0,6236,7200,80,255,1
1765177631.6840613,14012902332939303710,19894,0,30,24,58,5280,15,14,0,6235,7200,80,255,1
1765177633.1823244,14012902332939303710,19924,0,30,24,58,5280,15,14,0,6233,7200,80,255,1
1765177634.6782653,14012902332939303710,19955,0,30,24,58,5280,15,14,0,6232,7200,80,255,1
1765177636.1744487,14012902332939303710,19985,0,30,24,58,5280,15,14,0,6230,7200,80,255,1
1765177637.180423,14012902332939303710,20005,0,30,24,58,5280,15,14,0,6229,7200,80,255,1
1765177638.6795423,14012902332939303710,20035,0,30,24,58,5280,15,14,0,6228,7200,80,255,1
1765177640.1772103,14012902332939303710,20066,0,30,24,58,5280,15,14,0,6226,7200,80,255,1
1765177641.1835222,14012902332939303710,20087,0,30,24,58,5280,15,14,0,6225,7200,80,255,1
1765177642.678243,14012902332939303710,20118,0,30,24,58,5280,15,14,0,6224,7200,80,255,1
1765177644.177168,14012902332939303710,20149,0,30,24,58,5280,15,14,0,6222,7200,80,255,1
1765177645.1825514,14012902332939303710,20170,0,30,24,58,5280,15,14,0,6221,7200,80,255,1
1765177646.6799479,14012902332939303710,20200,0,30,24,58,5280,15,14,0,6220,7200,80,255,1
1765177648.1812167,14012902332939303710,20230,0,30,24,58,5280,15,14,0,6218,7200,80,255,1
1765177649.678268,14012902332939303710,20261,0,30,24,58,5280,15,14,0,6217,7200,80,255,1
1765177650.6836567,14012902332939303710,20282,0,30,24,58,5280,15,14,0,6216,7200,80,255,1
1765177652.178971,14012902332939303710,20312,0,30,24,58,5280,15,14,0,6214,7200,80,255,1
1765177653.6800935,14012902332939303710,20344,0,30,24,58,5280,15,14,0,6213,7200,80,255,1
1765177655.173566,14012902332939303710,20375,0,30,24,58,5280,15,14,0,6211,7200,80,255,1
1765177656.18258,14012902332939303710,20396,0,30,24,58,5280,15,14,0,6210,7200,80,255,1
1765177657.6768634,14012902332939303710,20426,0,30,24,58,5280,15,14,0,6209,7200,80,255,1
1765177659.176248,14012902332939303710,20458,0,30,24,58,5280,15,14,0,6207,7200,80,255,1
1765177660.6783438,14012902332939303710,20490,0,30,24,58,5280,15,14,0,6206,7200,80,255,1
1765177662.179045,14012902332939303710,20520,0,30,24,58,5280,15,14,0,6204,7200,80,255,1
1765177663.1818123,14012902332939303710,20540,0,30,24,58,5280,15,14,0,6203,7200,80,255,1
1765177664.682653,14012902332939303710,20571,0,30,24,58,5280,15,14,0,6202,7200,80,255,1
1765177666.18262,14012902332939303710,20601,0,30,24,58,5280,15,14,0,6200,7200,80,255,1
1765177667.6818123,14012902332939303710,20632,0,30,24,58,5280,15,14,0,6199,7200,80,255,1
1765177669.1827786,14012902332939303710,20662,0,30,24,58,5280,15,14,0,6197,7200,80,255,1
1765177670.6799848,14012902332939303710,20695,0,30,24,58,5280,15,14,0,6196,7200,80,255,1
1765177672.177766,14012902332939303710,20725,0,30,24,58,5280,15,14,0,6194,7200,80,255,1
1765177673.6801205,14012902332939303710,20756,0,30,24,58,5280,15,14,0,6193,7200,80,255,1
1765177675.1745634,14012902332939303710,20787,0,30,24,58,5280,15,14,0,6191,7200,80,255,1
1765177676.1834314,14012902332939303710,20807,0,30,24,58,5280,15,14,0,6190,7200,80,255,1
1765177677.6801326,14012902332939303710,20838,0,30,24,58,5280,15,14,0,6189,7200,80,255,1
1765177679.1812813,14012902332939303710,20869,0,30,24,58,5280,15,14,0,6187,7200,80,255,1
1765177680.6768472,14012902332939303710,20899,0,30,24,58,5280,15,14,0,6186,7200,80,255,1
1765177681.6848354,14012902332939303710,20920,0,30,24,58,5280,15,14,0,6185,7200,80,255,1
1765177683.177133,14012902332939303710,20950,0,30,24,58,5280,15,14,0,6183,7200,80,255,1
1765177684.1773384,14012902332939303710,20970,0,30,24,58,5280,15,14,0,6182,7200,80,255,1
1765177685.675218,14012902332939303710,21000,0,30,24,58,5280,15,14,0,6181,7200,80,255,1
1765177687.1736057,14012902332939303710,21030,0,30,24,58,5280,15,14,0,6179,7200,80,255,1
1765177688.17579,14012902332939303710,21051,0,30,24,58,5280,15,14,0,6178,7200,80,255,1
1765177689.6844559,14012902332939303710,21082,0,30,24,58,5280,15,14,0,6177,7200,80,255,1
1765177690.684773,14012902332939303710,21102,0,30,24,58,5280,15,14,0,6176,7200,80,255,1
1765177692.183545,14012902332939303710,21132,0,30,24,58,5280,15,14,0,6174,7200,80,255,1
1765177693.677976,14012902332939303710,21163,0,30,24,58,5280,15,14,0,6173,7200,80,255,1
1765177694.678649,14012902332939303710,21183,0,30,24,58,5280,15,14,0,6172,7200,80,255,1
1765177696.1763682,14012902332939303710,21214,0,30,24,58,5280,15,14,0,6170,7200,80,255,1
1765177697.6748073,14012902332939303710,21245,0,30,24,58,5280,15,14,0,6169,7200,80,255,1
1765177699.1743643,14012902332939303710,21275,0,30,24,58,5280,15,14,0,6167,7200,80,255,1
1765177700.1770382,14012902332939303710,21295,0,30,24,58,5280,15,14,0,6166,7200,80,255,1
1765177701.1775963,14012902332939303710,21315,0,30,24,58,5280,15,14,0,6165,7200,80,255,1
1765177702.1798902,14012902332939303710,21335,0,30,24,58,5280,15,14,0,6164,7200,80,255,1
1765177703.184616,14012902332939303710,21355,0,30,24,58,5280,15,14,0,6163,7200,80,255,1
1765177704.6858382,14012902332939303710,21387,0,30,24,58,5280,15,14,0,6162,7200,80,255,1
1765177706.1726184,14012902332939303710,21417,0,30,24,58,5280,15,14,0,6160,7200,80,255,1
1765177707.1769533,14012902332939303710,21438,0,30,24,58,5280,15,14,0,6159,7200,80,255,1
1765177708.6819463,14012902332939303710,21470,0,30,24,58,5280,15,14,0,6158,7200,80,255,1
1765177710.181282,14012902332939303710,21501,0,30,24,58,5280,15,14,0,6156,7200,80,255,1
1765177711.6824791,14012902332939303710,21532,0,30,24,58,5280,15,14,0,6155,7200,80,255,1
1765177713.1785166,14012902332939303710,21562,0,30,24,58,5280,15,14,0,6153,7200,80,255,1
1765177714.181563,14012902332939303710,21583,0,30,24,58,5280,15,14,0,6152,7200,80,255,1
1765177715.6826594,14012902332939303710,21613,0,30,24,58,5280,15,14,0,6151,7200,80,255,1
1765177717.1835353,14012902332939303710,21645,0,30,24,58,5280,15,14,0,6149,7200,80,255,1
1765177718.6727893,14012902332939303710,21675,0,30,24,58,5280,15,14,0,6148,7200,80,255,1
1765177719.6792653,14012902332939303710,21696,0,30,24,58,5280,15,14,0,6147,7200,80,255,1
1765177720.681405,14012902332939303710,21716,0,30,24,58,5280,15,14,0,6146,7200,80,255,1
1765177721.6843817,14012902332939303710,21736,0,30,24,58,5280,15,14,0,6145,7200,80,255,1
1765177723.1803746,14012902332939303710,21766,0,30,24,58,5280,15,14,0,6143,7200,80,255,1
1765177724.6804895,14012902332939303710,21798,0,30,24,58,5280,15,14,0,6142,7200,80,255,1
1765177725.6828153,14012902332939303710,21819,0,30,24,58,5280,15,14,0,6141,7200,80,255,1
1765177726.6869087,14012902332939303710,21839,0,30,24,58,5280,15,14,0,6140,7200,80,255,1
1765177728.1800504,14012902332939303710,21870,0,30,24,58,5280,15,14,0,6138,7200,80,255,1
1765177729.1834984,14012902332939303710,21890,0,30,24,58,5280,15,14,0,6137,7200,80,255,1
1765177730.6755643,14012902332939303710,21921,0,30,24,58,5280,15,14,0,6136,7200,80,255,1
1765177731.6794424,14012902332939303710,21942,0,30,24,58,5280,15,14,0,6135,7200,80,255,1
1765177732.6815464,14012902332939303710,21962,0,30,24,58,5280,15,14,0,6134,7200,80,255,1
1765177734.1727357,14012902332939303710,21995,0,30,24,58,5280,15,14,0,6132,7200,80,255,1
1765177735.1770015,14012902332939303710,22017,0,30,24,58,5280,15,14,0,6131,7200,80,255,1
1765177736.1802452,14012902332939303710,22037,0,30,24,58,5280,15,14,0,6130,7200,80,255,1
1765177737.1814473,14012902332939303710,22057,0,30,24,58,5280,15,14,0,6129,7200,80,255,1
1765177738.1843593,14012902332939303710,22078,0,30,24,58,5280,15,14,0,6128,7200,80,255,1
1765177739.6721816,14012902332939303710,22110,0,30,24,58,5280,15,14,0,6127,7200,80,255,1
1765177740.6728032,14012902332939303710,22131,0,30,24,58,5280,15,14,0,6126,7200,80,255,1
1765177741.6790748,14012902332939303710,22152,0,30,24,58,5280,15,14,0,6125,7200,80,255,1
1765177742.68022,14012902332939303710,22173,0,30,24,58,5280,15,14,0,6124,7200,80,255,1
1765177743.6864161,14012902332939303710,22195,0,30,24,58,5280,15,14,0,6123,7200,80,255,1
1765177745.1754873,14012902332939303710,22226,0,30,24,58,5280,15,14,0,6121,7200,80,255,1
1765177746.1783822,14012902332939303710,22246,0,30,24,58,5280,15,14,0,6120,7200,80,255,1
1765177747.1828675,14012902332939303710,22267,0,30,24,58,5280,15,14,0,6119,7200,80,255,1
1765177748.679276,14012902332939303710,22297,0,30,24,58,5280,15,14,0,6118,7200,80,255,1
1765177749.6818821,14012902332939303710,22318,0,30,24,58,5280,15,14,0,6117,7200,80,255,1
1765177750.6845708,14012902332939303710,22339,0,30,24,58,5280,15,14,0,6116,7200,80,255,1
1765177752.1742985,14012902332939303710,22370,0,30,24,58,5280,15,14,0,6114,7200,80,255,1
1765177753.181635,14012902332939303710,22390,0,30,24,58,5280,15,14,0,6113,7200,80,255,1
1765177754.1844456,14012902332939303710,22411,0,30,24,58,5280,15,14,0,6112,7200,80,255,1
1765177755.672256,14012902332939303710,22444,0,30,24,58,5280,15,14,0,6111,7200,80,255,1
1765177756.6736448,14012902332939303710,22465,0,30,24,58,5280,15,14,0,6110,7200,80,255,1
1765177757.6789453,14012902332939303710,22487,0,30,24,58,5280,15,14,0,6109,7200,80,255,1
1765177759.171696,14012902332939303710,22518,0,30,24,58,5280,15,14,0,6107,7200,80,255,1
1765177760.1736486,14012902332939303710,22539,0,30,24,58,5280,15,14,0,6106,7200,80,255,1
1765177761.1779757,14012902332939303710,22559,0,30,24,58,5280,15,14,0,6105,7200,80,255,1
1765177762.1801715,14012902332939303710,22579,0,30,24,58,5280,15,14,0,6104,7200,80,255,1
1765177763.6725814,14012902332939303710,22611,0,30,24,58,5280,15,14,0,6103,7200,80,255,1
1765177764.6744156,14012902332939303710,22633,0,30,24,58,5280,15,14,0,6102,7200,80,255,1
1765177765.6789963,14012902332939303710,22653,0,30,24,58,5280,15,14,0,6101,7200,80,255,1
1765177766.6805694,14012902332939303710,22675,0,30,24,58,5280,15,14,0,6100,7200,80,255,1
1765177767.6834264,14012902332939303710,22697,0,30,24,58,5280,15,14,0,6099,7200,80,255,1
1765177769.1775217,14012902332939303710,22728,0,30,24,58,5280,15,14,0,6097,7200,80,255,1
1765177770.1817596,14012902332939303710,22749,0,30,24,58,5280,15,14,0,6096,7200,80,255,1
1765177771.6727617,14012902332939303710,22781,0,30,24,58,5280,15,14,0,6095,7200,80,255,1
1765177772.6744456,14012902332939303710,22801,0,30,24,58,5280,15,14,0,6094,7200,80,255,1
1765177773.6846058,14012902332939303710,22823,0,30,24,58,5280,15,14,0,6093,7200,80,255,1
1765177775.1725416,14012902332939303710,22854,0,30,24,58,5280,15,14,0,6091,7200,80,255,1
1765177776.1746278,14012902332939303710,22876,0,30,24,58,5280,15,14,0,6090,7200,80,255,1
1765177777.1767907,14012902332939303710,22896,0,30,24,58,5280,15,14,0,6089,7200,80,255,1
1765177778.679021,14012902332939303710,22928,0,30,24,58,5280,15,14,0,6088,7200,80,255,1
1765177780.1735475,14012902332939303710,22960,0,30,24,58,5280,15,14,0,6086,7200,80,255,1
1765177781.1789703,14012902332939303710,22981,0,30,24,58,5280,15,14,0,6085,7200,80,255,1
1765177782.6736193,14012902332939303710,23014,0,30,24,58,5280,15,14,0,6084,7200,80,255,1
1765177783.684504,14012902332939303710,23035,0,30,24,58,5280,15,14,0,6083,7200,80,255,1
1765177785.1814806,14012902332939303710,23065,0,30,24,58,5280,15,14,0,6081,7200,80,255,1
1765177786.674431,14012902332939303710,23096,0,30,24,58,5280,15,14,0,6080,7200,80,255,1
1765177787.68269,14012902332939303710,23118,0,30,24,58,5280,15,14,0,6079,7200,80,255,1
1765177789.1827438,14012902332939303710,23149,0,30,24,58,5280,15,14,0,6077,7200,80,255,1
1765177790.6716132,14012902332939303710,23179,0,30,24,58,5280,15,14,0,6076,7200,80,255,1
1765177791.672477,14012902332939303710,23201,0,30,24,58,5280,15,14,0,6075,7200,80,255,1
1765177792.6755443,14012902332939303710,23223,0,30,24,58,5280,15,14,0,6074,7200,80,255,1
1765177793.6823907,14012902332939303710,23243,0,30,24,58,5280,15,14,0,6073,7200,80,255,1
1765177794.6841884,14012902332939303710,23264,0,30,24,58,5280,15,14,0,6072,7200,80,255,1
1765177795.6854343,14012902332939303710,23285,0,30,24,58,5280,15,14,0,6071,7200,80,255,1
1765177797.1737201,14012902332939303710,23316,0,30,24,58,5280,15,14,0,6069,7200,80,255,1
1765177798.1793563,14012902332939303710,23336,0,30,24,58,5280,15,14,0,6068,7200,80,255,1
1765177799.1812932,14012902332939303710,23357,0,30,24,58,5280,15,14,0,6067,7200,80,255,1
1765177800.182178,14012902332939303710,23377,0,30,24,58,5280,15,14,0,6066,7200,80,255,1
1765177801.1841595,14012902332939303710,23398,0,30,24,58,5280,15,14,0,6065,7200,80,255,1
1765177802.6726792,14012902332939303710,23430,0,30,24,58,5280,15,14,0,6064,7200,80,255,1
1765177803.6777868,14012902332939303710,23451,0,30,24,58,5280,15,14,0,6063,7200,80,255,1
1765177804.6778522,14012902332939303710,23472,0,30,24,58,5280,15,14,0,6062,7200,80,255,1
1765177805.680029,14012902332939303710,23492,0,30,24,58,5280,15,14,0,6061,7200,80,255,1
1765177807.179846,14012902332939303710,23522,0,30,24,58,5280,15,14,0,6059,7200,80,255,1
1765177808.1827643,14012902332939303710,23544,0,30,24,58,5280,15,14,0,6058,7200,80,255,1
1765177809.6736302,14012902332939303710,23575,0,30,24,58,5280,15,14,0,6057,7200,80,255,1
1765177810.674492,14012902332939303710,23597,0,30,24,58,5280,15,14,0,6056,7200,80,255,1
1765177811.679316,14012902332939303710,23617,0,30,24,58,5280,15,14,0,6055,7200,80,255,1
1765177812.6812115,14012902332939303710,23639,0,30,24,58,5280,15,14,0,6054,7200,80,255,1
1765177814.174619,14012902332939303710,23671,0,30,24,58,5280,15,14,0,6052,7200,80,255,1
1765177815.1755164,14012902332939303710,23692,0,30,24,58,5280,15,14,0,6051,7200,80,255,1
1765177816.1779928,14012902332939303710,23713,0,30,24,58,5280,15,14,0,6050,7200,80,255,1
1765177817.1801393,14012902332939303710,23734,0,30,24,58,5280,15,14,0,6049,7200,80,255,1
1765177818.6741216,14012902332939303710,23764,0,30,24,58,5280,15,14,0,6048,7200,80,255,1
1765177819.674235,14012902332939303710,23784,0,30,24,58,5280,15,14,0,6047,7200,80,255,1
1765177820.6789427,14012902332939303710,23805,0,30,24,58,5280,15,14,0,6046,7200,80,255,1
1765177821.6799316,14012902332939303710,23825,0,30,24,58,5280,15,14,0,6045,7200,80,255,1
1765177822.6835685,14012902332939303710,23846,0,30,24,58,5280,15,14,0,6044,7200,80,255,1
1765177824.175056,14012902332939303710,23876,0,30,24,58,5280,15,14,0,6042,7200,80,255,1
1765177825.6741679,14012902332939303710,23906,0,30,24,58,5280,15,14,0,6041,7200,80,255,1
1765177826.6755075,14012902332939303710,23926,0,30,24,58,5280,15,14,0,6040,7200,80,255,1
1765177827.6789176,14012902332939303710,23946,0,30,24,58,5280,15,14,0,6039,7200,80,255,1
1765177828.684484,14012902332939303710,23966,0,30,24,58,5280,15,14,0,6038,7200,80,255,1
1765177830.172721,14012902332939303710,23998,0,30,24,58,5280,15,14,0,6036,7200,80,255,1
1765177831.172961,14012902332939303710,24020,0,30,24,58,5280,15,14,0,6035,7200,80,255,1
1765177832.1743863,14012902332939303710,24040,0,30,24,58,5280,15,14,0,6034,7200,80,255,1
1765177833.181437,14012902332939303710,24060,0,30,24,58,5280,15,14,0,6033,7200,80,255,1
1765177834.184331,14012902332939303710,24081,0,30,24,58,5280,15,14,0,6032,7200,80,255,1
1765177835.6794446,14012902332939303710,24113,0,30,24,58,5280,15,14,0,6031,7200,80,255,1
1765177836.679782,14012902332939303710,24133,0,30,24,58,5280,15,14,0,6030,7200,80,255,1
1765177837.6813722,14012902332939303710,24154,0,30,24,58,5280,15,14,0,6029,7200,80,255,1
1765177839.1741605,14012902332939303710,24186,0,30,24,58,5280,15,14,0,6027,7200,80,255,1
1765177840.1749568,14012902332939303710,24207,0,30,24,58,5280,15,14,0,6026,7200,80,255,1
1765177841.1768587,14012902332939303710,24227,0,30,24,58,5280,15,14,0,6025,7200,80,255,1
1765177842.6764846,14012902332939303710,24257,0,30,24,58,5280,15,14,0,6024,7200,80,255,1
1765177843.682445,14012902332939303710,24278,0,30,24,58,5280,15,14,0,6023,7200,80,255,1
1765177845.1842017,14012902332939303710,24309,0,30,24,58,5280,15,14,0,6021,7200,80,255,1
1765177846.6734743,14012902332939303710,24341,0,30,24,58,5280,15,14,0,6020,7200,80,255,1
1765177847.674687,14012902332939303710,24362,0,30,24,58,5280,15,14,0,6019,7200,80,255,1
1765177848.680636,14012902332939303710,24382,0,30,24,58,5280,15,14,0,6018,7200,80,255,1
1765177849.6816838,14012902332939303710,24403,0,30,24,58,5280,15,14,0,6017,7200,80,255,1
1765177850.6841764,14012902332939303710,24424,0,30,24,58,5280,15,14,0,6016,7200,80,255,1
1765177852.1722844,14012902332939303710,24456,0,30,24,58,5280,15,14,0,6014,7200,80,255,1
1765177853.1776087,14012902332939303710,24479,0,30,24,58,5280,15,14,0,6013,7200,80,255,1
1765177854.1799726,14012902332939303710,24499,0,30,24,58,5280,15,14,0,6012,7200,80,255,1
1765177855.1827345,14012902332939303710,24520,0,30,24,58,5280,15,14,0,6011,7200,80,255,1
1765177856.1841233,14012902332939303710,24541,0,30,24,58,5280,15,14,0,6010,7200,80,255,1
1765177857.675353,14012902332939303710,24572,0,30,24,58,5280,15,14,0,6009,7200,80,255,1
1765177858.684518,14012902332939303710,24593,0,30,24,58,5280,15,14,0,6008,7200,80,255,1
1765177860.178443,14012902332939303710,24624,0,30,24,58,5280,15,14,0,6006,7200,80,255,1
1765177861.184327,14012902332939303710,24645,0,30,24,58,5280,15,14,0,6005,7200,80,255,1
1765177862.6798804,14012902332939303710,24676,0,30,24,58,5280,15,14,0,6004,7200,80,255,1
1765177864.1822784,14012902332939303710,24708,0,30,24,58,5280,15,14,0,6002,7200,80,255,1
1765177865.6774971,14012902332939303710,24738,0,30,24,58,5280,15,14,0,6001,7200,80,255,1
1765177866.6823902,14012902332939303710,24758,0,30,24,58,5280,15,14,0,6000,7200,80,255,1
1765177868.182635,14012902332939303710,24789,0,30,24,58,5280,15,14,0,5998,7200,80,255,1
1765177869.68268,14012902332939303710,24819,0,30,24,58,5280,15,14,0,5997,7200,80,255,1
1765177871.1799102,14012902332939303710,24850,0,30,24,58,5280,15,14,0,5995,7200,80,255,1
1765177872.6774263,14012902332939303710,24882,0,30,24,58,5280,15,14,0,5994,7200,80,255,1
1765177873.6775823,14012902332939303710,24904,0,30,24,58,5280,15,14,0,5993,7200,80,255,1
1765177874.6842535,14012902332939303710,24925,0,30,24,58,5280,15,14,0,5992,7200,80,255,1
1765177876.1826854,14012902332939303710,24955,0,30,24,58,5280,15,14,0,5990,7200,80,255,1
1765177877.6752973,14012902332939303710,24987,0,30,24,58,5280,15,14,0,5989,7200,80,255,1
1765177878.6843083,14012902332939303710,25007,0,30,24,58,5280,15,14,0,5988,7200,80,255,1
1765177880.1774383,14012902332939303710,25038,0,30,24,58,5280,15,14,0,5986,7200,80,255,1
1765177881.181942,14012902332939303710,25059,0,30,24,58,5280,15,14,0,5985,7200,80,255,1
1765177882.6730359,14012902332939303710,25091,0,30,24,58,5280,15,14,0,5984,7200,80,255,1
1765177883.678058,14012902332939303710,25111,0,30,24,58,5280,15,14,0,5983,7200,80,255,1
1765177884.6805737,14012902332939303710,25131,0,30,24,58,5280,15,14,0,5982,7200,80,255,1
1765177885.6843798,14012902332939303710,25151,0,30,24,58,5280,15,14,0,5981,7200,80,255,1
1765177887.1726518,14012902332939303710,25183,0,30,24,58,5280,15,14,0,5979,7200,80,255,1
1765177888.178185,14012902332939303710,25204,0,30,24,58,5280,15,14,0,5978,7200,80,255,1
1765177889.1822739,14012902332939303710,25224,0,30,24,58,5280,15,14,0,5977,7200,80,255,1
1765177890.1835518,14012902332939303710,25245,0,30,24,58,5280,15,14,0,5976,7200,80,255,1
1765177891.1841395,14012902332939303710,25265,0,30,24,58,5280,15,14,0,5975,7200,80,255,1
1765177892.6728022,14012902332939303710,25296,0,30,24,58,5280,15,14,0,5974,7200,80,255,1
1765177893.6784654,14012902332939303710,25317,0,30,24,58,5280,15,14,0,5973,7200,80,255,1
1765177894.6825812,14012902332939303710,25338,0,30,24,58,5280,15,14,0,5972,7200,80,255,1
1765177896.1829765,14012902332939303710,25370,0,30,24,58,5280,15,14,0,5970,7200,80,255,1
1765177897.6715515,14012902332939303710,25402,0,30,24,58,5280,15,14,0,5969,7200,80,255,1
1765177898.6773667,14012902332939303710,25423,0,30,24,58,5280,15,14,0,5968,7200,80,255,1
1765177899.679176,14012902332939303710,25443,0,30,24,58,5280,15,14,0,5967,7200,80,255,1
1765177900.683576,14012902332939303710,25463,0,30,24,58,5280,15,14,0,5966,7200,80,255,1
1765177901.6843362,14012902332939303710,25483,0,30,24,58,5280,15,14,0,5965,7200,80,255,1
1765177903.177671,14012902332939303710,25514,0,30,24,58,5280,15,14,0,5963,7200,80,255,1
1765177904.1787195,14012902332939303710,25534,0,30,24,58,5280,15,14,0,5962,7200,80,255,1
1765177905.1816287,14012902332939303710,25554,0,30,24,58,5280,15,14,0,5961,7200,80,255,1
1765177906.1840785,14012902332939303710,25574,0,30,24,58,5280,15,14,0,5960,7200,80,255,1
1765177907.1852276,14012902332939303710,25594,0,30,24,58,5280,15,14,0,5959,7200,80,255,1
1765177908.6779625,14012902332939303710,25625,0,30,24,58,5280,15,14,0,5958,7200,80,255,1
1765177910.179086,14012902332939303710,25655,0,30,24,58,5280,15,14,0,5956,7200,80,255,1
1765177911.1823816,14012902332939303710,25676,0,30,24,58,5280,15,14,0,5955,7200,80,255,1
1765177912.1842806,14012902332939303710,25697,0,30,24,58,5280,15,14,0,5954,7200,80,255,1
1765177913.6764023,14012902332939303710,25728,0,30,24,58,5280,15,14,0,5953,7200,80,255,1
1765177914.678669,14012902332939303710,25749,0,30,24,58,5280,15,14,0,5952,7200,80,255,1
1765177915.6796672,14012902332939303710,25771,0,30,24,58,5280,15,14,0,5951,7200,80,255,1
1765177916.6813962,14012902332939303710,25791,0,30,24,58,5280,15,14,0,5950,7200,80,255,1
1765177917.6826537,14012902332939303710,25813,0,30,24,58,5280,15,14,0,5949,7200,80,255,1
1765177919.176893,14012902332939303710,25843,0,30,24,58,5280,15,14,0,5947,7200,80,255,1
1765177920.1785986,14012902332939303710,25863,0,30,24,58,5280,15,14,0,5946,7200,80,255,1
1765177921.1791015,14012902332939303710,25884,0,30,24,58,5280,15,14,0,5945,7200,80,255,1
1765177922.1822932,14012902332939303710,25904,0,30,24,58,5280,15,14,0,5944,7200,80,255,1
1765177923.6766417,14012902332939303710,25935,0,30,24,58,5280,15,14,0,5943,7200,80,255,1
1765177924.6785998,14012902332939303710,25955,0,30,24,58,5280,15,14,0,5942,7200,80,255,1
1765177925.6816385,14012902332939303710,25977,0,30,24,58,5280,15,14,0,5941,7200,80,255,1
1765177926.6829774,14012902332939303710,25997,0,30,24,58,5280,15,14,0,5940,7200,80,255,1
1765177927.6859498,14012902332939303710,26018,0,30,24,58,5280,15,14,0,5939,7200,80,255,1
1765177929.1761606,14012902332939303710,26048,0,30,24,58,5280,15,14,0,5937,7200,80,255,1
1765177930.1797166,14012902332939303710,26068,0,30,24,58,5280,15,14,0,5936,7200,80,255,1
1765177931.6824055,14012902332939303710,26099,0,30,24,58,5280,15,14,0,5935,7200,80,255,1
1765177933.175076,14012902332939303710,26130,0,30,24,58,5280,15,14,0,5933,7200,80,255,1
1765177934.1754296,14012902332939303710,26150,0,30,24,58,5280,15,14,0,5932,7200,80,255,1
1765177935.17866,14012902332939303710,26170,0,30,24,58,5280,15,14,0,5931,7200,80,255,1
1765177936.1786654,14012902332939303710,26191,0,30,24,58,5280,15,14,0,5930,7200,80,255,1
1765177937.1822014,14012902332939303710,26212,0,30,24,58,5280,15,14,0,5929,7200,80,255,1
1765177938.6740708,14012902332939303710,26244,0,30,24,58,5280,15,14,0,5928,7200,80,255,1
1765177939.6781888,14012902332939303710,26264,0,30,24,58,5280,15,14,0,5927,7200,80,255,1
1765177940.6786046,14012902332939303710,26285,0,30,24,58,5280,15,14,0,5926,7200,80,255,1
1765177941.6834054,14012902332939303710,26305,0,30,24,58,5280,15,14,0,5925,7200,80,255,1
1765177943.177665,14012902332939303710,26336,0,30,24,58,5280,15,14,0,5923,7200,80,255,1
1765177944.178792,14012902332939303710,26357,0,30,24,58,5280,15,14,0,5922,7200,80,255,1
1765177945.1813958,14012902332939303710,26378,0,30,24,58,5280,15,14,0,5921,7200,80,255,1
1765177946.1843967,14012902332939303710,26399,0,30,24,58,5280,15,14,0,5920,7200,80,255,1
1765177947.6740398,14012902332939303710,26430,0,30,24,58,5280,15,14,0,5919,7200,80,255,1
1765177948.6785734,14012902332939303710,26450,0,30,24,58,5280,15,14,0,5918,7200,80,255,1
1765177949.6823223,14012902332939303710,26470,0,30,24,58,5280,15,14,0,5917,7200,80,255,1
1765177951.1725898,14012902332939303710,26501,0,30,24,58,5280,15,14,0,5915,7200,80,255,1
1765177952.1778283,14012902332939303710,26523,0,30,24,58,5280,15,14,0,5914,7200,80,255,1
1765177953.6732242,14012902332939303710,26553,0,30,24,58,5280,15,14,0,5913,7200,80,255,1
1765177954.6741338,14012902332939303710,26575,0,30,24,58,5280,15,14,0,5912,7200,80,255,1
1765177955.6763475,14012902332939303710,26595,0,30,24,58,5280,15,14,0,5911,7200,80,255,1
1765177956.6793158,14012902332939303710,26616,0,30,24,58,5280,15,14,0,5910,7200,80,255,1
1765177957.67986,14012902332939303710,26638,0,30,24,58,5280,15,14,0,5909,7200,80,255,1
1765177959.1794853,14012902332939303710,26669,0,30,24,58,5280,15,14,0,5907,7200,80,255,1
1765177960.1796029,14012902332939303710,26690,0,30,24,58,5280,15,14,0,5906,7200,80,255,1
1765177961.1832492,14012902332939303710,26711,0,30,24,58,5280,15,14,0,5905,7200,80,255,1
1765177962.185264,14012902332939303710,26732,0,30,24,58,5280,15,14,0,5904,7200,80,255,1
1765177963.6804988,14012902332939303710,26762,0,30,24,58,5280,15,14,0,5903,7200,80,255,1
1765177964.6834664,14012902332939303710,26783,0,30,24,58,5280,15,14,0,5902,7200,80,255,1
1765177966.186762,14012902332939303710,26815,0,30,24,58,5280,15,14,0,5900,7200,80,255,1
1765177967.6762621,14012902332939303710,26847,0,30,24,58,5280,15,14,0,5899,7200,80,255,1
1765177968.6833155,14012902332939303710,26867,0,30,24,58,5280,15,14,0,5898,7200,80,255,1
1765177969.6852999,14012902332939303710,26887,0,30,24,58,5280,15,14,0,5897,7200,80,255,1
1765177971.1740174,14012902332939303710,26919,0,30,24,58,5280,15,14,0,5895,7200,80,255,1
1765177972.1754122,14012902332939303710,26940,0,30,24,58,5280,15,14,0,5894,7200,80,255,1
1765177973.1852171,14012902332939303710,26961,0,30,24,58,5280,15,14,0,5893,7200,80,255,1
1765177974.1854396,14012902332939303710,26981,0,30,24,58,5280,15,14,0,5892,7200,80,255,1
1765177975.6766272,14012902332939303710,27012,0,30,24,58,5280,15,14,0,5891,7200,80,255,1
1765177976.6788094,14012902332939303710,27033,0,30,24,58,5280,15,14,0,5890,7200,80,255,1
1765177977.6801572,14012902332939303710,27053,0,30,24,58,5280,15,14,0,5889,7200,80,255,1
1765177979.1761637,14012902332939303710,27083,0,30,24,58,5280,15,14,0,5887,7200,80,255,1
1765177980.1798332,14012902332939303710,27103,0,30,24,58,5280,15,14,0,5886,7200,80,255,1
1765177981.6796012,14012902332939303710,27134,0,30,24,58,5280,15,14,0,5885,7200,80,255,1
1765177982.6806161,14012902332939303710,27154,0,30,24,58,5280,15,14,0,5884,7200,80,255,1
1765177984.1782649,14012902332939303710,27185,0,30,24,58,5280,15,14,0,5882,7200,80,255,1
1765177985.1798341,14012902332939303710,27206,0,30,24,58,5280,15,14,0,5881,7200,80,255,1
1765177986.1799176,14012902332939303710,27227,0,30,24,58,5280,15,14,0,5880,7200,80,255,1
1765177987.671474,14012902332939303710,27259,0,30,24,58,5280,15,14,0,5879,7200,80,255,1
1765177988.676416,14012902332939303710,27281,0,30,24,58,5280,15,14,0,5878,7200,80,255,1
1765177989.6783454,14012902332939303710,27303,0,30,24,58,5280,15,14,0,5877,7200,80,255,1
1765177990.6803,14012902332939303710,27323,0,30,24,58,5280,15,14,0,5876,7200,80,255,1
1765177991.681218,14012902332939303710,27343,0,30,24,58,5280,15,14,0,5875,7200,80,255,1
1765177992.6842806,14012902332939303710,27363,0,30,24,58,5280,15,14,0,5874,7200,80,255,1
1765177994.179521,14012902332939303710,27395,0,30,24,58,5280,15,14,0,5872,7200,80,255,1
1765177995.179949,14012902332939303710,27415,0,30,24,58,5280,15,14,0,5871,7200,80,255,1
1765177996.1826189,14012902332939303710,27437,0,30,24,58,5280,15,14,0,5870,7200,80,255,1
1765177997.18424,14012902332939303710,27457,0,30,24,58,5280,15,14,0,5869,7200,80,255,1
1765177998.676717,14012902332939303710,27489,0,30,24,58,5280,15,14,0,5868,7200,80,255,1
1765177999.6800349,14012902332939303710,27509,0,30,24,58,5280,15,14,0,5867,7200,80,255,1
1765178000.6813538,14012902332939303710,27530,0,30,24,58,5280,15,14,0,5866,7200,80,255,1
1765178001.6840043,14012902332939303710,27551,0,30,24,58,5280,15,14,0,5865,7200,80,255,1
1765178003.1715307,14012902332939303710,27583,0,30,24,58,5280,15,14,0,5863,7200,80,255,1
1765178004.179367,14012902332939303710,27605,0,30,24,58,5280,15,14,0,5862,7200,80,255,1
1765178005.1813533,14012902332939303710,27626,0,30,24,58,5280,15,14,0,5861,7200,80,255,1
1765178006.6826682,14012902332939303710,27657,0,30,24,58,5280,15,14,0,5860,7200,80,255,1
1765178008.176117,14012902332939303710,27688,0,30,24,58,5280,15,14,0,5858,7200,80,255,1
1765178009.1830537,14012902332939303710,27708,0,30,24,58,5280,15,14,0,5857,7200,80,255,1
1765178010.672572,14012902332939303710,27740,0,30,24,58,5280,15,14,0,5856,7200,80,255,1
1765178011.6768932,14012902332939303710,27762,0,30,24,58,5280,15,14,0,5855,7200,80,255,1
1765178012.6797256,14012902332939303710,27782,0,30,24,58,5280,15,14,0,5854,7200,80,255,1
1765178014.1763327,14012902332939303710,27812,0,30,24,58,5280,15,14,0,5852,7200,80,255,1
1765178015.1798692,14012902332939303710,27833,0,30,24,58,5280,15,14,0,5851,7200,80,255,1
1765178016.1825154,14012902332939303710,27853,0,30,24,58,5280,15,14,0,5850,7200,80,255,1
1765178017.6752176,14012902332939303710,27883,0,30,24,58,5280,15,14,0,5849,7200,80,255,1
1765178018.6815088,14012902332939303710,27905,0,30,24,58,5280,15,14,0,5848,7200,80,255,1
1765178019.6829028,14012902332939303710,27926,0,30,24,58,5280,15,14,0,5847,7200,80,255,1
1765178021.1764448,14012902332939303710,27957,0,30,24,58,5280,15,14,0,5845,7200,80,255,1
1765178022.1812446,14012902332939303710,27978,0,30,24,58,5280,15,14,0,5844,7200,80,255,1
1765178023.1822388,14012902332939303710,27998,0,30,24,58,5280,15,14,0,5843,7200,80,255,1
1765178024.67952,14012902332939303710,28029,0,30,24,58,5280,15,14,0,5842,7200,80,255,1
1765178025.6826527,14012902332939303710,28050,0,30,24,58,5280,15,14,0,5841,7200,80,255,1
1765178027.1771736,14012902332939303710,28080,0,30,24,58,5280,15,14,0,5839,7200,80,255,1
1765178028.1814232,14012902332939303710,28101,0,30,24,58,5280,15,14,0,5838,7200,80,255,1
1765178029.6762018,14012902332939303710,28133,0,30,24,58,5280,15,14,0,5837,7200,80,255,1
1765178030.6791148,14012902332939303710,28153,0,30,24,58,5280,15,14,0,5836,7200,80,255,1
1765178031.6811664,14012902332939303710,28174,0,30,24,58,5280,15,14,0,5835,7200,80,255,1
1765178033.1711946,14012902332939303710,28206,0,30,24,58,5280,15,14,0,5833,7200,80,255,1
1765178034.1802511,14012902332939303710,28227,0,30,24,58,5280,15,14,0,5832,7200,80,255,1
1765178035.18121,14012902332939303710,28249,0,30,24,58,5280,15,14,0,5831,7200,80,255,1
1765178036.1824856,14012902332939303710,28270,0,30,24,58,5280,15,14,0,5830,7200,80,255,1
1765178037.6773474,14012902332939303710,28302,0,30,24,58,5280,15,14,0,5829,7200,80,255,1
1765178039.1762044,14012902332939303710,28334,0,30,24,58,5280,15,14,0,5827,7200,80,255,1
1765178040.1824348,14012902332939303710,28354,0,30,24,58,5280,15,14,0,5826,7200,80,255,1
1765178041.6806228,14012902332939303710,28385,0,30,24,58,5280,15,14,0,5825,7200,80,255,1
1765178043.1788654,14012902332939303710,28416,0,30,24,58,5280,15,14,0,5823,7200,80,255,1
1765178044.682493,14012902332939303710,28447,0,30,24,58,5280,15,14,0,5822,7200,80,255,1
1765178046.1827595,14012902332939303710,28479,0,30,24,58,5280,15,14,0,5820,7200,80,255,1
1765178047.6804628,14012902332939303710,28510,0,30,24,58,5280,15,14,0,5819,7200,80,255,1
1765178049.1813176,14012902332939303710,28540,0,30,24,58,5280,15,14,0,5817,7200,80,255,1
1765178050.6806803,14012902332939303710,28571,0,30,24,58,5280,15,14,0,5816,7200,80,255,1
1765178052.1805196,14012902332939303710,28602,0,30,24,58,5280,15,14,0,5814,7200,80,255,1
1765178053.681518,14012902332939303710,28636,0,30,24,58,5280,15,14,0,5813,7200,80,255,1
1765178055.180036,14012902332939303710,28669,0,30,24,58,5280,15,14,0,5811,7200,80,255,1
1765178056.1825116,14012902332939303710,28689,0,30,24,58,5280,15,14,0,5810,7200,80,255,1
1765178057.6817272,14012902332939303710,28719,0,30,24,58,5280,15,14,0,5809,7200,80,255,1
1765178058.6840997,14012902332939303710,28740,0,30,24,58,5280,15,14,0,5808,7200,80,255,1
1765178060.1796827,14012902332939303710,28770,0,30,24,58,5280,15,14,0,5806,7200,80,255,1
1765178061.675017,14012902332939303710,28800,0,30,24,58,5280,15,14,0,5805,7200,80,255,1
1765178062.6839242,14012902332939303710,28823,0,30,24,58,5280,15,14,0,5804,7200,80,255,1
1765178064.172538,14012902332939303710,28855,0,30,24,58,5280,15,14,0,5802,7200,80,255,1
1765178065.1839292,14012902332939303710,28880,0,30,24,58,5280,15,14,0,5801,7200,80,255,1
1765178066.6811638,14012902332939303710,28910,0,30,24,58,5280,15,14,0,5800,7200,80,255,1
1765178068.1797352,14012902332939303710,28940,0,30,24,58,5280,15,14,0,5798,7200,80,255,1
1765178069.1839347,14012902332939303710,28961,0,30,24,58,5280,15,14,0,5797,7200,80,255,1
1765178070.6777246,14012902332939303710,28992,0,30,24,58,5280,15,14,0,5796,7200,80,255,1
1765178072.1723301,14012902332939303710,29022,0,30,24,58,5280,15,14,0,5794,7200,80,255,1
1765178073.1828527,14012902332939303710,29044,0,30,24,58,5280,15,14,0,5793,7200,80,255,1
1765178074.6827326,14012902332939303710,29077,0,30,24,58,5280,15,14,0,5792,7200,80,255,1
1765178076.1818397,14012902332939303710,29107,0,30,24,58,5280,15,14,0,5790,7200,80,255,1
1765178077.6713455,14012902332939303710,29140,0,30,24,58,5280,15,14,0,5789,7200,80,255,1
1765178079.1838553,14012902332939303710,29173,0,30,24,58,5280,15,14,0,5787,7200,80,255,1
1765178080.679434,14012902332939303710,29203,0,30,24,58,5280,15,14,0,5786,7200,80,255,1
1765178082.172565,14012902332939303710,29235,0,30,24,58,5280,15,14,0,5784,7200,80,255,1
1765178083.1754246,14012902332939303710,29256,0,30,24,58,5280,15,14,0,5783,7200,80,255,1
1765178084.183938,14012902332939303710,29278,0,30,24,58,5280,15,14,0,5782,7200,80,255,1
1765178085.6827435,14012902332939303710,29309,0,30,24,58,5280,15,14,0,5781,7200,80,255,1
1765178087.1838624,14012902332939303710,29340,0,30,24,58,5280,15,14,0,5779,7200,80,255,1
1765178088.6825788,14012902332939303710,29372,0,30,24,58,5280,15,14,0,5778,7200,80,255,1
1765178090.1806047,14012902332939303710,29404,0,30,24,58,5280,15,14,0,5776,7200,80,255,1
1765178091.1845155,14012902332939303710,29425,0,30,24,58,5280,15,14,0,5775,7200,80,255,1
1765178092.6804845,14012902332939303710,29456,0,30,24,58,5280,15,14,0,5774,7200,80,255,1
1765178094.1812067,14012902332939303710,29487,0,30,24,58,5280,15,14,0,5772,7200,80,255,1
1765178095.185347,14012902332939303710,29508,0,30,24,58,5280,15,14,0,5771,7200,80,255,1
1765178096.6842391,14012902332939303710,29540,0,30,24,58,5280,15,14,0,5770,7200,80,255,1
1765178098.1823006,14012902332939303710,29571,0,30,24,58,5280,15,14,0,5768,7200,80,255,1
1765178099.6838443,14012902332939303710,29602,0,30,24,58,5280,15,14,0,5767,7200,80,255,1
1765178101.1800284,14012902332939303710,29634,0,30,24,58,5280,15,14,0,5765,7200,80,255,1
1765178102.183998,14012902332939303710,29655,0,30,24,58,5280,15,14,0,5764,7200,80,255,1
1765178103.6724534,14012902332939303710,29687,0,30,24,58,5280,15,14,0,5763,7200,80,255,1
1765178104.676016,14012902332939303710,29708,0,30,24,58,5280,15,14,0,5762,7200,80,255,1
1765178105.679923,14012902332939303710,29729,0,30,24,58,5280,15,14,0,5761,7200,80,255,1
1765178106.6839936,14012902332939303710,29751,0,30,24,58,5280,15,14,0,5760,7200,80,255,1
1765178108.1827145,14012902332939303710,29781,0,30,24,58,5280,15,14,0,5758,7200,80,255,1
1765178109.684892,14012902332939303710,29812,0,30,24,58,5280,15,14,0,5757,7200,80,255,1
1765178111.1816554,14012902332939303710,29842,0,30,24,58,5280,15,14,0,5755,7200,80,255,1
1765178112.1840465,14012902332939303710,29863,0,30,24,58,5280,15,14,0,5754,7200,80,255,1
1765178113.673856,14012902332939303710,29895,0,30,24,58,5280,15,14,0,5753,7200,80,255,1
1765178114.6802635,14012902332939303710,29917,0,30,24,58,5280,15,14,0,5752,7200,80,255,1
1765178116.1823022,14012902332939303710,29948,0,30,24,58,5280,15,14,0,5750,7200,80,255,1
1765178117.6866486,14012902332939303710,29979,0,30,24,58,5280,15,14,0,5749,7200,80,255,1
1765178119.1797035,14012902332939303710,30009,0,30,24,58,5280,15,14,0,5747,7200,80,255,1
1765178120.1863804,14012902332939303710,30030,0,30,24,58,5280,15,14,0,5746,7200,80,255,1
1765178121.6742232,14012902332939303710,30060,0,30,24,58,5280,15,14,0,5745,7200,80,255,1
1765178122.6806214,14012902332939303710,30082,0,30,24,58,5280,15,14,0,5744,7200,80,255,1
1765178124.173696,14012902332939303710,30114,0,30,24,58,5280,15,14,0,5742,7200,80,255,1
1765178125.1803238,14012902332939303710,30136,0,30,24,58,5280,15,14,0,5741,7200,80,255,1
1765178126.1838338,14012902332939303710,30157,0,30,24,58,5280,15,14,0,5740,7200,80,255,1
1765178127.681588,14012902332939303710,30187,0,30,24,58,5280,15,14,0,5739,7200,80,255,1
1765178128.6862524,14012902332939303710,30209,0,30,24,58,5280,15,14,0,5738,7200,80,255,1
1765178130.183894,14012902332939303710,30239,0,30,24,58,5280,15,14,0,5736,7200,80,255,1
1765178131.1866455,14012902332939303710,30259,0,30,24,58,5280,15,14,0,5735,7200,80,255,1
1765178132.6840982,14012902332939303710,30290,0,30,24,58,5280,15,14,0,5734,7200,80,255,1
1765178134.1723604,14012902332939303710,30320,0,30,24,58,5280,15,14,0,5732,7200,80,255,1
1765178135.1769361,14012902332939303710,30341,0,30,24,58,5280,15,14,0,5731,7200,80,255,1
1765178136.180421,14012902332939303710,30362,0,30,24,58,5280,15,14,0,5730,7200,80,255,1
1765178137.1837707,14012902332939303710,30383,0,30,24,58,5280,15,14,0,5729,7200,80,255,1
1765178138.1872327,14012902332939303710,30403,0,30,24,58,5280,15,14,0,5728,7200,80,255,1
1765178139.6741097,14012902332939303710,30434,0,30,24,58,5280,15,14,0,5727,7200,80,255,1
1765178140.679868,14012902332939303710,30455,0,30,24,58,5280,15,14,0,5726,7200,80,255,1
1765178141.6823237,14012902332939303710,30475,0,30,24,58,5280,15,14,0,5725,7200,80,255,1
1765178142.6857815,14012902332939303710,30496,0,30,24,58,5280,15,14,0,5724,7200,80,255,1
1765178144.174787,14012902332939303710,30526,0,30,24,58,5280,15,14,0,5722,7200,80,255,1
1765178145.1761928,14012902332939303710,30546,0,30,24,58,5280,15,14,0,5721,7200,80,255,1
1765178146.1782336,14012902332939303710,30566,0,30,24,58,5280,15,14,0,5720,7200,80,255,1
1765178147.181816,14012902332939303710,30586,0,30,24,58,5280,15,14,0,5719,7200,80,255,1
1765178148.1848886,14012902332939303710,30607,0,30,24,58,5280,15,14,0,5718,7200,80,255,1
1765178149.6725645,14012902332939303710,30638,0,30,24,58,5280,15,14,0,5717,7200,80,255,1
1765178151.1817148,14012902332939303710,30670,0,30,24,58,5280,15,14,0,5715,7200,80,255,1
1765178152.182275,14012902332939303710,30691,0,30,24,58,5280,15,14,0,5714,7200,80,255,1
1765178153.1825614,14012902332939303710,30711,0,30,24,58,5280,15,14,0,5713,7200,80,255,1
1765178154.6799002,14012902332939303710,30741,0,30,24,58,5280,15,14,0,5712,7200,80,255,1
1765178155.6801605,14012902332939303710,30762,0,30,24,58,5280,15,14,0,5711,7200,80,255,1
1765178157.1837475,14012902332939303710,30795,0,30,24,58,5280,15,14,0,5709,7200,80,255,1
1765178158.676339,14012902332939303710,30825,0,30,24,58,5280,15,14,0,5708,7200,80,255,1
1765178159.6828918,14012902332939303710,30845,0,30,24,58,5280,15,14,0,5707,7200,80,255,1
1765178161.185096,14012902332939303710,30875,0,30,24,58,5280,15,14,0,5705,7200,80,255,1
1765178162.6753597,14012902332939303710,30905,0,30,24,58,5280,15,14,0,5704,7200,80,255,1
1765178164.1825898,14012902332939303710,30937,0,30,24,58,5280,15,14,0,5702,7200,80,255,1
1765178165.6827548,14012902332939303710,30968,0,30,24,58,5280,15,14,0,5701,7200,80,255,1
1765178167.182615,14012902332939303710,30999,0,30,24,58,5280,15,14,0,5699,7200,80,255,1
1765178168.672421,14012902332939303710,31029,0,30,24,58,5280,15,14,0,5698,7200,80,255,1
1765178169.677849,14012902332939303710,31051,0,30,24,58,5280,15,14,0,5697,7200,80,255,1
1765178170.685594,14012902332939303710,31071,0,30,24,58,5280,15,14,0,5696,7200,80,255,1
1765178172.1851137,14012902332939303710,31102,0,30,24,58,5280,15,14,0,5694,7200,80,255,1
1765178173.678485,14012902332939303710,31132,0,30,24,58,5280,15,14,0,5693,7200,80,255,1
1765178174.6840825,14012902332939303710,31153,0,30,24,58,5280,15,14,0,5692,7200,80,255,1
1765178176.1865065,14012902332939303710,31184,0,30,24,58,5280,15,14,0,5690,7200,80,255,1
1765178177.6712294,14012902332939303710,31217,0,30,24,58,5280,15,14,0,5689,7200,80,255,1
1765178178.682211,14012902332939303710,31238,0,30,24,58,5280,15,14,0,5688,7200,80,255,1
1765178180.1837482,14012902332939303710,31270,0,30,24,58,5280,15,14,0,5686,7200,80,255,1
1765178181.6716516,14012902332939303710,31301,0,30,24,58,5280,15,14,0,5685,7200,80,255,1
1765178182.6794164,14012902332939303710,31322,0,30,24,58,5280,15,14,0,5684,7200,80,255,1
1765178184.181681,14012902332939303710,31352,0,30,24,58,5280,15,14,0,5682,7200,80,255,1
1765178185.1850898,14012902332939303710,31373,0,30,24,58,5280,15,14,0,5681,7200,80,255,1
1765178186.6863866,14012902332939303710,31403,0,30,24,58,5280,15,14,0,5680,7200,80,255,1
1765178188.1749778,14012902332939303710,31433,0,30,24,58,5280,15,14,0,5678,7200,80,255,1
1765178189.1804914,14012902332939303710,31454,0,30,24,58,5280,15,14,0,5677,7200,80,255,1
1765178190.1837587,14012902332939303710,31474,0,30,24,58,5280,15,14,0,5676,7200,80,255,1
1765178191.6825178,14012902332939303710,31504,0,30,24,58,5280,15,14,0,5675,7200,80,255,1
1765178193.175968,14012902332939303710,31534,0,30,24,58,5280,15,14,0,5673,7200,80,255,1
1765178194.1789854,14012902332939303710,31554,0,30,24,58,5280,15,14,0,5672,7200,80,255,1
1765178195.1811028,14012902332939303710,31574,0,30,24,58,5280,15,14,0,5671,7200,80,255,1
1765178196.680184,14012902332939303710,31605,0,30,24,58,5280,15,14,0,5670,7200,80,255,1
1765178197.6825354,14012902332939303710,31625,0,30,24,58,5280,15,14,0,5669,7200,80,255,1
1765178199.172614,14012902332939303710,31656,0,30,24,58,5280,15,14,0,5667,7200,80,255,1
1765178200.6720116,14012902332939303710,31689,0,30,24,58,5280,15,14,0,5666,7200,80,255,1
1765178201.6738842,14012902332939303710,31711,0,30,24,58,5280,15,14,0,5665,7200,80,255,1
1765178202.6761644,14012902332939303710,31731,0,30,24,58,5280,15,14,0,5664,7200,80,255,1
1765178203.6818545,14012902332939303710,31751,0,30,24,58,5280,15,14,0,5663,7200,80,255,1
1765178205.1818624,14012902332939303710,31783,0,30,24,58,5280,15,14,0,5661,7200,80,255,1
1765178206.1850913,14012902332939303710,31803,0,30,24,58,5280,15,14,0,5660,7200,80,255,1
1765178207.6872566,14012902332939303710,31834,0,30,24,58,5280,15,14,0,5659,7200,80,255,1
1765178209.181087,14012902332939303710,31866,0,30,24,58,5280,15,14,0,5657,7200,80,255,1
1765178210.182073,14012902332939303710,31887,0,30,24,58,5280,15,14,0,5656,7200,80,255,1
1765178211.182177,14012902332939303710,31908,0,30,24,58,5280,15,14,0,5655,7200,80,255,1
1765178212.1837597,14012902332939303710,31929,0,30,24,58,5280,15,14,0,5654,7200,80,255,1
1765178213.1853745,14012902332939303710,31949,0,30,24,58,5280,15,14,0,5653,7200,80,255,1
1765178214.676299,14012902332939303710,31980,0,30,24,58,5280,15,14,0,5652,7200,80,255,1
1765178215.6775017,14012902332939303710,32001,0,30,24,58,5280,15,14,0,5651,7200,80,255,1
1765178216.6788661,14012902332939303710,32022,0,30,24,58,5280,15,14,0,5650,7200,80,255,1
1765178217.6800244,14012902332939303710,32043,0,30,24,58,5280,15,14,0,5649,7200,80,255,1
1765178218.685197,14012902332939303710,32064,0,30,24,58,5280,15,14,0,5648,7200,80,255,1
1765178220.1762364,14012902332939303710,32095,0,30,24,58,5280,15,14,0,5646,7200,80,255,1
1765178221.176304,14012902332939303710,32115,0,30,24,58,5280,15,14,0,5645,7200,80,255,1
1765178222.1790872,14012902332939303710,32136,0,30,24,58,5280,15,14,0,5644,7200,80,255,1
1765178223.1813514,14012902332939303710,32157,0,30,24,58,5280,15,14,0,5643,7200,80,255,1
1765178224.1859276,14012902332939303710,32178,0,30,24,58,5280,15,14,0,5642,7200,80,255,1
1765178225.6822789,14012902332939303710,32210,0,30,24,58,5280,15,14,0,5641,7200,80,255,1
1765178227.1798773,14012902332939303710,32240,0,30,24,58,5280,15,14,0,5639,7200,80,255,1
1765178228.1866136,14012902332939303710,32261,0,30,24,58,5280,15,14,0,5638,7200,80,255,1
1765178229.6839783,14012902332939303710,32292,0,30,24,58,5280,15,14,0,5637,7200,80,255,1
1765178231.1838624,14012902332939303710,32325,0,30,24,58,5280,15,14,0,5635,7200,80,255,1
1765178232.685086,14012902332939303710,32358,0,30,24,58,5280,15,14,0,5634,7200,80,255,1
1765178234.1771955,14012902332939303710,32388,0,30,24,58,5280,15,14,0,5632,7200,80,255,1
1765178235.1822386,14012902332939303710,32410,0,30,24,58,5280,15,14,0,5631,7200,80,255,1
1765178236.6812184,14012902332939303710,32442,0,30,24,58,5280,15,14,0,5630,7200,80,255,1
1765178238.1711879,14012902332939303710,32474,0,30,24,58,5280,15,14,0,5628,7200,80,255,1
1765178239.1793332,14012902332939303710,32495,0,30,24,58,5280,15,14,0,5627,7200,80,255,1
1765178240.17945,14012902332939303710,32517,0,30,24,58,5280,15,14,0,5626,7200,80,255,1
1765178241.179519,14012902332939303710,32538,0,30,24,58,5280,15,14,0,5625,7200,80,255,1
1765178242.179906,14012902332939303710,32560,0,30,24,58,5280,15,14,0,5624,7200,80,255,1
1765178243.6785085,14012902332939303710,32592,0,30,24,58,5280,15,14,0,5623,7200,80,255,1
1765178244.6800864,14012902332939303710,32613,0,30,24,58,5280,15,14,0,5622,7200,80,255,1
1765178245.6801996,14012902332939303710,32635,0,30,24,58,5280,15,14,0,5621,7200,80,255,1
1765178246.6819687,14012902332939303710,32656,0,30,24,58,5280,15,14,0,5620,7200,80,255,1
1765178248.1725366,14012902332939303710,32687,0,30,24,58,5280,15,14,0,5618,7200,80,255,1
1765178249.179471,14012902332939303710,32709,0,30,24,58,5280,15,14,0,5617,7200,80,255,1
1765178250.6724946,14012902332939303710,32740,0,30,24,58,5280,15,14,0,5616,7200,80,255,1
1765178251.6735485,14012902332939303710,32762,0,30,24,58,5280,15,14,0,5615,7200,80,255,1
1765178253.1802166,14012902332939303710,32794,0,30,24,58,5280,15,14,0,5613,7200,80,255,1
1765178254.183701,14012902332939303710,32815,0,30,24,58,5280,15,14,0,5612,7200,80,255,1
1765178255.1838264,14012902332939303710,32836,0,30,24,58,5280,15,14,0,5611,7200,80,255,1
1765178256.1854055,14012902332939303710,32856,0,30,24,58,5280,15,14,0,5610,7200,80,255,1
1765178257.6744592,14012902332939303710,32886,0,30,24,58,5280,15,14,0,5609,7200,80,255,1
1765178258.6804376,14012902332939303710,32908,0,30,24,58,5280,15,14,0,5608,7200,80,255,1
1765178260.1736867,14012902332939303710,32940,0,30,24,58,5280,15,14,0,5606,7200,80,255,1
1765178261.6787212,14012902332939303710,32974,0,30,24,58,5280,15,14,0,5605,7200,80,255,1
1765178262.679326,14012902332939303710,32996,0,30,24,58,5280,15,14,0,5604,7200,80,255,1
1765178263.6824656,14012902332939303710,33018,0,30,24,58,5280,15,14,0,5603,7200,80,255,1
1765178264.6825778,14012902332939303710,33039,0,30,24,58,5280,15,14,0,5602,7200,80,255,1
1765178265.6835635,14012902332939303710,33060,0,30,24,58,5280,15,14,0,5601,7200,80,255,1
1765178266.6839018,14012902332939303710,33083,0,30,24,58,5280,15,14,0,5600,7200,80,255,1
1765178268.1724403,14012902332939303710,33115,0,30,24,58,5280,15,14,0,5598,7200,80,255,1
1765178269.1750422,14012902332939303710,33137,0,30,24,58,5280,15,14,0,5597,7200,80,255,1
1765178270.1760757,14012902332939303710,33158,0,30,24,58,5280,15,14,0,5596,7200,80,255,1
1765178271.6819959,14012902332939303710,33191,0,30,24,58,5280,15,14,0,5595,7200,80,255,1
1765178273.1740873,14012902332939303710,33222,0,30,24,58,5280,15,14,0,5593,7200,80,255,1
1765178274.1798232,14012902332939303710,33244,0,30,24,58,5280,15,14,0,5592,7200,80,255,1
1765178275.1815736,14012902332939303710,33265,0,30,24,58,5280,15,14,0,5591,7200,80,255,1
1765178276.6725059,14012902332939303710,33299,0,30,24,58,5280,15,14,0,5590,7200,80,255,1
1765178277.67375,14012902332939303710,33321,0,30,24,58,5280,15,14,0,5589,7200,80,255,1
1765178278.6741886,14012902332939303710,33341,0,30,24,58,5280,15,14,0,5588,7200,80,255,1
1765178279.6750681,14012902332939303710,33362,0,30,24,58,5280,15,14,0,5587,7200,80,255,1
1765178281.1827211,14012902332939303710,33393,0,30,24,58,5280,15,14,0,5585,7200,80,255,1
1765178282.6751325,14012902332939303710,33424,0,30,24,58,5280,15,14,0,5584,7200,80,255,1
1765178283.679403,14012902332939303710,33445,0,30,24,58,5280,15,14,0,5583,7200,80,255,1
1765178284.6797945,14012902332939303710,33466,0,30,24,58,5280,15,14,0,5582,7200,80,255,1
1765178285.6821406,14012902332939303710,33488,0,30,24,58,5280,15,14,0,5581,7200,80,255,1
1765178286.6825848,14012902332939303710,33509,0,30,24,58,5280,15,14,0,5580,7200,80,255,1
1765178287.6840947,14012902332939303710,33529,0,30,24,58,5280,15,14,0,5579,7200,80,255,1
1765178289.1811767,14012902332939303710,33562,0,30,24,58,5280,15,14,0,5577,7200,80,255,1
1765178290.6727552,14012902332939303710,33593,0,30,24,58,5280,15,14,0,5576,7200,80,255,1
1765178291.6736057,14012902332939303710,33615,0,30,24,58,5280,15,14,0,5575,7200,80,255,1
1765178293.1800432,14012902332939303710,33647,0,30,24,58,5280,15,14,0,5573,7200,80,255,1
1765178294.684623,14012902332939303710,33678,0,30,24,58,5280,15,14,0,5572,7200,80,255,1
1765178296.1841605,14012902332939303710,33710,0,30,24,58,5280,15,14,0,5570,7200,80,255,1
1765178297.6825826,14012902332939303710,33741,0,30,24,58,5280,15,14,0,5569,7200,80,255,1
1765178299.171547,14012902332939303710,33773,0,30,24,58,5280,15,14,0,5567,7200,80,255,1
1765178300.1749613,14012902332939303710,33794,0,30,24,58,5280,15,14,0,5566,7200,80,255,1
1765178301.1805801,14012902332939303710,33816,0,30,24,58,5280,15,14,0,5565,7200,80,255,1
1765178302.1866872,14012902332939303710,33838,0,30,24,58,5280,15,14,0,5564,7200,80,255,1
1765178303.6740847,14012902332939303710,33869,0,30,24,58,5280,15,14,0,5563,7200,80,255,1
1765178304.67594,14012902332939303710,33891,0,30,24,58,5280,15,14,0,5562,7200,80,255,1
1765178306.1834671,14012902332939303710,33922,0,30,24,58,5280,15,14,0,5560,7200,80,255,1
1765178307.6749086,14012902332939303710,33953,0,30,24,58,5280,15,14,0,5559,7200,80,255,1
1765178308.6802542,14012902332939303710,33974,0,30,24,58,5280,15,14,0,5558,7200,80,255,1
1765178309.6814475,14012902332939303710,33995,0,30,24,58,5280,15,14,0,5557,7200,80,255,1
1765178310.6837873,14012902332939303710,34017,0,30,24,58,5280,15,14,0,5556,7200,80,255,1
1765178312.1835146,14012902332939303710,34048,0,30,24,58,5280,15,14,0,5554,7200,80,255,1
1765178313.684911,14012902332939303710,34080,0,30,24,58,5280,15,14,0,5553,7200,80,255,1
1765178315.184566,14012902332939303710,34112,0,30,24,58,5280,15,14,0,5551,7200,80,255,1
1765178316.6813812,14012902332939303710,34143,0,30,24,58,5280,15,14,0,5550,7200,80,255,1
1765178318.1812217,14012902332939303710,34176,0,30,24,58,5280,15,14,0,5548,7200,80,255,1
1765178319.682359,14012902332939303710,34207,0,30,24,58,5280,15,14,0,5547,7200,80,255,1
1765178320.6849182,14012902332939303710,34228,0,30,24,58,5280,15,14,0,5546,7200,80,255,1
1765178322.1823509,14012902332939303710,34259,0,30,24,58,5280,15,14,0,5544,7200,80,255,1
1765178323.1834617,14012902332939303710,34280,0,30,24,58,5280,15,14,0,5543,7200,80,255,1
1765178324.6806498,14012902332939303710,34311,0,30,24,58,5280,15,14,0,5542,7200,80,255,1
1765178325.684012,14012902332939303710,34332,0,30,24,58,5280,15,14,0,5541,7200,80,255,1
1765178327.1839483,14012902332939303710,34363,0,30,24,58,5280,15,14,0,5539,7200,80,255,1
1765178328.6714926,14012902332939303710,34395,0,30,24,58,5280,15,14,0,5538,7200,80,255,1
1765178329.6760774,14012902332939303710,34416,0,30,24,58,5280,15,14,0,5537,7200,80,255,1
1765178330.6791162,14012902332939303710,34437,0,30,24,58,5280,15,14,0,5536,7200,80,255,1
1765178331.6848516,14012902332939303710,34459,0,30,24,58,5280,15,14,0,5535,7200,80,255,1
1765178333.1837647,14012902332939303710,34489,0,30,24,58,5280,15,14,0,5533,7200,80,255,1
1765178334.6737182,14012902332939303710,34519,0,30,24,58,5280,15,14,0,5532,7200,80,255,1
1765178335.6783233,14012902332939303710,34542,0,30,24,58,5280,15,14,0,5531,7200,80,255,1
1765178336.6859639,14012902332939303710,34563,0,30,24,58,5280,15,14,0,5530,7200,80,255,1
1765178338.1803992,14012902332939303710,34594,0,30,24,58,5280,15,14,0,5528,7200,80,255,1
1765178339.6839004,14012902332939303710,34625,0,30,24,58,5280,15,14,0,5527,7200,80,255,1
1765178341.1805403,14012902332939303710,34657,0,30,24,58,5280,15,14,0,5525,7200,80,255,1
1765178342.185023,14012902332939303710,34677,0,30,24,58,5280,15,14,0,5524,7200,80,255,1
1765178343.1858108,14012902332939303710,34698,0,30,24,58,5280,15,14,0,5523,7200,80,255,1
1765178344.6838737,14012902332939303710,34729,0,30,24,58,5280,15,14,0,5522,7200,80,255,1
1765178346.1737144,14012902332939303710,34761,0,30,24,58,5280,15,14,0,5520,7200,80,255,1
1765178347.1760705,14012902332939303710,34782,0,30,24,58,5280,15,14,0,5519,7200,80,255,1
1765178348.6726418,14012902332939303710,34814,0,30,24,58,5280,15,14,0,5518,7200,80,255,1
1765178350.1778266,14012902332939303710,34847,0,30,24,58,5280,15,14,0,5516,7200,80,255,1
1765178351.6847947,14012902332939303710,34881,0,30,24,58,5280,15,14,0,5515,7200,80,255,1
1765178352.6859648,14012902332939303710,34902,0,30,24,58,5280,15,14,0,5514,7200,80,255,1
1765178354.182343,14012902332939303710,34933,0,30,24,58,5280,15,14,0,5512,7200,80,255,1
1765178355.674863,14012902332939303710,34964,0,30,24,58,5280,15,14,0,5511,7200,80,255,1
1765178357.1827886,14012902332939303710,34995,0,30,24,58,5280,15,14,0,5509,7200,80,255,1
1765178358.6769493,14012902332939303710,35026,0,30,24,58,5280,15,14,0,5508,7200,80,255,1
1765178360.1836183,14012902332939303710,35058,0,30,24,58,5280,15,14,0,5506,7200,80,255,1
1765178361.673878,14012902332939303710,35089,0,30,24,58,5280,15,14,0,5505,7200,80,255,1
1765178362.675825,14012902332939303710,35110,0,30,24,58,5280,15,14,0,5504,7200,80,255,1
1765178363.6781597,14012902332939303710,35131,0,30,24,58,5280,15,14,0,5503,7200,80,255,1
1765178364.6781857,14012902332939303710,35152,0,30,24,58,5280,15,14,0,5502,7200,80,255,1
1765178366.1733887,14012902332939303710,35184,0,30,24,58,5280,15,14,0,5500,7200,80,255,1
1765178367.1745322,14012902332939303710,35205,0,30,24,58,5280,15,14,0,5499,7200,80,255,1
1765178368.6815572,14012902332939303710,35236,0,30,24,58,5280,15,14,0,5498,7200,80,255,1
1765178370.1737244,14012902332939303710,35266,0,30,24,58,5280,15,14,0,5496,7200,80,255,1
1765178371.678876,14012902332939303710,35299,0,30,24,58,5280,15,14,0,5495,7200,80,255,1
1765178372.6789796,14012902332939303710,35320,0,30,24,58,5280,15,14,0,5494,7200,80,255,1
1765178373.6855547,14012902332939303710,35343,0,30,24,58,5280,15,14,0,5493,7200,80,255,1
1765178375.1784546,14012902332939303710,35375,0,30,24,58,5280,15,14,0,5491,7200,80,255,1
1765178376.1823108,14012902332939303710,35395,0,30,24,58,5280,15,14,0,5490,7200,80,255,1
1765178377.6747913,14012902332939303710,35426,0,30,24,58,5280,15,14,0,5489,7200,80,255,1
1765178378.678767,14012902332939303710,35447,0,30,24,58,5280,15,14,0,5488,7200,80,255,1
1765178380.1718898,14012902332939303710,35479,0,30,24,58,5280,15,14,0,5486,7200,80,255,1
1765178381.1848793,14012902332939303710,35500,0,30,24,58,5280,15,14,0,5485,7200,80,255,1
1765178382.6785865,14012902332939303710,35532,0,30,24,58,5280,15,14,0,5484,7200,80,255,1
1765178383.6837287,14012902332939303710,35554,0,30,24,58,5280,15,14,0,5483,7200,80,255,1
1765178384.6838133,14012902332939303710,35574,0,30,24,58,5280,15,14,0,5482,7200,80,255,1
1765178385.6839342,14012902332939303710,35595,0,30,24,58,5280,15,14,0,5481,7200,80,255,1
1765178386.6845565,14012902332939303710,35616,0,30,24,58,5280,15,14,0,5480,7200,80,255,1
1765178388.1790528,14012902332939303710,35648,0,30,24,58,5280,15,14,0,5478,7200,80,255,1
1765178389.6735523,14012902332939303710,35679,0,30,24,58,5280,15,14,0,5477,7200,80,255,1
1765178391.1786215,14012902332939303710,35712,0,30,24,58,5280,15,14,0,5475,7200,80,255,1
1765178392.6854498,14012902332939303710,35743,0,30,24,58,5280,15,14,0,5474,7200,80,255,1
1765178394.1827316,14012902332939303710,35773,0,30,24,58,5280,15,14,0,5472,7200,80,255,1
1765178395.6736593,14012902332939303710,35804,0,30,24,58,5280,15,14,0,5471,7200,80,255,1
1765178396.674486,14012902332939303710,35825,0,30,24,58,5280,15,14,0,5470,7200,80,255,1
1765178398.181636,14012902332939303710,35857,0,30,24,58,5280,15,14,0,5468,7200,80,255,1
1765178399.1825767,14012902332939303710,35878,0,30,24,58,5280,15,14,0,5467,7200,80,255,1
1765178400.6737268,14012902332939303710,35910,0,30,24,58,5280,15,14,0,5466,7200,80,255,1
1765178401.6740685,14012902332939303710,35931,0,30,24,58,5280,15,14,0,5465,7200,80,255,1
1765178402.67605,14012902332939303710,35954,0,30,24,58,5280,15,14,0,5464,7200,80,255,1
1765178403.678473,14012902332939303710,35974,0,30,24,58,5280,15,14,0,5463,7200,80,255,1
1765178405.1738174,14012902332939303710,36005,0,30,24,58,5280,15,14,0,5461,7200,80,255,1
1765178406.1758397,14012902332939303710,36027,0,30,24,58,5280,15,14,0,5460,7200,80,255,1
1765178407.1769753,14012902332939303710,36049,0,30,24,58,5280,15,14,0,5459,7200,80,255,1
1765178408.1782334,14012902332939303710,36071,0,30,24,58,5280,15,14,0,5458,7200,80,255,1
1765178409.1853364,14012902332939303710,36092,0,30,24,58,5280,15,14,0,5457,7200,80,255,1
1765178410.6782057,14012902332939303710,36124,0,30,24,58,5280,15,14,0,5456,7200,80,255,1
1765178411.680141,14012902332939303710,36145,0,30,24,58,5280,15,14,0,5455,7200,80,255,1
1765178412.6837115,14012902332939303710,36165,0,30,24,58,5280,15,14,0,5454,7200,80,255,1
1765178414.174807,14012902332939303710,36195,0,30,24,58,5280,15,14,0,5452,7200,80,255,1
1765178415.1785574,14012902332939303710,36216,0,30,24,58,5280,15,14,0,5451,7200,80,255,1
1765178416.680179,14012902332939303710,36250,0,30,24,58,5280,15,14,0,5450,7200,80,255,1
1765178417.686849,14012902332939303710,36271,0,30,24,58,5280,15,14,0,5449,7200,80,255,1
1765178419.1770787,14012902332939303710,36301,0,30,24,58,5280,15,14,0,5447,7200,80,255,1
1765178420.180031,14012902332939303710,36323,0,30,24,58,5280,15,14,0,5446,7200,80,255,1
1765178421.6807487,14012902332939303710,36355,0,30,24,58,5280,15,14,0,5445,7200,80,255,1
1765178423.1823032,14012902332939303710,36388,0,30,24,58,5280,15,14,0,5443,7200,80,255,1
1765178424.6735497,14012902332939303710,36418,0,30,24,58,5280,15,14,0,5442,7200,80,255,1
1765178425.678787,14012902332939303710,36440,0,30,24,58,5280,15,14,0,5441,7200,80,255,1
1765178427.18268,14012902332939303710,36472,0,30,24,58,5280,15,14,0,5439,7200,80,255,1
1765178428.6737826,14012902332939303710,36504,0,30,24,58,5280,15,14,0,5438,7200,80,255,1
1765178429.679986,14012902332939303710,36525,0,30,24,58,5280,15,14,0,5437,7200,80,255,1
1765178430.6841595,14012902332939303710,36546,0,30,24,58,5280,15,14,0,5436,7200,80,255,1
1765178432.1833491,14012902332939303710,36577,0,30,24,58,5280,15,14,0,5434,7200,80,255,1
1765178433.6734748,14012902332939303710,36609,0,30,24,58,5280,15,14,0,5433,7200,80,255,1
1765178434.6793904,14012902332939303710,36630,0,30,24,58,5280,15,14,0,5432,7200,80,255,1
1765178436.1734328,14012902332939303710,36660,0,30,24,58,5280,15,14,0,5430,7200,80,255,1
1765178437.185682,14012902332939303710,36681,0,30,24,58,5280,15,14,0,5429,7200,80,255,1
1765178438.6805537,14012902332939303710,36712,0,30,24,58,5280,15,14,0,5428,7200,80,255,1
1765178440.1736073,14012902332939303710,36744,0,30,24,58,5280,15,14,0,5426,7200,80,255,1
1765178441.1738894,14012902332939303710,36765,0,30,24,58,5280,15,14,0,5425,7200,80,255,1
1765178442.678396,14012902332939303710,36797,0,30,24,58,5280,15,14,0,5424,7200,80,255,1
1765178443.681805,14012902332939303710,36819,0,30,24,58,5280,15,14,0,5423,7200,80,255,1
1765178445.1736739,14012902332939303710,36850,0,30,24,58,5280,15,14,0,5421,7200,80,255,1
1765178446.1740096,14012902332939303710,36871,0,30,24,58,5280,15,14,0,5420,7200,80,255,1
1765178447.680524,14012902332939303710,36903,0,30,24,58,5280,15,14,0,5419,7200,80,255,1
1765178448.6811807,14012902332939303710,36925,0,30,24,58,5280,15,14,0,5418,7200,80,255,1
1765178449.6824722,14012902332939303710,36946,0,30,24,58,5280,15,14,0,5417,7200,80,255,1
1765178450.684833,14012902332939303710,36968,0,30,24,58,5280,15,14,0,5416,7200,80,255,1
1765178452.1779673,14012902332939303710,36999,0,30,24,58,5280,15,14,0,5414,7200,80,255,1
1765178453.6714427,14012902332939303710,37030,0,30,24,58,5280,15,14,0,5413,7200,80,255,1
1765178454.672358,14012902332939303710,37051,0,30,24,58,5280,15,14,0,5412,7200,80,255,1
1765178456.1801686,14012902332939303710,37085,0,30,24,58,5280,15,14,0,5410,7200,80,255,1
1765178457.1804771,14012902332939303710,37106,0,30,24,58,5280,15,14,0,5409,7200,80,255,1
1765178458.1814697,14012902332939303710,37127,0,30,24,58,5280,15,14,0,5408,7200,80,255,1
1765178459.1834884,14012902332939303710,37148,0,30,24,58,5280,15,14,0,5407,7200,80,255,1
1765178460.1843092,14012902332939303710,37170,0,30,24,58,5280,15,14,0,5406,7200,80,255,1
1765178461.1849568,14012902332939303710,37192,0,30,24,58,5280,15,14,0,5405,7200,80,255,1
1765178462.6755552,14012902332939303710,37224,0,30,24,58,5280,15,14,0,5404,7200,80,255,1
1765178463.6813343,14012902332939303710,37244,0,30,24,58,5280,15,14,0,5403,7200,80,255,1
1765178464.6814928,14012902332939303710,37265,0,30,24,58,5280,15,14,0,5402,7200,80,255,1
1765178465.6816895,14012902332939303710,37286,0,30,24,58,5280,15,14,0,5401,7200,80,255,1
1765178467.172628,14012902332939303710,37318,0,30,24,58,5280,15,14,0,5399,7200,80,255,1
1765178468.173297,14012902332939303710,37340,0,30,24,58,5280,15,14,0,5398,7200,80,255,1
1765178469.1760907,14012902332939303710,37361,0,30,24,58,5280,15,14,0,5397,7200,80,255,1
1765178470.1769943,14012902332939303710,37381,0,30,24,58,5280,15,14,0,5396,7200,80,255,1
1765178471.177058,14012902332939303710,37402,0,30,24,58,5280,15,14,0,5395,7200,80,255,1
1765178472.1790657,14012902332939303710,37422,0,30,24,58,5280,15,14,0,5394,7200,80,255,1
1765178473.6759684,14012902332939303710,37453,0,30,24,58,5280,15,14,0,5393,7200,80,255,1
1765178475.1813526,14012902332939303710,37486,0,30,24,58,5280,15,14,0,5391,7200,80,255,1
1765178476.1815417,14012902332939303710,37507,0,30,24,58,5280,15,14,0,5390,7200,80,255,1
1765178477.182698,14012902332939303710,37527,0,30,24,58,5280,15,14,0,5389,7200,80,255,1
1765178478.1832917,14012902332939303710,37547,0,30,24,58,5280,15,14,0,5388,7200,80,255,1
1765178479.6792748,14012902332939303710,37578,0,30,24,58,5280,15,14,0,5387,7200,80,255,1
1765178480.679553,14012902332939303710,37599,0,30,24,58,5280,15,14,0,5386,7200,80,255,1
1765178482.1727223,14012902332939303710,37631,0,30,24,58,5280,15,14,0,5384,7200,80,255,1
1765178483.6847029,14012902332939303710,37664,0,30,24,58,5280,15,14,0,5383,7200,80,255,1
1765178485.181203,14012902332939303710,37696,0,30,24,58,5280,15,14,0,5381,7200,80,255,1
1765178486.6814783,14012902332939303710,37729,0,30,24,58,5280,15,14,0,5380,7200,80,255,1
1765178487.6849365,14012902332939303710,37750,0,30,24,58,5280,15,14,0,5379,7200,80,255,1
1765178489.1732142,14012902332939303710,37781,0,30,24,58,5280,15,14,0,5377,7200,80,255,1
1765178490.1765888,14012902332939303710,37803,0,30,24,58,5280,15,14,0,5376,7200,80,255,1
1765178491.1778762,14012902332939303710,37823,0,30,24,58,5280,15,14,0,5375,7200,80,255,1
1765178492.682659,14012902332939303710,37855,0,30,24,58,5280,15,14,0,5374,7200,80,255,1
1765178494.1801991,14012902332939303710,37886,0,30,24,58,5280,15,14,0,5372,7200,80,255,1
1765178495.1823041,14012902332939303710,37907,0,30,24,58,5280,15,14,0,5371,7200,80,255,1
1765178496.674294,14012902332939303710,37938,0,30,24,58,5280,15,14,0,5370,7200,80,255,1
1765178497.677763,14012902332939303710,37960,0,30,24,58,5280,15,14,0,5369,7200,80,255,1
1765178498.6811259,14012902332939303710,37981,0,30,24,58,5280,15,14,0,5368,7200,80,255,1
1765178499.6812685,14012902332939303710,38003,0,30,24,58,5280,15,14,0,5367,7200,80,255,1
1765178500.6826577,14012902332939303710,38024,0,30,24,58,5280,15,14,0,5366,7200,80,255,1
1765178502.1800525,14012902332939303710,38056,0,30,24,58,5280,15,14,0,5364,7200,80,255,1
1765178503.1814706,14012902332939303710,38077,0,30,24,58,5280,15,14,0,5363,7200,80,255,1
1765178504.682392,14012902332939303710,38108,0,30,24,58,5280,15,14,0,5362,7200,80,255,1
1765178506.1734421,14012902332939303710,38138,0,30,24,58,5280,15,14,0,5360,7200,80,255,1
1765178507.179633,14012902332939303710,38160,0,30,24,58,5280,15,14,0,5359,7200,80,255,1
1765178508.1834555,14012902332939303710,38181,0,30,24,58,5280,15,14,0,5358,7200,80,255,1
1765178509.6759734,14012902332939303710,38211,0,30,24,58,5280,15,14,0,5357,7200,80,255,1
1765178510.6805937,14012902332939303710,38233,0,30,24,58,5280,15,14,0,5356,7200,80,255,1
1765178512.1812484,14012902332939303710,38265,0,30,24,58,5280,15,14,0,5354,7200,80,255,1
1765178513.183515,14012902332939303710,38285,0,30,24,58,5280,15,14,0,5353,7200,80,255,1
1765178514.6716146,14012902332939303710,38316,0,30,24,58,5280,15,14,0,5352,7200,80,255,1
1765178515.6733596,14012902332939303710,38338,0,30,24,58,5280,15,14,0,5351,7200,80,255,1
1765178516.6771584,14012902332939303710,38359,0,30,24,58,5280,15,14,0,5350,7200,80,255,1
1765178517.682788,14012902332939303710,38381,0,30,24,58,5280,15,14,0,5349,7200,80,255,1
1765178519.182533,14012902332939303710,38413,0,30,24,58,5280,15,14,0,5347,7200,80,255,1
1765178520.681288,14012902332939303710,38445,0,30,24,58,5280,15,14,0,5346,7200,80,255,1
1765178521.681571,14012902332939303710,38465,0,30,24,58,5280,15,14,0,5345,7200,80,255,1
1765178523.179221,14012902332939303710,38497,0,30,24,58,5280,15,14,0,5343,7200,80,255,1
1765178524.1812887,14012902332939303710,38519,0,30,24,58,5280,15,14,0,5342,7200,80,255,1
1765178525.6796906,14012902332939303710,38550,0,30,24,58,5280,15,14,0,5341,7200,80,255,1
1765178526.6815782,14012902332939303710,38572,0,30,24,58,5280,15,14,0,5340,7200,80,255,1
1765178527.6831875,14012902332939303710,38593,0,30,24,58,5280,15,14,0,5339,7200,80,255,1
1765178528.6891427,14012902332939303710,38615,0,30,24,58,5280,15,14,0,5338,7200,80,255,1
1765178530.1717358,14012902332939303710,38646,0,30,24,58,5280,15,14,0,5336,7200,80,255,1
1765178531.183385,14012902332939303710,38667,0,30,24,58,5280,15,14,0,5335,7200,80,255,1
1765178532.1847997,14012902332939303710,38689,0,30,24,58,5280,15,14,0,5334,7200,80,255,1
1765178533.6814935,14012902332939303710,38721,0,30,24,58,5280,15,14,0,5333,7200,80,255,1
1765178535.179578,14012902332939303710,38752,0,30,24,58,5280,15,14,0,5331,7200,80,255,1
1765178536.1823316,14012902332939303710,38772,0,30,24,58,5280,15,14,0,5330,7200,80,255,1
1765178537.1836696,14012902332939303710,38793,0,30,24,58,5280,15,14,0,5329,7200,80,255,1
1765178538.6788368,14012902332939303710,38825,0,30,24,58,5280,15,14,0,5328,7200,80,255,1
1765178539.683557,14012902332939303710,38846,0,30,24,58,5280,15,14,0,5327,7200,80,255,1
1765178541.1806364,14012902332939303710,38877,0,30,24,58,5280,15,14,0,5325,7200,80,255,1
1765178542.6733418,14012902332939303710,38908,0,30,24,58,5280,15,14,0,5324,7200,80,255,1
1765178543.6748538,14012902332939303710,38929,0,30,24,58,5280,15,14,0,5323,7200,80,255,1
1765178544.6801271,14012902332939303710,38951,0,30,24,58,5280,15,14,0,5322,7200,80,255,1
1765178545.6821566,14012902332939303710,38971,0,30,24,58,5280,15,14,0,5321,7200,80,255,1
1765178547.1733341,14012902332939303710,39002,0,30,24,58,5280,15,14,0,5319,7200,80,255,1
1765178548.173387,14012902332939303710,39024,0,30,24,58,5280,15,14,0,5318,7200,80,255,1
1765178549.1769216,14012902332939303710,39045,0,30,24,58,5280,15,14,0,5317,7200,80,255,1
1765178550.1769814,14012902332939303710,39067,0,30,24,58,5280,15,14,0,5316,7200,80,255,1
1765178551.684485,14012902332939303710,39097,0,30,24,58,5280,15,14,0,5315,7200,80,255,1
1765178553.1770244,14012902332939303710,39128,0,30,24,58,5280,15,14,0,5313,7200,80,255,1
1765178554.1811922,14012902332939303710,39149,0,30,24,58,5280,15,14,0,5312,7200,80,255,1
1765178555.182542,14012902332939303710,39170,0,30,24,58,5280,15,14,0,5311,7200,80,255,1
1765178556.1840825,14012902332939303710,39191,0,30,24,58,5280,15,14,0,5310,7200,80,255,1
1765178557.6747448,14012902332939303710,39222,0,30,24,58,5280,15,14,0,5309,7200,80,255,1
1765178559.18468,14012902332939303710,39256,0,30,24,58,5280,15,14,0,5307,7200,80,255,1
1765178560.6758897,14012902332939303710,39287,0,30,24,58,5280,15,14,0,5306,7200,80,255,1
1765178561.6760063,14012902332939303710,39308,0,30,24,58,5280,15,14,0,5305,7200,80,255,1
1765178563.181467,14012902332939303710,39339,0,30,24,58,5280,15,14,0,5303,7200,80,255,1
1765178564.6801188,14012902332939303710,39372,0,30,24,58,5280,15,14,0,5302,7200,80,255,1
1765178566.1714952,14012902332939303710,39404,0,30,24,58,5280,15,14,0,5300,7200,80,255,1
1765178567.1835868,14012902332939303710,39427,0,30,24,58,5280,15,14,0,5299,7200,80,255,1
1765178568.6786478,14012902332939303710,39458,0,30,24,58,5280,15,14,0,5298,7200,80,255,1
1765178569.6813273,14012902332939303710,39479,0,30,24,58,5280,15,14,0,5297,7200,80,255,1
1765178571.174048,14012902332939303710,39510,0,30,24,58,5280,15,14,0,5295,7200,80,255,1
1765178572.6811805,14012902332939303710,39542,0,30,24,58,5280,15,14,0,5294,7200,80,255,1
1765178573.6816998,14012902332939303710,39563,0,30,24,58,5280,15,14,0,5293,7200,80,255,1
1765178575.1821833,14012902332939303710,39594,0,30,24,58,5280,15,14,0,5291,7200,80,255,1
1765178576.6757393,14012902332939303710,39626,0,30,24,58,5280,15,14,0,5290,7200,80,255,1
1765178577.6765878,14012902332939303710,39647,0,30,24,58,5280,15,14,0,5289,7200,80,255,1
1765178579.172367,14012902332939303710,39678,0,30,24,58,5280,15,14,0,5287,7200,80,255,1
1765178580.184595,14012902332939303710,39700,0,30,24,58,5280,15,14,0,5286,7200,80,255,1
1765178581.1847951,14012902332939303710,39721,0,30,24,58,5280,15,14,0,5285,7200,80,255,1
1765178582.678773,14012902332939303710,39754,0,30,24,58,5280,15,14,0,5284,7200,80,255,1
1765178583.6798582,14012902332939303710,39774,0,30,24,58,5280,15,14,0,5283,7200,80,255,1
1765178585.1799316,14012902332939303710,39807,0,30,24,58,5280,15,14,0,5281,7200,80,255,1
1765178586.1824784,14012902332939303710,39829,0,30,24,58,5280,15,14,0,5280,7200,80,255,1
1765178587.1846125,14012902332939303710,39850,0,30,24,58,5280,15,14,0,5279,7200,80,255,1
1765178588.6804137,14012902332939303710,39881,0,30,24,58,5280,15,14,0,5278,7200,80,255,1
1765178589.68534,14012902332939303710,39903,0,30,24,58,5280,15,14,0,5277,7200,80,255,1
1765178591.1814008,14012902332939303710,39935,0,30,24,58,5280,15,14,0,5275,7200,80,255,1
1765178592.1831102,14012902332939303710,39956,0,30,24,58,5280,15,14,0,5274,7200,80,255,1
1765178593.6838715,14012902332939303710,39987,0,30,24,58,5280,15,14,0,5273,7200,80,255,1
1765178595.1758933,14012902332939303710,40018,0,30,24,58,5280,15,14,0,5271,7200,80,255,1
1765178596.1800573,14012902332939303710,40040,0,30,24,58,5280,15,14,0,5270,7200,80,255,1
1765178597.185694,14012902332939303710,40061,0,30,24,58,5280,15,14,0,5269,7200,80,255,1
1765178598.6850257,14012902332939303710,40094,0,30,24,58,5280,15,14,0,5268,7200,80,255,1
1765178600.1788201,14012902332939303710,40125,0,30,24,58,5280,15,14,0,5266,7200,80,255,1
1765178601.6723268,14012902332939303710,40157,0,30,24,58,5280,15,14,0,5265,7200,80,255,1
1765178602.6735513,14012902332939303710,40178,0,30,24,58,5280,15,14,0,5264,7200,80,255,1
1765178603.6744187,14012902332939303710,40199,0,30,24,58,5280,15,14,0,5263,7200,80,255,1
1765178604.6813724,14012902332939303710,40220,0,30,24,58,5280,15,14,0,5262,7200,80,255,1
1765178605.6832263,14012902332939303710,40241,0,30,24,58,5280,15,14,0,5261,7200,80,255,1
1765178606.685666,14012902332939303710,40261,0,30,24,58,5280,15,14,0,5260,7200,80,255,1
1765178608.1823635,14012902332939303710,40292,0,30,24,58,5280,15,14,0,5258,7200,80,255,1
1765178609.681394,14012902332939303710,40323,0,30,24,58,5280,15,14,0,5257,7200,80,255,1
1765178610.681806,14012902332939303710,40344,0,30,24,58,5280,15,14,0,5256,7200,80,255,1
1765178611.684206,14012902332939303710,40366,0,30,24,58,5280,15,14,0,5255,7200,80,255,1
1765178613.1816137,14012902332939303710,40398,0,30,24,58,5280,15,14,0,5253,7200,80,255,1
1765178614.6817467,14012902332939303710,40429,0,30,24,58,5280,15,14,0,5252,7200,80,255,1
1765178616.1746433,14012902332939303710,40461,0,30,24,58,5280,15,14,0,5250,7200,80,255,1
1765178617.6815073,14012902332939303710,40493,0,30,24,58,5280,15,14,0,5249,7200,80,255,1
1765178618.683423,14012902332939303710,40514,0,30,24,58,5280,15,14,0,5248,7200,80,255,1
1765178620.1734476,14012902332939303710,40545,0,30,24,58,5280,15,14,0,5246,7200,80,255,1
1765178621.6797137,14012902332939303710,40577,0,30,24,58,5280,15,14,0,5245,7200,80,255,1
1765178622.681445,14012902332939303710,40598,0,30,24,58,5280,15,14,0,5244,7200,80,255,1
1765178623.6842885,14012902332939303710,40619,0,30,24,58,5280,15,14,0,5243,7200,80,255,1
1765178625.1834483,14012902332939303710,40651,0,30,24,58,5280,15,14,0,5241,7200,80,255,1
1765178626.1867409,14012902332939303710,40672,0,30,24,58,5280,15,14,0,5240,7200,80,255,1
1765178627.6801975,14012902332939303710,40702,0,30,24,58,5280,15,14,0,5239,7200,80,255,1
1765178628.6812234,14012902332939303710,40723,0,30,24,58,5280,15,14,0,5238,7200,80,255,1
1765178630.181336,14012902332939303710,40754,0,30,24,58,5280,15,14,0,5236,7200,80,255,1
1765178631.182458,14012902332939303710,40775,0,30,24,58,5280,15,14,0,5235,7200,80,255,1
1765178632.675744,14012902332939303710,40805,0,30,24,58,5280,15,14,0,5234,7200,80,255,1
1765178633.6780229,14012902332939303710,40825,0,30,24,58,5280,15,14,0,5233,7200,80,255,1
1765178634.6812778,14012902332939303710,40846,0,30,24,58,5280,15,14,0,5232,7200,80,255,1
1765178635.6816194,14012902332939303710,40867,0,30,24,58,5280,15,14,0,5231,7200,80,255,1
1765178637.1762555,14012902332939303710,40898,0,30,24,58,5280,15,14,0,5229,7200,80,255,1
1765178638.1772683,14012902332939303710,40918,0,30,24,58,5280,15,14,0,5228,7200,80,255,1
1765178639.1787527,14012902332939303710,40939,0,30,24,58,5280,15,14,0,5227,7200,80,255,1
1765178640.1797197,14012902332939303710,40960,0,30,24,58,5280,15,14,0,5226,7200,80,255,1
1765178641.1812227,14012902332939303710,40981,0,30,24,58,5280,15,14,0,5225,7200,80,255,1
1765178642.685647,14012902332939303710,41014,0,30,24,58,5280,15,14,0,5224,7200,80,255,1
1765178643.6864626,14012902332939303710,41034,0,30,24,58,5280,15,14,0,5223,7200,80,255,1
1765178645.181657,14012902332939303710,41066,0,30,24,58,5280,15,14,0,5221,7200,80,255,1
1765178646.183164,14012902332939303710,41087,0,30,24,58,5280,15,14,0,5220,7200,80,255,1
1765178647.675696,14012902332939303710,41118,0,30,24,58,5280,15,14,0,5219,7200,80,255,1
1765178648.676659,14012902332939303710,41138,0,30,24,58,5280,15,14,0,5218,7200,80,255,1
1765178649.6798215,14012902332939303710,41158,0,30,24,58,5280,15,14,0,5217,7200,80,255,1
1765178650.6823444,14012902332939303710,41179,0,30,24,58,5280,15,14,0,5216,7200,80,255,1
1765178652.1761289,14012902332939303710,41210,0,30,24,58,5280,15,14,0,5214,7200,80,255,1
1765178653.6830707,14012902332939303710,41241,0,30,24,58,5280,15,14,0,5213,7200,80,255,1
1765178655.1813257,14012902332939303710,41272,0,30,24,58,5280,15,14,0,5211,7200,80,255,1
1765178656.6741273,14012902332939303710,41304,0,30,24,58,5280,15,14,0,5210,7200,80,255,1
1765178658.1804376,14012902332939303710,41336,0,30,24,58,5280,15,14,0,5208,7200,80,255,1
1765178659.182234,14012902332939303710,41357,0,30,24,58,5280,15,14,0,5207,7200,80,255,1
1765178660.1822827,14012902332939303710,41378,0,30,24,58,5280,15,14,0,5206,7200,80,255,1
1765178661.1844304,14012902332939303710,41398,0,30,24,58,5280,15,14,0,5205,7200,80,255,1
1765178662.1845543,14012902332939303710,41419,0,30,24,58,5280,15,14,0,5204,7200,80,255,1
1765178663.1876705,14012902332939303710,41439,0,30,24,58,5280,15,14,0,5203,7200,80,255,1
1765178664.6832762,14012902332939303710,41469,0,30,24,58,5280,15,14,0,5202,7200,80,255,1
1765178665.683375,14012902332939303710,41489,0,30,24,58,5280,15,14,0,5201,7200,80,255,1
1765178667.1777582,14012902332939303710,41519,0,30,24,58,5280,15,14,0,5199,7200,80,255,1
1765178668.6845098,14012902332939303710,41549,0,30,24,58,5280,15,14,0,5198,7200,80,255,1
1765178670.181365,14012902332939303710,41580,0,30,24,58,5280,15,14,0,5196,7200,80,255,1
1765178671.181459,14012902332939303710,41600,0,30,24,58,5280,15,14,0,5195,7200,80,255,1
1765178672.675997,14012902332939303710,41631,0,30,24,58,5280,15,14,0,5194,7200,80,255,1
1765178674.1715786,14012902332939303710,41663,0,30,24,58,5280,15,14,0,5192,7200,80,255,1
1765178675.173353,14012902332939303710,41685,0,30,24,58,5280,15,14,0,5191,7200,80,255,1
1765178676.680217,14012902332939303710,41717,0,30,24,58,5280,15,14,0,5190,7200,80,255,1
1765178678.171468,14012902332939303710,41748,0,30,24,58,5280,15,14,0,5188,7200,80,255,1
1765178679.1776035,14012902332939303710,41769,0,30,24,58,5280,15,14,0,5187,7200,80,255,1
1765178680.683559,14012902332939303710,41800,0,30,24,58,5280,15,14,0,5186,7200,80,255,1
1765178682.1803021,14012902332939303710,41832,0,30,24,58,5280,15,14,0,5184,7200,80,255,1
1765178683.6724806,14012902332939303710,41863,0,30,24,58,5280,15,14,0,5183,7200,80,255,1
1765178684.6768043,14012902332939303710,41885,0,30,24,58,5280,15,14,0,5182,7200,80,255,1
1765178685.6777015,14012902332939303710,41906,0,30,24,58,5280,15,14,0,5181,7200,80,255,1
1765178686.6780531,14012902332939303710,41928,0,30,24,58,5280,15,14,0,5180,7200,80,255,1
1765178688.1840532,14012902332939303710,41958,0,30,24,58,5280,15,14,0,5178,7200,80,255,1
1765178689.1876748,14012902332939303710,41979,0,30,24,58,5280,15,14,0,5177,7200,80,255,1
1765178690.6797144,14012902332939303710,42012,0,30,24,58,5280,15,14,0,5176,7200,80,255,1
1765178691.68123,14012902332939303710,42033,0,30,24,58,5280,15,14,0,5175,7200,80,255,1
1765178692.6823025,14012902332939303710,42054,0,30,24,58,5280,15,14,0,5174,7200,80,255,1
1765178693.683281,14012902332939303710,42074,0,30,24,58,5280,15,14,0,5173,7200,80,255,1
1765178695.1792905,14012902332939303710,42107,0,30,24,58,5280,15,14,0,5171,7200,80,255,1
1765178696.181239,14012902332939303710,42128,0,30,24,58,5280,15,14,0,5170,7200,80,255,1
1765178697.1816075,14012902332939303710,42150,0,30,24,58,5280,15,14,0,5169,7200,80,255,1
1765178698.6741595,14012902332939303710,42181,0,30,24,58,5280,15,14,0,5168,7200,80,255,1
1765178699.6803966,14012902332939303710,42203,0,30,24,58,5280,15,14,0,5167,7200,80,255,1
1765178701.1715484,14012902332939303710,42235,0,30,24,58,5280,15,14,0,5165,7200,80,255,1
1765178702.6815352,14012902332939303710,42268,0,30,24,58,5280,15,14,0,5164,7200,80,255,1
1765178704.1760144,14012902332939303710,42299,0,30,24,58,5280,15,14,0,5162,7200,80,255,1
1765178705.1783552,14012902332939303710,42321,0,30,24,58,5280,15,14,0,5161,7200,80,255,1
1765178706.1815379,14012902332939303710,42343,0,30,24,58,5280,15,14,0,5160,7200,80,255,1
1765178707.685281,14012902332939303710,42376,0,30,24,58,5280,15,14,0,5159,7200,80,255,1
1765178709.1812553,14012902332939303710,42410,0,30,24,58,5280,15,14,0,5157,7200,80,255,1
1765178710.1859653,14012902332939303710,42433,0,30,24,58,5280,15,14,0,5156,7200,80,255,1
1765178711.684489,14012902332939303710,42466,0,30,24,58,5280,15,14,0,5155,7200,80,255,1
1765178713.1732266,14012902332939303710,42501,0,30,24,58,5280,15,14,0,5153,7200,80,255,1
1765178714.1812549,14012902332939303710,42522,0,30,24,58,5280,15,14,0,5152,7200,80,255,1
1765178715.6813023,14012902332939303710,42555,0,30,24,58,5280,15,14,0,5151,7200,80,255,1
1765178716.6860187,14012902332939303710,42578,0,30,24,58,5280,15,14,0,5150,7200,80,255,1
1765178718.1730487,14012902332939303710,42609,0,30,24,58,5280,15,14,0,5148,7200,80,255,1
1765178719.1803625,14012902332939303710,42630,0,30,24,58,5280,15,14,0,5147,7200,80,255,1
1765178720.1845427,14012902332939303710,42650,0,30,24,58,5280,15,14,0,5146,7200,80,255,1
1765178721.6813192,14012902332939303710,42683,0,30,24,58,5280,15,14,0,5145,7200,80,255,1
1765178722.681488,14012902332939303710,42705,0,30,24,58,5280,15,14,0,5144,7200,80,255,1
1765178723.6816728,14012902332939303710,42726,0,30,24,58,5280,15,14,0,5143,7200,80,255,1
1765178725.178345,14012902332939303710,42759,0,30,24,58,5280,15,14,0,5141,7200,80,255,1
1765178726.6833167,14012902332939303710,42792,0,30,24,58,5280,15,14,0,5140,7200,80,255,1
1765178728.1741455,14012902332939303710,42824,0,30,24,58,5280,15,14,0,5138,7200,80,255,1
1765178729.1800036,14012902332939303710,42844,0,30,24,58,5280,15,14,0,5137,7200,80,255,1
1765178730.671718,14012902332939303710,42876,0,30,24,58,5280,15,14,0,5136,7200,80,255,1
1765178732.1777453,14012902332939303710,42911,0,30,24,58,5280,15,14,0,5134,7200,80,255,1
1765178733.6833065,14012902332939303710,42945,0,30,24,58,5280,15,14,0,5133,7200,80,255,1
1765178735.1786194,14012902332939303710,42978,0,30,24,58,5280,15,14,0,5131,7200,80,255,1
1765178736.6713746,14012902332939303710,43014,0,30,24,58,5280,15,14,0,5130,7200,80,255,1
1765178737.6856115,14012902332939303710,43037,0,30,24,58,5280,15,14,0,5129,7200,80,255,1
1765178739.179839,14012902332939303710,43068,0,30,24,58,5280,15,14,0,5127,7200,80,255,1
1765178740.672318,14012902332939303710,43101,0,30,24,58,5280,15,14,0,5126,7200,80,255,1
1765178741.6732097,14012902332939303710,43123,0,30,24,58,5280,15,14,0,5125,7200,80,255,1
1765178743.1794493,14012902332939303710,43156,0,30,24,58,5280,15,14,0,5123,7200,80,255,1
1765178744.1833491,14012902332939303710,43180,0,30,24,58,5280,15,14,0,5122,7200,80,255,1
1765178745.184436,14012902332939303710,43200,0,30,24,58,5280,15,14,0,5121,7200,80,255,1
1765178746.67732,14012902332939303710,43230,0,30,24,58,5280,15,14,0,5120,7200,80,255,1
1765178748.1840987,14012902332939303710,43264,0,30,24,58,5280,15,14,0,5118,7200,80,255,1
1765178749.681337,14012902332939303710,43296,0,30,24,58,5280,15,14,0,5117,7200,80,255,1
1765178750.6814249,14012902332939303710,43318,0,30,24,58,5280,15,14,0,5116,7200,80,255,1
1765178751.681918,14012902332939303710,43339,0,30,24,58,5280,15,14,0,5115,7200,80,255,1
1765178753.1732461,14012902332939303710,43372,0,30,24,58,5280,15,14,0,5113,7200,80,255,1
1765178754.174452,14012902332939303710,43393,0,30,24,58,5280,15,14,0,5112,7200,80,255,1
1765178755.1755693,14012902332939303710,43413,0,30,24,58,5280,15,14,0,5111,7200,80,255,1
1765178756.1764462,14012902332939303710,43434,0,30,24,58,5280,15,14,0,5110,7200,80,255,1
1765178757.6833537,14012902332939303710,43468,0,30,24,58,5280,15,14,0,5109,7200,80,255,1
1765178759.1794727,14012902332939303710,43500,0,30,24,58,5280,15,14,0,5107,7200,80,255,1
1765178760.1821613,14012902332939303710,43522,0,30,24,58,5280,15,14,0,5106,7200,80,255,1
1765178761.1826198,14012902332939303710,43545,0,30,24,58,5280,15,14,0,5105,7200,80,255,1
1765178762.1848278,14012902332939303710,43568,0,30,24,58,5280,15,14,0,5104,7200,80,255,1
1765178763.6762867,14012902332939303710,43601,0,30,24,58,5280,15,14,0,5103,7200,80,255,1
1765178764.6797915,14012902332939303710,43623,0,30,24,58,5280,15,14,0,5102,7200,80,255,1
1765178765.6803648,14012902332939303710,43644,0,30,24,58,5280,15,14,0,5101,7200,80,255,1
1765178767.1712852,14012902332939303710,43677,0,30,24,58,5280,15,14,0,5099,7200,80,255,1
1765178768.173019,14012902332939303710,43698,0,30,24,58,5280,15,14,0,5098,7200,80,255,1
1765178769.1754408,14012902332939303710,43719,0,30,24,58,5280,15,14,0,5097,7200,80,255,1
1765178770.1755502,14012902332939303710,43741,0,30,24,58,5280,15,14,0,5096,7200,80,255,1
1765178771.6844501,14012902332939303710,43773,0,30,24,58,5280,15,14,0,5095,7200,80,255,1
1765178773.1756213,14012902332939303710,43805,0,30,24,58,5280,15,14,0,5093,7200,80,255,1
1765178774.1855729,14012902332939303710,43829,0,30,24,58,5280,15,14,0,5092,7200,80,255,1
1765178775.6832714,14012902332939303710,43861,0,30,24,58,5280,15,14,0,5091,7200,80,255,1
1765178777.1830318,14012902332939303710,43893,0,30,24,58,5280,15,14,0,5089,7200,80,255,1
1765178778.6807265,14012902332939303710,43926,0,30,24,58,5280,15,14,0,5088,7200,80,255,1
1765178780.1712792,14012902332939303710,43957,0,30,24,58,5280,15,14,0,5086,7200,80,255,1
1765178781.1753843,14012902332939303710,43978,0,30,24,58,5280,15,14,0,5085,7200,80,255,1
1765178782.1754253,14012902332939303710,43998,0,30,24,58,5280,15,14,0,5084,7200,80,255,1
1765178783.1765862,14012902332939303710,44019,0,30,24,58,5280,15,14,0,5083,7200,80,255,1
1765178784.181537,14012902332939303710,44040,0,30,24,58,5280,15,14,0,5082,7200,80,255,1
1765178785.184384,14012902332939303710,44063,0,30,24,58,5280,15,14,0,5081,7200,80,255,1
1765178786.6766965,14012902332939303710,44095,0,30,24,58,5280,15,14,0,5080,7200,80,255,1
1765178787.6774266,14012902332939303710,44117,0,30,24,58,5280,15,14,0,5079,7200,80,255,1
1765178788.6796637,14012902332939303710,44139,0,30,24,58,5280,15,14,0,5078,7200,80,255,1
1765178790.1764786,14012902332939303710,44171,0,30,24,58,5280,15,14,0,5076,7200,80,255,1
1765178791.1771417,14012902332939303710,44193,0,30,24,58,5280,15,14,0,5075,7200,80,255,1
1765178792.6843295,14012902332939303710,44227,0,30,24,58,5280,15,14,0,5074,7200,80,255,1
1765178794.1832635,14012902332939303710,44260,0,30,24,58,5280,15,14,0,5072,7200,80,255,1
1765178795.1843066,14012902332939303710,44282,0,30,24,58,5280,15,14,0,5071,7200,80,255,1
1765178796.185346,14012902332939303710,44303,0,30,24,58,5280,15,14,0,5070,7200,80,255,1
1765178797.676692,14012902332939303710,44334,0,30,24,58,5280,15,14,0,5069,7200,80,255,1
1765178798.6787317,14012902332939303710,44356,0,30,24,58,5280,15,14,0,5068,7200,80,255,1
1765178799.6845107,14012902332939303710,44376,0,30,24,58,5280,15,14,0,5067,7200,80,255,1
1765178800.685515,14012902332939303710,44398,0,30,24,58,5280,15,14,0,5066,7200,80,255,1
1765178802.17878,14012902332939303710,44429,0,30,24,58,5280,15,14,0,5064,7200,80,255,1
1765178803.1815002,14012902332939303710,44451,0,30,24,58,5280,15,14,0,5063,7200,80,255,1
1765178804.1855907,14012902332939303710,44473,0,30,24,58,5280,15,14,0,5062,7200,80,255,1
1765178805.6772377,14012902332939303710,44504,0,30,24,58,5280,15,14,0,5061,7200,80,255,1
1765178807.1842115,14012902332939303710,44538,0,30,24,58,5280,15,14,0,5059,7200,80,255,1
1765178808.6764395,14012902332939303710,44570,0,30,24,58,5280,15,14,0,5058,7200,80,255,1
1765178809.681969,14012902332939303710,44591,0,30,24,58,5280,15,14,0,5057,7200,80,255,1
1765178810.6831303,14012902332939303710,44612,0,30,24,58,5280,15,14,0,5056,7200,80,255,1
1765178812.1761773,14012902332939303710,44644,0,30,24,58,5280,15,14,0,5054,7200,80,255,1
1765178813.1764607,14012902332939303710,44664,0,30,24,58,5280,15,14,0,5053,7200,80,255,1
1765178814.18047,14012902332939303710,44685,0,30,24,58,5280,15,14,0,5052,7200,80,255,1
1765178815.671909,14012902332939303710,44719,0,30,24,58,5280,15,14,0,5051,7200,80,255,1
1765178817.1775384,14012902332939303710,44752,0,30,24,58,5280,15,14,0,5049,7200,80,255,1
1765178818.6841424,14012902332939303710,44784,0,30,24,58,5280,15,14,0,5048,7200,80,255,1
1765178820.180733,14012902332939303710,44815,0,30,24,58,5280,15,14,0,5046,7200,80,255,1
1765178821.1817815,14012902332939303710,44836,0,30,24,58,5280,15,14,0,5045,7200,80,255,1
1765178822.6853414,14012902332939303710,44870,0,30,24,58,5280,15,14,0,5044,7200,80,255,1
1765178824.1807184,14012902332939303710,44902,0,30,24,58,5280,15,14,0,5042,7200,80,255,1
1765178825.673133,14012902332939303710,44933,0,30,24,58,5280,15,14,0,5041,7200,80,255,1
1765178827.1774902,14012902332939303710,44966,0,30,24,58,5280,15,14,0,5039,7200,80,255,1
1765178828.685147,14012902332939303710,44998,0,30,24,58,5280,15,14,0,5038,7200,80,255,1
1765178830.1828127,14012902332939303710,45029,0,30,24,58,5280,15,14,0,5036,7200,80,255,1
1765178831.6732266,14012902332939303710,45061,0,30,24,58,5280,15,14,0,5035,7200,80,255,1
1765178832.673533,14012902332939303710,45082,0,30,24,58,5280,15,14,0,5034,7200,80,255,1
1765178834.1732118,14012902332939303710,45115,0,30,24,58,5280,15,14,0,5032,7200,80,255,1
1765178835.186367,14012902332939303710,45137,0,30,24,58,5280,15,14,0,5031,7200,80,255,1
1765178836.6773126,14012902332939303710,45168,0,30,24,58,5280,15,14,0,5030,7200,80,255,1
1765178837.6776228,14012902332939303710,45190,0,30,24,58,5280,15,14,0,5029,7200,80,255,1
1765178838.6785543,14012902332939303710,45211,0,30,24,58,5280,15,14,0,5028,7200,80,255,1
1765178839.6833153,14012902332939303710,45232,0,30,24,58,5280,15,14,0,5027,7200,80,255,1
1765178841.177543,14012902332939303710,45263,0,30,24,58,5280,15,14,0,5025,7200,80,255,1
1765178842.6828694,14012902332939303710,45294,0,30,24,58,5280,15,14,0,5024,7200,80,255,1
1765178843.6846707,14012902332939303710,45316,0,30,24,58,5280,15,14,0,5023,7200,80,255,1
1765178845.1814153,14012902332939303710,45347,0,30,24,58,5280,15,14,0,5021,7200,80,255,1
1765178846.182927,14012902332939303710,45367,0,30,24,58,5280,15,14,0,5020,7200,80,255,1
1765178847.1829462,14012902332939303710,45388,0,30,24,58,5280,15,14,0,5019,7200,80,255,1
1765178848.1839178,14012902332939303710,45409,0,30,24,58,5280,15,14,0,5018,7200,80,255,1
1765178849.6784837,14012902332939303710,45440,0,30,24,58,5280,15,14,0,5017,7200,80,255,1
1765178850.683071,14012902332939303710,45462,0,30,24,58,5280,15,14,0,5016,7200,80,255,1
1765178851.6835363,14012902332939303710,45483,0,30,24,58,5280,15,14,0,5015,7200,80,255,1
1765178853.1763906,14012902332939303710,45514,0,30,24,58,5280,15,14,0,5013,7200,80,255,1
1765178854.1816046,14012902332939303710,45536,0,30,24,58,5280,15,14,0,5012,7200,80,255,1
1765178855.6742806,14012902332939303710,45567,0,30,24,58,5280,15,14,0,5011,7200,80,255,1
1765178857.1782053,14012902332939303710,45600,0,30,24,58,5280,15,14,0,5009,7200,80,255,1
1765178858.1783113,14012902332939303710,45622,0,30,24,58,5280,15,14,0,5008,7200,80,255,1
1765178859.1842873,14012902332939303710,45645,0,30,24,58,5280,15,14,0,5007,7200,80,255,1
1765178860.677495,14012902332939303710,45677,0,30,24,58,5280,15,14,0,5006,7200,80,255,1
1765178861.678762,14012902332939303710,45698,0,30,24,58,5280,15,14,0,5005,7200,80,255,1
1765178863.1712184,14012902332939303710,45730,0,30,24,58,5280,15,14,0,5003,7200,80,255,1
1765178864.1774733,14012902332939303710,45751,0,30,24,58,5280,15,14,0,5002,7200,80,255,1
1765178865.177721,14012902332939303710,45771,0,30,24,58,5280,15,14,0,5001,7200,80,255,1
1765178866.684249,14012902332939303710,45803,0,30,24,58,5280,15,14,0,5000,7200,80,255,1
1765178868.1794343,14012902332939303710,45833,0,30,24,58,5280,15,14,0,4998,7200,80,255,1
1765178869.1815555,14012902332939303710,45854,0,30,24,58,5280,15,14,0,4997,7200,80,255,1
1765178870.1861503,14012902332939303710,45876,0,30,24,58,5280,15,14,0,4996,7200,80,255,1
1765178871.6716504,14012902332939303710,45906,0,30,24,58,5280,15,14,0,4995,7200,80,255,1
1765178872.679164,14012902332939303710,45928,0,30,24,58,5280,15,14,0,4994,7200,80,255,1
1765178873.6830108,14012902332939303710,45949,0,30,24,58,5280,15,14,0,4993,7200,80,255,1
1765178875.1763816,14012902332939303710,45979,0,30,24,58,5280,15,14,0,4991,7200,80,255,1
1765178876.1799655,14012902332939303710,46002,0,30,24,58,5280,15,14,0,4990,7200,80,255,1
1765178877.6802454,14012902332939303710,46035,0,30,24,58,5280,15,14,0,4989,7200,80,255,1
1765178879.1755033,14012902332939303710,46068,0,30,24,58,5280,15,14,0,4987,7200,80,255,1
1765178880.178894,14012902332939303710,46089,0,30,24,58,5280,15,14,0,4986,7200,80,255,1
1765178881.6816792,14012902332939303710,46121,0,30,24,58,5280,15,14,0,4985,7200,80,255,1
1765178882.6829853,14012902332939303710,46141,0,30,24,58,5280,15,14,0,4984,7200,80,255,1
1765178883.6850207,14012902332939303710,46162,0,30,24,58,5280,15,14,0,4983,7200,80,255,1
1765178885.1814907,14012902332939303710,46195,0,30,24,58,5280,15,14,0,4981,7200,80,255,1
1765178886.1839092,14012902332939303710,46216,0,30,24,58,5280,15,14,0,4980,7200,80,255,1
1765178887.1852355,14012902332939303710,46237,0,30,24,58,5280,15,14,0,4979,7200,80,255,1
1765178888.6768909,14012902332939303710,46268,0,30,23,58,5280,15,14,0,4978,7200,80,255,1
1765178889.679866,14012902332939303710,46290,0,30,23,58,5280,15,14,0,4977,7200,80,255,1
1765178890.682855,14012902332939303710,46311,0,30,23,58,5280,15,14,0,4976,7200,80,255,1
1765178891.684129,14012902332939303710,46332,0,30,23,58,5280,15,14,0,4975,7200,80,255,1
1765178892.6843827,14012902332939303710,46353,0,30,23,58,5280,15,14,0,4974,7200,80,255,1
1765178893.6853747,14012902332939303710,46374,0,30,23,58,5280,15,14,0,4973,7200,80,255,1
1765178895.178581,14012902332939303710,46405,0,30,23,58,5280,15,14,0,4971,7200,80,255,1
1765178896.179755,14012902332939303710,46426,0,30,23,58,5280,15,14,0,4970,7200,80,255,1
1765178897.6728654,14012902332939303710,46458,0,30,23,58,5280,15,14,0,4969,7200,80,255,1
1765178898.6729765,14012902332939303710,46480,0,30,23,58,5280,15,14,0,4968,7200,80,255,1
1765178899.6764586,14012902332939303710,46501,0,30,23,58,5280,15,14,0,4967,7200,80,255,1
1765178900.6777375,14012902332939303710,46522,0,30,23,58,5280,15,14,0,4966,7200,80,255,1
1765178902.1851332,14012902332939303710,46553,0,30,23,58,5280,15,14,0,4964,7200,80,255,1
1765178903.678433,14012902332939303710,46586,0,30,23,58,5280,15,14,0,4963,7200,80,255,1
1765178904.679361,14012902332939303710,46607,0,30,23,58,5280,15,14,0,4962,7200,80,255,1
1765178906.1733322,14012902332939303710,46637,0,30,23,58,5280,15,14,0,4960,7200,80,255,1
1765178907.6795282,14012902332939303710,46670,0,30,23,58,5280,15,14,0,4959,7200,80,255,1
1765178908.680019,14012902332939303710,46692,0,30,23,58,5280,15,14,0,4958,7200,80,255,1
1765178909.6839793,14012902332939303710,46713,0,30,23,58,5280,15,14,0,4957,7200,80,255,1
1765178910.6851375,14012902332939303710,46734,0,30,23,58,5280,15,14,0,4956,7200,80,255,1
1765178912.1785827,14012902332939303710,46765,0,30,23,58,5280,15,14,0,4954,7200,80,255,1
1765178913.6815293,14012902332939303710,46796,0,30,23,58,5280,15,14,0,4953,7200,80,255,1
1765178915.1794124,14012902332939303710,46827,0,30,23,58,5280,15,14,0,4951,7200,80,255,1
1765178916.6730816,14012902332939303710,46857,0,30,23,58,5280,15,14,0,4950,7200,80,255,1
1765178917.6741724,14012902332939303710,46878,0,30,23,58,5280,15,14,0,4949,7200,80,255,1
1765178918.6744084,14012902332939303710,46899,0,30,23,58,5280,15,14,0,4948,7200,80,255,1
1765178919.67962,14012902332939303710,46921,0,30,23,58,5280,15,14,0,4947,7200,80,255,1
1765178920.6813734,14012902332939303710,46943,0,30,23,58,5280,15,14,0,4946,7200,80,255,1
1765178922.1756232,14012902332939303710,46975,0,30,23,58,5280,15,14,0,4944,7200,80,255,1
1765178923.1766965,14012902332939303710,46997,0,30,23,58,5280,15,14,0,4943,7200,80,255,1
1765178924.1787903,14012902332939303710,47019,0,30,23,58,5280,15,14,0,4942,7200,80,255,1
1765178925.1807184,14012902332939303710,47041,0,30,23,58,5280,15,14,0,4941,7200,80,255,1
1765178926.6798859,14012902332939303710,47073,0,30,23,58,5280,15,14,0,4940,7200,80,255,1
1765178927.6829855,14012902332939303710,47095,0,30,23,58,5280,15,14,0,4939,7200,80,255,1
1765178929.174324,14012902332939303710,47127,0,30,23,58,5280,15,14,0,4937,7200,80,255,1
1765178930.1794589,14012902332939303710,47149,0,30,23,58,5280,15,14,0,4936,7200,80,255,1
1765178931.182772,14012902332939303710,47170,0,30,23,58,5280,15,14,0,4935,7200,80,255,1
1765178932.6805115,14012902332939303710,47203,0,30,23,58,5280,15,14,0,4934,7200,80,255,1
1765178934.17772,14012902332939303710,47235,0,30,23,58,5280,15,14,0,4932,7200,80,255,1
1765178935.1789668,14012902332939303710,47257,0,30,23,58,5280,15,14,0,4931,7200,80,255,1
1765178936.179583,14012902332939303710,47279,0,30,23,58,5280,15,14,0,4930,7200,80,255,1
1765178937.1801183,14012902332939303710,47301,0,30,23,58,5280,15,14,0,4929,7200,80,255,1
1765178938.1816058,14012902332939303710,47322,0,30,23,58,5280,15,14,0,4928,7200,80,255,1
1765178939.6774793,14012902332939303710,47352,0,30,23,58,5280,15,14,0,4927,7200,80,255,1
1765178941.181358,14012902332939303710,47385,0,30,23,58,5280,15,14,0,4925,7200,80,255,1
1765178942.671974,14012902332939303710,47417,0,30,23,58,5280,15,14,0,4924,7200,80,255,1
1765178943.6809707,14012902332939303710,47440,0,30,23,58,5280,15,14,0,4923,7200,80,255,1
1765178944.6831157,14012902332939303710,47460,0,30,23,58,5280,15,14,0,4922,7200,80,255,1
1765178946.1715157,14012902332939303710,47491,0,30,23,58,5280,15,14,0,4920,7200,80,255,1
1765178947.1815114,14012902332939303710,47514,0,30,23,58,5280,15,14,0,4919,7200,80,255,1
1765178948.6814606,14012902332939303710,47546,0,30,23,58,5280,15,14,0,4918,7200,80,255,1
1765178950.1786618,14012902332939303710,47579,0,30,23,58,5280,15,14,0,4916,7200,80,255,1
1765178951.681435,14012902332939303710,47610,0,30,23,58,5280,15,14,0,4915,7200,80,255,1
1765178953.1855526,14012902332939303710,47642,0,30,23,58,5280,15,14,0,4913,7200,80,255,1
1765178954.6777835,14012902332939303710,47677,0,30,23,58,5280,15,14,0,4912,7200,80,255,1
1765178955.6854863,14012902332939303710,47699,0,30,23,58,5280,15,14,0,4911,7200,80,255,1
1765178957.1813688,14012902332939303710,47729,0,30,23,58,5280,15,14,0,4909,7200,80,255,1
1765178958.6813507,14012902332939303710,47762,0,30,23,58,5280,15,14,0,4908,7200,80,255,1
1765178960.1713588,14012902332939303710,47794,0,30,23,58,5280,15,14,0,4906,7200,80,255,1
1765178961.180669,14012902332939303710,47816,0,30,23,58,5280,15,14,0,4905,7200,80,255,1
1765178962.6817224,14012902332939303710,47848,0,30,23,58,5280,15,14,0,4904,7200,80,255,1
1765178964.171512,14012902332939303710,47882,0,30,23,58,5280,15,14,0,4902,7200,80,255,1
1765178965.1829133,14012902332939303710,47904,0,30,23,58,5280,15,14,0,4901,7200,80,255,1
1765178966.6798248,14012902332939303710,47937,0,30,23,58,5280,15,14,0,4900,7200,80,255,1
1765178968.183097,14012902332939303710,47969,0,30,23,58,5280,15,14,0,4898,7200,80,255,1
1765178969.6737561,14012902332939303710,48000,0,30,23,58,5280,15,14,0,4897,7200,80,255,1
1765178970.6828597,14012902332939303710,48022,0,30,23,58,5280,15,14,0,4896,7200,80,255,1
1765178972.182954,14012902332939303710,48054,0,30,23,58,5280,15,14,0,4894,7200,80,255,1
1765178973.6777902,14012902332939303710,48086,0,30,23,58,5280,15,14,0,4893,7200,80,255,1
1765178974.6806376,14012902332939303710,48108,0,30,23,58,5280,15,14,0,4892,7200,80,255,1
1765178975.681729,14012902332939303710,48129,0,30,23,58,5280,15,14,0,4891,7200,80,255,1
1765178977.1755223,14012902332939303710,48160,0,30,23,58,5280,15,14,0,4889,7200,80,255,1
1765178978.177469,14012902332939303710,48180,0,30,23,58,5280,15,14,0,4888,7200,80,255,1
1765178979.1827319,14012902332939303710,48201,0,30,23,58,5280,15,14,0,4887,7200,80,255,1
1765178980.6775856,14012902332939303710,48232,0,30,23,58,5280,15,14,0,4886,7200,80,255,1
1765178981.6776526,14012902332939303710,48254,0,30,23,58,5280,15,14,0,4885,7200,80,255,1
1765178983.1851473,14012902332939303710,48287,0,30,23,58,5280,15,14,0,4883,7200,80,255,1
1765178984.6742778,14012902332939303710,48318,0,30,23,58,5280,15,14,0,4882,7200,80,255,1
1765178985.6813822,14012902332939303710,48341,0,30,23,58,5280,15,14,0,4881,7200,80,255,1
1765178987.175025,14012902332939303710,48371,0,30,23,58,5280,15,14,0,4879,7200,80,255,1
1765178988.1815367,14012902332939303710,48393,0,30,23,58,5280,15,14,0,4878,7200,80,255,1
1765178989.6784081,14012902332939303710,48423,0,30,23,58,5280,15,14,0,4877,7200,80,255,1
1765178991.1867917,14012902332939303710,48457,0,30,23,58,5280,15,14,0,4875,7200,80,255,1
1765178992.681902,14012902332939303710,48487,0,30,23,58,5280,15,14,0,4874,7200,80,255,1
1765178994.1784635,14012902332939303710,48517,0,30,23,58,5280,15,14,0,4872,7200,80,255,1
1765178995.6729753,14012902332939303710,48548,0,30,23,58,5280,15,14,0,4871,7200,80,255,1
1765178996.684143,14012902332939303710,48570,0,30,23,58,5280,15,14,0,4870,7200,80,255,1
1765178998.1782396,14012902332939303710,48600,0,30,23,58,5280,15,14,0,4868,7200,80,255,1
1765178999.6740706,14012902332939303710,48635,0,30,23,58,5280,15,14,0,4867,7200,80,255,1
1765179000.6842399,14012902332939303710,48661,0,30,23,58,5280,15,14,0,4866,7200,80,255,1
1765179002.1760707,14012902332939303710,48691,0,30,23,58,5280,15,14,0,4864,7200,80,255,1
1765179003.682822,14012902332939303710,48726,0,30,23,58,5280,15,14,0,4863,7200,80,255,1
1765179004.684367,14012902332939303710,48747,0,30,23,58,5280,15,14,0,4862,7200,80,255,1
1765179006.1750371,14012902332939303710,48777,0,30,23,58,5280,15,14,0,4860,7200,80,255,1
1765179007.183181,14012902332939303710,48801,0,30,23,58,5280,15,14,0,4859,7200,80,255,1
1765179008.6772027,14012902332939303710,48831,0,29,23,58,5280,15,14,0,4858,7200,80,255,1
1765179010.1742313,14012902332939303710,48864,0,29,23,58,5280,15,14,0,4856,7200,80,255,1
1765179011.1814263,14012902332939303710,48885,0,29,23,58,5280,15,14,0,4855,7200,80,255,1
1765179012.6738386,14012902332939303710,48916,0,29,23,58,5280,15,14,0,4854,7200,80,255,1
1765179013.6842303,14012902332939303710,48938,0,29,23,58,5280,15,14,0,4853,7200,80,255,1
1765179015.1794405,14012902332939303710,48969,0,29,23,58,5280,15,14,0,4851,7200,80,255,1
1765179016.6712677,14012902332939303710,49002,0,29,23,58,5280,15,14,0,4850,7200,80,255,1
1765179017.680493,14012902332939303710,49023,0,29,23,58,5280,15,14,0,4849,7200,80,255,1
1765179019.1761303,14012902332939303710,49055,0,29,23,58,5280,15,14,0,4847,7200,80,255,1
1765179020.6841888,14012902332939303710,49088,0,29,23,58,5280,15,14,0,4846,7200,80,255,1
1765179022.1769285,14012902332939303710,49118,0,29,23,58,5280,15,14,0,4844,7200,80,255,1
1765179023.185296,14012902332939303710,49142,0,29,23,58,5280,15,14,0,4843,7200,80,255,1
1765179024.6816943,14012902332939303710,49172,0,29,23,58,5280,15,14,0,4842,7200,80,255,1
1765179026.1750524,14012902332939303710,49202,0,29,23,58,5280,15,14,0,4840,7200,80,255,1
1765179027.1838272,14012902332939303710,49225,0,29,23,58,5280,15,14,0,4839,7200,80,255,1
1765179028.6716592,14012902332939303710,49259,0,29,23,58,5280,15,14,0,4838,7200,80,255,1
1765179029.6728365,14012902332939303710,49282,0,29,23,58,5280,15,14,0,4837,7200,80,255,1
1765179030.6795194,14012902332939303710,49304,0,29,23,58,5280,15,14,0,4836,7200,80,255,1
1765179032.1743367,14012902332939303710,49337,0,29,23,58,5280,15,14,0,4834,7200,80,255,1
1765179033.182979,14012902332939303710,49358,0,29,23,58,5280,15,14,0,4833,7200,80,255,1
1765179034.6794922,14012902332939303710,49388,0,29,23,58,5280,15,14,0,4832,7200,80,255,1
1765179036.171512,14012902332939303710,49422,0,29,23,58,5280,15,14,0,4830,7200,80,255,1
1765179037.1813543,14012902332939303710,49443,0,29,23,58,5280,15,14,0,4829,7200,80,255,1
1765179038.6736114,14012902332939303710,49475,0,29,23,58,5280,15,14,0,4828,7200,80,255,1
1765179040.1839063,14012902332939303710,49507,0,29,23,58,5280,15,14,0,4826,7200,80,255,1
1765179041.676033,14012902332939303710,49537,0,29,23,58,5280,15,14,0,4825,7200,80,255,1
1765179042.6841154,14012902332939303710,49560,0,29,23,58,5280,15,14,0,4824,7200,80,255,1
1765179044.1793454,14012902332939303710,49590,0,29,23,58,5280,15,14,0,4822,7200,80,255,1
1765179045.6850204,14012902332939303710,49624,0,29,23,58,5280,15,14,0,4821,7200,80,255,1
1765179047.1765587,14012902332939303710,49654,0,29,23,58,5280,15,14,0,4819,7200,80,255,1
1765179048.1849492,14012902332939303710,49678,0,29,23,58,5280,15,14,0,4818,7200,80,255,1
1765179049.6826298,14012902332939303710,49708,0,29,23,58,5280,15,14,0,4817,7200,80,255,1
1765179051.1738536,14012902332939303710,49740,0,29,23,58,5280,15,14,0,4815,7200,80,255,1
1765179052.1842985,14012902332939303710,49763,0,29,23,58,5280,15,14,0,4814,7200,80,255,1
1765179053.6767917,14012902332939303710,49794,0,29,23,58,5280,15,14,0,4813,7200,80,255,1
1765179055.1725993,14012902332939303710,49826,0,29,23,58,5280,15,14,0,4811,7200,80,255,1
1765179056.1827793,14012902332939303710,49847,0,29,23,58,5280,15,14,0,4810,7200,80,255,1
1765179057.6788874,14012902332939303710,49877,0,29,23,58,5280,15,14,0,4809,7200,80,255,1
1765179059.1794286,14012902332939303710,49907,0,29,23,58,5280,15,14,0,4807,7200,80,255,1
1765179060.6774087,14012902332939303710,49937,0,29,23,58,5280,15,14,0,4806,7200,80,255,1
1765179062.1849978,14012902332939303710,49972,0,29,23,58,5280,15,14,0,4804,7200,80,255,1
1765179063.6772022,14012902332939303710,50002,0,29,23,58,5280,15,14,0,4803,7200,80,255,1
1765179064.6772387,14012902332939303710,50022,0,29,23,58,5280,15,14,0,4802,7200,80,255,1
1765179066.1758168,14012902332939303710,50052,0,29,23,58,5280,15,14,0,4800,7200,80,255,1
1765179067.6857555,14012902332939303710,50087,0,29,23,58,5280,15,14,0,4799,7200,80,255,1
1765179069.181455,14012902332939303710,50117,0,29,23,58,5280,15,14,0,4797,7200,80,255,1
1765179070.6779606,14012902332939303710,50148,0,29,23,58,5280,15,14,0,4796,7200,80,255,1
1765179072.1862187,14012902332939303710,50184,0,29,23,58,5280,15,14,0,4794,7200,80,255,1
1765179073.6800206,14012902332939303710,50215,0,29,23,58,5280,15,14,0,4793,7200,80,255,1
1765179075.1788056,14012902332939303710,50245,0,29,23,58,5280,15,14,0,4791,7200,80,255,1
1765179076.6849353,14012902332939303710,50277,0,29,23,58,5280,15,14,0,4790,7200,80,255,1
1765179078.1787715,14012902332939303710,50307,0,29,23,58,5280,15,14,0,4788,7200,80,255,1
1765179079.6743338,14012902332939303710,50337,0,29,23,58,5280,15,14,0,4787,7200,80,255,1
1765179080.6855102,14012902332939303710,50358,0,29,23,58,5280,15,14,0,4786,7200,80,255,1
1765179082.1804388,14012902332939303710,50388,0,29,23,58,5280,15,14,0,4784,7200,80,255,1
1765179083.6749744,14012902332939303710,50420,0,29,23,58,5280,15,14,0,4783,7200,80,255,1
1765179084.6760204,14012902332939303710,50440,0,29,23,58,5280,15,14,0,4782,7200,80,255,1
1765179086.1840239,14012902332939303710,50478,0,29,23,58,5280,15,14,0,4780,7200,80,255,1
1765179087.6749814,14012902332939303710,50509,0,29,23,58,5280,15,14,0,4779,7200,80,255,1
1765179088.6842394,14012902332939303710,50532,0,29,23,58,5280,15,14,0,4778,7200,80,255,1
1765179090.1790607,14012902332939303710,50562,0,29,23,58,5280,15,14,0,4776,7200,80,255,1
1765179091.6849225,14012902332939303710,50596,0,29,23,58,5280,15,14,0,4775,7200,80,255,1
1765179093.1751282,14012902332939303710,50626,0,29,23,58,5280,15,14,0,4773,7200,80,255,1
1765179094.6861308,14012902332939303710,50664,0,29,23,58,5280,15,14,0,4772,7200,80,255,1
1765179096.176334,14012902332939303710,50694,0,29,23,58,5280,15,14,0,4770,7200,80,255,1
1765179097.1818683,14012902332939303710,50717,0,29,23,58,5280,15,14,0,4769,7200,80,255,1
1765179098.6748898,14012902332939303710,50747,0,29,23,58,5280,15,14,0,4768,7200,80,255,1
1765179099.6768973,14012902332939303710,50769,0,29,23,58,5280,15,14,0,4767,7200,80,255,1
1765179101.1754289,14012902332939303710,50799,0,29,23,58,5280,15,14,0,4765,7200,80,255,1
1765179102.6730745,14012902332939303710,50836,0,29,23,58,5280,15,14,0,4764,7200,80,255,1
1765179103.6849234,14012902332939303710,50860,0,29,23,58,5280,15,14,0,4763,7200,80,255,1
1765179105.1760879,14012902332939303710,50890,0,29,23,58,5280,15,14,0,4761,7200,80,255,1
1765179106.186963,14012902332939303710,50914,0,29,23,58,5280,15,14,0,4760,7200,80,255,1
1765179107.6825547,14012902332939303710,50944,0,29,23,58,5280,15,14,0,4759,7200,80,255,1
1765179109.1836054,14012902332939303710,50975,0,29,23,58,5280,15,14,0,4757,7200,80,255,1
1765179110.6806376,14012902332939303710,51005,0,29,23,58,5280,15,14,0,4756,7200,80,255,1
1765179112.1752627,14012902332939303710,51036,0,29,23,58,5280,15,14,0,4754,7200,80,255,1
1765179113.184853,14012902332939303710,51058,0,29,23,58,5280,15,14,0,4753,7200,80,255,1
1765179114.1852958,14012902332939303710,51078,0,29,23,58,5280,15,14,0,4752,7200,80,255,1
1765179115.677258,14012902332939303710,51109,0,29,23,58,5280,15,14,0,4751,7200,80,255,1
1765179116.6851537,14012902332939303710,51130,0,29,23,58,5280,15,14,0,4750,7200,80,255,1
1765179118.1752794,14012902332939303710,51160,0,29,23,58,5280,15,14,0,4748,7200,80,255,1
1765179119.6865442,14012902332939303710,51193,0,29,23,58,5280,15,14,0,4747,7200,80,255,1
1765179121.1783943,14012902332939303710,51223,0,29,23,58,5280,15,14,0,4745,7200,80,255,1
1765179122.6836946,14012902332939303710,51256,0,29,23,58,5280,15,14,0,4744,7200,80,255,1
1765179124.1803622,14012902332939303710,51286,0,29,23,58,5280,15,14,0,4742,7200,80,255,1
1765179125.6855822,14012902332939303710,51320,0,29,23,58,5280,15,14,0,4741,7200,80,255,1
1765179127.181233,14012902332939303710,51350,0,29,23,58,5280,15,14,0,4739,7200,80,255,1
1765179128.6715858,14012902332939303710,51381,0,29,23,58,5280,15,14,0,4738,7200,80,255,1
1765179129.6865804,14012902332939303710,51404,0,29,23,58,5280,15,14,0,4737,7200,80,255,1
1765179131.1774619,14012902332939303710,51434,0,29,23,58,5280,15,14,0,4735,7200,80,255,1
1765179132.1847026,14012902332939303710,51458,0,29,23,58,5280,15,14,0,4734,7200,80,255,1
1765179133.6748383,14012902332939303710,51488,0,29,23,58,5280,15,14,0,4733,7200,80,255,1
1765179134.6860723,14012902332939303710,51511,0,29,23,58,5280,15,14,0,4732,7200,80,255,1
1765179136.1766198,14012902332939303710,51541,0,29,23,58,5280,15,14,0,4730,7200,80,255,1
1765179137.1851926,14012902332939303710,51563,0,29,23,58,5280,15,14,0,4729,7200,80,255,1
1765179138.6749165,14012902332939303710,51593,0,29,23,58,5280,15,14,0,4728,7200,80,255,1
1765179139.6749547,14012902332939303710,51614,0,29,23,58,5280,15,14,0,4727,7200,80,255,1
1765179140.683942,14012902332939303710,51634,0,29,23,58,5280,15,14,0,4726,7200,80,255,1
1765179142.1767287,14012902332939303710,51664,0,29,23,58,5280,15,14,0,4724,7200,80,255,1
1765179143.1853898,14012902332939303710,51686,0,29,23,58,5280,15,14,0,4723,7200,80,255,1
1765179144.6814163,14012902332939303710,51716,0,29,23,58,5280,15,14,0,4722,7200,80,255,1
1765179146.175505,14012902332939303710,51748,0,29,23,58,5280,15,14,0,4720,7200,80,255,1
1765179147.1862557,14012902332939303710,51770,0,29,23,58,5280,15,14,0,4719,7200,80,255,1
1765179148.676426,14012902332939303710,51800,0,29,23,58,5280,15,14,0,4718,7200,80,255,1
1765179149.678269,14012902332939303710,51820,0,29,23,58,5280,15,14,0,4717,7200,80,255,1
1765179150.6790428,14012902332939303710,51840,0,29,23,58,5280,15,14,0,4716,7200,80,255,1
1765179151.6797955,14012902332939303710,51860,0,29,23,58,5280,15,14,0,4715,7200,80,255,1
1765179153.1779122,14012902332939303710,51890,0,29,23,58,5280,15,14,0,4713,7200,80,255,1
1765179154.1820803,14012902332939303710,51910,0,29,23,58,5280,15,14,0,4712,7200,80,255,1
1765179155.680516,14012902332939303710,51940,0,29,23,58,5280,15,14,0,4711,7200,80,255,1
1765179157.180118,14012902332939303710,51970,0,29,23,58,5280,15,14,0,4709,7200,80,255,1
1765179158.6780627,14012902332939303710,52000,0,29,23,58,5280,15,14,0,4708,7200,80,255,1
1765179159.6791644,14012902332939303710,52020,0,29,23,58,5280,15,14,0,4707,7200,80,255,1
1765179161.1761956,14012902332939303710,52050,0,29,23,58,5280,15,14,0,4705,7200,80,255,1
1765179162.1859593,14012902332939303710,52071,0,29,23,58,5280,15,14,0,4704,7200,80,255,1
1765179163.6812985,14012902332939303710,52102,0,29,23,58,5280,15,14,0,4703,7200,80,255,1
1765179164.6826386,14012902332939303710,52122,0,29,23,58,5280,15,14,0,4702,7200,80,255,1
1765179166.1714978,14012902332939303710,52152,0,29,23,58,5280,15,14,0,4700,7200,80,255,1
1765179167.181255,14012902332939303710,52173,0,29,23,58,5280,15,14,0,4699,7200,80,255,1
1765179168.6753273,14012902332939303710,52203,0,29,23,58,5280,15,14,0,4698,7200,80,255,1
1765179170.173953,14012902332939303710,52235,0,29,23,58,5280,15,14,0,4696,7200,80,255,1
1765179171.1816509,14012902332939303710,52257,0,29,23,58,5280,15,14,0,4695,7200,80,255,1
1765179172.6717255,14012902332939303710,52288,0,29,23,58,5280,15,14,0,4694,7200,80,255,1
1765179173.6829379,14012902332939303710,52309,0,29,23,58,5280,15,14,0,4693,7200,80,255,1
1765179175.1794877,14012902332939303710,52339,0,29,23,58,5280,15,14,0,4691,7200,80,255,1
1765179176.682958,14012902332939303710,52371,0,29,23,58,5280,15,14,0,4690,7200,80,255,1
1765179178.1725724,14012902332939303710,52401,0,29,23,58,5280,15,14,0,4688,7200,80,255,1
1765179179.174043,14012902332939303710,52422,0,29,23,58,5280,15,14,0,4687,7200,80,255,1
1765179180.181973,14012902332939303710,52443,0,29,23,58,5280,15,14,0,4686,7200,80,255,1
1765179181.6856365,14012902332939303710,52475,0,29,23,58,5280,15,14,0,4685,7200,80,255,1
1765179183.1773906,14012902332939303710,52505,0,29,23,58,5280,15,14,0,4683,7200,80,255,1
1765179184.6715066,14012902332939303710,52538,0,29,23,58,5280,15,14,0,4682,7200,80,255,1
1765179185.6793854,14012902332939303710,52559,0,29,23,58,5280,15,14,0,4681,7200,80,255,1
1765179187.1712942,14012902332939303710,52592,0,29,23,58,5280,15,14,0,4679,7200,80,255,1
1765179188.1787896,14012902332939303710,52613,0,29,23,58,5280,15,14,0,4678,7200,80,255,1
1765179189.1798282,14012902332939303710,52634,0,29,23,58,5280,15,14,0,4677,7200,80,255,1
1765179190.6860664,14012902332939303710,52668,0,29,23,58,5280,15,14,0,4676,7200,80,255,1
1765179192.17847,14012902332939303710,52698,0,29,23,58,5280,15,14,0,4674,7200,80,255,1
1765179193.1867676,14012902332939303710,52721,0,29,23,58,5280,15,14,0,4673,7200,80,255,1
1765179194.1870074,14012902332939303710,52741,0,29,23,58,5280,15,14,0,4672,7200,80,255,1
1765179195.6805358,14012902332939303710,52771,0,29,23,58,5280,15,14,0,4671,7200,80,255,1
1765179197.1837804,14012902332939303710,52803,0,29,23,58,5280,15,14,0,4669,7200,80,255,1
1765179198.6787732,14012902332939303710,52833,0,29,23,58,5280,15,14,0,4668,7200,80,255,1
1765179200.1723788,14012902332939303710,52864,0,29,23,58,5280,15,14,0,4666,7200,80,255,1
1765179201.1813993,14012902332939303710,52885,0,29,23,58,5280,15,14,0,4665,7200,80,255,1
1765179202.6726391,14012902332939303710,52922,0,29,23,58,5280,15,14,0,4664,7200,80,255,1
1765179203.682109,14012902332939303710,52943,0,29,23,58,5280,15,14,0,4663,7200,80,255,1
1765179205.1758342,14012902332939303710,52974,0,29,23,58,5280,15,14,0,4661,7200,80,255,1
1765179206.184793,14012902332939303710,52998,0,29,23,58,5280,15,14,0,4660,7200,80,255,1
1765179207.6731648,14012902332939303710,53030,0,29,23,58,5280,15,14,0,4659,7200,80,255,1
1765179208.682693,14012902332939303710,53053,0,29,23,58,5280,15,14,0,4658,7200,80,255,1
1765179210.1801844,14012902332939303710,53083,0,29,23,58,5280,15,14,0,4656,7200,80,255,1
1765179211.6849551,14012902332939303710,53117,0,29,23,58,5280,15,14,0,4655,7200,80,255,1
1765179213.1780121,14012902332939303710,53147,0,29,23,58,5280,15,14,0,4653,7200,80,255,1
1765179214.6736813,14012902332939303710,53185,0,29,23,58,5280,15,14,0,4652,7200,80,255,1
1765179215.683673,14012902332939303710,53207,0,29,23,58,5280,15,14,0,4651,7200,80,255,1
1765179217.1739979,14012902332939303710,53241,0,29,23,58,5280,15,14,0,4649,7200,80,255,1
1765179218.1838522,14012902332939303710,53263,0,29,23,58,5280,15,14,0,4648,7200,80,255,1
1765179219.6791422,14012902332939303710,53293,0,29,23,58,5280,15,14,0,4647,7200,80,255,1
1765179221.172865,14012902332939303710,53330,0,29,23,58,5280,15,14,0,4645,7200,80,255,1
1765179222.1802392,14012902332939303710,53351,0,29,23,58,5280,15,14,0,4644,7200,80,255,1
1765179223.6724029,14012902332939303710,53387,0,29,23,58,5280,15,14,0,4643,7200,80,255,1
1765179224.673103,14012902332939303710,53412,0,29,23,58,5280,15,14,0,4642,7200,80,255,1
1765179225.6812093,14012902332939303710,53433,0,29,23,58,5280,15,14,0,4641,7200,80,255,1
1765179227.172672,14012902332939303710,53467,0,29,23,58,5280,15,14,0,4639,7200,80,255,1
1765179228.1836424,14012902332939303710,53489,0,29,23,58,5280,15,14,0,4638,7200,80,255,1
1765179229.6802435,14012902332939303710,53521,0,29,23,58,5280,15,14,0,4637,7200,80,255,1
1765179231.1744215,14012902332939303710,53555,0,29,23,58,5280,15,14,0,4635,7200,80,255,1
1765179232.1839027,14012902332939303710,53577,0,29,23,58,5280,15,14,0,4634,7200,80,255,1
1765179233.673135,14012902332939303710,53611,0,29,23,58,5280,15,14,0,4633,7200,80,255,1
1765179234.683513,14012902332939303710,53632,0,29,23,58,5280,15,14,0,4632,7200,80,255,1
1765179236.1784143,14012902332939303710,53662,0,29,23,58,5280,15,14,0,4630,7200,80,255,1
1765179237.6725101,14012902332939303710,53697,0,29,23,58,5280,15,14,0,4629,7200,80,255,1
1765179238.6816409,14012902332939303710,53718,0,29,23,58,5280,15,14,0,4628,7200,80,255,1
1765179240.17902,14012902332939303710,53748,0,29,23,58,5280,15,14,0,4626,7200,80,255,1
1765179241.6738355,14012902332939303710,53785,0,29,23,58,5280,15,14,0,4625,7200,80,255,1
1765179242.6803493,14012902332939303710,53807,0,29,23,58,5280,15,14,0,4624,7200,80,255,1
1765179244.1757982,14012902332939303710,53842,0,29,23,58,5280,15,14,0,4622,7200,80,255,1
1765179245.6747684,14012902332939303710,53877,0,29,23,58,5280,15,14,0,4621,7200,80,255,1
1765179246.682614,14012902332939303710,53902,0,29,23,58,5280,15,14,0,4620,7200,80,255,1
1765179248.1792,14012902332939303710,53932,0,29,23,58,5280,15,14,0,4618,7200,80,255,1
1765179249.672369,14012902332939303710,53969,0,29,23,58,5280,15,14,0,4617,7200,80,255,1
1765179250.6816115,14012902332939303710,53990,0,29,23,58,5280,15,14,0,4616,7200,80,255,1
1765179252.1749532,14012902332939303710,54023,0,29,23,58,5280,15,14,0,4614,7200,80,255,1
1765179253.1801734,14012902332939303710,54044,0,29,23,58,5280,15,14,0,4613,7200,80,255,1
1765179254.673902,14012902332939303710,54076,0,29,23,58,5280,15,14,0,4612,7200,80,255,1
1765179255.6837692,14012902332939303710,54100,0,29,23,58,5280,15,14,0,4611,7200,80,255,1
1765179257.1763387,14012902332939303710,54130,0,29,23,58,5280,15,14,0,4609,7200,80,255,1
1765179258.6737025,14012902332939303710,54167,0,29,23,58,5280,15,14,0,4608,7200,80,255,1
1765179259.6752727,14012902332939303710,54190,0,29,23,58,5280,15,14,0,4607,7200,80,255,1
1765179261.1737473,14012902332939303710,54230,0,29,23,58,5280,15,14,0,4605,7200,80,255,1
1765179262.6858492,14012902332939303710,54267,0,29,23,58,5280,15,14,0,4604,7200,80,255,1
1765179264.1811774,14012902332939303710,54297,0,29,23,58,5280,15,14,0,4602,7200,80,255,1
1765179265.1835294,14012902332939303710,54317,0,29,23,58,5280,15,14,0,4601,7200,80,255,1
1765179266.6825562,14012902332939303710,54347,0,29,23,58,5280,15,14,0,4600,7200,80,255,1
1765179268.176138,14012902332939303710,54377,0,29,23,58,5280,15,14,0,4598,7200,80,255,1
1765179269.6751888,14012902332939303710,54412,0,29,23,58,5280,15,14,0,4597,7200,80,255,1
1765179270.6838646,14012902332939303710,54435,0,29,23,58,5280,15,14,0,4596,7200,80,255,1
1765179272.1746228,14012902332939303710,54466,0,29,23,58,5280,15,14,0,4594,7200,80,255,1
1765179273.1850848,14012902332939303710,54491,0,29,23,58,5280,15,14,0,4593,7200,80,255,1
1765179274.6793065,14012902332939303710,54522,0,29,23,58,5280,15,14,0,4592,7200,80,255,1
1765179276.1711495,14012902332939303710,54559,0,29,23,58,5280,15,14,0,4590,7200,80,255,1
1765179277.1771302,14012902332939303710,54580,0,29,23,58,5280,15,14,0,4589,7200,80,255,1
1765179278.6838584,14012902332939303710,54612,0,29,23,58,5280,15,14,0,4588,7200,80,255,1
1765179280.18637,14012902332939303710,54646,0,29,23,58,5280,15,14,0,4586,7200,80,255,1
1765179281.680064,14012902332939303710,54680,0,29,23,58,5280,15,14,0,4585,7200,80,255,1
1765179283.1817155,14012902332939303710,54713,0,29,23,58,5280,15,14,0,4583,7200,80,255,1
1765179284.6736057,14012902332939303710,54748,0,29,23,58,5280,15,14,0,4582,7200,80,255,1
1765179285.679262,14012902332939303710,54769,0,29,23,58,5280,15,14,0,4581,7200,80,255,1
1765179286.6844375,14012902332939303710,54792,0,29,23,58,5280,15,14,0,4580,7200,80,255,1
1765179288.1747742,14012902332939303710,54823,0,29,23,58,5280,15,14,0,4578,7200,80,255,1
1765179289.1797674,14012902332939303710,54845,0,29,23,58,5280,15,14,0,4577,7200,80,255,1
1765179290.6723795,14012902332939303710,54878,0,29,23,58,5280,15,14,0,4576,7200,80,255,1
1765179291.6765108,14012902332939303710,54899,0,29,23,58,5280,15,14,0,4575,7200,80,255,1
1765179292.6844413,14012902332939303710,54921,0,29,23,58,5280,15,14,0,4574,7200,80,255,1
1765179294.1849174,14012902332939303710,54954,0,29,23,58,5280,15,14,0,4572,7200,80,255,1
1765179295.6749866,14012902332939303710,54987,0,29,23,58,5280,15,14,0,4571,7200,80,255,1
1765179296.6823387,14012902332939303710,55010,0,29,23,58,5280,15,14,0,4570,7200,80,255,1
1765179298.1836262,14012902332939303710,55042,0,29,23,58,5280,15,14,0,4568,7200,80,255,1
1765179299.6760032,14012902332939303710,55072,0,29,23,58,5280,15,14,0,4567,7200,80,255,1
1765179300.6822348,14012902332939303710,55095,0,29,23,58,5280,15,14,0,4566,7200,80,255,1
1765179302.183685,14012902332939303710,55128,0,29,23,58,5280,15,14,0,4564,7200,80,255,1
1765179303.6847963,14012902332939303710,55160,0,29,23,58,5280,15,14,0,4563,7200,80,255,1
1765179305.176585,14012902332939303710,55190,0,29,23,58,5280,15,14,0,4561,7200,80,255,1
1765179306.1840234,14012902332939303710,55213,0,29,23,58,5280,15,14,0,4560,7200,80,255,1
1765179307.6844938,14012902332939303710,55244,0,29,23,58,5280,15,14,0,4559,7200,80,255,1
1765179309.1736867,14012902332939303710,55275,0,29,23,58,5280,15,14,0,4557,7200,80,255,1
1765179310.1811547,14012902332939303710,55298,0,29,23,58,5280,15,14,0,4556,7200,80,255,1
1765179311.1852026,14012902332939303710,55319,0,29,23,58,5280,15,14,0,4555,7200,80,255,1
1765179312.6727107,14012902332939303710,55350,0,29,23,58,5280,15,14,0,4554,7200,80,255,1
1765179313.6776824,14012902332939303710,55371,0,29,23,58,5280,15,14,0,4553,7200,80,255,1
1765179315.1812487,14012902332939303710,55406,0,29,23,58,5280,15,14,0,4551,7200,80,255,1
1765179316.6821952,14012902332939303710,55439,0,29,23,58,5280,15,14,0,4550,7200,80,255,1
1765179318.1724327,14012902332939303710,55473,0,29,23,58,5280,15,14,0,4548,7200,80,255,1
1765179319.1824586,14012902332939303710,55494,0,29,23,58,5280,15,14,0,4547,7200,80,255,1
1765179320.6791518,14012902332939303710,55524,0,29,23,58,5280,15,14,0,4546,7200,80,255,1
1765179322.172442,14012902332939303710,55559,0,29,23,58,5280,15,14,0,4544,7200,80,255,1
1765179323.1845136,14012902332939303710,55580,0,29,23,58,5280,15,14,0,4543,7200,80,255,1
1765179324.6772375,14012902332939303710,55610,0,29,23,58,5280,15,14,0,4542,7200,80,255,1
1765179326.173557,14012902332939303710,55643,0,29,23,58,5280,15,14,0,4540,7200,80,255,1
1765179327.183567,14012902332939303710,55665,0,29,23,58,5280,15,14,0,4539,7200,80,255,1
1765179328.6778393,14012902332939303710,55695,0,29,23,58,5280,15,14,0,4538,7200,80,255,1
1765179330.1747081,14012902332939303710,55726,0,29,23,58,5280,15,14,0,4536,7200,80,255,1
1765179331.1776307,14012902332939303710,55746,0,29,23,58,5280,15,14,0,4535,7200,80,255,1
1765179332.1849086,14012902332939303710,55767,0,29,23,58,5280,15,14,0,4534,7200,80,255,1
1765179333.6733394,14012902332939303710,55799,0,29,23,58,5280,15,14,0,4533,7200,80,255,1
1765179334.6831505,14012902332939303710,55820,0,29,23,58,5280,15,14,0,4532,7200,80,255,1
1765179336.1713634,14012902332939303710,55853,0,29,23,58,5280,15,14,0,4530,7200,80,255,1
1765179337.17799,14012902332939303710,55874,0,29,23,58,5280,15,14,0,4529,7200,80,255,1
1765179338.183227,14012902332939303710,55898,0,29,23,58,5280,15,14,0,4528,7200,80,255,1
1765179339.672193,14012902332939303710,55933,0,29,23,58,5280,15,14,0,4527,7200,80,255,1
1765179340.6768649,14012902332939303710,55954,0,29,23,58,5280,15,14,0,4526,7200,80,255,1
1765179341.6859593,14012902332939303710,55977,0,29,23,58,5280,15,14,0,4525,7200,80,255,1
1765179343.1731057,14012902332939303710,56008,0,29,23,58,5280,15,14,0,4523,7200,80,255,1
1765179344.176293,14012902332939303710,56029,0,29,23,58,5280,15,14,0,4522,7200,80,255,1
1765179345.6799574,14012902332939303710,56062,0,29,23,58,5280,15,14,0,4521,7200,80,255,1
1765179347.1833663,14012902332939303710,56094,0,29,23,58,5280,15,14,0,4519,7200,80,255,1
1765179348.6718676,14012902332939303710,56126,0,29,23,58,5280,15,14,0,4518,7200,80,255,1
1765179349.6812367,14012902332939303710,56147,0,29,23,58,5280,15,14,0,4517,7200,80,255,1
1765179351.1823084,14012902332939303710,56181,0,29,23,58,5280,15,14,0,4515,7200,80,255,1
1765179352.6847997,14012902332939303710,56215,0,29,23,58,5280,15,14,0,4514,7200,80,255,1
1765179354.1720989,14012902332939303710,56246,0,29,23,58,5280,15,14,0,4512,7200,80,255,1
1765179355.17808,14012902332939303710,56268,0,29,23,58,5280,15,14,0,4511,7200,80,255,1
1765179356.6813471,14012902332939303710,56302,0,29,23,58,5280,15,14,0,4510,7200,80,255,1
1765179358.1845257,14012902332939303710,56334,0,29,23,58,5280,15,14,0,4508,7200,80,255,1
1765179359.6737487,14012902332939303710,56366,0,29,23,58,5280,15,14,0,4507,7200,80,255,1
1765179360.6787934,14012902332939303710,56387,0,29,23,58,5280,15,14,0,4506,7200,80,255,1
1765179361.6860743,14012902332939303710,56409,0,29,23,58,5280,15,14,0,4505,7200,80,255,1
1765179363.1754775,14012902332939303710,56440,0,29,23,58,5280,15,14,0,4503,7200,80,255,1
1765179364.1800454,14012902332939303710,56461,0,29,23,58,5280,15,14,0,4502,7200,80,255,1
1765179365.6839154,14012902332939303710,56492,0,29,23,58,5280,15,14,0,4501,7200,80,255,1
1765179367.1730404,14012902332939303710,56524,0,29,23,58,5280,15,14,0,4499,7200,80,255,1
1765179368.1775036,14012902332939303710,56545,0,29,23,58,5280,15,14,0,4498,7200,80,255,1
1765179369.1822653,14012902332939303710,56568,0,29,23,58,5280,15,14,0,4497,7200,80,255,1
1765179370.6724489,14012902332939303710,56599,0,29,23,58,5280,15,14,0,4496,7200,80,255,1
1765179371.679103,14012902332939303710,56620,0,29,23,58,5280,15,14,0,4495,7200,80,255,1
1765179372.682393,14012902332939303710,56643,0,29,23,58,5280,15,14,0,4494,7200,80,255,1
1765179374.1844296,14012902332939303710,56675,0,29,23,58,5280,15,14,0,4492,7200,80,255,1
1765179375.6772265,14012902332939303710,56705,0,29,23,58,5280,15,14,0,4491,7200,80,255,1
1765179377.1832824,14012902332939303710,56741,0,29,23,58,5280,15,14,0,4489,7200,80,255,1
1765179378.6756446,14012902332939303710,56771,0,29,23,58,5280,15,14,0,4488,7200,80,255,1
1765179380.1825747,14012902332939303710,56807,0,29,23,58,5280,15,14,0,4486,7200,80,255,1
1765179381.673816,14012902332939303710,56837,0,29,23,58,5280,15,14,0,4485,7200,80,255,1
1765179382.682743,14012902332939303710,56858,0,29,23,58,5280,15,14,0,4484,7200,80,255,1
1765179384.1768417,14012902332939303710,56888,0,29,23,58,5280,15,14,0,4482,7200,80,255,1
1765179385.6857612,14012902332939303710,56921,0,29,23,58,5280,15,14,0,4481,7200,80,255,1
1765179387.1760442,14012902332939303710,56951,0,29,23,58,5280,15,14,0,4479,7200,80,255,1
1765179388.1825387,14012902332939303710,56973,0,29,23,58,5280,15,14,0,4478,7200,80,255,1
1765179389.6731036,14012902332939303710,57007,0,29,23,58,5280,15,14,0,4477,7200,80,255,1
1765179390.677635,14012902332939303710,57028,0,29,23,58,5280,15,14,0,4476,7200,80,255,1
1765179391.6833491,14012902332939303710,57049,0,29,23,58,5280,15,14,0,4475,7200,80,255,1
1765179393.1845403,14012902332939303710,57083,0,29,23,58,5280,15,14,0,4473,7200,80,255,1
1765179394.6784198,14012902332939303710,57113,0,29,23,58,5280,15,14,0,4472,7200,80,255,1
1765179395.6842647,14012902332939303710,57135,0,29,23,58,5280,15,14,0,4471,7200,80,255,1
1765179397.1856909,14012902332939303710,57165,0,29,23,58,5280,15,14,0,4469,7200,80,255,1
1765179398.6713305,14012902332939303710,57198,0,29,23,58,5280,15,14,0,4468,7200,80,255,1
1765179399.6789892,14012902332939303710,57219,0,29,23,58,5280,15,14,0,4467,7200,80,255,1
1765179401.1800067,14012902332939303710,57253,0,29,23,58,5280,15,14,0,4465,7200,80,255,1
1765179402.6825285,14012902332939303710,57286,0,29,23,58,5280,15,14,0,4464,7200,80,255,1
1765179404.1839116,14012902332939303710,57317,0,29,23,58,5280,15,14,0,4462,7200,80,255,1
1765179405.676691,14012902332939303710,57348,0,29,23,58,5280,15,14,0,4461,7200,80,255,1
1765179406.6784663,14012902332939303710,57369,0,29,23,58,5280,15,14,0,4460,7200,80,255,1
1765179408.1799138,14012902332939303710,57402,0,29,23,58,5280,15,14,0,4458,7200,80,255,1
1765179409.6746838,14012902332939303710,57434,0,29,23,58,5280,15,14,0,4457,7200,80,255,1
1765179410.6791668,14012902332939303710,57457,0,29,23,58,5280,15,14,0,4456,7200,80,255,1
1765179412.1796517,14012902332939303710,57491,0,29,23,58,5280,15,14,0,4454,7200,80,255,1
1765179413.6835003,14012902332939303710,57524,0,29,23,58,5280,15,14,0,4453,7200,80,255,1
1765179415.175499,14012902332939303710,57554,0,29,23,58,5280,15,14,0,4451,7200,80,255,1
1765179416.17872,14012902332939303710,57576,0,29,23,58,5280,15,14,0,4450,7200,80,255,1
1765179417.186149,14012902332939303710,57597,0,29,23,58,5280,15,14,0,4449,7200,80,255,1
1765179418.6722496,14012902332939303710,57629,0,29,23,58,5280,15,14,0,4448,7200,80,255,1
1765179419.6796546,14012902332939303710,57650,0,29,23,58,5280,15,14,0,4447,7200,80,255,1
1765179421.1851358,14012902332939303710,57681,0,29,23,58,5280,15,14,0,4445,7200,80,255,1
1765179422.6721509,14012902332939303710,57711,0,29,23,58,5280,15,14,0,4444,7200,80,255,1
1765179423.6793413,14012902332939303710,57732,0,29,23,58,5280,15,14,0,4443,7200,80,255,1
1765179425.1845715,14012902332939303710,57764,0,29,23,58,5280,15,14,0,4441,7200,80,255,1
1765179426.6859093,14012902332939303710,57798,0,29,23,58,5280,15,14,0,4440,7200,80,255,1
1765179428.1757824,14012902332939303710,57829,0,29,23,58,5280,15,14,0,4438,7200,80,255,1
1765179429.1797645,14012902332939303710,57850,0,29,23,58,5280,15,14,0,4437,7200,80,255,1
1765179430.6723394,14012902332939303710,57883,0,29,23,58,5280,15,14,0,4436,7200,80,255,1
1765179431.6780736,14012902332939303710,57904,0,29,23,58,5280,15,14,0,4435,7200,80,255,1
1765179432.684779,14012902332939303710,57927,0,29,23,58,5280,15,14,0,4434,7200,80,255,1
1765179434.185765,14012902332939303710,57958,0,29,23,58,5280,15,14,0,4432,7200,80,255,1
1765179435.678524,14012902332939303710,57989,0,29,23,58,5280,15,14,0,4431,7200,80,255,1
1765179436.684399,14012902332939303710,58012,0,29,23,58,5280,15,14,0,4430,7200,80,255,1
1765179438.1843708,14012902332939303710,58046,0,29,23,58,5280,15,14,0,4428,7200,80,255,1
1765179439.678287,14012902332939303710,58076,0,29,23,58,5280,15,14,0,4427,7200,80,255,1
1765179440.685195,14012902332939303710,58098,0,29,23,58,5280,15,14,0,4426,7200,80,255,1
1765179442.1848712,14012902332939303710,58130,0,29,23,58,5280,15,14,0,4424,7200,80,255,1
1765179443.6718812,14012902332939303710,58163,0,29,23,58,5280,15,14,0,4423,7200,80,255,1
1765179444.6794674,14012902332939303710,58184,0,29,23,58,5280,15,14,0,4422,7200,80,255,1
1765179445.6850698,14012902332939303710,58205,0,29,23,58,5280,15,14,0,4421,7200,80,255,1
1765179447.1855483,14012902332939303710,58236,0,29,23,58,5280,15,14,0,4419,7200,80,255,1
1765179448.6712234,14012902332939303710,58267,0,29,23,58,5280,15,14,0,4418,7200,80,255,1
1765179449.6808436,14012902332939303710,58288,0,29,23,58,5280,15,14,0,4417,7200,80,255,1
1765179451.1845198,14012902332939303710,58320,0,29,23,58,5280,15,14,0,4415,7200,80,255,1
1765179452.6740668,14012902332939303710,58350,0,29,23,58,5280,15,14,0,4414,7200,80,255,1
1765179453.678966,14012902332939303710,58371,0,29,23,58,5280,15,14,0,4413,7200,80,255,1
1765179455.1831348,14012902332939303710,58404,0,29,23,58,5280,15,14,0,4411,7200,80,255,1
1765179456.674661,14012902332939303710,58435,0,29,23,58,5280,15,14,0,4410,7200,80,255,1
1765179457.6785553,14012902332939303710,58456,0,29,23,58,5280,15,14,0,4409,7200,80,255,1
1765179459.1822677,14012902332939303710,58488,0,29,23,58,5280,15,14,0,4407,7200,80,255,1
1765179460.6744518,14012902332939303710,58518,0,29,23,58,5280,15,14,0,4406,7200,80,255,1
1765179461.6813302,14012902332939303710,58543,0,29,23,58,5280,15,14,0,4405,7200,80,255,1
1765179463.1820705,14012902332939303710,58575,0,29,23,58,5280,15,14,0,4403,7200,80,255,1
1765179464.674588,14012902332939303710,58605,0,29,23,58,5280,15,14,0,4402,7200,80,255,1
1765179465.6813893,14012902332939303710,58628,0,29,23,58,5280,15,14,0,4401,7200,80,255,1
1765179467.182401,14012902332939303710,58662,0,29,23,58,5280,15,14,0,4399,7200,80,255,1
1765179468.6713428,14012902332939303710,58694,0,29,23,58,5280,15,14,0,4398,7200,80,255,1
1765179469.6821833,14012902332939303710,58715,0,29,23,58,5280,15,14,0,4397,7200,80,255,1
1765179471.1814103,14012902332939303710,58747,0,29,23,58,5280,15,14,0,4395,7200,80,255,1
1765179472.6822946,14012902332939303710,58778,0,29,23,58,5280,15,14,0,4394,7200,80,255,1
1765179474.1732235,14012902332939303710,58809,0,29,23,58,5280,15,14,0,4392,7200,80,255,1
1765179475.1813855,14012902332939303710,58833,0,29,23,58,5280,15,14,0,4391,7200,80,255,1
1765179476.682093,14012902332939303710,58866,0,29,23,58,5280,15,14,0,4390,7200,80,255,1
1765179478.1838558,14012902332939303710,58897,0,29,23,58,5280,15,14,0,4388,7200,80,255,1
1765179479.674617,14012902332939303710,58929,0,29,23,58,5280,15,14,0,4387,7200,80,255,1
1765179480.6820962,14012902332939303710,58952,0,29,23,58,5280,15,14,0,4386,7200,80,255,1
1765179482.1824203,14012902332939303710,58986,0,29,23,58,5280,15,14,0,4384,7200,80,255,1
1765179483.6844075,14012902332939303710,59019,0,29,23,58,5280,15,14,0,4383,7200,80,255,1
1765179485.1786945,14012902332939303710,59049,0,29,23,58,5280,15,14,0,4381,7200,80,255,1
1765179486.183762,14012902332939303710,59072,0,29,23,58,5280,15,14,0,4380,7200,80,255,1
1765179487.6721904,14012902332939303710,59103,0,29,23,58,5280,15,14,0,4379,7200,80,255,1
1765179488.676535,14012902332939303710,59124,0,29,23,58,5280,15,14,0,4378,7200,80,255,1
1765179490.1813264,14012902332939303710,59157,0,29,23,58,5280,15,14,0,4376,7200,80,255,1
1765179491.6823754,14012902332939303710,59189,0,29,23,58,5280,15,14,0,4375,7200,80,255,1
1765179493.1858294,14012902332939303710,59221,0,29,23,58,5280,15,14,0,4373,7200,80,255,1
1765179494.675503,14012902332939303710,59251,0,29,23,58,5280,15,14,0,4372,7200,80,255,1
1765179495.681199,14012902332939303710,59272,0,29,23,58,5280,15,14,0,4371,7200,80,255,1
1765179497.1830618,14012902332939303710,59304,0,29,23,58,5280,15,14,0,4369,7200,80,255,1
1765179498.671056,14012902332939303710,59336,0,29,23,58,5280,15,14,0,4368,7200,80,255,1
1765179499.6827707,14012902332939303710,59357,0,29,23,58,5280,15,14,0,4367,7200,80,255,1
1765179501.171986,14012902332939303710,59388,0,29,23,58,5280,15,14,0,4365,7200,80,255,1
1765179502.1801116,14012902332939303710,59409,0,29,23,58,5280,15,14,0,4364,7200,80,255,1
1765179503.1844823,14012902332939303710,59433,0,29,23,58,5280,15,14,0,4363,7200,80,255,1
1765179504.6767943,14012902332939303710,59463,0,29,23,58,5280,15,14,0,4362,7200,80,255,1
1765179506.1727135,14012902332939303710,59500,0,29,23,58,5280,15,14,0,4360,7200,80,255,1
1765179507.180029,14012902332939303710,59521,0,29,23,58,5280,15,14,0,4359,7200,80,255,1
1765179508.6751654,14012902332939303710,59552,0,29,23,58,5280,15,14,0,4358,7200,80,255,1
1765179510.1720057,14012902332939303710,59589,0,29,23,58,5280,15,14,0,4356,7200,80,255,1
1765179511.1815531,14012902332939303710,59610,0,29,23,58,5280,15,14,0,4355,7200,80,255,1
1765179512.6757407,14012902332939303710,59640,0,29,23,58,5280,15,14,0,4354,7200,80,255,1
1765179514.184375,14012902332939303710,59679,0,29,23,58,5280,15,14,0,4352,7200,80,255,1
1765179515.68304,14012902332939303710,59712,0,29,23,58,5280,15,14,0,4351,7200,80,255,1
1765179517.1781168,14012902332939303710,59742,0,29,23,58,5280,15,14,0,4349,7200,80,255,1
1765179518.1834211,14012902332939303710,59766,0,29,23,58,5280,15,14,0,4348,7200,80,255,1
1765179519.6767468,14012902332939303710,59798,0,29,23,58,5280,15,14,0,4347,7200,80,255,1
1765179520.68325,14012902332939303710,59821,0,29,23,58,5280,15,14,0,4346,7200,80,255,1
1765179522.1845338,14012902332939303710,59855,0,29,23,58,5280,15,14,0,4344,7200,80,255,1
1765179523.674322,14012902332939303710,59886,0,29,23,58,5280,15,14,0,4343,7200,80,255,1
1765179524.6832898,14012902332939303710,59907,0,29,23,58,5280,15,14,0,4342,7200,80,255,1
1765179526.1726615,14012902332939303710,59939,0,29,23,58,5280,15,14,0,4340,7200,80,255,1
1765179527.1778188,14012902332939303710,59960,0,29,23,58,5280,15,14,0,4339,7200,80,255,1
1765179528.1842918,14012902332939303710,59981,0,29,23,58,5280,15,14,0,4338,7200,80,255,1
1765179529.6735473,14012902332939303710,60015,0,29,23,58,5280,15,14,0,4337,7200,80,255,1
1765179530.6798007,14012902332939303710,60036,0,29,23,58,5280,15,14,0,4336,7200,80,255,1
1765179531.6835165,14012902332939303710,60056,0,29,23,58,5280,15,14,0,4335,7200,80,255,1
1765179533.184846,14012902332939303710,60087,0,29,23,58,5280,15,14,0,4333,7200,80,255,1
1765179534.6761692,14012902332939303710,60117,0,29,23,58,5280,15,14,0,4332,7200,80,255,1
1765179535.6822643,14012902332939303710,60141,0,29,23,58,5280,15,14,0,4331,7200,80,255,1
1765179537.1847997,14012902332939303710,60173,0,29,23,58,5280,15,14,0,4329,7200,80,255,1
1765179538.6723168,14012902332939303710,60204,0,29,23,58,5280,15,14,0,4328,7200,80,255,1
1765179539.6833618,14012902332939303710,60225,0,29,23,58,5280,15,14,0,4327,7200,80,255,1
1765179541.1719947,14012902332939303710,60258,0,29,23,58,5280,15,14,0,4325,7200,80,255,1
1765179542.177575,14012902332939303710,60279,0,29,23,58,5280,15,14,0,4324,7200,80,255,1
1765179543.1818874,14012902332939303710,60301,0,29,23,58,5280,15,14,0,4323,7200,80,255,1
1765179544.6736932,14012902332939303710,60334,0,29,23,58,5280,15,14,0,4322,7200,80,255,1
1765179545.6829932,14012902332939303710,60359,0,29,23,58,5280,15,14,0,4321,7200,80,255,1
1765179547.1772923,14012902332939303710,60389,0,29,23,58,5280,15,14,0,4319,7200,80,255,1
1765179548.6826994,14012902332939303710,60424,0,29,23,58,5280,15,14,0,4318,7200,80,255,1
1765179549.6832778,14012902332939303710,60444,0,29,23,58,5280,15,14,0,4317,7200,80,255,1
1765179551.1799827,14012902332939303710,60474,0,29,23,58,5280,15,14,0,4315,7200,80,255,1
1765179552.6742666,14012902332939303710,60506,0,29,23,58,5280,15,14,0,4314,7200,80,255,1
1765179553.6829941,14012902332939303710,60527,0,29,23,58,5280,15,14,0,4313,7200,80,255,1
1765179555.1765878,14012902332939303710,60557,0,29,23,58,5280,15,14,0,4311,7200,80,255,1
1765179556.1850033,14012902332939303710,60580,0,29,23,58,5280,15,14,0,4310,7200,80,255,1
1765179557.6718519,14012902332939303710,60613,0,29,23,58,5280,15,14,0,4309,7200,80,255,1
1765179558.6771681,14012902332939303710,60634,0,29,23,58,5280,15,14,0,4308,7200,80,255,1
1765179560.1843123,14012902332939303710,60668,0,29,23,58,5280,15,14,0,4306,7200,80,255,1
1765179561.6724558,14012902332939303710,60700,0,29,23,58,5280,15,14,0,4305,7200,80,255,1
1765179562.6794405,14012902332939303710,60721,0,29,23,58,5280,15,14,0,4304,7200,80,255,1
1765179563.6842382,14012902332939303710,60744,0,29,23,58,5280,15,14,0,4303,7200,80,255,1
1765179565.1742246,14012902332939303710,60775,0,29,23,58,5280,15,14,0,4301,7200,80,255,1
1765179566.1795194,14012902332939303710,60797,0,29,23,58,5280,15,14,0,4300,7200,80,255,1
1765179567.1843467,14012902332939303710,60819,0,29,23,58,5280,15,14,0,4299,7200,80,255,1
1765179568.6719458,14012902332939303710,60852,0,29,23,58,5280,15,14,0,4298,7200,80,255,1
1765179569.683247,14012902332939303710,60875,0,29,23,58,5280,15,14,0,4297,7200,80,255,1
1765179571.1728551,14012902332939303710,60908,0,29,23,58,5280,15,14,0,4295,7200,80,255,1
1765179572.1810162,14012902332939303710,60929,0,29,23,58,5280,15,14,0,4294,7200,80,255,1
1765179573.682562,14012902332939303710,60963,0,29,23,58,5280,15,14,0,4293,7200,80,255,1
1765179575.1752098,14012902332939303710,60993,0,29,23,58,5280,15,14,0,4291,7200,80,255,1
1765179576.1823552,14012902332939303710,61015,0,29,23,58,5280,15,14,0,4290,7200,80,255,1
1765179577.6820152,14012902332939303710,61048,0,29,23,58,5280,15,14,0,4289,7200,80,255,1
1765179579.1830008,14012902332939303710,61080,0,29,23,58,5280,15,14,0,4287,7200,80,255,1
1765179580.6729708,14012902332939303710,61112,0,29,23,58,5280,15,14,0,4286,7200,80,255,1
1765179581.6802297,14012902332939303710,61134,0,29,23,58,5280,15,14,0,4285,7200,80,255,1
1765179582.6841855,14012902332939303710,61155,0,29,23,58,5280,15,14,0,4284,7200,80,255,1
1765179584.1724434,14012902332939303710,61187,0,29,23,58,5280,15,14,0,4282,7200,80,255,1
1765179585.183365,14012902332939303710,61210,0,29,23,58,5280,15,14,0,4281,7200,80,255,1
1765179586.6848285,14012902332939303710,61243,0,29,23,58,5280,15,14,0,4280,7200,80,255,1
1765179588.1850245,14012902332939303710,61275,0,29,23,58,5280,15,14,0,4278,7200,80,255,1
1765179589.6795287,14012902332939303710,61305,0,29,23,58,5280,15,14,0,4277,7200,80,255,1
1765179590.6848168,14012902332939303710,61327,0,29,23,58,5280,15,14,0,4276,7200,80,255,1
1765179592.1743908,14012902332939303710,61357,0,29,23,58,5280,15,14,0,4274,7200,80,255,1
1765179593.1840966,14012902332939303710,61379,0,29,23,58,5280,15,14,0,4273,7200,80,255,1
1765179594.676498,14012902332939303710,61410,0,29,23,58,5280,15,14,0,4272,7200,80,255,1
1765179595.68438,14012902332939303710,61432,0,29,23,58,5280,15,14,0,4271,7200,80,255,1
1765179597.1729448,14012902332939303710,61464,0,29,23,58,5280,15,14,0,4269,7200,80,255,1
1765179598.184307,14012902332939303710,61486,0,29,23,58,5280,15,14,0,4268,7200,80,255,1
1765179599.681066,14012902332939303710,61517,0,29,23,58,5280,15,14,0,4267,7200,80,255,1
1765179601.1743712,14012902332939303710,61548,0,29,23,58,5280,15,14,0,4265,7200,80,255,1
1765179602.1822538,14012902332939303710,61570,0,29,23,58,5280,15,14,0,4264,7200,80,255,1
1765179603.6781652,14012902332939303710,61600,0,29,23,58,5280,15,14,0,4263,7200,80,255,1
1765179605.175114,14012902332939303710,61632,0,29,23,58,5280,15,14,0,4261,7200,80,255,1
1765179606.1801128,14012902332939303710,61654,0,29,23,58,5280,15,14,0,4260,7200,80,255,1
1765179607.6820886,14012902332939303710,61688,0,29,23,58,5280,15,14,0,4259,7200,80,255,1
1765179609.1833956,14012902332939303710,61721,0,29,23,58,5280,15,14,0,4257,7200,80,255,1
1765179610.6747108,14012902332939303710,61752,0,29,23,58,5280,15,14,0,4256,7200,80,255,1
1765179611.6815379,14012902332939303710,61775,0,29,23,58,5280,15,14,0,4255,7200,80,255,1
1765179612.6873572,14012902332939303710,61797,0,29,23,58,5280,15,14,0,4254,7200,80,255,1
1765179614.1743252,14012902332939303710,61829,0,29,23,58,5280,15,14,0,4252,7200,80,255,1
1765179615.1843936,14012902332939303710,61853,0,29,23,58,5280,15,14,0,4251,7200,80,255,1
1765179616.6729274,14012902332939303710,61884,0,29,23,58,5280,15,14,0,4250,7200,80,255,1
1765179617.6814818,14012902332939303710,61905,0,29,23,58,5280,15,14,0,4249,7200,80,255,1
1765179618.6853757,14012902332939303710,61927,0,29,23,58,5280,15,14,0,4248,7200,80,255,1
1765179620.1755066,14012902332939303710,61958,0,29,23,58,5280,15,14,0,4246,7200,80,255,1
1765179621.1818802,14012902332939303710,61981,0,29,23,58,5280,15,14,0,4245,7200,80,255,1
1765179622.1864161,14012902332939303710,62002,0,29,23,58,5280,15,14,0,4244,7200,80,255,1
1765179623.684234,14012902332939303710,62034,0,29,23,58,5280,15,14,0,4243,7200,80,255,1
1765179625.1785097,14012902332939303710,62064,0,29,23,58,5280,15,14,0,4241,7200,80,255,1
1765179626.1826732,14012902332939303710,62086,0,29,23,58,5280,15,14,0,4240,7200,80,255,1
1765179627.6829278,14012902332939303710,62119,0,29,23,58,5280,15,14,0,4239,7200,80,255,1
1765179629.18292,14012902332939303710,62151,0,29,23,58,5280,15,14,0,4237,7200,80,255,1
1765179630.6763716,14012902332939303710,62181,0,29,23,58,5280,15,14,0,4236,7200,80,255,1
1765179631.679855,14012902332939303710,62205,0,29,23,58,5280,15,14,0,4235,7200,80,255,1
1765179632.685016,14012902332939303710,62227,0,29,23,58,5280,15,14,0,4234,7200,80,255,1
1765179634.181958,14012902332939303710,62260,0,29,23,58,5280,15,14,0,4232,7200,80,255,1
1765179635.6855817,14012902332939303710,62294,0,29,23,58,5280,15,14,0,4231,7200,80,255,1
1765179637.1718988,14012902332939303710,62326,0,29,23,58,5280,15,14,0,4229,7200,80,255,1
1765179638.1786728,14012902332939303710,62347,0,29,23,58,5280,15,14,0,4228,7200,80,255,1
1765179639.1845112,14012902332939303710,62369,0,29,23,58,5280,15,14,0,4227,7200,80,255,1
1765179640.674679,14012902332939303710,62401,0,29,23,58,5280,15,14,0,4226,7200,80,255,1
1765179641.680061,14012902332939303710,62423,0,29,23,58,5280,15,14,0,4225,7200,80,255,1
1765179642.684322,14012902332939303710,62444,0,29,23,58,5280,15,14,0,4224,7200,80,255,1
1765179644.1841116,14012902332939303710,62475,0,29,23,58,5280,15,14,0,4222,7200,80,255,1
1765179645.6765134,14012902332939303710,62505,0,29,23,58,5280,15,14,0,4221,7200,80,255,1
1765179646.6798737,14012902332939303710,62527,0,29,23,58,5280,15,14,0,4220,7200,80,255,1
1765179647.6863952,14012902332939303710,62548,0,29,23,58,5280,15,14,0,4219,7200,80,255,1
1765179649.176369,14012902332939303710,62578,0,29,23,58,5280,15,14,0,4217,7200,80,255,1
1765179650.1831954,14012902332939303710,62600,0,29,23,58,5280,15,14,0,4216,7200,80,255,1
1765179651.6826675,14012902332939303710,62632,0,29,23,58,5280,15,14,0,4215,7200,80,255,1
1765179653.1820443,14012902332939303710,62664,0,29,23,58,5280,15,14,0,4213,7200,80,255,1
1765179654.6854465,14012902332939303710,62697,0,29,23,58,5280,15,14,0,4212,7200,80,255,1
1765179656.1858478,14012902332939303710,62729,0,29,23,58,5280,15,14,0,4210,7200,80,255,1
1765179657.672898,14012902332939303710,62760,0,29,23,58,5280,15,14,0,4209,7200,80,255,1
1765179658.678833,14012902332939303710,62781,0,29,23,58,5280,15,14,0,4208,7200,80,255,1
1765179660.185789,14012902332939303710,62813,0,29,23,58,5280,15,14,0,4206,7200,80,255,1
1765179661.685536,14012902332939303710,62844,0,29,23,58,5280,15,14,0,4205,7200,80,255,1
1765179663.1861541,14012902332939303710,62875,0,29,23,58,5280,15,14,0,4203,7200,80,255,1
1765179664.6754777,14012902332939303710,62906,0,29,23,58,5280,15,14,0,4202,7200,80,255,1
1765179665.6796782,14012902332939303710,62927,0,29,23,58,5280,15,14,0,4201,7200,80,255,1
1765179666.6846874,14012902332939303710,62947,0,29,23,58,5280,15,14,0,4200,7200,80,255,1
1765179668.1843321,14012902332939303710,62978,0,29,23,58,5280,15,14,0,4198,7200,80,255,1
1765179669.6719072,14012902332939303710,63009,0,29,23,58,5280,15,14,0,4197,7200,80,255,1
1765179670.6776137,14012902332939303710,63030,0,29,23,58,5280,15,14,0,4196,7200,80,255,1
1765179671.6833746,14012902332939303710,63053,0,29,23,58,5280,15,14,0,4195,7200,80,255,1
1765179673.1829364,14012902332939303710,63085,0,29,23,58,5280,15,14,0,4193,7200,80,255,1
1765179674.675615,14012902332939303710,63115,0,29,23,58,5280,15,14,0,4192,7200,80,255,1
1765179675.683163,14012902332939303710,63136,0,29,23,58,5280,15,14,0,4191,7200,80,255,1
1765179677.1843445,14012902332939303710,63169,0,29,23,58,5280,15,14,0,4189,7200,80,255,1
1765179678.6720107,14012902332939303710,63201,0,29,23,58,5280,15,14,0,4188,7200,80,255,1
1765179679.6825316,14012902332939303710,63222,0,29,23,58,5280,15,14,0,4187,7200,80,255,1
1765179681.185322,14012902332939303710,63255,0,29,23,58,5280,15,14,0,4185,7200,80,255,1
1765179682.6854737,14012902332939303710,63286,0,29,23,58,5280,15,14,0,4184,7200,80,255,1
1765179684.177795,14012902332939303710,63316,0,29,23,58,5280,15,14,0,4182,7200,80,255,1
1765179685.6842003,14012902332939303710,63349,0,29,23,58,5280,15,14,0,4181,7200,80,255,1
1765179687.173157,14012902332939303710,63381,0,29,23,58,5280,15,14,0,4179,7200,80,255,1
1765179688.1793215,14012902332939303710,63402,0,29,23,58,5280,15,14,0,4178,7200,80,255,1
1765179689.1824305,14012902332939303710,63424,0,29,23,58,5280,15,14,0,4177,7200,80,255,1
1765179690.6731358,14012902332939303710,63455,0,29,23,58,5280,15,14,0,4176,7200,80,255,1
1765179691.6778178,14012902332939303710,63476,0,29,23,58,5280,15,14,0,4175,7200,80,255,1
1765179693.18113,14012902332939303710,63508,0,29,23,58,5280,15,14,0,4173,7200,80,255,1
1765179694.673896,14012902332939303710,63541,0,29,23,58,5280,15,14,0,4172,7200,80,255,1
1765179695.6794105,14012902332939303710,63563,0,29,23,58,5280,15,14,0,4171,7200,80,255,1
1765179697.1809156,14012902332939303710,63596,0,29,23,58,5280,15,14,0,4169,7200,80,255,1
1765179698.1856177,14012902332939303710,63617,0,29,23,58,5280,15,14,0,4168,7200,80,255,1
1765179699.677608,14012902332939303710,63648,0,29,23,58,5280,15,14,0,4167,7200,80,255,1
1765179700.6849585,14012902332939303710,63673,0,29,23,58,5280,15,14,0,4166,7200,80,255,1
1765179702.1718068,14012902332939303710,63705,0,29,23,58,5280,15,14,0,4164,7200,80,255,1
1765179703.1778564,14012902332939303710,63726,0,29,23,58,5280,15,14,0,4163,7200,80,255,1
1765179704.1824827,14012902332939303710,63749,0,29,23,58,5280,15,14,0,4162,7200,80,255,1
1765179705.673112,14012902332939303710,63781,0,29,23,58,5280,15,14,0,4161,7200,80,255,1
1765179706.681095,14012902332939303710,63802,0,29,23,58,5280,15,14,0,4160,7200,80,255,1
1765179708.1812828,14012902332939303710,63837,0,29,23,58,5280,15,14,0,4158,7200,80,255,1
1765179709.6717875,14012902332939303710,63872,0,29,23,58,5280,15,14,0,4157,7200,80,255,1
1765179710.6779077,14012902332939303710,63893,0,29,23,58,5280,15,14,0,4156,7200,80,255,1
1765179711.6830876,14012902332939303710,63915,0,29,23,58,5280,15,14,0,4155,7200,80,255,1
1765179713.186494,14012902332939303710,63949,0,29,23,58,5280,15,14,0,4153,7200,80,255,1
1765179714.6760592,14012902332939303710,63980,0,29,23,58,5280,15,14,0,4152,7200,80,255,1
1765179715.6842537,14012902332939303710,64004,0,29,23,58,5280,15,14,0,4151,7200,80,255,1
1765179717.1730154,14012902332939303710,64036,0,29,23,58,5280,15,14,0,4149,7200,80,255,1
1765179718.1789985,14012902332939303710,64057,0,29,23,58,5280,15,14,0,4148,7200,80,255,1
1765179719.1851447,14012902332939303710,64079,0,29,23,58,5280,15,14,0,4147,7200,80,255,1
1765179720.676576,14012902332939303710,64111,0,29,23,58,5280,15,14,0,4146,7200,80,255,1
1765179721.6819212,14012902332939303710,64135,0,29,23,58,5280,15,14,0,4145,7200,80,255,1
1765179723.1843557,14012902332939303710,64168,0,29,23,58,5280,15,14,0,4143,7200,80,255,1
1765179724.67544,14012902332939303710,64202,0,29,23,58,5280,15,14,0,4142,7200,80,255,1
1765179725.679745,14012902332939303710,64224,0,29,23,58,5280,15,14,0,4141,7200,80,255,1
1765179727.1815462,14012902332939303710,64258,0,29,23,58,5280,15,14,0,4139,7200,80,255,1
1765179728.6845613,14012902332939303710,64291,0,29,23,58,5280,15,14,0,4138,7200,80,255,1
1765179730.174621,14012902332939303710,64324,0,29,23,58,5280,15,14,0,4136,7200,80,255,1
1765179731.1812084,14012902332939303710,64345,0,29,23,58,5280,15,14,0,4135,7200,80,255,1
1765179732.6827917,14012902332939303710,64378,0,29,23,58,5280,15,14,0,4134,7200,80,255,1
1765179734.1844068,14012902332939303710,64414,0,29,23,58,5280,15,14,0,4132,7200,80,255,1
1765179735.6764524,14012902332939303710,64445,0,29,23,58,5280,15,14,0,4131,7200,80,255,1
1765179736.6862845,14012902332939303710,64469,0,29,23,58,5280,15,14,0,4130,7200,80,255,1
1765179738.1819448,14012902332939303710,64499,0,29,23,58,5280,15,14,0,4128,7200,80,255,1
1765179739.6777933,14012902332939303710,64535,0,29,23,58,5280,15,14,0,4127,7200,80,255,1
1765179741.1854405,14012902332939303710,64574,0,29,23,58,5280,15,14,0,4125,7200,80,255,1
1765179742.6764648,14012902332939303710,64604,0,29,23,58,5280,15,14,0,4124,7200,80,255,1
1765179744.1860843,14012902332939303710,64639,0,29,23,58,5280,15,14,0,4122,7200,80,255,1
1765179745.6830604,14012902332939303710,64670,0,29,23,58,5280,15,14,0,4121,7200,80,255,1
1765179747.178693,14012902332939303710,64700,0,29,23,58,5280,15,14,0,4119,7200,80,255,1
1765179748.1840045,14012902332939303710,64723,0,29,23,58,5280,15,14,0,4118,7200,80,255,1
1765179749.6766126,14012902332939303710,64758,0,29,23,58,5280,15,14,0,4117,7200,80,255,1
1765179750.6809304,14012902332939303710,64779,0,29,23,58,5280,15,14,0,4116,7200,80,255,1
1765179752.1818798,14012902332939303710,64813,0,29,23,58,5280,15,14,0,4114,7200,80,255,1
1765179753.6817632,14012902332939303710,64848,0,29,23,58,5280,15,14,0,4113,7200,80,255,1
1765179755.173135,14012902332939303710,64885,0,29,23,58,5280,15,14,0,4111,7200,80,255,1
1765179756.1785865,14012902332939303710,64906,0,29,23,58,5280,15,14,0,4110,7200,80,255,1
1765179757.1853898,14012902332939303710,64929,0,29,23,58,5280,15,14,0,4109,7200,80,255,1
1765179758.6840312,14012902332939303710,64961,0,29,23,58,5280,15,14,0,4108,7200,80,255,1
1765179760.1777136,14012902332939303710,64991,0,29,23,58,5280,15,14,0,4106,7200,80,255,1
1765179761.183216,14012902332939303710,65015,0,29,23,58,5280,15,14,0,4105,7200,80,255,1
1765179762.6826277,14012902332939303710,65050,0,29,23,58,5280,15,14,0,4104,7200,80,255,1
1765179764.1831346,14012902332939303710,65085,0,29,23,58,5280,15,14,0,4102,7200,80,255,1
1765179765.6748288,14012902332939303710,65117,0,29,23,58,5280,15,14,0,4101,7200,80,255,1
1765179766.6815598,14012902332939303710,65140,0,29,23,58,5280,15,14,0,4100,7200,80,255,1
1765179768.184201,14012902332939303710,65175,0,29,23,58,5280,15,14,0,4098,7200,80,255,1
1765179769.674172,14012902332939303710,65205,0,29,23,58,5280,15,14,0,4097,7200,80,255,1
1765179770.6743617,14012902332939303710,65230,0,29,23,58,5280,15,14,0,4096,7200,80,255,1
1765179771.679135,14012902332939303710,65251,0,29,23,58,5280,15,14,0,4095,7200,80,255,1
1765179773.1819909,14012902332939303710,65286,0,29,23,58,5280,15,14,0,4093,7200,80,255,1
1765179774.6884396,14012902332939303710,65319,0,29,23,58,5280,15,14,0,4092,7200,80,255,1
1765179776.175565,14012902332939303710,65349,0,29,23,58,5280,15,14,0,4090,7200,80,255,1
1765179777.1835334,14012902332939303710,65372,0,29,23,58,5280,15,14,0,4089,7200,80,255,1
1765179778.671879,14012902332939303710,65406,0,29,23,58,5280,15,14,0,4088,7200,80,255,1
1765179779.6770697,14012902332939303710,65428,0,29,23,58,5280,15,14,0,4087,7200,80,255,1
1765179781.1855505,14012902332939303710,65462,0,29,23,58,5280,15,14,0,4085,7200,80,255,1
1765179782.6737285,14012902332939303710,65495,0,29,23,58,5280,15,14,0,4084,7200,80,255,1
1765179783.6791735,14012902332939303710,65517,0,29,23,58,5280,15,14,0,4083,7200,80,255,1
1765179784.6854007,14012902332939303710,65540,0,29,23,58,5280,15,14,0,4082,7200,80,255,1
1765179786.1740766,14012902332939303710,65571,0,29,23,58,5280,15,14,0,4080,7200,80,255,1
1765179787.1828048,14012902332939303710,65597,0,29,23,58,5280,15,14,0,4079,7200,80,255,1
1765179788.6824658,14012902332939303710,65629,0,29,23,58,5280,15,14,0,4078,7200,80,255,1
1765179790.1743147,14012902332939303710,65665,0,29,23,58,5280,15,14,0,4076,7200,80,255,1
1765179791.1792974,14012902332939303710,65686,0,29,23,58,5280,15,14,0,4075,7200,80,255,1
1765179792.1837988,14012902332939303710,65708,0,29,23,58,5280,15,14,0,4074,7200,80,255,1
1765179793.684196,14012902332939303710,65742,0,29,23,58,5280,15,14,0,4073,7200,80,255,1
1765179795.1742132,14012902332939303710,65774,0,29,23,58,5280,15,14,0,4071,7200,80,255,1
1765179796.1816018,14012902332939303710,65796,0,29,23,58,5280,15,14,0,4070,7200,80,255,1
1765179797.6809745,14012902332939303710,65829,0,29,23,58,5280,15,14,0,4069,7200,80,255,1
1765179799.1809187,14012902332939303710,65863,0,29,23,58,5280,15,14,0,4067,7200,80,255,1
1765179800.6728714,14012902332939303710,65895,0,29,23,58,5280,15,14,0,4066,7200,80,255,1
1765179801.6779852,14012902332939303710,65916,0,29,23,58,5280,15,14,0,4065,7200,80,255,1
1765179802.6842065,14012902332939303710,65939,0,29,23,58,5280,15,14,0,4064,7200,80,255,1
1765179804.1863337,14012902332939303710,65974,0,29,23,58,5280,15,14,0,4062,7200,80,255,1
1765179805.6771863,14012902332939303710,66004,0,29,23,58,5280,15,14,0,4061,7200,80,255,1
1765179806.6844847,14012902332939303710,66026,0,29,23,58,5280,15,14,0,4060,7200,80,255,1
1765179808.1851082,14012902332939303710,66058,0,29,23,58,5280,15,14,0,4058,7200,80,255,1
1765179809.6717596,14012902332939303710,66089,0,29,23,58,5280,15,14,0,4057,7200,80,255,1
1765179810.6769545,14012902332939303710,66111,0,29,23,58,5280,15,14,0,4056,7200,80,255,1
1765179811.6842003,14012902332939303710,66133,0,29,23,58,5280,15,14,0,4055,7200,80,255,1
1765179813.171564,14012902332939303710,66166,0,29,23,58,5280,15,14,0,4053,7200,80,255,1
1765179814.1763322,14012902332939303710,66188,0,29,23,58,5280,15,14,0,4052,7200,80,255,1
1765179815.6826348,14012902332939303710,66223,0,29,23,58,5280,15,14,0,4051,7200,80,255,1
1765179817.1844766,14012902332939303710,66257,0,29,23,58,5280,15,14,0,4049,7200,80,255,1
1765179818.6832147,14012902332939303710,66290,0,29,23,58,5280,15,14,0,4048,7200,80,255,1
1765179820.17596,14012902332939303710,66321,0,29,23,58,5280,15,14,0,4046,7200,80,255,1
1765179821.1817358,14012902332939303710,66342,0,29,23,58,5280,15,14,0,4045,7200,80,255,1
1765179822.6837785,14012902332939303710,66376,0,29,23,58,5280,15,14,0,4044,7200,80,255,1
1765179824.1830692,14012902332939303710,66409,0,29,23,58,5280,15,14,0,4042,7200,80,255,1
1765179825.6740553,14012902332939303710,66441,0,29,23,58,5280,15,14,0,4041,7200,80,255,1
1765179826.6809216,14012902332939303710,66465,0,29,23,58,5280,15,14,0,4040,7200,80,255,1
1765179828.1809974,14012902332939303710,66498,0,29,23,58,5280,15,14,0,4038,7200,80,255,1
1765179829.1857848,14012902332939303710,66521,0,29,23,58,5280,15,14,0,4037,7200,80,255,1
1765179830.6762288,14012902332939303710,66551,0,29,23,58,5280,15,14,0,4036,7200,80,255,1
1765179831.6811025,14012902332939303710,66575,0,29,23,58,5280,15,14,0,4035,7200,80,255,1
1765179833.1819634,14012902332939303710,66607,0,29,23,58,5280,15,14,0,4033,7200,80,255,1
1765179834.6825151,14012902332939303710,66641,0,29,23,58,5280,15,14,0,4032,7200,80,255,1
1765179836.1753936,14012902332939303710,66673,0,29,23,58,5280,15,14,0,4030,7200,80,255,1
1765179837.180802,14012902332939303710,66698,0,29,23,58,5280,15,14,0,4029,7200,80,255,1
1765179838.67427,14012902332939303710,66731,0,29,23,58,5280,15,14,0,4028,7200,80,255,1
1765179839.6835954,14012902332939303710,66752,0,29,23,58,5280,15,14,0,4027,7200,80,255,1
1765179841.177423,14012902332939303710,66782,0,29,23,58,5280,15,14,0,4025,7200,80,255,1
1765179842.6837878,14012902332939303710,66815,0,29,23,58,5280,15,14,0,4024,7200,80,255,1
1765179844.1774235,14012902332939303710,66846,0,29,23,58,5280,15,14,0,4022,7200,80,255,1
1765179845.6853817,14012902332939303710,66887,0,29,23,58,5280,15,14,0,4021,7200,80,255,1
1765179847.1851957,14012902332939303710,66919,0,29,23,58,5280,15,14,0,4019,7200,80,255,1
1765179848.686891,14012902332939303710,66950,0,29,23,58,5280,15,14,0,4018,7200,80,255,1
1765179850.1756947,14012902332939303710,66982,0,29,23,58,5280,15,14,0,4016,7200,80,255,1
1765179851.1814651,14012902332939303710,67003,0,29,23,58,5280,15,14,0,4015,7200,80,255,1
1765179852.682996,14012902332939303710,67037,0,29,23,58,5280,15,14,0,4014,7200,80,255,1
1765179854.1848545,14012902332939303710,67069,0,29,23,58,5280,15,14,0,4012,7200,80,255,1
1765179855.6754913,14012902332939303710,67099,0,29,23,58,5280,15,14,0,4011,7200,80,255,1
1765179856.679852,14012902332939303710,67120,0,29,23,58,5280,15,14,0,4010,7200,80,255,1
1765179858.1829245,14012902332939303710,67153,0,29,23,58,5280,15,14,0,4008,7200,80,255,1
1765179859.6842973,14012902332939303710,67184,0,29,23,58,5280,15,14,0,4007,7200,80,255,1
1765179861.1773577,14012902332939303710,67214,0,29,23,58,5280,15,14,0,4005,7200,80,255,1
1765179862.1816616,14012902332939303710,67236,0,29,23,58,5280,15,14,0,4004,7200,80,255,1
1765179863.6835089,14012902332939303710,67269,0,29,23,58,5280,15,14,0,4003,7200,80,255,1
1765179865.1752925,14012902332939303710,67299,0,29,23,58,5280,15,14,0,4001,7200,80,255,1
1765179866.1809506,14012902332939303710,67321,0,29,23,58,5280,15,14,0,4000,7200,80,255,1
1765179867.6843932,14012902332939303710,67354,0,29,23,58,5280,15,14,0,3999,7200,80,255,1
1765179869.1717443,14012902332939303710,67387,0,29,23,58,5280,15,14,0,3997,7200,80,255,1
1765179870.179662,14012902332939303710,67408,0,29,23,58,5280,15,14,0,3996,7200,80,255,1
1765179871.682582,14012902332939303710,67442,0,29,23,58,5280,15,14,0,3995,7200,80,255,1
1765179873.1853328,14012902332939303710,67476,0,29,23,58,5280,15,14,0,3993,7200,80,255,1
1765179874.672971,14012902332939303710,67507,0,29,23,58,5280,15,14,0,3992,7200,80,255,1
1765179875.6828253,14012902332939303710,67531,0,29,23,58,5280,15,14,0,3991,7200,80,255,1
1765179877.1815033,14012902332939303710,67564,0,29,23,58,5280,15,14,0,3989,7200,80,255,1
1765179878.674721,14012902332939303710,67599,0,29,23,58,5280,15,14,0,3988,7200,80,255,1
1765179879.6825132,14012902332939303710,67621,0,29,23,58,5280,15,14,0,3987,7200,80,255,1
1765179880.682893,14012902332939303710,67642,0,29,23,58,5280,15,14,0,3986,7200,80,255,1
1765179882.176091,14012902332939303710,67672,0,29,23,58,5280,15,14,0,3984,7200,80,255,1
1765179883.1851206,14012902332939303710,67696,0,29,23,58,5280,15,14,0,3983,7200,80,255,1
1765179884.6789749,14012902332939303710,67727,0,29,23,58,5280,15,14,0,3982,7200,80,255,1
1765179886.1737788,14012902332939303710,67761,0,29,23,58,5280,15,14,0,3980,7200,80,255,1
1765179887.6836543,14012902332939303710,67797,0,29,23,58,5280,15,14,0,3979,7200,80,255,1
1765179889.1759293,14012902332939303710,67828,0,29,23,58,5280,15,14,0,3977,7200,80,255,1
1765179890.6856086,14012902332939303710,67867,0,29,23,58,5280,15,14,0,3976,7200,80,255,1
1765179892.1745543,14012902332939303710,67899,0,29,23,58,5280,15,14,0,3974,7200,80,255,1
1765179893.1790638,14012902332939303710,67920,0,29,23,58,5280,15,14,0,3973,7200,80,255,1
1765179894.1851883,14012902332939303710,67942,0,29,23,58,5280,15,14,0,3972,7200,80,255,1
1765179895.6787927,14012902332939303710,67972,0,29,23,58,5280,15,14,0,3971,7200,80,255,1
1765179896.6840386,14012902332939303710,67993,0,29,23,58,5280,15,14,0,3970,7200,80,255,1
1765179898.1856048,14012902332939303710,68025,0,29,23,58,5280,15,14,0,3968,7200,80,255,1
1765179899.672384,14012902332939303710,68057,0,29,23,58,5280,15,14,0,3967,7200,80,255,1
1765179900.6791844,14012902332939303710,68078,0,29,23,58,5280,15,14,0,3966,7200,80,255,1
1765179902.1810174,14012902332939303710,68110,0,29,23,58,5280,15,14,0,3964,7200,80,255,1
1765179903.6837642,14012902332939303710,68142,0,29,23,58,5280,15,14,0,3963,7200,80,255,1
1765179905.174143,14012902332939303710,68177,0,29,23,58,5280,15,14,0,3961,7200,80,255,1
1765179906.179143,14012902332939303710,68198,0,29,23,58,5280,15,14,0,3960,7200,80,255,1
1765179907.1844141,14012902332939303710,68219,0,29,23,58,5280,15,14,0,3959,7200,80,255,1
1765179908.6853824,14012902332939303710,68252,0,29,23,58,5280,15,14,0,3958,7200,80,255,1
1765179910.1784425,14012902332939303710,68283,0,29,23,58,5280,15,14,0,3956,7200,80,255,1
1765179911.185107,14012902332939303710,68306,0,29,23,58,5280,15,14,0,3955,7200,80,255,1
1765179912.6714387,14012902332939303710,68338,0,29,23,58,5280,15,14,0,3954,7200,80,255,1
1765179913.6783597,14012902332939303710,68360,0,29,23,58,5280,15,14,0,3953,7200,80,255,1
1765179914.6827443,14012902332939303710,68383,0,29,23,58,5280,15,14,0,3952,7200,80,255,1
1765179916.174905,14012902332939303710,68414,0,29,23,58,5280,15,14,0,3950,7200,80,255,1
1765179917.1791217,14012902332939303710,68435,0,29,23,58,5280,15,14,0,3949,7200,80,255,1
1765179918.1836834,14012902332939303710,68457,0,29,23,58,5280,15,14,0,3948,7200,80,255,1
1765179919.681465,14012902332939303710,68489,0,29,23,58,5280,15,14,0,3947,7200,80,255,1
1765179921.1750393,14012902332939303710,68520,0,29,23,58,5280,15,14,0,3945,7200,80,255,1
1765179922.1812344,14012902332939303710,68542,0,29,23,58,5280,15,14,0,3944,7200,80,255,1
1765179923.6815479,14012902332939303710,68575,0,29,23,58,5280,15,14,0,3943,7200,80,255,1
1765179925.1736438,14012902332939303710,68608,0,29,23,58,5280,15,14,0,3941,7200,80,255,1
1765179926.1811624,14012902332939303710,68629,0,29,23,58,5280,15,14,0,3940,7200,80,255,1
1765179927.1851656,14012902332939303710,68651,0,29,23,58,5280,15,14,0,3939,7200,80,255,1
1765179928.6723635,14012902332939303710,68683,0,29,23,58,5280,15,14,0,3938,7200,80,255,1
1765179929.6750896,14012902332939303710,68705,0,29,23,58,5280,15,14,0,3937,7200,80,255,1
1765179930.685962,14012902332939303710,68729,0,29,23,58,5280,15,14,0,3936,7200,80,255,1
1765179932.1727757,14012902332939303710,68763,0,29,23,58,5280,15,14,0,3934,7200,80,255,1
1765179933.1799548,14012902332939303710,68785,0,29,23,58,5280,15,14,0,3933,7200,80,255,1
1765179934.1828463,14012902332939303710,68807,0,29,23,58,5280,15,14,0,3932,7200,80,255,1
1765179935.6760857,14012902332939303710,68841,0,29,23,58,5280,15,14,0,3931,7200,80,255,1
1765179936.6796687,14012902332939303710,68864,0,29,23,58,5280,15,14,0,3930,7200,80,255,1
1765179938.1824584,14012902332939303710,68896,0,29,23,58,5280,15,14,0,3928,7200,80,255,1
1765179939.6712666,14012902332939303710,68929,0,29,23,58,5280,15,14,0,3927,7200,80,255,1
1765179940.6798656,14012902332939303710,68951,0,29,23,58,5280,15,14,0,3926,7200,80,255,1
1765179942.1811926,14012902332939303710,68983,0,29,23,58,5280,15,14,0,3924,7200,80,255,1
1765179943.684704,14012902332939303710,69014,0,29,23,58,5280,15,14,0,3923,7200,80,255,1
1765179945.1774726,14012902332939303710,69046,0,29,23,58,5280,15,14,0,3921,7200,80,255,1
1765179946.181523,14012902332939303710,69069,0,29,23,58,5280,15,14,0,3920,7200,80,255,1
1765179947.6834683,14012902332939303710,69101,0,29,23,58,5280,15,14,0,3919,7200,80,255,1
1765179949.1849608,14012902332939303710,69132,0,29,23,58,5280,15,14,0,3917,7200,80,255,1
1765179950.6757262,14012902332939303710,69162,0,29,23,58,5280,15,14,0,3916,7200,80,255,1
1765179951.681109,14012902332939303710,69185,0,29,23,58,5280,15,14,0,3915,7200,80,255,1
1765179953.1813147,14012902332939303710,69218,0,29,23,58,5280,15,14,0,3913,7200,80,255,1
1765179954.6824505,14012902332939303710,69251,0,29,23,58,5280,15,14,0,3912,7200,80,255,1
1765179956.1782265,14012902332939303710,69281,0,29,23,58,5280,15,14,0,3910,7200,80,255,1
1765179957.1826198,14012902332939303710,69304,0,29,23,58,5280,15,14,0,3909,7200,80,255,1
1765179958.6714783,14012902332939303710,69338,0,29,23,58,5280,15,14,0,3908,7200,80,255,1
1765179959.678105,14012902332939303710,69359,0,29,23,58,5280,15,14,0,3907,7200,80,255,1
1765179961.171535,14012902332939303710,69393,0,29,23,58,5280,15,14,0,3905,7200,80,255,1
1765179962.1769996,14012902332939303710,69414,0,29,23,58,5280,15,14,0,3904,7200,80,255,1
1765179963.1825225,14012902332939303710,69438,0,29,23,58,5280,15,14,0,3903,7200,80,255,1
1765179964.6817067,14012902332939303710,69471,0,29,23,58,5280,15,14,0,3902,7200,80,255,1
1765179966.175394,14012902332939303710,69502,0,29,23,58,5280,15,14,0,3900,7200,80,255,1
1765179967.180121,14012902332939303710,69525,0,29,23,58,5280,15,14,0,3899,7200,80,255,1
1765179968.6825464,14012902332939303710,69558,0,29,23,58,5280,15,14,0,3898,7200,80,255,1
1765179970.1752021,14012902332939303710,69591,0,29,23,58,5280,15,14,0,3896,7200,80,255,1
1765179971.1800969,14012902332939303710,69614,0,29,23,58,5280,15,14,0,3895,7200,80,255,1
1765179972.1860044,14012902332939303710,69638,0,29,23,58,5280,15,14,0,3894,7200,80,255,1
1765179973.672696,14012902332939303710,69670,0,29,23,58,5280,15,14,0,3893,7200,80,255,1
1765179974.6768358,14012902332939303710,69691,0,29,23,58,5280,15,14,0,3892,7200,80,255,1
1765179976.182779,14012902332939303710,69725,0,29,23,58,5280,15,14,0,3890,7200,80,255,1
1765179977.6839774,14012902332939303710,69757,0,29,23,58,5280,15,14,0,3889,7200,80,255,1
1765179979.1725762,14012902332939303710,69790,0,29,23,58,5280,15,14,0,3887,7200,80,255,1
1765179980.1816974,14012902332939303710,69811,0,29,23,58,5280,15,14,0,3886,7200,80,255,1
1765179981.6825156,14012902332939303710,69844,0,29,23,58,5280,15,14,0,3885,7200,80,255,1
1765179983.1827543,14012902332939303710,69878,0,29,23,58,5280,15,14,0,3883,7200,80,255,1
1765179984.6723988,14012902332939303710,69912,0,29,23,58,5280,15,14,0,3882,7200,80,255,1
1765179985.6784575,14012902332939303710,69933,0,29,23,58,5280,15,14,0,3881,7200,80,255,1
1765179986.6823628,14012902332939303710,69956,0,29,23,58,5280,15,14,0,3880,7200,80,255,1
1765179988.1712887,14012902332939303710,69988,0,29,23,58,5280,15,14,0,3878,7200,80,255,1
1765179989.1761956,14012902332939303710,70009,0,29,23,58,5280,15,14,0,3877,7200,80,255,1
1765179990.1841378,14012902332939303710,70031,0,29,23,58,5280,15,14,0,3876,7200,80,255,1
1765179991.6722584,14012902332939303710,70064,0,29,23,58,5280,15,14,0,3875,7200,80,255,1
1765179992.6765983,14012902332939303710,70085,0,29,23,58,5280,15,14,0,3874,7200,80,255,1
1765179993.6801152,14012902332939303710,70108,0,29,23,58,5280,15,14,0,3873,7200,80,255,1
1765179994.683087,14012902332939303710,70130,0,29,23,58,5280,15,14,0,3872,7200,80,255,1
1765179996.1758795,14012902332939303710,70160,0,29,23,58,5280,15,14,0,3870,7200,80,255,1
1765179997.180306,14012902332939303710,70182,0,29,23,58,5280,15,14,0,3869,7200,80,255,1
1765179998.6814952,14012902332939303710,70216,0,29,23,58,5280,15,14,0,3868,7200,80,255,1
1765180000.1728566,14012902332939303710,70251,0,29,23,58,5280,15,14,0,3866,7200,80,255,1
1765180001.1797194,14012902332939303710,70272,0,29,23,58,5280,15,14,0,3865,7200,80,255,1
1765180002.1844153,14012902332939303710,70296,0,29,23,58,5280,15,14,0,3864,7200,80,255,1
1765180003.6726246,14012902332939303710,70328,0,29,23,58,5280,15,14,0,3863,7200,80,255,1
1765180004.6770363,14012902332939303710,70349,0,29,23,58,5280,15,14,0,3862,7200,80,255,1
1765180005.6836276,14012902332939303710,70373,0,29,23,58,5280,15,14,0,3861,7200,80,255,1
1765180007.182733,14012902332939303710,70405,0,29,23,58,5280,15,14,0,3859,7200,80,255,1
1765180008.6836812,14012902332939303710,70438,0,29,23,58,5280,15,14,0,3858,7200,80,255,1
1765180010.175552,14012902332939303710,70471,0,29,23,58,5280,15,14,0,3856,7200,80,255,1
1765180011.1820457,14012902332939303710,70493,0,29,23,58,5280,15,14,0,3855,7200,80,255,1
1765180012.1856315,14012902332939303710,70516,0,29,23,58,5280,15,14,0,3854,7200,80,255,1
1765180013.6733136,14012902332939303710,70548,0,29,23,58,5280,15,14,0,3853,7200,80,255,1
1765180014.675839,14012902332939303710,70570,0,29,23,58,5280,15,14,0,3852,7200,80,255,1
1765180015.6837873,14012902332939303710,70595,0,29,23,58,5280,15,14,0,3851,7200,80,255,1
1765180017.1771338,14012902332939303710,70625,0,29,23,58,5280,15,14,0,3849,7200,80,255,1
1765180018.6848745,14012902332939303710,70661,0,29,23,58,5280,15,14,0,3848,7200,80,255,1
1765180020.1794398,14012902332939303710,70692,0,29,23,58,5280,15,14,0,3846,7200,80,255,1
1765180021.6836174,14012902332939303710,70725,0,29,23,58,5280,15,14,0,3845,7200,80,255,1
1765180023.1759841,14012902332939303710,70755,0,29,23,58,5280,15,14,0,3843,7200,80,255,1
1765180024.184728,14012902332939303710,70777,0,29,23,58,5280,15,14,0,3842,7200,80,255,1
1765180025.1848824,14012902332939303710,70797,0,29,23,58,5280,15,14,0,3841,7200,80,255,1
1765180026.6768079,14012902332939303710,70827,0,29,23,58,5280,15,14,0,3840,7200,80,255,1
1765180028.1836486,14012902332939303710,70864,0,29,23,58,5280,15,14,0,3838,7200,80,255,1
1765180029.685031,14012902332939303710,70898,0,29,23,58,5280,15,14,0,3837,7200,80,255,1
1765180031.175321,14012902332939303710,70929,0,29,23,58,5280,15,14,0,3835,7200,80,255,1
1765180032.1799772,14012902332939303710,70951,0,29,23,58,5280,15,14,0,3834,7200,80,255,1
1765180033.1840017,14012902332939303710,70973,0,29,23,58,5280,15,14,0,3833,7200,80,255,1
1765180034.6845767,14012902332939303710,71005,0,29,23,58,5280,15,14,0,3832,7200,80,255,1
1765180036.1749845,14012902332939303710,71037,0,29,23,58,5280,15,14,0,3830,7200,80,255,1
1765180037.1790786,14012902332939303710,71058,0,29,23,58,5280,15,14,0,3829,7200,80,255,1
1765180038.1845312,14012902332939303710,71080,0,29,23,58,5280,15,14,0,3828,7200,80,255,1
1765180039.684739,14012902332939303710,71112,0,29,23,58,5280,15,14,0,3827,7200,80,255,1
1765180041.1802673,14012902332939303710,71142,0,29,23,58,5280,15,14,0,3825,7200,80,255,1
1765180042.1848197,14012902332939303710,71165,0,29,23,58,5280,15,14,0,3824,7200,80,255,1
1765180043.6736941,14012902332939303710,71196,0,29,23,58,5280,15,14,0,3823,7200,80,255,1
1765180044.679025,14012902332939303710,71217,0,29,23,58,5280,15,14,0,3822,7200,80,255,1
1765180046.1736708,14012902332939303710,71252,0,29,23,58,5280,15,14,0,3820,7200,80,255,1
1765180047.1825051,14012902332939303710,71273,0,29,23,58,5280,15,14,0,3819,7200,80,255,1
1765180048.676401,14012902332939303710,71303,0,29,23,58,5280,15,14,0,3818,7200,80,255,1
1765180049.684893,14012902332939303710,71329,0,29,23,58,5280,15,14,0,3817,7200,80,255,1
1765180050.685626,14012902332939303710,71350,0,29,23,58,5280,15,14,0,3816,7200,80,255,1
1765180052.1781669,14012902332939303710,71381,0,29,23,58,5280,15,14,0,3814,7200,80,255,1
1765180053.6836426,14012902332939303710,71415,0,29,23,58,5280,15,14,0,3813,7200,80,255,1
1765180055.1805491,14012902332939303710,71447,0,29,23,58,5280,15,14,0,3811,7200,80,255,1
1765180056.67509,14012902332939303710,71479,0,29,23,58,5280,15,14,0,3810,7200,80,255,1
1765180057.6813376,14012902332939303710,71500,0,29,23,58,5280,15,14,0,3809,7200,80,255,1
1765180059.1858535,14012902332939303710,71533,0,29,23,58,5280,15,14,0,3807,7200,80,255,1
1765180060.678189,14012902332939303710,71563,0,29,23,58,5280,15,14,0,3806,7200,80,255,1
1765180061.682729,14012902332939303710,71587,0,29,23,58,5280,15,14,0,3805,7200,80,255,1
1765180063.1859777,14012902332939303710,71619,0,29,23,58,5280,15,14,0,3803,7200,80,255,1
1765180064.677363,14012902332939303710,71650,0,29,23,58,5280,15,14,0,3802,7200,80,255,1
1765180065.6777356,14012902332939303710,71670,0,29,23,58,5280,15,14,0,3801,7200,80,255,1
1765180066.6841385,14012902332939303710,71694,0,29,23,58,5280,15,14,0,3800,7200,80,255,1
1765180068.1733415,14012902332939303710,71726,0,29,23,58,5280,15,14,0,3798,7200,80,255,1
1765180069.1811264,14012902332939303710,71747,0,29,23,58,5280,15,14,0,3797,7200,80,255,1
1765180070.6747668,14012902332939303710,71780,0,29,23,58,5280,15,14,0,3796,7200,80,255,1
1765180071.6848965,14012902332939303710,71804,0,29,23,58,5280,15,14,0,3795,7200,80,255,1
1765180073.1738915,14012902332939303710,71836,0,29,23,58,5280,15,14,0,3793,7200,80,255,1
1765180074.1824317,14012902332939303710,71857,0,29,23,58,5280,15,14,0,3792,7200,80,255,1
1765180075.6737125,14012902332939303710,71889,0,29,23,58,5280,15,14,0,3791,7200,80,255,1
1765180076.6812694,14012902332939303710,71911,0,29,23,58,5280,15,14,0,3790,7200,80,255,1
1765180078.1759555,14012902332939303710,71942,0,29,23,58,5280,15,14,0,3788,7200,80,255,1
1765180079.1854508,14012902332939303710,71967,0,29,23,58,5280,15,14,0,3787,7200,80,255,1
1765180080.6834807,14012902332939303710,71999,0,29,23,58,5280,15,14,0,3786,7200,80,255,1
1765180082.1773062,14012902332939303710,72029,0,29,23,58,5280,15,14,0,3784,7200,80,255,1
1765180083.6850486,14012902332939303710,72065,0,29,23,58,5280,15,14,0,3783,7200,80,255,1
1765180085.1812625,14012902332939303710,72096,0,29,23,58,5280,15,14,0,3781,7200,80,255,1
1765180086.1866632,14012902332939303710,72118,0,29,23,58,5280,15,14,0,3780,7200,80,255,1
1765180087.6738863,14012902332939303710,72149,0,29,23,58,5280,15,14,0,3779,7200,80,255,1
1765180088.6772084,14012902332939303710,72170,0,29,23,58,5280,15,14,0,3778,7200,80,255,1
1765180089.682598,14012902332939303710,72192,0,29,23,58,5280,15,14,0,3777,7200,80,255,1
1765180091.1775367,14012902332939303710,72223,0,29,23,58,5280,15,14,0,3775,7200,80,255,1
1765180092.184358,14012902332939303710,72245,0,29,23,58,5280,15,14,0,3774,7200,80,255,1
1765180093.683723,14012902332939303710,72278,0,29,23,58,5280,15,14,0,3773,7200,80,255,1
1765180095.1762018,14012902332939303710,72309,0,29,23,58,5280,15,14,0,3771,7200,80,255,1
1765180096.183862,14012902332939303710,72333,0,29,23,58,5280,15,14,0,3770,7200,80,255,1
1765180097.686811,14012902332939303710,72364,0,29,23,58,5280,15,14,0,3769,7200,80,255,1
1765180099.1738553,14012902332939303710,72396,0,29,23,58,5280,15,14,0,3767,7200,80,255,1
1765180100.1823103,14012902332939303710,72417,0,29,23,58,5280,15,14,0,3766,7200,80,255,1
1765180101.6833863,14012902332939303710,72453,0,29,23,58,5280,15,14,0,3765,7200,80,255,1
1765180103.1855044,14012902332939303710,72489,0,29,23,58,5280,15,14,0,3763,7200,80,255,1
1765180104.6874704,14012902332939303710,72521,0,29,23,58,5280,15,14,0,3762,7200,80,255,1
1765180106.1769397,14012902332939303710,72551,0,29,23,58,5280,15,14,0,3760,7200,80,255,1
1765180107.179325,14012902332939303710,72573,0,29,23,58,5280,15,14,0,3759,7200,80,255,1
1765180108.185902,14012902332939303710,72595,0,29,23,58,5280,15,14,0,3758,7200,80,255,1
1765180109.6725023,14012902332939303710,72630,0,29,23,58,5280,15,14,0,3757,7200,80,255,1
1765180110.681181,14012902332939303710,72651,0,29,23,58,5280,15,14,0,3756,7200,80,255,1
1765180111.6851149,14012902332939303710,72673,0,29,23,58,5280,15,14,0,3755,7200,80,255,1
1765180113.1865783,14012902332939303710,72705,0,29,23,58,5280,15,14,0,3753,7200,80,255,1
1765180114.6749077,14012902332939303710,72738,0,29,23,58,5280,15,14,0,3752,7200,80,255,1
1765180115.6843593,14012902332939303710,72761,0,29,23,58,5280,15,14,0,3751,7200,80,255,1
1765180117.185054,14012902332939303710,72795,0,29,23,58,5280,15,14,0,3749,7200,80,255,1
1765180118.6719363,14012902332939303710,72828,0,29,23,58,5280,15,14,0,3748,7200,80,255,1
1765180119.6782548,14012902332939303710,72849,0,29,23,58,5280,15,14,0,3747,7200,80,255,1
1765180120.6876364,14012902332939303710,72874,0,29,23,58,5280,15,14,0,3746,7200,80,255,1
1765180122.1739573,14012902332939303710,72905,0,29,23,58,5280,15,14,0,3744,7200,80,255,1
1765180123.1810443,14012902332939303710,72927,0,29,23,58,5280,15,14,0,3743,7200,80,255,1
1765180124.1851828,14012902332939303710,72948,0,29,23,58,5280,15,14,0,3742,7200,80,255,1
1765180125.6768804,14012902332939303710,72978,0,29,23,58,5280,15,14,0,3741,7200,80,255,1
1765180126.6824079,14012902332939303710,73001,0,29,23,58,5280,15,14,0,3740,7200,80,255,1
1765180128.184197,14012902332939303710,73033,0,29,23,58,5280,15,14,0,3738,7200,80,255,1
1765180129.6758604,14012902332939303710,73064,0,29,23,58,5280,15,14,0,3737,7200,80,255,1
1765180131.184719,14012902332939303710,73099,0,29,23,58,5280,15,14,0,3735,7200,80,255,1
1765180132.6791873,14012902332939303710,73129,0,29,23,58,5280,15,14,0,3734,7200,80,255,1
1765180134.172665,14012902332939303710,73164,0,29,23,58,5280,15,14,0,3732,7200,80,255,1
1765180135.6835048,14012902332939303710,73196,0,29,23,58,5280,15,14,0,3731,7200,80,255,1
1765180137.1779077,14012902332939303710,73226,0,29,23,58,5280,15,14,0,3729,7200,80,255,1
1765180138.6725063,14012902332939303710,73262,0,29,23,58,5280,15,14,0,3728,7200,80,255,1
1765180139.6814013,14012902332939303710,73283,0,29,23,58,5280,15,14,0,3727,7200,80,255,1
1765180141.1765316,14012902332939303710,73313,0,29,23,58,5280,15,14,0,3725,7200,80,255,1
1765180142.181567,14012902332939303710,73335,0,29,23,58,5280,15,14,0,3724,7200,80,255,1
1765180143.6844504,14012902332939303710,73368,0,29,23,58,5280,15,14,0,3723,7200,80,255,1
1765180145.1757967,14012902332939303710,73402,0,29,23,58,5280,15,14,0,3721,7200,80,255,1
1765180146.1826267,14012902332939303710,73424,0,29,23,58,5280,15,14,0,3720,7200,80,255,1
1765180147.684596,14012902332939303710,73457,0,29,23,58,5280,15,14,0,3719,7200,80,255,1
1765180149.173286,14012902332939303710,73488,0,29,23,58,5280,15,14,0,3717,7200,80,255,1
1765180150.6714923,14012902332939303710,73521,0,29,23,58,5280,15,14,0,3716,7200,80,255,1
1765180151.6811123,14012902332939303710,73542,0,29,23,58,5280,15,14,0,3715,7200,80,255,1
1765180153.1836264,14012902332939303710,73576,0,29,23,58,5280,15,14,0,3713,7200,80,255,1
1765180154.6748068,14012902332939303710,73606,0,29,23,58,5280,15,14,0,3712,7200,80,255,1
1765180156.1716597,14012902332939303710,73641,0,29,23,58,5280,15,14,0,3710,7200,80,255,1
1765180157.1787765,14012902332939303710,73662,0,29,23,58,5280,15,14,0,3709,7200,80,255,1
1765180158.6733398,14012902332939303710,73695,0,29,23,58,5280,15,14,0,3708,7200,80,255,1
1765180159.6825778,14012902332939303710,73717,0,29,23,58,5280,15,14,0,3707,7200,80,255,1
1765180161.1775947,14012902332939303710,73747,0,29,23,58,5280,15,14,0,3705,7200,80,255,1
1765180162.1822598,14012902332939303710,73769,0,29,23,58,5280,15,14,0,3704,7200,80,255,1
1765180163.6852894,14012902332939303710,73802,0,29,23,58,5280,15,14,0,3703,7200,80,255,1
1765180165.17578,14012902332939303710,73835,0,29,23,58,5280,15,14,0,3701,7200,80,255,1
1765180166.1812568,14012902332939303710,73856,0,29,23,58,5280,15,14,0,3700,7200,80,255,1
1765180167.6835139,14012902332939303710,73888,0,29,23,58,5280,15,14,0,3699,7200,80,255,1
1765180169.1826696,14012902332939303710,73920,0,29,23,58,5280,15,14,0,3697,7200,80,255,1
1765180170.671457,14012902332939303710,73953,0,29,23,58,5280,15,14,0,3696,7200,80,255,1
1765180171.6780787,14012902332939303710,73974,0,29,23,58,5280,15,14,0,3695,7200,80,255,1
1765180172.684674,14012902332939303710,73996,0,29,23,58,5280,15,14,0,3694,7200,80,255,1
1765180174.1826644,14012902332939303710,74029,0,29,23,58,5280,15,14,0,3692,7200,80,255,1
1765180175.6780336,14012902332939303710,74060,0,29,23,58,5280,15,14,0,3691,7200,80,255,1
1765180176.6825588,14012902332939303710,74082,0,29,23,58,5280,15,14,0,3690,7200,80,255,1
1765180178.184895,14012902332939303710,74114,0,29,23,58,5280,15,14,0,3688,7200,80,255,1
1765180179.685715,14012902332939303710,74146,0,29,23,58,5280,15,14,0,3687,7200,80,255,1
1765180181.1770387,14012902332939303710,74177,0,29,23,58,5280,15,14,0,3685,7200,80,255,1
1765180182.1814067,14012902332939303710,74199,0,29,23,58,5280,15,14,0,3684,7200,80,255,1
1765180183.6813662,14012902332939303710,74232,0,29,23,58,5280,15,14,0,3683,7200,80,255,1
1765180184.6841784,14012902332939303710,74254,0,29,23,58,5280,15,14,0,3682,7200,80,255,1
1765180186.1762211,14012902332939303710,74284,0,29,23,58,5280,15,14,0,3680,7200,80,255,1
1765180187.1812427,14012902332939303710,74305,0,29,23,58,5280,15,14,0,3679,7200,80,255,1
1765180188.6825697,14012902332939303710,74338,0,29,23,58,5280,15,14,0,3678,7200,80,255,1
1765180190.172665,14012902332939303710,74369,0,29,23,58,5280,15,14,0,3676,7200,80,255,1
1765180191.1803722,14012902332939303710,74391,0,29,23,58,5280,15,14,0,3675,7200,80,255,1
1765180192.6835227,14012902332939303710,74424,0,29,23,58,5280,15,14,0,3674,7200,80,255,1
1765180194.1823215,14012902332939303710,74456,0,29,23,58,5280,15,14,0,3672,7200,80,255,1
1765180195.1846106,14012902332939303710,74477,0,29,23,58,5280,15,14,0,3671,7200,80,255,1
1765180196.6792617,14012902332939303710,74508,0,29,23,58,5280,15,14,0,3670,7200,80,255,1
1765180198.1735563,14012902332939303710,74540,0,29,23,58,5280,15,14,0,3668,7200,80,255,1
1765180199.6840692,14012902332939303710,74574,0,29,23,58,5280,15,14,0,3667,7200,80,255,1
1765180201.1849363,14012902332939303710,74607,0,29,23,58,5280,15,14,0,3665,7200,80,255,1
1765180202.682333,14012902332939303710,74638,0,29,23,58,5280,15,14,0,3664,7200,80,255,1
1765180204.1774042,14012902332939303710,74669,0,29,23,58,5280,15,14,0,3662,7200,80,255,1
1765180205.1804743,14012902332939303710,74697,0,29,23,58,5280,15,14,0,3661,7200,80,255,1
1765180206.6749637,14012902332939303710,74731,0,29,23,58,5280,15,14,0,3660,7200,80,255,1
1765180208.1862674,14012902332939303710,74767,0,29,23,58,5280,15,14,0,3658,7200,80,255,1
1765180209.68484,14012902332939303710,74798,0,29,23,58,5280,15,14,0,3657,7200,80,255,1
1765180211.185259,14012902332939303710,74830,0,29,23,58,5280,15,14,0,3655,7200,80,255,1
1765180212.6797187,14012902332939303710,74861,0,29,23,58,5280,15,14,0,3654,7200,80,255,1
1765180214.1743412,14012902332939303710,74895,0,29,23,58,5280,15,14,0,3652,7200,80,255,1
1765180215.1790924,14012902332939303710,74921,0,29,23,58,5280,15,14,0,3651,7200,80,255,1
1765180216.6750386,14012902332939303710,74953,0,29,23,58,5280,15,14,0,3650,7200,80,255,1
1765180218.1847925,14012902332939303710,74988,0,29,23,58,5280,15,14,0,3648,7200,80,255,1
1765180219.6734147,14012902332939303710,75020,0,29,23,58,5280,15,14,0,3647,7200,80,255,1
1765180220.6791117,14012902332939303710,75041,0,29,23,58,5280,15,14,0,3646,7200,80,255,1
1765180221.681336,14012902332939303710,75061,0,29,23,58,5280,15,14,0,3645,7200,80,255,1
1765180222.683838,14012902332939303710,75082,0,29,23,58,5280,15,14,0,3644,7200,80,255,1
1765180223.6845503,14012902332939303710,75102,0,29,23,58,5280,15,14,0,3643,7200,80,255,1
1765180225.1760087,14012902332939303710,75134,0,29,23,58,5280,15,14,0,3641,7200,80,255,1
1765180226.1817174,14012902332939303710,75154,0,29,23,58,5280,15,14,0,3640,7200,80,255,1
1765180227.6787248,14012902332939303710,75185,0,29,23,58,5280,15,14,0,3639,7200,80,255,1
1765180229.1744964,14012902332939303710,75222,0,29,23,58,5280,15,14,0,3637,7200,80,255,1
1765180230.1782794,14012902332939303710,75249,0,29,23,58,5280,15,14,0,3636,7200,80,255,1
1765180231.1787663,14012902332939303710,75269,0,29,23,58,5280,15,14,0,3635,7200,80,255,1
1765180232.6758077,14012902332939303710,75311,0,29,23,58,5280,15,14,0,3634,7200,80,255,1
1765180234.1846786,14012902332939303710,75349,0,29,23,58,5280,15,14,0,3632,7200,80,255,1
1765180235.6847746,14012902332939303710,75380,0,29,23,58,5280,15,14,0,3631,7200,80,255,1
1765180237.181108,14012902332939303710,75414,0,29,23,58,5280,15,14,0,3629,7200,80,255,1
1765180238.6763344,14012902332939303710,75450,0,29,23,58,5280,15,14,0,3628,7200,80,255,1
1765180240.179597,14012902332939303710,75493,0,29,23,58,5280,15,14,0,3626,7200,80,255,1
1765180241.1801636,14012902332939303710,75513,0,29,23,58,5280,15,14,0,3625,7200,80,255,1
1765180242.1814165,14012902332939303710,75533,0,29,23,58,5280,15,14,0,3624,7200,80,255,1
1765180243.181509,14012902332939303710,75553,0,29,23,58,5280,15,14,0,3623,7200,80,255,1
1765180244.184342,14012902332939303710,75574,0,29,23,58,5280,15,14,0,3622,7200,80,255,1
1765180245.675046,14012902332939303710,75610,0,29,23,58,5280,15,14,0,3621,7200,80,255,1
1765180247.1754863,14012902332939303710,75655,0,29,23,58,5280,15,14,0,3619,7200,80,255,1
1765180248.1762383,14012902332939303710,75685,0,29,23,58,5280,15,14,0,3618,7200,80,255,1
1765180249.1769412,14012902332939303710,75711,0,29,23,58,5280,15,14,0,3617,7200,80,255,1
1765180250.1835399,14012902332939303710,75735,0,29,23,58,5280,15,14,0,3616,7200,80,255,1
1765180251.1849947,14012902332939303710,75755,0,29,23,58,5280,15,14,0,3615,7200,80,255,1
1765180252.1859934,14012902332939303710,75775,0,29,23,58,5280,15,14,0,3614,7200,80,255,1
1765180253.6722398,14012902332939303710,75805,0,29,23,58,5280,15,14,0,3613,7200,80,255,1
1765180254.6859934,14012902332939303710,75826,0,29,23,58,5280,15,14,0,3612,7200,80,255,1
1765180256.173716,14012902332939303710,75862,0,29,23,58,5280,15,14,0,3610,7200,80,255,1
1765180257.1768675,14012902332939303710,75888,0,29,23,58,5280,15,14,0,3609,7200,80,255,1
1765180258.6753526,14012902332939303710,75930,0,29,23,58,5280,15,14,0,3608,7200,80,255,1
1765180259.685869,14012902332939303710,75953,0,29,23,58,5280,15,14,0,3607,7200,80,255,1
1765180261.1726649,14012902332939303710,75990,0,29,23,58,5280,15,14,0,3605,7200,80,255,1
1765180262.1859064,14012902332939303710,76011,0,29,23,58,5280,15,14,0,3604,7200,80,255,1
1765180263.6797054,14012902332939303710,76043,0,29,23,58,5280,15,14,0,3603,7200,80,255,1
1765180265.1802454,14012902332939303710,76076,0,29,23,58,5280,15,14,0,3601,7200,80,255,1
1765180266.6759493,14012902332939303710,76108,0,29,23,58,5280,15,14,0,3600,7200,80,255,1
1765180268.177331,14012902332939303710,76147,0,29,23,58,5280,15,14,0,3598,7200,80,255,1
1765180269.672491,14012902332939303710,76182,0,29,23,58,5280,15,14,0,3597,7200,80,255,1
1765180270.6742327,14012902332939303710,76208,0,29,23,58,5280,15,14,0,3596,7200,80,255,1
1765180271.685323,14012902332939303710,76231,0,29,23,58,5280,15,14,0,3595,7200,80,255,1
1765180273.1771808,14012902332939303710,76263,0,29,23,58,5280,15,14,0,3593,7200,80,255,1
1765180274.6764,14012902332939303710,76297,0,29,23,58,5280,15,14,0,3592,7200,80,255,1
1765180275.676703,14012902332939303710,76319,0,29,23,58,5280,15,14,0,3591,7200,80,255,1
1765180277.1762345,14012902332939303710,76355,0,29,23,58,5280,15,14,0,3589,7200,80,255,1
1765180278.6766043,14012902332939303710,76396,0,29,23,58,5280,15,14,0,3588,7200,80,255,1
1765180280.174805,14012902332939303710,76437,0,29,23,58,5280,15,14,0,3586,7200,80,255,1
1765180281.1768568,14012902332939303710,76466,0,29,23,58,5280,15,14,0,3585,7200,80,255,1
1765180282.685252,14012902332939303710,76506,0,29,23,58,5280,15,14,0,3584,7200,80,255,1
1765180284.1794214,14012902332939303710,76537,0,29,23,58,5280,15,14,0,3582,7200,80,255,1
1765180285.180914,14012902332939303710,76557,0,29,23,58,5280,15,14,0,3581,7200,80,255,1
1765180286.674862,14012902332939303710,76592,0,29,23,58,5280,15,14,0,3580,7200,80,255,1
1765180287.6854324,14012902332939303710,76616,0,29,23,58,5280,15,14,0,3579,7200,80,255,1
1765180289.17705,14012902332939303710,76646,0,29,23,58,5280,15,14,0,3577,7200,80,255,1
1765180290.6759691,14012902332939303710,76681,0,29,23,58,5280,15,14,0,3576,7200,80,255,1
1765180291.684896,14012902332939303710,76705,0,29,23,58,5280,15,14,0,3575,7200,80,255,1
1765180293.1774447,14012902332939303710,76736,0,29,23,58,5280,15,14,0,3573,7200,80,255,1
1765180294.673828,14012902332939303710,76774,0,29,23,58,5280,15,14,0,3572,7200,80,255,1
1765180295.6769655,14012902332939303710,76795,0,29,23,58,5280,15,14,0,3571,7200,80,255,1
1765180297.171587,14012902332939303710,76831,0,29,23,58,5280,15,14,0,3569,7200,80,255,1
1765180298.1836739,14012902332939303710,76852,0,29,23,58,5280,15,14,0,3568,7200,80,255,1
1765180299.676305,14012902332939303710,76882,0,29,23,58,5280,15,14,0,3567,7200,80,255,1
1765180300.676937,14012902332939303710,76904,0,29,23,58,5280,15,14,0,3566,7200,80,255,1
1765180302.1865442,14012902332939303710,76939,0,29,23,58,5280,15,14,0,3564,7200,80,255,1
1765180303.6810215,14012902332939303710,76969,0,29,23,58,5280,15,14,0,3563,7200,80,255,1
1765180305.182427,14012902332939303710,77001,0,29,23,58,5280,15,14,0,3561,7200,80,255,1
1765180306.6782963,14012902332939303710,77031,0,29,23,58,5280,15,14,0,3560,7200,80,255,1
1765180308.1744785,14012902332939303710,77066,0,29,23,58,5280,15,14,0,3558,7200,80,255,1
1765180309.1853917,14012902332939303710,77089,0,29,23,58,5280,15,14,0,3557,7200,80,255,1
1765180310.6847687,14012902332939303710,77119,0,29,23,58,5280,15,14,0,3556,7200,80,255,1
1765180312.1823819,14012902332939303710,77149,0,29,23,58,5280,15,14,0,3554,7200,80,255,1
1765180313.678013,14012902332939303710,77180,0,29,23,58,5280,15,14,0,3553,7200,80,255,1
1765180314.6786227,14012902332939303710,77200,0,29,23,58,5280,15,14,0,3552,7200,80,255,1
1765180315.6811237,14012902332939303710,77220,0,29,23,58,5280,15,14,0,3551,7200,80,255,1
1765180317.178672,14012902332939303710,77252,0,29,23,58,5280,15,14,0,3549,7200,80,255,1
1765180318.6758249,14012902332939303710,77282,0,29,23,58,5280,15,14,0,3548,7200,80,255,1
1765180320.179238,14012902332939303710,77326,0,29,23,58,5280,15,14,0,3546,7200,80,255,1
1765180321.6747305,14012902332939303710,77365,0,29,23,58,5280,15,14,0,3545,7200,80,255,1
1765180322.6847,14012902332939303710,77388,0,29,23,58,5280,15,14,0,3544,7200,80,255,1
1765180324.1859143,14012902332939303710,77418,0,29,23,58,5280,15,14,0,3542,7200,80,255,1
1765180325.6760213,14012902332939303710,77454,0,29,23,58,5280,15,14,0,3541,7200,80,255,1
1765180326.6762726,14012902332939303710,77476,0,29,23,58,5280,15,14,0,3540,7200,80,255,1
1765180328.1800973,14012902332939303710,77507,0,29,23,58,5280,15,14,0,3538,7200,80,255,1
1765180329.6863232,14012902332939303710,77541,0,29,23,58,5280,15,14,0,3537,7200,80,255,1
1765180331.1845477,14012902332939303710,77573,0,29,23,58,5280,15,14,0,3535,7200,80,255,1
1765180332.1882808,14012902332939303710,77596,0,29,23,58,5280,15,14,0,3534,7200,80,255,1
1765180333.6784081,14012902332939303710,77629,0,29,23,58,5280,15,14,0,3533,7200,80,255,1
1765180335.1787202,14012902332939303710,77663,0,29,23,58,5280,15,14,0,3531,7200,80,255,1
1765180336.6836452,14012902332939303710,77695,0,29,23,58,5280,15,14,0,3530,7200,80,255,1
1765180338.1848884,14012902332939303710,77729,0,29,23,58,5280,15,14,0,3528,7200,80,255,1
1765180339.6823857,14012902332939303710,77765,0,29,23,58,5280,15,14,0,3527,7200,80,255,1
1765180341.1778798,14012902332939303710,77799,0,29,23,58,5280,15,14,0,3525,7200,80,255,1
1765180342.6774158,14012902332939303710,77831,0,29,23,58,5280,15,14,0,3524,7200,80,255,1
1765180344.1781435,14012902332939303710,77863,0,29,23,58,5280,15,14,0,3522,7200,80,255,1
1765180345.6854546,14012902332939303710,77896,0,29,23,58,5280,15,14,0,3521,7200,80,255,1
1765180347.1814687,14012902332939303710,77928,0,29,23,58,5280,15,14,0,3519,7200,80,255,1
1765180348.1849067,14012902332939303710,77952,0,29,23,58,5280,15,14,0,3518,7200,80,255,1
1765180349.6812437,14012902332939303710,77986,0,29,23,58,5280,15,14,0,3517,7200,80,255,1
1765180351.1801527,14012902332939303710,78018,0,29,23,58,5280,15,14,0,3515,7200,80,255,1
1765180352.1852813,14012902332939303710,78040,0,29,23,58,5280,15,14,0,3514,7200,80,255,1
1765180353.6750789,14012902332939303710,78073,0,29,23,58,5280,15,14,0,3513,7200,80,255,1
1765180354.6824892,14012902332939303710,78095,0,29,23,58,5280,15,14,0,3512,7200,80,255,1
1765180355.6825635,14012902332939303710,78116,0,29,23,58,5280,15,14,0,3511,7200,80,255,1
1765180357.1815665,14012902332939303710,78148,0,29,23,58,5280,15,14,0,3509,7200,80,255,1
1765180358.6756754,14012902332939303710,78182,0,29,23,58,5280,15,14,0,3508,7200,80,255,1
1765180360.1743464,14012902332939303710,78216,0,29,23,58,5280,15,14,0,3506,7200,80,255,1
1765180361.6772697,14012902332939303710,78251,0,29,23,58,5280,15,14,0,3505,7200,80,255,1
1765180362.6834967,14012902332939303710,78271,0,29,23,58,5280,15,14,0,3504,7200,80,255,1
1765180364.1822128,14012902332939303710,78305,0,29,23,58,5280,15,14,0,3502,7200,80,255,1
1765180365.1825309,14012902332939303710,78327,0,29,23,58,5280,15,14,0,3501,7200,80,255,1
1765180366.6792676,14012902332939303710,78360,0,29,23,58,5280,15,14,0,3500,7200,80,255,1
1765180367.6846855,14012902332939303710,78383,0,29,23,58,5280,15,14,0,3499,7200,80,255,1
1765180369.1760116,14012902332939303710,78414,0,29,23,58,5280,15,14,0,3497,7200,80,255,1
1765180370.1775236,14012902332939303710,78436,0,29,23,58,5280,15,14,0,3496,7200,80,255,1
1765180371.181446,14012902332939303710,78458,0,29,23,58,5280,15,14,0,3495,7200,80,255,1
1765180372.1847053,14012902332939303710,78479,0,29,23,58,5280,15,14,0,3494,7200,80,255,1
1765180373.6799672,14012902332939303710,78513,0,29,23,58,5280,15,14,0,3493,7200,80,255,1
1765180374.6814916,14012902332939303710,78536,0,29,23,58,5280,15,14,0,3492,7200,80,255,1
1765180376.180091,14012902332939303710,78570,0,29,23,58,5280,15,14,0,3490,7200,80,255,1
1765180377.1823509,14012902332939303710,78591,0,29,23,58,5280,15,14,0,3489,7200,80,255,1
1765180378.1845675,14012902332939303710,78613,0,29,23,58,5280,15,14,0,3488,7200,80,255,1
1765180379.185098,14012902332939303710,78635,0,29,23,58,5280,15,14,0,3487,7200,80,255,1
1765180380.6850338,14012902332939303710,78666,0,29,23,58,5280,15,14,0,3486,7200,80,255,1
1765180382.1816554,14012902332939303710,78701,0,29,23,58,5280,15,14,0,3484,7200,80,255,1
1765180383.184755,14012902332939303710,78723,0,29,23,58,5280,15,14,0,3483,7200,80,255,1
1765180384.6790485,14012902332939303710,78759,0,29,23,58,5280,15,14,0,3482,7200,80,255,1
1765180385.6847126,14012902332939303710,78779,0,29,23,58,5280,15,14,0,3481,7200,80,255,1
1765180387.1802523,14012902332939303710,78813,0,29,23,58,5280,15,14,0,3479,7200,80,255,1
1765180388.181473,14012902332939303710,78835,0,29,23,58,5280,15,14,0,3478,7200,80,255,1
1765180389.184025,14012902332939303710,78857,0,29,23,58,5280,15,14,0,3477,7200,80,255,1
1765180390.6817224,14012902332939303710,78890,0,29,23,58,5280,15,14,0,3476,7200,80,255,1
1765180391.6838732,14012902332939303710,78911,0,29,23,58,5280,15,14,0,3475,7200,80,255,1
1765180393.1784675,14012902332939303710,78946,0,29,23,58,5280,15,14,0,3473,7200,80,255,1
1765180394.1811135,14012902332939303710,78970,0,29,23,58,5280,15,14,0,3472,7200,80,255,1
1765180395.6789749,14012902332939303710,79006,0,29,23,58,5280,15,14,0,3471,7200,80,255,1
1765180396.6822588,14012902332939303710,79029,0,29,23,58,5280,15,14,0,3470,7200,80,255,1
1765180397.683904,14012902332939303710,79050,0,29,23,58,5280,15,14,0,3469,7200,80,255,1
1765180399.1796498,14012902332939303710,79085,0,29,23,58,5280,15,14,0,3467,7200,80,255,1
1765180400.184737,14012902332939303710,79108,0,29,23,58,5280,15,14,0,3466,7200,80,255,1
1765180401.1849644,14012902332939303710,79130,0,29,23,58,5280,15,14,0,3465,7200,80,255,1
1765180402.6809146,14012902332939303710,79164,0,29,23,58,5280,15,14,0,3464,7200,80,255,1
1765180403.681347,14012902332939303710,79187,0,29,23,58,5280,15,14,0,3463,7200,80,255,1
1765180404.684655,14012902332939303710,79209,0,29,23,58,5280,15,14,0,3462,7200,80,255,1
1765180406.1822212,14012902332939303710,79242,0,29,23,58,5280,15,14,0,3460,7200,80,255,1
1765180407.1848443,14012902332939303710,79263,0,29,23,58,5280,15,14,0,3459,7200,80,255,1
1765180408.6811643,14012902332939303710,79298,0,29,23,58,5280,15,14,0,3458,7200,80,255,1
1765180410.1778553,14012902332939303710,79331,0,29,23,58,5280,15,14,0,3456,7200,80,255,1
1765180411.1780736,14012902332939303710,79354,0,29,23,58,5280,15,14,0,3455,7200,80,255,1
1765180412.179108,14012902332939303710,79377,0,29,23,58,5280,15,14,0,3454,7200,80,255,1
1765180413.180116,14012902332939303710,79399,0,29,23,58,5280,15,14,0,3453,7200,80,255,1
1765180414.1826808,14012902332939303710,79422,0,29,23,58,5280,15,14,0,3452,7200,80,255,1
1765180415.6798368,14012902332939303710,79457,0,29,23,58,5280,15,14,0,3451,7200,80,255,1
1765180416.681289,14012902332939303710,79479,0,29,23,58,5280,15,14,0,3450,7200,80,255,1
1765180417.6816,14012902332939303710,79501,0,29,23,58,5280,15,14,0,3449,7200,80,255,1
1765180418.6827552,14012902332939303710,79523,0,29,23,58,5280,15,14,0,3448,7200,80,255,1
1765180419.6851017,14012902332939303710,79545,0,29,23,58,5280,15,14,0,3447,7200,80,255,1
1765180421.1823082,14012902332939303710,79578,0,29,23,58,5280,15,14,0,3445,7200,80,255,1
1765180422.1837258,14012902332939303710,79600,0,29,23,58,5280,15,14,0,3444,7200,80,255,1
1765180423.6788793,14012902332939303710,79635,0,29,23,58,5280,15,14,0,3443,7200,80,255,1
1765180424.6810834,14012902332939303710,79658,0,29,23,58,5280,15,14,0,3442,7200,80,255,1
1765180425.6848986,14012902332939303710,79678,0,29,23,58,5280,15,14,0,3441,7200,80,255,1
1765180427.1827402,14012902332939303710,79712,0,29,23,58,5280,15,14,0,3439,7200,80,255,1
1765180428.6790516,14012902332939303710,79747,0,29,23,58,5280,15,14,0,3438,7200,80,255,1
1765180429.6803684,14012902332939303710,79770,0,29,23,58,5280,15,14,0,3437,7200,80,255,1
1765180430.6848946,14012902332939303710,79791,0,29,23,58,5280,15,14,0,3436,7200,80,255,1
1765180432.179953,14012902332939303710,79827,0,29,23,58,5280,15,14,0,3434,7200,80,255,1
1765180433.1807206,14012902332939303710,79850,0,29,23,58,5280,15,14,0,3433,7200,80,255,1
1765180434.676355,14012902332939303710,79884,0,29,23,58,5280,15,14,0,3432,7200,80,255,1
1765180435.681834,14012902332939303710,79906,0,29,23,58,5280,15,14,0,3431,7200,80,255,1
1765180436.6850188,14012902332939303710,79927,0,29,23,58,5280,15,14,0,3430,7200,80,255,1
1765180438.1810868,14012902332939303710,79961,0,29,23,58,5280,15,14,0,3428,7200,80,255,1
1765180439.1813085,14012902332939303710,79985,0,29,23,58,5280,15,14,0,3427,7200,80,255,1
1765180440.187098,14012902332939303710,80007,0,29,23,58,5280,15,14,0,3426,7200,80,255,1
1765180441.679368,14012902332939303710,80041,0,29,23,58,5280,15,14,0,3425,7200,80,255,1
1765180442.6821306,14012902332939303710,80064,0,29,23,58,5280,15,14,0,3424,7200,80,255,1
1765180443.6827428,14012902332939303710,80086,0,29,23,58,5280,15,14,0,3423,7200,80,255,1
1765180445.1851077,14012902332939303710,80120,0,29,23,58,5280,15,14,0,3421,7200,80,255,1
1765180446.6808481,14012902332939303710,80155,0,29,23,58,5280,15,14,0,3420,7200,80,255,1
1765180447.6811264,14012902332939303710,80177,0,29,23,58,5280,15,14,0,3419,7200,80,255,1
1765180448.6826696,14012902332939303710,80199,0,29,23,58,5280,15,14,0,3418,7200,80,255,1
1765180450.1769273,14012902332939303710,80232,0,29,23,58,5280,15,14,0,3416,7200,80,255,1
1765180451.1829426,14012902332939303710,80255,0,29,23,58,5280,15,14,0,3415,7200,80,255,1
1765180452.1838498,14012902332939303710,80276,0,29,23,58,5280,15,14,0,3414,7200,80,255,1
1765180453.6822278,14012902332939303710,80310,0,29,23,58,5280,15,14,0,3413,7200,80,255,1
1765180454.6824336,14012902332939303710,80331,0,29,23,58,5280,15,14,0,3412,7200,80,255,1
1765180456.1813562,14012902332939303710,80365,0,29,23,58,5280,15,14,0,3410,7200,80,255,1
1765180457.1844704,14012902332939303710,80387,0,29,23,58,5280,15,14,0,3409,7200,80,255,1
1765180458.6816285,14012902332939303710,80422,0,29,23,58,5280,15,14,0,3408,7200,80,255,1
1765180459.6838107,14012902332939303710,80443,0,29,23,58,5280,15,14,0,3407,7200,80,255,1
1765180461.1832192,14012902332939303710,80477,0,29,23,58,5280,15,14,0,3405,7200,80,255,1
1765180462.1840622,14012902332939303710,80498,0,29,23,58,5280,15,14,0,3404,7200,80,255,1
1765180463.1853588,14012902332939303710,80520,0,29,23,58,5280,15,14,0,3403,7200,80,255,1
1765180464.6812208,14012902332939303710,80555,0,29,23,58,5280,15,14,0,3402,7200,80,255,1
1765180466.181342,14012902332939303710,80589,0,29,23,58,5280,15,14,0,3400,7200,80,255,1
1765180467.1832607,14012902332939303710,80610,0,29,23,58,5280,15,14,0,3399,7200,80,255,1
1765180468.184224,14012902332939303710,80631,0,29,23,58,5280,15,14,0,3398,7200,80,255,1
1765180469.680943,14012902332939303710,80666,0,29,23,58,5280,15,14,0,3397,7200,80,255,1
1765180470.6836064,14012902332939303710,80687,0,29,23,58,5280,15,14,0,3396,7200,80,255,1
1765180471.6843266,14012902332939303710,80708,0,29,23,58,5280,15,14,0,3395,7200,80,255,1
1765180473.180906,14012902332939303710,80742,0,29,23,58,5280,15,14,0,3393,7200,80,255,1
1765180474.1836987,14012902332939303710,80764,0,29,23,58,5280,15,14,0,3392,7200,80,255,1
1765180475.1841578,14012902332939303710,80786,0,29,23,58,5280,15,14,0,3391,7200,80,255,1
1765180476.6828442,14012902332939303710,80820,0,29,23,58,5280,15,14,0,3390,7200,80,255,1
1765180477.6846805,14012902332939303710,80842,0,29,23,58,5280,15,14,0,3389,7200,80,255,1
1765180479.1811392,14012902332939303710,80876,0,29,23,58,5280,15,14,0,3387,7200,80,255,1
1765180480.1822913,14012902332939303710,80898,0,29,23,58,5280,15,14,0,3386,7200,80,255,1
1765180481.6815474,14012902332939303710,80933,0,29,23,58,5280,15,14,0,3385,7200,80,255,1
1765180482.683971,14012902332939303710,80955,0,29,23,58,5280,15,14,0,3384,7200,80,255,1
1765180484.1775396,14012902332939303710,80989,0,29,23,58,5280,15,14,0,3382,7200,80,255,1
1765180485.1814876,14012902332939303710,81012,0,29,23,58,5280,15,14,0,3381,7200,80,255,1
1765180486.681181,14012902332939303710,81046,0,29,23,58,5280,15,14,0,3380,7200,80,255,1
1765180487.6826627,14012902332939303710,81068,0,29,23,58,5280,15,14,0,3379,7200,80,255,1
1765180488.6837597,14012902332939303710,81091,0,29,23,58,5280,15,14,0,3378,7200,80,255,1
1765180490.1794329,14012902332939303710,81126,0,29,23,58,5280,15,14,0,3376,7200,80,255,1
1765180491.18456,14012902332939303710,81148,0,29,23,58,5280,15,14,0,3375,7200,80,255,1
1765180492.184774,14012902332939303710,81169,0,29,23,58,5280,15,14,0,3374,7200,80,255,1
1765180493.6805446,14012902332939303710,81204,0,29,23,58,5280,15,14,0,3373,7200,80,255,1
1765180494.6841874,14012902332939303710,81225,0,29,23,58,5280,15,14,0,3372,7200,80,255,1
1765180496.1818857,14012902332939303710,81259,0,29,23,58,5280,15,14,0,3370,7200,80,255,1
1765180497.1844423,14012902332939303710,81280,0,29,23,58,5280,15,14,0,3369,7200,80,255,1
1765180498.68058,14012902332939303710,81315,0,29,23,58,5280,15,14,0,3368,7200,80,255,1
1765180499.6832633,14012902332939303710,81337,0,29,23,58,5280,15,14,0,3367,7200,80,255,1
1765180501.183685,14012902332939303710,81370,0,29,23,58,5280,15,14,0,3365,7200,80,255,1
1765180502.1851895,14012902332939303710,81391,0,29,23,58,5280,15,14,0,3364,7200,80,255,1
1765180503.6805782,14012902332939303710,81426,0,29,23,58,5280,15,14,0,3363,7200,80,255,1
1765180504.682368,14012902332939303710,81447,0,29,23,58,5280,15,14,0,3362,7200,80,255,1
1765180506.181412,14012902332939303710,81482,0,29,23,58,5280,15,14,0,3360,7200,80,255,1
1765180507.1837106,14012902332939303710,81504,0,29,23,58,5280,15,14,0,3359,7200,80,255,1
1765180508.184997,14012902332939303710,81526,0,29,23,58,5280,15,14,0,3358,7200,80,255,1
1765180509.6789083,14012902332939303710,81560,0,29,23,58,5280,15,14,0,3357,7200,80,255,1
1765180510.684746,14012902332939303710,81581,0,29,23,58,5280,15,14,0,3356,7200,80,255,1
1765180512.1808016,14012902332939303710,81616,0,29,23,58,5280,15,14,0,3354,7200,80,255,1
1765180513.1813667,14012902332939303710,81638,0,29,23,58,5280,15,14,0,3353,7200,80,255,1
1765180514.184748,14012902332939303710,81660,0,29,23,58,5280,15,14,0,3352,7200,80,255,1
1765180515.6814265,14012902332939303710,81693,0,29,23,58,5280,15,14,0,3351,7200,80,255,1
1765180516.6816866,14012902332939303710,81715,0,29,23,58,5280,15,14,0,3350,7200,80,255,1
1765180517.682685,14012902332939303710,81736,0,29,23,58,5280,15,14,0,3349,7200,80,255,1
1765180518.6858387,14012902332939303710,81757,0,29,23,58,5280,15,14,0,3348,7200,80,255,1
1765180520.1805491,14012902332939303710,81791,0,29,23,58,5280,15,14,0,3346,7200,80,255,1
1765180521.6807516,14012902332939303710,81825,0,29,23,58,5280,15,14,0,3345,7200,80,255,1
1765180522.681639,14012902332939303710,81847,0,29,23,58,5280,15,14,0,3344,7200,80,255,1
1765180523.6831524,14012902332939303710,81870,0,29,23,58,5280,15,14,0,3343,7200,80,255,1
1765180524.6838381,14012902332939303710,81892,0,29,23,58,5280,15,14,0,3342,7200,80,255,1
1765180526.1845982,14012902332939303710,81926,0,29,23,58,5280,15,14,0,3340,7200,80,255,1
1765180527.6793656,14012902332939303710,81960,0,29,23,58,5280,15,14,0,3339,7200,80,255,1
1765180528.6814651,14012902332939303710,81983,0,29,23,58,5280,15,14,0,3338,7200,80,255,1
1765180529.683793,14012902332939303710,82005,0,29,23,58,5280,15,14,0,3337,7200,80,255,1
1765180531.1814833,14012902332939303710,82038,0,29,23,58,5280,15,14,0,3335,7200,80,255,1
1765180532.1856172,14012902332939303710,82060,0,29,23,58,5280,15,14,0,3334,7200,80,255,1
1765180533.6817613,14012902332939303710,82095,0,29,23,58,5280,15,14,0,3333,7200,80,255,1
1765180534.683446,14012902332939303710,82118,0,29,23,58,5280,15,14,0,3332,7200,80,255,1
1765180536.18158,14012902332939303710,82153,0,29,23,58,5280,15,14,0,3330,7200,80,255,1
1765180537.1837323,14012902332939303710,82174,0,29,23,58,5280,15,14,0,3329,7200,80,255,1
1765180538.1859045,14012902332939303710,82197,0,29,23,58,5280,15,14,0,3328,7200,80,255,1
1765180539.1868587,14012902332939303710,82219,0,29,23,58,5280,15,14,0,3327,7200,80,255,1
1765180540.6851285,14012902332939303710,82253,0,29,23,58,5280,15,14,0,3326,7200,80,255,1
1765180542.1811972,14012902332939303710,82287,0,29,23,58,5280,15,14,0,3324,7200,80,255,1
1765180543.1813345,14012902332939303710,82309,0,29,23,58,5280,15,14,0,3323,7200,80,255,1
1765180544.1847138,14012902332939303710,82331,0,29,23,58,5280,15,14,0,3322,7200,80,255,1
1765180545.6846225,14012902332939303710,82364,0,29,23,58,5280,15,14,0,3321,7200,80,255,1
1765180547.1808057,14012902332939303710,82397,0,29,23,58,5280,15,14,0,3319,7200,80,255,1
1765180548.1827576,14012902332939303710,82419,0,29,23,58,5280,15,14,0,3318,7200,80,255,1
1765180549.1860554,14012902332939303710,82440,0,29,23,58,5280,15,14,0,3317,7200,80,255,1
1765180550.6724744,14012902332939303710,82474,0,29,23,58,5280,15,14,0,3316,7200,80,255,1
1765180551.6737077,14012902332939303710,82497,0,29,23,58,5280,15,14,0,3315,7200,80,255,1
1765180552.6742237,14012902332939303710,82520,0,29,23,58,5280,15,14,0,3314,7200,80,255,1
1765180554.1823952,14012902332939303710,82555,0,29,23,58,5280,15,14,0,3312,7200,80,255,1
1765180555.1843817,14012902332939303710,82577,0,29,23,58,5280,15,14,0,3311,7200,80,255,1
1765180556.6815646,14012902332939303710,82612,0,29,23,58,5280,15,14,0,3310,7200,80,255,1
1765180557.6847236,14012902332939303710,82633,0,29,23,58,5280,15,14,0,3309,7200,80,255,1
1765180559.1793628,14012902332939303710,82668,0,29,23,58,5280,15,14,0,3307,7200,80,255,1
1765180560.1813433,14012902332939303710,82691,0,29,23,58,5280,15,14,0,3306,7200,80,255,1
1765180561.6812785,14012902332939303710,82724,0,29,23,58,5280,15,14,0,3305,7200,80,255,1
1765180562.6836083,14012902332939303710,82746,0,29,23,58,5280,15,14,0,3304,7200,80,255,1
1765180563.684729,14012902332939303710,82768,0,29,23,58,5280,15,14,0,3303,7200,80,255,1
1765180565.1793191,14012902332939303710,82803,0,29,23,58,5280,15,14,0,3301,7200,80,255,1
1765180566.1841533,14012902332939303710,82825,0,29,23,58,5280,15,14,0,3300,7200,80,255,1
1765180567.1864123,14012902332939303710,82847,0,29,23,58,5280,15,14,0,3299,7200,80,255,1
1765180568.6806848,14012902332939303710,82881,0,29,23,58,5280,15,14,0,3298,7200,80,255,1
1765180569.6828952,14012902332939303710,82904,0,29,23,58,5280,15,14,0,3297,7200,80,255,1
1765180570.687987,14012902332939303710,82925,0,29,23,58,5280,15,14,0,3296,7200,80,255,1
1765180572.1830068,14012902332939303710,82959,0,29,23,58,5280,15,14,0,3294,7200,80,255,1
1765180573.183852,14012902332939303710,82981,0,29,23,58,5280,15,14,0,3293,7200,80,255,1
1765180574.1858978,14012902332939303710,83002,0,29,23,58,5280,15,14,0,3292,7200,80,255,1
1765180575.6863017,14012902332939303710,83036,0,29,23,58,5280,15,14,0,3291,7200,80,255,1
1765180577.180441,14012902332939303710,83071,0,29,23,58,5280,15,14,0,3289,7200,80,255,1
1765180578.6737206,14012902332939303710,83105,0,29,23,58,5280,15,14,0,3288,7200,80,255,1
1765180579.6748426,14012902332939303710,83127,0,29,23,58,5280,15,14,0,3287,7200,80,255,1
1765180580.6804314,14012902332939303710,83150,0,29,23,58,5280,15,14,0,3286,7200,80,255,1
1765180581.6821022,14012902332939303710,83172,0,29,23,58,5280,15,14,0,3285,7200,80,255,1
1765180582.6833436,14012902332939303710,83194,0,29,23,58,5280,15,14,0,3284,7200,80,255,1
1765180583.6855721,14012902332939303710,83216,0,29,23,58,5280,15,14,0,3283,7200,80,255,1
1765180584.6864097,14012902332939303710,83237,0,29,23,58,5280,15,14,0,3282,7200,80,255,1
1765180586.183854,14012902332939303710,83269,0,29,23,58,5280,15,14,0,3280,7200,80,255,1
1765180587.1850493,14012902332939303710,83290,0,29,23,58,5280,15,14,0,3279,7200,80,255,1
1765180588.1868212,14012902332939303710,83314,0,29,23,58,5280,15,14,0,3278,7200,80,255,1
1765180589.6813002,14012902332939303710,83349,0,29,23,58,5280,15,14,0,3277,7200,80,255,1
1765180590.6870115,14012902332939303710,83370,0,29,23,58,5280,15,14,0,3276,7200,80,255,1
1765180592.1831844,14012902332939303710,83403,0,29,23,58,5280,15,14,0,3274,7200,80,255,1
1765180593.1847098,14012902332939303710,83425,0,29,23,58,5280,15,14,0,3273,7200,80,255,1
1765180594.1857607,14012902332939303710,83448,0,29,23,58,5280,15,14,0,3272,7200,80,255,1
1765180595.6844091,14012902332939303710,83482,0,29,23,58,5280,15,14,0,3271,7200,80,255,1
1765180596.6856472,14012902332939303710,83504,0,29,23,58,5280,15,14,0,3270,7200,80,255,1
1765180598.1793387,14012902332939303710,83538,0,29,23,58,5280,15,14,0,3268,7200,80,255,1
1765180599.1794167,14012902332939303710,83561,0,29,23,58,5280,15,14,0,3267,7200,80,255,1
1765180600.1812625,14012902332939303710,83584,0,29,23,58,5280,15,14,0,3266,7200,80,255,1
1765180601.1858182,14012902332939303710,83607,0,29,23,58,5280,15,14,0,3265,7200,80,255,1
1765180602.1868827,14012902332939303710,83629,0,29,23,58,5280,15,14,0,3264,7200,80,255,1
1765180603.680232,14012902332939303710,83664,0,29,23,58,5280,15,14,0,3263,7200,80,255,1
1765180604.681501,14012902332939303710,83687,0,29,23,58,5280,15,14,0,3262,7200,80,255,1
1765180605.6849504,14012902332939303710,83709,0,29,23,58,5280,15,14,0,3261,7200,80,255,1
1765180607.1814964,14012902332939303710,83742,0,29,23,58,5280,15,14,0,3259,7200,80,255,1
1765180608.1817605,14012902332939303710,83764,0,29,23,58,5280,15,14,0,3258,7200,80,255,1
1765180609.1845002,14012902332939303710,83785,0,29,23,58,5280,15,14,0,3257,7200,80,255,1
1765180610.6832287,14012902332939303710,83817,0,29,23,58,5280,15,14,0,3256,7200,80,255,1
1765180611.683727,14012902332939303710,83838,0,29,23,58,5280,15,14,0,3255,7200,80,255,1
1765180612.6855562,14012902332939303710,83859,0,29,23,58,5280,15,14,0,3254,7200,80,255,1
1765180614.1813674,14012902332939303710,83893,0,29,23,58,5280,15,14,0,3252,7200,80,255,1
1765180615.185071,14012902332939303710,83914,0,29,23,58,5280,15,14,0,3251,7200,80,255,1
1765180616.6819496,14012902332939303710,83946,0,29,23,58,5280,15,14,0,3250,7200,80,255,1
1765180617.6834483,14012902332939303710,83968,0,29,23,58,5280,15,14,0,3249,7200,80,255,1
1765180618.6843717,14012902332939303710,83989,0,29,23,58,5280,15,14,0,3248,7200,80,255,1
1765180620.1794047,14012902332939303710,84023,0,29,23,58,5280,15,14,0,3246,7200,80,255,1
1765180621.1851807,14012902332939303710,84045,0,29,23,58,5280,15,14,0,3245,7200,80,255,1
1765180622.6796026,14012902332939303710,84078,0,29,23,58,5280,15,14,0,3244,7200,80,255,1
1765180623.6806364,14012902332939303710,84099,0,29,23,58,5280,15,14,0,3243,7200,80,255,1
1765180624.6821702,14012902332939303710,84121,0,29,23,58,5280,15,14,0,3242,7200,80,255,1
1765180626.181459,14012902332939303710,84155,0,29,23,58,5280,15,14,0,3240,7200,80,255,1
1765180627.1823626,14012902332939303710,84177,0,29,23,58,5280,15,14,0,3239,7200,80,255,1
1765180628.1828384,14012902332939303710,84199,0,29,23,58,5280,15,14,0,3238,7200,80,255,1
1765180629.183595,14012902332939303710,84220,0,29,23,58,5280,15,14,0,3237,7200,80,255,1
1765180630.68055,14012902332939303710,84251,0,29,23,58,5280,15,14,0,3236,7200,80,255,1
1765180631.6825967,14012902332939303710,84273,0,29,23,58,5280,15,14,0,3235,7200,80,255,1
1765180632.6826155,14012902332939303710,84294,0,29,23,58,5280,15,14,0,3234,7200,80,255,1
1765180633.6836545,14012902332939303710,84315,0,29,23,58,5280,15,14,0,3233,7200,80,255,1
1765180634.6837678,14012902332939303710,84336,0,29,23,58,5280,15,14,0,3232,7200,80,255,1
1765180636.1836782,14012902332939303710,84369,0,29,23,58,5280,15,14,0,3230,7200,80,255,1
1765180637.1837916,14012902332939303710,84390,0,29,23,58,5280,15,14,0,3229,7200,80,255,1
1765180638.680514,14012902332939303710,84423,0,29,23,58,5280,15,14,0,3228,7200,80,255,1
1765180639.6814506,14012902332939303710,84445,0,29,23,58,5280,15,14,0,3227,7200,80,255,1
1765180641.1789777,14012902332939303710,84479,0,29,23,58,5280,15,14,0,3225,7200,80,255,1
1765180642.1828666,14012902332939303710,84501,0,29,23,58,5280,15,14,0,3224,7200,80,255,1
1765180643.1846952,14012902332939303710,84523,0,29,23,58,5280,15,14,0,3223,7200,80,255,1
1765180644.1849523,14012902332939303710,84544,0,29,23,58,5280,15,14,0,3222,7200,80,255,1
1765180645.6816924,14012902332939303710,84576,0,29,23,58,5280,15,14,0,3221,7200,80,255,1
1765180646.6838546,14012902332939303710,84597,0,29,23,58,5280,15,14,0,3220,7200,80,255,1
1765180647.6851819,14012902332939303710,84618,0,29,23,58,5280,15,14,0,3219,7200,80,255,1
1765180649.1791353,14012902332939303710,84652,0,29,23,58,5280,15,14,0,3217,7200,80,255,1
1765180650.1791708,14012902332939303710,84674,0,29,23,58,5280,15,14,0,3216,7200,80,255,1
1765180651.1846774,14012902332939303710,84695,0,29,23,58,5280,15,14,0,3215,7200,80,255,1
1765180652.1856315,14012902332939303710,84716,0,29,23,58,5280,15,14,0,3214,7200,80,255,1
1765180653.6779466,14012902332939303710,84748,0,29,23,58,5280,15,14,0,3213,7200,80,255,1
1765180654.6788735,14012902332939303710,84770,0,29,23,58,5280,15,14,0,3212,7200,80,255,1
1765180656.1806118,14012902332939303710,84802,0,29,23,58,5280,15,14,0,3210,7200,80,255,1
1765180657.1827574,14012902332939303710,84824,0,29,23,58,5280,15,14,0,3209,7200,80,255,1
1765180658.1858943,14012902332939303710,84845,0,29,23,58,5280,15,14,0,3208,7200,80,255,1
1765180659.6811473,14012902332939303710,84878,0,29,23,58,5280,15,14,0,3207,7200,80,255,1
1765180660.6856513,14012902332939303710,84900,0,29,23,58,5280,15,14,0,3206,7200,80,255,1
1765180662.1790833,14012902332939303710,84933,0,29,23,58,5280,15,14,0,3204,7200,80,255,1
1765180663.1814833,14012902332939303710,84955,0,29,23,58,5280,15,14,0,3203,7200,80,255,1
1765180664.183462,14012902332939303710,84976,0,29,23,58,5280,15,14,0,3202,7200,80,255,1
1765180665.1842022,14012902332939303710,84997,0,29,23,58,5280,15,14,0,3201,7200,80,255,1
1765180666.6816423,14012902332939303710,85029,0,29,23,58,5280,15,14,0,3200,7200,80,255,1
1765180667.6838765,14012902332939303710,85052,0,29,23,58,5280,15,14,0,3199,7200,80,255,1
1765180668.6858494,14012902332939303710,85074,0,29,23,58,5280,15,14,0,3198,7200,80,255,1
1765180670.182777,14012902332939303710,85106,0,29,23,58,5280,15,14,0,3196,7200,80,255,1
1765180671.6814556,14012902332939303710,85139,0,29,23,58,5280,15,14,0,3195,7200,80,255,1
1765180672.6823378,14012902332939303710,85161,0,29,23,58,5280,15,14,0,3194,7200,80,255,1
1765180673.6844363,14012902332939303710,85183,0,29,23,58,5280,15,14,0,3193,7200,80,255,1
1765180674.6859658,14012902332939303710,85204,0,29,23,58,5280,15,14,0,3192,7200,80,255,1
1765180676.1853402,14012902332939303710,85237,0,29,23,58,5280,15,14,0,3190,7200,80,255,1
1765180677.6807733,14012902332939303710,85271,0,29,23,58,5280,15,14,0,3189,7200,80,255,1
1765180678.6825576,14012902332939303710,85294,0,29,23,58,5280,15,14,0,3188,7200,80,255,1
1765180679.683792,14012902332939303710,85316,0,29,23,58,5280,15,14,0,3187,7200,80,255,1
1765180681.18429,14012902332939303710,85350,0,29,23,58,5280,15,14,0,3185,7200,80,255,1
1765180682.18576,14012902332939303710,85373,0,29,23,58,5280,15,14,0,3184,7200,80,255,1
1765180683.6811848,14012902332939303710,85407,0,29,23,58,5280,15,14,0,3183,7200,80,255,1
1765180685.1713047,14012902332939303710,85441,0,29,23,58,5280,15,14,0,3181,7200,80,255,1
1765180686.177114,14012902332939303710,85463,0,29,23,58,5280,15,14,0,3180,7200,80,255,1
1765180687.6847684,14012902332939303710,85499,0,29,23,58,5280,15,14,0,3179,7200,80,255,1
1765180689.1758697,14012902332939303710,85533,0,29,23,58,5280,15,14,0,3177,7200,80,255,1
1765180690.176978,14012902332939303710,85557,0,29,23,58,5280,15,14,0,3176,7200,80,255,1
1765180691.1813345,14012902332939303710,85579,0,29,23,58,5280,15,14,0,3175,7200,80,255,1
1765180692.1825557,14012902332939303710,85602,0,29,23,58,5280,15,14,0,3174,7200,80,255,1
1765180693.1829739,14012902332939303710,85625,0,29,23,58,5280,15,14,0,3173,7200,80,255,1
1765180694.1839588,14012902332939303710,85648,0,29,23,58,5280,15,14,0,3172,7200,80,255,1
1765180695.6852882,14012902332939303710,85679,0,29,23,58,5280,15,14,0,3171,7200,80,255,1
1765180697.1713252,14012902332939303710,85711,0,29,23,58,5280,15,14,0,3169,7200,80,255,1
1765180698.181595,14012902332939303710,85735,0,29,23,58,5280,15,14,0,3168,7200,80,255,1
1765180699.682358,14012902332939303710,85771,0,29,23,58,5280,15,14,0,3167,7200,80,255,1
1765180701.1726315,14012902332939303710,85802,0,29,23,58,5280,15,14,0,3165,7200,80,255,1
1765180702.183876,14012902332939303710,85824,0,29,23,58,5280,15,14,0,3164,7200,80,255,1
1765180703.6848924,14012902332939303710,85857,0,29,23,58,5280,15,14,0,3163,7200,80,255,1
1765180705.1724741,14012902332939303710,85890,0,29,23,58,5280,15,14,0,3161,7200,80,255,1
1765180706.675784,14012902332939303710,85927,0,29,23,58,5280,15,14,0,3160,7200,80,255,1
1765180708.1789725,14012902332939303710,85962,0,29,23,58,5280,15,14,0,3158,7200,80,255,1
1765180709.6815329,14012902332939303710,85997,0,29,23,58,5280,15,14,0,3157,7200,80,255,1
1765180710.6824691,14012902332939303710,86022,0,29,23,58,5280,15,14,0,3156,7200,80,255,1
1765180712.184868,14012902332939303710,86057,0,29,23,58,5280,15,14,0,3154,7200,80,255,1
1765180713.672346,14012902332939303710,86091,0,29,23,58,5280,15,14,0,3153,7200,80,255,1
1765180714.682491,14012902332939303710,86115,0,29,23,58,5280,15,14,0,3152,7200,80,255,1
1765180716.1734843,14012902332939303710,86148,0,29,23,58,5280,15,14,0,3150,7200,80,255,1
1765180717.183703,14012902332939303710,86172,0,29,23,58,5280,15,14,0,3149,7200,80,255,1
1765180718.685084,14012902332939303710,86206,0,29,23,58,5280,15,14,0,3148,7200,80,255,1
1765180720.1714401,14012902332939303710,86240,0,29,23,58,5280,15,14,0,3146,7200,80,255,1
1765180721.172861,14012902332939303710,86262,0,29,23,58,5280,15,14,0,3145,7200,80,255,1
1765180722.6766999,14012902332939303710,86298,0,29,23,58,5280,15,14,0,3144,7200,80,255,1
1765180724.1767967,14012902332939303710,86331,0,29,23,58,5280,15,14,0,3142,7200,80,255,1
1765180725.6789165,14012902332939303710,86367,0,29,23,58,5280,15,14,0,3141,7200,80,255,1
1765180727.1769207,14012902332939303710,86401,0,29,23,58,5280,15,14,0,3139,7200,80,255,1
1765180728.6769907,14012902332939303710,86435,0,29,23,58,5280,15,14,0,3138,7200,80,255,1
1765180729.6855414,14012902332939303710,86457,0,29,23,58,5280,15,14,0,3137,7200,80,255,1
1765180731.1719797,14012902332939303710,86491,0,29,23,58,5280,15,14,0,3135,7200,80,255,1
1765180732.1806962,14012902332939303710,86515,0,29,23,58,5280,15,14,0,3134,7200,80,255,1
1765180733.678314,14012902332939303710,86549,0,29,23,58,5280,15,14,0,3133,7200,80,255,1
1765180735.1814537,14012902332939303710,86583,0,29,23,58,5280,15,14,0,3131,7200,80,255,1
1765180736.684011,14012902332939303710,86616,0,29,23,58,5280,15,14,0,3130,7200,80,255,1
1765180738.1844542,14012902332939303710,86651,0,29,23,58,5280,15,14,0,3128,7200,80,255,1
1765180739.6713917,14012902332939303710,86684,0,29,23,58,5280,15,14,0,3127,7200,80,255,1
1765180740.6718042,14012902332939303710,86706,0,29,23,58,5280,15,14,0,3126,7200,80,255,1
1765180741.6819682,14012902332939303710,86729,0,29,23,58,5280,15,14,0,3125,7200,80,255,1
1765180743.1833727,14012902332939303710,86763,0,29,23,58,5280,15,14,0,3123,7200,80,255,1
1765180744.6835544,14012902332939303710,86798,0,29,23,58,5280,15,14,0,3122,7200,80,255,1
1765180746.171297,14012902332939303710,86831,0,29,23,58,5280,15,14,0,3120,7200,80,255,1
1765180747.1760788,14012902332939303710,86857,0,29,23,58,5280,15,14,0,3119,7200,80,255,1
1765180748.1841383,14012902332939303710,86879,0,29,23,58,5280,15,14,0,3118,7200,80,255,1
1765180749.67847,14012902332939303710,86917,0,29,23,58,5280,15,14,0,3117,7200,80,255,1
1765180751.1757205,14012902332939303710,86953,0,29,23,58,5280,15,14,0,3115,7200,80,255,1
1765180752.1849113,14012902332939303710,86975,0,29,23,58,5280,15,14,0,3114,7200,80,255,1
1765180753.6770988,14012902332939303710,87012,0,29,23,58,5280,15,14,0,3113,7200,80,255,1
1765180754.6849833,14012902332939303710,87032,0,29,23,58,5280,15,14,0,3112,7200,80,255,1
1765180756.1839797,14012902332939303710,87065,0,29,23,58,5280,15,14,0,3110,7200,80,255,1
1765180757.6791341,14012902332939303710,87097,0,29,23,58,5280,15,14,0,3109,7200,80,255,1
1765180759.1776037,14012902332939303710,87132,0,29,23,58,5280,15,14,0,3107,7200,80,255,1
1765180760.6766768,14012902332939303710,87165,0,29,23,58,5280,15,14,0,3106,7200,80,255,1
1765180762.174533,14012902332939303710,87197,0,29,23,58,5280,15,14,0,3104,7200,80,255,1
1765180763.6862192,14012902332939303710,87235,0,29,23,58,5280,15,14,0,3103,7200,80,255,1
1765180765.1815042,14012902332939303710,87270,0,29,23,58,5280,15,14,0,3101,7200,80,255,1
1765180766.182299,14012902332939303710,87292,0,29,23,58,5280,15,14,0,3100,7200,80,255,1
1765180767.6776092,14012902332939303710,87325,0,29,23,58,5280,15,14,0,3099,7200,80,255,1
1765180769.1735198,14012902332939303710,87357,0,29,23,58,5280,15,14,0,3097,7200,80,255,1
1765180770.1866097,14012902332939303710,87383,0,29,23,58,5280,15,14,0,3096,7200,80,255,1
1765180771.6848173,14012902332939303710,87419,0,29,23,58,5280,15,14,0,3095,7200,80,255,1
1765180773.1805384,14012902332939303710,87452,0,29,23,58,5280,15,14,0,3093,7200,80,255,1
1765180774.674954,14012902332939303710,87484,0,29,23,58,5280,15,14,0,3092,7200,80,255,1
1765180776.1739852,14012902332939303710,87520,0,29,23,58,5280,15,14,0,3090,7200,80,255,1
1765180777.6715624,14012902332939303710,87556,0,29,23,58,5280,15,14,0,3089,7200,80,255,1
1765180778.6828976,14012902332939303710,87579,0,29,23,58,5280,15,14,0,3088,7200,80,255,1
1765180780.1786327,14012902332939303710,87614,0,29,23,58,5280,15,14,0,3086,7200,80,255,1
1765180781.179164,14012902332939303710,87635,0,29,23,58,5280,15,14,0,3085,7200,80,255,1
1765180782.6761634,14012902332939303710,87669,0,29,23,58,5280,15,14,0,3084,7200,80,255,1
1765180784.1726692,14012902332939303710,87703,0,29,23,58,5280,15,14,0,3082,7200,80,255,1
1765180785.1826856,14012902332939303710,87726,0,29,23,58,5280,15,14,0,3081,7200,80,255,1
1765180786.1835928,14012902332939303710,87748,0,29,23,58,5280,15,14,0,3080,7200,80,255,1
1765180787.6776125,14012902332939303710,87781,0,29,23,58,5280,15,14,0,3079,7200,80,255,1
1765180789.1735146,14012902332939303710,87813,0,29,23,58,5280,15,14,0,3077,7200,80,255,1
1765180790.184791,14012902332939303710,87837,0,29,23,58,5280,15,14,0,3076,7200,80,255,1
1765180791.68464,14012902332939303710,87871,0,29,23,58,5280,15,14,0,3075,7200,80,255,1
1765180793.178405,14012902332939303710,87904,0,29,23,58,5280,15,14,0,3073,7200,80,255,1
1765180794.6723838,14012902332939303710,87937,0,29,23,58,5280,15,14,0,3072,7200,80,255,1
1765180795.6729333,14012902332939303710,87960,0,29,23,58,5280,15,14,0,3071,7200,80,255,1
1765180796.681541,14012902332939303710,87983,0,29,23,58,5280,15,14,0,3070,7200,80,255,1
1765180798.1770682,14012902332939303710,88015,0,29,23,58,5280,15,14,0,3068,7200,80,255,1
1765180799.6851728,14012902332939303710,88051,0,29,23,58,5280,15,14,0,3067,7200,80,255,1
1765180801.1849642,14012902332939303710,88085,0,29,23,58,5280,15,14,0,3065,7200,80,255,1
1765180802.679492,14012902332939303710,88118,0,29,23,58,5280,15,14,0,3064,7200,80,255,1
1765180804.1768785,14012902332939303710,88150,0,29,23,58,5280,15,14,0,3062,7200,80,255,1
1765180805.6770263,14012902332939303710,88183,0,29,23,58,5280,15,14,0,3061,7200,80,255,1
1765180807.1727555,14012902332939303710,88215,0,29,23,58,5280,15,14,0,3059,7200,80,255,1
1765180808.1847672,14012902332939303710,88239,0,29,23,58,5280,15,14,0,3058,7200,80,255,1
1765180809.6789818,14012902332939303710,88275,0,29,23,58,5280,15,14,0,3057,7200,80,255,1
1765180810.6791713,14012902332939303710,88296,0,29,23,58,5280,15,14,0,3056,7200,80,255,1
1765180812.1758208,14012902332939303710,88328,0,29,23,58,5280,15,14,0,3054,7200,80,255,1
1765180813.1864836,14012902332939303710,88352,0,29,23,58,5280,15,14,0,3053,7200,80,255,1
1765180814.6790128,14012902332939303710,88385,0,29,23,58,5280,15,14,0,3052,7200,80,255,1
1765180815.6804245,14012902332939303710,88407,0,29,23,58,5280,15,14,0,3051,7200,80,255,1
1765180817.175406,14012902332939303710,88440,0,29,23,58,5280,15,14,0,3049,7200,80,255,1
1765180818.6855752,14012902332939303710,88475,0,29,23,58,5280,15,14,0,3048,7200,80,255,1
1765180820.1789997,14012902332939303710,88508,0,29,23,58,5280,15,14,0,3046,7200,80,255,1
1765180821.181739,14012902332939303710,88531,0,29,23,58,5280,15,14,0,3045,7200,80,255,1
1765180822.679124,14012902332939303710,88563,0,29,23,58,5280,15,14,0,3044,7200,80,255,1
1765180824.1739497,14012902332939303710,88597,0,29,23,58,5280,15,14,0,3042,7200,80,255,1
1765180825.185065,14012902332939303710,88621,0,29,23,58,5280,15,14,0,3041,7200,80,255,1
1765180826.6729035,14012902332939303710,88655,0,29,23,58,5280,15,14,0,3040,7200,80,255,1
1765180827.6830704,14012902332939303710,88679,0,29,23,58,5280,15,14,0,3039,7200,80,255,1
1765180829.1795013,14012902332939303710,88712,0,29,23,58,5280,15,14,0,3037,7200,80,255,1
1765180830.6800802,14012902332939303710,88746,0,29,23,58,5280,15,14,0,3036,7200,80,255,1
1765180832.1771638,14012902332939303710,88779,0,29,23,58,5280,15,14,0,3034,7200,80,255,1
1765180833.6723592,14012902332939303710,88812,0,29,23,58,5280,15,14,0,3033,7200,80,255,1
1765180834.6839626,14012902332939303710,88837,0,29,23,58,5280,15,14,0,3032,7200,80,255,1
1765180835.6843605,14012902332939303710,88859,0,29,23,58,5280,15,14,0,3031,7200,80,255,1
1765180837.1801689,14012902332939303710,88893,0,29,23,58,5280,15,14,0,3029,7200,80,255,1
1765180838.677266,14012902332939303710,88925,0,29,23,58,5280,15,14,0,3028,7200,80,255,1
1765180840.1742473,14012902332939303710,88959,0,29,23,58,5280,15,14,0,3026,7200,80,255,1
1765180841.6722188,14012902332939303710,88995,0,29,23,58,5280,15,14,0,3025,7200,80,255,1
1765180842.6854398,14012902332939303710,89020,0,29,23,58,5280,15,14,0,3024,7200,80,255,1
1765180844.1802084,14012902332939303710,89053,0,29,23,58,5280,15,14,0,3022,7200,80,255,1
1765180845.680204,14012902332939303710,89087,0,29,23,58,5280,15,14,0,3021,7200,80,255,1
1765180847.1772149,14012902332939303710,89120,0,29,23,58,5280,15,14,0,3019,7200,80,255,1
1765180848.6711764,14012902332939303710,89153,0,29,23,58,5280,15,14,0,3018,7200,80,255,1
1765180849.6842465,14012902332939303710,89177,0,29,23,58,5280,15,14,0,3017,7200,80,255,1
1765180851.1863232,14012902332939303710,89211,0,29,23,58,5280,15,14,0,3015,7200,80,255,1
1765180852.6802795,14012902332939303710,89245,0,29,23,58,5280,15,14,0,3014,7200,80,255,1
1765180854.1770966,14012902332939303710,89277,0,29,23,58,5280,15,14,0,3012,7200,80,255,1
1765180855.6765108,14012902332939303710,89310,0,29,23,58,5280,15,14,0,3011,7200,80,255,1
1765180857.1852627,14012902332939303710,89345,0,29,23,58,5280,15,14,0,3009,7200,80,255,1
1765180858.6792305,14012902332939303710,89378,0,29,23,58,5280,15,14,0,3008,7200,80,255,1
1765180860.1750367,14012902332939303710,89411,0,29,23,58,5280,15,14,0,3006,7200,80,255,1
1765180861.1762147,14012902332939303710,89432,0,29,23,58,5280,15,14,0,3005,7200,80,255,1
1765180862.6718528,14012902332939303710,89466,0,29,23,58,5280,15,14,0,3004,7200,80,255,1
1765180863.6844125,14012902332939303710,89489,0,29,23,58,5280,15,14,0,3003,7200,80,255,1
1765180865.1806006,14012902332939303710,89522,0,29,23,58,5280,15,14,0,3001,7200,80,255,1
1765180866.6782837,14012902332939303710,89556,0,29,23,58,5280,15,14,0,3000,7200,80,255,1
1765180868.1725564,14012902332939303710,89588,0,29,23,58,5280,15,14,0,2998,7200,80,255,1
1765180869.1813853,14012902332939303710,89612,0,29,23,58,5280,15,14,0,2997,7200,80,255,1
1765180870.6813893,14012902332939303710,89645,0,29,23,58,5280,15,14,0,2996,7200,80,255,1
1765180872.1760159,14012902332939303710,89678,0,29,23,58,5280,15,14,0,2994,7200,80,255,1
1765180873.6851764,14012902332939303710,89715,0,29,23,58,5280,15,14,0,2993,7200,80,255,1
1765180875.1822422,14012902332939303710,89747,0,29,23,58,5280,15,14,0,2991,7200,80,255,1
1765180876.680482,14012902332939303710,89780,0,29,23,58,5280,15,14,0,2990,7200,80,255,1
1765180878.1739943,14012902332939303710,89813,0,29,23,58,5280,15,14,0,2988,7200,80,255,1
1765180879.1853094,14012902332939303710,89837,0,29,23,58,5280,15,14,0,2987,7200,80,255,1
1765180880.683609,14012902332939303710,89871,0,29,23,58,5280,15,14,0,2986,7200,80,255,1
1765180882.1801424,14012902332939303710,89906,0,29,23,58,5280,15,14,0,2984,7200,80,255,1
1765180883.6749659,14012902332939303710,89937,0,29,23,58,5280,15,14,0,2983,7200,80,255,1
1765180885.1848013,14012902332939303710,89973,0,29,23,58,5280,15,14,0,2981,7200,80,255,1
1765180886.1849937,14012902332939303710,89997,0,29,23,58,5280,15,14,0,2980,7200,80,255,1
1765180887.679196,14012902332939303710,90032,0,29,23,58,5280,15,14,0,2979,7200,80,255,1
1765180889.1737254,14012902332939303710,90065,0,29,23,58,5280,15,14,0,2977,7200,80,255,1
1765180890.1846926,14012902332939303710,90089,0,29,23,58,5280,15,14,0,2976,7200,80,255,1
1765180891.1858532,14012902332939303710,90112,0,29,23,58,5280,15,14,0,2975,7200,80,255,1
1765180892.680722,14012902332939303710,90146,0,29,23,58,5280,15,14,0,2974,7200,80,255,1
1765180894.1757584,14012902332939303710,90180,0,29,23,58,5280,15,14,0,2972,7200,80,255,1
1765180895.674721,14012902332939303710,90217,0,29,23,58,5280,15,14,0,2971,7200,80,255,1
1765180896.6851115,14012902332939303710,90242,0,29,23,58,5280,15,14,0,2970,7200,80,255,1
1765180898.1799946,14012902332939303710,90275,0,29,23,58,5280,15,14,0,2968,7200,80,255,1
1765180899.674861,14012902332939303710,90307,0,29,23,58,5280,15,14,0,2967,7200,80,255,1
1765180900.6768086,14012902332939303710,90331,0,29,23,58,5280,15,14,0,2966,7200,80,255,1
1765180902.185573,14012902332939303710,90366,0,29,23,58,5280,15,14,0,2964,7200,80,255,1
1765180903.6805527,14012902332939303710,90399,0,29,23,58,5280,15,14,0,2963,7200,80,255,1
1765180905.1765761,14012902332939303710,90432,0,29,23,58,5280,15,14,0,2961,7200,80,255,1
1765180906.1770408,14012902332939303710,90453,0,29,23,58,5280,15,14,0,2960,7200,80,255,1
1765180907.685454,14012902332939303710,90489,0,29,23,58,5280,15,14,0,2959,7200,80,255,1
1765180909.1802533,14012902332939303710,90522,0,29,23,58,5280,15,14,0,2957,7200,80,255,1
1765180910.680489,14012902332939303710,90554,0,29,23,58,5280,15,14,0,2956,7200,80,255,1
1765180912.1756716,14012902332939303710,90587,0,29,23,58,5280,15,14,0,2954,7200,80,255,1
1765180913.6837397,14012902332939303710,90622,0,29,23,58,5280,15,14,0,2953,7200,80,255,1
1765180915.178911,14012902332939303710,90656,0,29,23,58,5280,15,14,0,2951,7200,80,255,1
1765180916.676216,14012902332939303710,90689,0,29,23,58,5280,15,14,0,2950,7200,80,255,1
1765180918.1713421,14012902332939303710,90724,0,29,23,58,5280,15,14,0,2948,7200,80,255,1
1765180919.1824284,14012902332939303710,90749,0,29,23,58,5280,15,14,0,2947,7200,80,255,1
1765180920.6835656,14012902332939303710,90783,0,29,23,58,5280,15,14,0,2946,7200,80,255,1
1765180922.177731,14012902332939303710,90816,0,29,23,58,5280,15,14,0,2944,7200,80,255,1
1765180923.672764,14012902332939303710,90849,0,29,23,58,5280,15,14,0,2943,7200,80,255,1
1765180924.682625,14012902332939303710,90872,0,29,23,58,5280,15,14,0,2942,7200,80,255,1
1765180925.6841154,14012902332939303710,90893,0,29,23,58,5280,15,14,0,2941,7200,80,255,1
1765180927.1782317,14012902332939303710,90925,0,29,23,58,5280,15,14,0,2939,7200,80,255,1
1765180928.6725438,14012902332939303710,90958,0,29,23,58,5280,15,14,0,2938,7200,80,255,1
1765180929.6835012,14012902332939303710,90982,0,29,23,58,5280,15,14,0,2937,7200,80,255,1
1765180930.6840377,14012902332939303710,91005,0,29,23,58,5280,15,14,0,2936,7200,80,255,1
1765180932.178591,14012902332939303710,91038,0,29,23,58,5280,15,14,0,2934,7200,80,255,1
1765180933.6735659,14012902332939303710,91070,0,29,23,58,5280,15,14,0,2933,7200,80,255,1
1765180934.6840389,14012902332939303710,91094,0,29,23,58,5280,15,14,0,2932,7200,80,255,1
1765180936.183785,14012902332939303710,91128,0,29,23,58,5280,15,14,0,2930,7200,80,255,1
1765180937.6803713,14012902332939303710,91161,0,29,23,58,5280,15,14,0,2929,7200,80,255,1
1765180939.176625,14012902332939303710,91193,0,29,23,58,5280,15,14,0,2927,7200,80,255,1
1765180940.676142,14012902332939303710,91228,0,29,23,58,5280,15,14,0,2926,7200,80,255,1
1765180942.1714046,14012902332939303710,91265,0,29,23,58,5280,15,14,0,2924,7200,80,255,1
1765180943.1825476,14012902332939303710,91290,0,29,23,58,5280,15,14,0,2923,7200,80,255,1
1765180944.677875,14012902332939303710,91323,0,29,23,58,5280,15,14,0,2922,7200,80,255,1
1765180945.6791494,14012902332939303710,91345,0,29,23,58,5280,15,14,0,2921,7200,80,255,1
1765180947.1716995,14012902332939303710,91378,0,29,23,58,5280,15,14,0,2919,7200,80,255,1
1765180948.1830957,14012902332939303710,91403,0,29,23,58,5280,15,14,0,2918,7200,80,255,1
1765180949.677544,14012902332939303710,91436,0,29,23,58,5280,15,14,0,2917,7200,80,255,1
1765180950.6787896,14012902332939303710,91457,0,29,23,58,5280,15,14,0,2916,7200,80,255,1
1765180952.1837466,14012902332939303710,91491,0,29,23,58,5280,15,14,0,2914,7200,80,255,1
1765180953.6804392,14012902332939303710,91524,0,29,23,58,5280,15,14,0,2913,7200,80,255,1
1765180955.1751657,14012902332939303710,91557,0,29,23,58,5280,15,14,0,2911,7200,80,255,1
1765180956.6729481,14012902332939303710,91591,0,29,23,58,5280,15,14,0,2910,7200,80,255,1
1765180957.6852527,14012902332939303710,91616,0,29,23,58,5280,15,14,0,2909,7200,80,255,1
1765180959.1802273,14012902332939303710,91649,0,29,23,58,5280,15,14,0,2907,7200,80,255,1
1765180960.6768909,14012902332939303710,91682,0,29,23,58,5280,15,14,0,2906,7200,80,255,1
1765180961.6852434,14012902332939303710,91707,0,29,23,58,5280,15,14,0,2905,7200,80,255,1
1765180963.183803,14012902332939303710,91739,0,29,23,58,5280,15,14,0,2903,7200,80,255,1
1765180964.678537,14012902332939303710,91774,0,29,23,58,5280,15,14,0,2902,7200,80,255,1
1765180965.6788485,14012902332939303710,91795,0,29,23,58,5280,15,14,0,2901,7200,80,255,1
1765180966.686218,14012902332939303710,91817,0,29,23,58,5280,15,14,0,2900,7200,80,255,1
1765180968.1773355,14012902332939303710,91857,0,29,23,58,5280,15,14,0,2898,7200,80,255,1
1765180969.1808026,14012902332939303710,91877,0,29,23,58,5280,15,14,0,2897,7200,80,255,1
1765180970.1816597,14012902332939303710,91899,0,29,23,58,5280,15,14,0,2896,7200,80,255,1
1765180971.6800694,14012902332939303710,91934,0,29,23,58,5280,15,14,0,2895,7200,80,255,1
1765180972.68305,14012902332939303710,91956,0,29,23,58,5280,15,14,0,2894,7200,80,255,1
1765180974.17194,14012902332939303710,91987,0,29,23,58,5280,15,14,0,2892,7200,80,255,1
1765180975.1757922,14012902332939303710,92013,0,29,23,58,5280,15,14,0,2891,7200,80,255,1
1765180976.18265,14012902332939303710,92036,0,29,23,58,5280,15,14,0,2890,7200,80,255,1
1765180977.1828072,14012902332939303710,92057,0,29,23,58,5280,15,14,0,2889,7200,80,255,1
1765180978.6803594,14012902332939303710,92092,0,29,23,58,5280,15,14,0,2888,7200,80,255,1
1765180980.1770885,14012902332939303710,92126,0,29,23,58,5280,15,14,0,2886,7200,80,255,1
1765180981.6780434,14012902332939303710,92161,0,29,23,58,5280,15,14,0,2885,7200,80,255,1
1765180982.6846807,14012902332939303710,92182,0,29,23,58,5280,15,14,0,2884,7200,80,255,1
1765180984.1814458,14012902332939303710,92218,0,29,23,58,5280,15,14,0,2882,7200,80,255,1
1765180985.183771,14012902332939303710,92238,0,29,23,58,5280,15,14,0,2881,7200,80,255,1
1765180986.6802938,14012902332939303710,92270,0,29,23,58,5280,15,14,0,2880,7200,80,255,1
1765180987.6839232,14012902332939303710,92290,0,29,23,58,5280,15,14,0,2879,7200,80,255,1
1765180989.1748362,14012902332939303710,92324,0,28,23,58,5280,15,14,0,2877,7200,80,255,1
1765180990.178059,14012902332939303710,92352,0,28,23,58,5280,15,14,0,2876,7200,80,255,1
1765180991.183936,14012902332939303710,92372,0,28,23,58,5280,15,14,0,2875,7200,80,255,1
1765180992.6741452,14012902332939303710,92404,0,28,23,58,5280,15,14,0,2874,7200,80,255,1
1765180993.6836011,14012902332939303710,92429,0,28,23,58,5280,15,14,0,2873,7200,80,255,1
1765180995.1817007,14012902332939303710,92462,0,28,23,58,5280,15,14,0,2871,7200,80,255,1
1765180996.682605,14012902332939303710,92494,0,28,23,58,5280,15,14,0,2870,7200,80,255,1
1765180998.1770792,14012902332939303710,92527,0,28,23,58,5280,15,14,0,2868,7200,80,255,1
1765180999.1850755,14012902332939303710,92548,0,28,23,58,5280,15,14,0,2867,7200,80,255,1
1765181000.682755,14012902332939303710,92580,0,28,23,58,5280,15,14,0,2866,7200,80,255,1
1765181002.185237,14012902332939303710,92615,0,28,23,58,5280,15,14,0,2864,7200,80,255,1
1765181003.6812587,14012902332939303710,92649,0,28,23,58,5280,15,14,0,2863,7200,80,255,1
1765181005.1794121,14012902332939303710,92681,0,28,23,58,5280,15,14,0,2861,7200,80,255,1
1765181006.6824932,14012902332939303710,92717,0,28,23,58,5280,15,14,0,2860,7200,80,255,1
1765181007.6843514,14012902332939303710,92740,0,28,23,58,5280,15,14,0,2859,7200,80,255,1
1765181009.1751845,14012902332939303710,92776,0,28,23,58,5280,15,14,0,2857,7200,80,255,1
1765181010.1799238,14012902332939303710,92801,0,28,23,58,5280,15,14,0,2856,7200,80,255,1
1765181011.6738017,14012902332939303710,92833,0,28,23,58,5280,15,14,0,2855,7200,80,255,1
1765181012.6775386,14012902332939303710,92861,0,28,23,58,5280,15,14,0,2854,7200,80,255,1
1765181013.6812813,14012902332939303710,92881,0,28,23,58,5280,15,14,0,2853,7200,80,255,1
1765181014.683741,14012902332939303710,92902,0,28,23,58,5280,15,14,0,2852,7200,80,255,1
1765181016.180607,14012902332939303710,92934,0,28,23,58,5280,15,14,0,2850,7200,80,255,1
1765181017.1837423,14012902332939303710,92954,0,28,23,58,5280,15,14,0,2849,7200,80,255,1
1765181018.674822,14012902332939303710,92988,0,28,23,58,5280,15,14,0,2848,7200,80,255,1
1765181019.6785736,14012902332939303710,93016,0,28,23,58,5280,15,14,0,2847,7200,80,255,1
1765181020.6837108,14012902332939303710,93037,0,28,23,58,5280,15,14,0,2846,7200,80,255,1
1765181022.1816068,14012902332939303710,93076,0,28,23,58,5280,15,14,0,2844,7200,80,255,1
1765181023.6800134,14012902332939303710,93109,0,28,23,58,5280,15,14,0,2843,7200,80,255,1
1765181025.1800559,14012902332939303710,93141,0,28,23,58,5280,15,14,0,2841,7200,80,255,1
1765181026.6828618,14012902332939303710,93173,0,28,23,58,5280,15,14,0,2840,7200,80,255,1
1765181028.1816,14012902332939303710,93205,0,28,23,58,5280,15,14,0,2838,7200,80,255,1
1765181029.6813734,14012902332939303710,93240,0,28,23,58,5280,15,14,0,2837,7200,80,255,1
1765181031.1857371,14012902332939303710,93273,0,28,23,58,5280,15,14,0,2835,7200,80,255,1
1765181032.6826277,14012902332939303710,93307,0,28,23,58,5280,15,14,0,2834,7200,80,255,1
1765181034.1813662,14012902332939303710,93340,0,28,23,58,5280,15,14,0,2832,7200,80,255,1
1765181035.6758966,14012902332939303710,93373,0,28,23,58,5280,15,14,0,2831,7200,80,255,1
1765181036.6856973,14012902332939303710,93396,0,28,23,58,5280,15,14,0,2830,7200,80,255,1
1765181038.1783454,14012902332939303710,93431,0,28,23,58,5280,15,14,0,2828,7200,80,255,1
1765181039.1837587,14012902332939303710,93453,0,28,23,58,5280,15,14,0,2827,7200,80,255,1
1765181040.6740735,14012902332939303710,93485,0,28,23,58,5280,15,14,0,2826,7200,80,255,1
1765181041.685194,14012902332939303710,93507,0,28,23,58,5280,15,14,0,2825,7200,80,255,1
1765181043.178046,14012902332939303710,93543,0,28,23,58,5280,15,14,0,2823,7200,80,255,1
1765181044.1850336,14012902332939303710,93563,0,28,23,58,5280,15,14,0,2822,7200,80,255,1
1765181045.6782458,14012902332939303710,93598,0,28,23,58,5280,15,14,0,2821,7200,80,255,1
1765181047.1747823,14012902332939303710,93630,0,28,23,58,5280,15,14,0,2819,7200,80,255,1
1765181048.1789258,14012902332939303710,93655,0,28,23,58,5280,15,14,0,2818,7200,80,255,1
1765181049.1853175,14012902332939303710,93676,0,28,23,58,5280,15,14,0,2817,7200,80,255,1
1765181050.677999,14012902332939303710,93715,0,28,23,58,5280,15,14,0,2816,7200,80,255,1
1765181051.6847575,14012902332939303710,93735,0,28,23,58,5280,15,14,0,2815,7200,80,255,1
1765181052.6871734,14012902332939303710,93759,0,28,23,58,5280,15,14,0,2814,7200,80,255,1
1765181054.1823545,14012902332939303710,93794,0,28,23,58,5280,15,14,0,2812,7200,80,255,1
1765181055.67503,14012902332939303710,93827,0,28,23,58,5280,15,14,0,2811,7200,80,255,1
1765181056.6785164,14012902332939303710,93852,0,28,23,58,5280,15,14,0,2810,7200,80,255,1
1765181058.1716206,14012902332939303710,93883,0,28,23,58,5280,15,14,0,2808,7200,80,255,1
1765181059.6801605,14012902332939303710,93919,0,28,23,58,5280,15,14,0,2807,7200,80,255,1
1765181061.1758342,14012902332939303710,93952,0,28,23,58,5280,15,14,0,2805,7200,80,255,1
1765181062.1862767,14012902332939303710,93974,0,28,23,58,5280,15,14,0,2804,7200,80,255,1
1765181063.6854398,14012902332939303710,94008,0,28,23,58,5280,15,14,0,2803,7200,80,255,1
1765181065.1739721,14012902332939303710,94041,0,28,23,58,5280,15,14,0,2801,7200,80,255,1
1765181066.6793063,14012902332939303710,94078,0,28,23,58,5280,15,14,0,2800,7200,80,255,1
1765181068.1816177,14012902332939303710,94112,0,28,23,58,5280,15,14,0,2798,7200,80,255,1
1765181069.6855512,14012902332939303710,94147,0,28,23,58,5280,15,14,0,2797,7200,80,255,1
1765181071.1760414,14012902332939303710,94181,0,28,23,58,5280,15,14,0,2795,7200,80,255,1
1765181072.6784275,14012902332939303710,94217,0,28,23,58,5280,15,14,0,2794,7200,80,255,1
1765181074.182831,14012902332939303710,94250,0,28,23,58,5280,15,14,0,2792,7200,80,255,1
1765181075.683858,14012902332939303710,94283,0,28,23,58,5280,15,14,0,2791,7200,80,255,1
1765181076.6854854,14012902332939303710,94306,0,28,23,58,5280,15,14,0,2790,7200,80,255,1
1765181078.1741621,14012902332939303710,94339,0,28,23,58,5280,15,14,0,2788,7200,80,255,1
1765181079.186241,14012902332939303710,94363,0,28,23,58,5280,15,14,0,2787,7200,80,255,1
1765181080.6746562,14012902332939303710,94395,0,28,23,58,5280,15,14,0,2786,7200,80,255,1
1765181081.674906,14012902332939303710,94417,0,28,23,58,5280,15,14,0,2785,7200,80,255,1
1765181083.1801853,14012902332939303710,94453,0,28,23,58,5280,15,14,0,2783,7200,80,255,1
1765181084.6839995,14012902332939303710,94485,0,28,23,58,5280,15,14,0,2782,7200,80,255,1
1765181086.1798544,14012902332939303710,94518,0,28,23,58,5280,15,14,0,2780,7200,80,255,1
1765181087.68481,14012902332939303710,94552,0,28,23,58,5280,15,14,0,2779,7200,80,255,1
1765181089.17581,14012902332939303710,94586,0,28,23,58,5280,15,14,0,2777,7200,80,255,1
1765181090.6817377,14012902332939303710,94620,0,28,23,58,5280,15,14,0,2776,7200,80,255,1
1765181091.6858356,14012902332939303710,94642,0,28,23,58,5280,15,14,0,2775,7200,80,255,1
1765181093.1777654,14012902332939303710,94675,0,28,23,58,5280,15,14,0,2773,7200,80,255,1
1765181094.6826794,14012902332939303710,94708,0,28,23,58,5280,15,14,0,2772,7200,80,255,1
1765181095.683548,14012902332939303710,94729,0,28,23,58,5280,15,14,0,2771,7200,80,255,1
1765181097.175687,14012902332939303710,94762,0,28,23,58,5280,15,14,0,2769,7200,80,255,1
1765181098.1846168,14012902332939303710,94784,0,28,23,58,5280,15,14,0,2768,7200,80,255,1
1765181099.6841094,14012902332939303710,94818,0,28,23,58,5280,15,14,0,2767,7200,80,255,1
1765181101.1750915,14012902332939303710,94852,0,28,23,58,5280,15,14,0,2765,7200,80,255,1
1765181102.1847014,14012902332939303710,94875,0,28,23,58,5280,15,14,0,2764,7200,80,255,1
1765181103.683469,14012902332939303710,94908,0,28,23,58,5280,15,14,0,2763,7200,80,255,1
1765181105.179959,14012902332939303710,94944,0,28,23,58,5280,15,14,0,2761,7200,80,255,1
1765181106.1847575,14012902332939303710,94967,0,28,23,58,5280,15,14,0,2760,7200,80,255,1
1765181107.6784604,14012902332939303710,94999,0,28,23,58,5280,15,14,0,2759,7200,80,255,1
1765181108.679762,14012902332939303710,95022,0,28,23,58,5280,15,14,0,2758,7200,80,255,1
1765181109.6799483,14012902332939303710,95045,0,28,23,58,5280,15,14,0,2757,7200,80,255,1
1765181111.184004,14012902332939303710,95078,0,28,23,58,5280,15,14,0,2755,7200,80,255,1
1765181112.6713834,14012902332939303710,95110,0,28,23,58,5280,15,14,0,2754,7200,80,255,1
1765181113.6848772,14012902332939303710,95134,0,28,23,58,5280,15,14,0,2753,7200,80,255,1
1765181115.176135,14012902332939303710,95166,0,28,23,58,5280,15,14,0,2751,7200,80,255,1
1765181116.1777546,14012902332939303710,95190,0,28,23,58,5280,15,14,0,2750,7200,80,255,1
1765181117.6814594,14012902332939303710,95222,0,28,23,58,5280,15,14,0,2749,7200,80,255,1
1765181119.1868818,14012902332939303710,95256,0,28,23,58,5280,15,14,0,2747,7200,80,255,1
1765181120.6760437,14012902332939303710,95290,0,28,23,58,5280,15,14,0,2746,7200,80,255,1
1765181121.6773794,14012902332939303710,95315,0,28,23,58,5280,15,14,0,2745,7200,80,255,1
1765181123.1837783,14012902332939303710,95348,0,28,23,58,5280,15,14,0,2743,7200,80,255,1
1765181124.6737146,14012902332939303710,95380,0,28,23,58,5280,15,14,0,2742,7200,80,255,1
1765181126.183629,14012902332939303710,95414,0,28,23,58,5280,15,14,0,2740,7200,80,255,1
1765181127.1843774,14012902332939303710,95436,0,28,23,58,5280,15,14,0,2739,7200,80,255,1
1765181128.6749337,14012902332939303710,95468,0,28,23,58,5280,15,14,0,2738,7200,80,255,1
1765181130.1804545,14012902332939303710,95505,0,28,23,58,5280,15,14,0,2736,7200,80,255,1
1765181131.1824121,14012902332939303710,95526,0,28,23,58,5280,15,14,0,2735,7200,80,255,1
1765181132.6845658,14012902332939303710,95559,0,28,23,58,5280,15,14,0,2734,7200,80,255,1
1765181134.1727147,14012902332939303710,95592,0,28,23,58,5280,15,14,0,2732,7200,80,255,1
1765181135.1728942,14012902332939303710,95616,0,28,23,58,5280,15,14,0,2731,7200,80,255,1
1765181136.175022,14012902332939303710,95639,0,28,23,58,5280,15,14,0,2730,7200,80,255,1
1765181137.679936,14012902332939303710,95674,0,28,23,58,5280,15,14,0,2729,7200,80,255,1
1765181139.184812,14012902332939303710,95707,0,28,23,58,5280,15,14,0,2727,7200,80,255,1
1765181140.6798031,14012902332939303710,95743,0,28,23,58,5280,15,14,0,2726,7200,80,255,1
1765181141.681298,14012902332939303710,95764,0,28,23,58,5280,15,14,0,2725,7200,80,255,1
1765181143.171354,14012902332939303710,95798,0,28,23,58,5280,15,14,0,2723,7200,80,255,1
1765181144.1843786,14012902332939303710,95821,0,28,23,58,5280,15,14,0,2722,7200,80,255,1
1765181145.6735063,14012902332939303710,95852,0,28,23,58,5280,15,14,0,2721,7200,80,255,1
1765181146.6736715,14012902332939303710,95875,0,28,23,58,5280,15,14,0,2720,7200,80,255,1
1765181148.1773198,14012902332939303710,95909,0,28,23,58,5280,15,14,0,2718,7200,80,255,1
1765181149.679119,14012902332939303710,95942,0,28,23,58,5280,15,14,0,2717,7200,80,255,1
1765181151.1716964,14012902332939303710,95975,0,28,23,58,5280,15,14,0,2715,7200,80,255,1
1765181152.1823626,14012902332939303710,95997,0,28,23,58,5280,15,14,0,2714,7200,80,255,1
1765181153.68482,14012902332939303710,96030,0,28,23,58,5280,15,14,0,2713,7200,80,255,1
1765181155.1839402,14012902332939303710,96061,0,28,23,58,5280,15,14,0,2711,7200,80,255,1
1765181156.6858923,14012902332939303710,96094,0,28,23,58,5280,15,14,0,2710,7200,80,255,1
1765181158.1837325,14012902332939303710,96127,0,28,23,58,5280,15,14,0,2708,7200,80,255,1
1765181159.6811857,14012902332939303710,96161,0,28,23,58,5280,15,14,0,2707,7200,80,255,1
1765181161.1844864,14012902332939303710,96194,0,28,23,58,5280,15,14,0,2705,7200,80,255,1
1765181162.6824899,14012902332939303710,96228,0,28,23,58,5280,15,14,0,2704,7200,80,255,1
1765181164.182373,14012902332939303710,96260,0,28,23,58,5280,15,14,0,2702,7200,80,255,1
1765181165.681484,14012902332939303710,96293,0,28,23,58,5280,15,14,0,2701,7200,80,255,1
1765181167.1828277,14012902332939303710,96324,0,28,23,58,5280,15,14,0,2699,7200,80,255,1
1765181168.6748726,14012902332939303710,96358,0,28,23,58,5280,15,14,0,2698,7200,80,255,1
1765181169.6816556,14012902332939303710,96380,0,28,23,58,5280,15,14,0,2697,7200,80,255,1
1765181171.1784687,14012902332939303710,96414,0,28,23,58,5280,15,14,0,2695,7200,80,255,1
1765181172.1836648,14012902332939303710,96437,0,28,23,58,5280,15,14,0,2694,7200,80,255,1
1765181173.677929,14012902332939303710,96470,0,28,23,58,5280,15,14,0,2693,7200,80,255,1
1765181174.6826546,14012902332939303710,96492,0,28,23,58,5280,15,14,0,2692,7200,80,255,1
1765181176.1814175,14012902332939303710,96527,0,28,23,58,5280,15,14,0,2690,7200,80,255,1
1765181177.674657,14012902332939303710,96561,0,28,23,58,5280,15,14,0,2689,7200,80,255,1
1765181178.6800485,14012902332939303710,96585,0,28,23,58,5280,15,14,0,2688,7200,80,255,1
1765181179.6858191,14012902332939303710,96608,0,28,23,58,5280,15,14,0,2687,7200,80,255,1
1765181181.181743,14012902332939303710,96642,0,28,23,58,5280,15,14,0,2685,7200,80,255,1
1765181182.185659,14012902332939303710,96664,0,28,23,58,5280,15,14,0,2684,7200,80,255,1
1765181183.6813648,14012902332939303710,96697,0,28,23,58,5280,15,14,0,2683,7200,80,255,1
1765181184.6850317,14012902332939303710,96720,0,28,23,58,5280,15,14,0,2682,7200,80,255,1
1765181186.182623,14012902332939303710,96754,0,28,23,58,5280,15,14,0,2680,7200,80,255,1
1765181187.6780975,14012902332939303710,96786,0,28,23,58,5280,15,14,0,2679,7200,80,255,1
1765181188.683725,14012902332939303710,96808,0,28,23,58,5280,15,14,0,2678,7200,80,255,1
1765181190.176206,14012902332939303710,96842,0,28,23,58,5280,15,14,0,2676,7200,80,255,1
1765181191.1849759,14012902332939303710,96865,0,28,23,58,5280,15,14,0,2675,7200,80,255,1
1765181192.6776645,14012902332939303710,96899,0,28,23,58,5280,15,14,0,2674,7200,80,255,1
1765181193.6837862,14012902332939303710,96922,0,28,23,58,5280,15,14,0,2673,7200,80,255,1
1765181195.1798713,14012902332939303710,96956,0,28,23,58,5280,15,14,0,2671,7200,80,255,1
1765181196.678552,14012902332939303710,96989,0,28,23,58,5280,15,14,0,2670,7200,80,255,1
1765181197.6825318,14012902332939303710,97013,0,28,23,58,5280,15,14,0,2669,7200,80,255,1
1765181199.1748278,14012902332939303710,97049,0,28,23,58,5280,15,14,0,2667,7200,80,255,1
1765181200.1802988,14012902332939303710,97072,0,28,23,58,5280,15,14,0,2666,7200,80,255,1
1765181201.6742268,14012902332939303710,97106,0,28,23,58,5280,15,14,0,2665,7200,80,255,1
1765181202.679829,14012902332939303710,97129,0,28,23,58,5280,15,14,0,2664,7200,80,255,1
1765181203.6862597,14012902332939303710,97151,0,28,23,58,5280,15,14,0,2663,7200,80,255,1
1765181205.1799173,14012902332939303710,97186,0,28,23,58,5280,15,14,0,2661,7200,80,255,1
1765181206.675953,14012902332939303710,97218,0,28,23,58,5280,15,14,0,2660,7200,80,255,1
1765181207.6829371,14012902332939303710,97241,0,28,23,58,5280,15,14,0,2659,7200,80,255,1
1765181209.174736,14012902332939303710,97276,0,28,23,58,5280,15,14,0,2657,7200,80,255,1
1765181210.1822636,14012902332939303710,97299,0,28,23,58,5280,15,14,0,2656,7200,80,255,1
1765181211.6770203,14012902332939303710,97332,0,28,23,58,5280,15,14,0,2655,7200,80,255,1
1765181212.6836357,14012902332939303710,97355,0,28,23,58,5280,15,14,0,2654,7200,80,255,1
1765181214.176185,14012902332939303710,97389,0,28,23,58,5280,15,14,0,2652,7200,80,255,1
1765181215.181104,14012902332939303710,97412,0,28,23,58,5280,15,14,0,2651,7200,80,255,1
1765181216.6764872,14012902332939303710,97445,0,28,23,58,5280,15,14,0,2650,7200,80,255,1
1765181217.6825905,14012902332939303710,97470,0,28,23,58,5280,15,14,0,2649,7200,80,255,1
1765181219.172789,14012902332939303710,97505,0,28,23,58,5280,15,14,0,2647,7200,80,255,1
1765181220.178848,14012902332939303710,97529,0,28,23,58,5280,15,14,0,2646,7200,80,255,1
1765181221.675263,14012902332939303710,97562,0,28,23,58,5280,15,14,0,2645,7200,80,255,1
1765181222.6797154,14012902332939303710,97586,0,28,23,58,5280,15,14,0,2644,7200,80,255,1
1765181223.6853151,14012902332939303710,97609,0,28,23,58,5280,15,14,0,2643,7200,80,255,1
1765181225.1785402,14012902332939303710,97646,0,28,23,58,5280,15,14,0,2641,7200,80,255,1
1765181226.6787732,14012902332939303710,97678,0,28,23,58,5280,15,14,0,2640,7200,80,255,1
1765181227.6800032,14012902332939303710,97698,0,28,23,58,5280,15,14,0,2639,7200,80,255,1
1765181228.6815944,14012902332939303710,97718,0,28,23,58,5280,15,14,0,2638,7200,80,255,1
1765181230.1817155,14012902332939303710,97748,0,28,23,58,5280,15,14,0,2636,7200,80,255,1
1765181231.67464,14012902332939303710,97780,0,28,23,58,5280,15,14,0,2635,7200,80,255,1
1765181232.6855974,14012902332939303710,97805,0,28,23,58,5280,15,14,0,2634,7200,80,255,1
1765181234.171211,14012902332939303710,97837,0,28,23,58,5280,15,14,0,2632,7200,80,255,1
1765181235.1750803,14012902332939303710,97861,0,28,23,58,5280,15,14,0,2631,7200,80,255,1
1765181236.1862166,14012902332939303710,97886,0,28,23,58,5280,15,14,0,2630,7200,80,255,1
1765181237.6847265,14012902332939303710,97922,0,28,23,58,5280,15,14,0,2629,7200,80,255,1
1765181239.1845143,14012902332939303710,97957,0,28,23,58,5280,15,14,0,2627,7200,80,255,1
1765181240.6823137,14012902332939303710,97992,0,28,23,58,5280,15,14,0,2626,7200,80,255,1
1765181242.1852078,14012902332939303710,98025,0,28,23,58,5280,15,14,0,2624,7200,80,255,1
1765181243.6847117,14012902332939303710,98059,0,28,23,58,5280,15,14,0,2623,7200,80,255,1
1765181245.184562,14012902332939303710,98093,0,28,23,58,5280,15,14,0,2621,7200,80,255,1
1765181246.6726332,14012902332939303710,98128,0,28,23,58,5280,15,14,0,2620,7200,80,255,1
1765181247.675819,14012902332939303710,98151,0,28,23,58,5280,15,14,0,2619,7200,80,255,1
1765181248.677181,14012902332939303710,98175,0,28,23,58,5280,15,14,0,2618,7200,80,255,1
1765181249.6816041,14012902332939303710,98200,0,28,23,58,5280,15,14,0,2617,7200,80,255,1
1765181251.1852236,14012902332939303710,98236,0,28,23,58,5280,15,14,0,2615,7200,80,255,1
1765181252.6847775,14012902332939303710,98270,0,28,23,58,5280,15,14,0,2614,7200,80,255,1
1765181254.185741,14012902332939303710,98305,0,28,23,58,5280,15,14,0,2612,7200,80,255,1
1765181255.685407,14012902332939303710,98339,0,28,23,58,5280,15,14,0,2611,7200,80,255,1
1765181257.1736145,14012902332939303710,98372,0,28,23,58,5280,15,14,0,2609,7200,80,255,1
1765181258.1775458,14012902332939303710,98397,0,28,23,58,5280,15,14,0,2608,7200,80,255,1
1765181259.1826732,14012902332939303710,98421,0,28,23,58,5280,15,14,0,2607,7200,80,255,1
1765181260.6825063,14012902332939303710,98457,0,28,23,58,5280,15,14,0,2606,7200,80,255,1
1765181262.1860409,14012902332939303710,98490,0,28,23,58,5280,15,14,0,2604,7200,80,255,1
1765181263.6845055,14012902332939303710,98524,0,28,23,58,5280,15,14,0,2603,7200,80,255,1
1765181265.1724412,14012902332939303710,98560,0,28,23,58,5280,15,14,0,2601,7200,80,255,1
1765181266.182394,14012902332939303710,98584,0,28,23,58,5280,15,14,0,2600,7200,80,255,1
1765181267.6829138,14012902332939303710,98619,0,28,23,58,5280,15,14,0,2599,7200,80,255,1
1765181269.1840353,14012902332939303710,98655,0,28,23,58,5280,15,14,0,2597,7200,80,255,1
1765181270.685125,14012902332939303710,98689,0,28,23,58,5280,15,14,0,2596,7200,80,255,1
1765181272.1761036,14012902332939303710,98721,0,28,23,58,5280,15,14,0,2594,7200,80,255,1
1765181273.1826186,14012902332939303710,98746,0,28,23,58,5280,15,14,0,2593,7200,80,255,1
1765181274.6837897,14012902332939303710,98781,0,28,23,58,5280,15,14,0,2592,7200,80,255,1
1765181276.1739357,14012902332939303710,98817,0,28,23,58,5280,15,14,0,2590,7200,80,255,1
1765181277.1767921,14012902332939303710,98841,0,28,23,58,5280,15,14,0,2589,7200,80,255,1
1765181278.1834347,14012902332939303710,98867,0,28,23,58,5280,15,14,0,2588,7200,80,255,1
1765181279.6825418,14012902332939303710,98904,0,28,23,58,5280,15,14,0,2587,7200,80,255,1
1765181281.1713922,14012902332939303710,98939,0,28,23,58,5280,15,14,0,2585,7200,80,255,1
1765181282.176763,14012902332939303710,98962,0,28,23,58,5280,15,14,0,2584,7200,80,255,1
1765181283.1824965,14012902332939303710,98986,0,28,23,58,5280,15,14,0,2583,7200,80,255,1
1765181284.1857288,14012902332939303710,99008,0,28,23,58,5280,15,14,0,2582,7200,80,255,1
1765181285.6850605,14012902332939303710,99044,0,28,23,58,5280,15,14,0,2581,7200,80,255,1
1765181287.173701,14012902332939303710,99076,0,28,23,58,5280,15,14,0,2579,7200,80,255,1
1765181288.177232,14012902332939303710,99100,0,28,23,58,5280,15,14,0,2578,7200,80,255,1
1765181289.1823957,14012902332939303710,99124,0,28,23,58,5280,15,14,0,2577,7200,80,255,1
1765181290.6839218,14012902332939303710,99159,0,28,23,58,5280,15,14,0,2576,7200,80,255,1
1765181292.1757052,14012902332939303710,99191,0,28,23,58,5280,15,14,0,2574,7200,80,255,1
1765181293.1822646,14012902332939303710,99216,0,28,23,58,5280,15,14,0,2573,7200,80,255,1
1765181294.6828218,14012902332939303710,99250,0,28,23,58,5280,15,14,0,2572,7200,80,255,1
1765181296.1724498,14012902332939303710,99284,0,28,23,58,5280,15,14,0,2570,7200,80,255,1
1765181297.177723,14012902332939303710,99307,0,28,23,58,5280,15,14,0,2569,7200,80,255,1
1765181298.18261,14012902332939303710,99331,0,28,23,58,5280,15,14,0,2568,7200,80,255,1
1765181299.18575,14012902332939303710,99354,0,28,23,58,5280,15,14,0,2567,7200,80,255,1
1765181300.6780841,14012902332939303710,99390,0,28,23,58,5280,15,14,0,2566,7200,80,255,1
1765181301.6865163,14012902332939303710,99412,0,28,23,58,5280,15,14,0,2565,7200,80,255,1
1765181303.1795719,14012902332939303710,99447,0,28,23,58,5280,15,14,0,2563,7200,80,255,1
1765181304.1831894,14012902332939303710,99470,0,28,23,58,5280,15,14,0,2562,7200,80,255,1
1765181305.1847317,14012902332939303710,99494,0,28,23,58,5280,15,14,0,2561,7200,80,255,1
1765181306.682495,14012902332939303710,99528,0,28,23,58,5280,15,14,0,2560,7200,80,255,1
1765181307.6835306,14012902332939303710,99550,0,28,23,58,5280,15,14,0,2559,7200,80,255,1
1765181308.6853373,14012902332939303710,99572,0,28,23,58,5280,15,14,0,2558,7200,80,255,1
1765181309.6858375,14012902332939303710,99593,0,28,23,58,5280,15,14,0,2557,7200,80,255,1
1765181311.1833682,14012902332939303710,99627,0,28,23,58,5280,15,14,0,2555,7200,80,255,1
1765181312.6847045,14012902332939303710,99662,0,28,23,58,5280,15,14,0,2554,7200,80,255,1
1765181314.1737041,14012902332939303710,99696,0,28,23,58,5280,15,14,0,2552,7200,80,255,1
1765181315.1811912,14012902332939303710,99721,0,28,23,58,5280,15,14,0,2551,7200,80,255,1
1765181316.1814475,14012902332939303710,99745,0,28,23,58,5280,15,14,0,2550,7200,80,255,1
1765181317.680174,14012902332939303710,99779,0,28,23,58,5280,15,14,0,2549,7200,80,255,1
1765181319.1802537,14012902332939303710,99813,0,28,23,58,5280,15,14,0,2547,7200,80,255,1
1765181320.6795225,14012902332939303710,99846,0,28,23,58,5280,15,14,0,2546,7200,80,255,1
1765181322.1798885,14012902332939303710,99881,0,28,23,58,5280,15,14,0,2544,7200,80,255,1
1765181323.6798832,14012902332939303710,99915,0,28,23,58,5280,15,14,0,2543,7200,80,255,1
1765181325.1805987,14012902332939303710,99948,0,28,23,58,5280,15,14,0,2541,7200,80,255,1
1765181326.68487,14012902332939303710,99982,0,28,23,58,5280,15,14,0,2540,7200,80,255,1
1765181328.1847668,14012902332939303710,100016,0,28,23,58,5280,15,14,0,2538,7200,80,255,1
1765181329.6815877,14012902332939303710,100049,0,28,23,58,5280,15,14,0,2537,7200,80,255,1
1765181331.1727574,14012902332939303710,100084,0,28,23,58,5280,15,14,0,2535,7200,80,255,1
1765181332.1796398,14012902332939303710,100108,0,28,23,58,5280,15,14,0,2534,7200,80,255,1
1765181333.6798346,14012902332939303710,100142,0,28,23,58,5280,15,14,0,2533,7200,80,255,1
1765181335.179748,14012902332939303710,100177,0,28,23,58,5280,15,14,0,2531,7200,80,255,1
1765181336.6837413,14012902332939303710,100210,0,28,23,58,5280,15,14,0,2530,7200,80,255,1
1765181338.179736,14012902332939303710,100245,0,28,23,58,5280,15,14,0,2528,7200,80,255,1
1765181339.680496,14012902332939303710,100279,0,28,23,58,5280,15,14,0,2527,7200,80,255,1
1765181341.1846917,14012902332939303710,100315,0,28,23,58,5280,15,14,0,2525,7200,80,255,1
1765181342.6813173,14012902332939303710,100347,0,28,23,58,5280,15,14,0,2524,7200,80,255,1
1765181344.1835237,14012902332939303710,100381,0,28,23,58,5280,15,14,0,2522,7200,80,255,1
1765181345.6815095,14012902332939303710,100415,0,28,23,58,5280,15,14,0,2521,7200,80,255,1
1765181347.184667,14012902332939303710,100449,0,28,23,58,5280,15,14,0,2519,7200,80,255,1
1765181348.683947,14012902332939303710,100484,0,28,23,58,5280,15,14,0,2518,7200,80,255,1
1765181350.1817331,14012902332939303710,100518,0,28,23,58,5280,15,14,0,2516,7200,80,255,1
1765181351.6863482,14012902332939303710,100551,0,28,23,58,5280,15,14,0,2515,7200,80,255,1
1765181353.1837015,14012902332939303710,100585,0,28,23,58,5280,15,14,0,2513,7200,80,255,1
1765181354.6825857,14012902332939303710,100619,0,28,23,58,5280,15,14,0,2512,7200,80,255,1
1765181356.1845322,14012902332939303710,100653,0,28,23,58,5280,15,14,0,2510,7200,80,255,1
1765181357.6849144,14012902332939303710,100687,0,28,23,58,5280,15,14,0,2509,7200,80,255,1
1765181359.18418,14012902332939303710,100720,0,28,23,58,5280,15,14,0,2507,7200,80,255,1
1765181360.6813962,14012902332939303710,100756,0,28,23,58,5280,15,14,0,2506,7200,80,255,1
1765181362.1837654,14012902332939303710,100790,0,28,23,58,5280,15,14,0,2504,7200,80,255,1
1765181363.6780431,14012902332939303710,100828,0,28,23,58,5280,15,14,0,2503,7200,80,255,1
1765181364.6817036,14012902332939303710,100850,0,28,23,58,5280,15,14,0,2502,7200,80,255,1
1765181366.177978,14012902332939303710,100882,0,28,23,58,5280,15,14,0,2500,7200,80,255,1
1765181367.1838114,14012902332939303710,100902,0,28,23,58,5280,15,14,0,2499,7200,80,255,1
1765181368.675824,14012902332939303710,100935,0,28,23,58,5280,15,14,0,2498,7200,80,255,1
1765181369.6838045,14012902332939303710,100960,0,28,23,58,5280,15,14,0,2497,7200,80,255,1
1765181371.1806717,14012902332939303710,100996,0,28,23,58,5280,15,14,0,2495,7200,80,255,1
1765181372.1853268,14012902332939303710,101018,0,28,23,58,5280,15,14,0,2494,7200,80,255,1
1765181373.6784484,14012902332939303710,101054,0,28,23,58,5280,15,14,0,2493,7200,80,255,1
1765181374.6852052,14012902332939303710,101075,0,28,23,58,5280,15,14,0,2492,7200,80,255,1
1765181376.1812465,14012902332939303710,101109,0,28,23,58,5280,15,14,0,2490,7200,80,255,1
1765181377.1859744,14012902332939303710,101131,0,28,23,58,5280,15,14,0,2489,7200,80,255,1
1765181378.677341,14012902332939303710,101165,0,28,23,58,5280,15,14,0,2488,7200,80,255,1
1765181379.681576,14012902332939303710,101188,0,28,23,58,5280,15,14,0,2487,7200,80,255,1
1765181381.1794813,14012902332939303710,101224,0,28,23,58,5280,15,14,0,2485,7200,80,255,1
1765181382.1848125,14012902332939303710,101246,0,28,23,58,5280,15,14,0,2484,7200,80,255,1
1765181383.6782002,14012902332939303710,101280,0,28,23,58,5280,15,14,0,2483,7200,80,255,1
1765181384.6824508,14012902332939303710,101303,0,28,23,58,5280,15,14,0,2482,7200,80,255,1
1765181386.1804605,14012902332939303710,101338,0,28,23,58,5280,15,14,0,2480,7200,80,255,1
1765181387.186051,14012902332939303710,101360,0,28,23,58,5280,15,14,0,2479,7200,80,255,1
1765181388.6793752,14012902332939303710,101395,0,28,23,58,5280,15,14,0,2478,7200,80,255,1
1765181389.6827457,14012902332939303710,101416,0,28,23,58,5280,15,14,0,2477,7200,80,255,1
1765181391.1812432,14012902332939303710,101451,0,28,23,58,5280,15,14,0,2475,7200,80,255,1
1765181392.673347,14012902332939303710,101485,0,28,23,58,5280,15,14,0,2474,7200,80,255,1
1765181393.679687,14012902332939303710,101509,0,28,23,58,5280,15,14,0,2473,7200,80,255,1
1765181394.6840773,14012902332939303710,101531,0,28,23,58,5280,15,14,0,2472,7200,80,255,1
1765181396.1824534,14012902332939303710,101565,0,28,23,58,5280,15,14,0,2470,7200,80,255,1
1765181397.6760402,14012902332939303710,101600,0,28,23,58,5280,15,14,0,2469,7200,80,255,1
1765181398.6820285,14012902332939303710,101623,0,28,23,58,5280,15,14,0,2468,7200,80,255,1
1765181400.1747112,14012902332939303710,101658,0,28,23,58,5280,15,14,0,2466,7200,80,255,1
1765181401.1827672,14012902332939303710,101682,0,28,23,58,5280,15,14,0,2465,7200,80,255,1
1765181402.6765735,14012902332939303710,101717,0,28,23,58,5280,15,14,0,2464,7200,80,255,1
1765181403.679799,14012902332939303710,101740,0,28,23,58,5280,15,14,0,2463,7200,80,255,1
1765181404.684689,14012902332939303710,101761,0,28,23,58,5280,15,14,0,2462,7200,80,255,1
1765181406.1804633,14012902332939303710,101796,0,28,23,58,5280,15,14,0,2460,7200,80,255,1
1765181407.185291,14012902332939303710,101818,0,28,23,58,5280,15,14,0,2459,7200,80,255,1
1765181408.6773036,14012902332939303710,101853,0,28,23,58,5280,15,14,0,2458,7200,80,255,1
1765181409.6825495,14012902332939303710,101876,0,28,23,58,5280,15,14,0,2457,7200,80,255,1
1765181411.1770258,14012902332939303710,101911,0,28,23,58,5280,15,14,0,2455,7200,80,255,1
1765181412.1815588,14012902332939303710,101934,0,28,23,58,5280,15,14,0,2454,7200,80,255,1
1765181413.6761675,14012902332939303710,101968,0,28,23,58,5280,15,14,0,2453,7200,80,255,1
1765181414.6827216,14012902332939303710,101991,0,28,23,58,5280,15,14,0,2452,7200,80,255,1
1765181416.1793633,14012902332939303710,102027,0,28,23,58,5280,15,14,0,2450,7200,80,255,1
1765181417.1820114,14012902332939303710,102049,0,28,23,58,5280,15,14,0,2449,7200,80,255,1
1765181418.1852224,14012902332939303710,102071,0,28,23,58,5280,15,14,0,2448,7200,80,255,1
1765181419.6795537,14012902332939303710,102106,0,28,23,58,5280,15,14,0,2447,7200,80,255,1
1765181420.6828055,14012902332939303710,102129,0,28,23,58,5280,15,14,0,2446,7200,80,255,1
1765181422.177901,14012902332939303710,102164,0,28,23,58,5280,15,14,0,2444,7200,80,255,1
1765181423.1836207,14012902332939303710,102187,0,28,23,58,5280,15,14,0,2443,7200,80,255,1
1765181424.676503,14012902332939303710,102222,0,28,23,58,5280,15,14,0,2442,7200,80,255,1
1765181425.681267,14012902332939303710,102246,0,28,23,58,5280,15,14,0,2441,7200,80,255,1
1765181427.177102,14012902332939303710,102281,0,28,23,58,5280,15,14,0,2439,7200,80,255,1
1765181428.1816325,14012902332939303710,102304,0,28,23,58,5280,15,14,0,2438,7200,80,255,1
1765181429.1862216,14012902332939303710,102328,0,28,23,58,5280,15,14,0,2437,7200,80,255,1
1765181430.6796598,14012902332939303710,102363,0,28,23,58,5280,15,14,0,2436,7200,80,255,1
1765181432.1784759,14012902332939303710,102398,0,28,23,58,5280,15,14,0,2434,7200,80,255,1
1765181433.1834342,14012902332939303710,102421,0,28,23,58,5280,15,14,0,2433,7200,80,255,1
1765181434.6765456,14012902332939303710,102457,0,28,23,58,5280,15,14,0,2432,7200,80,255,1
1765181435.6813967,14012902332939303710,102480,0,28,23,58,5280,15,14,0,2431,7200,80,255,1
1765181437.178405,14012902332939303710,102514,0,28,23,58,5280,15,14,0,2429,7200,80,255,1
1765181438.1823478,14012902332939303710,102536,0,28,23,58,5280,15,14,0,2428,7200,80,255,1
1765181439.6749604,14012902332939303710,102571,0,28,23,58,5280,15,14,0,2427,7200,80,255,1
1765181440.6822987,14012902332939303710,102594,0,28,23,58,5280,15,14,0,2426,7200,80,255,1
1765181442.177262,14012902332939303710,102629,0,28,23,58,5280,15,14,0,2424,7200,80,255,1
1765181443.1824355,14012902332939303710,102653,0,28,23,58,5280,15,14,0,2423,7200,80,255,1
1765181444.675158,14012902332939303710,102688,0,28,23,58,5280,15,14,0,2422,7200,80,255,1
1765181445.6807024,14012902332939303710,102711,0,28,23,58,5280,15,14,0,2421,7200,80,255,1
1765181447.178157,14012902332939303710,102745,0,28,23,58,5280,15,14,0,2419,7200,80,255,1
1765181448.1826227,14012902332939303710,102767,0,28,23,58,5280,15,14,0,2418,7200,80,255,1
1765181449.6746058,14012902332939303710,102801,0,28,23,58,5280,15,14,0,2417,7200,80,255,1
1765181450.6803863,14012902332939303710,102823,0,28,23,58,5280,15,14,0,2416,7200,80,255,1
1765181452.1735198,14012902332939303710,102856,0,28,23,58,5280,15,14,0,2414,7200,80,255,1
1765181453.177991,14012902332939303710,102880,0,28,23,58,5280,15,14,0,2413,7200,80,255,1
1765181454.1836588,14012902332939303710,102902,0,28,23,58,5280,15,14,0,2412,7200,80,255,1
1765181455.6765635,14012902332939303710,102937,0,28,23,58,5280,15,14,0,2411,7200,80,255,1
1765181456.682784,14012902332939303710,102959,0,28,23,58,5280,15,14,0,2410,7200,80,255,1
1765181458.1748886,14012902332939303710,102994,0,28,23,58,5280,15,14,0,2408,7200,80,255,1
1765181459.178446,14012902332939303710,103017,0,28,23,58,5280,15,14,0,2407,7200,80,255,1
1765181460.1834655,14012902332939303710,103039,0,28,23,58,5280,15,14,0,2406,7200,80,255,1
1765181461.680663,14012902332939303710,103075,0,28,23,58,5280,15,14,0,2405,7200,80,255,1
1765181462.6837661,14012902332939303710,103098,0,28,23,58,5280,15,14,0,2404,7200,80,255,1
1765181464.1761854,14012902332939303710,103133,0,28,23,58,5280,15,14,0,2402,7200,80,255,1
1765181465.182437,14012902332939303710,103156,0,28,23,58,5280,15,14,0,2401,7200,80,255,1
1765181466.6764019,14012902332939303710,103191,0,28,23,58,5280,15,14,0,2400,7200,80,255,1
1765181467.6816092,14012902332939303710,103213,0,28,23,58,5280,15,14,0,2399,7200,80,255,1
1765181469.174688,14012902332939303710,103247,0,28,23,58,5280,15,14,0,2397,7200,80,255,1
1765181470.1803572,14012902332939303710,103270,0,28,23,58,5280,15,14,0,2396,7200,80,255,1
1765181471.676882,14012902332939303710,103304,0,28,23,58,5280,15,14,0,2395,7200,80,255,1
1765181472.682709,14012902332939303710,103328,0,28,23,58,5280,15,14,0,2394,7200,80,255,1
1765181474.1762378,14012902332939303710,103363,0,28,23,58,5280,15,14,0,2392,7200,80,255,1
1765181475.1827474,14012902332939303710,103387,0,28,23,58,5280,15,14,0,2391,7200,80,255,1
1765181476.6805224,14012902332939303710,103421,0,28,23,58,5280,15,14,0,2390,7200,80,255,1
1765181477.685026,14012902332939303710,103444,0,28,23,58,5280,15,14,0,2389,7200,80,255,1
1765181479.1794963,14012902332939303710,103479,0,28,23,58,5280,15,14,0,2387,7200,80,255,1
1765181480.1846156,14012902332939303710,103502,0,28,23,58,5280,15,14,0,2386,7200,80,255,1
1765181481.6773732,14012902332939303710,103534,0,28,23,58,5280,15,14,0,2385,7200,80,255,1
1765181482.6829836,14012902332939303710,103558,0,28,23,58,5280,15,14,0,2384,7200,80,255,1
1765181484.1758754,14012902332939303710,103592,0,28,23,58,5280,15,14,0,2382,7200,80,255,1
1765181485.1820903,14012902332939303710,103613,0,28,23,58,5280,15,14,0,2381,7200,80,255,1
1765181486.6780477,14012902332939303710,103647,0,28,23,58,5280,15,14,0,2380,7200,80,255,1
1765181487.6835852,14012902332939303710,103669,0,28,23,58,5280,15,14,0,2379,7200,80,255,1
1765181489.1761317,14012902332939303710,103705,0,28,23,58,5280,15,14,0,2377,7200,80,255,1
1765181490.181962,14012902332939303710,103729,0,28,23,58,5280,15,14,0,2376,7200,80,255,1
1765181491.678543,14012902332939303710,103763,0,28,23,58,5280,15,14,0,2375,7200,80,255,1
1765181492.6834886,14012902332939303710,103786,0,28,23,58,5280,15,14,0,2374,7200,80,255,1
1765181494.177147,14012902332939303710,103821,0,28,23,58,5280,15,14,0,2372,7200,80,255,1
1765181495.1828475,14012902332939303710,103844,0,28,23,58,5280,15,14,0,2371,7200,80,255,1
1765181496.6781602,14012902332939303710,103878,0,28,23,58,5280,15,14,0,2370,7200,80,255,1
1765181497.6828508,14012902332939303710,103902,0,28,23,58,5280,15,14,0,2369,7200,80,255,1
1765181499.1756554,14012902332939303710,103936,0,28,23,58,5280,15,14,0,2367,7200,80,255,1
1765181500.1805377,14012902332939303710,103959,0,28,23,58,5280,15,14,0,2366,7200,80,255,1
1765181501.6760767,14012902332939303710,103993,0,28,23,58,5280,15,14,0,2365,7200,80,255,1
1765181502.6812668,14012902332939303710,104016,0,28,23,58,5280,15,14,0,2364,7200,80,255,1
1765181503.6848145,14012902332939303710,104037,0,28,23,58,5280,15,14,0,2363,7200,80,255,1
1765181505.1802707,14012902332939303710,104072,0,28,23,58,5280,15,14,0,2361,7200,80,255,1
1765181506.6777117,14012902332939303710,104105,0,28,23,58,5280,15,14,0,2360,7200,80,255,1
1765181507.684953,14012902332939303710,104128,0,28,23,58,5280,15,14,0,2359,7200,80,255,1
1765181509.1760552,14012902332939303710,104163,0,28,23,58,5280,15,14,0,2357,7200,80,255,1
1765181510.1824517,14012902332939303710,104186,0,28,23,58,5280,15,14,0,2356,7200,80,255,1
1765181511.6780212,14012902332939303710,104221,0,28,23,58,5280,15,14,0,2355,7200,80,255,1
1765181512.6860235,14012902332939303710,104243,0,28,23,58,5280,15,14,0,2354,7200,80,255,1
1765181514.1774805,14012902332939303710,104279,0,28,23,58,5280,15,14,0,2352,7200,80,255,1
1765181515.1831632,14012902332939303710,104302,0,28,23,58,5280,15,14,0,2351,7200,80,255,1
1765181516.6796443,14012902332939303710,104334,0,28,23,58,5280,15,14,0,2350,7200,80,255,1
1765181517.6830406,14012902332939303710,104357,0,28,23,58,5280,15,14,0,2349,7200,80,255,1
1765181519.175673,14012902332939303710,104392,0,28,23,58,5280,15,14,0,2347,7200,80,255,1
1765181520.1814284,14012902332939303710,104415,0,28,23,58,5280,15,14,0,2346,7200,80,255,1
1765181521.6774805,14012902332939303710,104449,0,28,23,58,5280,15,14,0,2345,7200,80,255,1
1765181522.682963,14012902332939303710,104472,0,28,23,58,5280,15,14,0,2344,7200,80,255,1
1765181524.175958,14012902332939303710,104506,0,28,23,58,5280,15,14,0,2342,7200,80,255,1
1765181525.1827023,14012902332939303710,104529,0,28,23,58,5280,15,14,0,2341,7200,80,255,1
1765181526.6794205,14012902332939303710,104563,0,28,23,58,5280,15,14,0,2340,7200,80,255,1
1765181527.684865,14012902332939303710,104584,0,28,23,58,5280,15,14,0,2339,7200,80,255,1
1765181529.1767058,14012902332939303710,104618,0,28,23,58,5280,15,14,0,2337,7200,80,255,1
1765181530.1814528,14012902332939303710,104641,0,28,23,58,5280,15,14,0,2336,7200,80,255,1
1765181531.6764052,14012902332939303710,104675,0,28,23,58,5280,15,14,0,2335,7200,80,255,1
1765181532.6815593,14012902332939303710,104698,0,28,23,58,5280,15,14,0,2334,7200,80,255,1
1765181534.1756988,14012902332939303710,104733,0,28,23,58,5280,15,14,0,2332,7200,80,255,1
1765181535.1813474,14012902332939303710,104756,0,28,23,58,5280,15,14,0,2331,7200,80,255,1
1765181536.6813538,14012902332939303710,104794,0,28,23,58,5280,15,14,0,2330,7200,80,255,1
1765181537.6840608,14012902332939303710,104818,0,28,23,58,5280,15,14,0,2329,7200,80,255,1
1765181539.1773467,14012902332939303710,104852,0,28,23,58,5280,15,14,0,2327,7200,80,255,1
1765181540.184574,14012902332939303710,104875,0,28,23,58,5280,15,14,0,2326,7200,80,255,1
1765181541.6812232,14012902332939303710,104909,0,28,23,58,5280,15,14,0,2325,7200,80,255,1
1765181542.6862924,14012902332939303710,104931,0,28,23,58,5280,15,14,0,2324,7200,80,255,1
1765181544.1802535,14012902332939303710,104965,0,28,23,58,5280,15,14,0,2322,7200,80,255,1
1765181545.1846628,14012902332939303710,104986,0,28,23,58,5280,15,14,0,2321,7200,80,255,1
1765181546.6806073,14012902332939303710,105020,0,28,23,58,5280,15,14,0,2320,7200,80,255,1
1765181547.6856604,14012902332939303710,105042,0,28,23,58,5280,15,14,0,2319,7200,80,255,1
1765181549.176102,14012902332939303710,105077,0,28,23,58,5280,15,14,0,2317,7200,80,255,1
1765181550.1815062,14012902332939303710,105100,0,28,23,58,5280,15,14,0,2316,7200,80,255,1
1765181551.6776085,14012902332939303710,105133,0,28,23,58,5280,15,14,0,2315,7200,80,255,1
1765181552.6839552,14012902332939303710,105157,0,28,23,58,5280,15,14,0,2314,7200,80,255,1
1765181554.178332,14012902332939303710,105190,0,28,23,58,5280,15,14,0,2312,7200,80,255,1
1765181555.1826177,14012902332939303710,105213,0,28,23,58,5280,15,14,0,2311,7200,80,255,1
1765181556.6795735,14012902332939303710,105247,0,28,23,58,5280,15,14,0,2310,7200,80,255,1
1765181557.682616,14012902332939303710,105269,0,28,23,58,5280,15,14,0,2309,7200,80,255,1
1765181559.175649,14012902332939303710,105303,0,28,23,58,5280,15,14,0,2307,7200,80,255,1
1765181560.1803432,14012902332939303710,105326,0,28,23,58,5280,15,14,0,2306,7200,80,255,1
1765181561.6773705,14012902332939303710,105359,0,28,23,58,5280,15,14,0,2305,7200,80,255,1
1765181562.6827612,14012902332939303710,105383,0,28,23,58,5280,15,14,0,2304,7200,80,255,1
1765181564.1774974,14012902332939303710,105416,0,28,23,58,5280,15,14,0,2302,7200,80,255,1
1765181565.1833036,14012902332939303710,105439,0,28,23,58,5280,15,14,0,2301,7200,80,255,1
1765181566.6813996,14012902332939303710,105471,0,28,23,58,5280,15,14,0,2300,7200,80,255,1
1765181567.6877103,14012902332939303710,105493,0,28,23,58,5280,15,14,0,2299,7200,80,255,1
1765181569.180319,14012902332939303710,105528,0,28,23,58,5280,15,14,0,2297,7200,80,255,1
1765181570.184342,14012902332939303710,105550,0,28,23,58,5280,15,14,0,2296,7200,80,255,1
1765181571.680915,14012902332939303710,105583,0,28,23,58,5280,15,14,0,2295,7200,80,255,1
1765181572.6851978,14012902332939303710,105605,0,28,23,58,5280,15,14,0,2294,7200,80,255,1
1765181574.1777053,14012902332939303710,105639,0,28,23,58,5280,15,14,0,2292,7200,80,255,1
1765181575.1815195,14012902332939303710,105662,0,28,23,58,5280,15,14,0,2291,7200,80,255,1
1765181576.677612,14012902332939303710,105697,0,28,23,58,5280,15,14,0,2290,7200,80,255,1
1765181577.6842146,14012902332939303710,105722,0,28,23,58,5280,15,14,0,2289,7200,80,255,1
1765181579.1758285,14012902332939303710,105756,0,28,23,58,5280,15,14,0,2287,7200,80,255,1
1765181580.1815562,14012902332939303710,105778,0,28,23,58,5280,15,14,0,2286,7200,80,255,1
1765181581.6792774,14012902332939303710,105812,0,28,23,58,5280,15,14,0,2285,7200,80,255,1
1765181582.6840477,14012902332939303710,105833,0,28,23,58,5280,15,14,0,2284,7200,80,255,1
1765181584.1773183,14012902332939303710,105866,0,28,23,58,5280,15,14,0,2282,7200,80,255,1
1765181585.1814854,14012902332939303710,105888,0,28,23,58,5280,15,14,0,2281,7200,80,255,1
1765181586.677823,14012902332939303710,105922,0,28,23,58,5280,15,14,0,2280,7200,80,255,1
1765181587.6848023,14012902332939303710,105944,0,28,23,58,5280,15,14,0,2279,7200,80,255,1
1765181589.1795478,14012902332939303710,105979,0,28,23,58,5280,15,14,0,2277,7200,80,255,1
1765181590.1846206,14012902332939303710,106002,0,28,23,58,5280,15,14,0,2276,7200,80,255,1
1765181591.682401,14012902332939303710,106035,0,28,23,58,5280,15,14,0,2275,7200,80,255,1
1765181593.1759386,14012902332939303710,106069,0,28,23,58,5280,15,14,0,2273,7200,80,255,1
1765181594.1826851,14012902332939303710,106091,0,28,23,58,5280,15,14,0,2272,7200,80,255,1
1765181595.1873176,14012902332939303710,106116,0,28,23,58,5280,15,14,0,2271,7200,80,255,1
1765181596.6838207,14012902332939303710,106149,0,28,23,58,5280,15,14,0,2270,7200,80,255,1
1765181598.1762505,14012902332939303710,106184,0,28,23,58,5280,15,14,0,2268,7200,80,255,1
1765181599.1816268,14012902332939303710,106207,0,28,23,58,5280,15,14,0,2267,7200,80,255,1
1765181600.6761496,14012902332939303710,106241,0,28,23,58,5280,15,14,0,2266,7200,80,255,1
1765181601.685979,14012902332939303710,106264,0,28,23,58,5280,15,14,0,2265,7200,80,255,1
1765181603.1791246,14012902332939303710,106299,0,28,23,58,5280,15,14,0,2263,7200,80,255,1
1765181604.1834807,14012902332939303710,106322,0,28,23,58,5280,15,14,0,2262,7200,80,255,1
1765181605.6764104,14012902332939303710,106357,0,28,23,58,5280,15,14,0,2261,7200,80,255,1
1765181606.684816,14012902332939303710,106381,0,28,23,58,5280,15,14,0,2260,7200,80,255,1
1765181608.1777265,14012902332939303710,106415,0,28,23,58,5280,15,14,0,2258,7200,80,255,1
1765181609.1834624,14012902332939303710,106438,0,28,23,58,5280,15,14,0,2257,7200,80,255,1
1765181610.6760085,14012902332939303710,106471,0,28,23,58,5280,15,14,0,2256,7200,80,255,1
1765181612.1713283,14012902332939303710,106507,0,28,23,58,5280,15,14,0,2254,7200,80,255,1
1765181613.1778097,14012902332939303710,106532,0,28,23,58,5280,15,14,0,2253,7200,80,255,1
1765181614.1850805,14012902332939303710,106554,0,28,23,58,5280,15,14,0,2252,7200,80,255,1
1765181615.678543,14012902332939303710,106589,0,28,23,58,5280,15,14,0,2251,7200,80,255,1
1765181617.1758518,14012902332939303710,106624,0,28,23,58,5280,15,14,0,2249,7200,80,255,1
1765181618.1815264,14012902332939303710,106647,0,28,23,58,5280,15,14,0,2248,7200,80,255,1
1765181619.186226,14012902332939303710,106669,0,28,23,58,5280,15,14,0,2247,7200,80,255,1
1765181620.6781306,14012902332939303710,106705,0,28,23,58,5280,15,14,0,2246,7200,80,255,1
1765181622.1751332,14012902332939303710,106738,0,28,23,58,5280,15,14,0,2244,7200,80,255,1
1765181623.1814795,14012902332939303710,106761,0,28,23,58,5280,15,14,0,2243,7200,80,255,1
1765181624.6757681,14012902332939303710,106796,0,28,23,58,5280,15,14,0,2242,7200,80,255,1
1765181625.681219,14012902332939303710,106819,0,28,23,58,5280,15,14,0,2241,7200,80,255,1
1765181627.177551,14012902332939303710,106852,0,28,23,58,5280,15,14,0,2239,7200,80,255,1
1765181628.1825142,14012902332939303710,106875,0,28,23,58,5280,15,14,0,2238,7200,80,255,1
1765181629.6749735,14012902332939303710,106908,0,28,23,58,5280,15,14,0,2237,7200,80,255,1
1765181630.6797447,14012902332939303710,106932,0,28,23,58,5280,15,14,0,2236,7200,80,255,1
1765181632.1760461,14012902332939303710,106966,0,28,23,58,5280,15,14,0,2234,7200,80,255,1
1765181633.1825047,14012902332939303710,106989,0,28,23,58,5280,15,14,0,2233,7200,80,255,1
1765181634.1857915,14012902332939303710,107011,0,28,23,58,5280,15,14,0,2232,7200,80,255,1
1765181635.6806295,14012902332939303710,107048,0,28,23,58,5280,15,14,0,2231,7200,80,255,1
1765181637.1813102,14012902332939303710,107082,0,28,23,58,5280,15,14,0,2229,7200,80,255,1
1765181638.6735184,14012902332939303710,107116,0,28,23,58,5280,15,14,0,2228,7200,80,255,1
1765181639.6798172,14012902332939303710,107139,0,28,23,58,5280,15,14,0,2227,7200,80,255,1
1765181641.1739647,14012902332939303710,107172,0,28,23,58,5280,15,14,0,2225,7200,80,255,1
1765181642.1855807,14012902332939303710,107194,0,28,23,58,5280,15,14,0,2224,7200,80,255,1
1765181643.6790245,14012902332939303710,107229,0,28,23,58,5280,15,14,0,2223,7200,80,255,1
1765181644.682833,14012902332939303710,107251,0,28,23,58,5280,15,14,0,2222,7200,80,255,1
1765181646.1770024,14012902332939303710,107285,0,28,23,58,5280,15,14,0,2220,7200,80,255,1
1765181647.1860514,14012902332939303710,107309,0,28,23,58,5280,15,14,0,2219,7200,80,255,1
1765181648.6816525,14012902332939303710,107341,0,28,23,58,5280,15,14,0,2218,7200,80,255,1
1765181650.1763766,14012902332939303710,107375,0,28,23,58,5280,15,14,0,2216,7200,80,255,1
1765181651.1824558,14012902332939303710,107396,0,28,23,58,5280,15,14,0,2215,7200,80,255,1
1765181652.6817758,14012902332939303710,107430,0,28,23,58,5280,15,14,0,2214,7200,80,255,1
1765181654.174139,14012902332939303710,107463,0,28,23,58,5280,15,14,0,2212,7200,80,255,1
1765181655.1805153,14012902332939303710,107486,0,28,23,58,5280,15,14,0,2211,7200,80,255,1
1765181656.6793497,14012902332939303710,107520,0,28,23,58,5280,15,14,0,2210,7200,80,255,1
1765181657.684921,14012902332939303710,107541,0,28,23,58,5280,15,14,0,2209,7200,80,255,1
1765181659.1793926,14012902332939303710,107575,0,28,23,58,5280,15,14,0,2207,7200,80,255,1
1765181660.1850288,14012902332939303710,107597,0,28,23,58,5280,15,14,0,2206,7200,80,255,1
1765181661.6814837,14012902332939303710,107630,0,28,23,58,5280,15,14,0,2205,7200,80,255,1
1765181663.173906,14012902332939303710,107662,0,28,23,58,5280,15,14,0,2203,7200,80,255,1
1765181664.180457,14012902332939303710,107685,0,28,23,58,5280,15,14,0,2202,7200,80,255,1
1765181665.6746974,14012902332939303710,107716,0,28,23,58,5280,15,14,0,2201,7200,80,255,1
1765181666.6840587,14012902332939303710,107741,0,28,23,58,5280,15,14,0,2200,7200,80,255,1
1765181668.1789908,14012902332939303710,107774,0,28,23,58,5280,15,14,0,2198,7200,80,255,1
1765181669.1839607,14012902332939303710,107795,0,28,23,58,5280,15,14,0,2197,7200,80,255,1
1765181670.6737516,14012902332939303710,107829,0,28,23,58,5280,15,14,0,2196,7200,80,255,1
1765181671.6848044,14012902332939303710,107853,0,28,23,58,5280,15,14,0,2195,7200,80,255,1
1765181673.1783638,14012902332939303710,107887,0,28,23,58,5280,15,14,0,2193,7200,80,255,1
1765181674.1845546,14012902332939303710,107910,0,28,23,58,5280,15,14,0,2192,7200,80,255,1
1765181675.6793659,14012902332939303710,107943,0,28,23,58,5280,15,14,0,2191,7200,80,255,1
1765181677.1744525,14012902332939303710,107977,0,28,23,58,5280,15,14,0,2189,7200,80,255,1
1765181678.1803179,14012902332939303710,108001,0,28,23,58,5280,15,14,0,2188,7200,80,255,1
1765181679.186721,14012902332939303710,108023,0,28,23,58,5280,15,14,0,2187,7200,80,255,1
1765181680.6790507,14012902332939303710,108057,0,28,23,58,5280,15,14,0,2186,7200,80,255,1
1765181682.176384,14012902332939303710,108092,0,28,23,58,5280,15,14,0,2184,7200,80,255,1
1765181683.1836283,14012902332939303710,108115,0,28,23,58,5280,15,14,0,2183,7200,80,255,1
1765181684.6781375,14012902332939303710,108147,0,28,23,58,5280,15,14,0,2182,7200,80,255,1
1765181685.6839004,14012902332939303710,108169,0,28,23,58,5280,15,14,0,2181,7200,80,255,1
1765181687.1802,14012902332939303710,108203,0,28,23,58,5280,15,14,0,2179,7200,80,255,1
1765181688.6746464,14012902332939303710,108234,0,28,23,58,5280,15,14,0,2178,7200,80,255,1
1765181689.6805992,14012902332939303710,108258,0,28,23,58,5280,15,14,0,2177,7200,80,255,1
1765181691.1750624,14012902332939303710,108292,0,28,23,58,5280,15,14,0,2175,7200,80,255,1
1765181692.1858304,14012902332939303710,108315,0,28,23,58,5280,15,14,0,2174,7200,80,255,1
1765181693.6803968,14012902332939303710,108350,0,28,23,58,5280,15,14,0,2173,7200,80,255,1
1765181695.1749609,14012902332939303710,108383,0,28,23,58,5280,15,14,0,2171,7200,80,255,1
1765181696.1792376,14012902332939303710,108405,0,28,23,58,5280,15,14,0,2170,7200,80,255,1
1765181697.6751099,14012902332939303710,108438,0,28,23,58,5280,15,14,0,2169,7200,80,255,1
1765181698.6818533,14012902332939303710,108461,0,28,23,58,5280,15,14,0,2168,7200,80,255,1
1765181700.1738245,14012902332939303710,108493,0,28,23,58,5280,15,14,0,2166,7200,80,255,1
1765181701.1790643,14012902332939303710,108517,0,28,23,58,5280,15,14,0,2165,7200,80,255,1
1765181702.6759264,14012902332939303710,108550,0,28,23,58,5280,15,14,0,2164,7200,80,255,1
1765181703.6828709,14012902332939303710,108572,0,28,23,58,5280,15,14,0,2163,7200,80,255,1
1765181705.1761973,14012902332939303710,108607,0,28,23,58,5280,15,14,0,2161,7200,80,255,1
1765181706.182715,14012902332939303710,108628,0,28,23,58,5280,15,14,0,2160,7200,80,255,1
1765181707.6791816,14012902332939303710,108662,0,28,23,58,5280,15,14,0,2159,7200,80,255,1
1765181708.6844018,14012902332939303710,108683,0,28,23,58,5280,15,14,0,2158,7200,80,255,1
1765181710.1777852,14012902332939303710,108716,0,28,23,58,5280,15,14,0,2156,7200,80,255,1
1765181711.1837401,14012902332939303710,108740,0,28,23,58,5280,15,14,0,2155,7200,80,255,1
1765181712.6813245,14012902332939303710,108774,0,28,23,58,5280,15,14,0,2154,7200,80,255,1
1765181714.1758254,14012902332939303710,108808,0,28,23,58,5280,15,14,0,2152,7200,80,255,1
1765181715.1815834,14012902332939303710,108831,0,28,23,58,5280,15,14,0,2151,7200,80,255,1
1765181716.679373,14012902332939303710,108864,0,28,23,58,5280,15,14,0,2150,7200,80,255,1
1765181717.68517,14012902332939303710,108886,0,28,23,58,5280,15,14,0,2149,7200,80,255,1
1765181719.1790035,14012902332939303710,108920,0,28,23,58,5280,15,14,0,2147,7200,80,255,1
1765181720.1837494,14012902332939303710,108943,0,28,23,58,5280,15,14,0,2146,7200,80,255,1
1765181721.6785495,14012902332939303710,108977,0,28,23,58,5280,15,14,0,2145,7200,80,255,1
1765181722.6846545,14012902332939303710,108999,0,28,23,58,5280,15,14,0,2144,7200,80,255,1
1765181724.1746135,14012902332939303710,109034,0,28,23,58,5280,15,14,0,2142,7200,80,255,1
1765181725.1816115,14012902332939303710,109057,0,28,23,58,5280,15,14,0,2141,7200,80,255,1
1765181726.6812463,14012902332939303710,109094,0,28,23,58,5280,15,14,0,2140,7200,80,255,1
1765181727.685878,14012902332939303710,109117,0,28,23,58,5280,15,14,0,2139,7200,80,255,1
1765181729.1802154,14012902332939303710,109154,0,28,23,58,5280,15,14,0,2137,7200,80,255,1
1765181730.1848648,14012902332939303710,109176,0,28,23,58,5280,15,14,0,2136,7200,80,255,1
1765181731.6814995,14012902332939303710,109211,0,28,23,58,5280,15,14,0,2135,7200,80,255,1
1765181733.1747518,14012902332939303710,109244,0,28,23,58,5280,15,14,0,2133,7200,80,255,1
1765181734.180326,14012902332939303710,109268,0,28,23,58,5280,15,14,0,2132,7200,80,255,1
1765181735.6753376,14012902332939303710,109302,0,28,23,58,5280,15,14,0,2131,7200,80,255,1
1765181736.6841457,14012902332939303710,109326,0,28,23,58,5280,15,14,0,2130,7200,80,255,1
1765181738.1764486,14012902332939303710,109361,0,28,23,58,5280,15,14,0,2128,7200,80,255,1
1765181739.1848104,14012902332939303710,109384,0,28,23,58,5280,15,14,0,2127,7200,80,255,1
1765181740.6777377,14012902332939303710,109420,0,28,23,58,5280,15,14,0,2126,7200,80,255,1
1765181742.174881,14012902332939303710,109455,0,28,23,58,5280,15,14,0,2124,7200,80,255,1
1765181743.1799023,14012902332939303710,109478,0,28,23,58,5280,15,14,0,2123,7200,80,255,1
1765181744.6749225,14012902332939303710,109513,0,28,23,58,5280,15,14,0,2122,7200,80,255,1
1765181745.6793544,14012902332939303710,109538,0,28,23,58,5280,15,14,0,2121,7200,80,255,1
1765181747.1794567,14012902332939303710,109572,0,28,23,58,5280,15,14,0,2119,7200,80,255,1
1765181748.185591,14012902332939303710,109594,0,28,23,58,5280,15,14,0,2118,7200,80,255,1
1765181749.6774623,14012902332939303710,109629,0,28,23,58,5280,15,14,0,2117,7200,80,255,1
1765181750.6848154,14012902332939303710,109653,0,28,23,58,5280,15,14,0,2116,7200,80,255,1
1765181752.1842868,14012902332939303710,109688,0,28,23,58,5280,15,14,0,2114,7200,80,255,1
1765181753.6760907,14012902332939303710,109723,0,28,23,58,5280,15,14,0,2113,7200,80,255,1
1765181754.6800842,14012902332939303710,109748,0,28,23,58,5280,15,14,0,2112,7200,80,255,1
1765181756.1753604,14012902332939303710,109784,0,28,23,58,5280,15,14,0,2110,7200,80,255,1
1765181757.1853428,14012902332939303710,109807,0,28,23,58,5280,15,14,0,2109,7200,80,255,1
1765181758.6763418,14012902332939303710,109842,0,28,23,58,5280,15,14,0,2108,7200,80,255,1
1765181759.682827,14012902332939303710,109867,0,28,23,58,5280,15,14,0,2107,7200,80,255,1
1765181761.1791475,14012902332939303710,109904,0,28,23,58,5280,15,14,0,2105,7200,80,255,1
1765181762.67725,14012902332939303710,109938,0,28,23,58,5280,15,14,0,2104,7200,80,255,1
1765181763.6828024,14012902332939303710,109962,0,28,23,58,5280,15,14,0,2103,7200,80,255,1
1765181765.1776257,14012902332939303710,109997,0,28,23,58,5280,15,14,0,2101,7200,80,255,1
1765181766.183824,14012902332939303710,110021,0,28,23,58,5280,15,14,0,2100,7200,80,255,1
1765181767.6824417,14012902332939303710,110057,0,28,23,58,5280,15,14,0,2099,7200,80,255,1
1765181769.1751711,14012902332939303710,110092,0,28,23,58,5280,15,14,0,2097,7200,80,255,1
1765181770.1829097,14012902332939303710,110116,0,28,23,58,5280,15,14,0,2096,7200,80,255,1
1765181771.680376,14012902332939303710,110152,0,28,23,58,5280,15,14,0,2095,7200,80,255,1
1765181773.1749668,14012902332939303710,110187,0,28,23,58,5280,15,14,0,2093,7200,80,255,1
1765181774.1811905,14012902332939303710,110212,0,28,23,58,5280,15,14,0,2092,7200,80,255,1
1765181775.6751091,14012902332939303710,110249,0,28,23,58,5280,15,14,0,2091,7200,80,255,1
1765181776.6843834,14012902332939303710,110273,0,28,23,58,5280,15,14,0,2090,7200,80,255,1
1765181778.177491,14012902332939303710,110308,0,28,23,58,5280,15,14,0,2088,7200,80,255,1
1765181779.6740348,14012902332939303710,110343,0,28,23,58,5280,15,14,0,2087,7200,80,255,1
1765181780.6789489,14012902332939303710,110367,0,28,23,58,5280,15,14,0,2086,7200,80,255,1
1765181782.178082,14012902332939303710,110400,0,28,23,58,5280,15,14,0,2084,7200,80,255,1
1765181783.1839454,14012902332939303710,110424,0,28,23,58,5280,15,14,0,2083,7200,80,255,1
1765181784.6775808,14012902332939303710,110459,0,28,23,58,5280,15,14,0,2082,7200,80,255,1
1765181785.683728,14012902332939303710,110482,0,28,23,58,5280,15,14,0,2081,7200,80,255,1
1765181787.1780665,14012902332939303710,110517,0,28,23,58,5280,15,14,0,2079,7200,80,255,1
1765181788.1848047,14012902332939303710,110542,0,28,23,58,5280,15,14,0,2078,7200,80,255,1
1765181789.6758358,14012902332939303710,110578,0,28,23,58,5280,15,14,0,2077,7200,80,255,1
1765181790.681468,14012902332939303710,110603,0,28,23,58,5280,15,14,0,2076,7200,80,255,1
1765181792.1777928,14012902332939303710,110636,0,28,23,58,5280,15,14,0,2074,7200,80,255,1
1765181793.1840663,14012902332939303710,110659,0,28,23,58,5280,15,14,0,2073,7200,80,255,1
1765181794.676099,14012902332939303710,110695,0,28,23,58,5280,15,14,0,2072,7200,80,255,1
1765181795.680929,14012902332939303710,110720,0,28,23,58,5280,15,14,0,2071,7200,80,255,1
1765181797.1778705,14012902332939303710,110754,0,28,23,58,5280,15,14,0,2069,7200,80,255,1
1765181798.1850908,14012902332939303710,110778,0,28,23,58,5280,15,14,0,2068,7200,80,255,1
1765181799.6782136,14012902332939303710,110813,0,28,23,58,5280,15,14,0,2067,7200,80,255,1
1765181800.6854067,14012902332939303710,110837,0,28,23,58,5280,15,14,0,2066,7200,80,255,1
1765181802.1852298,14012902332939303710,110873,0,28,23,58,5280,15,14,0,2064,7200,80,255,1
1765181803.6792498,14012902332939303710,110910,0,28,23,58,5280,15,14,0,2063,7200,80,255,1
1765181805.1762438,14012902332939303710,110945,0,28,23,58,5280,15,14,0,2061,7200,80,255,1
1765181806.179368,14012902332939303710,110970,0,28,23,58,5280,15,14,0,2060,7200,80,255,1
1765181807.6792178,14012902332939303710,111005,0,28,23,58,5280,15,14,0,2059,7200,80,255,1
1765181809.1747615,14012902332939303710,111042,0,28,23,58,5280,15,14,0,2057,7200,80,255,1
1765181810.1788266,14012902332939303710,111066,0,28,23,58,5280,15,14,0,2056,7200,80,255,1
1765181811.1860201,14012902332939303710,111088,0,28,23,58,5280,15,14,0,2055,7200,80,255,1
1765181812.6829925,14012902332939303710,111123,0,28,23,58,5280,15,14,0,2054,7200,80,255,1
1765181814.1781087,14012902332939303710,111156,0,28,23,58,5280,15,14,0,2052,7200,80,255,1
1765181815.1825325,14012902332939303710,111180,0,28,23,58,5280,15,14,0,2051,7200,80,255,1
1765181816.6790278,14012902332939303710,111215,0,28,23,58,5280,15,14,0,2050,7200,80,255,1
1765181817.6856616,14012902332939303710,111239,0,28,23,58,5280,15,14,0,2049,7200,80,255,1
1765181819.1792476,14012902332939303710,111274,0,28,23,58,5280,15,14,0,2047,7200,80,255,1
1765181820.1858652,14012902332939303710,111297,0,28,23,58,5280,15,14,0,2046,7200,80,255,1
1765181821.6839044,14012902332939303710,111331,0,28,23,58,5280,15,14,0,2045,7200,80,255,1
1765181823.1767697,14012902332939303710,111367,0,28,23,58,5280,15,14,0,2043,7200,80,255,1
1765181824.182422,14012902332939303710,111391,0,28,23,58,5280,15,14,0,2042,7200,80,255,1
1765181825.6770751,14012902332939303710,111427,0,28,23,58,5280,15,14,0,2041,7200,80,255,1
1765181826.6847737,14012902332939303710,111448,0,28,23,58,5280,15,14,0,2040,7200,80,255,1
1765181828.1791363,14012902332939303710,111483,0,28,23,58,5280,15,14,0,2038,7200,80,255,1
1765181829.18591,14012902332939303710,111504,0,28,23,58,5280,15,14,0,2037,7200,80,255,1
1765181830.6791773,14012902332939303710,111539,0,28,23,58,5280,15,14,0,2036,7200,80,255,1
1765181832.1787508,14012902332939303710,111572,0,28,23,58,5280,15,14,0,2034,7200,80,255,1
1765181833.1841753,14012902332939303710,111596,0,28,23,58,5280,15,14,0,179,7200,80,255,1
1765181834.678125,14012902332939303710,111632,0,28,23,58,5280,15,14,0,178,7200,80,255,1
1765181835.683972,14012902332939303710,111655,0,28,23,58,5280,15,14,0,177,7200,80,255,1
1765181837.1827784,14012902332939303710,111690,0,28,23,58,5280,15,14,0,175,7200,80,255,1
1765181838.67836,14012902332939303710,111724,0,28,23,58,5280,15,14,0,174,7200,80,255,1
1765181839.6839247,14012902332939303710,111748,0,28,23,58,5280,15,14,0,173,7200,80,255,1
1765181841.1778421,14012902332939303710,111782,0,28,23,58,5280,15,14,0,171,7200,80,255,1
1765181842.677003,14012902332939303710,111817,0,28,23,58,5280,15,14,0,170,7200,80,255,1
1765181843.6827538,14012902332939303710,111839,0,28,23,58,5280,15,14,0,169,7200,80,255,1
1765181845.1740878,14012902332939303710,111874,0,28,23,58,5280,15,14,0,167,7200,80,255,1
1765181846.178776,14012902332939303710,111899,0,28,23,58,5280,15,14,0,166,7200,80,255,1
1765181847.6789143,14012902332939303710,111933,0,28,23,58,5280,15,14,0,165,7200,80,255,1
1765181848.6854258,14012902332939303710,111955,0,28,23,58,5280,15,14,0,164,7200,80,255,1
1765181850.1791277,14012902332939303710,111991,0,28,23,58,5280,15,14,0,162,7200,80,255,1
1765181851.1857636,14012902332939303710,112013,0,28,23,58,5280,15,14,0,161,7200,80,255,1
1765181852.6838932,14012902332939303710,112046,0,28,23,58,5280,15,14,0,160,7200,80,255,1
1765181854.1777854,14012902332939303710,112081,0,28,23,58,5280,15,14,0,158,7200,80,255,1
1765181855.1800878,14012902332939303710,112104,0,28,23,58,5280,15,14,0,157,7200,80,255,1
1765181856.6793664,14012902332939303710,112140,0,28,23,58,5280,15,14,0,156,7200,80,255,1
1765181858.1735723,14012902332939303710,112175,0,28,23,58,5280,15,14,0,154,7200,80,255,1
1765181859.1801448,14012902332939303710,112199,0,28,23,58,5280,15,14,0,153,7200,80,255,1
1765181860.1864579,14012902332939303710,112222,0,28,23,58,5280,15,14,0,152,7200,80,255,1
1765181861.6840138,14012902332939303710,112256,0,28,23,58,5280,15,14,0,151,7200,80,255,1
1765181863.1789854,14012902332939303710,112291,0,28,23,58,5280,15,14,0,149,7200,80,255,1
1765181864.1845112,14012902332939303710,112314,0,28,23,58,5280,15,14,0,148,7200,80,255,1
1765181865.679542,14012902332939303710,112349,0,28,23,58,5280,15,14,0,147,7200,80,255,1
1765181867.1778414,14012902332939303710,112381,0,28,23,58,5280,15,14,0,145,7200,80,255,1
1765181868.1813731,14012902332939303710,112404,0,28,23,58,5280,15,14,0,144,7200,80,255,1
1765181869.6755989,14012902332939303710,112439,0,28,23,58,5280,15,14,0,143,7200,80,255,1
1765181870.6798892,14012902332939303710,112462,0,28,23,58,5280,15,14,0,142,7200,80,255,1
1765181872.1800025,14012902332939303710,112496,0,28,23,58,5280,15,14,0,140,7200,80,255,1
1765181873.18544,14012902332939303710,112518,0,28,23,58,5280,15,14,0,139,7200,80,255,1
1765181874.6794405,14012902332939303710,112553,0,28,23,58,5280,15,14,0,138,7200,80,255,1
1765181876.1752806,14012902332939303710,112587,0,28,23,58,5280,15,14,0,136,7200,80,255,1
1765181877.1827784,14012902332939303710,112610,0,28,23,58,5280,15,14,0,135,7200,80,255,1
1765181878.677217,14012902332939303710,112645,0,28,23,58,5280,15,14,0,134,7200,80,255,1
1765181879.6800842,14012902332939303710,112668,0,28,23,58,5280,15,14,0,133,7200,80,255,1
1765181881.1749494,14012902332939303710,112703,0,28,23,58,5280,15,14,0,131,7200,80,255,1
1765181882.1842737,14012902332939303710,112727,0,28,23,58,5280,15,14,0,130,7200,80,255,1
1765181883.6774604,14012902332939303710,112761,0,28,23,58,5280,15,14,0,129,7200,80,255,1
1765181884.6812518,14012902332939303710,112783,0,28,23,58,5280,15,14,0,128,7200,80,255,1
1765181886.1769128,14012902332939303710,112818,0,28,23,58,5280,15,14,0,126,7200,80,255,1
1765181887.1859305,14012902332939303710,112842,0,28,23,58,5280,15,14,0,125,7200,80,255,1
1765181888.6794927,14012902332939303710,112876,0,28,23,58,5280,15,14,0,124,7200,80,255,1
1765181889.6860597,14012902332939303710,112896,0,28,23,58,5280,15,14,0,123,7200,80,255,1
1765181891.1819098,14012902332939303710,112929,0,28,23,58,5280,15,14,0,121,7200,80,255,1
1765181892.6799757,14012902332939303710,112965,0,28,23,58,5280,15,14,0,120,7200,80,255,1
1765181894.1747742,14012902332939303710,112998,0,28,23,58,5280,15,14,0,118,7200,80,255,1
1765181895.18104,14012902332939303710,113022,0,28,23,58,5280,15,14,0,117,7200,80,255,1
1765181896.6801183,14012902332939303710,113057,0,28,23,58,5280,15,14,0,116,7200,80,255,1
1765181897.6857948,14012902332939303710,113079,0,28,23,58,5280,15,14,0,115,7200,80,255,1
1765181899.1794581,14012902332939303710,113114,0,28,23,58,5280,15,14,0,113,7200,80,255,1
1765181900.1852055,14012902332939303710,113136,0,28,23,58,5280,15,14,0,112,7200,80,255,1
1765181901.6816242,14012902332939303710,113171,0,28,23,58,5280,15,14,0,111,7200,80,255,1
1765181903.1812987,14012902332939303710,113207,0,28,23,58,5280,15,14,0,109,7200,80,255,1
1765181904.185621,14012902332939303710,113230,0,28,23,58,5280,15,14,0,108,7200,80,255,1
1765181905.6801586,14012902332939303710,113263,0,28,23,58,5280,15,14,0,107,7200,80,255,1
1765181907.1801825,14012902332939303710,113298,0,28,23,58,5280,15,14,0,105,7200,80,255,1
1765181908.185813,14012902332939303710,113320,0,28,23,58,5280,15,14,0,104,7200,80,255,1
1765181909.6815202,14012902332939303710,113355,0,28,23,58,5280,15,14,0,103,7200,80,255,1
1765181911.1757464,14012902332939303710,113390,0,28,23,58,5280,15,14,0,101,7200,80,255,1
1765181912.1859233,14012902332939303710,113413,0,28,23,58,5280,15,14,0,100,7200,80,255,1
1765181913.6786585,14012902332939303710,113447,0,28,23,58,5280,15,14,0,99,7200,80,255,1
1765181914.682666,14012902332939303710,113471,0,28,23,58,5280,15,14,0,98,7200,80,255,1
1765181916.176195,14012902332939303710,113506,0,28,23,58,5280,15,14,0,96,7200,80,255,1
1765181917.6740036,14012902332939303710,113541,0,28,23,58,5280,15,14,0,95,7200,80,255,1
1765181918.680146,14012902332939303710,113565,0,28,23,58,5280,15,14,0,94,7200,80,255,1
1765181920.175839,14012902332939303710,113599,0,28,23,58,5280,15,14,0,92,7200,80,255,1
1765181921.1816797,14012902332939303710,113622,0,28,23,58,5280,15,14,0,91,7200,80,255,1
1765181922.6800919,14012902332939303710,113656,0,28,23,58,5280,15,14,0,90,7200,80,255,1
1765181924.176553,14012902332939303710,113690,0,28,23,58,5280,15,14,0,88,7200,80,255,1
1765181925.1813285,14012902332939303710,113713,0,28,23,58,5280,15,14,0,87,7200,80,255,1
1765181926.6776922,14012902332939303710,113746,0,28,23,58,5280,15,14,0,86,7200,80,255,1
1765181927.6838918,14012902332939303710,113770,0,28,23,58,5280,15,14,0,85,7200,80,255,1
1765181929.178244,14012902332939303710,113805,0,28,23,58,5280,15,14,0,83,7200,80,255,1
1765181930.184807,14012902332939303710,113828,0,28,23,58,5280,15,14,0,82,7200,80,255,1
1765181931.6814983,14012902332939303710,113864,0,28,23,58,5280,15,14,0,81,7200,80,255,1
1765181933.178238,14012902332939303710,113898,0,28,23,58,5280,15,14,0,79,7200,80,255,1
1765181934.1830242,14012902332939303710,113922,0,28,23,58,5280,15,14,0,78,7200,80,255,1
1765181935.6767175,14012902332939303710,113956,0,28,23,58,5280,15,14,0,77,7200,80,255,1
1765181937.1762373,14012902332939303710,113990,0,28,23,58,5280,15,14,0,75,7200,80,255,1
1765181938.1828747,14012902332939303710,114013,0,28,23,58,5280,15,14,0,74,7200,80,255,1
1765181939.6767344,14012902332939303710,114047,0,28,23,58,5280,15,14,0,73,7200,80,255,1
1765181940.6817708,14012902332939303710,114070,0,28,23,58,5280,15,14,0,72,7200,80,255,1
1765181942.180068,14012902332939303710,114104,0,28,23,58,5280,15,14,0,70,7200,80,255,1
1765181943.1856148,14012902332939303710,114127,0,28,23,58,5280,15,14,0,69,7200,80,255,1
1765181944.67999,14012902332939303710,114162,0,28,23,58,5280,15,14,0,68,7200,80,255,1
1765181946.1745024,14012902332939303710,114197,0,28,23,58,5280,15,14,0,66,7200,80,255,1
1765181947.1846125,14012902332939303710,114222,0,28,23,58,5280,15,14,0,65,7200,80,255,1
1765181948.679863,14012902332939303710,114258,0,28,23,58,5280,15,14,0,64,7200,80,255,1
1765181950.1759846,14012902332939303710,114292,0,28,23,58,5280,15,14,0,62,7200,80,255,1
1765181951.182795,14012902332939303710,114316,0,28,23,58,5280,15,14,0,61,7200,80,255,1
1765181952.6800492,14012902332939303710,114350,0,28,23,58,5280,15,14,0,60,7200,80,255,1
1765181954.1755445,14012902332939303710,114384,0,28,23,58,5280,15,14,0,58,7200,80,255,1
1765181955.179963,14012902332939303710,114407,0,28,23,58,5280,15,14,0,57,7200,80,255,1
1765181956.681323,14012902332939303710,114442,0,28,23,58,5280,15,14,0,56,7200,80,255,1
1765181958.1770077,14012902332939303710,114476,0,28,23,58,5280,15,14,0,54,7200,80,255,1
1765181959.182856,14012902332939303710,114498,0,28,23,58,5280,15,14,0,53,7200,80,255,1
1765181960.6775565,14012902332939303710,114533,0,28,23,58,5280,15,14,0,52,7200,80,255,1
1765181962.1754818,14012902332939303710,114567,0,28,23,58,5280,15,14,0,50,7200,80,255,1
1765181963.1814222,14012902332939303710,114589,0,28,23,58,5280,15,14,0,49,7200,80,255,1
1765181964.6777833,14012902332939303710,114624,0,28,23,58,5280,15,14,0,48,7200,80,255,1
1765181965.6838834,14012902332939303710,114647,0,28,23,58,5280,15,14,0,47,7200,80,255,1
1765181967.1835895,14012902332939303710,114684,0,28,23,58,5280,15,14,0,45,7200,80,255,1
1765181968.6785984,14012902332939303710,114719,0,28,23,58,5280,15,14,0,44,7200,80,255,1
1765181970.1740265,14012902332939303710,114752,0,28,23,58,5280,15,14,0,42,7200,80,255,1
1765181971.1812434,14012902332939303710,114776,0,28,23,58,5280,15,14,0,41,7200,80,255,1
1765181972.678575,14012902332939303710,114810,0,28,23,58,5280,15,14,0,40,7200,80,255,1
1765181974.1749694,14012902332939303710,114842,0,28,23,58,5280,15,14,0,38,7200,80,255,1
1765181975.181672,14012902332939303710,114866,0,28,23,58,5280,15,14,0,37,7200,80,255,1
1765181976.682858,14012902332939303710,114901,0,28,23,58,5280,15,14,0,36,7200,80,255,1
1765181978.175578,14012902332939303710,114935,0,28,23,58,5280,15,14,0,34,7200,80,255,1
1765181979.1815853,14012902332939303710,114958,0,28,23,58,5280,15,14,0,33,7200,80,255,1
1765181980.6771507,14012902332939303710,114993,0,28,23,58,5280,15,14,0,32,7200,80,255,1
1765181982.1757877,14012902332939303710,115028,0,28,23,58,5280,15,14,0,30,7200,80,255,1
1765181983.1824594,14012902332939303710,115052,0,28,23,58,5280,15,14,0,29,7200,80,255,1
1765181984.6786075,14012902332939303710,115086,0,28,23,58,5280,15,14,0,28,7200,80,255,1
1765181985.6841974,14012902332939303710,115109,0,28,23,58,5280,15,14,0,27,7200,80,255,1
1765181987.183813,14012902332939303710,115144,0,28,23,58,5280,15,14,0,25,7200,80,255,1
1765181988.6789565,14012902332939303710,115178,0,28,23,58,5280,15,14,0,24,7200,80,255,1
1765181989.6849031,14012902332939303710,115203,0,28,23,58,5280,15,14,0,23,7200,80,255,1
1765181991.1807048,14012902332939303710,115238,0,28,23,58,5280,15,14,0,21,7200,80,255,1
1765181992.6779578,14012902332939303710,115273,0,28,23,58,5280,15,14,0,20,7200,80,255,1
1765181993.6844974,14012902332939303710,115297,0,28,23,58,5280,15,14,0,19,7200,80,255,1
1765181995.1804223,14012902332939303710,115332,0,28,23,58,5280,15,14,0,17,7200,80,255,1
1765181996.678754,14012902332939303710,115367,0,28,23,58,5280,15,14,0,16,7200,80,255,1
1765181997.684966,14012902332939303710,115390,0,28,23,58,5280,15,14,0,15,7200,80,255,1
1765181999.1814547,14012902332939303710,115426,0,28,23,58,5280,15,14,0,13,7200,80,255,1
1765182000.676659,14012902332939303710,115462,0,28,23,58,5280,15,14,0,12,7200,80,255,1
1765182002.174917,14012902332939303710,115497,0,28,23,58,5280,15,14,0,10,7200,80,255,1
1765182003.1835527,14012902332939303710,115519,0,28,23,58,5280,15,14,0,9,7200,80,255,1
1765182004.6767466,14012902332939303710,115553,0,28,23,58,5280,15,14,0,8,7200,80,255,1
1765182005.6834898,14012902332939303710,115576,0,28,23,58,5280,15,14,0,7,7200,80,255,1
1765182007.1812603,14012902332939303710,115611,0,28,23,58,5280,15,14,0,5,7200,80,255,1
1765182008.6748428,14012902332939303710,115645,0,28,23,58,5280,15,14,0,4,7200,80,255,1
1765182009.6816778,14012902332939303710,115669,0,28,23,58,5280,15,14,0,3,7200,80,255,1
1765182011.1739783,14012902332939303710,115702,0,28,23,58,5280,15,14,0,1,7200,80,255,1
1765182012.18379,14012902332939303710,115726,0,28,23,58,5280,15,14,0,0,7200,80,255,1
