timestamp,session_uid,frame,weather,track_temperature,air_temperature,total_laps,track_length,session_type,track_id,formula,session_time_left,session_duration,pit_speed_limit,safety_car_status,network_game
1767783196.741579,6969619580540723221,0,0,32,23,57,5417,15,32,0,7200,7200,80,0,1
1767783197.7479641,6969619580540723221,20,0,32,23,57,5417,15,32,0,7200,7200,80,255,1
1767783199.2569382,6969619580540723221,50,0,24,20,57,5417,15,32,0,7200,7200,80,255,1
1767783200.2576184,6969619580540723221,70,0,24,20,57,5417,15,32,0,7200,7200,80,255,1
1767783201.7441082,6969619580540723221,100,0,24,20,57,5417,15,32,0,7200,7200,80,255,1
1767783203.2569783,6969619580540723221,130,0,24,20,57,5417,15,32,0,7199,7200,80,255,1
1767783204.7443833,6969619580540723221,160,0,24,20,57,5417,15,32,0,7197,7200,80,255,1
1767783205.7629478,6969619580540723221,180,0,24,20,57,5417,15,32,0,7196,7200,80,255,1
1767783207.2436893,6969619580540723221,210,0,24,20,57,5417,15,32,0,7195,7200,80,255,1
1767783208.2581038,6969619580540723221,230,0,24,20,57,5417,15,32,0,7194,7200,80,255,1
1767783209.742767,6969619580540723221,260,0,24,20,57,5417,15,32,0,7192,7200,80,255,1
1767783210.7601254,6969619580540723221,280,0,24,20,57,5417,15,32,0,7191,7200,80,255,1
1767783212.2460718,6969619580540723221,310,0,24,20,57,5417,15,32,0,7190,7200,80,255,1
1767783213.2628946,6969619580540723221,330,0,24,20,57,5417,15,32,0,7189,7200,80,255,1
1767783214.2729352,6969619580540723221,350,0,24,20,57,5417,15,32,0,7188,7200,80,255,1
1767783215.7592256,6969619580540723221,380,0,24,20,57,5417,15,32,0,7186,7200,80,255,1
1767783217.2605317,6969619580540723221,410,0,24,20,57,5417,15,32,0,7185,7200,80,255,1
1767783218.7441585,6969619580540723221,440,0,24,20,57,5417,15,32,0,7183,7200,80,255,1
1767783220.2416685,6969619580540723221,470,0,24,20,57,5417,15,32,0,7182,7200,80,255,1
1767783221.2430193,6969619580540723221,490,0,24,20,57,5417,15,32,0,7181,7200,80,255,1
1767783222.2490747,6969619580540723221,510,0,24,20,57,5417,15,32,0,7180,7200,80,255,1
1767783223.2581494,6969619580540723221,530,0,24,20,57,5417,15,32,0,7179,7200,80,255,1
1767783224.2592516,6969619580540723221,550,0,24,20,57,5417,15,32,0,7178,7200,80,255,1
1767783225.760302,6969619580540723221,580,0,24,20,57,5417,15,32,0,7176,7200,80,255,1
1767783227.2497032,6969619580540723221,610,0,24,20,57,5417,15,32,0,7175,7200,80,255,1
1767783228.256764,6969619580540723221,630,0,24,20,57,5417,15,32,0,7174,7200,80,255,1
1767783229.2568743,6969619580540723221,650,0,24,20,57,5417,15,32,0,7173,7200,80,255,1
1767783230.7501605,6969619580540723221,680,0,24,20,57,5417,15,32,0,7171,7200,80,255,1
1767783231.760365,6969619580540723221,700,0,24,20,57,5417,15,32,0,7170,7200,80,255,1
1767783233.2452862,6969619580540723221,730,0,24,20,57,5417,15,32,0,7169,7200,80,255,1
1767783234.2533524,6969619580540723221,750,0,24,20,57,5417,15,32,0,7168,7200,80,255,1
1767783235.7591395,6969619580540723221,780,0,24,20,57,5417,15,32,0,7166,7200,80,255,1
1767783237.2428508,6969619580540723221,810,0,24,20,57,5417,15,32,0,7165,7200,80,255,1
1767783238.256984,6969619580540723221,830,0,24,20,57,5417,15,32,0,7164,7200,80,255,1
1767783239.7638571,6969619580540723221,860,0,24,20,57,5417,15,32,0,7162,7200,80,255,1
1767783241.2482283,6969619580540723221,890,0,24,20,57,5417,15,32,0,7161,7200,80,255,1
1767783242.2615983,6969619580540723221,910,0,24,20,57,5417,15,32,0,7160,7200,80,255,1
1767783243.7502086,6969619580540723221,940,0,24,20,57,5417,15,32,0,7158,7200,80,255,1
1767783245.2570934,6969619580540723221,971,0,24,20,57,5417,15,32,0,7157,7200,80,255,1
1767783246.7574103,6969619580540723221,1001,0,24,20,57,5417,15,32,0,7155,7200,80,255,1
1767783248.2529812,6969619580540723221,1031,0,24,20,57,5417,15,32,0,7154,7200,80,255,1
1767783249.751815,6969619580540723221,1061,0,24,20,57,5417,15,32,0,7152,7200,80,255,1
1767783250.7532,6969619580540723221,1082,0,24,20,57,5417,15,32,0,7151,7200,80,255,1
1767783252.2620523,6969619580540723221,1112,0,24,20,57,5417,15,32,0,7150,7200,80,255,1
1767783253.7481742,6969619580540723221,1142,0,24,20,57,5417,15,32,0,7148,7200,80,255,1
1767783254.7577264,6969619580540723221,1162,0,24,20,57,5417,15,32,0,7147,7200,80,255,1
1767783255.7582319,6969619580540723221,1182,0,24,20,57,5417,15,32,0,7146,7200,80,255,1
1767783257.2502468,6969619580540723221,1212,0,24,20,57,5417,15,32,0,7145,7200,80,255,1
1767783258.2515736,6969619580540723221,1232,0,24,20,57,5417,15,32,0,7144,7200,80,255,1
1767783259.7560704,6969619580540723221,1262,0,24,20,57,5417,15,32,0,7142,7200,80,255,1
1767783260.7569532,6969619580540723221,1282,0,24,20,57,5417,15,32,0,7141,7200,80,255,1
1767783262.2531896,6969619580540723221,1312,0,24,20,57,5417,15,32,0,7140,7200,80,255,1
1767783263.7503855,6969619580540723221,1342,0,24,20,57,5417,15,32,0,7138,7200,80,255,1
1767783264.759411,6969619580540723221,1362,0,24,20,57,5417,15,32,0,7137,7200,80,255,1
1767783266.244105,6969619580540723221,1392,0,24,20,57,5417,15,32,0,7136,7200,80,255,1
1767783267.261053,6969619580540723221,1413,0,24,20,57,5417,15,32,0,7135,7200,80,255,1
1767783268.744078,6969619580540723221,1443,0,24,20,57,5417,15,32,0,7133,7200,80,255,1
1767783269.763883,6969619580540723221,1463,0,24,20,57,5417,15,32,0,7132,7200,80,255,1
1767783271.2427099,6969619580540723221,1493,0,24,20,57,5417,15,32,0,7131,7200,80,255,1
1767783272.2502685,6969619580540723221,1513,0,24,20,57,5417,15,32,0,7130,7200,80,255,1
1767783273.2554486,6969619580540723221,1533,0,24,20,57,5417,15,32,0,7129,7200,80,255,1
1767783274.2569659,6969619580540723221,1553,0,24,20,57,5417,15,32,0,7128,7200,80,255,1
1767783275.2618024,6969619580540723221,1573,0,24,20,57,5417,15,32,0,7127,7200,80,255,1
1767783276.7462585,6969619580540723221,1603,0,24,20,57,5417,15,32,0,7125,7200,80,255,1
1767783277.7502615,6969619580540723221,1623,0,24,20,57,5417,15,32,0,7124,7200,80,255,1
1767783279.2428718,6969619580540723221,1653,0,24,20,57,5417,15,32,0,7123,7200,80,255,1
1767783280.2568676,6969619580540723221,1673,0,24,20,57,5417,15,32,0,7122,7200,80,255,1
1767783281.7558236,6969619580540723221,1703,0,24,20,57,5417,15,32,0,7120,7200,80,255,1
1767783283.250306,6969619580540723221,1733,0,24,20,57,5417,15,32,0,7119,7200,80,255,1
1767783284.7529309,6969619580540723221,1763,0,24,20,57,5417,15,32,0,7117,7200,80,255,1
1767783286.2615223,6969619580540723221,1793,0,24,20,57,5417,15,32,0,7116,7200,80,255,1
1767783287.746915,6969619580540723221,1823,0,24,20,57,5417,15,32,0,7114,7200,80,255,1
1767783289.2505586,6969619580540723221,1853,0,24,20,57,5417,15,32,0,7113,7200,80,255,1
1767783290.755333,6969619580540723221,1883,0,24,20,57,5417,15,32,0,7111,7200,80,255,1
1767783291.7557225,6969619580540723221,1903,0,24,20,57,5417,15,32,0,7110,7200,80,255,1
1767783293.2431045,6969619580540723221,1933,0,24,20,57,5417,15,32,0,7109,7200,80,255,1
1767783294.748195,6969619580540723221,1963,0,24,20,57,5417,15,32,0,7107,7200,80,255,1
1767783296.2547574,6969619580540723221,1993,0,24,20,57,5417,15,32,0,7106,7200,80,255,1
1767783297.7573614,6969619580540723221,2023,0,24,20,57,5417,15,32,0,7104,7200,80,255,1
1767783299.2433136,6969619580540723221,2053,0,24,20,57,5417,15,32,0,7103,7200,80,255,1
1767783300.2591534,6969619580540723221,2073,0,24,20,57,5417,15,32,0,7102,7200,80,255,1
1767783301.7433357,6969619580540723221,2103,0,24,20,57,5417,15,32,0,7100,7200,80,255,1
1767783302.7600489,6969619580540723221,2123,0,24,20,57,5417,15,32,0,7099,7200,80,255,1
1767783304.2529833,6969619580540723221,2153,0,24,20,57,5417,15,32,0,7098,7200,80,255,1
1767783305.7418144,6969619580540723221,2183,0,24,20,57,5417,15,32,0,7096,7200,80,255,1
1767783306.7452557,6969619580540723221,2204,0,24,20,57,5417,15,32,0,7095,7200,80,255,1
1767783307.746741,6969619580540723221,2224,0,24,20,57,5417,15,32,0,7094,7200,80,255,1
1767783308.7538476,6969619580540723221,2245,0,24,20,57,5417,15,32,0,7093,7200,80,255,1
1767783310.245301,6969619580540723221,2275,0,24,20,57,5417,15,32,0,7092,7200,80,255,1
1767783311.2538524,6969619580540723221,2296,0,24,20,57,5417,15,32,0,7091,7200,80,255,1
1767783312.2581124,6969619580540723221,2316,0,24,20,57,5417,15,32,0,7090,7200,80,255,1
1767783313.75277,6969619580540723221,2347,0,24,20,57,5417,15,32,0,7088,7200,80,255,1
1767783314.7538502,6969619580540723221,2367,0,24,20,57,5417,15,32,0,7087,7200,80,255,1
1767783315.755932,6969619580540723221,2387,0,24,20,57,5417,15,32,0,7086,7200,80,255,1
1767783317.249524,6969619580540723221,2417,0,24,20,57,5417,15,32,0,7085,7200,80,255,1
1767783318.7508268,6969619580540723221,2447,0,24,20,57,5417,15,32,0,7083,7200,80,255,1
1767783320.2480054,6969619580540723221,2477,0,24,20,57,5417,15,32,0,7082,7200,80,255,1
1767783321.7526922,6969619580540723221,2507,0,24,20,57,5417,15,32,0,7080,7200,80,255,1
1767783323.251804,6969619580540723221,2537,0,24,20,57,5417,15,32,0,7079,7200,80,255,1
1767783324.750226,6969619580540723221,2568,0,24,20,57,5417,15,32,0,7077,7200,80,255,1
1767783326.2604704,6969619580540723221,2598,0,24,20,57,5417,15,32,0,7076,7200,80,255,1
1767783327.74143,6969619580540723221,2628,0,24,20,57,5417,15,32,0,7074,7200,80,255,1
1767783328.7538872,6969619580540723221,2650,0,24,20,57,5417,15,32,0,7073,7200,80,255,1
1767783330.2575612,6969619580540723221,2680,0,24,20,57,5417,15,32,0,7072,7200,80,255,1
1767783331.7609217,6969619580540723221,2711,0,24,20,57,5417,15,32,0,7070,7200,80,255,1
1767783333.2438538,6969619580540723221,2742,0,24,20,57,5417,15,32,0,7069,7200,80,255,1
1767783334.2591116,6969619580540723221,2762,0,24,20,57,5417,15,32,0,7068,7200,80,255,1
1767783335.7437932,6969619580540723221,2792,0,24,20,57,5417,15,32,0,7066,7200,80,255,1
1767783336.7593796,6969619580540723221,2812,0,24,20,57,5417,15,32,0,7065,7200,80,255,1
1767783338.2581038,6969619580540723221,2842,0,24,20,57,5417,15,32,0,7064,7200,80,255,1
1767783339.7580063,6969619580540723221,2873,0,24,20,57,5417,15,32,0,7062,7200,80,255,1
1767783341.2462912,6969619580540723221,2903,0,24,20,57,5417,15,32,0,7061,7200,80,255,1
1767783342.259261,6969619580540723221,2923,0,24,20,57,5417,15,32,0,7060,7200,80,255,1
1767783343.745117,6969619580540723221,2953,0,24,20,57,5417,15,32,0,7058,7200,80,255,1
1767783344.75897,6969619580540723221,2973,0,24,20,57,5417,15,32,0,7057,7200,80,255,1
1767783346.2443008,6969619580540723221,3003,0,24,20,57,5417,15,32,0,7056,7200,80,255,1
1767783347.750385,6969619580540723221,3034,0,24,20,57,5417,15,32,0,7054,7200,80,255,1
1767783349.2552261,6969619580540723221,3064,0,24,20,57,5417,15,32,0,7053,7200,80,255,1
1767783350.7604284,6969619580540723221,3094,0,24,20,57,5417,15,32,0,7051,7200,80,255,1
1767783352.242699,6969619580540723221,3124,0,24,20,57,5417,15,32,0,7050,7200,80,255,1
1767783353.2579334,6969619580540723221,3144,0,24,20,57,5417,15,32,0,7049,7200,80,255,1
1767783354.7617567,6969619580540723221,3174,0,24,20,57,5417,15,32,0,7047,7200,80,255,1
1767783356.245121,6969619580540723221,3204,0,24,20,57,5417,15,32,0,7046,7200,80,255,1
1767783357.74919,6969619580540723221,3234,0,24,20,57,5417,15,32,0,7044,7200,80,255,1
1767783359.2487342,6969619580540723221,3264,0,24,20,57,5417,15,32,0,7043,7200,80,255,1
1767783360.7556982,6969619580540723221,3294,0,24,20,57,5417,15,32,0,7041,7200,80,255,1
1767783361.7601974,6969619580540723221,3314,0,24,20,57,5417,15,32,0,7040,7200,80,255,1
1767783363.2602608,6969619580540723221,3344,0,24,20,57,5417,15,32,0,7039,7200,80,255,1
1767783364.7414765,6969619580540723221,3374,0,24,20,57,5417,15,32,0,7037,7200,80,255,1
1767783365.756993,6969619580540723221,3395,0,24,20,57,5417,15,32,0,7036,7200,80,255,1
1767783367.2592506,6969619580540723221,3425,0,24,20,57,5417,15,32,0,7035,7200,80,255,1
1767783368.7418823,6969619580540723221,3456,0,24,20,57,5417,15,32,0,7033,7200,80,255,1
1767783369.7570028,6969619580540723221,3476,0,24,20,57,5417,15,32,0,7032,7200,80,255,1
1767783371.245426,6969619580540723221,3506,0,24,20,57,5417,15,32,0,7031,7200,80,255,1
1767783372.2573755,6969619580540723221,3526,0,24,20,57,5417,15,32,0,7030,7200,80,255,1
1767783373.7428613,6969619580540723221,3556,0,24,20,57,5417,15,32,0,7028,7200,80,255,1
1767783374.7612007,6969619580540723221,3576,0,24,20,57,5417,15,32,0,7027,7200,80,255,1
1767783376.2544699,6969619580540723221,3606,0,24,20,57,5417,15,32,0,7026,7200,80,255,1
1767783377.759597,6969619580540723221,3637,0,24,20,57,5417,15,32,0,7024,7200,80,255,1
1767783379.2428885,6969619580540723221,3667,0,24,20,57,5417,15,32,0,7023,7200,80,255,1
1767783380.2579775,6969619580540723221,3687,0,24,20,57,5417,15,32,0,7022,7200,80,255,1
1767783381.2600548,6969619580540723221,3707,0,24,20,57,5417,15,32,0,7021,7200,80,255,1
1767783382.7468734,6969619580540723221,3737,0,24,20,57,5417,15,32,0,7019,7200,80,255,1
1767783384.252509,6969619580540723221,3767,0,24,20,57,5417,15,32,0,7018,7200,80,255,1
1767783385.7427597,6969619580540723221,3797,0,24,20,57,5417,15,32,0,7016,7200,80,255,1
1767783386.7599711,6969619580540723221,3817,0,24,20,57,5417,15,32,0,7015,7200,80,255,1
1767783388.2437854,6969619580540723221,3847,0,24,20,57,5417,15,32,0,7014,7200,80,255,1
1767783389.258101,6969619580540723221,3867,0,24,20,57,5417,15,32,0,7013,7200,80,255,1
1767783390.7467232,6969619580540723221,3897,0,24,20,57,5417,15,32,0,7011,7200,80,255,1
1767783391.754794,6969619580540723221,3917,0,24,20,57,5417,15,32,0,7010,7200,80,255,1
1767783393.256195,6969619580540723221,3947,0,24,20,57,5417,15,32,0,7009,7200,80,255,1
1767783394.7426138,6969619580540723221,3977,0,24,20,57,5417,15,32,0,7007,7200,80,255,1
1767783395.7476332,6969619580540723221,3997,0,24,20,57,5417,15,32,0,7006,7200,80,255,1
1767783396.751503,6969619580540723221,4017,0,24,20,57,5417,15,32,0,7005,7200,80,255,1
1767783398.2604947,6969619580540723221,4047,0,24,20,57,5417,15,32,0,7004,7200,80,255,1
1767783399.755222,6969619580540723221,4077,0,24,20,57,5417,15,32,0,7002,7200,80,255,1
1767783400.7569864,6969619580540723221,4097,0,24,20,57,5417,15,32,0,7001,7200,80,255,1
1767783402.2571714,6969619580540723221,4127,0,24,20,57,5417,15,32,0,7000,7200,80,255,1
1767783403.754937,6969619580540723221,4157,0,24,20,57,5417,15,32,0,6998,7200,80,255,1
1767783405.2601101,6969619580540723221,4187,0,24,20,57,5417,15,32,0,6997,7200,80,255,1
1767783406.7438805,6969619580540723221,4217,0,24,20,57,5417,15,32,0,6995,7200,80,255,1
1767783407.758765,6969619580540723221,4237,0,24,20,57,5417,15,32,0,6994,7200,80,255,1
1767783409.2428508,6969619580540723221,4267,0,24,20,57,5417,15,32,0,6993,7200,80,255,1
1767783410.2557695,6969619580540723221,4287,0,24,20,57,5417,15,32,0,6992,7200,80,255,1
1767783411.2582095,6969619580540723221,4307,0,24,20,57,5417,15,32,0,6991,7200,80,255,1
1767783412.7601564,6969619580540723221,4337,0,24,20,57,5417,15,32,0,6989,7200,80,255,1
1767783414.2547367,6969619580540723221,4367,0,24,20,57,5417,15,32,0,6988,7200,80,255,1
1767783415.7504635,6969619580540723221,4397,0,24,20,57,5417,15,32,0,6986,7200,80,255,1
1767783417.2502382,6969619580540723221,4427,0,24,20,57,5417,15,32,0,6985,7200,80,255,1
1767783418.2526443,6969619580540723221,4447,0,24,20,57,5417,15,32,0,6984,7200,80,255,1
1767783419.7561002,6969619580540723221,4478,0,24,20,57,5417,15,32,0,6982,7200,80,255,1
1767783421.2603142,6969619580540723221,4508,0,24,20,57,5417,15,32,0,6981,7200,80,255,1
1767783422.7418425,6969619580540723221,4538,0,24,20,57,5417,15,32,0,6979,7200,80,255,1
1767783423.7549522,6969619580540723221,4558,0,24,20,57,5417,15,32,0,6978,7200,80,255,1
1767783425.249984,6969619580540723221,4589,0,24,20,57,5417,15,32,0,6977,7200,80,255,1
1767783426.7593565,6969619580540723221,4619,0,24,20,57,5417,15,32,0,6975,7200,80,255,1
1767783428.2521029,6969619580540723221,4649,0,24,20,57,5417,15,32,0,6974,7200,80,255,1
1767783429.7448478,6969619580540723221,4679,0,24,20,57,5417,15,32,0,6972,7200,80,255,1
1767783430.7558267,6969619580540723221,4699,0,24,20,57,5417,15,32,0,6971,7200,80,255,1
1767783432.2417495,6969619580540723221,4729,0,24,20,57,5417,15,32,0,6970,7200,80,255,1
1767783433.2505708,6969619580540723221,4749,0,24,20,57,5417,15,32,0,6969,7200,80,255,1
1767783434.256936,6969619580540723221,4769,0,24,20,57,5417,15,32,0,6968,7200,80,255,1
1767783435.7481909,6969619580540723221,4799,0,24,20,57,5417,15,32,0,6966,7200,80,255,1
1767783437.2489786,6969619580540723221,4829,0,24,20,57,5417,15,32,0,6965,7200,80,255,1
1767783438.260426,6969619580540723221,4849,0,24,20,57,5417,15,32,0,6964,7200,80,255,1
1767783439.7538505,6969619580540723221,4879,0,24,20,57,5417,15,32,0,6962,7200,80,255,1
1767783441.2574425,6969619580540723221,4909,0,24,20,57,5417,15,32,0,6961,7200,80,255,1
1767783442.7538264,6969619580540723221,4939,0,24,20,57,5417,15,32,0,6959,7200,80,255,1
1767783444.2473958,6969619580540723221,4969,0,24,20,57,5417,15,32,0,6958,7200,80,255,1
1767783445.2578886,6969619580540723221,4989,0,24,20,57,5417,15,32,0,6957,7200,80,255,1
1767783446.7583592,6969619580540723221,5020,0,24,20,57,5417,15,32,0,6955,7200,80,255,1
1767783448.2553012,6969619580540723221,5050,0,24,20,57,5417,15,32,0,6954,7200,80,255,1
1767783449.7471216,6969619580540723221,5080,0,24,20,57,5417,15,32,0,6952,7200,80,255,1
1767783450.756334,6969619580540723221,5101,0,24,20,57,5417,15,32,0,6951,7200,80,255,1
1767783452.2571268,6969619580540723221,5131,0,24,20,57,5417,15,32,0,6950,7200,80,255,1
1767783453.7570436,6969619580540723221,5161,0,24,20,57,5417,15,32,0,6948,7200,80,255,1
1767783455.2503119,6969619580540723221,5191,0,24,20,57,5417,15,32,0,6947,7200,80,255,1
1767783456.7535365,6969619580540723221,5222,0,24,20,57,5417,15,32,0,6945,7200,80,255,1
1767783458.2603483,6969619580540723221,5253,0,24,20,57,5417,15,32,0,6944,7200,80,255,1
1767783459.7602835,6969619580540723221,5283,0,24,20,57,5417,15,32,0,6942,7200,80,255,1
1767783461.2501755,6969619580540723221,5314,0,24,20,57,5417,15,32,0,6941,7200,80,255,1
1767783462.7547762,6969619580540723221,5344,0,24,20,57,5417,15,32,0,6939,7200,80,255,1
1767783464.243802,6969619580540723221,5374,0,24,20,57,5417,15,32,0,6938,7200,80,255,1
1767783465.2541406,6969619580540723221,5394,0,24,20,57,5417,15,32,0,6937,7200,80,255,1
1767783466.2568705,6969619580540723221,5414,0,24,20,57,5417,15,32,0,6936,7200,80,255,1
1767783467.7439291,6969619580540723221,5444,0,24,20,57,5417,15,32,0,6934,7200,80,255,1
1767783468.759185,6969619580540723221,5464,0,24,20,57,5417,15,32,0,6933,7200,80,255,1
1767783470.2437382,6969619580540723221,5494,0,24,20,57,5417,15,32,0,6932,7200,80,255,1
1767783471.7494802,6969619580540723221,5525,0,24,20,57,5417,15,32,0,6930,7200,80,255,1
1767783473.2538667,6969619580540723221,5556,0,24,20,57,5417,15,32,0,6929,7200,80,255,1
1767783474.754849,6969619580540723221,5586,0,24,20,57,5417,15,32,0,6927,7200,80,255,1
1767783476.2606506,6969619580540723221,5616,0,24,20,57,5417,15,32,0,6926,7200,80,255,1
1767783477.747978,6969619580540723221,5646,0,24,20,57,5417,15,32,0,6924,7200,80,255,1
1767783478.7591875,6969619580540723221,5666,0,24,20,57,5417,15,32,0,6923,7200,80,255,1
1767783480.2468565,6969619580540723221,5697,0,24,20,57,5417,15,32,0,6922,7200,80,255,1
1767783481.2482774,6969619580540723221,5718,0,24,20,57,5417,15,32,0,6921,7200,80,255,1
1767783482.7574751,6969619580540723221,5748,0,24,20,57,5417,15,32,0,6919,7200,80,255,1
1767783484.2556787,6969619580540723221,5779,0,24,20,57,5417,15,32,0,6918,7200,80,255,1
1767783485.7460964,6969619580540723221,5809,0,24,20,57,5417,15,32,0,6916,7200,80,255,1
1767783486.7527437,6969619580540723221,5829,0,24,20,57,5417,15,32,0,6915,7200,80,255,1
1767783487.7581773,6969619580540723221,5849,0,24,20,57,5417,15,32,0,6914,7200,80,255,1
1767783488.7606275,6969619580540723221,5869,0,24,20,57,5417,15,32,0,6913,7200,80,255,1
1767783490.2469258,6969619580540723221,5899,0,24,20,57,5417,15,32,0,6912,7200,80,255,1
1767783491.2525806,6969619580540723221,5919,0,24,20,57,5417,15,32,0,6911,7200,80,255,1
1767783492.2580466,6969619580540723221,5939,0,24,20,57,5417,15,32,0,6910,7200,80,255,1
1767783493.744634,6969619580540723221,5969,0,24,20,57,5417,15,32,0,6908,7200,80,255,1
1767783494.7579546,6969619580540723221,5989,0,24,20,57,5417,15,32,0,6907,7200,80,255,1
1767783496.249185,6969619580540723221,6019,0,24,20,57,5417,15,32,0,6906,7200,80,255,1
1767783497.7508097,6969619580540723221,6049,0,24,20,57,5417,15,32,0,6904,7200,80,255,1
1767783499.2546587,6969619580540723221,6079,0,24,20,57,5417,15,32,0,6903,7200,80,255,1
1767783500.7582047,6969619580540723221,6109,0,24,20,57,5417,15,32,0,6901,7200,80,255,1
1767783501.7597866,6969619580540723221,6129,0,24,20,57,5417,15,32,0,6900,7200,80,255,1
1767783503.2605324,6969619580540723221,6159,0,24,20,57,5417,15,32,0,6899,7200,80,255,1
1767783504.7437732,6969619580540723221,6189,0,24,20,57,5417,15,32,0,6897,7200,80,255,1
1767783505.759252,6969619580540723221,6209,0,24,20,57,5417,15,32,0,6896,7200,80,255,1
1767783506.7606704,6969619580540723221,6229,0,24,20,57,5417,15,32,0,6895,7200,80,255,1
1767783508.244837,6969619580540723221,6259,0,24,20,57,5417,15,32,0,6894,7200,80,255,1
1767783509.257263,6969619580540723221,6279,0,24,20,57,5417,15,32,0,6893,7200,80,255,1
1767783510.7601054,6969619580540723221,6309,0,24,20,57,5417,15,32,0,6891,7200,80,255,1
1767783512.2493875,6969619580540723221,6339,0,24,20,57,5417,15,32,0,6890,7200,80,255,1
1767783513.7550762,6969619580540723221,6369,0,24,20,57,5417,15,32,0,6888,7200,80,255,1
1767783515.2603567,6969619580540723221,6400,0,24,20,57,5417,15,32,0,6887,7200,80,255,1
1767783516.7475512,6969619580540723221,6430,0,24,20,57,5417,15,32,0,6885,7200,80,255,1
1767783518.2505355,6969619580540723221,6461,0,24,20,57,5417,15,32,0,6884,7200,80,255,1
1767783519.7538795,6969619580540723221,6492,0,24,20,57,5417,15,32,0,6882,7200,80,255,1
1767783521.257058,6969619580540723221,6522,0,24,20,57,5417,15,32,0,6881,7200,80,255,1
1767783522.761542,6969619580540723221,6552,0,24,20,57,5417,15,32,0,6879,7200,80,255,1
1767783524.2426383,6969619580540723221,6582,0,24,20,57,5417,15,32,0,6878,7200,80,255,1
1767783525.2591321,6969619580540723221,6602,0,24,20,57,5417,15,32,0,6877,7200,80,255,1
1767783526.7451928,6969619580540723221,6632,0,24,20,57,5417,15,32,0,6875,7200,80,255,1
1767783528.2526379,6969619580540723221,6662,0,24,20,57,5417,15,32,0,6874,7200,80,255,1
1767783529.7563756,6969619580540723221,6692,0,24,20,57,5417,15,32,0,6872,7200,80,255,1
1767783531.2458062,6969619580540723221,6722,0,24,20,57,5417,15,32,0,6871,7200,80,255,1
1767783532.7559059,6969619580540723221,6752,0,24,20,57,5417,15,32,0,6869,7200,80,255,1
1767783534.2568755,6969619580540723221,6782,0,24,20,57,5417,15,32,0,6868,7200,80,255,1
1767783535.7592337,6969619580540723221,6812,0,24,20,57,5417,15,32,0,6866,7200,80,255,1
1767783536.7604892,6969619580540723221,6832,0,24,20,57,5417,15,32,0,6865,7200,80,255,1
1767783537.760718,6969619580540723221,6853,0,24,20,57,5417,15,32,0,6864,7200,80,255,1
1767783539.2441967,6969619580540723221,6883,0,24,20,57,5417,15,32,0,6863,7200,80,255,1
1767783540.253099,6969619580540723221,6903,0,24,20,57,5417,15,32,0,6862,7200,80,255,1
1767783541.7607243,6969619580540723221,6933,0,24,20,57,5417,15,32,0,6860,7200,80,255,1
1767783543.241752,6969619580540723221,6963,0,24,20,57,5417,15,32,0,6859,7200,80,255,1
1767783544.2590947,6969619580540723221,6984,0,24,20,57,5417,15,32,0,6858,7200,80,255,1
1767783545.7419639,6969619580540723221,7014,0,24,20,57,5417,15,32,0,6856,7200,80,255,1
1767783546.7583215,6969619580540723221,7036,0,24,20,57,5417,15,32,0,6855,7200,80,255,1
1767783548.2602699,6969619580540723221,7066,0,24,20,57,5417,15,32,0,6854,7200,80,255,1
1767783549.741423,6969619580540723221,7096,0,24,20,57,5417,15,32,0,6852,7200,80,255,1
1767783550.755975,6969619580540723221,7117,0,24,20,57,5417,15,32,0,6851,7200,80,255,1
1767783552.2431238,6969619580540723221,7148,0,24,20,57,5417,15,32,0,6850,7200,80,255,1
1767783553.2582994,6969619580540723221,7168,0,24,20,57,5417,15,32,0,6849,7200,80,255,1
1767783554.7426345,6969619580540723221,7198,0,24,20,57,5417,15,32,0,6847,7200,80,255,1
1767783555.7579668,6969619580540723221,7218,0,24,20,57,5417,15,32,0,6846,7200,80,255,1
1767783557.2484345,6969619580540723221,7248,0,24,20,57,5417,15,32,0,6845,7200,80,255,1
1767783558.7551188,6969619580540723221,7278,0,24,20,57,5417,15,32,0,6843,7200,80,255,1
1767783560.2572527,6969619580540723221,7308,0,24,20,57,5417,15,32,0,6842,7200,80,255,1
1767783561.744209,6969619580540723221,7338,0,24,20,57,5417,15,32,0,6840,7200,80,255,1
1767783562.7599235,6969619580540723221,7358,0,24,20,57,5417,15,32,0,6839,7200,80,255,1
1767783564.2455204,6969619580540723221,7388,0,24,20,57,5417,15,32,0,6838,7200,80,255,1
1767783565.247057,6969619580540723221,7408,0,24,20,57,5417,15,32,0,6837,7200,80,255,1
1767783566.7541223,6969619580540723221,7438,0,24,20,57,5417,15,32,0,6835,7200,80,255,1
1767783567.7550316,6969619580540723221,7458,0,24,20,57,5417,15,32,0,6834,7200,80,255,1
1767783569.2609541,6969619580540723221,7488,0,24,20,57,5417,15,32,0,6833,7200,80,255,1
1767783570.7498891,6969619580540723221,7518,0,24,20,57,5417,15,32,0,6831,7200,80,255,1
1767783571.7540317,6969619580540723221,7538,0,24,20,57,5417,15,32,0,6830,7200,80,255,1
1767783573.2579484,6969619580540723221,7568,0,24,20,57,5417,15,32,0,6829,7200,80,255,1
1767783574.7422986,6969619580540723221,7598,0,24,20,57,5417,15,32,0,6827,7200,80,255,1
1767783575.7601628,6969619580540723221,7619,0,24,20,57,5417,15,32,0,6826,7200,80,255,1
1767783577.2514837,6969619580540723221,7649,0,24,20,57,5417,15,32,0,6825,7200,80,255,1
1767783578.7577941,6969619580540723221,7679,0,24,20,57,5417,15,32,0,6823,7200,80,255,1
1767783579.7615643,6969619580540723221,7699,0,24,20,57,5417,15,32,0,6822,7200,80,255,1
1767783581.2444987,6969619580540723221,7729,0,24,20,57,5417,15,32,0,6821,7200,80,255,1
1767783582.7494707,6969619580540723221,7760,0,24,20,57,5417,15,32,0,6819,7200,80,255,1
1767783584.2561088,6969619580540723221,7791,0,24,20,57,5417,15,32,0,6818,7200,80,255,1
1767783585.7581205,6969619580540723221,7821,0,24,20,57,5417,15,32,0,6816,7200,80,255,1
1767783587.2479138,6969619580540723221,7851,0,24,20,57,5417,15,32,0,6815,7200,80,255,1
1767783588.7520826,6969619580540723221,7881,0,24,20,57,5417,15,32,0,6813,7200,80,255,1
1767783589.752516,6969619580540723221,7901,0,24,20,57,5417,15,32,0,6812,7200,80,255,1
1767783591.257137,6969619580540723221,7931,0,24,20,57,5417,15,32,0,6811,7200,80,255,1
1767783592.7626178,6969619580540723221,7961,0,24,20,57,5417,15,32,0,6809,7200,80,255,1
1767783594.2452314,6969619580540723221,7992,0,24,20,57,5417,15,32,0,6808,7200,80,255,1
1767783595.2592077,6969619580540723221,8012,0,24,20,57,5417,15,32,0,6807,7200,80,255,1
1767783596.74517,6969619580540723221,8042,0,24,20,57,5417,15,32,0,6805,7200,80,255,1
1767783597.756896,6969619580540723221,8062,0,24,20,57,5417,15,32,0,6804,7200,80,255,1
1767783599.257373,6969619580540723221,8092,0,24,20,57,5417,15,32,0,6803,7200,80,255,1
1767783600.7584827,6969619580540723221,8123,0,24,20,57,5417,15,32,0,6801,7200,80,255,1
1767783602.2470927,6969619580540723221,8153,0,24,20,57,5417,15,32,0,6800,7200,80,255,1
1767783603.2596393,6969619580540723221,8173,0,24,20,57,5417,15,32,0,6799,7200,80,255,1
1767783604.7416444,6969619580540723221,8203,0,24,20,57,5417,15,32,0,6797,7200,80,255,1
1767783605.757223,6969619580540723221,8223,0,24,20,57,5417,15,32,0,6796,7200,80,255,1
1767783606.7572708,6969619580540723221,8243,0,24,20,57,5417,15,32,0,6795,7200,80,255,1
1767783608.261566,6969619580540723221,8273,0,24,20,57,5417,15,32,0,6794,7200,80,255,1
1767783609.7447217,6969619580540723221,8303,0,24,20,57,5417,15,32,0,6792,7200,80,255,1
1767783610.7541714,6969619580540723221,8324,0,24,20,57,5417,15,32,0,6791,7200,80,255,1
1767783612.2416024,6969619580540723221,8354,0,24,20,57,5417,15,32,0,6790,7200,80,255,1
1767783613.2584856,6969619580540723221,8375,0,24,20,57,5417,15,32,0,6789,7200,80,255,1
1767783614.7427607,6969619580540723221,8405,0,24,20,57,5417,15,32,0,6787,7200,80,255,1
1767783615.7569885,6969619580540723221,8425,0,24,20,57,5417,15,32,0,6786,7200,80,255,1
1767783617.2438335,6969619580540723221,8455,0,24,20,57,5417,15,32,0,6785,7200,80,255,1
1767783618.2590544,6969619580540723221,8476,0,24,20,57,5417,15,32,0,6784,7200,80,255,1
1767783619.746935,6969619580540723221,8506,0,24,20,57,5417,15,32,0,6782,7200,80,255,1
1767783620.761101,6969619580540723221,8526,0,24,20,57,5417,15,32,0,6781,7200,80,255,1
1767783622.2471037,6969619580540723221,8556,0,24,20,57,5417,15,32,0,6780,7200,80,255,1
1767783623.7506,6969619580540723221,8586,0,24,20,57,5417,15,32,0,6778,7200,80,255,1
1767783625.2531211,6969619580540723221,8617,0,24,20,57,5417,15,32,0,6777,7200,80,255,1
1767783626.761546,6969619580540723221,8647,0,24,20,57,5417,15,32,0,6775,7200,80,255,1
1767783628.2614107,6969619580540723221,8677,0,24,20,57,5417,15,32,0,6774,7200,80,255,1
1767783629.7439566,6969619580540723221,8707,0,24,20,57,5417,15,32,0,6772,7200,80,255,1
1767783630.7560916,6969619580540723221,8727,0,24,20,57,5417,15,32,0,6771,7200,80,255,1
1767783632.259957,6969619580540723221,8757,0,24,20,57,5417,15,32,0,6770,7200,80,255,1
1767783633.7415597,6969619580540723221,8788,0,24,20,57,5417,15,32,0,6768,7200,80,255,1
1767783634.75675,6969619580540723221,8809,0,24,20,57,5417,15,32,0,6767,7200,80,255,1
1767783636.2413986,6969619580540723221,8839,0,24,20,57,5417,15,32,0,6766,7200,80,255,1
1767783637.256244,6969619580540723221,8861,0,24,20,57,5417,15,32,0,6765,7200,80,255,1
1767783638.7515564,6969619580540723221,8891,0,24,20,57,5417,15,32,0,6763,7200,80,255,1
1767783640.2512314,6969619580540723221,8922,0,24,20,57,5417,15,32,0,6762,7200,80,255,1
1767783641.2512343,6969619580540723221,8943,0,24,20,57,5417,15,32,0,6761,7200,80,255,1
1767783642.7527814,6969619580540723221,8973,0,24,20,57,5417,15,32,0,6759,7200,80,255,1
1767783644.2559342,6969619580540723221,9003,0,24,20,57,5417,15,32,0,6758,7200,80,255,1
1767783645.7557616,6969619580540723221,9033,0,24,20,57,5417,15,32,0,6756,7200,80,255,1
1767783647.2413929,6969619580540723221,9063,0,24,20,57,5417,15,32,0,6755,7200,80,255,1
1767783648.2573276,6969619580540723221,9084,0,24,20,57,5417,15,32,0,6754,7200,80,255,1
1767783649.7415636,6969619580540723221,9114,0,24,20,57,5417,15,32,0,6752,7200,80,255,1
1767783650.756114,6969619580540723221,9135,0,24,20,57,5417,15,32,0,6751,7200,80,255,1
1767783651.7573326,6969619580540723221,9155,0,24,20,57,5417,15,32,0,6750,7200,80,255,1
1767783653.2592907,6969619580540723221,9186,0,24,20,57,5417,15,32,0,6749,7200,80,255,1
1767783654.2594848,6969619580540723221,9206,0,24,20,57,5417,15,32,0,6748,7200,80,255,1
1767783655.7458014,6969619580540723221,9236,0,24,20,57,5417,15,32,0,6746,7200,80,255,1
1767783657.2494705,6969619580540723221,9266,0,24,20,57,5417,15,32,0,6745,7200,80,255,1
1767783658.761237,6969619580540723221,9296,0,24,20,57,5417,15,32,0,6743,7200,80,255,1
1767783660.2501938,6969619580540723221,9326,0,24,20,57,5417,15,32,0,6742,7200,80,255,1
1767783661.2549667,6969619580540723221,9347,0,24,20,57,5417,15,32,0,6741,7200,80,255,1
1767783662.7555468,6969619580540723221,9377,0,24,20,57,5417,15,32,0,6739,7200,80,255,1
1767783664.2448227,6969619580540723221,9407,0,24,20,57,5417,15,32,0,6738,7200,80,255,1
1767783665.2456434,6969619580540723221,9428,0,24,20,57,5417,15,32,0,6737,7200,80,255,1
1767783666.2472572,6969619580540723221,9448,0,24,20,57,5417,15,32,0,6736,7200,80,255,1
1767783667.7537189,6969619580540723221,9478,0,24,20,57,5417,15,32,0,6734,7200,80,255,1
1767783668.7555053,6969619580540723221,9498,0,24,20,57,5417,15,32,0,6733,7200,80,255,1
1767783669.7582784,6969619580540723221,9519,0,24,20,57,5417,15,32,0,6732,7200,80,255,1
1767783670.7593908,6969619580540723221,9540,0,24,20,57,5417,15,32,0,6731,7200,80,255,1
1767783671.7597375,6969619580540723221,9560,0,24,20,57,5417,15,32,0,6730,7200,80,255,1
1767783673.2425523,6969619580540723221,9590,0,24,20,57,5417,15,32,0,6729,7200,80,255,1
1767783674.259434,6969619580540723221,9610,0,24,20,57,5417,15,32,0,6728,7200,80,255,1
1767783675.744737,6969619580540723221,9640,0,24,20,57,5417,15,32,0,6726,7200,80,255,1
1767783676.7458334,6969619580540723221,9660,0,24,20,57,5417,15,32,0,6725,7200,80,255,1
1767783678.2494278,6969619580540723221,9690,0,24,20,57,5417,15,32,0,6724,7200,80,255,1
1767783679.7527575,6969619580540723221,9720,0,24,20,57,5417,15,32,0,6722,7200,80,255,1
1767783681.259553,6969619580540723221,9750,0,24,20,57,5417,15,32,0,6721,7200,80,255,1
1767783682.7502372,6969619580540723221,9780,0,24,20,57,5417,15,32,0,6719,7200,80,255,1
1767783684.2512343,6969619580540723221,9810,0,24,20,57,5417,15,32,0,6718,7200,80,255,1
1767783685.7576168,6969619580540723221,9842,0,24,20,57,5417,15,32,0,6716,7200,80,255,1
1767783687.2438784,6969619580540723221,9872,0,24,20,57,5417,15,32,0,6715,7200,80,255,1
1767783688.7456791,6969619580540723221,9903,0,24,20,57,5417,15,32,0,6713,7200,80,255,1
1767783689.755018,6969619580540723221,9923,0,24,20,57,5417,15,32,0,6712,7200,80,255,1
1767783691.2548716,6969619580540723221,9953,0,24,20,57,5417,15,32,0,6711,7200,80,255,1
1767783692.7558646,6969619580540723221,9984,0,24,20,57,5417,15,32,0,6709,7200,80,255,1
1767783694.259798,6969619580540723221,10014,0,24,20,57,5417,15,32,0,6708,7200,80,255,1
1767783695.7455215,6969619580540723221,10044,0,24,20,57,5417,15,32,0,6706,7200,80,255,1
1767783696.7460585,6969619580540723221,10064,0,24,20,57,5417,15,32,0,6705,7200,80,255,1
1767783697.7612946,6969619580540723221,10084,0,24,20,57,5417,15,32,0,6704,7200,80,255,1
1767783699.2415895,6969619580540723221,10114,0,24,20,57,5417,15,32,0,6703,7200,80,255,1
1767783700.243634,6969619580540723221,10135,0,24,20,57,5417,15,32,0,6702,7200,80,255,1
1767783701.2438443,6969619580540723221,10155,0,24,20,57,5417,15,32,0,6701,7200,80,255,1
1767783702.7501016,6969619580540723221,10185,0,24,20,57,5417,15,32,0,6699,7200,80,255,1
1767783704.2529469,6969619580540723221,10215,0,24,20,57,5417,15,32,0,6698,7200,80,255,1
1767783705.7550402,6969619580540723221,10246,0,24,20,57,5417,15,32,0,6696,7200,80,255,1
1767783706.756811,6969619580540723221,10267,0,24,20,57,5417,15,32,0,6695,7200,80,255,1
1767783708.2428458,6969619580540723221,10297,0,24,20,57,5417,15,32,0,6694,7200,80,255,1
1767783709.7480998,6969619580540723221,10328,0,24,20,57,5417,15,32,0,6692,7200,80,255,1
1767783711.2547743,6969619580540723221,10358,0,24,20,57,5417,15,32,0,6691,7200,80,255,1
1767783712.7572172,6969619580540723221,10389,0,24,20,57,5417,15,32,0,6689,7200,80,255,1
1767783714.260044,6969619580540723221,10419,0,24,20,57,5417,15,32,0,6688,7200,80,255,1
1767783715.747887,6969619580540723221,10449,0,24,20,57,5417,15,32,0,6686,7200,80,255,1
1767783717.250665,6969619580540723221,10480,0,24,20,57,5417,15,32,0,6685,7200,80,255,1
1767783718.749154,6969619580540723221,10510,0,24,20,57,5417,15,32,0,6683,7200,80,255,1
1767783720.2500212,6969619580540723221,10540,0,24,20,57,5417,15,32,0,6682,7200,80,255,1
1767783721.2503378,6969619580540723221,10560,0,24,20,57,5417,15,32,0,6681,7200,80,255,1
1767783722.7515388,6969619580540723221,10590,0,24,20,57,5417,15,32,0,6679,7200,80,255,1
1767783724.2528117,6969619580540723221,10620,0,24,20,57,5417,15,32,0,6678,7200,80,255,1
1767783725.7539182,6969619580540723221,10651,0,24,20,57,5417,15,32,0,6676,7200,80,255,1
1767783727.261413,6969619580540723221,10681,0,24,20,57,5417,15,32,0,6675,7200,80,255,1
1767783728.7571883,6969619580540723221,10711,0,24,20,57,5417,15,32,0,6673,7200,80,255,1
1767783730.2555149,6969619580540723221,10742,0,24,20,57,5417,15,32,0,6672,7200,80,255,1
1767783731.7426586,6969619580540723221,10772,0,24,20,57,5417,15,32,0,6670,7200,80,255,1
1767783732.7567596,6969619580540723221,10793,0,24,20,57,5417,15,32,0,6669,7200,80,255,1
1767783734.258037,6969619580540723221,10823,0,24,20,57,5417,15,32,0,6668,7200,80,255,1
1767783735.7568665,6969619580540723221,10854,0,24,20,57,5417,15,32,0,6666,7200,80,255,1
1767783737.2458563,6969619580540723221,10884,0,24,20,57,5417,15,32,0,6665,7200,80,255,1
1767783738.2571769,6969619580540723221,10905,0,24,20,57,5417,15,32,0,6664,7200,80,255,1
1767783739.7591968,6969619580540723221,10935,0,24,20,57,5417,15,32,0,6662,7200,80,255,1
1767783741.2442038,6969619580540723221,10966,0,24,20,57,5417,15,32,0,6661,7200,80,255,1
1767783742.262917,6969619580540723221,10986,0,24,20,57,5417,15,32,0,6660,7200,80,255,1
1767783743.7472894,6969619580540723221,11016,0,24,20,57,5417,15,32,0,6658,7200,80,255,1
1767783745.2471507,6969619580540723221,11047,0,24,20,57,5417,15,32,0,6657,7200,80,255,1
1767783746.7556262,6969619580540723221,11078,0,24,20,57,5417,15,32,0,6655,7200,80,255,1
1767783747.7581327,6969619580540723221,11099,0,24,20,57,5417,15,32,0,6654,7200,80,255,1
1767783749.2467747,6969619580540723221,11129,0,24,20,57,5417,15,32,0,6653,7200,80,255,1
1767783750.7525356,6969619580540723221,11159,0,24,20,57,5417,15,32,0,6651,7200,80,255,1
1767783751.7570765,6969619580540723221,11179,0,24,20,57,5417,15,32,0,6650,7200,80,255,1
1767783752.7619257,6969619580540723221,11199,0,24,20,57,5417,15,32,0,6649,7200,80,255,1
1767783754.2522082,6969619580540723221,11229,0,24,20,57,5417,15,32,0,6648,7200,80,255,1
1767783755.7604306,6969619580540723221,11259,0,24,20,57,5417,15,32,0,6646,7200,80,255,1
1767783757.2543283,6969619580540723221,11289,0,24,20,57,5417,15,32,0,6645,7200,80,255,1
1767783758.7455804,6969619580540723221,11319,0,24,20,57,5417,15,32,0,6643,7200,80,255,1
1767783759.7591841,6969619580540723221,11339,0,24,20,57,5417,15,32,0,6642,7200,80,255,1
1767783761.2545714,6969619580540723221,11369,0,24,20,57,5417,15,32,0,6641,7200,80,255,1
1767783762.751099,6969619580540723221,11401,0,24,20,57,5417,15,32,0,6639,7200,80,255,1
1767783764.2524943,6969619580540723221,11432,0,24,20,57,5417,15,32,0,6638,7200,80,255,1
1767783765.2548008,6969619580540723221,11452,0,24,20,57,5417,15,32,0,6637,7200,80,255,1
1767783766.7575383,6969619580540723221,11482,0,24,20,57,5417,15,32,0,6635,7200,80,255,1
1767783768.2547486,6969619580540723221,11512,0,24,20,57,5417,15,32,0,6634,7200,80,255,1
1767783769.7512658,6969619580540723221,11542,0,24,20,57,5417,15,32,0,6632,7200,80,255,1
1767783771.2423093,6969619580540723221,11572,0,24,20,57,5417,15,32,0,6631,7200,80,255,1
1767783772.2556396,6969619580540723221,11592,0,24,20,57,5417,15,32,0,6630,7200,80,255,1
1767783773.7556207,6969619580540723221,11624,0,24,20,57,5417,15,32,0,6628,7200,80,255,1
1767783774.755768,6969619580540723221,11644,0,24,20,57,5417,15,32,0,6627,7200,80,255,1
1767783776.2613506,6969619580540723221,11675,0,24,20,57,5417,15,32,0,6626,7200,80,255,1
1767783777.743183,6969619580540723221,11706,0,24,20,57,5417,15,32,0,6624,7200,80,255,1
1767783778.7542846,6969619580540723221,11726,0,24,20,57,5417,15,32,0,6623,7200,80,255,1
1767783780.25683,6969619580540723221,11757,0,24,20,57,5417,15,32,0,6622,7200,80,255,1
1767783781.2576542,6969619580540723221,11777,0,24,20,57,5417,15,32,0,6621,7200,80,255,1
1767783782.7603533,6969619580540723221,11808,0,24,20,57,5417,15,32,0,6619,7200,80,255,1
1767783784.2421935,6969619580540723221,11838,0,24,20,57,5417,15,32,0,6618,7200,80,255,1
1767783785.2546384,6969619580540723221,11859,0,24,20,57,5417,15,32,0,6617,7200,80,255,1
1767783786.743329,6969619580540723221,11890,0,24,20,57,5417,15,32,0,6615,7200,80,255,1
1767783787.7580817,6969619580540723221,11910,0,24,20,57,5417,15,32,0,6614,7200,80,255,1
1767783789.2426057,6969619580540723221,11940,0,24,20,57,5417,15,32,0,6613,7200,80,255,1
1767783790.257918,6969619580540723221,11960,0,24,20,57,5417,15,32,0,6612,7200,80,255,1
1767783791.7515314,6969619580540723221,11990,0,24,20,57,5417,15,32,0,6610,7200,80,255,1
1767783793.2537699,6969619580540723221,12020,0,24,20,57,5417,15,32,0,6609,7200,80,255,1
1767783794.2539668,6969619580540723221,12040,0,24,20,57,5417,15,32,0,6608,7200,80,255,1
1767783795.7528677,6969619580540723221,12070,0,24,20,57,5417,15,32,0,6606,7200,80,255,1
1767783797.2444274,6969619580540723221,12101,0,24,20,57,5417,15,32,0,6605,7200,80,255,1
1767783798.2603602,6969619580540723221,12121,0,24,20,57,5417,15,32,0,6604,7200,80,255,1
1767783799.7437334,6969619580540723221,12151,0,24,20,57,5417,15,32,0,6602,7200,80,255,1
1767783800.7582488,6969619580540723221,12171,0,24,20,57,5417,15,32,0,6601,7200,80,255,1
1767783802.2473469,6969619580540723221,12201,0,24,20,57,5417,15,32,0,6600,7200,80,255,1
1767783803.258086,6969619580540723221,12222,0,24,20,57,5417,15,32,0,6599,7200,80,255,1
1767783804.7456806,6969619580540723221,12252,0,24,20,57,5417,15,32,0,6597,7200,80,255,1
1767783806.2433348,6969619580540723221,12282,0,24,20,57,5417,15,32,0,6596,7200,80,255,1
1767783807.2492013,6969619580540723221,12303,0,24,20,57,5417,15,32,0,6595,7200,80,255,1
1767783808.2602186,6969619580540723221,12323,0,24,20,57,5417,15,32,0,6594,7200,80,255,1
1767783809.760227,6969619580540723221,12354,0,24,20,57,5417,15,32,0,6592,7200,80,255,1
1767783811.258378,6969619580540723221,12384,0,24,20,57,5417,15,32,0,6591,7200,80,255,1
1767783812.7518392,6969619580540723221,12414,0,24,20,57,5417,15,32,0,6589,7200,80,255,1
1767783813.7546759,6969619580540723221,12434,0,24,20,57,5417,15,32,0,6588,7200,80,255,1
1767783814.7577305,6969619580540723221,12455,0,24,20,57,5417,15,32,0,6587,7200,80,255,1
1767783816.2446976,6969619580540723221,12485,0,24,20,57,5417,15,32,0,6586,7200,80,255,1
1767783817.2523344,6969619580540723221,12505,0,24,20,57,5417,15,32,0,6585,7200,80,255,1
1767783818.2591276,6969619580540723221,12526,0,24,20,57,5417,15,32,0,6584,7200,80,255,1
1767783819.7601619,6969619580540723221,12556,0,24,20,57,5417,15,32,0,6582,7200,80,255,1
1767783821.2447731,6969619580540723221,12587,0,24,20,57,5417,15,32,0,6581,7200,80,255,1
1767783822.2523828,6969619580540723221,12607,0,24,20,57,5417,15,32,0,6580,7200,80,255,1
1767783823.2579482,6969619580540723221,12627,0,24,20,57,5417,15,32,0,6579,7200,80,255,1
1767783824.7486339,6969619580540723221,12657,0,24,20,57,5417,15,32,0,6577,7200,80,255,1
1767783825.759018,6969619580540723221,12678,0,24,20,57,5417,15,32,0,6576,7200,80,255,1
1767783827.2556431,6969619580540723221,12708,0,24,20,57,5417,15,32,0,6575,7200,80,255,1
1767783828.7513263,6969619580540723221,12739,0,24,20,57,5417,15,32,0,6573,7200,80,255,1
1767783830.2568212,6969619580540723221,12769,0,24,20,57,5417,15,32,0,6572,7200,80,255,1
1767783831.2579536,6969619580540723221,12789,0,24,20,57,5417,15,32,0,6571,7200,80,255,1
1767783832.7467682,6969619580540723221,12819,0,24,20,57,5417,15,32,0,6569,7200,80,255,1
1767783834.2477312,6969619580540723221,12849,0,24,20,57,5417,15,32,0,6568,7200,80,255,1
1767783835.7413735,6969619580540723221,12879,0,24,20,57,5417,15,32,0,6566,7200,80,255,1
1767783836.7546134,6969619580540723221,12901,0,24,20,57,5417,15,32,0,6565,7200,80,255,1
1767783837.7548409,6969619580540723221,12921,0,24,20,57,5417,15,32,0,6564,7200,80,255,1
1767783839.24127,6969619580540723221,12953,0,24,20,57,5417,15,32,0,6563,7200,80,255,1
1767783840.254864,6969619580540723221,12974,0,24,20,57,5417,15,32,0,6562,7200,80,255,1
1767783841.7493243,6969619580540723221,13004,0,24,20,57,5417,15,32,0,6560,7200,80,255,1
1767783842.7521067,6969619580540723221,13024,0,24,20,57,5417,15,32,0,6559,7200,80,255,1
1767783844.2447767,6969619580540723221,13054,0,24,20,57,5417,15,32,0,6558,7200,80,255,1
1767783845.2534525,6969619580540723221,13074,0,24,20,57,5417,15,32,0,6557,7200,80,255,1
1767783846.7490253,6969619580540723221,13104,0,24,20,57,5417,15,32,0,6555,7200,80,255,1
1767783847.7536423,6969619580540723221,13125,0,24,20,57,5417,15,32,0,6554,7200,80,255,1
1767783848.7574835,6969619580540723221,13145,0,24,20,57,5417,15,32,0,6553,7200,80,255,1
1767783849.7596202,6969619580540723221,13167,0,24,20,57,5417,15,32,0,6552,7200,80,255,1
1767783851.2548168,6969619580540723221,13197,0,24,20,57,5417,15,32,0,6551,7200,80,255,1
1767783852.2569513,6969619580540723221,13218,0,24,20,57,5417,15,32,0,6550,7200,80,255,1
1767783853.7437415,6969619580540723221,13248,0,24,20,57,5417,15,32,0,6548,7200,80,255,1
1767783854.7467756,6969619580540723221,13268,0,24,20,57,5417,15,32,0,6547,7200,80,255,1
1767783856.2500458,6969619580540723221,13298,0,24,20,57,5417,15,32,0,6546,7200,80,255,1
1767783857.7469637,6969619580540723221,13328,0,24,20,57,5417,15,32,0,6544,7200,80,255,1
1767783858.7568893,6969619580540723221,13348,0,24,20,57,5417,15,32,0,6543,7200,80,255,1
1767783859.7599888,6969619580540723221,13369,0,24,20,57,5417,15,32,0,6542,7200,80,255,1
1767783861.249057,6969619580540723221,13399,0,24,20,57,5417,15,32,0,6541,7200,80,255,1
1767783862.7513375,6969619580540723221,13429,0,24,20,57,5417,15,32,0,6539,7200,80,255,1
1767783864.2524245,6969619580540723221,13459,0,24,20,57,5417,15,32,0,6538,7200,80,255,1
1767783865.2533839,6969619580540723221,13479,0,24,20,57,5417,15,32,0,6537,7200,80,255,1
1767783866.2591634,6969619580540723221,13499,0,24,20,57,5417,15,32,0,6536,7200,80,255,1
1767783867.2601492,6969619580540723221,13520,0,24,20,57,5417,15,32,0,6535,7200,80,255,1
1767783868.7427564,6969619580540723221,13551,0,24,20,57,5417,15,32,0,6533,7200,80,255,1
1767783869.747039,6969619580540723221,13571,0,24,20,57,5417,15,32,0,6532,7200,80,255,1
1767783871.2514107,6969619580540723221,13601,0,24,20,57,5417,15,32,0,6531,7200,80,255,1
1767783872.255973,6969619580540723221,13621,0,24,20,57,5417,15,32,0,6530,7200,80,255,1
1767783873.2581236,6969619580540723221,13641,0,24,20,57,5417,15,32,0,6529,7200,80,255,1
1767783874.7438838,6969619580540723221,13671,0,24,20,57,5417,15,32,0,6527,7200,80,255,1
1767783875.7481458,6969619580540723221,13692,0,24,20,57,5417,15,32,0,6526,7200,80,255,1
1767783876.752239,6969619580540723221,13712,0,24,20,57,5417,15,32,0,6525,7200,80,255,1
1767783877.754346,6969619580540723221,13732,0,24,20,57,5417,15,32,0,6524,7200,80,255,1
1767783878.759318,6969619580540723221,13752,0,24,20,57,5417,15,32,0,6523,7200,80,255,1
1767783880.2455935,6969619580540723221,13782,0,24,20,57,5417,15,32,0,6522,7200,80,255,1
1767783881.2514384,6969619580540723221,13804,0,24,20,57,5417,15,32,0,6521,7200,80,255,1
1767783882.2540007,6969619580540723221,13824,0,24,20,57,5417,15,32,0,6520,7200,80,255,1
1767783883.2573311,6969619580540723221,13845,0,24,20,57,5417,15,32,0,6519,7200,80,255,1
1767783884.7434037,6969619580540723221,13875,0,24,20,57,5417,15,32,0,6517,7200,80,255,1
1767783885.7445414,6969619580540723221,13895,0,24,20,57,5417,15,32,0,6516,7200,80,255,1
1767783886.753832,6969619580540723221,13915,0,24,20,57,5417,15,32,0,6515,7200,80,255,1
1767783888.2535868,6969619580540723221,13945,0,24,20,57,5417,15,32,0,6514,7200,80,255,1
1767783889.258925,6969619580540723221,13965,0,24,20,57,5417,15,32,0,6513,7200,80,255,1
1767783890.7585526,6969619580540723221,13997,0,24,20,57,5417,15,32,0,6511,7200,80,255,1
1767783892.2512538,6969619580540723221,14028,0,24,20,57,5417,15,32,0,6510,7200,80,255,1
1767783893.2525952,6969619580540723221,14048,0,24,20,57,5417,15,32,0,6509,7200,80,255,1
1767783894.7512944,6969619580540723221,14078,0,24,20,57,5417,15,32,0,6507,7200,80,255,1
1767783896.2554307,6969619580540723221,14108,0,24,20,57,5417,15,32,0,6506,7200,80,255,1
1767783897.754535,6969619580540723221,14139,0,24,20,57,5417,15,32,0,6504,7200,80,255,1
1767783898.7559872,6969619580540723221,14160,0,24,20,57,5417,15,32,0,6503,7200,80,255,1
1767783899.756882,6969619580540723221,14180,0,24,20,57,5417,15,32,0,6502,7200,80,255,1
1767783900.759207,6969619580540723221,14200,0,24,20,57,5417,15,32,0,6501,7200,80,255,1
1767783902.2499142,6969619580540723221,14231,0,24,20,57,5417,15,32,0,6500,7200,80,255,1
1767783903.751234,6969619580540723221,14261,0,24,20,57,5417,15,32,0,6498,7200,80,255,1
1767783904.7534184,6969619580540723221,14281,0,24,20,57,5417,15,32,0,6497,7200,80,255,1
1767783906.2442715,6969619580540723221,14312,0,24,20,57,5417,15,32,0,6496,7200,80,255,1
1767783907.25679,6969619580540723221,14333,0,24,20,57,5417,15,32,0,6495,7200,80,255,1
1767783908.2570717,6969619580540723221,14353,0,24,20,57,5417,15,32,0,6494,7200,80,255,1
1767783909.7473154,6969619580540723221,14384,0,24,20,57,5417,15,32,0,6492,7200,80,255,1
1767783910.7581975,6969619580540723221,14405,0,24,20,57,5417,15,32,0,6491,7200,80,255,1
1767783911.7584403,6969619580540723221,14425,0,24,20,57,5417,15,32,0,6490,7200,80,255,1
1767783912.7602172,6969619580540723221,14445,0,24,20,57,5417,15,32,0,6489,7200,80,255,1
1767783914.2494538,6969619580540723221,14475,0,24,20,57,5417,15,32,0,6488,7200,80,255,1
1767783915.254727,6969619580540723221,14495,0,24,20,57,5417,15,32,0,6487,7200,80,255,1
1767783916.749341,6969619580540723221,14525,0,24,20,57,5417,15,32,0,6485,7200,80,255,1
1767783918.2561018,6969619580540723221,14555,0,24,20,57,5417,15,32,0,6484,7200,80,255,1
1767783919.258059,6969619580540723221,14575,0,24,20,57,5417,15,32,0,6483,7200,80,255,1
1767783920.7514176,6969619580540723221,14606,0,24,20,57,5417,15,32,0,6481,7200,80,255,1
1767783922.260452,6969619580540723221,14636,0,24,20,57,5417,15,32,0,6480,7200,80,255,1
1767783923.748665,6969619580540723221,14667,0,24,20,57,5417,15,32,0,6478,7200,80,255,1
1767783925.242332,6969619580540723221,14697,0,24,20,57,5417,15,32,0,6477,7200,80,255,1
1767783926.2657099,6969619580540723221,14718,0,24,20,57,5417,15,32,0,6476,7200,80,255,1
1767783927.740982,6969619580540723221,14748,0,24,20,57,5417,15,32,0,6474,7200,80,255,1
1767783928.743743,6969619580540723221,14769,0,24,20,57,5417,15,32,0,6473,7200,80,255,1
1767783929.7449803,6969619580540723221,14789,0,24,20,57,5417,15,32,0,6472,7200,80,255,1
1767783930.7467954,6969619580540723221,14809,0,24,20,57,5417,15,32,0,6471,7200,80,255,1
1767783931.7549183,6969619580540723221,14830,0,24,20,57,5417,15,32,0,6470,7200,80,255,1
1767783932.7583163,6969619580540723221,14851,0,24,20,57,5417,15,32,0,6469,7200,80,255,1
1767783934.2438715,6969619580540723221,14882,0,24,20,57,5417,15,32,0,6468,7200,80,255,1
1767783935.248195,6969619580540723221,14902,0,24,20,57,5417,15,32,0,6467,7200,80,255,1
1767783936.751468,6969619580540723221,14932,0,24,20,57,5417,15,32,0,6465,7200,80,255,1
1767783937.7555401,6969619580540723221,14952,0,24,20,57,5417,15,32,0,6464,7200,80,255,1
1767783938.7559588,6969619580540723221,14972,0,24,20,57,5417,15,32,0,6463,7200,80,255,1
1767783940.251328,6969619580540723221,15002,0,24,20,57,5417,15,32,0,6462,7200,80,255,1
1767783941.751003,6969619580540723221,15032,0,24,20,57,5417,15,32,0,6460,7200,80,255,1
1767783943.2479937,6969619580540723221,15062,0,24,20,57,5417,15,32,0,6459,7200,80,255,1
1767783944.7440426,6969619580540723221,15092,0,24,20,57,5417,15,32,0,6457,7200,80,255,1
1767783945.7591887,6969619580540723221,15112,0,24,20,57,5417,15,32,0,6456,7200,80,255,1
1767783947.2571046,6969619580540723221,15142,0,24,20,57,5417,15,32,0,6455,7200,80,255,1
1767783948.7489753,6969619580540723221,15173,0,24,20,57,5417,15,32,0,6453,7200,80,255,1
1767783950.2456088,6969619580540723221,15203,0,24,20,57,5417,15,32,0,6452,7200,80,255,1
1767783951.2461736,6969619580540723221,15224,0,24,20,57,5417,15,32,0,6451,7200,80,255,1
1767783952.2511642,6969619580540723221,15244,0,24,20,57,5417,15,32,0,6450,7200,80,255,1
1767783953.253331,6969619580540723221,15264,0,24,20,57,5417,15,32,0,6449,7200,80,255,1
1767783954.7431166,6969619580540723221,15294,0,24,20,57,5417,15,32,0,6447,7200,80,255,1
1767783955.7595146,6969619580540723221,15314,0,24,20,57,5417,15,32,0,6446,7200,80,255,1
1767783957.2458844,6969619580540723221,15345,0,24,20,57,5417,15,32,0,6445,7200,80,255,1
1767783958.2459836,6969619580540723221,15365,0,24,20,57,5417,15,32,0,6444,7200,80,255,1
1767783959.7600508,6969619580540723221,15396,0,24,20,57,5417,15,32,0,6442,7200,80,255,1
1767783961.25575,6969619580540723221,15426,0,24,20,57,5417,15,32,0,6441,7200,80,255,1
1767783962.2563596,6969619580540723221,15447,0,24,20,57,5417,15,32,0,6440,7200,80,255,1
1767783963.2572196,6969619580540723221,15468,0,24,20,57,5417,15,32,0,6439,7200,80,255,1
1767783964.7520332,6969619580540723221,15498,0,24,20,57,5417,15,32,0,6437,7200,80,255,1
1767783966.2560146,6969619580540723221,15529,0,24,20,57,5417,15,32,0,6436,7200,80,255,1
1767783967.260328,6969619580540723221,15550,0,24,20,57,5417,15,32,0,6435,7200,80,255,1
1767783968.754656,6969619580540723221,15580,0,24,20,57,5417,15,32,0,6433,7200,80,255,1
1767783970.246965,6969619580540723221,15612,0,24,20,57,5417,15,32,0,6432,7200,80,255,1
1767783971.7513342,6969619580540723221,15642,0,24,20,57,5417,15,32,0,6430,7200,80,255,1
1767783972.7571397,6969619580540723221,15663,0,24,20,57,5417,15,32,0,6429,7200,80,255,1
1767783974.2455313,6969619580540723221,15694,0,24,20,57,5417,15,32,0,6428,7200,80,255,1
1767783975.7412822,6969619580540723221,15724,0,24,20,57,5417,15,32,0,6426,7200,80,255,1
1767783976.7517524,6969619580540723221,15746,0,24,20,57,5417,15,32,0,6425,7200,80,255,1
1767783977.7587821,6969619580540723221,15766,0,24,20,57,5417,15,32,0,6424,7200,80,255,1
1767783979.2497997,6969619580540723221,15796,0,24,20,57,5417,15,32,0,6423,7200,80,255,1
1767783980.2579453,6969619580540723221,15816,0,24,20,57,5417,15,32,0,6422,7200,80,255,1
1767783981.7508554,6969619580540723221,15847,0,24,20,57,5417,15,32,0,6420,7200,80,255,1
1767783983.243407,6969619580540723221,15878,0,24,20,57,5417,15,32,0,6419,7200,80,255,1
1767783984.2509577,6969619580540723221,15899,0,24,20,57,5417,15,32,0,6418,7200,80,255,1
1767783985.7581587,6969619580540723221,15930,0,24,20,57,5417,15,32,0,6416,7200,80,255,1
1767783987.2501361,6969619580540723221,15960,0,24,20,57,5417,15,32,0,6415,7200,80,255,1
1767783988.749694,6969619580540723221,15991,0,24,20,57,5417,15,32,0,6413,7200,80,255,1
1767783989.7580798,6969619580540723221,16011,0,24,20,57,5417,15,32,0,6412,7200,80,255,1
1767783990.7581,6969619580540723221,16032,0,24,20,57,5417,15,32,0,6411,7200,80,255,1
1767783992.2547455,6969619580540723221,16062,0,24,20,57,5417,15,32,0,6410,7200,80,255,1
1767783993.752383,6969619580540723221,16093,0,24,20,57,5417,15,32,0,6408,7200,80,255,1
1767783994.752488,6969619580540723221,16113,0,24,20,57,5417,15,32,0,6407,7200,80,255,1
1767783996.2543457,6969619580540723221,16143,0,24,20,57,5417,15,32,0,6406,7200,80,255,1
1767783997.7484603,6969619580540723221,16175,0,24,20,57,5417,15,32,0,6404,7200,80,255,1
1767783999.2492352,6969619580540723221,16205,0,24,20,57,5417,15,32,0,6403,7200,80,255,1
1767784000.2536461,6969619580540723221,16225,0,24,20,57,5417,15,32,0,6402,7200,80,255,1
1767784001.2593822,6969619580540723221,16247,0,24,20,57,5417,15,32,0,6401,7200,80,255,1
1767784002.7513998,6969619580540723221,16277,0,24,20,57,5417,15,32,0,6399,7200,80,255,1
1767784004.2509797,6969619580540723221,16307,0,24,20,57,5417,15,32,0,6398,7200,80,255,1
1767784005.7431703,6969619580540723221,16338,0,24,20,57,5417,15,32,0,6396,7200,80,255,1
1767784006.7452314,6969619580540723221,16358,0,24,20,57,5417,15,32,0,6395,7200,80,255,1
1767784007.7522562,6969619580540723221,16380,0,24,20,57,5417,15,32,0,6394,7200,80,255,1
1767784008.7592266,6969619580540723221,16400,0,24,20,57,5417,15,32,0,6393,7200,80,255,1
1767784010.2494974,6969619580540723221,16431,0,24,20,57,5417,15,32,0,6392,7200,80,255,1
1767784011.255536,6969619580540723221,16451,0,24,20,57,5417,15,32,0,6391,7200,80,255,1
1767784012.7571638,6969619580540723221,16482,0,24,20,57,5417,15,32,0,6389,7200,80,255,1
1767784014.2550666,6969619580540723221,16514,0,24,20,57,5417,15,32,0,6388,7200,80,255,1
1767784015.2597022,6969619580540723221,16535,0,24,20,57,5417,15,32,0,6387,7200,80,255,1
1767784016.7423186,6969619580540723221,16566,0,24,20,57,5417,15,32,0,6385,7200,80,255,1
1767784017.7502766,6969619580540723221,16587,0,24,20,57,5417,15,32,0,6384,7200,80,255,1
1767784018.7569242,6969619580540723221,16607,0,24,20,57,5417,15,32,0,6383,7200,80,255,1
1767784020.2531643,6969619580540723221,16637,0,24,20,57,5417,15,32,0,6382,7200,80,255,1
1767784021.7535403,6969619580540723221,16668,0,24,20,57,5417,15,32,0,6380,7200,80,255,1
1767784023.255279,6969619580540723221,16699,0,24,20,57,5417,15,32,0,6379,7200,80,255,1
1767784024.7549686,6969619580540723221,16730,0,24,20,57,5417,15,32,0,6377,7200,80,255,1
1767784026.24831,6969619580540723221,16761,0,24,20,57,5417,15,32,0,6376,7200,80,255,1
1767784027.2568326,6969619580540723221,16781,0,24,20,57,5417,15,32,0,6375,7200,80,255,1
1767784028.7456763,6969619580540723221,16812,0,24,20,57,5417,15,32,0,6373,7200,80,255,1
1767784029.7510445,6969619580540723221,16832,0,24,20,57,5417,15,32,0,6372,7200,80,255,1
1767784030.7559779,6969619580540723221,16853,0,24,20,57,5417,15,32,0,6371,7200,80,255,1
1767784032.2455907,6969619580540723221,16883,0,24,20,57,5417,15,32,0,6370,7200,80,255,1
1767784033.2494407,6969619580540723221,16903,0,24,20,57,5417,15,32,0,6369,7200,80,255,1
1767784034.2568576,6969619580540723221,16923,0,24,20,57,5417,15,32,0,6368,7200,80,255,1
1767784035.259775,6969619580540723221,16943,0,24,20,57,5417,15,32,0,6367,7200,80,255,1
1767784036.7535226,6969619580540723221,16974,0,24,20,57,5417,15,32,0,6365,7200,80,255,1
1767784038.249027,6969619580540723221,17004,0,24,20,57,5417,15,32,0,6364,7200,80,255,1
1767784039.2538285,6969619580540723221,17025,0,24,20,57,5417,15,32,0,6363,7200,80,255,1
1767784040.2586288,6969619580540723221,17045,0,24,20,57,5417,15,32,0,6362,7200,80,255,1
1767784041.751737,6969619580540723221,17075,0,24,20,57,5417,15,32,0,6360,7200,80,255,1
1767784042.7556198,6969619580540723221,17097,0,24,20,57,5417,15,32,0,6359,7200,80,255,1
1767784044.2423215,6969619580540723221,17128,0,24,20,57,5417,15,32,0,6358,7200,80,255,1
1767784045.2456095,6969619580540723221,17148,0,24,20,57,5417,15,32,0,6357,7200,80,255,1
1767784046.2519972,6969619580540723221,17168,0,24,20,57,5417,15,32,0,6356,7200,80,255,1
1767784047.260363,6969619580540723221,17188,0,24,20,57,5417,15,32,0,6355,7200,80,255,1
1767784048.748249,6969619580540723221,17219,0,24,20,57,5417,15,32,0,6353,7200,80,255,1
1767784050.2455318,6969619580540723221,17252,0,24,20,57,5417,15,32,0,6352,7200,80,255,1
1767784051.7490318,6969619580540723221,17284,0,24,20,57,5417,15,32,0,6350,7200,80,255,1
1767784052.7550874,6969619580540723221,17306,0,24,20,57,5417,15,32,0,6349,7200,80,255,1
1767784053.7578826,6969619580540723221,17326,0,24,20,57,5417,15,32,0,6348,7200,80,255,1
1767784054.7598581,6969619580540723221,17346,0,24,20,57,5417,15,32,0,6347,7200,80,255,1
1767784056.2578745,6969619580540723221,17376,0,24,20,57,5417,15,32,0,6346,7200,80,255,1
1767784057.7480216,6969619580540723221,17407,0,24,20,57,5417,15,32,0,6344,7200,80,255,1
1767784059.2524133,6969619580540723221,17437,0,24,20,57,5417,15,32,0,6343,7200,80,255,1
1767784060.7509677,6969619580540723221,17467,0,24,20,57,5417,15,32,0,6341,7200,80,255,1
1767784061.7582066,6969619580540723221,17487,0,24,20,57,5417,15,32,0,6340,7200,80,255,1
1767784062.760326,6969619580540723221,17508,0,24,20,57,5417,15,32,0,6339,7200,80,255,1
1767784064.2456234,6969619580540723221,17539,0,24,20,57,5417,15,32,0,6338,7200,80,255,1
1767784065.2490735,6969619580540723221,17560,0,24,20,57,5417,15,32,0,6337,7200,80,255,1
1767784066.754164,6969619580540723221,17591,0,24,20,57,5417,15,32,0,6335,7200,80,255,1
1767784068.2519674,6969619580540723221,17621,0,24,20,57,5417,15,32,0,6334,7200,80,255,1
1767784069.2534435,6969619580540723221,17641,0,24,20,57,5417,15,32,0,6333,7200,80,255,1
1767784070.74783,6969619580540723221,17671,0,24,20,57,5417,15,32,0,6331,7200,80,255,1
1767784072.249748,6969619580540723221,17702,0,24,20,57,5417,15,32,0,6330,7200,80,255,1
1767784073.749421,6969619580540723221,17732,0,24,20,57,5417,15,32,0,6328,7200,80,255,1
1767784075.2533123,6969619580540723221,17762,0,24,20,57,5417,15,32,0,6327,7200,80,255,1
1767784076.755883,6969619580540723221,17792,0,24,20,57,5417,15,32,0,6325,7200,80,255,1
1767784077.7581203,6969619580540723221,17812,0,24,20,57,5417,15,32,0,6324,7200,80,255,1
1767784079.2556632,6969619580540723221,17844,0,24,20,57,5417,15,32,0,6323,7200,80,255,1
1767784080.2580302,6969619580540723221,17864,0,24,20,57,5417,15,32,0,6322,7200,80,255,1
1767784081.7604601,6969619580540723221,17895,0,24,20,57,5417,15,32,0,6320,7200,80,255,1
1767784083.2480133,6969619580540723221,17926,0,24,20,57,5417,15,32,0,6319,7200,80,255,1
1767784084.2594547,6969619580540723221,17946,0,24,20,57,5417,15,32,0,6318,7200,80,255,1
1767784085.7444427,6969619580540723221,17976,0,24,20,57,5417,15,32,0,6316,7200,80,255,1
1767784086.748138,6969619580540723221,17998,0,24,20,57,5417,15,32,0,6315,7200,80,255,1
1767784087.7589903,6969619580540723221,18018,0,24,20,57,5417,15,32,0,6314,7200,80,255,1
1767784088.7611938,6969619580540723221,18038,0,24,20,57,5417,15,32,0,6313,7200,80,255,1
1767784090.2525089,6969619580540723221,18069,0,24,20,57,5417,15,32,0,6312,7200,80,255,1
1767784091.2547154,6969619580540723221,18089,0,24,20,57,5417,15,32,0,6311,7200,80,255,1
1767784092.7482026,6969619580540723221,18119,0,24,20,57,5417,15,32,0,6309,7200,80,255,1
1767784093.7547672,6969619580540723221,18139,0,24,20,57,5417,15,32,0,6308,7200,80,255,1
1767784094.754813,6969619580540723221,18159,0,24,20,57,5417,15,32,0,6307,7200,80,255,1
1767784096.260595,6969619580540723221,18189,0,24,20,57,5417,15,32,0,6306,7200,80,255,1
1767784097.756752,6969619580540723221,18221,0,24,20,57,5417,15,32,0,6304,7200,80,255,1
1767784098.7593787,6969619580540723221,18241,0,24,20,57,5417,15,32,0,6303,7200,80,255,1
1767784100.2493582,6969619580540723221,18273,0,24,20,57,5417,15,32,0,6302,7200,80,255,1
1767784101.2567809,6969619580540723221,18293,0,24,20,57,5417,15,32,0,6301,7200,80,255,1
1767784102.750885,6969619580540723221,18325,0,24,20,57,5417,15,32,0,6299,7200,80,255,1
1767784103.7537193,6969619580540723221,18345,0,24,20,57,5417,15,32,0,6298,7200,80,255,1
1767784104.7585566,6969619580540723221,18366,0,24,20,57,5417,15,32,0,6297,7200,80,255,1
1767784106.2442942,6969619580540723221,18396,0,24,20,57,5417,15,32,0,6296,7200,80,255,1
1767784107.2490296,6969619580540723221,18417,0,24,20,57,5417,15,32,0,6295,7200,80,255,1
1767784108.752067,6969619580540723221,18447,0,24,20,57,5417,15,32,0,6293,7200,80,255,1
1767784109.7567759,6969619580540723221,18467,0,24,20,57,5417,15,32,0,6292,7200,80,255,1
1767784110.7568555,6969619580540723221,18487,0,24,20,57,5417,15,32,0,6291,7200,80,255,1
1767784112.2568483,6969619580540723221,18518,0,24,20,57,5417,15,32,0,6290,7200,80,255,1
1767784113.7453952,6969619580540723221,18548,0,24,20,57,5417,15,32,0,6288,7200,80,255,1
1767784115.246989,6969619580540723221,18580,0,24,20,57,5417,15,32,0,6287,7200,80,255,1
1767784116.7480927,6969619580540723221,18612,0,24,20,57,5417,15,32,0,6285,7200,80,255,1
1767784118.241014,6969619580540723221,18643,0,24,20,57,5417,15,32,0,6284,7200,80,255,1
1767784119.2422056,6969619580540723221,18665,0,24,20,57,5417,15,32,0,6283,7200,80,255,1
1767784120.2556498,6969619580540723221,18686,0,24,20,57,5417,15,32,0,6282,7200,80,255,1
1767784121.7572389,6969619580540723221,18716,0,24,20,57,5417,15,32,0,6280,7200,80,255,1
1767784123.2601798,6969619580540723221,18746,0,24,20,57,5417,15,32,0,6279,7200,80,255,1
1767784124.7594624,6969619580540723221,18776,0,24,20,57,5417,15,32,0,6277,7200,80,255,1
1767784126.2594502,6969619580540723221,18808,0,24,20,57,5417,15,32,0,6276,7200,80,255,1
1767784127.7468717,6969619580540723221,18839,0,24,20,57,5417,15,32,0,6274,7200,80,255,1
1767784128.7596607,6969619580540723221,18859,0,24,20,57,5417,15,32,0,6273,7200,80,255,1
1767784130.2581697,6969619580540723221,18889,0,24,20,57,5417,15,32,0,6272,7200,80,255,1
1767784131.2583907,6969619580540723221,18910,0,24,20,57,5417,15,32,0,6271,7200,80,255,1
1767784132.744592,6969619580540723221,18941,0,24,20,57,5417,15,32,0,6269,7200,80,255,1
1767784134.2420251,6969619580540723221,18972,0,24,20,57,5417,15,32,0,6268,7200,80,255,1
1767784135.2543373,6969619580540723221,18993,0,24,20,57,5417,15,32,0,6267,7200,80,255,1
1767784136.744836,6969619580540723221,19024,0,24,20,57,5417,15,32,0,6265,7200,80,255,1
1767784137.7468765,6969619580540723221,19044,0,24,20,57,5417,15,32,0,6264,7200,80,255,1
1767784138.7497325,6969619580540723221,19064,0,24,20,57,5417,15,32,0,6263,7200,80,255,1
1767784139.7553554,6969619580540723221,19084,0,24,20,57,5417,15,32,0,6262,7200,80,255,1
1767784140.7591584,6969619580540723221,19104,0,24,20,57,5417,15,32,0,6261,7200,80,255,1
1767784142.2450166,6969619580540723221,19135,0,24,20,57,5417,15,32,0,6260,7200,80,255,1
1767784143.7594535,6969619580540723221,19165,0,24,20,57,5417,15,32,0,6258,7200,80,255,1
1767784145.2412095,6969619580540723221,19196,0,24,20,57,5417,15,32,0,6257,7200,80,255,1
1767784146.2553923,6969619580540723221,19218,0,24,20,57,5417,15,32,0,6256,7200,80,255,1
1767784147.2560935,6969619580540723221,19239,0,24,20,57,5417,15,32,0,6255,7200,80,255,1
1767784148.7509322,6969619580540723221,19269,0,24,20,57,5417,15,32,0,6253,7200,80,255,1
1767784150.2467997,6969619580540723221,19300,0,24,20,57,5417,15,32,0,6252,7200,80,255,1
1767784151.2553744,6969619580540723221,19320,0,24,20,57,5417,15,32,0,6251,7200,80,255,1
1767784152.2569938,6969619580540723221,19340,0,24,20,57,5417,15,32,0,6250,7200,80,255,1
1767784153.7610738,6969619580540723221,19371,0,24,20,57,5417,15,32,0,6248,7200,80,255,1
1767784155.2493596,6969619580540723221,19401,0,24,20,57,5417,15,32,0,6247,7200,80,255,1
1767784156.7421973,6969619580540723221,19431,0,24,20,57,5417,15,32,0,6245,7200,80,255,1
1767784157.758114,6969619580540723221,19452,0,24,20,57,5417,15,32,0,6244,7200,80,255,1
1767784159.26089,6969619580540723221,19482,0,24,20,57,5417,15,32,0,6243,7200,80,255,1
1767784160.7520688,6969619580540723221,19513,0,24,20,57,5417,15,32,0,6241,7200,80,255,1
1767784162.247041,6969619580540723221,19545,0,24,20,57,5417,15,32,0,6240,7200,80,255,1
1767784163.25185,6969619580540723221,19565,0,24,20,57,5417,15,32,0,6239,7200,80,255,1
1767784164.751868,6969619580540723221,19595,0,24,20,57,5417,15,32,0,6237,7200,80,255,1
1767784165.7519617,6969619580540723221,19617,0,24,20,57,5417,15,32,0,6236,7200,80,255,1
1767784166.7609432,6969619580540723221,19638,0,24,20,57,5417,15,32,0,6235,7200,80,255,1
1767784168.2459712,6969619580540723221,19670,0,24,20,57,5417,15,32,0,6234,7200,80,255,1
1767784169.251019,6969619580540723221,19691,0,24,20,57,5417,15,32,0,6233,7200,80,255,1
1767784170.2527637,6969619580540723221,19711,0,24,20,57,5417,15,32,0,6232,7200,80,255,1
1767784171.25309,6969619580540723221,19732,0,24,20,57,5417,15,32,0,6231,7200,80,255,1
1767784172.2555714,6969619580540723221,19752,0,24,20,57,5417,15,32,0,6230,7200,80,255,1
1767784173.7594101,6969619580540723221,19783,0,24,20,57,5417,15,32,0,6228,7200,80,255,1
1767784175.242005,6969619580540723221,19814,0,24,20,57,5417,15,32,0,6227,7200,80,255,1
1767784176.2455256,6969619580540723221,19836,0,24,20,57,5417,15,32,0,6226,7200,80,255,1
1767784177.2484732,6969619580540723221,19856,0,24,20,57,5417,15,32,0,6225,7200,80,255,1
1767784178.252093,6969619580540723221,19877,0,24,20,57,5417,15,32,0,6224,7200,80,255,1
1767784179.7493346,6969619580540723221,19908,0,24,20,57,5417,15,32,0,6222,7200,80,255,1
1767784180.7493393,6969619580540723221,19928,0,24,20,57,5417,15,32,0,6221,7200,80,255,1
1767784181.755743,6969619580540723221,19948,0,24,20,57,5417,15,32,0,6220,7200,80,255,1
1767784182.7581415,6969619580540723221,19968,0,24,20,57,5417,15,32,0,6219,7200,80,255,1
1767784183.7595205,6969619580540723221,19989,0,24,20,57,5417,15,32,0,6218,7200,80,255,1
1767784185.2457094,6969619580540723221,20020,0,24,20,57,5417,15,32,0,6217,7200,80,255,1
1767784186.251125,6969619580540723221,20041,0,24,20,57,5417,15,32,0,6216,7200,80,255,1
1767784187.2553773,6969619580540723221,20061,0,24,20,57,5417,15,32,0,6215,7200,80,255,1
1767784188.256871,6969619580540723221,20081,0,24,20,57,5417,15,32,0,6214,7200,80,255,1
1767784189.758174,6969619580540723221,20111,0,24,20,57,5417,15,32,0,6212,7200,80,255,1
1767784191.247233,6969619580540723221,20142,0,24,20,57,5417,15,32,0,6211,7200,80,255,1
1767784192.2584305,6969619580540723221,20164,0,24,20,57,5417,15,32,0,6210,7200,80,255,1
1767784193.7454782,6969619580540723221,20194,0,24,20,57,5417,15,32,0,6208,7200,80,255,1
1767784194.7532556,6969619580540723221,20214,0,24,20,57,5417,15,32,0,6207,7200,80,255,1
1767784195.7557738,6969619580540723221,20236,0,24,20,57,5417,15,32,0,6206,7200,80,255,1
1767784197.2531114,6969619580540723221,20267,0,24,20,57,5417,15,32,0,6205,7200,80,255,1
1767784198.258122,6969619580540723221,20287,0,24,20,57,5417,15,32,0,6204,7200,80,255,1
1767784199.7432425,6969619580540723221,20317,0,24,20,57,5417,15,32,0,6202,7200,80,255,1
1767784200.7468328,6969619580540723221,20338,0,24,20,57,5417,15,32,0,6201,7200,80,255,1
1767784201.7479856,6969619580540723221,20358,0,24,20,57,5417,15,32,0,6200,7200,80,255,1
1767784202.753609,6969619580540723221,20378,0,24,20,57,5417,15,32,0,6199,7200,80,255,1
1767784204.2470706,6969619580540723221,20409,0,24,20,57,5417,15,32,0,6198,7200,80,255,1
1767784205.2507389,6969619580540723221,20429,0,24,20,57,5417,15,32,0,6197,7200,80,255,1
1767784206.252121,6969619580540723221,20449,0,24,20,57,5417,15,32,0,6196,7200,80,255,1
1767784207.7504241,6969619580540723221,20481,0,24,20,57,5417,15,32,0,6194,7200,80,255,1
1767784208.7556667,6969619580540723221,20501,0,24,20,57,5417,15,32,0,6193,7200,80,255,1
1767784209.7571328,6969619580540723221,20522,0,24,20,57,5417,15,32,0,6192,7200,80,255,1
1767784211.2519665,6969619580540723221,20553,0,24,20,57,5417,15,32,0,6191,7200,80,255,1
1767784212.2547874,6969619580540723221,20573,0,24,20,57,5417,15,32,0,6190,7200,80,255,1
1767784213.2558966,6969619580540723221,20593,0,24,20,57,5417,15,32,0,6189,7200,80,255,1
1767784214.2590244,6969619580540723221,20613,0,24,20,57,5417,15,32,0,6188,7200,80,255,1
1767784215.7590137,6969619580540723221,20645,0,24,20,57,5417,15,32,0,6186,7200,80,255,1
1767784217.2449567,6969619580540723221,20676,0,24,20,57,5417,15,32,0,6185,7200,80,255,1
1767784218.744422,6969619580540723221,20706,0,24,20,57,5417,15,32,0,6183,7200,80,255,1
1767784219.7470186,6969619580540723221,20726,0,24,20,57,5417,15,32,0,6182,7200,80,255,1
1767784220.7504022,6969619580540723221,20746,0,24,20,57,5417,15,32,0,6181,7200,80,255,1
1767784221.7541368,6969619580540723221,20766,0,24,20,57,5417,15,32,0,6180,7200,80,255,1
1767784223.2570038,6969619580540723221,20798,0,24,20,57,5417,15,32,0,6179,7200,80,255,1
1767784224.2570457,6969619580540723221,20818,0,24,20,57,5417,15,32,0,6178,7200,80,255,1
1767784225.2571268,6969619580540723221,20839,0,24,20,57,5417,15,32,0,6177,7200,80,255,1
1767784226.2582045,6969619580540723221,20859,0,24,20,57,5417,15,32,0,6176,7200,80,255,1
1767784227.7583637,6969619580540723221,20889,0,24,20,57,5417,15,32,0,6174,7200,80,255,1
1767784229.2529814,6969619580540723221,20921,0,24,20,57,5417,15,32,0,6173,7200,80,255,1
1767784230.2580428,6969619580540723221,20941,0,24,20,57,5417,15,32,0,6172,7200,80,255,1
1767784231.2584624,6969619580540723221,20962,0,24,20,57,5417,15,32,0,6171,7200,80,255,1
1767784232.7443213,6969619580540723221,20992,0,24,20,57,5417,15,32,0,6169,7200,80,255,1
1767784234.2457523,6969619580540723221,21022,0,24,20,57,5417,15,32,0,6168,7200,80,255,1
1767784235.7441761,6969619580540723221,21052,0,24,20,57,5417,15,32,0,6166,7200,80,255,1
1767784236.750998,6969619580540723221,21072,0,24,20,57,5417,15,32,0,6165,7200,80,255,1
1767784237.7570465,6969619580540723221,21092,0,24,20,57,5417,15,32,0,6164,7200,80,255,1
1767784239.245482,6969619580540723221,21123,0,24,20,57,5417,15,32,0,6163,7200,80,255,1
1767784240.2522054,6969619580540723221,21143,0,24,20,57,5417,15,32,0,6162,7200,80,255,1
1767784241.756774,6969619580540723221,21174,0,24,20,57,5417,15,32,0,6160,7200,80,255,1
1767784243.244673,6969619580540723221,21205,0,24,20,57,5417,15,32,0,6159,7200,80,255,1
1767784244.2448132,6969619580540723221,21226,0,24,20,57,5417,15,32,0,6158,7200,80,255,1
1767784245.253762,6969619580540723221,21246,0,24,20,57,5417,15,32,0,6157,7200,80,255,1
1767784246.7520285,6969619580540723221,21278,0,24,20,57,5417,15,32,0,6155,7200,80,255,1
1767784247.7540238,6969619580540723221,21298,0,24,20,57,5417,15,32,0,6154,7200,80,255,1
1767784249.250873,6969619580540723221,21330,0,24,20,57,5417,15,32,0,6153,7200,80,255,1
1767784250.2579663,6969619580540723221,21351,0,24,20,57,5417,15,32,0,6152,7200,80,255,1
1767784251.7567883,6969619580540723221,21381,0,24,20,57,5417,15,32,0,6150,7200,80,255,1
1767784252.759097,6969619580540723221,21401,0,24,20,57,5417,15,32,0,6149,7200,80,255,1
1767784254.2444947,6969619580540723221,21432,0,24,20,57,5417,15,32,0,6148,7200,80,255,1
1767784255.2545578,6969619580540723221,21452,0,24,20,57,5417,15,32,0,6147,7200,80,255,1
1767784256.74558,6969619580540723221,21483,0,24,20,57,5417,15,32,0,6145,7200,80,255,1
1767784258.2468631,6969619580540723221,21516,0,24,20,57,5417,15,32,0,6144,7200,80,255,1
1767784259.7541633,6969619580540723221,21547,0,24,20,57,5417,15,32,0,6142,7200,80,255,1
1767784260.7571745,6969619580540723221,21568,0,24,20,57,5417,15,32,0,6141,7200,80,255,1
1767784262.2467895,6969619580540723221,21598,0,24,20,57,5417,15,32,0,6140,7200,80,255,1
1767784263.250162,6969619580540723221,21618,0,24,20,57,5417,15,32,0,6139,7200,80,255,1
1767784264.2543762,6969619580540723221,21639,0,24,20,57,5417,15,32,0,6138,7200,80,255,1
1767784265.7522955,6969619580540723221,21669,0,24,20,57,5417,15,32,0,6136,7200,80,255,1
1767784266.7557282,6969619580540723221,21689,0,24,20,57,5417,15,32,0,6135,7200,80,255,1
1767784268.2481067,6969619580540723221,21720,0,24,20,57,5417,15,32,0,6134,7200,80,255,1
1767784269.7420855,6969619580540723221,21750,0,24,20,57,5417,15,32,0,6132,7200,80,255,1
1767784270.7454088,6969619580540723221,21772,0,24,20,57,5417,15,32,0,6131,7200,80,255,1
1767784271.7546124,6969619580540723221,21793,0,24,20,57,5417,15,32,0,6130,7200,80,255,1
1767784273.245704,6969619580540723221,21823,0,24,20,57,5417,15,32,0,6129,7200,80,255,1
1767784274.246141,6969619580540723221,21844,0,24,20,57,5417,15,32,0,6128,7200,80,255,1
1767784275.2581933,6969619580540723221,21865,0,24,20,57,5417,15,32,0,6127,7200,80,255,1
1767784276.7545943,6969619580540723221,21897,0,24,20,57,5417,15,32,0,6125,7200,80,255,1
1767784278.253467,6969619580540723221,21927,0,24,20,57,5417,15,32,0,6124,7200,80,255,1
1767784279.2595878,6969619580540723221,21948,0,24,20,57,5417,15,32,0,6123,7200,80,255,1
1767784280.7585273,6969619580540723221,21978,0,24,20,57,5417,15,32,0,6121,7200,80,255,1
1767784282.2606733,6969619580540723221,22008,0,24,20,57,5417,15,32,0,6120,7200,80,255,1
1767784283.7491584,6969619580540723221,22039,0,24,20,57,5417,15,32,0,6118,7200,80,255,1
1767784284.7570455,6969619580540723221,22060,0,24,20,57,5417,15,32,0,6117,7200,80,255,1
1767784286.2512505,6969619580540723221,22091,0,24,20,57,5417,15,32,0,6116,7200,80,255,1
1767784287.2592738,6969619580540723221,22111,0,24,20,57,5417,15,32,0,6115,7200,80,255,1
1767784288.7591588,6969619580540723221,22141,0,24,20,57,5417,15,32,0,6113,7200,80,255,1
1767784290.2555914,6969619580540723221,22171,0,24,20,57,5417,15,32,0,6112,7200,80,255,1
1767784291.7546766,6969619580540723221,22203,0,24,20,57,5417,15,32,0,6110,7200,80,255,1
1767784293.247366,6969619580540723221,22233,0,24,20,57,5417,15,32,0,6109,7200,80,255,1
1767784294.7475102,6969619580540723221,22263,0,24,20,57,5417,15,32,0,6107,7200,80,255,1
1767784295.7506084,6969619580540723221,22283,0,24,20,57,5417,15,32,0,6106,7200,80,255,1
1767784296.752984,6969619580540723221,22304,0,24,20,57,5417,15,32,0,6105,7200,80,255,1
1767784298.2471693,6969619580540723221,22336,0,24,20,57,5417,15,32,0,6104,7200,80,255,1
1767784299.7431278,6969619580540723221,22366,0,24,20,57,5417,15,32,0,6102,7200,80,255,1
1767784300.749345,6969619580540723221,22386,0,24,20,57,5417,15,32,0,6101,7200,80,255,1
1767784301.7495084,6969619580540723221,22406,0,24,20,57,5417,15,32,0,6100,7200,80,255,1
1767784302.7570515,6969619580540723221,22427,0,24,20,57,5417,15,32,0,6099,7200,80,255,1
1767784304.245622,6969619580540723221,22457,0,24,20,57,5417,15,32,0,6098,7200,80,255,1
1767784305.253259,6969619580540723221,22477,0,24,20,57,5417,15,32,0,6097,7200,80,255,1
1767784306.7475438,6969619580540723221,22509,0,24,20,57,5417,15,32,0,6095,7200,80,255,1
1767784307.7519019,6969619580540723221,22531,0,24,20,57,5417,15,32,0,6094,7200,80,255,1
1767784308.7607906,6969619580540723221,22552,0,24,20,57,5417,15,32,0,6093,7200,80,255,1
1767784310.2554197,6969619580540723221,22582,0,24,20,57,5417,15,32,0,6092,7200,80,255,1
1767784311.7547238,6969619580540723221,22612,0,24,20,57,5417,15,32,0,6090,7200,80,255,1
1767784313.2530181,6969619580540723221,22643,0,24,20,57,5417,15,32,0,6089,7200,80,255,1
1767784314.2580993,6969619580540723221,22663,0,24,20,57,5417,15,32,0,6088,7200,80,255,1
1767784315.2594454,6969619580540723221,22684,0,24,20,57,5417,15,32,0,6087,7200,80,255,1
1767784316.752053,6969619580540723221,22716,0,24,20,57,5417,15,32,0,6085,7200,80,255,1
1767784318.2434466,6969619580540723221,22746,0,24,20,57,5417,15,32,0,6084,7200,80,255,1
1767784319.2566917,6969619580540723221,22766,0,24,20,57,5417,15,32,0,6083,7200,80,255,1
1767784320.7610984,6969619580540723221,22796,0,24,20,57,5417,15,32,0,6081,7200,80,255,1
1767784322.2555811,6969619580540723221,22827,0,24,20,57,5417,15,32,0,6080,7200,80,255,1
1767784323.742111,6969619580540723221,22857,0,24,20,57,5417,15,32,0,6078,7200,80,255,1
1767784324.7435517,6969619580540723221,22878,0,24,20,57,5417,15,32,0,6077,7200,80,255,1
1767784325.758956,6969619580540723221,22900,0,24,20,57,5417,15,32,0,6076,7200,80,255,1
1767784327.2433872,6969619580540723221,22931,0,24,20,57,5417,15,32,0,6075,7200,80,255,1
1767784328.250901,6969619580540723221,22951,0,24,20,57,5417,15,32,0,6074,7200,80,255,1
1767784329.256925,6969619580540723221,22971,0,24,20,57,5417,15,32,0,6073,7200,80,255,1
1767784330.7555153,6969619580540723221,23001,0,24,20,57,5417,15,32,0,6071,7200,80,255,1
1767784332.2497,6969619580540723221,23031,0,24,20,57,5417,15,32,0,6070,7200,80,255,1
1767784333.7507544,6969619580540723221,23062,0,24,20,57,5417,15,32,0,6068,7200,80,255,1
1767784334.7583027,6969619580540723221,23083,0,24,20,57,5417,15,32,0,6067,7200,80,255,1
1767784336.2453313,6969619580540723221,23114,0,24,20,57,5417,15,32,0,6066,7200,80,255,1
1767784337.2583034,6969619580540723221,23134,0,24,20,57,5417,15,32,0,6065,7200,80,255,1
1767784338.75915,6969619580540723221,23167,0,24,20,57,5417,15,32,0,6063,7200,80,255,1
1767784340.2582364,6969619580540723221,23198,0,24,20,57,5417,15,32,0,6062,7200,80,255,1
1767784341.2593226,6969619580540723221,23218,0,24,20,57,5417,15,32,0,6061,7200,80,255,1
1767784342.7506287,6969619580540723221,23248,0,24,20,57,5417,15,32,0,6059,7200,80,255,1
1767784344.2595077,6969619580540723221,23281,0,24,20,57,5417,15,32,0,6058,7200,80,255,1
1767784345.7491672,6969619580540723221,23312,0,24,20,57,5417,15,32,0,6056,7200,80,255,1
1767784347.2431052,6969619580540723221,23342,0,24,20,57,5417,15,32,0,6055,7200,80,255,1
1767784348.2541933,6969619580540723221,23363,0,24,20,57,5417,15,32,0,6054,7200,80,255,1
1767784349.7517595,6969619580540723221,23393,0,24,20,57,5417,15,32,0,6052,7200,80,255,1
1767784350.7535233,6969619580540723221,23413,0,24,20,57,5417,15,32,0,6051,7200,80,255,1
1767784352.2478983,6969619580540723221,23444,0,24,20,57,5417,15,32,0,6050,7200,80,255,1
1767784353.2488549,6969619580540723221,23465,0,24,20,57,5417,15,32,0,6049,7200,80,255,1
1767784354.2569802,6969619580540723221,23487,0,24,20,57,5417,15,32,0,6048,7200,80,255,1
1767784355.7616353,6969619580540723221,23518,0,24,20,57,5417,15,32,0,6046,7200,80,255,1
1767784357.2509558,6969619580540723221,23548,0,24,20,57,5417,15,32,0,6045,7200,80,255,1
1767784358.7583437,6969619580540723221,23578,0,24,20,57,5417,15,32,0,6043,7200,80,255,1
1767784359.761899,6969619580540723221,23599,0,24,20,57,5417,15,32,0,6042,7200,80,255,1
1767784361.2471564,6969619580540723221,23629,0,24,20,57,5417,15,32,0,6041,7200,80,255,1
1767784362.255745,6969619580540723221,23649,0,24,20,57,5417,15,32,0,6040,7200,80,255,1
1767784363.2564387,6969619580540723221,23669,0,24,20,57,5417,15,32,0,6039,7200,80,255,1
1767784364.7482014,6969619580540723221,23701,0,24,20,57,5417,15,32,0,6037,7200,80,255,1
1767784365.7544215,6969619580540723221,23721,0,24,20,57,5417,15,32,0,6036,7200,80,255,1
1767784367.2582011,6969619580540723221,23753,0,24,20,57,5417,15,32,0,6035,7200,80,255,1
1767784368.7471924,6969619580540723221,23784,0,24,20,57,5417,15,32,0,6033,7200,80,255,1
1767784370.2490768,6969619580540723221,23814,0,24,20,57,5417,15,32,0,6032,7200,80,255,1
1767784371.262093,6969619580540723221,23834,0,24,20,57,5417,15,32,0,6031,7200,80,255,1
1767784372.756738,6969619580540723221,23864,0,24,20,57,5417,15,32,0,6029,7200,80,255,1
1767784373.7583086,6969619580540723221,23885,0,24,20,57,5417,15,32,0,6028,7200,80,255,1
1767784375.2416954,6969619580540723221,23917,0,24,20,57,5417,15,32,0,6027,7200,80,255,1
1767784376.2421322,6969619580540723221,23939,0,24,20,57,5417,15,32,0,6026,7200,80,255,1
1767784377.24709,6969619580540723221,23960,0,24,20,57,5417,15,32,0,6025,7200,80,255,1
1767784378.2481804,6969619580540723221,23981,0,24,20,57,5417,15,32,0,6024,7200,80,255,1
1767784379.2541337,6969619580540723221,24002,0,24,20,57,5417,15,32,0,6023,7200,80,255,1
1767784380.2562492,6969619580540723221,24022,0,24,20,57,5417,15,32,0,6022,7200,80,255,1
1767784381.2596095,6969619580540723221,24043,0,24,20,57,5417,15,32,0,6021,7200,80,255,1
1767784382.741788,6969619580540723221,24073,0,24,20,57,5417,15,32,0,6019,7200,80,255,1
1767784383.758591,6969619580540723221,24094,0,24,20,57,5417,15,32,0,6018,7200,80,255,1
1767784384.759298,6969619580540723221,24115,0,24,20,57,5417,15,32,0,6017,7200,80,255,1
1767784386.253462,6969619580540723221,24145,0,24,20,57,5417,15,32,0,6016,7200,80,255,1
1767784387.2559252,6969619580540723221,24165,0,24,20,57,5417,15,32,0,6015,7200,80,255,1
1767784388.25952,6969619580540723221,24185,0,24,20,57,5417,15,32,0,6014,7200,80,255,1
1767784389.2595592,6969619580540723221,24205,0,24,20,57,5417,15,32,0,6013,7200,80,255,1
1767784390.7467725,6969619580540723221,24235,0,24,20,57,5417,15,32,0,6011,7200,80,255,1
1767784391.748592,6969619580540723221,24257,0,24,20,57,5417,15,32,0,6010,7200,80,255,1
1767784392.7530327,6969619580540723221,24278,0,24,20,57,5417,15,32,0,6009,7200,80,255,1
1767784393.7571068,6969619580540723221,24298,0,24,20,57,5417,15,32,0,6008,7200,80,255,1
1767784394.758119,6969619580540723221,24319,0,24,20,57,5417,15,32,0,6007,7200,80,255,1
1767784396.2420607,6969619580540723221,24351,0,24,20,57,5417,15,32,0,6006,7200,80,255,1
1767784397.2431939,6969619580540723221,24372,0,24,20,57,5417,15,32,0,6005,7200,80,255,1
1767784398.2495332,6969619580540723221,24393,0,24,20,57,5417,15,32,0,6004,7200,80,255,1
1767784399.251679,6969619580540723221,24413,0,24,20,57,5417,15,32,0,6003,7200,80,255,1
1767784400.253087,6969619580540723221,24433,0,24,20,57,5417,15,32,0,6002,7200,80,255,1
1767784401.256758,6969619580540723221,24453,0,24,20,57,5417,15,32,0,6001,7200,80,255,1
1767784402.7458234,6969619580540723221,24484,0,24,20,57,5417,15,32,0,5999,7200,80,255,1
1767784404.2432852,6969619580540723221,24515,0,24,20,57,5417,15,32,0,5998,7200,80,255,1
1767784405.2591932,6969619580540723221,24536,0,24,20,57,5417,15,32,0,5997,7200,80,255,1
1767784406.7494214,6969619580540723221,24568,0,24,20,57,5417,15,32,0,5995,7200,80,255,1
1767784407.7555883,6969619580540723221,24588,0,24,20,57,5417,15,32,0,5994,7200,80,255,1
1767784409.2484431,6969619580540723221,24618,0,24,20,57,5417,15,32,0,5993,7200,80,255,1
1767784410.7510026,6969619580540723221,24649,0,24,20,57,5417,15,32,0,5991,7200,80,255,1
1767784412.2434473,6969619580540723221,24679,0,24,20,57,5417,15,32,0,5990,7200,80,255,1
1767784413.251196,6969619580540723221,24699,0,24,20,57,5417,15,32,0,5989,7200,80,255,1
1767784414.7480197,6969619580540723221,24729,0,24,20,57,5417,15,32,0,5987,7200,80,255,1
1767784416.2530177,6969619580540723221,24759,0,24,20,57,5417,15,32,0,5986,7200,80,255,1
1767784417.2540278,6969619580540723221,24779,0,24,20,57,5417,15,32,0,5985,7200,80,255,1
1767784418.2571404,6969619580540723221,24800,0,24,20,57,5417,15,32,0,5984,7200,80,255,1
1767784419.7448845,6969619580540723221,24830,0,24,20,57,5417,15,32,0,5982,7200,80,255,1
1767784420.7506733,6969619580540723221,24851,0,24,20,57,5417,15,32,0,5981,7200,80,255,1
1767784421.7532759,6969619580540723221,24872,0,24,20,57,5417,15,32,0,5980,7200,80,255,1
1767784423.2468376,6969619580540723221,24902,0,24,20,57,5417,15,32,0,5979,7200,80,255,1
1767784424.2558563,6969619580540723221,24922,0,24,20,57,5417,15,32,0,5978,7200,80,255,1
1767784425.7536974,6969619580540723221,24953,0,24,20,57,5417,15,32,0,5976,7200,80,255,1
1767784427.2470753,6969619580540723221,24983,0,24,20,57,5417,15,32,0,5975,7200,80,255,1
1767784428.745335,6969619580540723221,25014,0,24,20,57,5417,15,32,0,5973,7200,80,255,1
1767784430.2511992,6969619580540723221,25045,0,24,20,57,5417,15,32,0,5972,7200,80,255,1
1767784431.2516646,6969619580540723221,25065,0,24,20,57,5417,15,32,0,5971,7200,80,255,1
1767784432.7609828,6969619580540723221,25095,0,24,20,57,5417,15,32,0,5969,7200,80,255,1
1767784434.245554,6969619580540723221,25125,0,24,20,57,5417,15,32,0,5968,7200,80,255,1
1767784435.2531552,6969619580540723221,25145,0,24,20,57,5417,15,32,0,5967,7200,80,255,1
1767784436.2556636,6969619580540723221,25165,0,24,20,57,5417,15,32,0,5966,7200,80,255,1
1767784437.7528048,6969619580540723221,25197,0,24,20,57,5417,15,32,0,5964,7200,80,255,1
1767784438.7551284,6969619580540723221,25218,0,24,20,57,5417,15,32,0,5963,7200,80,255,1
1767784439.7561224,6969619580540723221,25239,0,24,20,57,5417,15,32,0,5962,7200,80,255,1
1767784441.2492049,6969619580540723221,25269,0,24,20,57,5417,15,32,0,5961,7200,80,255,1
1767784442.2570555,6969619580540723221,25289,0,24,20,57,5417,15,32,0,5960,7200,80,255,1
1767784443.7483785,6969619580540723221,25320,0,24,20,57,5417,15,32,0,5958,7200,80,255,1
1767784445.244949,6969619580540723221,25350,0,24,20,57,5417,15,32,0,5957,7200,80,255,1
1767784446.7451856,6969619580540723221,25381,0,24,20,57,5417,15,32,0,5955,7200,80,255,1
1767784447.7533574,6969619580540723221,25403,0,24,20,57,5417,15,32,0,5954,7200,80,255,1
1767784449.2421172,6969619580540723221,25434,0,24,20,57,5417,15,32,0,5953,7200,80,255,1
1767784450.7491753,6969619580540723221,25467,0,24,20,57,5417,15,32,0,5951,7200,80,255,1
1767784451.7530162,6969619580540723221,25487,0,24,20,57,5417,15,32,0,5950,7200,80,255,1
1767784452.7570765,6969619580540723221,25507,0,24,20,57,5417,15,32,0,5949,7200,80,255,1
1767784454.2462838,6969619580540723221,25537,0,24,20,57,5417,15,32,0,5948,7200,80,255,1
1767784455.2553723,6969619580540723221,25557,0,24,20,57,5417,15,32,0,5947,7200,80,255,1
1767784456.75408,6969619580540723221,25588,0,24,20,57,5417,15,32,0,5945,7200,80,255,1
1767784458.2483246,6969619580540723221,25619,0,24,20,57,5417,15,32,0,5944,7200,80,255,1
1767784459.2529314,6969619580540723221,25639,0,24,20,57,5417,15,32,0,5943,7200,80,255,1
1767784460.747126,6969619580540723221,25670,0,24,20,57,5417,15,32,0,5941,7200,80,255,1
1767784461.7600915,6969619580540723221,25691,0,24,20,57,5417,15,32,0,5940,7200,80,255,1
1767784463.2468572,6969619580540723221,25723,0,24,20,57,5417,15,32,0,5939,7200,80,255,1
1767784464.2490566,6969619580540723221,25743,0,24,20,57,5417,15,32,0,5938,7200,80,255,1
1767784465.2569418,6969619580540723221,25763,0,24,20,57,5417,15,32,0,5937,7200,80,255,1
1767784466.7484803,6969619580540723221,25793,0,24,20,57,5417,15,32,0,5935,7200,80,255,1
1767784467.755967,6969619580540723221,25813,0,24,20,57,5417,15,32,0,5934,7200,80,255,1
1767784469.2555993,6969619580540723221,25843,0,24,20,57,5417,15,32,0,5933,7200,80,255,1
1767784470.7591972,6969619580540723221,25875,0,24,20,57,5417,15,32,0,5931,7200,80,255,1
1767784472.244489,6969619580540723221,25905,0,24,20,57,5417,15,32,0,5930,7200,80,255,1
1767784473.2530212,6969619580540723221,25927,0,24,20,57,5417,15,32,0,5929,7200,80,255,1
1767784474.2572422,6969619580540723221,25948,0,24,20,57,5417,15,32,0,5928,7200,80,255,1
1767784475.7582066,6969619580540723221,25979,0,24,20,57,5417,15,32,0,5926,7200,80,255,1
1767784477.2490492,6969619580540723221,26009,0,24,20,57,5417,15,32,0,5925,7200,80,255,1
1767784478.2507827,6969619580540723221,26030,0,24,20,57,5417,15,32,0,5924,7200,80,255,1
1767784479.7554972,6969619580540723221,26060,0,24,20,57,5417,15,32,0,5922,7200,80,255,1
1767784481.2422228,6969619580540723221,26092,0,24,20,57,5417,15,32,0,5921,7200,80,255,1
1767784482.2484384,6969619580540723221,26114,0,24,20,57,5417,15,32,0,5920,7200,80,255,1
1767784483.251901,6969619580540723221,26134,0,24,20,57,5417,15,32,0,5919,7200,80,255,1
1767784484.2562218,6969619580540723221,26155,0,24,20,57,5417,15,32,0,5918,7200,80,255,1
1767784485.2571347,6969619580540723221,26175,0,24,20,57,5417,15,32,0,5917,7200,80,255,1
1767784486.2582095,6969619580540723221,26195,0,24,20,57,5417,15,32,0,5916,7200,80,255,1
1767784487.7420428,6969619580540723221,26225,0,24,20,57,5417,15,32,0,5914,7200,80,255,1
1767784488.7434676,6969619580540723221,26246,0,24,20,57,5417,15,32,0,5913,7200,80,255,1
1767784489.7459462,6969619580540723221,26266,0,24,20,57,5417,15,32,0,5912,7200,80,255,1
1767784491.2445943,6969619580540723221,26297,0,24,20,57,5417,15,32,0,5911,7200,80,255,1
1767784492.7420974,6969619580540723221,26327,0,24,20,57,5417,15,32,0,5909,7200,80,255,1
1767784493.7569404,6969619580540723221,26349,0,24,20,57,5417,15,32,0,5908,7200,80,255,1
1767784495.2467453,6969619580540723221,26382,0,24,20,57,5417,15,32,0,5907,7200,80,255,1
1767784496.248479,6969619580540723221,26402,0,24,20,57,5417,15,32,0,5906,7200,80,255,1
1767784497.2493892,6969619580540723221,26423,0,24,20,57,5417,15,32,0,5905,7200,80,255,1
1767784498.252815,6969619580540723221,26443,0,24,20,57,5417,15,32,0,5904,7200,80,255,1
1767784499.754582,6969619580540723221,26473,0,24,20,57,5417,15,32,0,5902,7200,80,255,1
1767784501.242068,6969619580540723221,26507,0,24,20,57,5417,15,32,0,5901,7200,80,255,1
1767784502.2540526,6969619580540723221,26528,0,24,20,57,5417,15,32,0,5900,7200,80,255,1
1767784503.743441,6969619580540723221,26560,0,24,20,57,5417,15,32,0,5898,7200,80,255,1
1767784504.7509875,6969619580540723221,26581,0,24,20,57,5417,15,32,0,5897,7200,80,255,1
1767784506.259291,6969619580540723221,26611,0,24,20,57,5417,15,32,0,5896,7200,80,255,1
1767784507.7421536,6969619580540723221,26642,0,24,20,57,5417,15,32,0,5894,7200,80,255,1
1767784508.7468574,6969619580540723221,26663,0,24,20,57,5417,15,32,0,5893,7200,80,255,1
1767784509.7570193,6969619580540723221,26683,0,24,20,57,5417,15,32,0,5892,7200,80,255,1
1767784511.2493603,6969619580540723221,26714,0,24,20,57,5417,15,32,0,5891,7200,80,255,1
1767784512.751765,6969619580540723221,26744,0,24,20,57,5417,15,32,0,5889,7200,80,255,1
1767784514.2580717,6969619580540723221,26775,0,24,20,57,5417,15,32,0,5888,7200,80,255,1
1767784515.2589755,6969619580540723221,26795,0,24,20,57,5417,15,32,0,5887,7200,80,255,1
1767784516.7542005,6969619580540723221,26827,0,24,20,57,5417,15,32,0,5885,7200,80,255,1
1767784518.245423,6969619580540723221,26857,0,24,20,57,5417,15,32,0,5884,7200,80,255,1
1767784519.2516954,6969619580540723221,26878,0,24,20,57,5417,15,32,0,5883,7200,80,255,1
1767784520.2585106,6969619580540723221,26899,0,24,20,57,5417,15,32,0,5882,7200,80,255,1
1767784521.7583141,6969619580540723221,26930,0,24,20,57,5417,15,32,0,5880,7200,80,255,1
1767784523.2517188,6969619580540723221,26961,0,24,20,57,5417,15,32,0,5879,7200,80,255,1
1767784524.7451487,6969619580540723221,26991,0,24,20,57,5417,15,32,0,5877,7200,80,255,1
1767784525.7455049,6969619580540723221,27011,0,24,20,57,5417,15,32,0,5876,7200,80,255,1
1767784527.2440875,6969619580540723221,27043,0,24,20,57,5417,15,32,0,5875,7200,80,255,1
1767784528.749229,6969619580540723221,27074,0,24,20,57,5417,15,32,0,5873,7200,80,255,1
1767784530.2483153,6969619580540723221,27104,0,24,20,57,5417,15,32,0,5872,7200,80,255,1
1767784531.7508233,6969619580540723221,27135,0,24,20,57,5417,15,32,0,5870,7200,80,255,1
1767784533.2533686,6969619580540723221,27165,0,24,20,57,5417,15,32,0,5869,7200,80,255,1
1767784534.751893,6969619580540723221,27195,0,24,20,57,5417,15,32,0,5867,7200,80,255,1
1767784536.2490485,6969619580540723221,27226,0,24,20,57,5417,15,32,0,5866,7200,80,255,1
1767784537.2543643,6969619580540723221,27247,0,24,20,57,5417,15,32,0,5865,7200,80,255,1
1767784538.2595031,6969619580540723221,27268,0,24,20,57,5417,15,32,0,5864,7200,80,255,1
1767784539.7516747,6969619580540723221,27300,0,24,20,57,5417,15,32,0,5862,7200,80,255,1
1767784541.2431104,6969619580540723221,27330,0,24,20,57,5417,15,32,0,5861,7200,80,255,1
1767784542.2479153,6969619580540723221,27350,0,24,20,57,5417,15,32,0,5860,7200,80,255,1
1767784543.2536514,6969619580540723221,27370,0,24,20,57,5417,15,32,0,5859,7200,80,255,1
1767784544.7516408,6969619580540723221,27402,0,24,20,57,5417,15,32,0,5857,7200,80,255,1
1767784545.7553847,6969619580540723221,27422,0,24,20,57,5417,15,32,0,5856,7200,80,255,1
1767784547.2469804,6969619580540723221,27452,0,24,20,57,5417,15,32,0,5855,7200,80,255,1
1767784548.2549636,6969619580540723221,27472,0,24,20,57,5417,15,32,0,5854,7200,80,255,1
1767784549.256219,6969619580540723221,27492,0,24,20,57,5417,15,32,0,5853,7200,80,255,1
1767784550.7411678,6969619580540723221,27523,0,24,20,57,5417,15,32,0,5851,7200,80,255,1
1767784551.7506378,6969619580540723221,27545,0,24,20,57,5417,15,32,0,5850,7200,80,255,1
1767784553.250696,6969619580540723221,27576,0,24,20,57,5417,15,32,0,5849,7200,80,255,1
1767784554.2581675,6969619580540723221,27597,0,24,20,57,5417,15,32,0,5848,7200,80,255,1
1767784555.7561631,6969619580540723221,27629,0,24,20,57,5417,15,32,0,5846,7200,80,255,1
1767784557.2563932,6969619580540723221,27659,0,24,20,57,5417,15,32,0,5845,7200,80,255,1
1767784558.7510471,6969619580540723221,27690,0,24,20,57,5417,15,32,0,5843,7200,80,255,1
1767784559.757841,6969619580540723221,27710,0,24,20,57,5417,15,32,0,5842,7200,80,255,1
1767784561.254973,6969619580540723221,27741,0,24,20,57,5417,15,32,0,5841,7200,80,255,1
1767784562.7476373,6969619580540723221,27772,0,24,20,57,5417,15,32,0,5839,7200,80,255,1
1767784564.2534444,6969619580540723221,27805,0,24,20,57,5417,15,32,0,5838,7200,80,255,1
1767784565.2562914,6969619580540723221,27825,0,24,20,57,5417,15,32,0,5837,7200,80,255,1
1767784566.761965,6969619580540723221,27856,0,24,20,57,5417,15,32,0,5835,7200,80,255,1
1767784568.249903,6969619580540723221,27887,0,24,20,57,5417,15,32,0,5834,7200,80,255,1
1767784569.2554142,6969619580540723221,27908,0,24,20,57,5417,15,32,0,5833,7200,80,255,1
1767784570.256918,6969619580540723221,27928,0,24,20,57,5417,15,32,0,5832,7200,80,255,1
1767784571.7429678,6969619580540723221,27958,0,24,20,57,5417,15,32,0,5830,7200,80,255,1
1767784572.745312,6969619580540723221,27980,0,24,20,57,5417,15,32,0,5829,7200,80,255,1
1767784573.7507718,6969619580540723221,28000,0,24,20,57,5417,15,32,0,5828,7200,80,255,1
1767784574.7541847,6969619580540723221,28021,0,24,20,57,5417,15,32,0,5827,7200,80,255,1
1767784575.7542171,6969619580540723221,28041,0,24,20,57,5417,15,32,0,5826,7200,80,255,1
1767784576.758331,6969619580540723221,28061,0,24,20,57,5417,15,32,0,5825,7200,80,255,1
1767784578.2505577,6969619580540723221,28091,0,24,20,57,5417,15,32,0,5824,7200,80,255,1
1767784579.7480392,6969619580540723221,28122,0,24,20,57,5417,15,32,0,5822,7200,80,255,1
1767784580.755186,6969619580540723221,28142,0,24,20,57,5417,15,32,0,5821,7200,80,255,1
1767784581.7593696,6969619580540723221,28163,0,24,20,57,5417,15,32,0,5820,7200,80,255,1
1767784583.2521536,6969619580540723221,28194,0,24,20,57,5417,15,32,0,5819,7200,80,255,1
1767784584.746869,6969619580540723221,28225,0,24,20,57,5417,15,32,0,5817,7200,80,255,1
1767784586.2518284,6969619580540723221,28255,0,24,20,57,5417,15,32,0,5816,7200,80,255,1
1767784587.2522342,6969619580540723221,28275,0,24,20,57,5417,15,32,0,5815,7200,80,255,1
1767784588.7435503,6969619580540723221,28307,0,24,20,57,5417,15,32,0,5813,7200,80,255,1
1767784589.753385,6969619580540723221,28329,0,24,20,57,5417,15,32,0,5812,7200,80,255,1
1767784591.2497416,6969619580540723221,28361,0,24,20,57,5417,15,32,0,5811,7200,80,255,1
1767784592.7450225,6969619580540723221,28393,0,24,20,57,5417,15,32,0,5809,7200,80,255,1
1767784593.747452,6969619580540723221,28413,0,24,20,57,5417,15,32,0,5808,7200,80,255,1
1767784594.750887,6969619580540723221,28434,0,24,20,57,5417,15,32,0,5807,7200,80,255,1
1767784596.2455728,6969619580540723221,28465,0,24,20,57,5417,15,32,0,5806,7200,80,255,1
1767784597.255082,6969619580540723221,28486,0,24,20,57,5417,15,32,0,5805,7200,80,255,1
1767784598.7518163,6969619580540723221,28516,0,24,20,57,5417,15,32,0,5803,7200,80,255,1
1767784599.753317,6969619580540723221,28536,0,24,20,57,5417,15,32,0,5802,7200,80,255,1
1767784600.753411,6969619580540723221,28557,0,24,20,57,5417,15,32,0,5801,7200,80,255,1
1767784602.2519057,6969619580540723221,28589,0,24,20,57,5417,15,32,0,5800,7200,80,255,1
1767784603.2581933,6969619580540723221,28609,0,24,20,57,5417,15,32,0,5799,7200,80,255,1
1767784604.7441957,6969619580540723221,28639,0,24,20,57,5417,15,32,0,5797,7200,80,255,1
1767784605.7510622,6969619580540723221,28659,0,24,20,57,5417,15,32,0,5796,7200,80,255,1
1767784607.2482426,6969619580540723221,28690,0,24,20,57,5417,15,32,0,5795,7200,80,255,1
1767784608.7429733,6969619580540723221,28722,0,24,20,57,5417,15,32,0,5793,7200,80,255,1
1767784609.7483943,6969619580540723221,28743,0,24,20,57,5417,15,32,0,5792,7200,80,255,1
1767784610.752042,6969619580540723221,28763,0,24,20,57,5417,15,32,0,5791,7200,80,255,1
1767784611.7555745,6969619580540723221,28783,0,24,20,57,5417,15,32,0,5790,7200,80,255,1
1767784613.2469978,6969619580540723221,28816,0,24,20,57,5417,15,32,0,5789,7200,80,255,1
1767784614.2479703,6969619580540723221,28836,0,24,20,57,5417,15,32,0,5788,7200,80,255,1
1767784615.2508774,6969619580540723221,28856,0,24,20,57,5417,15,32,0,5787,7200,80,255,1
1767784616.7471209,6969619580540723221,28887,0,24,20,57,5417,15,32,0,5785,7200,80,255,1
1767784618.2605786,6969619580540723221,28918,0,24,20,57,5417,15,32,0,5784,7200,80,255,1
1767784619.7429554,6969619580540723221,28949,0,24,20,57,5417,15,32,0,5782,7200,80,255,1
1767784620.7446713,6969619580540723221,28970,0,24,20,57,5417,15,32,0,5781,7200,80,255,1
1767784622.25492,6969619580540723221,29001,0,24,20,57,5417,15,32,0,5780,7200,80,255,1
1767784623.2568488,6969619580540723221,29022,0,24,20,57,5417,15,32,0,5779,7200,80,255,1
1767784624.7540538,6969619580540723221,29053,0,24,20,57,5417,15,32,0,5777,7200,80,255,1
1767784625.7582932,6969619580540723221,29074,0,24,20,57,5417,15,32,0,5776,7200,80,255,1
1767784627.25177,6969619580540723221,29104,0,24,20,57,5417,15,32,0,5775,7200,80,255,1
1767784628.2544718,6969619580540723221,29125,0,24,20,57,5417,15,32,0,5774,7200,80,255,1
1767784629.7559905,6969619580540723221,29157,0,24,20,57,5417,15,32,0,5772,7200,80,255,1
1767784631.2497077,6969619580540723221,29189,0,24,20,57,5417,15,32,0,5771,7200,80,255,1
1767784632.2605102,6969619580540723221,29209,0,24,20,57,5417,15,32,0,5770,7200,80,255,1
1767784633.7437968,6969619580540723221,29239,0,24,20,57,5417,15,32,0,5768,7200,80,255,1
1767784635.2581708,6969619580540723221,29269,0,24,20,57,5417,15,32,0,5767,7200,80,255,1
1767784636.7596116,6969619580540723221,29303,0,24,20,57,5417,15,32,0,5765,7200,80,255,1
1767784638.2503726,6969619580540723221,29333,0,24,20,57,5417,15,32,0,5764,7200,80,255,1
1767784639.7480564,6969619580540723221,29363,0,24,20,57,5417,15,32,0,5762,7200,80,255,1
1767784641.2490673,6969619580540723221,29393,0,24,20,57,5417,15,32,0,5761,7200,80,255,1
1767784642.2563736,6969619580540723221,29414,0,24,20,57,5417,15,32,0,5760,7200,80,255,1
1767784643.744048,6969619580540723221,29447,0,24,20,57,5417,15,32,0,5758,7200,80,255,1
1767784645.2577991,6969619580540723221,29479,0,24,20,57,5417,15,32,0,5757,7200,80,255,1
1767784646.7517009,6969619580540723221,29510,0,24,20,57,5417,15,32,0,5755,7200,80,255,1
1767784648.2490404,6969619580540723221,29540,0,24,20,57,5417,15,32,0,5754,7200,80,255,1
1767784649.2606063,6969619580540723221,29561,0,24,20,57,5417,15,32,0,5753,7200,80,255,1
1767784650.7452574,6969619580540723221,29592,0,24,20,57,5417,15,32,0,5751,7200,80,255,1
1767784651.7530339,6969619580540723221,29613,0,24,20,57,5417,15,32,0,5750,7200,80,255,1
1767784653.2448087,6969619580540723221,29645,0,24,20,57,5417,15,32,0,5749,7200,80,255,1
1767784654.2581952,6969619580540723221,29666,0,24,20,57,5417,15,32,0,5748,7200,80,255,1
1767784655.7415545,6969619580540723221,29697,0,24,20,57,5417,15,32,0,5746,7200,80,255,1
1767784656.742975,6969619580540723221,29718,0,24,20,57,5417,15,32,0,5745,7200,80,255,1
1767784658.258301,6969619580540723221,29749,0,24,20,57,5417,15,32,0,5744,7200,80,255,1
1767784659.7561133,6969619580540723221,29780,0,24,20,57,5417,15,32,0,5742,7200,80,255,1
1767784660.7576542,6969619580540723221,29800,0,24,20,57,5417,15,32,0,5741,7200,80,255,1
1767784662.2480395,6969619580540723221,29831,0,24,20,57,5417,15,32,0,5740,7200,80,255,1
1767784663.2561495,6969619580540723221,29851,0,24,20,57,5417,15,32,0,5739,7200,80,255,1
1767784664.74696,6969619580540723221,29881,0,24,20,57,5417,15,32,0,5737,7200,80,255,1
1767784665.7547777,6969619580540723221,29901,0,24,20,57,5417,15,32,0,5736,7200,80,255,1
1767784667.2515707,6969619580540723221,29931,0,24,20,57,5417,15,32,0,5735,7200,80,255,1
1767784668.2555017,6969619580540723221,29952,0,24,20,57,5417,15,32,0,5734,7200,80,255,1
1767784669.7593706,6969619580540723221,29982,0,24,20,57,5417,15,32,0,5732,7200,80,255,1
1767784671.249294,6969619580540723221,30012,0,24,20,57,5417,15,32,0,5731,7200,80,255,1
1767784672.2505949,6969619580540723221,30033,0,24,20,57,5417,15,32,0,5730,7200,80,255,1
1767784673.2584913,6969619580540723221,30054,0,24,20,57,5417,15,32,0,5729,7200,80,255,1
1767784674.261783,6969619580540723221,30075,0,24,20,57,5417,15,32,0,5728,7200,80,255,1
1767784675.7419684,6969619580540723221,30105,0,24,20,57,5417,15,32,0,5726,7200,80,255,1
1767784676.7440183,6969619580540723221,30126,0,24,20,57,5417,15,32,0,5725,7200,80,255,1
1767784677.7530746,6969619580540723221,30147,0,24,20,57,5417,15,32,0,5724,7200,80,255,1
1767784679.2530193,6969619580540723221,30178,0,24,20,57,5417,15,32,0,5723,7200,80,255,1
1767784680.257277,6969619580540723221,30199,0,24,20,57,5417,15,32,0,5722,7200,80,255,1
1767784681.260577,6969619580540723221,30220,0,24,20,57,5417,15,32,0,5721,7200,80,255,1
1767784682.7561693,6969619580540723221,30250,0,24,20,57,5417,15,32,0,5719,7200,80,255,1
1767784684.2541306,6969619580540723221,30281,0,24,20,57,5417,15,32,0,5718,7200,80,255,1
1767784685.7550871,6969619580540723221,30312,0,24,20,57,5417,15,32,0,5716,7200,80,255,1
1767784687.2580626,6969619580540723221,30343,0,24,20,57,5417,15,32,0,5715,7200,80,255,1
1767784688.7428958,6969619580540723221,30374,0,24,20,57,5417,15,32,0,5713,7200,80,255,1
1767784689.7450423,6969619580540723221,30396,0,24,20,57,5417,15,32,0,5712,7200,80,255,1
1767784691.2407439,6969619580540723221,30426,0,24,20,57,5417,15,32,0,5711,7200,80,255,1
1767784692.2553332,6969619580540723221,30447,0,24,20,57,5417,15,32,0,5710,7200,80,255,1
1767784693.759404,6969619580540723221,30480,0,24,20,57,5417,15,32,0,5708,7200,80,255,1
1767784695.244974,6969619580540723221,30510,0,24,20,57,5417,15,32,0,5707,7200,80,255,1
1767784696.250687,6969619580540723221,30530,0,24,20,57,5417,15,32,0,5706,7200,80,255,1
1767784697.256198,6969619580540723221,30552,0,24,20,57,5417,15,32,0,5705,7200,80,255,1
1767784698.2579265,6969619580540723221,30573,0,24,20,57,5417,15,32,0,5704,7200,80,255,1
1767784699.7529216,6969619580540723221,30603,0,24,20,57,5417,15,32,0,5702,7200,80,255,1
1767784701.2439914,6969619580540723221,30635,0,24,20,57,5417,15,32,0,5701,7200,80,255,1
1767784702.255988,6969619580540723221,30655,0,24,20,57,5417,15,32,0,5700,7200,80,255,1
1767784703.256956,6969619580540723221,30677,0,24,20,57,5417,15,32,0,5699,7200,80,255,1
1767784704.7429705,6969619580540723221,30708,0,24,20,57,5417,15,32,0,5697,7200,80,255,1
1767784705.7432039,6969619580540723221,30730,0,24,20,57,5417,15,32,0,5696,7200,80,255,1
1767784706.7493176,6969619580540723221,30752,0,24,20,57,5417,15,32,0,5695,7200,80,255,1
1767784707.758325,6969619580540723221,30774,0,24,20,57,5417,15,32,0,5694,7200,80,255,1
1767784709.2467594,6969619580540723221,30804,0,24,20,57,5417,15,32,0,5693,7200,80,255,1
1767784710.2550676,6969619580540723221,30824,0,24,20,57,5417,15,32,0,5692,7200,80,255,1
1767784711.2583113,6969619580540723221,30845,0,24,20,57,5417,15,32,0,5691,7200,80,255,1
1767784712.7480059,6969619580540723221,30876,0,24,20,57,5417,15,32,0,5689,7200,80,255,1
1767784713.7511644,6969619580540723221,30897,0,24,20,57,5417,15,32,0,5688,7200,80,255,1
1767784714.7530477,6969619580540723221,30917,0,24,20,57,5417,15,32,0,5687,7200,80,255,1
1767784715.7572284,6969619580540723221,30938,0,24,20,57,5417,15,32,0,5686,7200,80,255,1
1767784717.252979,6969619580540723221,30970,0,24,20,57,5417,15,32,0,5685,7200,80,255,1
1767784718.2582633,6969619580540723221,30991,0,24,20,57,5417,15,32,0,5684,7200,80,255,1
1767784719.2590876,6969619580540723221,31012,0,24,20,57,5417,15,32,0,5683,7200,80,255,1
1767784720.7443562,6969619580540723221,31043,0,24,20,57,5417,15,32,0,5681,7200,80,255,1
1767784721.7505755,6969619580540723221,31064,0,24,20,57,5417,15,32,0,5680,7200,80,255,1
1767784723.2440188,6969619580540723221,31095,0,24,20,57,5417,15,32,0,5679,7200,80,255,1
1767784724.2556682,6969619580540723221,31115,0,24,20,57,5417,15,32,0,5678,7200,80,255,1
1767784725.743991,6969619580540723221,31146,0,24,20,57,5417,15,32,0,5676,7200,80,255,1
1767784727.245201,6969619580540723221,31178,0,24,20,57,5417,15,32,0,5675,7200,80,255,1
1767784728.2516766,6969619580540723221,31199,0,24,20,57,5417,15,32,0,5674,7200,80,255,1
1767784729.759174,6969619580540723221,31230,0,24,20,57,5417,15,32,0,5672,7200,80,255,1
1767784731.2556214,6969619580540723221,31261,0,24,20,57,5417,15,32,0,5671,7200,80,255,1
1767784732.7506692,6969619580540723221,31292,0,24,20,57,5417,15,32,0,5669,7200,80,255,1
1767784733.750771,6969619580540723221,31313,0,24,20,57,5417,15,32,0,5668,7200,80,255,1
1767784735.2479966,6969619580540723221,31343,0,24,20,57,5417,15,32,0,5667,7200,80,255,1
1767784736.2515485,6969619580540723221,31364,0,24,20,57,5417,15,32,0,5666,7200,80,255,1
1767784737.752066,6969619580540723221,31395,0,24,20,57,5417,15,32,0,5664,7200,80,255,1
1767784738.7591171,6969619580540723221,31416,0,24,20,57,5417,15,32,0,5663,7200,80,255,1
1767784740.2561452,6969619580540723221,31448,0,24,20,57,5417,15,32,0,5662,7200,80,255,1
1767784741.7505865,6969619580540723221,31478,0,24,20,57,5417,15,32,0,5660,7200,80,255,1
1767784743.249452,6969619580540723221,31508,0,24,20,57,5417,15,32,0,5659,7200,80,255,1
1767784744.25317,6969619580540723221,31529,0,24,20,57,5417,15,32,0,5658,7200,80,255,1
1767784745.7468674,6969619580540723221,31560,0,24,20,57,5417,15,32,0,5656,7200,80,255,1
1767784747.2528682,6969619580540723221,31592,0,24,20,57,5417,15,32,0,5655,7200,80,255,1
1767784748.7480366,6969619580540723221,31622,0,24,20,57,5417,15,32,0,5653,7200,80,255,1
1767784750.2494323,6969619580540723221,31652,0,24,20,57,5417,15,32,0,5652,7200,80,255,1
1767784751.254761,6969619580540723221,31674,0,24,20,57,5417,15,32,0,5651,7200,80,255,1
1767784752.255747,6969619580540723221,31695,0,24,20,57,5417,15,32,0,5650,7200,80,255,1
1767784753.2606075,6969619580540723221,31716,0,24,20,57,5417,15,32,0,5649,7200,80,255,1
1767784754.754026,6969619580540723221,31748,0,24,20,57,5417,15,32,0,5647,7200,80,255,1
1767784756.2457795,6969619580540723221,31778,0,24,20,57,5417,15,32,0,5646,7200,80,255,1
1767784757.2541625,6969619580540723221,31800,0,24,20,57,5417,15,32,0,5645,7200,80,255,1
1767784758.7467709,6969619580540723221,31832,0,24,20,57,5417,15,32,0,5643,7200,80,255,1
1767784760.241463,6969619580540723221,31863,0,24,20,57,5417,15,32,0,5642,7200,80,255,1
1767784761.2426243,6969619580540723221,31884,0,24,20,57,5417,15,32,0,5641,7200,80,255,1
1767784762.2491245,6969619580540723221,31905,0,24,20,57,5417,15,32,0,5640,7200,80,255,1
1767784763.2539508,6969619580540723221,31926,0,24,20,57,5417,15,32,0,5639,7200,80,255,1
1767784764.2569106,6969619580540723221,31946,0,24,20,57,5417,15,32,0,5638,7200,80,255,1
1767784765.2609687,6969619580540723221,31966,0,24,20,57,5417,15,32,0,5637,7200,80,255,1
1767784766.754419,6969619580540723221,31997,0,24,20,57,5417,15,32,0,5635,7200,80,255,1
1767784768.244187,6969619580540723221,32028,0,24,20,57,5417,15,32,0,5634,7200,80,255,1
1767784769.2443347,6969619580540723221,32048,0,24,20,57,5417,15,32,0,5633,7200,80,255,1
1767784770.2455142,6969619580540723221,32068,0,24,20,57,5417,15,32,0,5632,7200,80,255,1
1767784771.258546,6969619580540723221,32090,0,24,20,57,5417,15,32,0,5631,7200,80,255,1
1767784772.746062,6969619580540723221,32121,0,24,20,57,5417,15,32,0,5629,7200,80,255,1
1767784773.7470622,6969619580540723221,32142,0,24,20,57,5417,15,32,0,5628,7200,80,255,1
1767784775.2414765,6969619580540723221,32174,0,24,20,57,5417,15,32,0,5627,7200,80,255,1
1767784776.256814,6969619580540723221,32195,0,24,20,57,5417,15,32,0,5626,7200,80,255,1
1767784777.7502766,6969619580540723221,32225,0,24,20,57,5417,15,32,0,5624,7200,80,255,1
1767784779.2475648,6969619580540723221,32257,0,24,20,57,5417,15,32,0,5623,7200,80,255,1
1767784780.2552538,6969619580540723221,32278,0,24,20,57,5417,15,32,0,5622,7200,80,255,1
1767784781.7503664,6969619580540723221,32310,0,24,20,57,5417,15,32,0,5620,7200,80,255,1
1767784783.260351,6969619580540723221,32342,0,24,20,57,5417,15,32,0,5619,7200,80,255,1
1767784784.7467136,6969619580540723221,32372,0,24,20,57,5417,15,32,0,5617,7200,80,255,1
1767784785.7531598,6969619580540723221,32392,0,24,20,57,5417,15,32,0,5616,7200,80,255,1
1767784787.241919,6969619580540723221,32422,0,24,20,57,5417,15,32,0,5615,7200,80,255,1
1767784788.2495575,6969619580540723221,32446,0,24,20,57,5417,15,32,0,5614,7200,80,255,1
1767784789.2545376,6969619580540723221,32467,0,24,20,57,5417,15,32,0,5613,7200,80,255,1
1767784790.2604377,6969619580540723221,32487,0,24,20,57,5417,15,32,0,5612,7200,80,255,1
1767784791.7571707,6969619580540723221,32518,0,24,20,57,5417,15,32,0,5610,7200,80,255,1
1767784793.2468183,6969619580540723221,32548,0,24,20,57,5417,15,32,0,5609,7200,80,255,1
1767784794.2592402,6969619580540723221,32570,0,24,20,57,5417,15,32,0,5608,7200,80,255,1
1767784795.2609088,6969619580540723221,32591,0,24,20,57,5417,15,32,0,5607,7200,80,255,1
1767784796.7583587,6969619580540723221,32623,0,24,20,57,5417,15,32,0,5605,7200,80,255,1
1767784798.2491071,6969619580540723221,32654,0,24,20,57,5417,15,32,0,5604,7200,80,255,1
1767784799.260291,6969619580540723221,32676,0,24,20,57,5417,15,32,0,5603,7200,80,255,1
1767784800.7536702,6969619580540723221,32708,0,24,20,57,5417,15,32,0,5601,7200,80,255,1
1767784801.7582302,6969619580540723221,32728,0,24,20,57,5417,15,32,0,5600,7200,80,255,1
1767784803.2467341,6969619580540723221,32760,0,24,20,57,5417,15,32,0,5599,7200,80,255,1
1767784804.25393,6969619580540723221,32781,0,24,20,57,5417,15,32,0,5598,7200,80,255,1
1767784805.7412646,6969619580540723221,32812,0,24,20,57,5417,15,32,0,5596,7200,80,255,1
1767784806.7487526,6969619580540723221,32833,0,24,20,57,5417,15,32,0,5595,7200,80,255,1
1767784808.25797,6969619580540723221,32867,0,24,20,57,5417,15,32,0,5594,7200,80,255,1
1767784809.754053,6969619580540723221,32897,0,24,20,57,5417,15,32,0,5592,7200,80,255,1
1767784811.2515554,6969619580540723221,32930,0,24,20,57,5417,15,32,0,5591,7200,80,255,1
1767784812.254801,6969619580540723221,32950,0,24,20,57,5417,15,32,0,5590,7200,80,255,1
1767784813.7478774,6969619580540723221,32982,0,24,20,57,5417,15,32,0,5588,7200,80,255,1
1767784814.7591913,6969619580540723221,33002,0,24,20,57,5417,15,32,0,5587,7200,80,255,1
1767784816.2581482,6969619580540723221,33032,0,24,20,57,5417,15,32,0,5586,7200,80,255,1
1767784817.7507148,6969619580540723221,33064,0,24,20,57,5417,15,32,0,5584,7200,80,255,1
1767784818.7607677,6969619580540723221,33087,0,24,20,57,5417,15,32,0,5583,7200,80,255,1
1767784820.2503173,6969619580540723221,33119,0,24,20,57,5417,15,32,0,5582,7200,80,255,1
1767784821.2544386,6969619580540723221,33140,0,24,20,57,5417,15,32,0,5581,7200,80,255,1
1767784822.7452004,6969619580540723221,33172,0,24,20,57,5417,15,32,0,5579,7200,80,255,1
1767784823.7536385,6969619580540723221,33192,0,24,20,57,5417,15,32,0,5578,7200,80,255,1
1767784825.2529488,6969619580540723221,33226,0,24,20,57,5417,15,32,0,5577,7200,80,255,1
1767784826.7462168,6969619580540723221,33258,0,24,20,57,5417,15,32,0,5575,7200,80,255,1
1767784827.7595181,6969619580540723221,33280,0,24,20,57,5417,15,32,0,5574,7200,80,255,1
1767784829.2442937,6969619580540723221,33311,0,24,20,57,5417,15,32,0,5573,7200,80,255,1
1767784830.2471814,6969619580540723221,33333,0,24,20,57,5417,15,32,0,5572,7200,80,255,1
1767784831.2507927,6969619580540723221,33355,0,24,20,57,5417,15,32,0,5571,7200,80,255,1
1767784832.2596052,6969619580540723221,33376,0,24,20,57,5417,15,32,0,5570,7200,80,255,1
1767784833.746876,6969619580540723221,33406,0,24,20,57,5417,15,32,0,5568,7200,80,255,1
1767784835.247029,6969619580540723221,33437,0,24,20,57,5417,15,32,0,5567,7200,80,255,1
1767784836.2517993,6969619580540723221,33457,0,24,20,57,5417,15,32,0,5566,7200,80,255,1
1767784837.2552438,6969619580540723221,33477,0,24,20,57,5417,15,32,0,5565,7200,80,255,1
1767784838.7522063,6969619580540723221,33508,0,24,20,57,5417,15,32,0,5563,7200,80,255,1
1767784839.7558405,6969619580540723221,33529,0,24,20,57,5417,15,32,0,5562,7200,80,255,1
1767784840.756192,6969619580540723221,33549,0,24,20,57,5417,15,32,0,5561,7200,80,255,1
1767784841.7568853,6969619580540723221,33571,0,24,20,57,5417,15,32,0,5560,7200,80,255,1
1767784843.2513626,6969619580540723221,33601,0,24,20,57,5417,15,32,0,5559,7200,80,255,1
1767784844.2604198,6969619580540723221,33621,0,24,20,57,5417,15,32,0,5558,7200,80,255,1
1767784845.7584174,6969619580540723221,33653,0,24,20,57,5417,15,32,0,5556,7200,80,255,1
1767784847.2508924,6969619580540723221,33685,0,24,20,57,5417,15,32,0,5555,7200,80,255,1
1767784848.2554653,6969619580540723221,33706,0,24,20,57,5417,15,32,0,5554,7200,80,255,1
1767784849.257027,6969619580540723221,33726,0,24,20,57,5417,15,32,0,5553,7200,80,255,1
1767784850.261345,6969619580540723221,33747,0,24,20,57,5417,15,32,0,5552,7200,80,255,1
1767784851.753635,6969619580540723221,33777,0,24,20,57,5417,15,32,0,5550,7200,80,255,1
1767784853.245312,6969619580540723221,33808,0,24,20,57,5417,15,32,0,5549,7200,80,255,1
1767784854.2496698,6969619580540723221,33829,0,24,20,57,5417,15,32,0,5548,7200,80,255,1
1767784855.7549672,6969619580540723221,33862,0,24,20,57,5417,15,32,0,5546,7200,80,255,1
1767784857.2539234,6969619580540723221,33893,0,24,20,57,5417,15,32,0,5545,7200,80,255,1
1767784858.7504432,6969619580540723221,33923,0,24,20,57,5417,15,32,0,5543,7200,80,255,1
1767784860.246194,6969619580540723221,33953,0,24,20,57,5417,15,32,0,5542,7200,80,255,1
1767784861.7572286,6969619580540723221,33986,0,24,20,57,5417,15,32,0,5540,7200,80,255,1
1767784863.2446795,6969619580540723221,34018,0,24,20,57,5417,15,32,0,5539,7200,80,255,1
1767784864.2584074,6969619580540723221,34038,0,24,20,57,5417,15,32,0,5538,7200,80,255,1
1767784865.7529619,6969619580540723221,34068,0,24,20,57,5417,15,32,0,5536,7200,80,255,1
1767784867.2490938,6969619580540723221,34100,0,24,20,57,5417,15,32,0,5535,7200,80,255,1
1767784868.2539494,6969619580540723221,34120,0,24,20,57,5417,15,32,0,5534,7200,80,255,1
1767784869.254247,6969619580540723221,34140,0,24,20,57,5417,15,32,0,5533,7200,80,255,1
1767784870.7441819,6969619580540723221,34174,0,24,20,57,5417,15,32,0,5531,7200,80,255,1
1767784871.756875,6969619580540723221,34194,0,24,20,57,5417,15,32,0,5530,7200,80,255,1
1767784873.2468107,6969619580540723221,34224,0,24,20,57,5417,15,32,0,5529,7200,80,255,1
1767784874.24926,6969619580540723221,34246,0,24,20,57,5417,15,32,0,5528,7200,80,255,1
1767784875.2617838,6969619580540723221,34266,0,24,20,57,5417,15,32,0,5527,7200,80,255,1
1767784876.7479703,6969619580540723221,34298,0,24,20,57,5417,15,32,0,5525,7200,80,255,1
1767784878.2607136,6969619580540723221,34329,0,24,20,57,5417,15,32,0,5524,7200,80,255,1
1767784879.7510839,6969619580540723221,34361,0,24,20,57,5417,15,32,0,5522,7200,80,255,1
1767784881.256914,6969619580540723221,34393,0,24,20,57,5417,15,32,0,5521,7200,80,255,1
1767784882.754606,6969619580540723221,34424,0,24,20,57,5417,15,32,0,5519,7200,80,255,1
1767784884.2453246,6969619580540723221,34456,0,24,20,57,5417,15,32,0,5518,7200,80,255,1
1767784885.2567804,6969619580540723221,34476,0,24,20,57,5417,15,32,0,5517,7200,80,255,1
1767784886.7630825,6969619580540723221,34508,0,24,20,57,5417,15,32,0,5515,7200,80,255,1
1767784888.2579205,6969619580540723221,34541,0,24,20,57,5417,15,32,0,5514,7200,80,255,1
1767784889.7577887,6969619580540723221,34573,0,24,20,57,5417,15,32,0,5512,7200,80,255,1
1767784891.2560217,6969619580540723221,34603,0,24,20,57,5417,15,32,0,5511,7200,80,255,1
1767784892.7612975,6969619580540723221,34634,0,24,20,57,5417,15,32,0,5509,7200,80,255,1
1767784894.2574217,6969619580540723221,34664,0,24,20,57,5417,15,32,0,5508,7200,80,255,1
1767784895.7561235,6969619580540723221,34694,0,24,20,57,5417,15,32,0,5506,7200,80,255,1
1767784897.2568443,6969619580540723221,34725,0,24,20,57,5417,15,32,0,5505,7200,80,255,1
1767784898.753511,6969619580540723221,34755,0,24,20,57,5417,15,32,0,5503,7200,80,255,1
1767784899.7551162,6969619580540723221,34776,0,24,20,57,5417,15,32,0,5502,7200,80,255,1
1767784900.756751,6969619580540723221,34796,0,24,20,57,5417,15,32,0,5501,7200,80,255,1
1767784901.7601569,6969619580540723221,34816,0,24,20,57,5417,15,32,0,5500,7200,80,255,1
1767784903.2427115,6969619580540723221,34847,0,24,20,57,5417,15,32,0,5499,7200,80,255,1
1767784904.2547035,6969619580540723221,34869,0,24,20,57,5417,15,32,0,5498,7200,80,255,1
1767784905.2552602,6969619580540723221,34889,0,24,20,57,5417,15,32,0,5497,7200,80,255,1
1767784906.7504356,6969619580540723221,34921,0,24,20,57,5417,15,32,0,5495,7200,80,255,1
1767784907.7506073,6969619580540723221,34942,0,24,20,57,5417,15,32,0,5494,7200,80,255,1
1767784909.2450902,6969619580540723221,34974,0,24,20,57,5417,15,32,0,5493,7200,80,255,1
1767784910.2554514,6969619580540723221,34996,0,24,20,57,5417,15,32,0,5492,7200,80,255,1
1767784911.7445483,6969619580540723221,35027,0,24,20,57,5417,15,32,0,5490,7200,80,255,1
1767784913.248157,6969619580540723221,35058,0,24,20,57,5417,15,32,0,5489,7200,80,255,1
1767784914.2490401,6969619580540723221,35079,0,24,20,57,5417,15,32,0,5488,7200,80,255,1
1767784915.7457526,6969619580540723221,35109,0,24,20,57,5417,15,32,0,5486,7200,80,255,1
1767784916.759457,6969619580540723221,35130,0,24,20,57,5417,15,32,0,5485,7200,80,255,1
1767784918.2490642,6969619580540723221,35160,0,24,20,57,5417,15,32,0,5484,7200,80,255,1
1767784919.2576158,6969619580540723221,35180,0,24,20,57,5417,15,32,0,5483,7200,80,255,1
1767784920.7571487,6969619580540723221,35211,0,24,20,57,5417,15,32,0,5481,7200,80,255,1
1767784922.2432501,6969619580540723221,35242,0,24,20,57,5417,15,32,0,5480,7200,80,255,1
1767784923.2440822,6969619580540723221,35264,0,24,20,57,5417,15,32,0,5479,7200,80,255,1
1767784924.252035,6969619580540723221,35285,0,24,20,57,5417,15,32,0,5478,7200,80,255,1
1767784925.7437634,6969619580540723221,35317,0,24,20,57,5417,15,32,0,5476,7200,80,255,1
1767784926.746318,6969619580540723221,35339,0,24,20,57,5417,15,32,0,5475,7200,80,255,1
1767784927.753564,6969619580540723221,35360,0,24,20,57,5417,15,32,0,5474,7200,80,255,1
1767784928.7551765,6969619580540723221,35380,0,24,20,57,5417,15,32,0,5473,7200,80,255,1
1767784930.2555923,6969619580540723221,35412,0,24,20,57,5417,15,32,0,5472,7200,80,255,1
1767784931.7527347,6969619580540723221,35443,0,24,20,57,5417,15,32,0,5470,7200,80,255,1
1767784932.7548504,6969619580540723221,35464,0,24,20,57,5417,15,32,0,5469,7200,80,255,1
1767784933.7549675,6969619580540723221,35484,0,24,20,57,5417,15,32,0,5468,7200,80,255,1
1767784934.7561705,6969619580540723221,35505,0,24,20,57,5417,15,32,0,5467,7200,80,255,1
1767784935.7593746,6969619580540723221,35525,0,24,20,57,5417,15,32,0,5466,7200,80,255,1
1767784937.2468963,6969619580540723221,35556,0,24,20,57,5417,15,32,0,5465,7200,80,255,1
1767784938.2481773,6969619580540723221,35578,0,24,20,57,5417,15,32,0,5464,7200,80,255,1
1767784939.745183,6969619580540723221,35610,0,24,20,57,5417,15,32,0,5462,7200,80,255,1
1767784940.7555246,6969619580540723221,35632,0,24,20,57,5417,15,32,0,5461,7200,80,255,1
1767784941.7567797,6969619580540723221,35652,0,24,20,57,5417,15,32,0,5460,7200,80,255,1
1767784942.759256,6969619580540723221,35673,0,24,20,57,5417,15,32,0,5459,7200,80,255,1
1767784944.2510052,6969619580540723221,35706,0,24,20,57,5417,15,32,0,5458,7200,80,255,1
1767784945.2540963,6969619580540723221,35728,0,24,20,57,5417,15,32,0,5457,7200,80,255,1
1767784946.7441082,6969619580540723221,35758,0,24,20,57,5417,15,32,0,5455,7200,80,255,1
1767784947.7470045,6969619580540723221,35780,0,24,20,57,5417,15,32,0,5454,7200,80,255,1
1767784949.2594678,6969619580540723221,35812,0,24,20,57,5417,15,32,0,5453,7200,80,255,1
1767784950.7487674,6969619580540723221,35844,0,24,20,57,5417,15,32,0,5451,7200,80,255,1
1767784951.7545142,6969619580540723221,35864,0,24,20,57,5417,15,32,0,5450,7200,80,255,1
1767784953.2577736,6969619580540723221,35897,0,24,20,57,5417,15,32,0,5449,7200,80,255,1
1767784954.259184,6969619580540723221,35917,0,24,20,57,5417,15,32,0,5448,7200,80,255,1
1767784955.7555425,6969619580540723221,35949,0,24,20,57,5417,15,32,0,5446,7200,80,255,1
1767784956.7570882,6969619580540723221,35970,0,24,20,57,5417,15,32,0,5445,7200,80,255,1
1767784957.7594612,6969619580540723221,35992,0,24,20,57,5417,15,32,0,5444,7200,80,255,1
1767784959.2469475,6969619580540723221,36022,0,24,20,57,5417,15,32,0,5443,7200,80,255,1
1767784960.2537072,6969619580540723221,36042,0,24,20,57,5417,15,32,0,5442,7200,80,255,1
1767784961.75926,6969619580540723221,36075,0,24,20,57,5417,15,32,0,5440,7200,80,255,1
1767784962.7614155,6969619580540723221,36095,0,24,20,57,5417,15,32,0,5439,7200,80,255,1
1767784964.2571836,6969619580540723221,36126,0,24,20,57,5417,15,32,0,5438,7200,80,255,1
1767784965.753921,6969619580540723221,36156,0,24,20,57,5417,15,32,0,5436,7200,80,255,1
1767784967.244904,6969619580540723221,36187,0,24,20,57,5417,15,32,0,5435,7200,80,255,1
1767784968.258664,6969619580540723221,36207,0,24,20,57,5417,15,32,0,5434,7200,80,255,1
1767784969.7571113,6969619580540723221,36240,0,24,20,57,5417,15,32,0,5432,7200,80,255,1
1767784971.247083,6969619580540723221,36271,0,24,20,57,5417,15,32,0,5431,7200,80,255,1
1767784972.2593226,6969619580540723221,36291,0,24,20,57,5417,15,32,0,5430,7200,80,255,1
1767784973.75137,6969619580540723221,36324,0,24,20,57,5417,15,32,0,5428,7200,80,255,1
1767784975.2506516,6969619580540723221,36354,0,24,20,57,5417,15,32,0,5427,7200,80,255,1
1767784976.7546003,6969619580540723221,36386,0,24,20,57,5417,15,32,0,5425,7200,80,255,1
1767784978.2578068,6969619580540723221,36417,0,24,20,57,5417,15,32,0,5424,7200,80,255,1
1767784979.7550623,6969619580540723221,36447,0,24,20,57,5417,15,32,0,5422,7200,80,255,1
1767784980.7559316,6969619580540723221,36467,0,24,20,57,5417,15,32,0,5421,7200,80,255,1
1767784982.2478018,6969619580540723221,36498,0,24,20,57,5417,15,32,0,5420,7200,80,255,1
1767784983.7467136,6969619580540723221,36528,0,24,20,57,5417,15,32,0,5418,7200,80,255,1
1767784985.2416713,6969619580540723221,36558,0,24,20,57,5417,15,32,0,5417,7200,80,255,1
1767784986.252969,6969619580540723221,36581,0,24,20,57,5417,15,32,0,5416,7200,80,255,1
1767784987.742868,6969619580540723221,36612,0,24,20,57,5417,15,32,0,5414,7200,80,255,1
1767784988.7458565,6969619580540723221,36634,0,24,20,57,5417,15,32,0,5413,7200,80,255,1
1767784989.7461963,6969619580540723221,36656,0,24,20,57,5417,15,32,0,5412,7200,80,255,1
1767784991.2512536,6969619580540723221,36688,0,24,20,57,5417,15,32,0,5411,7200,80,255,1
1767784992.2540507,6969619580540723221,36709,0,24,20,57,5417,15,32,0,5410,7200,80,255,1
1767784993.2553594,6969619580540723221,36729,0,24,20,57,5417,15,32,0,5409,7200,80,255,1
1767784994.7443695,6969619580540723221,36761,0,24,20,57,5417,15,32,0,5407,7200,80,255,1
1767784995.7457635,6969619580540723221,36782,0,24,20,57,5417,15,32,0,5406,7200,80,255,1
1767784996.7513492,6969619580540723221,36802,0,24,20,57,5417,15,32,0,5405,7200,80,255,1
1767784998.2590182,6969619580540723221,36835,0,24,20,57,5417,15,32,0,5404,7200,80,255,1
1767784999.7591703,6969619580540723221,36865,0,24,20,57,5417,15,32,0,5402,7200,80,255,1
1767785001.2517397,6969619580540723221,36895,0,24,20,57,5417,15,32,0,5401,7200,80,255,1
1767785002.2557023,6969619580540723221,36916,0,24,20,57,5417,15,32,0,5400,7200,80,255,1
1767785003.7567754,6969619580540723221,36948,0,24,20,57,5417,15,32,0,5398,7200,80,255,1
1767785004.76045,6969619580540723221,36968,0,24,20,57,5417,15,32,0,5397,7200,80,255,1
1767785006.2461736,6969619580540723221,36998,0,24,20,57,5417,15,32,0,5396,7200,80,255,1
1767785007.2559185,6969619580540723221,37019,0,24,20,57,5417,15,32,0,5395,7200,80,255,1
1767785008.2587,6969619580540723221,37040,0,24,20,57,5417,15,32,0,5394,7200,80,255,1
1767785009.260315,6969619580540723221,37060,0,24,20,57,5417,15,32,0,5393,7200,80,255,1
1767785010.7514362,6969619580540723221,37091,0,24,20,57,5417,15,32,0,5391,7200,80,255,1
1767785011.756838,6969619580540723221,37111,0,24,20,57,5417,15,32,0,5390,7200,80,255,1
1767785013.2486434,6969619580540723221,37143,0,24,20,57,5417,15,32,0,5389,7200,80,255,1
1767785014.2581913,6969619580540723221,37165,0,24,20,57,5417,15,32,0,5388,7200,80,255,1
1767785015.7501454,6969619580540723221,37198,0,24,20,57,5417,15,32,0,5386,7200,80,255,1
1767785016.7525904,6969619580540723221,37218,0,24,20,57,5417,15,32,0,5385,7200,80,255,1
1767785017.7537932,6969619580540723221,37239,0,24,20,57,5417,15,32,0,5384,7200,80,255,1
1767785018.7593262,6969619580540723221,37260,0,24,20,57,5417,15,32,0,5383,7200,80,255,1
1767785020.253609,6969619580540723221,37291,0,24,20,57,5417,15,32,0,5382,7200,80,255,1
1767785021.7449193,6969619580540723221,37321,0,24,20,57,5417,15,32,0,5380,7200,80,255,1
1767785022.7572095,6969619580540723221,37342,0,24,20,57,5417,15,32,0,5379,7200,80,255,1
1767785024.2427309,6969619580540723221,37372,0,24,20,57,5417,15,32,0,5378,7200,80,255,1
1767785025.2481182,6969619580540723221,37393,0,24,20,57,5417,15,32,0,5377,7200,80,255,1
1767785026.2540808,6969619580540723221,37413,0,24,20,57,5417,15,32,0,5376,7200,80,255,1
1767785027.745536,6969619580540723221,37444,0,24,20,57,5417,15,32,0,5374,7200,80,255,1
1767785028.7495964,6969619580540723221,37466,0,24,20,57,5417,15,32,0,5373,7200,80,255,1
1767785029.7567854,6969619580540723221,37487,0,24,20,57,5417,15,32,0,5372,7200,80,255,1
1767785030.758368,6969619580540723221,37507,0,24,20,57,5417,15,32,0,5371,7200,80,255,1
1767785032.2480545,6969619580540723221,37537,0,24,20,57,5417,15,32,0,5370,7200,80,255,1
1767785033.7422428,6969619580540723221,37568,0,24,20,57,5417,15,32,0,5368,7200,80,255,1
1767785034.7479892,6969619580540723221,37589,0,24,20,57,5417,15,32,0,5367,7200,80,255,1
1767785036.2431507,6969619580540723221,37621,0,24,20,57,5417,15,32,0,5366,7200,80,255,1
1767785037.2453527,6969619580540723221,37643,0,24,20,57,5417,15,32,0,5365,7200,80,255,1
1767785038.2460606,6969619580540723221,37663,0,24,20,57,5417,15,32,0,5364,7200,80,255,1
1767785039.748477,6969619580540723221,37694,0,24,20,57,5417,15,32,0,5362,7200,80,255,1
1767785041.2414346,6969619580540723221,37726,0,24,20,57,5417,15,32,0,5361,7200,80,255,1
1767785042.248382,6969619580540723221,37749,0,24,20,57,5417,15,32,0,5360,7200,80,255,1
1767785043.7571561,6969619580540723221,37781,0,24,20,57,5417,15,32,0,5358,7200,80,255,1
1767785045.24277,6969619580540723221,37812,0,24,20,57,5417,15,32,0,5357,7200,80,255,1
1767785046.2481024,6969619580540723221,37834,0,24,20,57,5417,15,32,0,5356,7200,80,255,1
1767785047.256021,6969619580540723221,37856,0,24,20,57,5417,15,32,0,5355,7200,80,255,1
1767785048.2595391,6969619580540723221,37877,0,24,20,57,5417,15,32,0,5354,7200,80,255,1
1767785049.7516813,6969619580540723221,37908,0,24,20,57,5417,15,32,0,5352,7200,80,255,1
1767785050.7558353,6969619580540723221,37930,0,24,20,57,5417,15,32,0,5351,7200,80,255,1
1767785052.2559679,6969619580540723221,37961,0,24,20,57,5417,15,32,0,5350,7200,80,255,1
1767785053.7593536,6969619580540723221,37993,0,24,20,57,5417,15,32,0,5348,7200,80,255,1
1767785055.2555592,6969619580540723221,38023,0,24,20,57,5417,15,32,0,5347,7200,80,255,1
1767785056.753544,6969619580540723221,38054,0,24,20,57,5417,15,32,0,5345,7200,80,255,1
1767785057.7583244,6969619580540723221,38075,0,24,20,57,5417,15,32,0,5344,7200,80,255,1
1767785059.2460501,6969619580540723221,38106,0,24,20,57,5417,15,32,0,5343,7200,80,255,1
1767785060.7504356,6969619580540723221,38139,0,24,20,57,5417,15,32,0,5341,7200,80,255,1
1767785062.248467,6969619580540723221,38173,0,24,20,57,5417,15,32,0,5340,7200,80,255,1
1767785063.7601304,6969619580540723221,38204,0,24,20,57,5417,15,32,0,5338,7200,80,255,1
1767785065.2440712,6969619580540723221,38236,0,24,20,57,5417,15,32,0,5337,7200,80,255,1
1767785066.257198,6969619580540723221,38256,0,24,20,57,5417,15,32,0,5336,7200,80,255,1
1767785067.258409,6969619580540723221,38277,0,24,20,57,5417,15,32,0,5335,7200,80,255,1
1767785068.7515955,6969619580540723221,38309,0,24,20,57,5417,15,32,0,5333,7200,80,255,1
1767785069.755615,6969619580540723221,38330,0,24,20,57,5417,15,32,0,5332,7200,80,255,1
1767785071.255181,6969619580540723221,38362,0,24,20,57,5417,15,32,0,5331,7200,80,255,1
1767785072.7504337,6969619580540723221,38393,0,24,20,57,5417,15,32,0,5329,7200,80,255,1
1767785073.7583482,6969619580540723221,38413,0,24,20,57,5417,15,32,0,5328,7200,80,255,1
1767785075.258052,6969619580540723221,38444,0,24,20,57,5417,15,32,0,5327,7200,80,255,1
1767785076.2621582,6969619580540723221,38465,0,24,20,57,5417,15,32,0,5326,7200,80,255,1
1767785077.7480547,6969619580540723221,38497,0,24,20,57,5417,15,32,0,5324,7200,80,255,1
1767785079.258743,6969619580540723221,38530,0,24,20,57,5417,15,32,0,5323,7200,80,255,1
1767785080.7524874,6969619580540723221,38561,0,24,20,57,5417,15,32,0,5321,7200,80,255,1
1767785081.7557623,6969619580540723221,38581,0,24,20,57,5417,15,32,0,5320,7200,80,255,1
1767785082.7583835,6969619580540723221,38602,0,24,20,57,5417,15,32,0,5319,7200,80,255,1
1767785084.2581475,6969619580540723221,38633,0,24,20,57,5417,15,32,0,5318,7200,80,255,1
1767785085.747223,6969619580540723221,38664,0,24,20,57,5417,15,32,0,5316,7200,80,255,1
1767785087.2562108,6969619580540723221,38696,0,24,20,57,5417,15,32,0,5315,7200,80,255,1
1767785088.2593658,6969619580540723221,38717,0,24,20,57,5417,15,32,0,5314,7200,80,255,1
1767785089.741655,6969619580540723221,38748,0,24,20,57,5417,15,32,0,5312,7200,80,255,1
1767785090.7460248,6969619580540723221,38769,0,24,20,57,5417,15,32,0,5311,7200,80,255,1
1767785091.7493713,6969619580540723221,38789,0,24,20,57,5417,15,32,0,5310,7200,80,255,1
1767785092.757183,6969619580540723221,38809,0,24,20,57,5417,15,32,0,5309,7200,80,255,1
1767785094.248051,6969619580540723221,38839,0,24,20,57,5417,15,32,0,5308,7200,80,255,1
1767785095.759266,6969619580540723221,38870,0,24,20,57,5417,15,32,0,5306,7200,80,255,1
1767785097.2457097,6969619580540723221,38901,0,24,20,57,5417,15,32,0,5305,7200,80,255,1
1767785098.258038,6969619580540723221,38922,0,24,20,57,5417,15,32,0,5304,7200,80,255,1
1767785099.7494848,6969619580540723221,38953,0,24,20,57,5417,15,32,0,5302,7200,80,255,1
1767785100.7584295,6969619580540723221,38973,0,24,20,57,5417,15,32,0,5301,7200,80,255,1
1767785102.2458265,6969619580540723221,39005,0,24,20,57,5417,15,32,0,5300,7200,80,255,1
1767785103.7428734,6969619580540723221,39036,0,24,20,57,5417,15,32,0,5298,7200,80,255,1
1767785104.7513037,6969619580540723221,39057,0,24,20,57,5417,15,32,0,5297,7200,80,255,1
1767785106.2534933,6969619580540723221,39089,0,24,20,57,5417,15,32,0,5296,7200,80,255,1
1767785107.2543433,6969619580540723221,39110,0,24,20,57,5417,15,32,0,5295,7200,80,255,1
1767785108.7472029,6969619580540723221,39141,0,24,20,57,5417,15,32,0,5293,7200,80,255,1
1767785110.2471561,6969619580540723221,39172,0,24,20,57,5417,15,32,0,5292,7200,80,255,1
1767785111.254368,6969619580540723221,39193,0,24,20,57,5417,15,32,0,5291,7200,80,255,1
1767785112.7480233,6969619580540723221,39224,0,24,20,57,5417,15,32,0,5289,7200,80,255,1
1767785114.2551599,6969619580540723221,39254,0,24,20,57,5417,15,32,0,5288,7200,80,255,1
1767785115.7514977,6969619580540723221,39286,0,24,20,57,5417,15,32,0,5286,7200,80,255,1
1767785116.7560387,6969619580540723221,39307,0,24,20,57,5417,15,32,0,5285,7200,80,255,1
1767785118.245875,6969619580540723221,39339,0,24,20,57,5417,15,32,0,5284,7200,80,255,1
1767785119.7451508,6969619580540723221,39369,0,24,20,57,5417,15,32,0,5282,7200,80,255,1
1767785120.7519004,6969619580540723221,39389,0,24,20,57,5417,15,32,0,5281,7200,80,255,1
1767785122.2443867,6969619580540723221,39421,0,24,20,57,5417,15,32,0,5280,7200,80,255,1
1767785123.7416465,6969619580540723221,39452,0,24,20,57,5417,15,32,0,5278,7200,80,255,1
1767785124.742523,6969619580540723221,39474,0,24,20,57,5417,15,32,0,5277,7200,80,255,1
1767785125.7480721,6969619580540723221,39496,0,24,20,57,5417,15,32,0,5276,7200,80,255,1
1767785126.750102,6969619580540723221,39517,0,24,20,57,5417,15,32,0,5275,7200,80,255,1
1767785128.2470162,6969619580540723221,39548,0,24,20,57,5417,15,32,0,5274,7200,80,255,1
1767785129.7446465,6969619580540723221,39580,0,24,20,57,5417,15,32,0,5272,7200,80,255,1
1767785131.2459455,6969619580540723221,39612,0,24,20,57,5417,15,32,0,5271,7200,80,255,1
1767785132.249148,6969619580540723221,39634,0,24,20,57,5417,15,32,0,5270,7200,80,255,1
1767785133.7508564,6969619580540723221,39664,0,24,20,57,5417,15,32,0,5268,7200,80,255,1
1767785134.7552612,6969619580540723221,39684,0,24,20,57,5417,15,32,0,5267,7200,80,255,1
1767785136.2555676,6969619580540723221,39717,0,24,20,57,5417,15,32,0,5266,7200,80,255,1
1767785137.2600477,6969619580540723221,39738,0,24,20,57,5417,15,32,0,5265,7200,80,255,1
1767785138.2602005,6969619580540723221,39758,0,24,20,57,5417,15,32,0,5264,7200,80,255,1
1767785139.7447965,6969619580540723221,39788,0,24,20,57,5417,15,32,0,5262,7200,80,255,1
1767785140.747143,6969619580540723221,39808,0,24,20,57,5417,15,32,0,5261,7200,80,255,1
1767785141.7480533,6969619580540723221,39830,0,24,20,57,5417,15,32,0,5260,7200,80,255,1
1767785142.75724,6969619580540723221,39850,0,24,20,57,5417,15,32,0,5259,7200,80,255,1
1767785144.2583504,6969619580540723221,39881,0,24,20,57,5417,15,32,0,5258,7200,80,255,1
1767785145.7423916,6969619580540723221,39912,0,24,20,57,5417,15,32,0,5256,7200,80,255,1
1767785147.2502072,6969619580540723221,39944,0,24,20,57,5417,15,32,0,5255,7200,80,255,1
1767785148.7468176,6969619580540723221,39976,0,24,20,57,5417,15,32,0,5253,7200,80,255,1
1767785149.7480102,6969619580540723221,39998,0,24,20,57,5417,15,32,0,5252,7200,80,255,1
1767785150.7493436,6969619580540723221,40020,0,24,20,57,5417,15,32,0,5251,7200,80,255,1
1767785152.2546778,6969619580540723221,40052,0,24,20,57,5417,15,32,0,5250,7200,80,255,1
1767785153.2593503,6969619580540723221,40072,0,24,20,57,5417,15,32,0,5249,7200,80,255,1
1767785154.751477,6969619580540723221,40102,0,24,20,57,5417,15,32,0,5247,7200,80,255,1
1767785156.2586136,6969619580540723221,40134,0,24,20,57,5417,15,32,0,5246,7200,80,255,1
1767785157.7469096,6969619580540723221,40165,0,24,20,57,5417,15,32,0,5244,7200,80,255,1
1767785158.750699,6969619580540723221,40187,0,24,20,57,5417,15,32,0,5243,7200,80,255,1
1767785160.2447486,6969619580540723221,40220,0,24,20,57,5417,15,32,0,5242,7200,80,255,1
1767785161.2602475,6969619580540723221,40242,0,24,20,57,5417,15,32,0,5241,7200,80,255,1
1767785162.7480195,6969619580540723221,40274,0,24,20,57,5417,15,32,0,5239,7200,80,255,1
1767785163.750219,6969619580540723221,40295,0,24,20,57,5417,15,32,0,5238,7200,80,255,1
1767785164.7556882,6969619580540723221,40317,0,24,20,57,5417,15,32,0,5237,7200,80,255,1
1767785166.257547,6969619580540723221,40348,0,24,20,57,5417,15,32,0,5236,7200,80,255,1
1767785167.760258,6969619580540723221,40379,0,24,20,57,5417,15,32,0,5234,7200,80,255,1
1767785168.7613335,6969619580540723221,40401,0,24,20,57,5417,15,32,0,5233,7200,80,255,1
1767785170.241211,6969619580540723221,40432,0,24,20,57,5417,15,32,0,5232,7200,80,255,1
1767785171.2550783,6969619580540723221,40454,0,24,20,57,5417,15,32,0,5231,7200,80,255,1
1767785172.265594,6969619580540723221,40475,0,24,20,57,5417,15,32,0,5230,7200,80,255,1
1767785173.7571008,6969619580540723221,40505,0,24,20,57,5417,15,32,0,5228,7200,80,255,1
1767785174.7620084,6969619580540723221,40525,0,24,20,57,5417,15,32,0,5227,7200,80,255,1
1767785176.24241,6969619580540723221,40555,0,24,20,57,5417,15,32,0,5226,7200,80,255,1
1767785177.2505212,6969619580540723221,40577,0,24,20,57,5417,15,32,0,5225,7200,80,255,1
1767785178.7446413,6969619580540723221,40608,0,24,20,57,5417,15,32,0,5223,7200,80,255,1
1767785179.758089,6969619580540723221,40629,0,24,20,57,5417,15,32,0,5222,7200,80,255,1
1767785181.25496,6969619580540723221,40661,0,24,20,57,5417,15,32,0,5221,7200,80,255,1
1767785182.2603443,6969619580540723221,40681,0,24,20,57,5417,15,32,0,5220,7200,80,255,1
1767785183.742995,6969619580540723221,40711,0,24,20,57,5417,15,32,0,5218,7200,80,255,1
1767785184.7470515,6969619580540723221,40732,0,24,20,57,5417,15,32,0,5217,7200,80,255,1
1767785186.244766,6969619580540723221,40764,0,24,20,57,5417,15,32,0,5216,7200,80,255,1
1767785187.2448149,6969619580540723221,40786,0,24,20,57,5417,15,32,0,5215,7200,80,255,1
1767785188.2591252,6969619580540723221,40809,0,24,20,57,5417,15,32,0,5214,7200,80,255,1
1767785189.7527409,6969619580540723221,40841,0,24,20,57,5417,15,32,0,5212,7200,80,255,1
1767785190.7555602,6969619580540723221,40862,0,24,20,57,5417,15,32,0,5211,7200,80,255,1
1767785191.7573178,6969619580540723221,40883,0,24,20,57,5417,15,32,0,5210,7200,80,255,1
1767785193.2593858,6969619580540723221,40915,0,24,20,57,5417,15,32,0,5209,7200,80,255,1
1767785194.7514956,6969619580540723221,40946,0,24,20,57,5417,15,32,0,5207,7200,80,255,1
1767785196.245961,6969619580540723221,40977,0,24,20,57,5417,15,32,0,5206,7200,80,255,1
1767785197.2669094,6969619580540723221,40997,0,24,20,57,5417,15,32,0,5205,7200,80,255,1
1767785198.7489338,6969619580540723221,41027,0,24,20,57,5417,15,32,0,5203,7200,80,255,1
1767785199.7539296,6969619580540723221,41049,0,24,20,57,5417,15,32,0,5202,7200,80,255,1
1767785200.7544427,6969619580540723221,41070,0,24,20,57,5417,15,32,0,5201,7200,80,255,1
1767785202.262624,6969619580540723221,41102,0,24,20,57,5417,15,32,0,5200,7200,80,255,1
1767785203.7490287,6969619580540723221,41133,0,24,20,57,5417,15,32,0,5198,7200,80,255,1
1767785204.7583134,6969619580540723221,41154,0,24,20,57,5417,15,32,0,5197,7200,80,255,1
1767785206.2547598,6969619580540723221,41184,0,24,20,57,5417,15,32,0,5196,7200,80,255,1
1767785207.2562125,6969619580540723221,41205,0,24,20,57,5417,15,32,0,5195,7200,80,255,1
1767785208.7547402,6969619580540723221,41238,0,24,20,57,5417,15,32,0,5193,7200,80,255,1
1767785209.7568543,6969619580540723221,41258,0,24,20,57,5417,15,32,0,5192,7200,80,255,1
1767785211.2515566,6969619580540723221,41290,0,24,20,57,5417,15,32,0,5191,7200,80,255,1
1767785212.2636092,6969619580540723221,41311,0,24,20,57,5417,15,32,0,5190,7200,80,255,1
1767785213.7571094,6969619580540723221,41342,0,24,20,57,5417,15,32,0,5188,7200,80,255,1
1767785215.2425354,6969619580540723221,41374,0,24,20,57,5417,15,32,0,5187,7200,80,255,1
1767785216.245756,6969619580540723221,41395,0,24,20,57,5417,15,32,0,5186,7200,80,255,1
1767785217.7452943,6969619580540723221,41427,0,24,20,57,5417,15,32,0,5184,7200,80,255,1
1767785219.2501116,6969619580540723221,41458,0,24,20,57,5417,15,32,0,5183,7200,80,255,1
1767785220.745502,6969619580540723221,41489,0,24,20,57,5417,15,32,0,5181,7200,80,255,1
1767785221.7470946,6969619580540723221,41510,0,24,20,57,5417,15,32,0,5180,7200,80,255,1
1767785222.7529764,6969619580540723221,41531,0,24,20,57,5417,15,32,0,5179,7200,80,255,1
1767785223.7567708,6969619580540723221,41552,0,24,20,57,5417,15,32,0,5178,7200,80,255,1
1767785225.2414765,6969619580540723221,41586,0,24,20,57,5417,15,32,0,5177,7200,80,255,1
1767785226.241974,6969619580540723221,41607,0,24,20,57,5417,15,32,0,5176,7200,80,255,1
1767785227.2468255,6969619580540723221,41629,0,24,20,57,5417,15,32,0,5175,7200,80,255,1
1767785228.2538643,6969619580540723221,41650,0,24,20,57,5417,15,32,0,5174,7200,80,255,1
1767785229.7571638,6969619580540723221,41682,0,24,20,57,5417,15,32,0,5172,7200,80,255,1
1767785231.2424827,6969619580540723221,41714,0,24,20,57,5417,15,32,0,5171,7200,80,255,1
1767785232.2640522,6969619580540723221,41737,0,24,20,57,5417,15,32,0,5170,7200,80,255,1
1767785233.7509642,6969619580540723221,41767,0,24,20,57,5417,15,32,0,5168,7200,80,255,1
1767785234.754384,6969619580540723221,41788,0,24,20,57,5417,15,32,0,5167,7200,80,255,1
1767785235.7549345,6969619580540723221,41808,0,24,20,57,5417,15,32,0,5166,7200,80,255,1
1767785236.7604277,6969619580540723221,41830,0,24,20,57,5417,15,32,0,5165,7200,80,255,1
1767785238.248007,6969619580540723221,41860,0,24,20,57,5417,15,32,0,5164,7200,80,255,1
1767785239.2520044,6969619580540723221,41881,0,24,20,57,5417,15,32,0,5163,7200,80,255,1
1767785240.2585282,6969619580540723221,41902,0,24,20,57,5417,15,32,0,5162,7200,80,255,1
1767785241.7559652,6969619580540723221,41934,0,24,20,57,5417,15,32,0,5160,7200,80,255,1
1767785243.2527664,6969619580540723221,41966,0,24,20,57,5417,15,32,0,5159,7200,80,255,1
1767785244.2582676,6969619580540723221,41987,0,24,20,57,5417,15,32,0,5158,7200,80,255,1
1767785245.7517252,6969619580540723221,42020,0,24,20,57,5417,15,32,0,5156,7200,80,255,1
1767785246.755285,6969619580540723221,42040,0,24,20,57,5417,15,32,0,5155,7200,80,255,1
1767785247.756396,6969619580540723221,42062,0,24,20,57,5417,15,32,0,5154,7200,80,255,1
1767785249.2583785,6969619580540723221,42094,0,24,20,57,5417,15,32,0,5153,7200,80,255,1
1767785250.7591183,6969619580540723221,42125,0,24,20,57,5417,15,32,0,5151,7200,80,255,1
1767785251.7594063,6969619580540723221,42145,0,24,20,57,5417,15,32,0,5150,7200,80,255,1
1767785253.2459075,6969619580540723221,42177,0,24,20,57,5417,15,32,0,5149,7200,80,255,1
1767785254.2570798,6969619580540723221,42199,0,24,20,57,5417,15,32,0,5148,7200,80,255,1
1767785255.7618694,6969619580540723221,42231,0,24,20,57,5417,15,32,0,5146,7200,80,255,1
1767785257.254466,6969619580540723221,42262,0,24,20,57,5417,15,32,0,5145,7200,80,255,1
1767785258.2556524,6969619580540723221,42282,0,24,20,57,5417,15,32,0,5144,7200,80,255,1
1767785259.75095,6969619580540723221,42312,0,24,20,57,5417,15,32,0,5142,7200,80,255,1
1767785260.7515106,6969619580540723221,42332,0,24,20,57,5417,15,32,0,5141,7200,80,255,1
1767785262.2524729,6969619580540723221,42364,0,24,20,57,5417,15,32,0,5140,7200,80,255,1
1767785263.2582097,6969619580540723221,42385,0,24,20,57,5417,15,32,0,5139,7200,80,255,1
1767785264.7443545,6969619580540723221,42418,0,24,20,57,5417,15,32,0,5137,7200,80,255,1
1767785265.760276,6969619580540723221,42439,0,24,20,57,5417,15,32,0,5136,7200,80,255,1
1767785267.2427263,6969619580540723221,42470,0,24,20,57,5417,15,32,0,5135,7200,80,255,1
1767785268.2492886,6969619580540723221,42492,0,24,20,57,5417,15,32,0,5134,7200,80,255,1
1767785269.2525403,6969619580540723221,42513,0,24,20,57,5417,15,32,0,5133,7200,80,255,1
1767785270.7447605,6969619580540723221,42543,0,24,20,57,5417,15,32,0,5131,7200,80,255,1
1767785271.7555692,6969619580540723221,42564,0,24,20,57,5417,15,32,0,5130,7200,80,255,1
1767785273.246849,6969619580540723221,42596,0,24,20,57,5417,15,32,0,5129,7200,80,255,1
1767785274.2477946,6969619580540723221,42617,0,24,20,57,5417,15,32,0,5128,7200,80,255,1
1767785275.252303,6969619580540723221,42637,0,24,20,57,5417,15,32,0,5127,7200,80,255,1
1767785276.259868,6969619580540723221,42658,0,24,20,57,5417,15,32,0,5126,7200,80,255,1
1767785277.7519987,6969619580540723221,42689,0,24,20,57,5417,15,32,0,5124,7200,80,255,1
1767785278.7575922,6969619580540723221,42709,0,24,20,57,5417,15,32,0,5123,7200,80,255,1
1767785280.245614,6969619580540723221,42741,0,24,20,57,5417,15,32,0,5122,7200,80,255,1
1767785281.2574236,6969619580540723221,42763,0,24,20,57,5417,15,32,0,5121,7200,80,255,1
1767785282.752596,6969619580540723221,42797,0,24,20,57,5417,15,32,0,5119,7200,80,255,1
1767785283.7586749,6969619580540723221,42819,0,24,20,57,5417,15,32,0,5118,7200,80,255,1
1767785285.243339,6969619580540723221,42852,0,24,20,57,5417,15,32,0,5117,7200,80,255,1
1767785286.243545,6969619580540723221,42874,0,24,20,57,5417,15,32,0,5116,7200,80,255,1
1767785287.2526972,6969619580540723221,42895,0,24,20,57,5417,15,32,0,5115,7200,80,255,1
1767785288.7500918,6969619580540723221,42926,0,24,20,57,5417,15,32,0,5113,7200,80,255,1
1767785289.7610948,6969619580540723221,42946,0,24,20,57,5417,15,32,0,5112,7200,80,255,1
1767785291.2431407,6969619580540723221,42977,0,24,20,57,5417,15,32,0,5111,7200,80,255,1
1767785292.254607,6969619580540723221,42999,0,24,20,57,5417,15,32,0,5110,7200,80,255,1
1767785293.742252,6969619580540723221,43029,0,24,20,57,5417,15,32,0,5108,7200,80,255,1
1767785294.7593875,6969619580540723221,43050,0,24,20,57,5417,15,32,0,5107,7200,80,255,1
1767785296.2623668,6969619580540723221,43082,0,24,20,57,5417,15,32,0,5106,7200,80,255,1
1767785297.7468207,6969619580540723221,43115,0,24,20,57,5417,15,32,0,5104,7200,80,255,1
1767785299.2587712,6969619580540723221,43146,0,24,20,57,5417,15,32,0,5103,7200,80,255,1
1767785300.7598748,6969619580540723221,43179,0,24,20,57,5417,15,32,0,5101,7200,80,255,1
1767785302.2534084,6969619580540723221,43211,0,24,20,57,5417,15,32,0,5100,7200,80,255,1
1767785303.7591736,6969619580540723221,43244,0,24,20,57,5417,15,32,0,5098,7200,80,255,1
1767785305.2601836,6969619580540723221,43275,0,24,20,57,5417,15,32,0,5097,7200,80,255,1
1767785306.7478282,6969619580540723221,43306,0,24,20,57,5417,15,32,0,5095,7200,80,255,1
1767785307.75721,6969619580540723221,43327,0,24,20,57,5417,15,32,0,5094,7200,80,255,1
1767785309.250156,6969619580540723221,43359,0,24,20,57,5417,15,32,0,5093,7200,80,255,1
1767785310.7485156,6969619580540723221,43390,0,24,20,57,5417,15,32,0,5091,7200,80,255,1
1767785311.7492862,6969619580540723221,43412,0,24,20,57,5417,15,32,0,5090,7200,80,255,1
1767785312.7605846,6969619580540723221,43434,0,24,20,57,5417,15,32,0,5089,7200,80,255,1
1767785314.2514796,6969619580540723221,43466,0,24,20,57,5417,15,32,0,5088,7200,80,255,1
1767785315.7500067,6969619580540723221,43498,0,24,20,57,5417,15,32,0,5086,7200,80,255,1
1767785316.7544377,6969619580540723221,43520,0,24,20,57,5417,15,32,0,5085,7200,80,255,1
1767785318.2508428,6969619580540723221,43552,0,24,20,57,5417,15,32,0,5084,7200,80,255,1
1767785319.7431855,6969619580540723221,43582,0,24,20,57,5417,15,32,0,5082,7200,80,255,1
1767785320.745488,6969619580540723221,43604,0,24,20,57,5417,15,32,0,5081,7200,80,255,1
1767785321.747292,6969619580540723221,43625,0,24,20,57,5417,15,32,0,5080,7200,80,255,1
1767785322.753439,6969619580540723221,43646,0,24,20,57,5417,15,32,0,5079,7200,80,255,1
1767785324.2471335,6969619580540723221,43677,0,24,20,57,5417,15,32,0,5078,7200,80,255,1
1767785325.7476954,6969619580540723221,43708,0,24,20,57,5417,15,32,0,5076,7200,80,255,1
1767785326.748139,6969619580540723221,43729,0,24,20,57,5417,15,32,0,5075,7200,80,255,1
1767785327.7511885,6969619580540723221,43751,0,24,20,57,5417,15,32,0,5074,7200,80,255,1
1767785328.7569003,6969619580540723221,43772,0,24,20,57,5417,15,32,0,5073,7200,80,255,1
1767785330.243414,6969619580540723221,43803,0,24,20,57,5417,15,32,0,5072,7200,80,255,1
1767785331.260652,6969619580540723221,43825,0,24,20,57,5417,15,32,0,5071,7200,80,255,1
1767785332.7456653,6969619580540723221,43857,0,24,20,57,5417,15,32,0,5069,7200,80,255,1
1767785333.747228,6969619580540723221,43878,0,24,20,57,5417,15,32,0,5068,7200,80,255,1
1767785335.2470462,6969619580540723221,43909,0,24,20,57,5417,15,32,0,5067,7200,80,255,1
1767785336.2500842,6969619580540723221,43931,0,24,20,57,5417,15,32,0,5066,7200,80,255,1
1767785337.751637,6969619580540723221,43963,0,24,20,57,5417,15,32,0,5064,7200,80,255,1
1767785339.2524347,6969619580540723221,43995,0,24,20,57,5417,15,32,0,5063,7200,80,255,1
1767785340.7481444,6969619580540723221,44026,0,24,20,57,5417,15,32,0,5061,7200,80,255,1
1767785341.7510903,6969619580540723221,44048,0,24,20,57,5417,15,32,0,5060,7200,80,255,1
1767785343.2456958,6969619580540723221,44081,0,24,20,57,5417,15,32,0,5059,7200,80,255,1
1767785344.2506192,6969619580540723221,44103,0,24,20,57,5417,15,32,0,5058,7200,80,255,1
1767785345.2583778,6969619580540723221,44124,0,24,20,57,5417,15,32,0,5057,7200,80,255,1
1767785346.7584682,6969619580540723221,44157,0,24,20,57,5417,15,32,0,5055,7200,80,255,1
1767785348.2445664,6969619580540723221,44190,0,24,20,57,5417,15,32,0,5054,7200,80,255,1
1767785349.2455328,6969619580540723221,44211,0,24,20,57,5417,15,32,0,5053,7200,80,255,1
1767785350.2470737,6969619580540723221,44232,0,24,20,57,5417,15,32,0,5052,7200,80,255,1
1767785351.2523959,6969619580540723221,44253,0,24,20,57,5417,15,32,0,5051,7200,80,255,1
1767785352.2547946,6969619580540723221,44273,0,24,20,57,5417,15,32,0,5050,7200,80,255,1
1767785353.7470782,6969619580540723221,44305,0,24,20,57,5417,15,32,0,5048,7200,80,255,1
1767785355.2478628,6969619580540723221,44336,0,24,20,57,5417,15,32,0,5047,7200,80,255,1
1767785356.745609,6969619580540723221,44367,0,24,20,57,5417,15,32,0,5045,7200,80,255,1
1767785357.756289,6969619580540723221,44388,0,24,20,57,5417,15,32,0,5044,7200,80,255,1
1767785359.242848,6969619580540723221,44420,0,24,20,57,5417,15,32,0,5043,7200,80,255,1
1767785360.2621558,6969619580540723221,44442,0,24,20,57,5417,15,32,0,5042,7200,80,255,1
1767785361.7522907,6969619580540723221,44476,0,24,20,57,5417,15,32,0,5040,7200,80,255,1
1767785362.7524984,6969619580540723221,44499,0,24,20,57,5417,15,32,0,5039,7200,80,255,1
1767785363.758337,6969619580540723221,44521,0,24,20,57,5417,15,32,0,5038,7200,80,255,1
1767785365.2415547,6969619580540723221,44551,0,24,20,57,5417,15,32,0,5037,7200,80,255,1
1767785366.259107,6969619580540723221,44574,0,24,20,57,5417,15,32,0,5036,7200,80,255,1
1767785367.2598138,6969619580540723221,44594,0,24,20,57,5417,15,32,0,5035,7200,80,255,1
1767785368.7548103,6969619580540723221,44625,0,24,20,57,5417,15,32,0,5033,7200,80,255,1
1767785369.7571979,6969619580540723221,44645,0,24,20,57,5417,15,32,0,5032,7200,80,255,1
1767785371.2542524,6969619580540723221,44676,0,24,20,57,5417,15,32,0,5031,7200,80,255,1
1767785372.7434084,6969619580540723221,44707,0,24,20,57,5417,15,32,0,5029,7200,80,255,1
1767785373.761305,6969619580540723221,44728,0,24,20,57,5417,15,32,0,5028,7200,80,255,1
1767785375.245018,6969619580540723221,44761,0,24,20,57,5417,15,32,0,5027,7200,80,255,1
1767785376.2485597,6969619580540723221,44782,0,24,20,57,5417,15,32,0,5026,7200,80,255,1
1767785377.7510827,6969619580540723221,44814,0,24,20,57,5417,15,32,0,5024,7200,80,255,1
1767785378.7532678,6969619580540723221,44835,0,24,20,57,5417,15,32,0,5023,7200,80,255,1
1767785379.7574797,6969619580540723221,44856,0,24,20,57,5417,15,32,0,5022,7200,80,255,1
1767785381.2521782,6969619580540723221,44888,0,24,20,57,5417,15,32,0,5021,7200,80,255,1
1767785382.2537117,6969619580540723221,44910,0,24,20,57,5417,15,32,0,5020,7200,80,255,1
1767785383.258932,6969619580540723221,44932,0,24,20,57,5417,15,32,0,5019,7200,80,255,1
1767785384.753433,6969619580540723221,44963,0,24,20,57,5417,15,32,0,5017,7200,80,255,1
1767785386.2435515,6969619580540723221,44994,0,24,20,57,5417,15,32,0,5016,7200,80,255,1
1767785387.2459247,6969619580540723221,45015,0,24,20,57,5417,15,32,0,5015,7200,80,255,1
1767785388.7502072,6969619580540723221,45047,0,24,20,57,5417,15,32,0,5013,7200,80,255,1
1767785389.7534325,6969619580540723221,45068,0,24,20,57,5417,15,32,0,5012,7200,80,255,1
1767785391.2456064,6969619580540723221,45100,0,24,20,57,5417,15,32,0,5011,7200,80,255,1
1767785392.2481265,6969619580540723221,45121,0,24,20,57,5417,15,32,0,5010,7200,80,255,1
1767785393.2592251,6969619580540723221,45142,0,24,20,57,5417,15,32,0,5009,7200,80,255,1
1767785394.2601411,6969619580540723221,45163,0,24,20,57,5417,15,32,0,5008,7200,80,255,1
1767785395.7600255,6969619580540723221,45193,0,24,20,57,5417,15,32,0,5006,7200,80,255,1
1767785397.2482536,6969619580540723221,45226,0,24,20,57,5417,15,32,0,5005,7200,80,255,1
1767785398.2558203,6969619580540723221,45249,0,24,20,57,5417,15,32,0,5004,7200,80,255,1
1767785399.7582943,6969619580540723221,45281,0,24,20,57,5417,15,32,0,5002,7200,80,255,1
1767785401.255489,6969619580540723221,45312,0,24,20,57,5417,15,32,0,5001,7200,80,255,1
1767785402.2599437,6969619580540723221,45334,0,24,20,57,5417,15,32,0,5000,7200,80,255,1
1767785403.7458198,6969619580540723221,45365,0,24,20,57,5417,15,32,0,4998,7200,80,255,1
1767785404.7480443,6969619580540723221,45386,0,24,20,57,5417,15,32,0,4997,7200,80,255,1
1767785405.7617047,6969619580540723221,45406,0,24,20,57,5417,15,32,0,4996,7200,80,255,1
1767785407.242924,6969619580540723221,45436,0,24,20,57,5417,15,32,0,4995,7200,80,255,1
1767785408.2454884,6969619580540723221,45458,0,24,20,57,5417,15,32,0,4994,7200,80,255,1
1767785409.2598636,6969619580540723221,45480,0,24,20,57,5417,15,32,0,4993,7200,80,255,1
1767785410.7514162,6969619580540723221,45512,0,24,20,57,5417,15,32,0,4991,7200,80,255,1
1767785411.755616,6969619580540723221,45532,0,24,20,57,5417,15,32,0,4990,7200,80,255,1
1767785413.246928,6969619580540723221,45564,0,24,20,57,5417,15,32,0,4989,7200,80,255,1
1767785414.2486107,6969619580540723221,45586,0,24,20,57,5417,15,32,0,4988,7200,80,255,1
1767785415.749906,6969619580540723221,45617,0,24,20,57,5417,15,32,0,4986,7200,80,255,1
1767785417.2512536,6969619580540723221,45650,0,24,20,57,5417,15,32,0,4985,7200,80,255,1
1767785418.2602613,6969619580540723221,45671,0,24,20,57,5417,15,32,0,4984,7200,80,255,1
1767785419.7426512,6969619580540723221,45703,0,24,20,57,5417,15,32,0,4982,7200,80,255,1
1767785420.7569134,6969619580540723221,45726,0,24,20,57,5417,15,32,0,4981,7200,80,255,1
1767785422.2426844,6969619580540723221,45758,0,24,20,57,5417,15,32,0,4980,7200,80,255,1
1767785423.2489252,6969619580540723221,45779,0,24,20,57,5417,15,32,0,4979,7200,80,255,1
1767785424.2513952,6969619580540723221,45800,0,24,20,57,5417,15,32,0,4978,7200,80,255,1
1767785425.7462046,6969619580540723221,45831,0,24,20,57,5417,15,32,0,4976,7200,80,255,1
1767785427.2582002,6969619580540723221,45864,0,24,20,57,5417,15,32,0,4975,7200,80,255,1
1767785428.757353,6969619580540723221,45897,0,24,20,57,5417,15,32,0,4973,7200,80,255,1
1767785430.2598042,6969619580540723221,45929,0,24,20,57,5417,15,32,0,4972,7200,80,255,1
1767785431.7577343,6969619580540723221,45962,0,24,20,57,5417,15,32,0,4970,7200,80,255,1
1767785433.251686,6969619580540723221,45993,0,24,20,57,5417,15,32,0,4969,7200,80,255,1
1767785434.2574546,6969619580540723221,46014,0,24,20,57,5417,15,32,0,4968,7200,80,255,1
1767785435.752507,6969619580540723221,46046,0,24,20,57,5417,15,32,0,4966,7200,80,255,1
1767785437.2558591,6969619580540723221,46077,0,24,20,57,5417,15,32,0,4965,7200,80,255,1
1767785438.7508392,6969619580540723221,46108,0,24,20,57,5417,15,32,0,4963,7200,80,255,1
1767785439.7535355,6969619580540723221,46129,0,24,20,57,5417,15,32,0,4962,7200,80,255,1
1767785440.757107,6969619580540723221,46149,0,24,20,57,5417,15,32,0,4961,7200,80,255,1
1767785442.2584736,6969619580540723221,46180,0,24,20,57,5417,15,32,0,4960,7200,80,255,1
1767785443.7467997,6969619580540723221,46210,0,24,20,57,5417,15,32,0,4958,7200,80,255,1
1767785445.2455676,6969619580540723221,46242,0,24,20,57,5417,15,32,0,4957,7200,80,255,1
1767785446.248133,6969619580540723221,46263,0,24,20,57,5417,15,32,0,4956,7200,80,255,1
1767785447.252682,6969619580540723221,46284,0,24,20,57,5417,15,32,0,4955,7200,80,255,1
1767785448.2568884,6969619580540723221,46306,0,24,20,57,5417,15,32,0,4954,7200,80,255,1
1767785449.259044,6969619580540723221,46328,0,24,20,57,5417,15,32,0,4953,7200,80,255,1
1767785450.7474413,6969619580540723221,46359,0,24,20,57,5417,15,32,0,4951,7200,80,255,1
1767785452.2459962,6969619580540723221,46391,0,24,20,57,5417,15,32,0,4950,7200,80,255,1
1767785453.252984,6969619580540723221,46411,0,24,20,57,5417,15,32,0,4949,7200,80,255,1
1767785454.2602613,6969619580540723221,46433,0,24,20,57,5417,15,32,0,4948,7200,80,255,1
1767785455.748223,6969619580540723221,46465,0,24,20,57,5417,15,32,0,4946,7200,80,255,1
1767785457.248227,6969619580540723221,46496,0,24,20,57,5417,15,32,0,4945,7200,80,255,1
1767785458.258264,6969619580540723221,46517,0,24,20,57,5417,15,32,0,4944,7200,80,255,1
1767785459.7478385,6969619580540723221,46549,0,24,20,57,5417,15,32,0,4942,7200,80,255,1
1767785460.7606442,6969619580540723221,46570,0,24,20,57,5417,15,32,0,4941,7200,80,255,1
1767785462.2570915,6969619580540723221,46601,0,24,20,57,5417,15,32,0,4940,7200,80,255,1
1767785463.7485054,6969619580540723221,46632,0,24,20,57,5417,15,32,0,4938,7200,80,255,1
1767785464.7512612,6969619580540723221,46655,0,24,20,57,5417,15,32,0,4937,7200,80,255,1
1767785466.247228,6969619580540723221,46688,0,24,20,57,5417,15,32,0,4936,7200,80,255,1
1767785467.249835,6969619580540723221,46708,0,24,20,57,5417,15,32,0,4935,7200,80,255,1
1767785468.7446425,6969619580540723221,46740,0,24,20,57,5417,15,32,0,4933,7200,80,255,1
1767785470.243273,6969619580540723221,46772,0,24,20,57,5417,15,32,0,4932,7200,80,255,1
1767785471.2455056,6969619580540723221,46794,0,24,20,57,5417,15,32,0,4931,7200,80,255,1
1767785472.252295,6969619580540723221,46815,0,24,20,57,5417,15,32,0,4930,7200,80,255,1
1767785473.759845,6969619580540723221,46849,0,24,20,57,5417,15,32,0,4928,7200,80,255,1
1767785475.2420418,6969619580540723221,46880,0,24,20,57,5417,15,32,0,4927,7200,80,255,1
1767785476.2534082,6969619580540723221,46902,0,24,20,57,5417,15,32,0,4926,7200,80,255,1
1767785477.7536128,6969619580540723221,46935,0,24,20,57,5417,15,32,0,4924,7200,80,255,1
1767785478.7584383,6969619580540723221,46957,0,24,20,57,5417,15,32,0,4923,7200,80,255,1
1767785480.2533646,6969619580540723221,46989,0,24,20,57,5417,15,32,0,4922,7200,80,255,1
1767785481.2568977,6969619580540723221,47010,0,24,20,57,5417,15,32,0,4921,7200,80,255,1
1767785482.7556098,6969619580540723221,47041,0,24,20,57,5417,15,32,0,4919,7200,80,255,1
1767785484.2554998,6969619580540723221,47072,0,24,20,57,5417,15,32,0,4918,7200,80,255,1
1767785485.7553003,6969619580540723221,47103,0,24,20,57,5417,15,32,0,4916,7200,80,255,1
1767785486.7568383,6969619580540723221,47124,0,24,20,57,5417,15,32,0,4915,7200,80,255,1
1767785488.2549145,6969619580540723221,47156,0,24,20,57,5417,15,32,0,4914,7200,80,255,1
1767785489.75693,6969619580540723221,47186,0,24,20,57,5417,15,32,0,4912,7200,80,255,1
1767785491.2546022,6969619580540723221,47218,0,24,20,57,5417,15,32,0,4911,7200,80,255,1
1767785492.2558658,6969619580540723221,47239,0,24,20,57,5417,15,32,0,4910,7200,80,255,1
1767785493.7492054,6969619580540723221,47271,0,24,20,57,5417,15,32,0,4908,7200,80,255,1
1767785494.7582505,6969619580540723221,47294,0,24,20,57,5417,15,32,0,4907,7200,80,255,1
1767785496.2425861,6969619580540723221,47325,0,24,20,57,5417,15,32,0,4906,7200,80,255,1
1767785497.7479107,6969619580540723221,47357,0,24,20,57,5417,15,32,0,4904,7200,80,255,1
1767785499.2501986,6969619580540723221,47390,0,24,20,57,5417,15,32,0,4903,7200,80,255,1
1767785500.743221,6969619580540723221,47421,0,24,20,57,5417,15,32,0,4901,7200,80,255,1
1767785502.2443752,6969619580540723221,47455,0,24,20,57,5417,15,32,0,4900,7200,80,255,1
1767785503.250655,6969619580540723221,47475,0,24,20,57,5417,15,32,0,4899,7200,80,255,1
1767785504.7527027,6969619580540723221,47507,0,24,20,57,5417,15,32,0,4897,7200,80,255,1
1767785506.2558033,6969619580540723221,47538,0,24,20,57,5417,15,32,0,4896,7200,80,255,1
1767785507.7571378,6969619580540723221,47570,0,24,20,57,5417,15,32,0,4894,7200,80,255,1
1767785508.7588487,6969619580540723221,47591,0,24,20,57,5417,15,32,0,4893,7200,80,255,1
1767785510.2478008,6969619580540723221,47622,0,24,20,57,5417,15,32,0,4892,7200,80,255,1
1767785511.760954,6969619580540723221,47652,0,24,20,57,5417,15,32,0,4890,7200,80,255,1
1767785513.2457187,6969619580540723221,47682,0,24,20,57,5417,15,32,0,4889,7200,80,255,1
1767785514.2572606,6969619580540723221,47703,0,24,20,57,5417,15,32,0,4888,7200,80,255,1
1767785515.7468266,6969619580540723221,47733,0,24,20,57,5417,15,32,0,4886,7200,80,255,1
1767785516.7482271,6969619580540723221,47754,0,24,20,57,5417,15,32,0,4885,7200,80,255,1
1767785517.7483225,6969619580540723221,47775,0,24,20,57,5417,15,32,0,4884,7200,80,255,1
1767785518.749839,6969619580540723221,47798,0,24,20,57,5417,15,32,0,4883,7200,80,255,1
1767785519.7518384,6969619580540723221,47818,0,24,20,57,5417,15,32,0,4882,7200,80,255,1
1767785521.25453,6969619580540723221,47852,0,24,20,57,5417,15,32,0,4881,7200,80,255,1
1767785522.2589812,6969619580540723221,47872,0,24,20,57,5417,15,32,0,4880,7200,80,255,1
1767785523.7453604,6969619580540723221,47904,0,24,20,57,5417,15,32,0,4878,7200,80,255,1
1767785524.7467468,6969619580540723221,47925,0,24,20,57,5417,15,32,0,4877,7200,80,255,1
1767785526.2472267,6969619580540723221,47957,0,24,20,57,5417,15,32,0,4876,7200,80,255,1
1767785527.2480993,6969619580540723221,47977,0,24,20,57,5417,15,32,0,4875,7200,80,255,1
1767785528.2599034,6969619580540723221,47997,0,24,20,57,5417,15,32,0,4874,7200,80,255,1
1767785529.7484627,6969619580540723221,48027,0,24,20,57,5417,15,32,0,4872,7200,80,255,1
1767785530.7570949,6969619580540723221,48048,0,24,20,57,5417,15,32,0,4871,7200,80,255,1
1767785531.7571676,6969619580540723221,48069,0,24,20,57,5417,15,32,0,4870,7200,80,255,1
1767785533.2441988,6969619580540723221,48101,0,24,20,57,5417,15,32,0,4869,7200,80,255,1
1767785534.2479746,6969619580540723221,48123,0,24,20,57,5417,15,32,0,4868,7200,80,255,1
1767785535.2542424,6969619580540723221,48143,0,24,20,57,5417,15,32,0,4867,7200,80,255,1
1767785536.2555606,6969619580540723221,48163,0,24,20,57,5417,15,32,0,4866,7200,80,255,1
1767785537.2611682,6969619580540723221,48183,0,24,20,57,5417,15,32,0,4865,7200,80,255,1
1767785538.748263,6969619580540723221,48214,0,24,20,57,5417,15,32,0,4863,7200,80,255,1
1767785540.2598414,6969619580540723221,48248,0,24,20,57,5417,15,32,0,4862,7200,80,255,1
1767785541.7494504,6969619580540723221,48279,0,24,20,57,5417,15,32,0,4860,7200,80,255,1
1767785543.24885,6969619580540723221,48311,0,24,20,57,5417,15,32,0,4859,7200,80,255,1
1767785544.7471917,6969619580540723221,48344,0,24,20,57,5417,15,32,0,4857,7200,80,255,1
1767785545.7556393,6969619580540723221,48365,0,24,20,57,5417,15,32,0,4856,7200,80,255,1
1767785547.242646,6969619580540723221,48396,0,24,20,57,5417,15,32,0,4855,7200,80,255,1
1767785548.2485046,6969619580540723221,48417,0,24,20,57,5417,15,32,0,4854,7200,80,255,1
1767785549.2519586,6969619580540723221,48438,0,24,20,57,5417,15,32,0,4853,7200,80,255,1
1767785550.2552063,6969619580540723221,48459,0,24,20,57,5417,15,32,0,4852,7200,80,255,1
1767785551.748063,6969619580540723221,48489,0,24,20,57,5417,15,32,0,4850,7200,80,255,1
1767785552.7562275,6969619580540723221,48509,0,24,20,57,5417,15,32,0,4849,7200,80,255,1
1767785553.7608476,6969619580540723221,48530,0,24,20,57,5417,15,32,0,4848,7200,80,255,1
1767785555.2443786,6969619580540723221,48561,0,24,20,57,5417,15,32,0,4847,7200,80,255,1
1767785556.2522833,6969619580540723221,48582,0,24,20,57,5417,15,32,0,4846,7200,80,255,1
1767785557.2610874,6969619580540723221,48604,0,24,20,57,5417,15,32,0,4845,7200,80,255,1
1767785558.7505474,6969619580540723221,48635,0,24,20,57,5417,15,32,0,4843,7200,80,255,1
1767785559.7519429,6969619580540723221,48656,0,24,20,57,5417,15,32,0,4842,7200,80,255,1
1767785560.7611904,6969619580540723221,48677,0,24,20,57,5417,15,32,0,4841,7200,80,255,1
1767785562.2441947,6969619580540723221,48708,0,24,20,57,5417,15,32,0,4840,7200,80,255,1
1767785563.2553298,6969619580540723221,48730,0,24,20,57,5417,15,32,0,4839,7200,80,255,1
1767785564.256024,6969619580540723221,48751,0,24,20,57,5417,15,32,0,4838,7200,80,255,1
1767785565.7543695,6969619580540723221,48782,0,24,20,57,5417,15,32,0,4836,7200,80,255,1
1767785566.7572265,6969619580540723221,48803,0,24,20,57,5417,15,32,0,4835,7200,80,255,1
1767785568.2459545,6969619580540723221,48835,0,24,20,57,5417,15,32,0,4834,7200,80,255,1
1767785569.2500033,6969619580540723221,48856,0,24,20,57,5417,15,32,0,4833,7200,80,255,1
1767785570.7510738,6969619580540723221,48886,0,24,20,57,5417,15,32,0,4831,7200,80,255,1
1767785572.2479556,6969619580540723221,48919,0,24,20,57,5417,15,32,0,4830,7200,80,255,1
1767785573.248321,6969619580540723221,48940,0,24,20,57,5417,15,32,0,4829,7200,80,255,1
1767785574.7578046,6969619580540723221,48973,0,24,20,57,5417,15,32,0,4827,7200,80,255,1
1767785576.2450228,6969619580540723221,49005,0,24,20,57,5417,15,32,0,4826,7200,80,255,1
1767785577.257119,6969619580540723221,49026,0,24,20,57,5417,15,32,0,4825,7200,80,255,1
1767785578.7482972,6969619580540723221,49058,0,24,20,57,5417,15,32,0,4823,7200,80,255,1
1767785579.754281,6969619580540723221,49079,0,24,20,57,5417,15,32,0,4822,7200,80,255,1
1767785580.7597196,6969619580540723221,49100,0,24,20,57,5417,15,32,0,4821,7200,80,255,1
1767785582.255859,6969619580540723221,49132,0,24,20,57,5417,15,32,0,4820,7200,80,255,1
1767785583.2561932,6969619580540723221,49154,0,24,20,57,5417,15,32,0,4819,7200,80,255,1
1767785584.7511368,6969619580540723221,49186,0,24,20,57,5417,15,32,0,4817,7200,80,255,1
1767785586.2469962,6969619580540723221,49218,0,24,20,57,5417,15,32,0,4816,7200,80,255,1
1767785587.749782,6969619580540723221,49251,0,24,20,57,5417,15,32,0,4814,7200,80,255,1
1767785588.7590222,6969619580540723221,49272,0,24,20,57,5417,15,32,0,4813,7200,80,255,1
1767785590.2511418,6969619580540723221,49302,0,24,20,57,5417,15,32,0,4812,7200,80,255,1
1767785591.2532585,6969619580540723221,49323,0,24,20,57,5417,15,32,0,4811,7200,80,255,1
1767785592.7611926,6969619580540723221,49354,0,24,20,57,5417,15,32,0,4809,7200,80,255,1
1767785594.243185,6969619580540723221,49386,0,24,20,57,5417,15,32,0,4808,7200,80,255,1
1767785595.2484107,6969619580540723221,49408,0,24,20,57,5417,15,32,0,4807,7200,80,255,1
1767785596.7600691,6969619580540723221,49440,0,24,20,57,5417,15,32,0,4805,7200,80,255,1
1767785598.2469387,6969619580540723221,49471,0,24,20,57,5417,15,32,0,4804,7200,80,255,1
1767785599.259692,6969619580540723221,49491,0,24,20,57,5417,15,32,0,4803,7200,80,255,1
1767785600.7524817,6969619580540723221,49523,0,24,20,57,5417,15,32,0,4801,7200,80,255,1
1767785601.7581925,6969619580540723221,49545,0,24,20,57,5417,15,32,0,4800,7200,80,255,1
1767785603.241841,6969619580540723221,49576,0,24,20,57,5417,15,32,0,4799,7200,80,255,1
1767785604.2481818,6969619580540723221,49597,0,23,20,57,5417,15,32,0,4798,7200,80,255,1
1767785605.7601001,6969619580540723221,49629,0,23,20,57,5417,15,32,0,4796,7200,80,255,1
1767785606.7622201,6969619580540723221,49652,0,23,20,57,5417,15,32,0,4795,7200,80,255,1
1767785608.2543676,6969619580540723221,49682,0,23,20,57,5417,15,32,0,4794,7200,80,255,1
1767785609.7556887,6969619580540723221,49714,0,23,20,57,5417,15,32,0,4792,7200,80,255,1
1767785611.2526186,6969619580540723221,49745,0,23,20,57,5417,15,32,0,4791,7200,80,255,1
1767785612.2546613,6969619580540723221,49767,0,23,20,57,5417,15,32,0,4790,7200,80,255,1
1767785613.7597082,6969619580540723221,49799,0,23,20,57,5417,15,32,0,4788,7200,80,255,1
1767785614.760946,6969619580540723221,49822,0,23,20,57,5417,15,32,0,4787,7200,80,255,1
1767785616.2501645,6969619580540723221,49853,0,23,20,57,5417,15,32,0,4786,7200,80,255,1
1767785617.2548363,6969619580540723221,49875,0,23,20,57,5417,15,32,0,4785,7200,80,255,1
1767785618.7598631,6969619580540723221,49907,0,23,20,57,5417,15,32,0,4783,7200,80,255,1
1767785620.258329,6969619580540723221,49939,0,23,20,57,5417,15,32,0,4782,7200,80,255,1
1767785621.7445157,6969619580540723221,49970,0,23,20,57,5417,15,32,0,4780,7200,80,255,1
1767785622.7556224,6969619580540723221,49991,0,23,20,57,5417,15,32,0,4779,7200,80,255,1
1767785623.7582254,6969619580540723221,50012,0,23,20,57,5417,15,32,0,4778,7200,80,255,1
1767785625.2442367,6969619580540723221,50042,0,23,20,57,5417,15,32,0,4777,7200,80,255,1
1767785626.2568874,6969619580540723221,50062,0,23,20,57,5417,15,32,0,4776,7200,80,255,1
1767785627.7454102,6969619580540723221,50093,0,23,20,57,5417,15,32,0,4774,7200,80,255,1
1767785629.2443664,6969619580540723221,50124,0,23,20,57,5417,15,32,0,4773,7200,80,255,1
1767785630.2530968,6969619580540723221,50146,0,23,20,57,5417,15,32,0,4772,7200,80,255,1
1767785631.257513,6969619580540723221,50167,0,23,20,57,5417,15,32,0,4771,7200,80,255,1
1767785632.7531023,6969619580540723221,50199,0,23,20,57,5417,15,32,0,4769,7200,80,255,1
1767785634.2432766,6969619580540723221,50231,0,23,20,57,5417,15,32,0,4768,7200,80,255,1
1767785635.248128,6969619580540723221,50253,0,23,20,57,5417,15,32,0,4767,7200,80,255,1
1767785636.2536225,6969619580540723221,50274,0,23,20,57,5417,15,32,0,4766,7200,80,255,1
1767785637.254854,6969619580540723221,50295,0,23,20,57,5417,15,32,0,4765,7200,80,255,1
1767785638.7550397,6969619580540723221,50326,0,23,20,57,5417,15,32,0,4763,7200,80,255,1
1767785640.2482347,6969619580540723221,50358,0,23,20,57,5417,15,32,0,4762,7200,80,255,1
1767785641.7458992,6969619580540723221,50389,0,23,20,57,5417,15,32,0,4760,7200,80,255,1
1767785643.242432,6969619580540723221,50421,0,23,20,57,5417,15,32,0,4759,7200,80,255,1
1767785644.2612898,6969619580540723221,50444,0,23,20,57,5417,15,32,0,4758,7200,80,255,1
1767785645.7446523,6969619580540723221,50476,0,23,20,57,5417,15,32,0,4756,7200,80,255,1
1767785646.7495852,6969619580540723221,50497,0,23,20,57,5417,15,32,0,4755,7200,80,255,1
1767785647.7579126,6969619580540723221,50519,0,23,20,57,5417,15,32,0,4754,7200,80,255,1
1767785648.7583141,6969619580540723221,50541,0,23,20,57,5417,15,32,0,4753,7200,80,255,1
1767785650.2579975,6969619580540723221,50573,0,23,20,57,5417,15,32,0,4752,7200,80,255,1
1767785651.7484858,6969619580540723221,50603,0,23,20,57,5417,15,32,0,4750,7200,80,255,1
1767785652.757166,6969619580540723221,50625,0,23,20,57,5417,15,32,0,4749,7200,80,255,1
1767785654.2418675,6969619580540723221,50656,0,23,20,57,5417,15,32,0,4748,7200,80,255,1
1767785655.7608411,6969619580540723221,50689,0,23,20,57,5417,15,32,0,4746,7200,80,255,1
1767785657.2440572,6969619580540723221,50721,0,23,20,57,5417,15,32,0,4745,7200,80,255,1
1767785658.2554696,6969619580540723221,50743,0,23,20,57,5417,15,32,0,4744,7200,80,255,1
1767785659.7469237,6969619580540723221,50773,0,23,20,57,5417,15,32,0,4742,7200,80,255,1
1767785660.7598007,6969619580540723221,50796,0,23,20,57,5417,15,32,0,4741,7200,80,255,1
1767785662.2598717,6969619580540723221,50827,0,23,20,57,5417,15,32,0,4740,7200,80,255,1
1767785663.7581465,6969619580540723221,50859,0,23,20,57,5417,15,32,0,4738,7200,80,255,1
1767785664.7596643,6969619580540723221,50881,0,23,20,57,5417,15,32,0,4737,7200,80,255,1
1767785666.2469754,6969619580540723221,50915,0,23,20,57,5417,15,32,0,4736,7200,80,255,1
1767785667.7450142,6969619580540723221,50948,0,23,20,57,5417,15,32,0,4734,7200,80,255,1
1767785668.7485788,6969619580540723221,50970,0,23,20,57,5417,15,32,0,4733,7200,80,255,1
1767785670.2608593,6969619580540723221,51004,0,23,20,57,5417,15,32,0,4732,7200,80,255,1
1767785671.7571473,6969619580540723221,51035,0,23,20,57,5417,15,32,0,4730,7200,80,255,1
1767785673.2497766,6969619580540723221,51066,0,23,20,57,5417,15,32,0,4729,7200,80,255,1
1767785674.2572384,6969619580540723221,51087,0,23,20,57,5417,15,32,0,4728,7200,80,255,1
1767785675.2611613,6969619580540723221,51108,0,23,20,57,5417,15,32,0,4727,7200,80,255,1
1767785676.7452376,6969619580540723221,51142,0,23,20,57,5417,15,32,0,4725,7200,80,255,1
1767785677.7540247,6969619580540723221,51162,0,23,20,57,5417,15,32,0,4724,7200,80,255,1
1767785679.2548354,6969619580540723221,51193,0,23,20,57,5417,15,32,0,4723,7200,80,255,1
1767785680.7557158,6969619580540723221,51224,0,23,20,57,5417,15,32,0,4721,7200,80,255,1
1767785682.255372,6969619580540723221,51255,0,23,20,57,5417,15,32,0,4720,7200,80,255,1
1767785683.2607954,6969619580540723221,51276,0,23,20,57,5417,15,32,0,4719,7200,80,255,1
1767785684.743705,6969619580540723221,51308,0,23,20,57,5417,15,32,0,4717,7200,80,255,1
1767785685.745761,6969619580540723221,51330,0,23,20,57,5417,15,32,0,4716,7200,80,255,1
1767785686.7531288,6969619580540723221,51352,0,23,20,57,5417,15,32,0,4715,7200,80,255,1
1767785687.7597022,6969619580540723221,51374,0,23,20,57,5417,15,32,0,4714,7200,80,255,1
1767785689.2609966,6969619580540723221,51408,0,23,20,57,5417,15,32,0,4713,7200,80,255,1
1767785690.7544398,6969619580540723221,51440,0,23,20,57,5417,15,32,0,4711,7200,80,255,1
1767785692.2533197,6969619580540723221,51472,0,23,20,57,5417,15,32,0,4710,7200,80,255,1
1767785693.2596378,6969619580540723221,51494,0,23,20,57,5417,15,32,0,4709,7200,80,255,1
1767785694.7419484,6969619580540723221,51525,0,23,20,57,5417,15,32,0,4707,7200,80,255,1
1767785695.755455,6969619580540723221,51548,0,23,20,57,5417,15,32,0,4706,7200,80,255,1
1767785697.2454276,6969619580540723221,51580,0,23,20,57,5417,15,32,0,4705,7200,80,255,1
1767785698.7499819,6969619580540723221,51614,0,23,20,57,5417,15,32,0,4703,7200,80,255,1
1767785699.7511253,6969619580540723221,51636,0,23,20,57,5417,15,32,0,4702,7200,80,255,1
1767785701.2501137,6969619580540723221,51667,0,23,20,57,5417,15,32,0,4701,7200,80,255,1
1767785702.2609067,6969619580540723221,51689,0,23,20,57,5417,15,32,0,4700,7200,80,255,1
1767785703.7440789,6969619580540723221,51721,0,23,20,57,5417,15,32,0,4698,7200,80,255,1
1767785704.7543173,6969619580540723221,51743,0,23,20,57,5417,15,32,0,4697,7200,80,255,1
1767785705.7553315,6969619580540723221,51764,0,23,20,57,5417,15,32,0,4696,7200,80,255,1
1767785707.2608063,6969619580540723221,51796,0,23,20,57,5417,15,32,0,4695,7200,80,255,1
1767785708.7608993,6969619580540723221,51827,0,23,20,57,5417,15,32,0,4693,7200,80,255,1
1767785709.76098,6969619580540723221,51849,0,23,20,57,5417,15,32,0,4692,7200,80,255,1
1767785711.2568119,6969619580540723221,51882,0,23,20,57,5417,15,32,0,4691,7200,80,255,1
1767785712.7515094,6969619580540723221,51914,0,23,20,57,5417,15,32,0,4689,7200,80,255,1
1767785713.7578905,6969619580540723221,51934,0,23,20,57,5417,15,32,0,4688,7200,80,255,1
1767785715.2533157,6969619580540723221,51965,0,23,20,57,5417,15,32,0,4687,7200,80,255,1
1767785716.2556577,6969619580540723221,51986,0,23,20,57,5417,15,32,0,4686,7200,80,255,1
1767785717.2583816,6969619580540723221,52007,0,23,20,57,5417,15,32,0,4685,7200,80,255,1
1767785718.7535427,6969619580540723221,52041,0,23,20,57,5417,15,32,0,4683,7200,80,255,1
1767785720.2496543,6969619580540723221,52072,0,23,20,57,5417,15,32,0,4682,7200,80,255,1
1767785721.2571964,6969619580540723221,52092,0,23,20,57,5417,15,32,0,4681,7200,80,255,1
1767785722.2597463,6969619580540723221,52114,0,23,20,57,5417,15,32,0,4680,7200,80,255,1
1767785723.7470617,6969619580540723221,52146,0,23,20,57,5417,15,32,0,4678,7200,80,255,1
1767785724.7608202,6969619580540723221,52169,0,23,20,57,5417,15,32,0,4677,7200,80,255,1
1767785726.2553163,6969619580540723221,52199,0,23,20,57,5417,15,32,0,4676,7200,80,255,1
1767785727.7586722,6969619580540723221,52231,0,23,20,57,5417,15,32,0,4674,7200,80,255,1
1767785729.253222,6969619580540723221,52264,0,23,20,57,5417,15,32,0,4673,7200,80,255,1
1767785730.7436702,6969619580540723221,52295,0,23,20,57,5417,15,32,0,4671,7200,80,255,1
1767785731.7437391,6969619580540723221,52317,0,23,20,57,5417,15,32,0,4670,7200,80,255,1
1767785732.748215,6969619580540723221,52338,0,23,20,57,5417,15,32,0,4669,7200,80,255,1
1767785734.2456636,6969619580540723221,52369,0,23,20,57,5417,15,32,0,4668,7200,80,255,1
1767785735.2596533,6969619580540723221,52392,0,23,20,57,5417,15,32,0,4667,7200,80,255,1
1767785736.7585561,6969619580540723221,52426,0,23,20,57,5417,15,32,0,4665,7200,80,255,1
1767785737.759677,6969619580540723221,52447,0,23,20,57,5417,15,32,0,4664,7200,80,255,1
1767785739.2554011,6969619580540723221,52480,0,23,20,57,5417,15,32,0,4663,7200,80,255,1
1767785740.7517257,6969619580540723221,52513,0,23,20,57,5417,15,32,0,4661,7200,80,255,1
1767785742.247265,6969619580540723221,52545,0,23,20,57,5417,15,32,0,4660,7200,80,255,1
1767785743.2496107,6969619580540723221,52567,0,23,20,57,5417,15,32,0,4659,7200,80,255,1
1767785744.74827,6969619580540723221,52600,0,23,20,57,5417,15,32,0,4657,7200,80,255,1
1767785746.259602,6969619580540723221,52634,0,23,20,57,5417,15,32,0,4656,7200,80,255,1
1767785747.7544806,6969619580540723221,52665,0,23,20,57,5417,15,32,0,4654,7200,80,255,1
1767785749.2482235,6969619580540723221,52696,0,23,20,57,5417,15,32,0,4653,7200,80,255,1
1767785750.75992,6969619580540723221,52730,0,23,20,57,5417,15,32,0,4651,7200,80,255,1
1767785752.251091,6969619580540723221,52762,0,23,20,57,5417,15,32,0,4650,7200,80,255,1
1767785753.2550702,6969619580540723221,52783,0,23,20,57,5417,15,32,0,4649,7200,80,255,1
1767785754.7488453,6969619580540723221,52814,0,23,20,57,5417,15,32,0,4647,7200,80,255,1
1767785756.244413,6969619580540723221,52846,0,23,20,57,5417,15,32,0,4646,7200,80,255,1
1767785757.2599158,6969619580540723221,52869,0,23,20,57,5417,15,32,0,4645,7200,80,255,1
1767785758.754104,6969619580540723221,52901,0,23,20,57,5417,15,32,0,4643,7200,80,255,1
1767785760.2459283,6969619580540723221,52932,0,23,20,57,5417,15,32,0,4642,7200,80,255,1
1767785761.2547364,6969619580540723221,52952,0,23,20,57,5417,15,32,0,4641,7200,80,255,1
1767785762.2556903,6969619580540723221,52974,0,23,20,57,5417,15,32,0,4640,7200,80,255,1
1767785763.744599,6969619580540723221,53007,0,23,20,57,5417,15,32,0,4638,7200,80,255,1
1767785764.7451205,6969619580540723221,53029,0,23,20,57,5417,15,32,0,4637,7200,80,255,1
1767785765.7613428,6969619580540723221,53050,0,23,20,57,5417,15,32,0,4636,7200,80,255,1
1767785767.243664,6969619580540723221,53081,0,23,20,57,5417,15,32,0,4635,7200,80,255,1
1767785768.749662,6969619580540723221,53113,0,23,20,57,5417,15,32,0,4633,7200,80,255,1
1767785769.7600384,6969619580540723221,53136,0,23,20,57,5417,15,32,0,4632,7200,80,255,1
1767785771.256855,6969619580540723221,53168,0,23,20,57,5417,15,32,0,4631,7200,80,255,1
1767785772.748805,6969619580540723221,53200,0,23,20,57,5417,15,32,0,4629,7200,80,255,1
1767785774.2442338,6969619580540723221,53232,0,23,20,57,5417,15,32,0,4628,7200,80,255,1
1767785775.2595673,6969619580540723221,53254,0,23,20,57,5417,15,32,0,4627,7200,80,255,1
1767785776.7545726,6969619580540723221,53286,0,23,20,57,5417,15,32,0,4625,7200,80,255,1
1767785778.2507489,6969619580540723221,53318,0,23,20,57,5417,15,32,0,4624,7200,80,255,1
1767785779.743704,6969619580540723221,53349,0,23,20,57,5417,15,32,0,4622,7200,80,255,1
1767785781.2614057,6969619580540723221,53382,0,23,20,57,5417,15,32,0,4621,7200,80,255,1
1767785782.755379,6969619580540723221,53416,0,23,20,57,5417,15,32,0,4619,7200,80,255,1
1767785784.256997,6969619580540723221,53448,0,23,20,57,5417,15,32,0,4618,7200,80,255,1
1767785785.7424335,6969619580540723221,53479,0,23,20,57,5417,15,32,0,4616,7200,80,255,1
1767785786.7584696,6969619580540723221,53501,0,23,20,57,5417,15,32,0,4615,7200,80,255,1
1767785788.2536507,6969619580540723221,53533,0,23,20,57,5417,15,32,0,4614,7200,80,255,1
1767785789.7479198,6969619580540723221,53565,0,23,20,57,5417,15,32,0,4612,7200,80,255,1
1767785791.2429373,6969619580540723221,53597,0,23,20,57,5417,15,32,0,4611,7200,80,255,1
1767785792.257222,6969619580540723221,53620,0,23,20,57,5417,15,32,0,4610,7200,80,255,1
1767785793.7497475,6969619580540723221,53651,0,23,20,57,5417,15,32,0,4608,7200,80,255,1
1767785795.2610776,6969619580540723221,53684,0,23,20,57,5417,15,32,0,4607,7200,80,255,1
1767785796.7420416,6969619580540723221,53716,0,23,20,57,5417,15,32,0,4605,7200,80,255,1
1767785797.749794,6969619580540723221,53739,0,23,20,57,5417,15,32,0,4604,7200,80,255,1
1767785798.7582822,6969619580540723221,53762,0,23,20,57,5417,15,32,0,4603,7200,80,255,1
1767785800.2606766,6969619580540723221,53793,0,23,20,57,5417,15,32,0,4602,7200,80,255,1
1767785801.74417,6969619580540723221,53825,0,23,20,57,5417,15,32,0,4600,7200,80,255,1
1767785802.7605858,6969619580540723221,53848,0,23,20,57,5417,15,32,0,4599,7200,80,255,1
1767785804.2445276,6969619580540723221,53879,0,23,20,57,5417,15,32,0,4598,7200,80,255,1
1767785805.2510233,6969619580540723221,53900,0,23,20,57,5417,15,32,0,4597,7200,80,255,1
1767785806.2539508,6969619580540723221,53921,0,23,20,57,5417,15,32,0,4596,7200,80,255,1
1767785807.743403,6969619580540723221,53952,0,23,20,57,5417,15,32,0,4594,7200,80,255,1
1767785808.7531874,6969619580540723221,53975,0,23,20,57,5417,15,32,0,4593,7200,80,255,1
1767785810.2546139,6969619580540723221,54008,0,23,20,57,5417,15,32,0,4592,7200,80,255,1
1767785811.7423062,6969619580540723221,54039,0,23,20,57,5417,15,32,0,4590,7200,80,255,1
1767785812.7597833,6969619580540723221,54061,0,23,20,57,5417,15,32,0,4589,7200,80,255,1
1767785814.2480133,6969619580540723221,54092,0,23,20,57,5417,15,32,0,4588,7200,80,255,1
1767785815.747474,6969619580540723221,54125,0,23,20,57,5417,15,32,0,4586,7200,80,255,1
1767785817.2418833,6969619580540723221,54156,0,23,20,57,5417,15,32,0,4585,7200,80,255,1
1767785818.2509248,6969619580540723221,54177,0,23,20,57,5417,15,32,0,4584,7200,80,255,1
1767785819.2509325,6969619580540723221,54199,0,23,20,57,5417,15,32,0,4583,7200,80,255,1
1767785820.2510684,6969619580540723221,54221,0,23,20,57,5417,15,32,0,4582,7200,80,255,1
1767785821.7568786,6969619580540723221,54253,0,23,20,57,5417,15,32,0,4580,7200,80,255,1
1767785823.246875,6969619580540723221,54284,0,23,20,57,5417,15,32,0,4579,7200,80,255,1
1767785824.2499154,6969619580540723221,54306,0,23,20,57,5417,15,32,0,4578,7200,80,255,1
1767785825.7597787,6969619580540723221,54339,0,23,20,57,5417,15,32,0,4576,7200,80,255,1
1767785827.2442138,6969619580540723221,54370,0,23,20,57,5417,15,32,0,4575,7200,80,255,1
1767785828.260626,6969619580540723221,54391,0,23,20,57,5417,15,32,0,4574,7200,80,255,1
1767785829.741286,6969619580540723221,54424,0,23,20,57,5417,15,32,0,4572,7200,80,255,1
1767785830.7444422,6969619580540723221,54445,0,23,20,57,5417,15,32,0,4571,7200,80,255,1
1767785831.7469044,6969619580540723221,54468,0,23,20,57,5417,15,32,0,4570,7200,80,255,1
1767785833.253167,6969619580540723221,54501,0,23,20,57,5417,15,32,0,4569,7200,80,255,1
1767785834.745609,6969619580540723221,54531,0,23,20,57,5417,15,32,0,4567,7200,80,255,1
1767785836.2560425,6969619580540723221,54562,0,23,20,57,5417,15,32,0,4566,7200,80,255,1
1767785837.7468014,6969619580540723221,54592,0,23,20,57,5417,15,32,0,4564,7200,80,255,1
1767785838.7554061,6969619580540723221,54614,0,23,20,57,5417,15,32,0,4563,7200,80,255,1
1767785840.2498267,6969619580540723221,54646,0,23,20,57,5417,15,32,0,4562,7200,80,255,1
1767785841.2510808,6969619580540723221,54669,0,23,20,57,5417,15,32,0,4561,7200,80,255,1
1767785842.7426813,6969619580540723221,54700,0,23,20,57,5417,15,32,0,4559,7200,80,255,1
1767785843.75183,6969619580540723221,54722,0,23,20,57,5417,15,32,0,4558,7200,80,255,1
1767785845.2556512,6969619580540723221,54753,0,23,20,57,5417,15,32,0,4557,7200,80,255,1
1767785846.7509055,6969619580540723221,54786,0,23,20,57,5417,15,32,0,4555,7200,80,255,1
1767785848.2549715,6969619580540723221,54819,0,23,20,57,5417,15,32,0,4554,7200,80,255,1
1767785849.747962,6969619580540723221,54851,0,23,20,57,5417,15,32,0,4552,7200,80,255,1
1767785850.7507923,6969619580540723221,54871,0,23,20,57,5417,15,32,0,4551,7200,80,255,1
1767785851.7508502,6969619580540723221,54891,0,23,20,57,5417,15,32,0,4550,7200,80,255,1
1767785852.7572432,6969619580540723221,54913,0,23,20,57,5417,15,32,0,4549,7200,80,255,1
1767785854.2521617,6969619580540723221,54944,0,23,20,57,5417,15,32,0,4548,7200,80,255,1
1767785855.2533894,6969619580540723221,54964,0,23,20,57,5417,15,32,0,4547,7200,80,255,1
1767785856.7546504,6969619580540723221,54997,0,23,20,57,5417,15,32,0,4545,7200,80,255,1
1767785857.7554803,6969619580540723221,55018,0,23,20,57,5417,15,32,0,4544,7200,80,255,1
1767785858.7595892,6969619580540723221,55040,0,23,20,57,5417,15,32,0,4543,7200,80,255,1
1767785860.2570345,6969619580540723221,55072,0,23,20,57,5417,15,32,0,4542,7200,80,255,1
1767785861.7468684,6969619580540723221,55104,0,23,20,57,5417,15,32,0,4540,7200,80,255,1
1767785862.7567863,6969619580540723221,55126,0,23,20,57,5417,15,32,0,4539,7200,80,255,1
1767785864.2556596,6969619580540723221,55158,0,23,20,57,5417,15,32,0,4538,7200,80,255,1
1767785865.745194,6969619580540723221,55192,0,23,20,57,5417,15,32,0,4536,7200,80,255,1
1767785866.756559,6969619580540723221,55216,0,23,20,57,5417,15,32,0,4535,7200,80,255,1
1767785868.2454996,6969619580540723221,55248,0,23,20,57,5417,15,32,0,4534,7200,80,255,1
1767785869.2468293,6969619580540723221,55269,0,23,20,57,5417,15,32,0,4533,7200,80,255,1
1767785870.2530239,6969619580540723221,55290,0,23,20,57,5417,15,32,0,4532,7200,80,255,1
1767785871.2537804,6969619580540723221,55312,0,23,20,57,5417,15,32,0,4531,7200,80,255,1
1767785872.74309,6969619580540723221,55344,0,23,20,57,5417,15,32,0,4529,7200,80,255,1
1767785873.7528975,6969619580540723221,55365,0,23,20,57,5417,15,32,0,4528,7200,80,255,1
1767785874.7553062,6969619580540723221,55386,0,23,20,57,5417,15,32,0,4527,7200,80,255,1
1767785875.759767,6969619580540723221,55407,0,23,20,57,5417,15,32,0,4526,7200,80,255,1
1767785877.2586412,6969619580540723221,55438,0,23,20,57,5417,15,32,0,4525,7200,80,255,1
1767785878.7536101,6969619580540723221,55470,0,23,20,57,5417,15,32,0,4523,7200,80,255,1
1767785880.2453072,6969619580540723221,55501,0,23,20,57,5417,15,32,0,4522,7200,80,255,1
1767785881.253382,6969619580540723221,55523,0,23,20,57,5417,15,32,0,4521,7200,80,255,1
1767785882.7486029,6969619580540723221,55556,0,23,20,57,5417,15,32,0,4519,7200,80,255,1
1767785883.7557511,6969619580540723221,55577,0,23,20,57,5417,15,32,0,4518,7200,80,255,1
1767785885.2594688,6969619580540723221,55609,0,23,20,57,5417,15,32,0,4517,7200,80,255,1
1767785886.7468626,6969619580540723221,55640,0,23,20,57,5417,15,32,0,4515,7200,80,255,1
1767785887.7572274,6969619580540723221,55662,0,23,20,57,5417,15,32,0,4514,7200,80,255,1
1767785889.2578135,6969619580540723221,55694,0,23,20,57,5417,15,32,0,4513,7200,80,255,1
1767785890.7441463,6969619580540723221,55727,0,23,20,57,5417,15,32,0,4511,7200,80,255,1
1767785891.7494516,6969619580540723221,55748,0,23,20,57,5417,15,32,0,4510,7200,80,255,1
1767785892.750862,6969619580540723221,55768,0,23,20,57,5417,15,32,0,4509,7200,80,255,1
1767785894.2481909,6969619580540723221,55800,0,23,20,57,5417,15,32,0,4508,7200,80,255,1
1767785895.7438602,6969619580540723221,55831,0,23,20,57,5417,15,32,0,4506,7200,80,255,1
1767785896.7446268,6969619580540723221,55853,0,23,20,57,5417,15,32,0,4505,7200,80,255,1
1767785897.7532027,6969619580540723221,55875,0,23,20,57,5417,15,32,0,4504,7200,80,255,1
1767785899.2451959,6969619580540723221,55906,0,23,20,57,5417,15,32,0,4503,7200,80,255,1
1767785900.2481897,6969619580540723221,55927,0,23,20,57,5417,15,32,0,4502,7200,80,255,1
1767785901.252523,6969619580540723221,55948,0,23,20,57,5417,15,32,0,4501,7200,80,255,1
1767785902.259712,6969619580540723221,55969,0,23,20,57,5417,15,32,0,4500,7200,80,255,1
1767785903.756045,6969619580540723221,56001,0,23,20,57,5417,15,32,0,4498,7200,80,255,1
1767785905.2482722,6969619580540723221,56033,0,23,20,57,5417,15,32,0,4497,7200,80,255,1
1767785906.2498198,6969619580540723221,56054,0,23,20,57,5417,15,32,0,4496,7200,80,255,1
1767785907.2544453,6969619580540723221,56075,0,23,20,57,5417,15,32,0,4495,7200,80,255,1
1767785908.7498426,6969619580540723221,56107,0,23,20,57,5417,15,32,0,4493,7200,80,255,1
1767785909.7510257,6969619580540723221,56127,0,23,20,57,5417,15,32,0,4492,7200,80,255,1
1767785911.248024,6969619580540723221,56159,0,23,20,57,5417,15,32,0,4491,7200,80,255,1
1767785912.25795,6969619580540723221,56181,0,23,20,57,5417,15,32,0,4490,7200,80,255,1
1767785913.7559588,6969619580540723221,56215,0,23,20,57,5417,15,32,0,4488,7200,80,255,1
1767785915.2430248,6969619580540723221,56249,0,23,20,57,5417,15,32,0,4487,7200,80,255,1
1767785916.247215,6969619580540723221,56272,0,23,20,57,5417,15,32,0,4486,7200,80,255,1
1767785917.746069,6969619580540723221,56304,0,23,20,57,5417,15,32,0,4484,7200,80,255,1
1767785918.7487242,6969619580540723221,56325,0,23,20,57,5417,15,32,0,4483,7200,80,255,1
1767785919.7508466,6969619580540723221,56347,0,23,20,57,5417,15,32,0,4482,7200,80,255,1
1767785920.7534153,6969619580540723221,56369,0,23,20,57,5417,15,32,0,4481,7200,80,255,1
1767785921.755734,6969619580540723221,56391,0,23,20,57,5417,15,32,0,4480,7200,80,255,1
1767785922.7632234,6969619580540723221,56414,0,23,20,57,5417,15,32,0,4479,7200,80,255,1
1767785924.2532067,6969619580540723221,56445,0,23,20,57,5417,15,32,0,4478,7200,80,255,1
1767785925.7540867,6969619580540723221,56476,0,23,20,57,5417,15,32,0,4476,7200,80,255,1
1767785927.2482314,6969619580540723221,56507,0,23,20,57,5417,15,32,0,4475,7200,80,255,1
1767785928.2582965,6969619580540723221,56528,0,23,20,57,5417,15,32,0,4474,7200,80,255,1
1767785929.2619216,6969619580540723221,56550,0,23,20,57,5417,15,32,0,4473,7200,80,255,1
1767785930.7468638,6969619580540723221,56581,0,23,20,57,5417,15,32,0,4471,7200,80,255,1
1767785931.7481453,6969619580540723221,56602,0,23,20,57,5417,15,32,0,4470,7200,80,255,1
1767785932.7497199,6969619580540723221,56624,0,23,20,57,5417,15,32,0,4469,7200,80,255,1
1767785934.244152,6969619580540723221,56656,0,23,20,57,5417,15,32,0,4468,7200,80,255,1
1767785935.2508066,6969619580540723221,56678,0,23,20,57,5417,15,32,0,4467,7200,80,255,1
1767785936.259431,6969619580540723221,56698,0,23,20,57,5417,15,32,0,4466,7200,80,255,1
1767785937.7470655,6969619580540723221,56730,0,23,20,57,5417,15,32,0,4464,7200,80,255,1
1767785938.7507136,6969619580540723221,56753,0,23,20,57,5417,15,32,0,4463,7200,80,255,1
1767785939.7571778,6969619580540723221,56773,0,23,20,57,5417,15,32,0,4462,7200,80,255,1
1767785940.7613795,6969619580540723221,56796,0,23,20,57,5417,15,32,0,4461,7200,80,255,1
1767785942.246475,6969619580540723221,56827,0,23,20,57,5417,15,32,0,4460,7200,80,255,1
1767785943.248218,6969619580540723221,56848,0,23,20,57,5417,15,32,0,4459,7200,80,255,1
1767785944.2580743,6969619580540723221,56869,0,23,20,57,5417,15,32,0,4458,7200,80,255,1
1767785945.7547235,6969619580540723221,56901,0,23,20,57,5417,15,32,0,4456,7200,80,255,1
1767785947.2440524,6969619580540723221,56933,0,23,20,57,5417,15,32,0,4455,7200,80,255,1
1767785948.2488027,6969619580540723221,56955,0,23,20,57,5417,15,32,0,4454,7200,80,255,1
1767785949.2597575,6969619580540723221,56977,0,23,20,57,5417,15,32,0,4453,7200,80,255,1
1767785950.7479625,6969619580540723221,57009,0,23,20,57,5417,15,32,0,4451,7200,80,255,1
1767785952.244194,6969619580540723221,57040,0,23,20,57,5417,15,32,0,4450,7200,80,255,1
1767785953.2508829,6969619580540723221,57062,0,23,20,57,5417,15,32,0,4449,7200,80,255,1
1767785954.7494538,6969619580540723221,57093,0,23,20,57,5417,15,32,0,4447,7200,80,255,1
1767785955.757979,6969619580540723221,57114,0,23,20,57,5417,15,32,0,4446,7200,80,255,1
1767785957.258559,6969619580540723221,57145,0,23,20,57,5417,15,32,0,4445,7200,80,255,1
1767785958.755489,6969619580540723221,57176,0,23,20,57,5417,15,32,0,4443,7200,80,255,1
1767785960.2430692,6969619580540723221,57208,0,23,20,57,5417,15,32,0,4442,7200,80,255,1
1767785961.2547295,6969619580540723221,57229,0,23,20,57,5417,15,32,0,4441,7200,80,255,1
1767785962.7460692,6969619580540723221,57259,0,23,20,57,5417,15,32,0,4439,7200,80,255,1
1767785964.24392,6969619580540723221,57291,0,23,19,57,5417,15,32,0,4438,7200,80,255,1
1767785965.247958,6969619580540723221,57314,0,23,19,57,5417,15,32,0,4437,7200,80,255,1
1767785966.2481287,6969619580540723221,57336,0,23,19,57,5417,15,32,0,4436,7200,80,255,1
1767785967.7460468,6969619580540723221,57367,0,23,19,57,5417,15,32,0,4434,7200,80,255,1
1767785968.7552013,6969619580540723221,57389,0,23,19,57,5417,15,32,0,4433,7200,80,255,1
1767785969.755449,6969619580540723221,57410,0,23,19,57,5417,15,32,0,4432,7200,80,255,1
1767785971.2572396,6969619580540723221,57441,0,23,19,57,5417,15,32,0,4431,7200,80,255,1
1767785972.7468805,6969619580540723221,57472,0,23,19,57,5417,15,32,0,4429,7200,80,255,1
1767785974.2595556,6969619580540723221,57509,0,23,19,57,5417,15,32,0,4428,7200,80,255,1
1767785975.7477155,6969619580540723221,57542,0,23,19,57,5417,15,32,0,4426,7200,80,255,1
1767785977.243003,6969619580540723221,57574,0,23,19,57,5417,15,32,0,4425,7200,80,255,1
1767785978.2499692,6969619580540723221,57596,0,23,19,57,5417,15,32,0,4424,7200,80,255,1
1767785979.2570496,6969619580540723221,57618,0,23,19,57,5417,15,32,0,4423,7200,80,255,1
1767785980.7517502,6969619580540723221,57649,0,23,19,57,5417,15,32,0,4421,7200,80,255,1
1767785981.7621133,6969619580540723221,57670,0,23,19,57,5417,15,32,0,4420,7200,80,255,1
1767785983.2443554,6969619580540723221,57703,0,23,19,57,5417,15,32,0,4419,7200,80,255,1
1767785984.744027,6969619580540723221,57737,0,23,19,57,5417,15,32,0,4417,7200,80,255,1
1767785985.7518697,6969619580540723221,57759,0,23,19,57,5417,15,32,0,4416,7200,80,255,1
1767785986.7521083,6969619580540723221,57780,0,23,19,57,5417,15,32,0,4415,7200,80,255,1
1767785988.2470396,6969619580540723221,57812,0,23,19,57,5417,15,32,0,4414,7200,80,255,1
1767785989.253146,6969619580540723221,57834,0,23,19,57,5417,15,32,0,4413,7200,80,255,1
1767785990.7428665,6969619580540723221,57867,0,23,19,57,5417,15,32,0,4411,7200,80,255,1
1767785991.7436624,6969619580540723221,57889,0,23,19,57,5417,15,32,0,4410,7200,80,255,1
1767785992.7571049,6969619580540723221,57911,0,23,19,57,5417,15,32,0,4409,7200,80,255,1
1767785993.7596622,6969619580540723221,57935,0,23,19,57,5417,15,32,0,4408,7200,80,255,1
1767785995.2497487,6969619580540723221,57967,0,23,19,57,5417,15,32,0,4407,7200,80,255,1
1767785996.2505984,6969619580540723221,57988,0,23,19,57,5417,15,32,0,4406,7200,80,255,1
1767785997.2558067,6969619580540723221,58009,0,23,19,57,5417,15,32,0,4405,7200,80,255,1
1767785998.745012,6969619580540723221,58041,0,23,19,57,5417,15,32,0,4403,7200,80,255,1
1767785999.7527626,6969619580540723221,58063,0,23,19,57,5417,15,32,0,4402,7200,80,255,1
1767786001.2456844,6969619580540723221,58095,0,23,19,57,5417,15,32,0,4401,7200,80,255,1
1767786002.245998,6969619580540723221,58115,0,23,19,57,5417,15,32,0,4400,7200,80,255,1
1767786003.2481923,6969619580540723221,58136,0,23,19,57,5417,15,32,0,4399,7200,80,255,1
1767786004.2497294,6969619580540723221,58157,0,23,19,57,5417,15,32,0,4398,7200,80,255,1
1767786005.2509246,6969619580540723221,58178,0,23,19,57,5417,15,32,0,4397,7200,80,255,1
1767786006.25375,6969619580540723221,58201,0,23,19,57,5417,15,32,0,4396,7200,80,255,1
1767786007.7534847,6969619580540723221,58233,0,23,19,57,5417,15,32,0,4394,7200,80,255,1
1767786009.251946,6969619580540723221,58266,0,23,19,57,5417,15,32,0,4393,7200,80,255,1
1767786010.2594168,6969619580540723221,58287,0,23,19,57,5417,15,32,0,4392,7200,80,255,1
1767786011.7494988,6969619580540723221,58320,0,23,19,57,5417,15,32,0,4390,7200,80,255,1
1767786013.2482076,6969619580540723221,58352,0,23,19,57,5417,15,32,0,4389,7200,80,255,1
1767786014.7535715,6969619580540723221,58384,0,23,19,57,5417,15,32,0,4387,7200,80,255,1
1767786015.755102,6969619580540723221,58405,0,23,19,57,5417,15,32,0,4386,7200,80,255,1
1767786016.7584848,6969619580540723221,58427,0,23,19,57,5417,15,32,0,4385,7200,80,255,1
1767786017.761895,6969619580540723221,58448,0,23,19,57,5417,15,32,0,4384,7200,80,255,1
1767786019.2453198,6969619580540723221,58480,0,23,19,57,5417,15,32,0,4383,7200,80,255,1
1767786020.7437658,6969619580540723221,58514,0,23,19,57,5417,15,32,0,4381,7200,80,255,1
1767786022.243162,6969619580540723221,58547,0,23,19,57,5417,15,32,0,4380,7200,80,255,1
1767786023.2445295,6969619580540723221,58569,0,23,19,57,5417,15,32,0,4379,7200,80,255,1
1767786024.2593427,6969619580540723221,58592,0,23,19,57,5417,15,32,0,4378,7200,80,255,1
1767786025.7444127,6969619580540723221,58623,0,23,19,57,5417,15,32,0,4376,7200,80,255,1
1767786026.7579713,6969619580540723221,58645,0,23,19,57,5417,15,32,0,4375,7200,80,255,1
1767786028.2582061,6969619580540723221,58677,0,23,19,57,5417,15,32,0,4374,7200,80,255,1
1767786029.7439396,6969619580540723221,58710,0,23,19,57,5417,15,32,0,4372,7200,80,255,1
1767786030.751893,6969619580540723221,58732,0,23,19,57,5417,15,32,0,4371,7200,80,255,1
1767786031.7529702,6969619580540723221,58754,0,23,19,57,5417,15,32,0,4370,7200,80,255,1
1767786033.249712,6969619580540723221,58787,0,23,19,57,5417,15,32,0,4369,7200,80,255,1
1767786034.249821,6969619580540723221,58808,0,23,19,57,5417,15,32,0,4368,7200,80,255,1
1767786035.7480557,6969619580540723221,58841,0,23,19,57,5417,15,32,0,4366,7200,80,255,1
1767786036.7505343,6969619580540723221,58863,0,23,19,57,5417,15,32,0,4365,7200,80,255,1
1767786037.7553425,6969619580540723221,58885,0,23,19,57,5417,15,32,0,4364,7200,80,255,1
1767786039.2474482,6969619580540723221,58915,0,23,19,57,5417,15,32,0,4363,7200,80,255,1
1767786040.74431,6969619580540723221,58948,0,23,19,57,5417,15,32,0,4361,7200,80,255,1
1767786041.7547088,6969619580540723221,58970,0,23,19,57,5417,15,32,0,4360,7200,80,255,1
1767786042.755014,6969619580540723221,58990,0,23,19,57,5417,15,32,0,4359,7200,80,255,1
1767786043.759681,6969619580540723221,59013,0,23,19,57,5417,15,32,0,4358,7200,80,255,1
1767786045.2476475,6969619580540723221,59045,0,23,19,57,5417,15,32,0,4357,7200,80,255,1
1767786046.256214,6969619580540723221,59067,0,23,19,57,5417,15,32,0,4356,7200,80,255,1
1767786047.256885,6969619580540723221,59088,0,23,19,57,5417,15,32,0,4355,7200,80,255,1
1767786048.756985,6969619580540723221,59120,0,23,19,57,5417,15,32,0,4353,7200,80,255,1
1767786050.2570813,6969619580540723221,59153,0,23,19,57,5417,15,32,0,4352,7200,80,255,1
1767786051.761919,6969619580540723221,59185,0,23,19,57,5417,15,32,0,4350,7200,80,255,1
1767786053.2544374,6969619580540723221,59217,0,23,19,57,5417,15,32,0,4349,7200,80,255,1
1767786054.7505424,6969619580540723221,59248,0,23,19,57,5417,15,32,0,4347,7200,80,255,1
1767786056.247139,6969619580540723221,59280,0,23,19,57,5417,15,32,0,4346,7200,80,255,1
1767786057.2495713,6969619580540723221,59302,0,23,19,57,5417,15,32,0,4345,7200,80,255,1
1767786058.25316,6969619580540723221,59323,0,23,19,57,5417,15,32,0,4344,7200,80,255,1
1767786059.7493,6969619580540723221,59358,0,23,19,57,5417,15,32,0,4342,7200,80,255,1
1767786060.7553813,6969619580540723221,59380,0,23,19,57,5417,15,32,0,4341,7200,80,255,1
1767786061.7606628,6969619580540723221,59401,0,23,19,57,5417,15,32,0,4340,7200,80,255,1
1767786063.2450414,6969619580540723221,59433,0,23,19,57,5417,15,32,0,4339,7200,80,255,1
1767786064.7432802,6969619580540723221,59465,0,23,19,57,5417,15,32,0,4337,7200,80,255,1
1767786065.758036,6969619580540723221,59489,0,23,19,57,5417,15,32,0,4336,7200,80,255,1
1767786067.2498524,6969619580540723221,59521,0,23,19,57,5417,15,32,0,4335,7200,80,255,1
1767786068.7479324,6969619580540723221,59553,0,23,19,57,5417,15,32,0,4333,7200,80,255,1
1767786069.7567987,6969619580540723221,59574,0,23,19,57,5417,15,32,0,4332,7200,80,255,1
1767786071.2494392,6969619580540723221,59607,0,23,19,57,5417,15,32,0,4331,7200,80,255,1
1767786072.758259,6969619580540723221,59639,0,23,19,57,5417,15,32,0,4329,7200,80,255,1
1767786074.247093,6969619580540723221,59670,0,23,19,57,5417,15,32,0,4328,7200,80,255,1
1767786075.257585,6969619580540723221,59692,0,23,19,57,5417,15,32,0,4327,7200,80,255,1
1767786076.7483068,6969619580540723221,59724,0,23,19,57,5417,15,32,0,4325,7200,80,255,1
1767786077.7542791,6969619580540723221,59746,0,23,19,57,5417,15,32,0,4324,7200,80,255,1
1767786079.2517858,6969619580540723221,59780,0,23,19,57,5417,15,32,0,4323,7200,80,255,1
1767786080.2597792,6969619580540723221,59801,0,23,19,57,5417,15,32,0,4322,7200,80,255,1
1767786081.7537863,6969619580540723221,59834,0,23,19,57,5417,15,32,0,4320,7200,80,255,1
1767786083.2560098,6969619580540723221,59867,0,23,19,57,5417,15,32,0,4319,7200,80,255,1
1767786084.7508485,6969619580540723221,59899,0,23,19,57,5417,15,32,0,4317,7200,80,255,1
1767786085.7581782,6969619580540723221,59920,0,23,19,57,5417,15,32,0,4316,7200,80,255,1
1767786086.75834,6969619580540723221,59943,0,23,19,57,5417,15,32,0,4315,7200,80,255,1
1767786087.7594614,6969619580540723221,59965,0,23,19,57,5417,15,32,0,4314,7200,80,255,1
1767786089.251776,6969619580540723221,59997,0,23,19,57,5417,15,32,0,4313,7200,80,255,1
1767786090.257094,6969619580540723221,60017,0,23,19,57,5417,15,32,0,4312,7200,80,255,1
1767786091.754817,6969619580540723221,60050,0,23,19,57,5417,15,32,0,4310,7200,80,255,1
1767786093.2450624,6969619580540723221,60085,0,23,19,57,5417,15,32,0,4309,7200,80,255,1
1767786094.253238,6969619580540723221,60106,0,23,19,57,5417,15,32,0,4308,7200,80,255,1
1767786095.2542648,6969619580540723221,60127,0,23,19,57,5417,15,32,0,4307,7200,80,255,1
1767786096.2569916,6969619580540723221,60148,0,23,19,57,5417,15,32,0,4306,7200,80,255,1
1767786097.7468874,6969619580540723221,60179,0,23,19,57,5417,15,32,0,4304,7200,80,255,1
1767786098.7555566,6969619580540723221,60199,0,23,19,57,5417,15,32,0,4303,7200,80,255,1
1767786100.2542539,6969619580540723221,60231,0,23,19,57,5417,15,32,0,4302,7200,80,255,1
1767786101.7494864,6969619580540723221,60264,0,23,19,57,5417,15,32,0,4300,7200,80,255,1
1767786102.7539892,6969619580540723221,60287,0,23,19,57,5417,15,32,0,4299,7200,80,255,1
1767786104.2464612,6969619580540723221,60318,0,23,19,57,5417,15,32,0,4298,7200,80,255,1
1767786105.2544527,6969619580540723221,60339,0,23,19,57,5417,15,32,0,4297,7200,80,255,1
1767786106.7520287,6969619580540723221,60372,0,23,19,57,5417,15,32,0,4295,7200,80,255,1
1767786107.7556193,6969619580540723221,60392,0,23,19,57,5417,15,32,0,4294,7200,80,255,1
1767786108.759431,6969619580540723221,60413,0,23,19,57,5417,15,32,0,4293,7200,80,255,1
1767786109.761973,6969619580540723221,60435,0,23,19,57,5417,15,32,0,4292,7200,80,255,1
1767786111.2439232,6969619580540723221,60468,0,23,19,57,5417,15,32,0,4291,7200,80,255,1
1767786112.2470813,6969619580540723221,60490,0,23,19,57,5417,15,32,0,4290,7200,80,255,1
1767786113.2527134,6969619580540723221,60512,0,23,19,57,5417,15,32,0,4289,7200,80,255,1
1767786114.2607327,6969619580540723221,60534,0,23,19,57,5417,15,32,0,4288,7200,80,255,1
1767786115.747192,6969619580540723221,60567,0,23,19,57,5417,15,32,0,4286,7200,80,255,1
1767786116.7537858,6969619580540723221,60587,0,23,19,57,5417,15,32,0,4285,7200,80,255,1
1767786118.2480757,6969619580540723221,60620,0,23,19,57,5417,15,32,0,4284,7200,80,255,1
1767786119.2536461,6969619580540723221,60641,0,23,19,57,5417,15,32,0,4283,7200,80,255,1
1767786120.257961,6969619580540723221,60662,0,23,19,57,5417,15,32,0,4282,7200,80,255,1
1767786121.7468011,6969619580540723221,60695,0,23,19,57,5417,15,32,0,4280,7200,80,255,1
1767786122.7478428,6969619580540723221,60717,0,23,19,57,5417,15,32,0,4279,7200,80,255,1
1767786123.756921,6969619580540723221,60738,0,23,19,57,5417,15,32,0,4278,7200,80,255,1
1767786125.2532935,6969619580540723221,60770,0,23,19,57,5417,15,32,0,4277,7200,80,255,1
1767786126.258224,6969619580540723221,60792,0,23,19,57,5417,15,32,0,4276,7200,80,255,1
1767786127.7530367,6969619580540723221,60825,0,23,19,57,5417,15,32,0,4274,7200,80,255,1
1767786129.2472434,6969619580540723221,60859,0,23,19,57,5417,15,32,0,4273,7200,80,255,1
1767786130.249266,6969619580540723221,60881,0,23,19,57,5417,15,32,0,4272,7200,80,255,1
1767786131.2594814,6969619580540723221,60902,0,23,19,57,5417,15,32,0,4271,7200,80,255,1
1767786132.750836,6969619580540723221,60932,0,23,19,57,5417,15,32,0,4269,7200,80,255,1
1767786134.2467868,6969619580540723221,60966,0,23,19,57,5417,15,32,0,4268,7200,80,255,1
1767786135.256049,6969619580540723221,60986,0,23,19,57,5417,15,32,0,4267,7200,80,255,1
1767786136.7497683,6969619580540723221,61019,0,23,19,57,5417,15,32,0,4265,7200,80,255,1
1767786138.2452981,6969619580540723221,61051,0,23,19,57,5417,15,32,0,4264,7200,80,255,1
1767786139.2606268,6969619580540723221,61072,0,23,19,57,5417,15,32,0,4263,7200,80,255,1
1767786140.7481592,6969619580540723221,61106,0,23,19,57,5417,15,32,0,4261,7200,80,255,1
1767786142.2427685,6969619580540723221,61140,0,23,19,57,5417,15,32,0,4260,7200,80,255,1
1767786143.2485137,6969619580540723221,61164,0,23,19,57,5417,15,32,0,4259,7200,80,255,1
1767786144.2498734,6969619580540723221,61185,0,23,19,57,5417,15,32,0,4258,7200,80,255,1
1767786145.2547019,6969619580540723221,61206,0,23,19,57,5417,15,32,0,4257,7200,80,255,1
1767786146.2595918,6969619580540723221,61227,0,23,19,57,5417,15,32,0,4256,7200,80,255,1
1767786147.7548218,6969619580540723221,61259,0,23,19,57,5417,15,32,0,4254,7200,80,255,1
1767786149.2608638,6969619580540723221,61293,0,23,19,57,5417,15,32,0,4253,7200,80,255,1
1767786150.7557695,6969619580540723221,61325,0,23,19,57,5417,15,32,0,4251,7200,80,255,1
1767786151.7619212,6969619580540723221,61347,0,23,19,57,5417,15,32,0,4250,7200,80,255,1
1767786153.2495916,6969619580540723221,61378,0,23,19,57,5417,15,32,0,4249,7200,80,255,1
1767786154.7479792,6969619580540723221,61410,0,23,19,57,5417,15,32,0,4247,7200,80,255,1
1767786155.7517955,6969619580540723221,61431,0,23,19,57,5417,15,32,0,4246,7200,80,255,1
1767786157.2616556,6969619580540723221,61464,0,23,19,57,5417,15,32,0,4245,7200,80,255,1
1767786158.7553952,6969619580540723221,61495,0,23,19,57,5417,15,32,0,4243,7200,80,255,1
1767786159.759555,6969619580540723221,61517,0,23,19,57,5417,15,32,0,4242,7200,80,255,1
1767786161.2537014,6969619580540723221,61550,0,23,19,57,5417,15,32,0,4241,7200,80,255,1
1767786162.26079,6969619580540723221,61572,0,23,19,57,5417,15,32,0,4240,7200,80,255,1
1767786163.7452526,6969619580540723221,61602,0,23,19,57,5417,15,32,0,4238,7200,80,255,1
1767786164.7453427,6969619580540723221,61624,0,23,19,57,5417,15,32,0,4237,7200,80,255,1
1767786166.2459757,6969619580540723221,61656,0,23,19,57,5417,15,32,0,4236,7200,80,255,1
1767786167.7462025,6969619580540723221,61688,0,23,19,57,5417,15,32,0,4234,7200,80,255,1
1767786169.2444618,6969619580540723221,61721,0,23,19,57,5417,15,32,0,4233,7200,80,255,1
1767786170.2556052,6969619580540723221,61745,0,23,19,57,5417,15,32,0,4232,7200,80,255,1
1767786171.7567372,6969619580540723221,61779,0,23,19,57,5417,15,32,0,4230,7200,80,255,1
1767786173.2570941,6969619580540723221,61811,0,23,19,57,5417,15,32,0,4229,7200,80,255,1
1767786174.7468348,6969619580540723221,61841,0,23,19,57,5417,15,32,0,4227,7200,80,255,1
1767786176.243225,6969619580540723221,61874,0,23,19,57,5417,15,32,0,4226,7200,80,255,1
1767786177.2447433,6969619580540723221,61896,0,23,19,57,5417,15,32,0,4225,7200,80,255,1
1767786178.253072,6969619580540723221,61917,0,23,19,57,5417,15,32,0,4224,7200,80,255,1
1767786179.7476313,6969619580540723221,61949,0,23,19,57,5417,15,32,0,4222,7200,80,255,1
1767786180.7544603,6969619580540723221,61971,0,23,19,57,5417,15,32,0,4221,7200,80,255,1
1767786181.7586706,6969619580540723221,61994,0,23,19,57,5417,15,32,0,4220,7200,80,255,1
1767786183.2600365,6969619580540723221,62026,0,23,19,57,5417,15,32,0,4219,7200,80,255,1
1767786184.743034,6969619580540723221,62058,0,23,19,57,5417,15,32,0,4217,7200,80,255,1
1767786185.7467322,6969619580540723221,62081,0,23,19,57,5417,15,32,0,4216,7200,80,255,1
1767786186.7554,6969619580540723221,62104,0,23,19,57,5417,15,32,0,4215,7200,80,255,1
1767786188.2557807,6969619580540723221,62136,0,23,19,57,5417,15,32,0,4214,7200,80,255,1
1767786189.7436428,6969619580540723221,62170,0,23,19,57,5417,15,32,0,4212,7200,80,255,1
1767786190.759704,6969619580540723221,62194,0,23,19,57,5417,15,32,0,4211,7200,80,255,1
1767786192.2492795,6969619580540723221,62225,0,23,19,57,5417,15,32,0,4210,7200,80,255,1
1767786193.2583218,6969619580540723221,62247,0,23,19,57,5417,15,32,0,4209,7200,80,255,1
1767786194.749733,6969619580540723221,62278,0,23,19,57,5417,15,32,0,4207,7200,80,255,1
1767786196.2469354,6969619580540723221,62310,0,23,19,57,5417,15,32,0,4206,7200,80,255,1
1767786197.2487803,6969619580540723221,62331,0,23,19,57,5417,15,32,0,4205,7200,80,255,1
1767786198.7471628,6969619580540723221,62362,0,23,19,57,5417,15,32,0,4203,7200,80,255,1
1767786199.7577658,6969619580540723221,62384,0,23,19,57,5417,15,32,0,4202,7200,80,255,1
1767786201.2558904,6969619580540723221,62415,0,23,19,57,5417,15,32,0,4201,7200,80,255,1
1767786202.2581398,6969619580540723221,62437,0,23,19,57,5417,15,32,0,4200,7200,80,255,1
1767786203.7508085,6969619580540723221,62469,0,23,19,57,5417,15,32,0,4198,7200,80,255,1
1767786205.2450933,6969619580540723221,62501,0,23,19,57,5417,15,32,0,4197,7200,80,255,1
1767786206.259589,6969619580540723221,62524,0,23,19,57,5417,15,32,0,4196,7200,80,255,1
1767786207.7604263,6969619580540723221,62558,0,23,19,57,5417,15,32,0,4194,7200,80,255,1
1767786209.251782,6969619580540723221,62591,0,23,19,57,5417,15,32,0,4193,7200,80,255,1
1767786210.2610133,6969619580540723221,62613,0,23,19,57,5417,15,32,0,4192,7200,80,255,1
1767786211.7461622,6969619580540723221,62645,0,23,19,57,5417,15,32,0,4190,7200,80,255,1
1767786213.2448628,6969619580540723221,62678,0,23,19,57,5417,15,32,0,4189,7200,80,255,1
1767786214.7432857,6969619580540723221,62711,0,23,19,57,5417,15,32,0,4187,7200,80,255,1
1767786215.7441533,6969619580540723221,62732,0,23,19,57,5417,15,32,0,4186,7200,80,255,1
1767786216.7507713,6969619580540723221,62754,0,23,19,57,5417,15,32,0,4185,7200,80,255,1
1767786217.760685,6969619580540723221,62776,0,23,19,57,5417,15,32,0,4184,7200,80,255,1
1767786219.2528553,6969619580540723221,62808,0,23,19,57,5417,15,32,0,4183,7200,80,255,1
1767786220.7528248,6969619580540723221,62840,0,23,19,57,5417,15,32,0,4181,7200,80,255,1
1767786221.754104,6969619580540723221,62861,0,23,19,57,5417,15,32,0,4180,7200,80,255,1
1767786222.7581635,6969619580540723221,62883,0,23,19,57,5417,15,32,0,4179,7200,80,255,1
1767786224.24801,6969619580540723221,62914,0,23,19,57,5417,15,32,0,4178,7200,80,255,1
1767786225.2597218,6969619580540723221,62937,0,23,19,57,5417,15,32,0,4177,7200,80,255,1
1767786226.7480662,6969619580540723221,62969,0,23,19,57,5417,15,32,0,4175,7200,80,255,1
1767786227.749588,6969619580540723221,62991,0,23,19,57,5417,15,32,0,4174,7200,80,255,1
1767786228.758023,6969619580540723221,63013,0,23,19,57,5417,15,32,0,4173,7200,80,255,1
1767786230.2463222,6969619580540723221,63045,0,23,19,57,5417,15,32,0,4172,7200,80,255,1
1767786231.257093,6969619580540723221,63066,0,23,19,57,5417,15,32,0,4171,7200,80,255,1
1767786232.2591493,6969619580540723221,63087,0,23,19,57,5417,15,32,0,4170,7200,80,255,1
1767786233.754789,6969619580540723221,63119,0,23,19,57,5417,15,32,0,4168,7200,80,255,1
1767786235.246331,6969619580540723221,63151,0,23,19,57,5417,15,32,0,4167,7200,80,255,1
1767786236.24935,6969619580540723221,63172,0,23,19,57,5417,15,32,0,4166,7200,80,255,1
1767786237.2539377,6969619580540723221,63194,0,23,19,57,5417,15,32,0,4165,7200,80,255,1
1767786238.2578888,6969619580540723221,63214,0,23,19,57,5417,15,32,0,4164,7200,80,255,1
1767786239.7597256,6969619580540723221,63248,0,23,19,57,5417,15,32,0,4162,7200,80,255,1
1767786241.2577233,6969619580540723221,63279,0,23,19,57,5417,15,32,0,4161,7200,80,255,1
1767786242.2594085,6969619580540723221,63301,0,23,19,57,5417,15,32,0,4160,7200,80,255,1
1767786243.7519054,6969619580540723221,63335,0,23,19,57,5417,15,32,0,4158,7200,80,255,1
1767786245.250418,6969619580540723221,63368,0,23,19,57,5417,15,32,0,4157,7200,80,255,1
1767786246.747889,6969619580540723221,63400,0,23,19,57,5417,15,32,0,4155,7200,80,255,1
1767786248.2555501,6969619580540723221,63433,0,23,19,57,5417,15,32,0,4154,7200,80,255,1
1767786249.752004,6969619580540723221,63467,0,23,19,57,5417,15,32,0,4152,7200,80,255,1
1767786250.7592707,6969619580540723221,63488,0,23,19,57,5417,15,32,0,4151,7200,80,255,1
1767786252.245446,6969619580540723221,63519,0,23,19,57,5417,15,32,0,4150,7200,80,255,1
1767786253.2537854,6969619580540723221,63542,0,23,19,57,5417,15,32,0,4149,7200,80,255,1
1767786254.757534,6969619580540723221,63574,0,23,19,57,5417,15,32,0,4147,7200,80,255,1
1767786256.2530732,6969619580540723221,63608,0,23,19,57,5417,15,32,0,4146,7200,80,255,1
1767786257.7467554,6969619580540723221,63642,0,23,19,57,5417,15,32,0,4144,7200,80,255,1
1767786258.7606347,6969619580540723221,63665,0,23,19,57,5417,15,32,0,4143,7200,80,255,1
1767786260.25388,6969619580540723221,63697,0,23,19,57,5417,15,32,0,4142,7200,80,255,1
1767786261.2596307,6969619580540723221,63718,0,23,19,57,5417,15,32,0,4141,7200,80,255,1
1767786262.7495344,6969619580540723221,63750,0,23,19,57,5417,15,32,0,4139,7200,80,255,1
1767786263.7571206,6969619580540723221,63772,0,23,19,57,5417,15,32,0,4138,7200,80,255,1
1767786265.250239,6969619580540723221,63806,0,23,19,57,5417,15,32,0,4137,7200,80,255,1
1767786266.2585459,6969619580540723221,63829,0,23,19,57,5417,15,32,0,4136,7200,80,255,1
1767786267.754719,6969619580540723221,63860,0,23,19,57,5417,15,32,0,4134,7200,80,255,1
1767786269.2580597,6969619580540723221,63892,0,23,19,57,5417,15,32,0,4133,7200,80,255,1
1767786270.7546427,6969619580540723221,63924,0,23,19,57,5417,15,32,0,4131,7200,80,255,1
1767786272.2495263,6969619580540723221,63959,0,23,19,57,5417,15,32,0,4130,7200,80,255,1
1767786273.74971,6969619580540723221,63991,0,23,19,57,5417,15,32,0,4128,7200,80,255,1
1767786274.7560792,6969619580540723221,64011,0,23,19,57,5417,15,32,0,4127,7200,80,255,1
1767786275.7602684,6969619580540723221,64032,0,23,19,57,5417,15,32,0,4126,7200,80,255,1
1767786277.2538137,6969619580540723221,64064,0,23,19,57,5417,15,32,0,4125,7200,80,255,1
1767786278.7469006,6969619580540723221,64096,0,23,19,57,5417,15,32,0,4123,7200,80,255,1
1767786280.258255,6969619580540723221,64129,0,23,19,57,5417,15,32,0,4122,7200,80,255,1
1767786281.7430134,6969619580540723221,64161,0,23,19,57,5417,15,32,0,4120,7200,80,255,1
1767786282.7504041,6969619580540723221,64183,0,23,19,57,5417,15,32,0,4119,7200,80,255,1
1767786284.246992,6969619580540723221,64215,0,23,19,57,5417,15,32,0,4118,7200,80,255,1
1767786285.255305,6969619580540723221,64236,0,23,19,57,5417,15,32,0,4117,7200,80,255,1
1767786286.759658,6969619580540723221,64267,0,23,19,57,5417,15,32,0,4115,7200,80,255,1
1767786288.250591,6969619580540723221,64301,0,23,19,57,5417,15,32,0,4114,7200,80,255,1
1767786289.747891,6969619580540723221,64332,0,23,19,57,5417,15,32,0,4112,7200,80,255,1
1767786290.7479641,6969619580540723221,64353,0,23,19,57,5417,15,32,0,4111,7200,80,255,1
1767786291.7517307,6969619580540723221,64375,0,23,19,57,5417,15,32,0,4110,7200,80,255,1
1767786292.760604,6969619580540723221,64397,0,23,19,57,5417,15,32,0,4109,7200,80,255,1
1767786294.2468245,6969619580540723221,64429,0,23,19,57,5417,15,32,0,4108,7200,80,255,1
1767786295.259116,6969619580540723221,64449,0,23,19,57,5417,15,32,0,4107,7200,80,255,1
1767786296.743826,6969619580540723221,64480,0,23,19,57,5417,15,32,0,4105,7200,80,255,1
1767786297.7571962,6969619580540723221,64503,0,23,19,57,5417,15,32,0,4104,7200,80,255,1
1767786299.253873,6969619580540723221,64536,0,23,19,57,5417,15,32,0,4103,7200,80,255,1
1767786300.7427707,6969619580540723221,64568,0,23,19,57,5417,15,32,0,4101,7200,80,255,1
1767786302.2529445,6969619580540723221,64601,0,23,19,57,5417,15,32,0,4100,7200,80,255,1
1767786303.2544942,6969619580540723221,64622,0,23,19,57,5417,15,32,0,4099,7200,80,255,1
1767786304.746164,6969619580540723221,64654,0,23,19,57,5417,15,32,0,4097,7200,80,255,1
1767786306.2505581,6969619580540723221,64686,0,23,19,57,5417,15,32,0,4096,7200,80,255,1
1767786307.2560265,6969619580540723221,64708,0,23,19,57,5417,15,32,0,4095,7200,80,255,1
1767786308.7452066,6969619580540723221,64741,0,23,19,57,5417,15,32,0,4093,7200,80,255,1
1767786309.756214,6969619580540723221,64765,0,23,19,57,5417,15,32,0,4092,7200,80,255,1
1767786311.2471278,6969619580540723221,64796,0,23,19,57,5417,15,32,0,4091,7200,80,255,1
1767786312.750644,6969619580540723221,64829,0,23,19,57,5417,15,32,0,4089,7200,80,255,1
1767786314.2595305,6969619580540723221,64862,0,23,19,57,5417,15,32,0,4088,7200,80,255,1
1767786315.7495518,6969619580540723221,64893,0,23,19,57,5417,15,32,0,4086,7200,80,255,1
1767786316.7529106,6969619580540723221,64915,0,23,19,57,5417,15,32,0,4085,7200,80,255,1
1767786317.7558415,6969619580540723221,64937,0,23,19,57,5417,15,32,0,4084,7200,80,255,1
1767786319.2494779,6969619580540723221,64969,0,23,19,57,5417,15,32,0,4083,7200,80,255,1
1767786320.7440007,6969619580540723221,65001,0,23,19,57,5417,15,32,0,4081,7200,80,255,1
1767786321.7511613,6969619580540723221,65023,0,23,19,57,5417,15,32,0,4080,7200,80,255,1
1767786322.7597697,6969619580540723221,65045,0,23,19,57,5417,15,32,0,4079,7200,80,255,1
1767786324.2468696,6969619580540723221,65077,0,23,19,57,5417,15,32,0,4078,7200,80,255,1
1767786325.2591007,6969619580540723221,65099,0,23,19,57,5417,15,32,0,4077,7200,80,255,1
1767786326.7619817,6969619580540723221,65132,0,23,19,57,5417,15,32,0,4075,7200,80,255,1
1767786328.2469685,6969619580540723221,65166,0,23,19,57,5417,15,32,0,4074,7200,80,255,1
1767786329.2630882,6969619580540723221,65188,0,23,19,57,5417,15,32,0,4073,7200,80,255,1
1767786330.7492056,6969619580540723221,65221,0,23,19,57,5417,15,32,0,4071,7200,80,255,1
1767786332.2560115,6969619580540723221,65252,0,23,19,57,5417,15,32,0,4070,7200,80,255,1
1767786333.257933,6969619580540723221,65273,0,23,19,57,5417,15,32,0,4069,7200,80,255,1
1767786334.7482152,6969619580540723221,65307,0,23,19,57,5417,15,32,0,4067,7200,80,255,1
1767786335.750672,6969619580540723221,65329,0,23,19,57,5417,15,32,0,4066,7200,80,255,1
1767786336.7516603,6969619580540723221,65350,0,23,19,57,5417,15,32,0,4065,7200,80,255,1
1767786337.7520144,6969619580540723221,65371,0,23,19,57,5417,15,32,0,4064,7200,80,255,1
1767786338.7547188,6969619580540723221,65392,0,23,19,57,5417,15,32,0,4063,7200,80,255,1
1767786339.7568827,6969619580540723221,65415,0,23,19,57,5417,15,32,0,4062,7200,80,255,1
1767786341.250471,6969619580540723221,65446,0,23,19,57,5417,15,32,0,4061,7200,80,255,1
1767786342.7442446,6969619580540723221,65478,0,23,19,57,5417,15,32,0,4059,7200,80,255,1
1767786344.2609217,6969619580540723221,65512,0,23,19,57,5417,15,32,0,4058,7200,80,255,1
1767786345.7446766,6969619580540723221,65545,0,23,19,57,5417,15,32,0,4056,7200,80,255,1
1767786346.7539456,6969619580540723221,65566,0,23,19,57,5417,15,32,0,4055,7200,80,255,1
1767786348.2516382,6969619580540723221,65597,0,23,19,57,5417,15,32,0,4054,7200,80,255,1
1767786349.7530637,6969619580540723221,65629,0,23,19,57,5417,15,32,0,4052,7200,80,255,1
1767786351.2534108,6969619580540723221,65660,0,23,19,57,5417,15,32,0,4051,7200,80,255,1
1767786352.260464,6969619580540723221,65682,0,23,19,57,5417,15,32,0,4050,7200,80,255,1
1767786353.7569134,6969619580540723221,65712,0,23,19,57,5417,15,32,0,4048,7200,80,255,1
1767786355.2456067,6969619580540723221,65744,0,23,19,57,5417,15,32,0,4047,7200,80,255,1
1767786356.2530234,6969619580540723221,65766,0,23,19,57,5417,15,32,0,4046,7200,80,255,1
1767786357.7578921,6969619580540723221,65798,0,23,19,57,5417,15,32,0,4044,7200,80,255,1
1767786359.2592833,6969619580540723221,65831,0,23,19,57,5417,15,32,0,4043,7200,80,255,1
1767786360.7580657,6969619580540723221,65865,0,23,19,57,5417,15,32,0,4041,7200,80,255,1
1767786362.2493913,6969619580540723221,65896,0,23,19,57,5417,15,32,0,4040,7200,80,255,1
1767786363.2528126,6969619580540723221,65919,0,23,19,57,5417,15,32,0,4039,7200,80,255,1
1767786364.7507493,6969619580540723221,65951,0,23,19,57,5417,15,32,0,4037,7200,80,255,1
1767786366.2573822,6969619580540723221,65984,0,23,19,57,5417,15,32,0,4036,7200,80,255,1
1767786367.7477198,6969619580540723221,66016,0,23,19,57,5417,15,32,0,4034,7200,80,255,1
1767786369.2595117,6969619580540723221,66049,0,23,19,57,5417,15,32,0,4033,7200,80,255,1
1767786370.7529974,6969619580540723221,66080,0,23,19,57,5417,15,32,0,4031,7200,80,255,1
1767786372.2454934,6969619580540723221,66114,0,23,19,57,5417,15,32,0,4030,7200,80,255,1
1767786373.7461216,6969619580540723221,66146,0,23,19,57,5417,15,32,0,4028,7200,80,255,1
1767786375.259079,6969619580540723221,66180,0,23,19,57,5417,15,32,0,4027,7200,80,255,1
1767786376.7559476,6969619580540723221,66212,0,23,19,57,5417,15,32,0,4025,7200,80,255,1
1767786377.7568123,6969619580540723221,66234,0,23,19,57,5417,15,32,0,4024,7200,80,255,1
1767786379.2559726,6969619580540723221,66267,0,23,19,57,5417,15,32,0,4023,7200,80,255,1
1767786380.7491014,6969619580540723221,66298,0,23,19,57,5417,15,32,0,4021,7200,80,255,1
1767786382.2455266,6969619580540723221,66331,0,23,19,57,5417,15,32,0,4020,7200,80,255,1
1767786383.7436721,6969619580540723221,66364,0,23,19,57,5417,15,32,0,4018,7200,80,255,1
1767786385.2457504,6969619580540723221,66396,0,23,19,57,5417,15,32,0,4017,7200,80,255,1
1767786386.259383,6969619580540723221,66419,0,23,19,57,5417,15,32,0,4016,7200,80,255,1
1767786387.755052,6969619580540723221,66450,0,23,19,57,5417,15,32,0,4014,7200,80,255,1
1767786388.7568192,6969619580540723221,66472,0,23,19,57,5417,15,32,0,4013,7200,80,255,1
1767786390.25166,6969619580540723221,66505,0,23,19,57,5417,15,32,0,4012,7200,80,255,1
1767786391.7495954,6969619580540723221,66537,0,23,19,57,5417,15,32,0,4010,7200,80,255,1
1767786392.7553754,6969619580540723221,66559,0,23,19,57,5417,15,32,0,4009,7200,80,255,1
1767786393.7579067,6969619580540723221,66580,0,23,19,57,5417,15,32,0,4008,7200,80,255,1
1767786395.2571998,6969619580540723221,66612,0,23,19,57,5417,15,32,0,4007,7200,80,255,1
1767786396.2591088,6969619580540723221,66634,0,23,19,57,5417,15,32,0,4006,7200,80,255,1
1767786397.260343,6969619580540723221,66656,0,23,19,57,5417,15,32,0,4005,7200,80,255,1
1767786398.7580256,6969619580540723221,66688,0,23,19,57,5417,15,32,0,4003,7200,80,255,1
1767786399.759466,6969619580540723221,66709,0,23,19,57,5417,15,32,0,4002,7200,80,255,1
1767786401.2539463,6969619580540723221,66740,0,23,19,57,5417,15,32,0,4001,7200,80,255,1
1767786402.75182,6969619580540723221,66771,0,23,19,57,5417,15,32,0,3999,7200,80,255,1
1767786404.2491102,6969619580540723221,66804,0,23,19,57,5417,15,32,0,3998,7200,80,255,1
1767786405.7425506,6969619580540723221,66836,0,23,19,57,5417,15,32,0,3996,7200,80,255,1
1767786406.7593539,6969619580540723221,66860,0,23,19,57,5417,15,32,0,3995,7200,80,255,1
1767786407.7597978,6969619580540723221,66882,0,23,19,57,5417,15,32,0,3994,7200,80,255,1
1767786409.257161,6969619580540723221,66914,0,23,19,57,5417,15,32,0,3993,7200,80,255,1
1767786410.749345,6969619580540723221,66946,0,23,19,57,5417,15,32,0,3991,7200,80,255,1
1767786412.2416437,6969619580540723221,66980,0,23,19,57,5417,15,32,0,3990,7200,80,255,1
1767786413.2561414,6969619580540723221,67003,0,23,19,57,5417,15,32,0,3989,7200,80,255,1
1767786414.2566953,6969619580540723221,67025,0,23,19,57,5417,15,32,0,3988,7200,80,255,1
1767786415.752922,6969619580540723221,67059,0,23,19,57,5417,15,32,0,3986,7200,80,255,1
1767786416.756869,6969619580540723221,67081,0,23,19,57,5417,15,32,0,3985,7200,80,255,1
1767786418.2455997,6969619580540723221,67112,0,23,19,57,5417,15,32,0,3984,7200,80,255,1
1767786419.741968,6969619580540723221,67145,0,23,19,57,5417,15,32,0,3982,7200,80,255,1
1767786420.7601125,6969619580540723221,67168,0,23,19,57,5417,15,32,0,3981,7200,80,255,1
1767786422.242665,6969619580540723221,67201,0,23,19,57,5417,15,32,0,3980,7200,80,255,1
1767786423.258319,6969619580540723221,67224,0,23,19,57,5417,15,32,0,3979,7200,80,255,1
1767786424.7447655,6969619580540723221,67260,0,23,19,57,5417,15,32,0,3977,7200,80,255,1
1767786426.2527986,6969619580540723221,67294,0,23,19,57,5417,15,32,0,3976,7200,80,255,1
1767786427.2538564,6969619580540723221,67317,0,23,19,57,5417,15,32,0,3975,7200,80,255,1
1767786428.758192,6969619580540723221,67351,0,23,19,57,5417,15,32,0,3973,7200,80,255,1
1767786430.2532482,6969619580540723221,67382,0,23,19,57,5417,15,32,0,3972,7200,80,255,1
1767786431.7482817,6969619580540723221,67412,0,23,19,57,5417,15,32,0,3970,7200,80,255,1
1767786433.2448692,6969619580540723221,67445,0,23,19,57,5417,15,32,0,3969,7200,80,255,1
1767786434.2583048,6969619580540723221,67466,0,23,19,57,5417,15,32,0,3968,7200,80,255,1
1767786435.7560833,6969619580540723221,67499,0,23,19,57,5417,15,32,0,3966,7200,80,255,1
1767786437.250646,6969619580540723221,67531,0,23,19,57,5417,15,32,0,3965,7200,80,255,1
1767786438.7517726,6969619580540723221,67564,0,23,19,57,5417,15,32,0,3963,7200,80,255,1
1767786439.7552001,6969619580540723221,67589,0,23,19,57,5417,15,32,0,3962,7200,80,255,1
1767786441.2527776,6969619580540723221,67619,0,23,19,57,5417,15,32,0,3961,7200,80,255,1
1767786442.7583091,6969619580540723221,67651,0,23,19,57,5417,15,32,0,3959,7200,80,255,1
1767786444.258984,6969619580540723221,67686,0,23,19,57,5417,15,32,0,3958,7200,80,255,1
1767786445.7493615,6969619580540723221,67717,0,23,19,57,5417,15,32,0,3956,7200,80,255,1
1767786447.2482328,6969619580540723221,67748,0,23,19,57,5417,15,32,0,3955,7200,80,255,1
1767786448.2505548,6969619580540723221,67770,0,23,19,57,5417,15,32,0,3954,7200,80,255,1
1767786449.2602742,6969619580540723221,67792,0,23,19,57,5417,15,32,0,3953,7200,80,255,1
1767786450.759349,6969619580540723221,67825,0,23,19,57,5417,15,32,0,3951,7200,80,255,1
1767786452.2553058,6969619580540723221,67859,0,23,19,57,5417,15,32,0,3950,7200,80,255,1
1767786453.7577314,6969619580540723221,67891,0,23,19,57,5417,15,32,0,3948,7200,80,255,1
1767786455.259214,6969619580540723221,67923,0,23,19,57,5417,15,32,0,3947,7200,80,255,1
1767786456.7454922,6969619580540723221,67955,0,23,19,57,5417,15,32,0,3945,7200,80,255,1
1767786457.7521584,6969619580540723221,67976,0,23,19,57,5417,15,32,0,3944,7200,80,255,1
1767786459.2493758,6969619580540723221,68009,0,23,19,57,5417,15,32,0,3943,7200,80,255,1
1767786460.254997,6969619580540723221,68032,0,23,19,57,5417,15,32,0,3942,7200,80,255,1
1767786461.756955,6969619580540723221,68064,0,23,19,57,5417,15,32,0,3940,7200,80,255,1
1767786463.2496343,6969619580540723221,68096,0,23,19,57,5417,15,32,0,3939,7200,80,255,1
1767786464.7569091,6969619580540723221,68127,0,23,19,57,5417,15,32,0,3937,7200,80,255,1
1767786465.761424,6969619580540723221,68147,0,23,19,57,5417,15,32,0,3936,7200,80,255,1
1767786467.2481797,6969619580540723221,68181,0,23,19,57,5417,15,32,0,3935,7200,80,255,1
1767786468.2553551,6969619580540723221,68202,0,23,19,57,5417,15,32,0,3934,7200,80,255,1
1767786469.7420375,6969619580540723221,68234,0,23,19,57,5417,15,32,0,3932,7200,80,255,1
1767786470.748454,6969619580540723221,68256,0,23,19,57,5417,15,32,0,3931,7200,80,255,1
1767786471.7556646,6969619580540723221,68279,0,23,19,57,5417,15,32,0,3930,7200,80,255,1
1767786473.251484,6969619580540723221,68311,0,23,19,57,5417,15,32,0,3929,7200,80,255,1
1767786474.7449498,6969619580540723221,68344,0,23,19,57,5417,15,32,0,3927,7200,80,255,1
1767786476.2582245,6969619580540723221,68376,0,23,19,57,5417,15,32,0,3926,7200,80,255,1
1767786477.7595105,6969619580540723221,68407,0,23,19,57,5417,15,32,0,3924,7200,80,255,1
1767786479.242379,6969619580540723221,68438,0,23,19,57,5417,15,32,0,3923,7200,80,255,1
1767786480.2570815,6969619580540723221,68459,0,23,19,57,5417,15,32,0,3922,7200,80,255,1
1767786481.741913,6969619580540723221,68491,0,23,19,57,5417,15,32,0,3920,7200,80,255,1
1767786482.757379,6969619580540723221,68513,0,23,19,57,5417,15,32,0,3919,7200,80,255,1
1767786483.7596548,6969619580540723221,68535,0,23,19,57,5417,15,32,0,3918,7200,80,255,1
1767786485.2550225,6969619580540723221,68565,0,23,19,57,5417,15,32,0,3917,7200,80,255,1
1767786486.2552583,6969619580540723221,68589,0,23,19,57,5417,15,32,0,3916,7200,80,255,1
1767786487.742761,6969619580540723221,68623,0,23,19,57,5417,15,32,0,3914,7200,80,255,1
1767786488.7502267,6969619580540723221,68644,0,23,19,57,5417,15,32,0,3913,7200,80,255,1
1767786489.7539499,6969619580540723221,68665,0,23,19,57,5417,15,32,0,3912,7200,80,255,1
1767786490.7547991,6969619580540723221,68687,0,23,19,57,5417,15,32,0,3911,7200,80,255,1
1767786491.7559042,6969619580540723221,68709,0,23,19,57,5417,15,32,0,3910,7200,80,255,1
1767786493.2517447,6969619580540723221,68744,0,23,19,57,5417,15,32,0,3909,7200,80,255,1
1767786494.7451475,6969619580540723221,68776,0,23,19,57,5417,15,32,0,3907,7200,80,255,1
1767786495.7573333,6969619580540723221,68799,0,23,19,57,5417,15,32,0,3906,7200,80,255,1
1767786497.2579699,6969619580540723221,68832,0,23,19,57,5417,15,32,0,3905,7200,80,255,1
1767786498.7506356,6969619580540723221,68862,0,23,19,57,5417,15,32,0,3903,7200,80,255,1
1767786499.759338,6969619580540723221,68883,0,23,19,57,5417,15,32,0,3902,7200,80,255,1
1767786501.2481692,6969619580540723221,68916,0,23,19,57,5417,15,32,0,3901,7200,80,255,1
1767786502.7429185,6969619580540723221,68949,0,23,19,57,5417,15,32,0,3899,7200,80,255,1
1767786503.7614517,6969619580540723221,68970,0,23,19,57,5417,15,32,0,3898,7200,80,255,1
1767786505.241777,6969619580540723221,69002,0,23,19,57,5417,15,32,0,3897,7200,80,255,1
1767786506.2568672,6969619580540723221,69025,0,23,19,57,5417,15,32,0,3896,7200,80,255,1
1767786507.7540388,6969619580540723221,69057,0,23,19,57,5417,15,32,0,3894,7200,80,255,1
1767786509.242828,6969619580540723221,69091,0,23,19,57,5417,15,32,0,3893,7200,80,255,1
1767786510.2592242,6969619580540723221,69113,0,23,19,57,5417,15,32,0,3892,7200,80,255,1
1767786511.260552,6969619580540723221,69136,0,23,19,57,5417,15,32,0,3891,7200,80,255,1
1767786512.7455704,6969619580540723221,69170,0,23,19,57,5417,15,32,0,3889,7200,80,255,1
1767786513.7534654,6969619580540723221,69190,0,23,19,57,5417,15,32,0,3888,7200,80,255,1
1767786515.2501214,6969619580540723221,69222,0,23,19,57,5417,15,32,0,3887,7200,80,255,1
1767786516.7446363,6969619580540723221,69253,0,23,19,57,5417,15,32,0,3885,7200,80,255,1
1767786517.7457864,6969619580540723221,69275,0,23,19,57,5417,15,32,0,3884,7200,80,255,1
1767786518.7473335,6969619580540723221,69297,0,23,19,57,5417,15,32,0,3883,7200,80,255,1
1767786520.243763,6969619580540723221,69329,0,23,19,57,5417,15,32,0,3882,7200,80,255,1
1767786521.243792,6969619580540723221,69352,0,23,19,57,5417,15,32,0,3881,7200,80,255,1
1767786522.2588918,6969619580540723221,69375,0,23,19,57,5417,15,32,0,3880,7200,80,255,1
1767786523.7437932,6969619580540723221,69409,0,23,19,57,5417,15,32,0,3878,7200,80,255,1
1767786524.7612183,6969619580540723221,69432,0,23,19,57,5417,15,32,0,3877,7200,80,255,1
1767786526.2515893,6969619580540723221,69464,0,23,19,57,5417,15,32,0,3876,7200,80,255,1
1767786527.255634,6969619580540723221,69485,0,23,19,57,5417,15,32,0,3875,7200,80,255,1
1767786528.7561028,6969619580540723221,69520,0,23,19,57,5417,15,32,0,3873,7200,80,255,1
1767786530.253685,6969619580540723221,69550,0,23,19,57,5417,15,32,0,3872,7200,80,255,1
1767786531.7449727,6969619580540723221,69582,0,23,19,57,5417,15,32,0,3870,7200,80,255,1
1767786533.2426395,6969619580540723221,69616,0,23,19,57,5417,15,32,0,3869,7200,80,255,1
1767786534.247135,6969619580540723221,69637,0,23,19,57,5417,15,32,0,3868,7200,80,255,1
1767786535.2603436,6969619580540723221,69659,0,23,19,57,5417,15,32,0,3867,7200,80,255,1
1767786536.7573197,6969619580540723221,69689,0,23,19,57,5417,15,32,0,3865,7200,80,255,1
1767786538.2557495,6969619580540723221,69721,0,23,19,57,5417,15,32,0,3864,7200,80,255,1
1767786539.2591987,6969619580540723221,69742,0,23,19,57,5417,15,32,0,3863,7200,80,255,1
1767786540.7533526,6969619580540723221,69776,0,23,19,57,5417,15,32,0,3861,7200,80,255,1
1767786542.2517798,6969619580540723221,69809,0,23,19,57,5417,15,32,0,3860,7200,80,255,1
1767786543.7538304,6969619580540723221,69842,0,23,19,57,5417,15,32,0,3858,7200,80,255,1
1767786544.757869,6969619580540723221,69863,0,23,19,57,5417,15,32,0,3857,7200,80,255,1
1767786545.7613444,6969619580540723221,69885,0,23,19,57,5417,15,32,0,3856,7200,80,255,1
1767786547.2492437,6969619580540723221,69918,0,23,19,57,5417,15,32,0,3855,7200,80,255,1
1767786548.256946,6969619580540723221,69939,0,23,19,57,5417,15,32,0,3854,7200,80,255,1
1767786549.7434974,6969619580540723221,69973,0,23,19,57,5417,15,32,0,3852,7200,80,255,1
1767786550.7504709,6969619580540723221,69996,0,23,19,57,5417,15,32,0,3851,7200,80,255,1
1767786551.756805,6969619580540723221,70018,0,23,19,57,5417,15,32,0,3850,7200,80,255,1
1767786553.2539253,6969619580540723221,70050,0,23,19,57,5417,15,32,0,3849,7200,80,255,1
1767786554.7503896,6969619580540723221,70084,0,23,19,57,5417,15,32,0,3847,7200,80,255,1
1767786556.2590668,6969619580540723221,70116,0,23,19,57,5417,15,32,0,3846,7200,80,255,1
1767786557.7572336,6969619580540723221,70147,0,23,19,57,5417,15,32,0,3844,7200,80,255,1
1767786559.2582467,6969619580540723221,70180,0,23,19,57,5417,15,32,0,3843,7200,80,255,1
1767786560.7572114,6969619580540723221,70214,0,23,19,57,5417,15,32,0,3841,7200,80,255,1
1767786562.2445457,6969619580540723221,70246,0,23,19,57,5417,15,32,0,3840,7200,80,255,1
1767786563.2549386,6969619580540723221,70269,0,23,19,57,5417,15,32,0,3839,7200,80,255,1
1767786564.750652,6969619580540723221,70303,0,23,19,57,5417,15,32,0,3837,7200,80,255,1
1767786566.2558744,6969619580540723221,70338,0,23,19,57,5417,15,32,0,3836,7200,80,255,1
1767786567.7411764,6969619580540723221,70372,0,23,19,57,5417,15,32,0,3834,7200,80,255,1
1767786568.7571633,6969619580540723221,70395,0,23,19,57,5417,15,32,0,3833,7200,80,255,1
1767786570.244638,6969619580540723221,70427,0,23,19,57,5417,15,32,0,3832,7200,80,255,1
1767786571.2556052,6969619580540723221,70450,0,23,19,57,5417,15,32,0,3831,7200,80,255,1
1767786572.7451723,6969619580540723221,70484,0,23,19,57,5417,15,32,0,3829,7200,80,255,1
1767786574.2589974,6969619580540723221,70518,0,23,19,57,5417,15,32,0,3828,7200,80,255,1
1767786575.7592578,6969619580540723221,70549,0,23,19,57,5417,15,32,0,3826,7200,80,255,1
1767786577.2480466,6969619580540723221,70581,0,23,19,57,5417,15,32,0,3825,7200,80,255,1
1767786578.259556,6969619580540723221,70604,0,23,19,57,5417,15,32,0,3824,7200,80,255,1
1767786579.7539985,6969619580540723221,70637,0,23,19,57,5417,15,32,0,3822,7200,80,255,1
1767786581.2434328,6969619580540723221,70669,0,23,19,57,5417,15,32,0,3821,7200,80,255,1
1767786582.2434506,6969619580540723221,70693,0,23,19,57,5417,15,32,0,3820,7200,80,255,1
1767786583.2590666,6969619580540723221,70715,0,23,19,57,5417,15,32,0,3819,7200,80,255,1
1767786584.7481658,6969619580540723221,70747,0,23,19,57,5417,15,32,0,3817,7200,80,255,1
1767786585.7493312,6969619580540723221,70770,0,23,19,57,5417,15,32,0,3816,7200,80,255,1
1767786587.2449079,6969619580540723221,70802,0,23,19,57,5417,15,32,0,3815,7200,80,255,1
1767786588.259039,6969619580540723221,70824,0,23,19,57,5417,15,32,0,3814,7200,80,255,1
1767786589.7485352,6969619580540723221,70857,0,23,19,57,5417,15,32,0,3812,7200,80,255,1
1767786591.2425587,6969619580540723221,70890,0,23,19,57,5417,15,32,0,3811,7200,80,255,1
1767786592.2551746,6969619580540723221,70913,0,23,19,57,5417,15,32,0,3810,7200,80,255,1
1767786593.7572455,6969619580540723221,70945,0,23,19,57,5417,15,32,0,3808,7200,80,255,1
1767786595.2605739,6969619580540723221,70978,0,23,19,57,5417,15,32,0,3807,7200,80,255,1
1767786596.7418013,6969619580540723221,71011,0,23,19,57,5417,15,32,0,3805,7200,80,255,1
1767786598.2610176,6969619580540723221,71046,0,23,19,57,5417,15,32,0,3804,7200,80,255,1
1767786599.7446117,6969619580540723221,71078,0,23,19,57,5417,15,32,0,3802,7200,80,255,1
1767786601.2431822,6969619580540723221,71111,0,23,19,57,5417,15,32,0,3801,7200,80,255,1
1767786602.2435513,6969619580540723221,71133,0,23,19,57,5417,15,32,0,3800,7200,80,255,1
1767786603.7448556,6969619580540723221,71168,0,23,19,57,5417,15,32,0,3798,7200,80,255,1
1767786605.2468076,6969619580540723221,71201,0,23,19,57,5417,15,32,0,3797,7200,80,255,1
1767786606.7583067,6969619580540723221,71232,0,23,19,57,5417,15,32,0,3795,7200,80,255,1
1767786608.2580388,6969619580540723221,71264,0,23,19,57,5417,15,32,0,3794,7200,80,255,1
1767786609.7435787,6969619580540723221,71298,0,23,19,57,5417,15,32,0,3792,7200,80,255,1
1767786610.7514052,6969619580540723221,71321,0,23,19,57,5417,15,32,0,3791,7200,80,255,1
1767786612.261038,6969619580540723221,71355,0,23,19,57,5417,15,32,0,3790,7200,80,255,1
1767786613.759083,6969619580540723221,71386,0,23,19,57,5417,15,32,0,3788,7200,80,255,1
1767786615.2481487,6969619580540723221,71418,0,23,19,57,5417,15,32,0,3787,7200,80,255,1
1767786616.7592967,6969619580540723221,71453,0,23,19,57,5417,15,32,0,3785,7200,80,255,1
1767786618.2533574,6969619580540723221,71485,0,23,19,57,5417,15,32,0,3784,7200,80,255,1
1767786619.7503796,6969619580540723221,71517,0,23,19,57,5417,15,32,0,3782,7200,80,255,1
1767786620.7591522,6969619580540723221,71539,0,23,19,57,5417,15,32,0,3781,7200,80,255,1
1767786622.2567778,6969619580540723221,71573,0,23,19,57,5417,15,32,0,3780,7200,80,255,1
1767786623.751139,6969619580540723221,71605,0,23,19,57,5417,15,32,0,3778,7200,80,255,1
1767786624.755489,6969619580540723221,71629,0,23,19,57,5417,15,32,0,3777,7200,80,255,1
1767786626.2443218,6969619580540723221,71659,0,23,19,57,5417,15,32,0,3776,7200,80,255,1
1767786627.2452188,6969619580540723221,71686,0,23,19,57,5417,15,32,0,3775,7200,80,255,1
1767786628.2454548,6969619580540723221,71708,0,23,19,57,5417,15,32,0,3774,7200,80,255,1
1767786629.2625039,6969619580540723221,71730,0,23,19,57,5417,15,32,0,3773,7200,80,255,1
1767786630.7555907,6969619580540723221,71762,0,23,19,57,5417,15,32,0,3771,7200,80,255,1
1767786631.7609315,6969619580540723221,71784,0,23,19,57,5417,15,32,0,3770,7200,80,255,1
1767786633.2491167,6969619580540723221,71816,0,23,19,57,5417,15,32,0,3769,7200,80,255,1
1767786634.7591543,6969619580540723221,71849,0,23,19,57,5417,15,32,0,3767,7200,80,255,1
1767786636.2426534,6969619580540723221,71882,0,23,19,57,5417,15,32,0,3766,7200,80,255,1
1767786637.2601993,6969619580540723221,71905,0,23,19,57,5417,15,32,0,3765,7200,80,255,1
1767786638.742566,6969619580540723221,71939,0,23,19,57,5417,15,32,0,3763,7200,80,255,1
1767786639.743423,6969619580540723221,71961,0,23,19,57,5417,15,32,0,3762,7200,80,255,1
1767786640.7458851,6969619580540723221,71983,0,23,19,57,5417,15,32,0,3761,7200,80,255,1
1767786641.751889,6969619580540723221,72007,0,23,19,57,5417,15,32,0,3760,7200,80,255,1
1767786643.2440827,6969619580540723221,72039,0,23,19,57,5417,15,32,0,3759,7200,80,255,1
1767786644.753559,6969619580540723221,72074,0,23,19,57,5417,15,32,0,3757,7200,80,255,1
1767786646.2438145,6969619580540723221,72105,0,23,19,57,5417,15,32,0,3756,7200,80,255,1
1767786647.2545223,6969619580540723221,72128,0,23,19,57,5417,15,32,0,3755,7200,80,255,1
1767786648.2583573,6969619580540723221,72148,0,23,19,57,5417,15,32,0,3754,7200,80,255,1
1767786649.7448785,6969619580540723221,72179,0,23,19,57,5417,15,32,0,3752,7200,80,255,1
1767786650.7596555,6969619580540723221,72202,0,23,19,57,5417,15,32,0,3751,7200,80,255,1
1767786652.2474687,6969619580540723221,72235,0,23,19,57,5417,15,32,0,3750,7200,80,255,1
1767786653.254687,6969619580540723221,72257,0,23,19,57,5417,15,32,0,3749,7200,80,255,1
1767786654.7603881,6969619580540723221,72289,0,23,19,57,5417,15,32,0,3747,7200,80,255,1
1767786656.2560565,6969619580540723221,72320,0,23,19,57,5417,15,32,0,3746,7200,80,255,1
1767786657.7601695,6969619580540723221,72355,0,23,19,57,5417,15,32,0,3744,7200,80,255,1
1767786659.2525232,6969619580540723221,72387,0,23,19,57,5417,15,32,0,3743,7200,80,255,1
1767786660.2591388,6969619580540723221,72409,0,23,19,57,5417,15,32,0,3742,7200,80,255,1
1767786661.7559233,6969619580540723221,72443,0,23,19,57,5417,15,32,0,3740,7200,80,255,1
1767786663.2442467,6969619580540723221,72473,0,23,19,57,5417,15,32,0,3739,7200,80,255,1
1767786664.2494857,6969619580540723221,72498,0,23,19,57,5417,15,32,0,3738,7200,80,255,1
1767786665.2589564,6969619580540723221,72520,0,23,19,57,5417,15,32,0,3737,7200,80,255,1
1767786666.7470798,6969619580540723221,72553,0,23,19,57,5417,15,32,0,3735,7200,80,255,1
1767786668.2437592,6969619580540723221,72588,0,23,19,57,5417,15,32,0,3734,7200,80,255,1
1767786669.2579367,6969619580540723221,72610,0,23,19,57,5417,15,32,0,3733,7200,80,255,1
1767786670.7500546,6969619580540723221,72642,0,23,19,57,5417,15,32,0,3731,7200,80,255,1
1767786672.2492077,6969619580540723221,72674,0,23,19,57,5417,15,32,0,3730,7200,80,255,1
1767786673.7533174,6969619580540723221,72708,0,23,19,57,5417,15,32,0,3728,7200,80,255,1
1767786675.2471433,6969619580540723221,72741,0,23,19,57,5417,15,32,0,3727,7200,80,255,1
1767786676.2593472,6969619580540723221,72764,0,23,19,57,5417,15,32,0,3726,7200,80,255,1
1767786677.7618759,6969619580540723221,72796,0,23,19,57,5417,15,32,0,3724,7200,80,255,1
1767786679.2461712,6969619580540723221,72828,0,23,19,57,5417,15,32,0,3723,7200,80,255,1
1767786680.2602687,6969619580540723221,72852,0,23,19,57,5417,15,32,0,3722,7200,80,255,1
1767786681.7578099,6969619580540723221,72885,0,23,19,57,5417,15,32,0,3720,7200,80,255,1
1767786683.2444575,6969619580540723221,72923,0,23,19,57,5417,15,32,0,3719,7200,80,255,1
1767786684.253235,6969619580540723221,72947,0,23,19,57,5417,15,32,0,3718,7200,80,255,1
1767786685.7460263,6969619580540723221,72979,0,23,19,57,5417,15,32,0,3716,7200,80,255,1
1767786686.7469037,6969619580540723221,73004,0,23,19,57,5417,15,32,0,3715,7200,80,255,1
1767786688.2449148,6969619580540723221,73039,0,23,19,57,5417,15,32,0,3714,7200,80,255,1
1767786689.2534118,6969619580540723221,73060,0,23,19,57,5417,15,32,0,3713,7200,80,255,1
1767786690.7510853,6969619580540723221,73091,0,23,19,57,5417,15,32,0,3711,7200,80,255,1
1767786691.7536197,6969619580540723221,73111,0,23,19,57,5417,15,32,0,3710,7200,80,255,1
1767786693.252775,6969619580540723221,73143,0,23,19,57,5417,15,32,0,3709,7200,80,255,1
1767786694.7529042,6969619580540723221,73176,0,23,19,57,5417,15,32,0,3707,7200,80,255,1
1767786695.7569458,6969619580540723221,73198,0,23,19,57,5417,15,32,0,3706,7200,80,255,1
1767786697.2458222,6969619580540723221,73231,0,23,19,57,5417,15,32,0,3705,7200,80,255,1
1767786698.751184,6969619580540723221,73265,0,23,19,57,5417,15,32,0,3703,7200,80,255,1
1767786700.2501702,6969619580540723221,73296,0,23,19,57,5417,15,32,0,3702,7200,80,255,1
1767786701.250784,6969619580540723221,73318,0,23,19,57,5417,15,32,0,3701,7200,80,255,1
1767786702.2514932,6969619580540723221,73339,0,23,19,57,5417,15,32,0,3700,7200,80,255,1
1767786703.7555654,6969619580540723221,73371,0,23,19,57,5417,15,32,0,3698,7200,80,255,1
1767786705.255357,6969619580540723221,73404,0,23,19,57,5417,15,32,0,3697,7200,80,255,1
1767786706.2559702,6969619580540723221,73426,0,23,19,57,5417,15,32,0,3696,7200,80,255,1
1767786707.7458546,6969619580540723221,73458,0,23,19,57,5417,15,32,0,3694,7200,80,255,1
1767786708.7510633,6969619580540723221,73481,0,23,19,57,5417,15,32,0,3693,7200,80,255,1
1767786709.7529094,6969619580540723221,73502,0,23,19,57,5417,15,32,0,3692,7200,80,255,1
1767786710.7548444,6969619580540723221,73524,0,23,19,57,5417,15,32,0,3691,7200,80,255,1
1767786711.7560463,6969619580540723221,73545,0,23,19,57,5417,15,32,0,3690,7200,80,255,1
1767786712.757944,6969619580540723221,73568,0,23,19,57,5417,15,32,0,3689,7200,80,255,1
1767786713.7582166,6969619580540723221,73592,0,23,19,57,5417,15,32,0,3688,7200,80,255,1
1767786715.2447262,6969619580540723221,73624,0,23,19,57,5417,15,32,0,3687,7200,80,255,1
1767786716.2470965,6969619580540723221,73646,0,23,19,57,5417,15,32,0,3686,7200,80,255,1
1767786717.2472835,6969619580540723221,73667,0,23,19,57,5417,15,32,0,3685,7200,80,255,1
1767786718.2488568,6969619580540723221,73689,0,23,19,57,5417,15,32,0,3684,7200,80,255,1
1767786719.254401,6969619580540723221,73711,0,23,19,57,5417,15,32,0,3683,7200,80,255,1
1767786720.259075,6969619580540723221,73731,0,23,19,57,5417,15,32,0,3682,7200,80,255,1
1767786721.7578397,6969619580540723221,73764,0,23,19,57,5417,15,32,0,3680,7200,80,255,1
1767786723.2469587,6969619580540723221,73795,0,23,19,57,5417,15,32,0,3679,7200,80,255,1
1767786724.251554,6969619580540723221,73816,0,23,19,57,5417,15,32,0,3678,7200,80,255,1
1767786725.2547653,6969619580540723221,73838,0,23,19,57,5417,15,32,0,3677,7200,80,255,1
1767786726.7483003,6969619580540723221,73869,0,23,19,57,5417,15,32,0,3675,7200,80,255,1
1767786728.2535925,6969619580540723221,73903,0,23,19,57,5417,15,32,0,3674,7200,80,255,1
1767786729.7437248,6969619580540723221,73936,0,23,19,57,5417,15,32,0,3672,7200,80,255,1
1767786731.2496636,6969619580540723221,73973,0,23,19,57,5417,15,32,0,3671,7200,80,255,1
1767786732.2600245,6969619580540723221,73996,0,23,19,57,5417,15,32,0,3670,7200,80,255,1
1767786733.7441647,6969619580540723221,74029,0,23,19,57,5417,15,32,0,3668,7200,80,255,1
1767786734.757104,6969619580540723221,74051,0,23,19,57,5417,15,32,0,3667,7200,80,255,1
1767786736.2588925,6969619580540723221,74084,0,23,19,57,5417,15,32,0,3666,7200,80,255,1
1767786737.757027,6969619580540723221,74115,0,23,19,57,5417,15,32,0,3664,7200,80,255,1
1767786739.25002,6969619580540723221,74147,0,23,19,57,5417,15,32,0,3663,7200,80,255,1
1767786740.7492645,6969619580540723221,74179,0,23,19,57,5417,15,32,0,3661,7200,80,255,1
1767786742.2436147,6969619580540723221,74215,0,23,19,57,5417,15,32,0,3660,7200,80,255,1
1767786743.2539783,6969619580540723221,74240,0,23,19,57,5417,15,32,0,3659,7200,80,255,1
1767786744.7581706,6969619580540723221,74273,0,23,19,57,5417,15,32,0,3657,7200,80,255,1
1767786746.2546923,6969619580540723221,74304,0,23,19,57,5417,15,32,0,3656,7200,80,255,1
1767786747.7440352,6969619580540723221,74336,0,23,19,57,5417,15,32,0,3654,7200,80,255,1
1767786748.7481787,6969619580540723221,74358,0,23,19,57,5417,15,32,0,3653,7200,80,255,1
1767786750.2417777,6969619580540723221,74391,0,23,19,57,5417,15,32,0,3652,7200,80,255,1
1767786751.2607262,6969619580540723221,74414,0,23,19,57,5417,15,32,0,3651,7200,80,255,1
1767786752.745562,6969619580540723221,74449,0,23,19,57,5417,15,32,0,3649,7200,80,255,1
1767786754.242348,6969619580540723221,74483,0,23,19,57,5417,15,32,0,3648,7200,80,255,1
1767786755.2457216,6969619580540723221,74505,0,23,19,57,5417,15,32,0,3647,7200,80,255,1
1767786756.251075,6969619580540723221,74528,0,23,19,57,5417,15,32,0,3646,7200,80,255,1
1767786757.2556183,6969619580540723221,74550,0,23,19,57,5417,15,32,0,3645,7200,80,255,1
1767786758.7542653,6969619580540723221,74581,0,23,19,57,5417,15,32,0,3643,7200,80,255,1
1767786760.2445688,6969619580540723221,74612,0,23,19,57,5417,15,32,0,3642,7200,80,255,1
1767786761.2568445,6969619580540723221,74635,0,23,19,57,5417,15,32,0,3641,7200,80,255,1
1767786762.7588408,6969619580540723221,74668,0,23,19,57,5417,15,32,0,3639,7200,80,255,1
1767786764.242152,6969619580540723221,74700,0,23,19,57,5417,15,32,0,3638,7200,80,255,1
1767786765.2470157,6969619580540723221,74721,0,23,19,57,5417,15,32,0,3637,7200,80,255,1
1767786766.2518184,6969619580540723221,74743,0,23,19,57,5417,15,32,0,3636,7200,80,255,1
1767786767.2546053,6969619580540723221,74764,0,23,19,57,5417,15,32,0,3635,7200,80,255,1
1767786768.2596965,6969619580540723221,74784,0,23,19,57,5417,15,32,0,3634,7200,80,255,1
1767786769.7534945,6969619580540723221,74817,0,23,19,57,5417,15,32,0,3632,7200,80,255,1
1767786771.2591827,6969619580540723221,74850,0,23,19,57,5417,15,32,0,3631,7200,80,255,1
1767786772.7520268,6969619580540723221,74884,0,23,19,57,5417,15,32,0,3629,7200,80,255,1
1767786773.752563,6969619580540723221,74905,0,23,19,57,5417,15,32,0,3628,7200,80,255,1
1767786775.2548037,6969619580540723221,74938,0,23,19,57,5417,15,32,0,3627,7200,80,255,1
1767786776.7456377,6969619580540723221,74971,0,23,19,57,5417,15,32,0,3625,7200,80,255,1
1767786778.2446895,6969619580540723221,75005,0,23,19,57,5417,15,32,0,3624,7200,80,255,1
1767786779.2567127,6969619580540723221,75029,0,23,19,57,5417,15,32,0,3623,7200,80,255,1
1767786780.7430537,6969619580540723221,75063,0,23,19,57,5417,15,32,0,3621,7200,80,255,1
1767786781.7478533,6969619580540723221,75085,0,23,19,57,5417,15,32,0,3620,7200,80,255,1
1767786783.2501113,6969619580540723221,75118,0,23,19,57,5417,15,32,0,3619,7200,80,255,1
1767786784.2621164,6969619580540723221,75141,0,23,19,57,5417,15,32,0,3618,7200,80,255,1
1767786785.7501233,6969619580540723221,75174,0,23,19,57,5417,15,32,0,3616,7200,80,255,1
1767786787.2449481,6969619580540723221,75207,0,23,19,57,5417,15,32,0,3615,7200,80,255,1
1767786788.254766,6969619580540723221,75230,0,23,19,57,5417,15,32,0,3614,7200,80,255,1
1767786789.744214,6969619580540723221,75262,0,23,19,57,5417,15,32,0,3612,7200,80,255,1
1767786790.7580824,6969619580540723221,75285,0,23,19,57,5417,15,32,0,3611,7200,80,255,1
1767786792.2425888,6969619580540723221,75319,0,23,19,57,5417,15,32,0,3610,7200,80,255,1
1767786793.2602596,6969619580540723221,75343,0,23,19,57,5417,15,32,0,3609,7200,80,255,1
1767786794.7548287,6969619580540723221,75376,0,23,19,57,5417,15,32,0,3607,7200,80,255,1
1767786796.2425895,6969619580540723221,75411,0,23,19,57,5417,15,32,0,3606,7200,80,255,1
1767786797.248046,6969619580540723221,75433,0,23,19,57,5417,15,32,0,3605,7200,80,255,1
1767786798.7499073,6969619580540723221,75466,0,23,19,57,5417,15,32,0,3603,7200,80,255,1
1767786799.7531114,6969619580540723221,75487,0,23,19,57,5417,15,32,0,3602,7200,80,255,1
1767786801.2513752,6969619580540723221,75520,0,23,19,57,5417,15,32,0,3601,7200,80,255,1
1767786802.2580636,6969619580540723221,75541,0,23,19,57,5417,15,32,0,3600,7200,80,255,1
1767786803.752059,6969619580540723221,75576,0,23,19,57,5417,15,32,0,3598,7200,80,255,1
1767786805.2413354,6969619580540723221,75610,0,23,19,57,5417,15,32,0,3597,7200,80,255,1
1767786806.2570477,6969619580540723221,75634,0,23,19,57,5417,15,32,0,3596,7200,80,255,1
1767786807.752874,6969619580540723221,75667,0,23,19,57,5417,15,32,0,3594,7200,80,255,1
1767786808.7596164,6969619580540723221,75691,0,23,19,57,5417,15,32,0,3593,7200,80,255,1
1767786809.759991,6969619580540723221,75713,0,23,19,57,5417,15,32,0,3592,7200,80,255,1
1767786811.2590387,6969619580540723221,75746,0,23,19,57,5417,15,32,0,3591,7200,80,255,1
1767786812.2612288,6969619580540723221,75768,0,23,19,57,5417,15,32,0,3590,7200,80,255,1
1767786813.7503939,6969619580540723221,75800,0,23,19,57,5417,15,32,0,3588,7200,80,255,1
1767786815.2434113,6969619580540723221,75833,0,23,19,57,5417,15,32,0,3587,7200,80,255,1
1767786816.2488832,6969619580540723221,75855,0,23,19,57,5417,15,32,0,3586,7200,80,255,1
1767786817.7438378,6969619580540723221,75886,0,23,19,57,5417,15,32,0,3584,7200,80,255,1
1767786818.7492445,6969619580540723221,75910,0,23,19,57,5417,15,32,0,3583,7200,80,255,1
1767786819.7553773,6969619580540723221,75931,0,23,19,57,5417,15,32,0,3582,7200,80,255,1
1767786821.247929,6969619580540723221,75964,0,23,19,57,5417,15,32,0,3581,7200,80,255,1
1767786822.7456913,6969619580540723221,75996,0,23,19,57,5417,15,32,0,3579,7200,80,255,1
1767786824.2561095,6969619580540723221,76031,0,23,19,57,5417,15,32,0,3578,7200,80,255,1
1767786825.7491384,6969619580540723221,76064,0,23,19,57,5417,15,32,0,3576,7200,80,255,1
1767786826.7570372,6969619580540723221,76085,0,23,19,57,5417,15,32,0,3575,7200,80,255,1
1767786828.2455285,6969619580540723221,76119,0,23,19,57,5417,15,32,0,3574,7200,80,255,1
1767786829.2537982,6969619580540723221,76141,0,23,19,57,5417,15,32,0,3573,7200,80,255,1
1767786830.7545464,6969619580540723221,76172,0,23,19,57,5417,15,32,0,3571,7200,80,255,1
1767786832.2423925,6969619580540723221,76208,0,23,19,57,5417,15,32,0,3570,7200,80,255,1
1767786833.2568605,6969619580540723221,76230,0,23,19,57,5417,15,32,0,3569,7200,80,255,1
1767786834.755288,6969619580540723221,76263,0,23,19,57,5417,15,32,0,3567,7200,80,255,1
1767786835.7558768,6969619580540723221,76285,0,23,19,57,5417,15,32,0,3566,7200,80,255,1
1767786836.7570012,6969619580540723221,76306,0,23,19,57,5417,15,32,0,3565,7200,80,255,1
1767786838.2424242,6969619580540723221,76340,0,23,19,57,5417,15,32,0,3564,7200,80,255,1
1767786839.2537344,6969619580540723221,76362,0,23,19,57,5417,15,32,0,3563,7200,80,255,1
1767786840.7587438,6969619580540723221,76396,0,23,19,57,5417,15,32,0,3561,7200,80,255,1
1767786842.25659,6969619580540723221,76427,0,23,19,57,5417,15,32,0,3560,7200,80,255,1
1767786843.7523682,6969619580540723221,76458,0,23,19,57,5417,15,32,0,3558,7200,80,255,1
1767786845.2519097,6969619580540723221,76490,0,23,19,57,5417,15,32,0,3557,7200,80,255,1
1767786846.2551203,6969619580540723221,76512,0,23,19,57,5417,15,32,0,3556,7200,80,255,1
1767786847.7577846,6969619580540723221,76546,0,23,19,57,5417,15,32,0,3554,7200,80,255,1
1767786849.2509518,6969619580540723221,76578,0,23,19,57,5417,15,32,0,3553,7200,80,255,1
1767786850.2522783,6969619580540723221,76600,0,23,19,57,5417,15,32,0,3552,7200,80,255,1
1767786851.752931,6969619580540723221,76632,0,23,19,57,5417,15,32,0,3550,7200,80,255,1
1767786852.7567067,6969619580540723221,76654,0,23,19,57,5417,15,32,0,3549,7200,80,255,1
1767786854.2491572,6969619580540723221,76687,0,23,19,57,5417,15,32,0,3548,7200,80,255,1
1767786855.7521653,6969619580540723221,76722,0,23,19,57,5417,15,32,0,3546,7200,80,255,1
1767786857.2498288,6969619580540723221,76754,0,23,19,57,5417,15,32,0,3545,7200,80,255,1
1767786858.25395,6969619580540723221,76775,0,23,19,57,5417,15,32,0,3544,7200,80,255,1
1767786859.2600563,6969619580540723221,76797,0,23,19,57,5417,15,32,0,3543,7200,80,255,1
1767786860.7558503,6969619580540723221,76831,0,23,19,57,5417,15,32,0,3541,7200,80,255,1
1767786862.2546053,6969619580540723221,76863,0,23,19,57,5417,15,32,0,3540,7200,80,255,1
1767786863.7570012,6969619580540723221,76895,0,23,19,57,5417,15,32,0,3538,7200,80,255,1
1767786865.251538,6969619580540723221,76929,0,23,19,57,5417,15,32,0,3537,7200,80,255,1
1767786866.2579758,6969619580540723221,76951,0,23,19,57,5417,15,32,0,3536,7200,80,255,1
1767786867.758947,6969619580540723221,76982,0,23,19,57,5417,15,32,0,3534,7200,80,255,1
1767786869.2599597,6969619580540723221,77014,0,23,19,57,5417,15,32,0,3533,7200,80,255,1
1767786870.7498977,6969619580540723221,77045,0,23,19,57,5417,15,32,0,3531,7200,80,255,1
1767786871.7525747,6969619580540723221,77067,0,23,19,57,5417,15,32,0,3530,7200,80,255,1
1767786872.7591512,6969619580540723221,77089,0,23,19,57,5417,15,32,0,3529,7200,80,255,1
1767786874.248069,6969619580540723221,77124,0,23,19,57,5417,15,32,0,3528,7200,80,255,1
1767786875.2537432,6969619580540723221,77146,0,23,19,57,5417,15,32,0,3527,7200,80,255,1
1767786876.2560875,6969619580540723221,77166,0,23,19,57,5417,15,32,0,3526,7200,80,255,1
1767786877.745286,6969619580540723221,77197,0,23,19,57,5417,15,32,0,3524,7200,80,255,1
1767786878.748688,6969619580540723221,77218,0,23,19,57,5417,15,32,0,3523,7200,80,255,1
1767786879.7594466,6969619580540723221,77240,0,23,19,57,5417,15,32,0,3522,7200,80,255,1
1767786880.7611217,6969619580540723221,77263,0,23,19,57,5417,15,32,0,3521,7200,80,255,1
1767786882.253879,6969619580540723221,77296,0,23,19,57,5417,15,32,0,3520,7200,80,255,1
1767786883.259044,6969619580540723221,77318,0,23,19,57,5417,15,32,0,3519,7200,80,255,1
1767786884.7548332,6969619580540723221,77353,0,23,19,57,5417,15,32,0,3517,7200,80,255,1
1767786886.2454624,6969619580540723221,77388,0,23,19,57,5417,15,32,0,3516,7200,80,255,1
1767786887.2500014,6969619580540723221,77410,0,23,19,57,5417,15,32,0,3515,7200,80,255,1
1767786888.7457654,6969619580540723221,77443,0,23,19,57,5417,15,32,0,3513,7200,80,255,1
1767786889.755582,6969619580540723221,77466,0,23,19,57,5417,15,32,0,3512,7200,80,255,1
1767786891.2431157,6969619580540723221,77498,0,23,19,57,5417,15,32,0,3511,7200,80,255,1
1767786892.2495627,6969619580540723221,77520,0,23,19,57,5417,15,32,0,3510,7200,80,255,1
1767786893.2548928,6969619580540723221,77542,0,23,19,57,5417,15,32,0,3509,7200,80,255,1
1767786894.7470064,6969619580540723221,77575,0,23,19,57,5417,15,32,0,3507,7200,80,255,1
1767786895.7470481,6969619580540723221,77597,0,23,19,57,5417,15,32,0,3506,7200,80,255,1
1767786896.752346,6969619580540723221,77618,0,23,19,57,5417,15,32,0,3505,7200,80,255,1
1767786898.2427127,6969619580540723221,77652,0,23,19,57,5417,15,32,0,3504,7200,80,255,1
1767786899.2554874,6969619580540723221,77674,0,23,19,57,5417,15,32,0,3503,7200,80,255,1
1767786900.256952,6969619580540723221,77696,0,23,19,57,5417,15,32,0,3502,7200,80,255,1
1767786901.744799,6969619580540723221,77730,0,23,19,57,5417,15,32,0,3500,7200,80,255,1
1767786902.7498922,6969619580540723221,77751,0,23,19,57,5417,15,32,0,3499,7200,80,255,1
1767786904.251262,6969619580540723221,77784,0,23,19,57,5417,15,32,0,3498,7200,80,255,1
1767786905.748801,6969619580540723221,77815,0,23,19,57,5417,15,32,0,3496,7200,80,255,1
1767786906.7580602,6969619580540723221,77837,0,23,19,57,5417,15,32,0,3495,7200,80,255,1
1767786908.2511256,6969619580540723221,77871,0,23,19,57,5417,15,32,0,3494,7200,80,255,1
1767786909.753381,6969619580540723221,77904,0,23,19,57,5417,15,32,0,3492,7200,80,255,1
1767786911.2546473,6969619580540723221,77937,0,23,19,57,5417,15,32,0,3491,7200,80,255,1
1767786912.7501788,6969619580540723221,77970,0,23,19,57,5417,15,32,0,3489,7200,80,255,1
1767786913.7511704,6969619580540723221,77991,0,23,19,57,5417,15,32,0,3488,7200,80,255,1
1767786914.758101,6969619580540723221,78011,0,23,19,57,5417,15,32,0,3487,7200,80,255,1
1767786916.2568765,6969619580540723221,78043,0,23,19,57,5417,15,32,0,3486,7200,80,255,1
1767786917.7581089,6969619580540723221,78075,0,23,19,57,5417,15,32,0,3484,7200,80,255,1
1767786919.2569633,6969619580540723221,78110,0,23,19,57,5417,15,32,0,3483,7200,80,255,1
1767786920.747282,6969619580540723221,78143,0,23,19,57,5417,15,32,0,3481,7200,80,255,1
1767786921.7532136,6969619580540723221,78164,0,23,19,57,5417,15,32,0,3480,7200,80,255,1
1767786922.7604003,6969619580540723221,78186,0,23,19,57,5417,15,32,0,3479,7200,80,255,1
1767786924.2561288,6969619580540723221,78218,0,23,19,57,5417,15,32,0,3478,7200,80,255,1
1767786925.748839,6969619580540723221,78253,0,23,19,57,5417,15,32,0,3476,7200,80,255,1
1767786926.7571752,6969619580540723221,78275,0,23,19,57,5417,15,32,0,3475,7200,80,255,1
1767786928.247022,6969619580540723221,78308,0,23,19,57,5417,15,32,0,3474,7200,80,255,1
1767786929.258762,6969619580540723221,78330,0,23,19,57,5417,15,32,0,3473,7200,80,255,1
1767786930.7468145,6969619580540723221,78362,0,23,19,57,5417,15,32,0,3471,7200,80,255,1
1767786931.756827,6969619580540723221,78384,0,23,19,57,5417,15,32,0,3470,7200,80,255,1
1767786933.2509346,6969619580540723221,78415,0,23,19,57,5417,15,32,0,3469,7200,80,255,1
1767786934.254688,6969619580540723221,78435,0,23,19,57,5417,15,32,0,3468,7200,80,255,1
1767786935.2581398,6969619580540723221,78457,0,23,19,57,5417,15,32,0,3467,7200,80,255,1
1767786936.743428,6969619580540723221,78489,0,23,19,57,5417,15,32,0,3465,7200,80,255,1
1767786937.7501128,6969619580540723221,78511,0,23,19,57,5417,15,32,0,3464,7200,80,255,1
1767786938.754623,6969619580540723221,78533,0,23,19,57,5417,15,32,0,3463,7200,80,255,1
1767786939.755639,6969619580540723221,78555,0,23,19,57,5417,15,32,0,3462,7200,80,255,1
1767786941.254091,6969619580540723221,78588,0,23,19,57,5417,15,32,0,3461,7200,80,255,1
1767786942.7471418,6969619580540723221,78621,0,23,19,57,5417,15,32,0,3459,7200,80,255,1
1767786943.7570055,6969619580540723221,78644,0,23,19,57,5417,15,32,0,3458,7200,80,255,1
1767786944.7596946,6969619580540723221,78667,0,23,19,57,5417,15,32,0,3457,7200,80,255,1
1767786946.2567282,6969619580540723221,78700,0,23,19,57,5417,15,32,0,3456,7200,80,255,1
1767786947.7622695,6969619580540723221,78732,0,23,19,57,5417,15,32,0,3454,7200,80,255,1
1767786949.2457325,6969619580540723221,78764,0,23,19,57,5417,15,32,0,3453,7200,80,255,1
1767786950.246846,6969619580540723221,78786,0,23,19,57,5417,15,32,0,3452,7200,80,255,1
1767786951.2480712,6969619580540723221,78807,0,23,19,57,5417,15,32,0,3451,7200,80,255,1
1767786952.7432463,6969619580540723221,78841,0,23,19,57,5417,15,32,0,3449,7200,80,255,1
1767786953.7498968,6969619580540723221,78864,0,23,19,57,5417,15,32,0,3448,7200,80,255,1
1767786954.7570276,6969619580540723221,78885,0,23,19,57,5417,15,32,0,3447,7200,80,255,1
1767786955.760636,6969619580540723221,78906,0,23,19,57,5417,15,32,0,3446,7200,80,255,1
1767786957.255454,6969619580540723221,78940,0,23,19,57,5417,15,32,0,3445,7200,80,255,1
1767786958.2580547,6969619580540723221,78961,0,23,19,57,5417,15,32,0,3444,7200,80,255,1
1767786959.753507,6969619580540723221,78993,0,23,19,57,5417,15,32,0,3442,7200,80,255,1
1767786960.7535877,6969619580540723221,79015,0,23,19,57,5417,15,32,0,3441,7200,80,255,1
1767786962.2527757,6969619580540723221,79046,0,23,19,57,5417,15,32,0,3440,7200,80,255,1
1767786963.2556243,6969619580540723221,79067,0,23,19,57,5417,15,32,0,3439,7200,80,255,1
1767786964.7423565,6969619580540723221,79099,0,23,19,57,5417,15,32,0,3437,7200,80,255,1
1767786965.7423713,6969619580540723221,79123,0,23,19,57,5417,15,32,0,3436,7200,80,255,1
1767786966.755151,6969619580540723221,79146,0,23,19,57,5417,15,32,0,3435,7200,80,255,1
1767786967.7580523,6969619580540723221,79168,0,23,19,57,5417,15,32,0,3434,7200,80,255,1
1767786969.2543848,6969619580540723221,79199,0,23,19,57,5417,15,32,0,3433,7200,80,255,1
1767786970.2568731,6969619580540723221,79221,0,23,19,57,5417,15,32,0,3432,7200,80,255,1
1767786971.2588973,6969619580540723221,79242,0,23,19,57,5417,15,32,0,3431,7200,80,255,1
1767786972.7555242,6969619580540723221,79274,0,23,19,57,5417,15,32,0,3429,7200,80,255,1
1767786974.2522025,6969619580540723221,79307,0,23,19,57,5417,15,32,0,3428,7200,80,255,1
1767786975.2617035,6969619580540723221,79331,0,23,19,57,5417,15,32,0,3427,7200,80,255,1
1767786976.7452471,6969619580540723221,79363,0,23,19,57,5417,15,32,0,3425,7200,80,255,1
1767786978.2421722,6969619580540723221,79397,0,23,19,57,5417,15,32,0,3424,7200,80,255,1
1767786979.2554162,6969619580540723221,79420,0,23,19,57,5417,15,32,0,3423,7200,80,255,1
1767786980.7602084,6969619580540723221,79451,0,23,19,57,5417,15,32,0,3421,7200,80,255,1
1767786982.256793,6969619580540723221,79485,0,23,19,57,5417,15,32,0,3420,7200,80,255,1
1767786983.2585897,6969619580540723221,79506,0,23,19,57,5417,15,32,0,3419,7200,80,255,1
1767786984.7439692,6969619580540723221,79540,0,23,19,57,5417,15,32,0,3417,7200,80,255,1
1767786985.749026,6969619580540723221,79561,0,23,19,57,5417,15,32,0,3416,7200,80,255,1
1767786986.7519388,6969619580540723221,79582,0,23,19,57,5417,15,32,0,3415,7200,80,255,1
1767786987.7546647,6969619580540723221,79603,0,23,19,57,5417,15,32,0,3414,7200,80,255,1
1767786988.760289,6969619580540723221,79625,0,23,19,57,5417,15,32,0,3413,7200,80,255,1
1767786990.2424688,6969619580540723221,79658,0,23,19,57,5417,15,32,0,3412,7200,80,255,1
1767786991.246175,6969619580540723221,79680,0,23,19,57,5417,15,32,0,3411,7200,80,255,1
1767786992.74356,6969619580540723221,79713,0,23,19,57,5417,15,32,0,3409,7200,80,255,1
1767786993.7554357,6969619580540723221,79734,0,23,19,57,5417,15,32,0,3408,7200,80,255,1
1767786995.2456756,6969619580540723221,79765,0,23,19,57,5417,15,32,0,3407,7200,80,255,1
1767786996.7510989,6969619580540723221,79799,0,23,19,57,5417,15,32,0,3405,7200,80,255,1
1767786998.2421155,6969619580540723221,79831,0,23,19,57,5417,15,32,0,3404,7200,80,255,1
1767786999.2435808,6969619580540723221,79854,0,23,19,57,5417,15,32,0,3403,7200,80,255,1
1767787000.2489839,6969619580540723221,79876,0,23,19,57,5417,15,32,0,3402,7200,80,255,1
1767787001.7443364,6969619580540723221,79909,0,23,19,57,5417,15,32,0,3400,7200,80,255,1
1767787002.7509198,6969619580540723221,79931,0,23,19,57,5417,15,32,0,3399,7200,80,255,1
1767787004.2435086,6969619580540723221,79965,0,23,19,57,5417,15,32,0,3398,7200,80,255,1
1767787005.2512956,6969619580540723221,79987,0,23,19,57,5417,15,32,0,3397,7200,80,255,1
1767787006.2514677,6969619580540723221,80009,0,23,19,57,5417,15,32,0,3396,7200,80,255,1
1767787007.7501447,6969619580540723221,80040,0,23,19,57,5417,15,32,0,3394,7200,80,255,1
1767787009.2486613,6969619580540723221,80073,0,23,19,57,5417,15,32,0,3393,7200,80,255,1
1767787010.2511296,6969619580540723221,80093,0,23,19,57,5417,15,32,0,3392,7200,80,255,1
1767787011.2512555,6969619580540723221,80114,0,23,19,57,5417,15,32,0,3391,7200,80,255,1
1767787012.7495964,6969619580540723221,80147,0,23,19,57,5417,15,32,0,3389,7200,80,255,1
1767787014.2501335,6969619580540723221,80179,0,23,19,57,5417,15,32,0,3388,7200,80,255,1
1767787015.7599204,6969619580540723221,80215,0,23,19,57,5417,15,32,0,3386,7200,80,255,1
1767787017.2469354,6969619580540723221,80245,0,23,19,57,5417,15,32,0,3385,7200,80,255,1
1767787018.7418976,6969619580540723221,80279,0,23,19,57,5417,15,32,0,3383,7200,80,255,1
1767787019.7422016,6969619580540723221,80302,0,23,19,57,5417,15,32,0,3382,7200,80,255,1
1767787020.756816,6969619580540723221,80327,0,23,19,57,5417,15,32,0,3381,7200,80,255,1
1767787021.7601907,6969619580540723221,80349,0,23,19,57,5417,15,32,0,3380,7200,80,255,1
1767787023.2424502,6969619580540723221,80383,0,23,19,57,5417,15,32,0,3379,7200,80,255,1
1767787024.2544186,6969619580540723221,80406,0,23,19,57,5417,15,32,0,3378,7200,80,255,1
1767787025.255016,6969619580540723221,80429,0,23,19,57,5417,15,32,0,3377,7200,80,255,1
1767787026.7437751,6969619580540723221,80461,0,23,19,57,5417,15,32,0,3375,7200,80,255,1
1767787027.758691,6969619580540723221,80484,0,23,19,57,5417,15,32,0,3374,7200,80,255,1
1767787028.7595415,6969619580540723221,80505,0,23,19,57,5417,15,32,0,3373,7200,80,255,1
1767787030.2553756,6969619580540723221,80537,0,23,19,57,5417,15,32,0,3372,7200,80,255,1
1767787031.7523732,6969619580540723221,80570,0,23,19,57,5417,15,32,0,3370,7200,80,255,1
1767787033.2450414,6969619580540723221,80603,0,23,19,57,5417,15,32,0,3369,7200,80,255,1
1767787034.2595854,6969619580540723221,80625,0,23,19,57,5417,15,32,0,3368,7200,80,255,1
1767787035.7490578,6969619580540723221,80656,0,23,19,57,5417,15,32,0,3366,7200,80,255,1
1767787037.245351,6969619580540723221,80689,0,23,19,57,5417,15,32,0,3365,7200,80,255,1
1767787038.2497683,6969619580540723221,80712,0,23,19,57,5417,15,32,0,3364,7200,80,255,1
1767787039.2599318,6969619580540723221,80734,0,23,19,57,5417,15,32,0,3363,7200,80,255,1
1767787040.7500622,6969619580540723221,80768,0,23,19,57,5417,15,32,0,3361,7200,80,255,1
1767787041.7622356,6969619580540723221,80790,0,23,19,57,5417,15,32,0,3360,7200,80,255,1
1767787043.2612283,6969619580540723221,80822,0,23,19,57,5417,15,32,0,3359,7200,80,255,1
1767787044.762257,6969619580540723221,80857,0,23,19,57,5417,15,32,0,3357,7200,80,255,1
1767787046.2610867,6969619580540723221,80890,0,23,19,57,5417,15,32,0,3356,7200,80,255,1
1767787047.7444515,6969619580540723221,80922,0,23,19,57,5417,15,32,0,3354,7200,80,255,1
1767787049.2511163,6969619580540723221,80957,0,23,19,57,5417,15,32,0,3353,7200,80,255,1
1767787050.2581592,6969619580540723221,80980,0,23,19,57,5417,15,32,0,3352,7200,80,255,1
1767787051.7507796,6969619580540723221,81010,0,23,19,57,5417,15,32,0,3350,7200,80,255,1
1767787052.7579582,6969619580540723221,81032,0,23,19,57,5417,15,32,0,3349,7200,80,255,1
1767787054.2450664,6969619580540723221,81064,0,23,19,57,5417,15,32,0,3348,7200,80,255,1
1767787055.2519727,6969619580540723221,81085,0,23,19,57,5417,15,32,0,3347,7200,80,255,1
1767787056.2533925,6969619580540723221,81108,0,23,19,57,5417,15,32,0,3346,7200,80,255,1
1767787057.2571018,6969619580540723221,81130,0,23,19,57,5417,15,32,0,3345,7200,80,255,1
1767787058.7524672,6969619580540723221,81163,0,23,19,57,5417,15,32,0,3343,7200,80,255,1
1767787060.2601385,6969619580540723221,81197,0,23,19,57,5417,15,32,0,3342,7200,80,255,1
1767787061.7472675,6969619580540723221,81229,0,23,19,57,5417,15,32,0,3340,7200,80,255,1
1767787062.7531981,6969619580540723221,81252,0,23,19,57,5417,15,32,0,3339,7200,80,255,1
1767787064.2436473,6969619580540723221,81285,0,23,19,57,5417,15,32,0,3338,7200,80,255,1
1767787065.2538176,6969619580540723221,81307,0,23,19,57,5417,15,32,0,3337,7200,80,255,1
1767787066.2596872,6969619580540723221,81328,0,23,19,57,5417,15,32,0,3336,7200,80,255,1
1767787067.7478592,6969619580540723221,81361,0,23,19,57,5417,15,32,0,3334,7200,80,255,1
1767787069.2485778,6969619580540723221,81395,0,23,19,57,5417,15,32,0,3333,7200,80,255,1
1767787070.2572837,6969619580540723221,81418,0,23,19,57,5417,15,32,0,3332,7200,80,255,1
1767787071.2598765,6969619580540723221,81440,0,23,19,57,5417,15,32,0,3331,7200,80,255,1
1767787072.759617,6969619580540723221,81473,0,23,19,57,5417,15,32,0,3329,7200,80,255,1
1767787074.253551,6969619580540723221,81504,0,23,19,57,5417,15,32,0,3328,7200,80,255,1
1767787075.255449,6969619580540723221,81524,0,23,19,57,5417,15,32,0,3327,7200,80,255,1
1767787076.761686,6969619580540723221,81556,0,23,19,57,5417,15,32,0,3325,7200,80,255,1
1767787078.2556493,6969619580540723221,81588,0,23,19,57,5417,15,32,0,3324,7200,80,255,1
1767787079.26266,6969619580540723221,81609,0,23,19,57,5417,15,32,0,3323,7200,80,255,1
1767787080.7456336,6969619580540723221,81640,0,23,19,57,5417,15,32,0,3321,7200,80,255,1
1767787081.7514315,6969619580540723221,81663,0,23,19,57,5417,15,32,0,3320,7200,80,255,1
1767787082.756871,6969619580540723221,81686,0,23,19,57,5417,15,32,0,3319,7200,80,255,1
1767787084.2424645,6969619580540723221,81721,0,23,19,57,5417,15,32,0,3318,7200,80,255,1
1767787085.2585478,6969619580540723221,81742,0,23,19,57,5417,15,32,0,3317,7200,80,255,1
1767787086.7522166,6969619580540723221,81775,0,23,19,57,5417,15,32,0,3315,7200,80,255,1
1767787088.2599442,6969619580540723221,81807,0,23,19,57,5417,15,32,0,3314,7200,80,255,1
1767787089.7438507,6969619580540723221,81840,0,23,19,57,5417,15,32,0,3312,7200,80,255,1
1767787090.758861,6969619580540723221,81864,0,23,19,57,5417,15,32,0,3311,7200,80,255,1
1767787091.7597282,6969619580540723221,81885,0,23,19,57,5417,15,32,0,3310,7200,80,255,1
1767787093.2496421,6969619580540723221,81918,0,23,19,57,5417,15,32,0,3309,7200,80,255,1
1767787094.2498972,6969619580540723221,81940,0,23,19,57,5417,15,32,0,3308,7200,80,255,1
1767787095.754192,6969619580540723221,81972,0,23,19,57,5417,15,32,0,3306,7200,80,255,1
1767787097.2421708,6969619580540723221,82006,0,23,19,57,5417,15,32,0,3305,7200,80,255,1
1767787098.2601745,6969619580540723221,82029,0,23,19,57,5417,15,32,0,3304,7200,80,255,1
1767787099.7436905,6969619580540723221,82060,0,23,19,57,5417,15,32,0,3302,7200,80,255,1
1767787100.7569175,6969619580540723221,82083,0,23,19,57,5417,15,32,0,3301,7200,80,255,1
1767787102.2422645,6969619580540723221,82119,0,23,19,57,5417,15,32,0,3300,7200,80,255,1
1767787103.2443385,6969619580540723221,82140,0,23,19,57,5417,15,32,0,3299,7200,80,255,1
1767787104.250799,6969619580540723221,82163,0,23,19,57,5417,15,32,0,3298,7200,80,255,1
1767787105.2562964,6969619580540723221,82185,0,23,19,57,5417,15,32,0,3297,7200,80,255,1
1767787106.750187,6969619580540723221,82217,0,23,19,57,5417,15,32,0,3295,7200,80,255,1
1767787107.7587125,6969619580540723221,82240,0,23,19,57,5417,15,32,0,3294,7200,80,255,1
1767787109.248673,6969619580540723221,82272,0,23,19,57,5417,15,32,0,3293,7200,80,255,1
1767787110.255589,6969619580540723221,82294,0,23,19,57,5417,15,32,0,3292,7200,80,255,1
1767787111.759836,6969619580540723221,82327,0,23,19,57,5417,15,32,0,3290,7200,80,255,1
1767787113.251092,6969619580540723221,82359,0,23,19,57,5417,15,32,0,3289,7200,80,255,1
1767787114.2534935,6969619580540723221,82381,0,23,19,57,5417,15,32,0,3288,7200,80,255,1
1767787115.7432044,6969619580540723221,82416,0,23,19,57,5417,15,32,0,3286,7200,80,255,1
1767787116.7587388,6969619580540723221,82440,0,23,19,57,5417,15,32,0,3285,7200,80,255,1
1767787118.2563026,6969619580540723221,82470,0,23,19,57,5417,15,32,0,3284,7200,80,255,1
1767787119.7572422,6969619580540723221,82503,0,23,19,57,5417,15,32,0,3282,7200,80,255,1
1767787121.2487204,6969619580540723221,82535,0,23,19,57,5417,15,32,0,3281,7200,80,255,1
1767787122.2573056,6969619580540723221,82557,0,23,19,57,5417,15,32,0,3280,7200,80,255,1
1767787123.7449644,6969619580540723221,82588,0,23,19,57,5417,15,32,0,3278,7200,80,255,1
1767787124.7522516,6969619580540723221,82610,0,23,19,57,5417,15,32,0,3277,7200,80,255,1
1767787125.7587879,6969619580540723221,82632,0,23,19,57,5417,15,32,0,3276,7200,80,255,1
1767787126.7596974,6969619580540723221,82654,0,23,19,57,5417,15,32,0,3275,7200,80,255,1
1767787128.2534585,6969619580540723221,82689,0,23,19,57,5417,15,32,0,3274,7200,80,255,1
1767787129.2571733,6969619580540723221,82711,0,23,19,57,5417,15,32,0,3273,7200,80,255,1
1767787130.7471437,6969619580540723221,82743,0,23,19,57,5417,15,32,0,3271,7200,80,255,1
1767787132.256815,6969619580540723221,82775,0,23,19,57,5417,15,32,0,3270,7200,80,255,1
1767787133.7542706,6969619580540723221,82807,0,23,19,57,5417,15,32,0,3268,7200,80,255,1
1767787135.251251,6969619580540723221,82840,0,23,19,57,5417,15,32,0,3267,7200,80,255,1
1767787136.759928,6969619580540723221,82873,0,23,19,57,5417,15,32,0,3265,7200,80,255,1
1767787138.255398,6969619580540723221,82904,0,23,19,57,5417,15,32,0,3264,7200,80,255,1
1767787139.7552547,6969619580540723221,82935,0,23,19,57,5417,15,32,0,3262,7200,80,255,1
1767787140.7585764,6969619580540723221,82957,0,23,19,57,5417,15,32,0,3261,7200,80,255,1
1767787142.2442966,6969619580540723221,82989,0,23,19,57,5417,15,32,0,3260,7200,80,255,1
1767787143.7429705,6969619580540723221,83024,0,23,19,57,5417,15,32,0,3258,7200,80,255,1
1767787144.7571485,6969619580540723221,83046,0,23,19,57,5417,15,32,0,3257,7200,80,255,1
1767787145.7596781,6969619580540723221,83067,0,23,19,57,5417,15,32,0,3256,7200,80,255,1
1767787147.2605577,6969619580540723221,83100,0,23,19,57,5417,15,32,0,3255,7200,80,255,1
1767787148.7535157,6969619580540723221,83132,0,23,19,57,5417,15,32,0,3253,7200,80,255,1
1767787150.2493813,6969619580540723221,83166,0,23,19,57,5417,15,32,0,3252,7200,80,255,1
1767787151.2587376,6969619580540723221,83190,0,23,19,57,5417,15,32,0,3251,7200,80,255,1
1767787152.7569356,6969619580540723221,83222,0,23,19,57,5417,15,32,0,3249,7200,80,255,1
1767787153.7570267,6969619580540723221,83243,0,23,19,57,5417,15,32,0,3248,7200,80,255,1
1767787155.2587001,6969619580540723221,83278,0,23,19,57,5417,15,32,0,3247,7200,80,255,1
1767787156.2587583,6969619580540723221,83299,0,23,19,57,5417,15,32,0,3246,7200,80,255,1
1767787157.7463403,6969619580540723221,83330,0,23,19,57,5417,15,32,0,3244,7200,80,255,1
1767787158.7514246,6969619580540723221,83353,0,23,19,57,5417,15,32,0,3243,7200,80,255,1
1767787160.2509878,6969619580540723221,83387,0,23,19,57,5417,15,32,0,3242,7200,80,255,1
1767787161.7587152,6969619580540723221,83420,0,23,19,57,5417,15,32,0,3240,7200,80,255,1
1767787163.2485049,6969619580540723221,83454,0,23,19,57,5417,15,32,0,3239,7200,80,255,1
1767787164.2544036,6969619580540723221,83476,0,23,19,57,5417,15,32,0,3238,7200,80,255,1
1767787165.2554116,6969619580540723221,83498,0,23,19,57,5417,15,32,0,3237,7200,80,255,1
1767787166.7523205,6969619580540723221,83531,0,23,19,57,5417,15,32,0,3235,7200,80,255,1
1767787168.2564003,6969619580540723221,83564,0,23,19,57,5417,15,32,0,3234,7200,80,255,1
1767787169.2571983,6969619580540723221,83587,0,23,19,57,5417,15,32,0,3233,7200,80,255,1
1767787170.7520485,6969619580540723221,83621,0,23,19,57,5417,15,32,0,3231,7200,80,255,1
1767787172.2554634,6969619580540723221,83653,0,23,19,57,5417,15,32,0,3230,7200,80,255,1
1767787173.744353,6969619580540723221,83687,0,23,19,57,5417,15,32,0,3228,7200,80,255,1
1767787174.7468724,6969619580540723221,83711,0,23,19,57,5417,15,32,0,3227,7200,80,255,1
1767787176.2570062,6969619580540723221,83743,0,23,19,57,5417,15,32,0,3226,7200,80,255,1
1767787177.7473042,6969619580540723221,83775,0,23,19,57,5417,15,32,0,3224,7200,80,255,1
1767787178.7538316,6969619580540723221,83796,0,23,19,57,5417,15,32,0,3223,7200,80,255,1
1767787179.7556427,6969619580540723221,83816,0,23,19,57,5417,15,32,0,3222,7200,80,255,1
1767787181.250486,6969619580540723221,83849,0,23,19,57,5417,15,32,0,3221,7200,80,255,1
1767787182.7430239,6969619580540723221,83880,0,23,19,57,5417,15,32,0,3219,7200,80,255,1
1767787183.7453082,6969619580540723221,83902,0,23,19,57,5417,15,32,0,3218,7200,80,255,1
1767787185.2510922,6969619580540723221,83936,0,23,19,57,5417,15,32,0,3217,7200,80,255,1
1767787186.757285,6969619580540723221,83969,0,23,19,57,5417,15,32,0,3215,7200,80,255,1
1767787188.2510738,6969619580540723221,84004,0,23,19,57,5417,15,32,0,3214,7200,80,255,1
1767787189.2521598,6969619580540723221,84027,0,23,19,57,5417,15,32,0,3213,7200,80,255,1
1767787190.7570653,6969619580540723221,84060,0,23,19,57,5417,15,32,0,3211,7200,80,255,1
1767787192.2500167,6969619580540723221,84093,0,23,19,57,5417,15,32,0,3210,7200,80,255,1
1767787193.7569752,6969619580540723221,84126,0,23,19,57,5417,15,32,0,3208,7200,80,255,1
1767787195.2599838,6969619580540723221,84159,0,23,19,57,5417,15,32,0,3207,7200,80,255,1
1767787196.752296,6969619580540723221,84192,0,23,19,57,5417,15,32,0,3205,7200,80,255,1
1767787197.7617931,6969619580540723221,84214,0,23,19,57,5417,15,32,0,3204,7200,80,255,1
1767787199.2473862,6969619580540723221,84248,0,23,19,57,5417,15,32,0,3203,7200,80,255,1
1767787200.2508924,6969619580540723221,84271,0,23,19,57,5417,15,32,0,3202,7200,80,255,1
1767787201.2557995,6969619580540723221,84292,0,23,19,57,5417,15,32,0,3201,7200,80,255,1
1767787202.2589076,6969619580540723221,84313,0,23,19,57,5417,15,32,0,3200,7200,80,255,1
1767787203.7571676,6969619580540723221,84345,0,23,19,57,5417,15,32,0,3198,7200,80,255,1
1767787205.2500637,6969619580540723221,84378,0,23,19,57,5417,15,32,0,3197,7200,80,255,1
1767787206.2556005,6969619580540723221,84401,0,23,19,57,5417,15,32,0,3196,7200,80,255,1
1767787207.7513418,6969619580540723221,84433,0,23,19,57,5417,15,32,0,3194,7200,80,255,1
1767787209.244494,6969619580540723221,84466,0,23,19,57,5417,15,32,0,3193,7200,80,255,1
1767787210.261513,6969619580540723221,84487,0,23,19,57,5417,15,32,0,3192,7200,80,255,1
1767787211.751186,6969619580540723221,84518,0,23,19,57,5417,15,32,0,3190,7200,80,255,1
1767787213.257874,6969619580540723221,84550,0,23,19,57,5417,15,32,0,3189,7200,80,255,1
1767787214.7544827,6969619580540723221,84582,0,23,19,57,5417,15,32,0,3187,7200,80,255,1
1767787215.7553227,6969619580540723221,84603,0,23,19,57,5417,15,32,0,3186,7200,80,255,1
1767787216.7562103,6969619580540723221,84625,0,23,19,57,5417,15,32,0,3185,7200,80,255,1
1767787217.758567,6969619580540723221,84648,0,23,19,57,5417,15,32,0,3184,7200,80,255,1
1767787219.2572365,6969619580540723221,84680,0,23,19,57,5417,15,32,0,3183,7200,80,255,1
1767787220.2573245,6969619580540723221,84701,0,23,19,57,5417,15,32,0,3182,7200,80,255,1
1767787221.2586875,6969619580540723221,84723,0,23,19,57,5417,15,32,0,3181,7200,80,255,1
1767787222.7497768,6969619580540723221,84754,0,23,19,57,5417,15,32,0,3179,7200,80,255,1
1767787223.7539344,6969619580540723221,84776,0,23,19,57,5417,15,32,0,3178,7200,80,255,1
1767787224.7572222,6969619580540723221,84798,0,23,19,57,5417,15,32,0,3177,7200,80,255,1
1767787226.2471125,6969619580540723221,84831,0,23,19,57,5417,15,32,0,3176,7200,80,255,1
1767787227.7552917,6969619580540723221,84864,0,23,19,57,5417,15,32,0,3174,7200,80,255,1
1767787228.7571719,6969619580540723221,84888,0,23,19,57,5417,15,32,0,3173,7200,80,255,1
1767787230.2528892,6969619580540723221,84919,0,23,19,57,5417,15,32,0,3172,7200,80,255,1
1767787231.7449265,6969619580540723221,84953,0,23,19,57,5417,15,32,0,3170,7200,80,255,1
1767787232.7472346,6969619580540723221,84977,0,23,19,57,5417,15,32,0,3169,7200,80,255,1
1767787234.243391,6969619580540723221,85010,0,23,19,57,5417,15,32,0,3168,7200,80,255,1
1767787235.2437797,6969619580540723221,85031,0,23,19,57,5417,15,32,0,3167,7200,80,255,1
1767787236.2446494,6969619580540723221,85053,0,23,19,57,5417,15,32,0,3166,7200,80,255,1
1767787237.2475898,6969619580540723221,85076,0,23,19,57,5417,15,32,0,3165,7200,80,255,1
1767787238.2500129,6969619580540723221,85099,0,23,19,57,5417,15,32,0,3164,7200,80,255,1
1767787239.25701,6969619580540723221,85121,0,23,19,57,5417,15,32,0,3163,7200,80,255,1
1767787240.742312,6969619580540723221,85155,0,23,19,57,5417,15,32,0,3161,7200,80,255,1
1767787241.7449028,6969619580540723221,85177,0,23,19,57,5417,15,32,0,3160,7200,80,255,1
1767787242.747213,6969619580540723221,85199,0,23,19,57,5417,15,32,0,3159,7200,80,255,1
1767787243.7472897,6969619580540723221,85220,0,23,19,57,5417,15,32,0,3158,7200,80,255,1
1767787244.754236,6969619580540723221,85242,0,23,19,57,5417,15,32,0,3157,7200,80,255,1
1767787245.755973,6969619580540723221,85263,0,23,19,57,5417,15,32,0,3156,7200,80,255,1
1767787246.7578669,6969619580540723221,85285,0,23,19,57,5417,15,32,0,3155,7200,80,255,1
1767787248.2433193,6969619580540723221,85319,0,23,19,57,5417,15,32,0,3154,7200,80,255,1
1767787249.2496145,6969619580540723221,85342,0,23,19,57,5417,15,32,0,3153,7200,80,255,1
1767787250.2547765,6969619580540723221,85366,0,23,19,57,5417,15,32,0,3152,7200,80,255,1
1767787251.256293,6969619580540723221,85388,0,23,19,57,5417,15,32,0,3151,7200,80,255,1
1767787252.7555935,6969619580540723221,85423,0,23,19,57,5417,15,32,0,3149,7200,80,255,1
1767787254.2508857,6969619580540723221,85455,0,23,19,57,5417,15,32,0,3148,7200,80,255,1
1767787255.7437425,6969619580540723221,85486,0,23,19,57,5417,15,32,0,3146,7200,80,255,1
1767787256.7458518,6969619580540723221,85508,0,23,19,57,5417,15,32,0,3145,7200,80,255,1
1767787257.746168,6969619580540723221,85530,0,23,19,57,5417,15,32,0,3144,7200,80,255,1
1767787258.752533,6969619580540723221,85553,0,23,19,57,5417,15,32,0,3143,7200,80,255,1
1767787259.7556624,6969619580540723221,85574,0,23,19,57,5417,15,32,0,3142,7200,80,255,1
1767787261.2524252,6969619580540723221,85606,0,23,19,57,5417,15,32,0,3141,7200,80,255,1
1767787262.255389,6969619580540723221,85628,0,23,19,57,5417,15,32,0,3140,7200,80,255,1
1767787263.2587218,6969619580540723221,85649,0,23,19,57,5417,15,32,0,3139,7200,80,255,1
1767787264.7599192,6969619580540723221,85682,0,23,19,57,5417,15,32,0,3137,7200,80,255,1
1767787266.2567992,6969619580540723221,85713,0,23,19,57,5417,15,32,0,3136,7200,80,255,1
1767787267.2584343,6969619580540723221,85735,0,23,19,57,5417,15,32,0,3135,7200,80,255,1
1767787268.7571392,6969619580540723221,85767,0,23,19,57,5417,15,32,0,3133,7200,80,255,1
1767787270.2421918,6969619580540723221,85801,0,23,19,57,5417,15,32,0,3132,7200,80,255,1
1767787271.249891,6969619580540723221,85824,0,23,19,57,5417,15,32,0,3131,7200,80,255,1
1767787272.254426,6969619580540723221,85845,0,23,19,57,5417,15,32,0,3130,7200,80,255,1
1767787273.2569668,6969619580540723221,85866,0,23,19,57,5417,15,32,0,3129,7200,80,255,1
1767787274.7491744,6969619580540723221,85899,0,23,19,57,5417,15,32,0,3127,7200,80,255,1
1767787275.7531357,6969619580540723221,85922,0,23,19,57,5417,15,32,0,3126,7200,80,255,1
1767787277.254136,6969619580540723221,85956,0,23,19,57,5417,15,32,0,3125,7200,80,255,1
1767787278.2568817,6969619580540723221,85977,0,23,19,57,5417,15,32,0,3124,7200,80,255,1
1767787279.7555501,6969619580540723221,86010,0,23,19,57,5417,15,32,0,3122,7200,80,255,1
1767787280.7596612,6969619580540723221,86032,0,23,19,57,5417,15,32,0,3121,7200,80,255,1
1767787282.2533169,6969619580540723221,86065,0,23,19,57,5417,15,32,0,3120,7200,80,255,1
1767787283.2560282,6969619580540723221,86088,0,23,19,57,5417,15,32,0,3119,7200,80,255,1
1767787284.7551653,6969619580540723221,86123,0,23,19,57,5417,15,32,0,3117,7200,80,255,1
1767787286.2536135,6969619580540723221,86158,0,23,19,57,5417,15,32,0,3116,7200,80,255,1
1767787287.2553716,6969619580540723221,86179,0,23,19,57,5417,15,32,0,3115,7200,80,255,1
1767787288.7537487,6969619580540723221,86213,0,23,19,57,5417,15,32,0,3113,7200,80,255,1
1767787290.255774,6969619580540723221,86246,0,23,19,57,5417,15,32,0,3112,7200,80,255,1
1767787291.2598236,6969619580540723221,86268,0,23,19,57,5417,15,32,0,3111,7200,80,255,1
1767787292.7588115,6969619580540723221,86302,0,23,19,57,5417,15,32,0,3109,7200,80,255,1
1767787294.2571433,6969619580540723221,86335,0,23,19,57,5417,15,32,0,3108,7200,80,255,1
1767787295.752933,6969619580540723221,86369,0,23,19,57,5417,15,32,0,3106,7200,80,255,1
1767787296.7556674,6969619580540723221,86392,0,23,19,57,5417,15,32,0,3105,7200,80,255,1
1767787297.7589486,6969619580540723221,86415,0,23,19,57,5417,15,32,0,3104,7200,80,255,1
1767787299.2417974,6969619580540723221,86447,0,23,19,57,5417,15,32,0,3103,7200,80,255,1
1767787300.247166,6969619580540723221,86468,0,23,19,57,5417,15,32,0,3102,7200,80,255,1
1767787301.2472324,6969619580540723221,86491,0,23,19,57,5417,15,32,0,3101,7200,80,255,1
1767787302.2512374,6969619580540723221,86512,0,23,19,57,5417,15,32,0,3100,7200,80,255,1
1767787303.2555876,6969619580540723221,86535,0,23,19,57,5417,15,32,0,3099,7200,80,255,1
1767787304.7424595,6969619580540723221,86569,0,23,19,57,5417,15,32,0,3097,7200,80,255,1
1767787305.7471306,6969619580540723221,86593,0,23,19,57,5417,15,32,0,3096,7200,80,255,1
1767787306.7513478,6969619580540723221,86615,0,23,19,57,5417,15,32,0,3095,7200,80,255,1
1767787307.7519948,6969619580540723221,86638,0,23,19,57,5417,15,32,0,3094,7200,80,255,1
1767787308.7534285,6969619580540723221,86661,0,23,19,57,5417,15,32,0,3093,7200,80,255,1
1767787310.255782,6969619580540723221,86693,0,23,19,57,5417,15,32,0,3092,7200,80,255,1
1767787311.257042,6969619580540723221,86715,0,23,19,57,5417,15,32,0,3091,7200,80,255,1
1767787312.258944,6969619580540723221,86737,0,23,19,57,5417,15,32,0,3090,7200,80,255,1
1767787313.7543075,6969619580540723221,86769,0,23,19,57,5417,15,32,0,3088,7200,80,255,1
1767787315.2499528,6969619580540723221,86802,0,23,19,57,5417,15,32,0,3087,7200,80,255,1
1767787316.2565432,6969619580540723221,86824,0,23,19,57,5417,15,32,0,3086,7200,80,255,1
1767787317.755339,6969619580540723221,86858,0,23,19,57,5417,15,32,0,3084,7200,80,255,1
1767787319.257151,6969619580540723221,86892,0,23,19,57,5417,15,32,0,3083,7200,80,255,1
1767787320.2595026,6969619580540723221,86914,0,23,19,57,5417,15,32,0,3082,7200,80,255,1
1767787321.7569947,6969619580540723221,86945,0,23,19,57,5417,15,32,0,3080,7200,80,255,1
1767787323.2523704,6969619580540723221,86979,0,23,19,57,5417,15,32,0,3079,7200,80,255,1
1767787324.7528074,6969619580540723221,87012,0,23,19,57,5417,15,32,0,3077,7200,80,255,1
1767787326.2538495,6969619580540723221,87046,0,23,19,57,5417,15,32,0,3076,7200,80,255,1
1767787327.2598429,6969619580540723221,87068,0,23,19,57,5417,15,32,0,3075,7200,80,255,1
1767787328.7570407,6969619580540723221,87101,0,23,19,57,5417,15,32,0,3073,7200,80,255,1
1767787330.2595367,6969619580540723221,87134,0,23,19,57,5417,15,32,0,3072,7200,80,255,1
1767787331.7546167,6969619580540723221,87170,0,23,19,57,5417,15,32,0,3070,7200,80,255,1
1767787332.7548852,6969619580540723221,87192,0,23,19,57,5417,15,32,0,3069,7200,80,255,1
1767787334.243717,6969619580540723221,87223,0,23,19,57,5417,15,32,0,3068,7200,80,255,1
1767787335.253094,6969619580540723221,87246,0,23,19,57,5417,15,32,0,3067,7200,80,255,1
1767787336.2588701,6969619580540723221,87268,0,23,19,57,5417,15,32,0,3066,7200,80,255,1
1767787337.743152,6969619580540723221,87301,0,23,19,57,5417,15,32,0,3064,7200,80,255,1
1767787338.743688,6969619580540723221,87323,0,23,19,57,5417,15,32,0,3063,7200,80,255,1
1767787339.7559395,6969619580540723221,87346,0,23,19,57,5417,15,32,0,3062,7200,80,255,1
1767787340.7609646,6969619580540723221,87367,0,23,19,57,5417,15,32,0,3061,7200,80,255,1
1767787342.2449749,6969619580540723221,87400,0,23,19,57,5417,15,32,0,3060,7200,80,255,1
1767787343.2469397,6969619580540723221,87422,0,23,19,57,5417,15,32,0,3059,7200,80,255,1
1767787344.2609847,6969619580540723221,87444,0,23,19,57,5417,15,32,0,3058,7200,80,255,1
1767787345.743359,6969619580540723221,87480,0,23,19,57,5417,15,32,0,3056,7200,80,255,1
1767787346.7628772,6969619580540723221,87503,0,23,19,57,5417,15,32,0,3055,7200,80,255,1
1767787348.253709,6969619580540723221,87536,0,23,19,57,5417,15,32,0,3054,7200,80,255,1
1767787349.7597034,6969619580540723221,87571,0,23,19,57,5417,15,32,0,3052,7200,80,255,1
1767787350.7598724,6969619580540723221,87592,0,23,19,57,5417,15,32,0,3051,7200,80,255,1
1767787352.2469656,6969619580540723221,87625,0,23,19,57,5417,15,32,0,3050,7200,80,255,1
1767787353.7552376,6969619580540723221,87658,0,23,19,57,5417,15,32,0,3048,7200,80,255,1
1767787355.259847,6969619580540723221,87693,0,23,19,57,5417,15,32,0,3047,7200,80,255,1
1767787356.7470791,6969619580540723221,87725,0,23,19,57,5417,15,32,0,3045,7200,80,255,1
1767787357.754374,6969619580540723221,87748,0,23,19,57,5417,15,32,0,3044,7200,80,255,1
1767787359.2578723,6969619580540723221,87782,0,23,19,57,5417,15,32,0,3043,7200,80,255,1
1767787360.7554796,6969619580540723221,87815,0,23,19,57,5417,15,32,0,3041,7200,80,255,1
1767787362.25568,6969619580540723221,87848,0,23,19,57,5417,15,32,0,3040,7200,80,255,1
1767787363.2587283,6969619580540723221,87871,0,23,19,57,5417,15,32,0,3039,7200,80,255,1
1767787364.7473207,6969619580540723221,87904,0,23,19,57,5417,15,32,0,3037,7200,80,255,1
1767787365.751311,6969619580540723221,87928,0,23,19,57,5417,15,32,0,3036,7200,80,255,1
1767787366.7569125,6969619580540723221,87951,0,23,19,57,5417,15,32,0,3035,7200,80,255,1
1767787368.26,6969619580540723221,87985,0,23,19,57,5417,15,32,0,3034,7200,80,255,1
1767787369.7435997,6969619580540723221,88018,0,23,19,57,5417,15,32,0,3032,7200,80,255,1
1767787370.7584958,6969619580540723221,88041,0,23,19,57,5417,15,32,0,3031,7200,80,255,1
1767787372.2553308,6969619580540723221,88075,0,23,19,57,5417,15,32,0,3030,7200,80,255,1
1767787373.7452228,6969619580540723221,88109,0,23,19,57,5417,15,32,0,3028,7200,80,255,1
1767787374.7524877,6969619580540723221,88131,0,23,19,57,5417,15,32,0,3027,7200,80,255,1
1767787375.760958,6969619580540723221,88153,0,23,19,57,5417,15,32,0,3026,7200,80,255,1
1767787377.2599814,6969619580540723221,88187,0,23,19,57,5417,15,32,0,3025,7200,80,255,1
1767787378.755268,6969619580540723221,88220,0,23,19,57,5417,15,32,0,3023,7200,80,255,1
1767787380.256686,6969619580540723221,88253,0,23,19,57,5417,15,32,0,3022,7200,80,255,1
1767787381.2572458,6969619580540723221,88275,0,23,19,57,5417,15,32,0,3021,7200,80,255,1
1767787382.746895,6969619580540723221,88308,0,23,19,57,5417,15,32,0,3019,7200,80,255,1
1767787383.749624,6969619580540723221,88330,0,23,19,57,5417,15,32,0,3018,7200,80,255,1
1767787384.756265,6969619580540723221,88351,0,23,19,57,5417,15,32,0,3017,7200,80,255,1
1767787386.2471008,6969619580540723221,88383,0,23,19,57,5417,15,32,0,3016,7200,80,255,1
1767787387.2513947,6969619580540723221,88405,0,23,19,57,5417,15,32,0,3015,7200,80,255,1
1767787388.7613134,6969619580540723221,88439,0,23,19,57,5417,15,32,0,3013,7200,80,255,1
1767787390.2450747,6969619580540723221,88472,0,23,19,57,5417,15,32,0,3012,7200,80,255,1
1767787391.245148,6969619580540723221,88495,0,23,19,57,5417,15,32,0,3011,7200,80,255,1
1767787392.2509737,6969619580540723221,88516,0,23,19,57,5417,15,32,0,3010,7200,80,255,1
1767787393.2529428,6969619580540723221,88538,0,23,19,57,5417,15,32,0,3009,7200,80,255,1
1767787394.7551463,6969619580540723221,88571,0,23,19,57,5417,15,32,0,3007,7200,80,255,1
1767787395.7597816,6969619580540723221,88593,0,23,19,57,5417,15,32,0,3006,7200,80,255,1
1767787397.2557902,6969619580540723221,88624,0,23,19,57,5417,15,32,0,3005,7200,80,255,1
1767787398.2587922,6969619580540723221,88646,0,23,19,57,5417,15,32,0,3004,7200,80,255,1
1767787399.7482808,6969619580540723221,88676,0,23,19,57,5417,15,32,0,3002,7200,80,255,1
1767787400.7571526,6969619580540723221,88697,0,23,19,57,5417,15,32,0,3001,7200,80,255,1
1767787402.2423701,6969619580540723221,88731,0,23,19,57,5417,15,32,0,3000,7200,80,255,1
1767787403.2447836,6969619580540723221,88753,0,23,19,57,5417,15,32,0,2999,7200,80,255,1
1767787404.7421393,6969619580540723221,88788,0,23,19,57,5417,15,32,0,2997,7200,80,255,1
1767787405.747619,6969619580540723221,88810,0,23,19,57,5417,15,32,0,2996,7200,80,255,1
1767787407.2572393,6969619580540723221,88845,0,23,19,57,5417,15,32,0,2995,7200,80,255,1
1767787408.7557325,6969619580540723221,88878,0,23,19,57,5417,15,32,0,2993,7200,80,255,1
1767787410.244695,6969619580540723221,88910,0,23,19,57,5417,15,32,0,2992,7200,80,255,1
1767787411.2546823,6969619580540723221,88932,0,23,19,57,5417,15,32,0,2991,7200,80,255,1
1767787412.754091,6969619580540723221,88966,0,23,19,57,5417,15,32,0,2989,7200,80,255,1
1767787414.256889,6969619580540723221,89000,0,23,19,57,5417,15,32,0,2988,7200,80,255,1
1767787415.7469213,6969619580540723221,89032,0,23,19,57,5417,15,32,0,2986,7200,80,255,1
1767787416.7532325,6969619580540723221,89054,0,23,19,57,5417,15,32,0,2985,7200,80,255,1
1767787417.7594845,6969619580540723221,89077,0,23,19,57,5417,15,32,0,2984,7200,80,255,1
1767787419.2424638,6969619580540723221,89111,0,23,19,57,5417,15,32,0,2983,7200,80,255,1
1767787420.2543411,6969619580540723221,89135,0,23,19,57,5417,15,32,0,2982,7200,80,255,1
1767787421.2593987,6969619580540723221,89156,0,23,19,57,5417,15,32,0,2981,7200,80,255,1
1767787422.7551942,6969619580540723221,89189,0,23,19,57,5417,15,32,0,2979,7200,80,255,1
1767787424.2542708,6969619580540723221,89221,0,23,19,57,5417,15,32,0,2978,7200,80,255,1
1767787425.759496,6969619580540723221,89254,0,23,19,57,5417,15,32,0,2976,7200,80,255,1
1767787427.2572696,6969619580540723221,89288,0,23,19,57,5417,15,32,0,2975,7200,80,255,1
1767787428.7422945,6969619580540723221,89321,0,23,19,57,5417,15,32,0,2973,7200,80,255,1
1767787429.7530694,6969619580540723221,89345,0,23,19,57,5417,15,32,0,2972,7200,80,255,1
1767787430.7610307,6969619580540723221,89367,0,23,19,57,5417,15,32,0,2971,7200,80,255,1
1767787432.2613132,6969619580540723221,89399,0,23,19,57,5417,15,32,0,2970,7200,80,255,1
1767787433.7444828,6969619580540723221,89432,0,23,19,57,5417,15,32,0,2968,7200,80,255,1
1767787434.7582958,6969619580540723221,89454,0,23,19,57,5417,15,32,0,2967,7200,80,255,1
1767787436.2570884,6969619580540723221,89486,0,23,19,57,5417,15,32,0,2966,7200,80,255,1
1767787437.7556767,6969619580540723221,89519,0,23,19,57,5417,15,32,0,2964,7200,80,255,1
1767787438.7596967,6969619580540723221,89541,0,23,19,57,5417,15,32,0,2963,7200,80,255,1
1767787440.2428122,6969619580540723221,89573,0,23,19,57,5417,15,32,0,2962,7200,80,255,1
1767787441.2485633,6969619580540723221,89595,0,23,19,57,5417,15,32,0,2961,7200,80,255,1
1767787442.26084,6969619580540723221,89617,0,23,19,57,5417,15,32,0,2960,7200,80,255,1
1767787443.7463117,6969619580540723221,89649,0,23,19,57,5417,15,32,0,2958,7200,80,255,1
1767787444.7571673,6969619580540723221,89673,0,23,19,57,5417,15,32,0,2957,7200,80,255,1
1767787446.2619066,6969619580540723221,89706,0,23,19,57,5417,15,32,0,2956,7200,80,255,1
1767787447.7498226,6969619580540723221,89739,0,23,19,57,5417,15,32,0,2954,7200,80,255,1
1767787448.757053,6969619580540723221,89761,0,23,19,57,5417,15,32,0,2953,7200,80,255,1
1767787450.2442415,6969619580540723221,89793,0,23,19,57,5417,15,32,0,2952,7200,80,255,1
1767787451.2519922,6969619580540723221,89817,0,23,19,57,5417,15,32,0,2951,7200,80,255,1
1767787452.260889,6969619580540723221,89840,0,23,19,57,5417,15,32,0,2950,7200,80,255,1
1767787453.7459798,6969619580540723221,89873,0,23,19,57,5417,15,32,0,2948,7200,80,255,1
1767787454.7583487,6969619580540723221,89896,0,23,19,57,5417,15,32,0,2947,7200,80,255,1
1767787456.2448738,6969619580540723221,89927,0,23,19,57,5417,15,32,0,2946,7200,80,255,1
1767787457.251089,6969619580540723221,89948,0,23,19,57,5417,15,32,0,2945,7200,80,255,1
1767787458.7569964,6969619580540723221,89980,0,23,19,57,5417,15,32,0,2943,7200,80,255,1
1767787459.757177,6969619580540723221,90003,0,23,19,57,5417,15,32,0,2942,7200,80,255,1
1767787461.259967,6969619580540723221,90036,0,23,19,57,5417,15,32,0,2941,7200,80,255,1
1767787462.745202,6969619580540723221,90069,0,23,19,57,5417,15,32,0,2939,7200,80,255,1
1767787463.7558656,6969619580540723221,90092,0,23,19,57,5417,15,32,0,2938,7200,80,255,1
1767787465.2410893,6969619580540723221,90125,0,23,19,57,5417,15,32,0,2937,7200,80,255,1
1767787466.2473252,6969619580540723221,90148,0,23,19,57,5417,15,32,0,2936,7200,80,255,1
1767787467.2571151,6969619580540723221,90171,0,23,19,57,5417,15,32,0,2935,7200,80,255,1
1767787468.7571738,6969619580540723221,90204,0,23,19,57,5417,15,32,0,2933,7200,80,255,1
1767787470.2497768,6969619580540723221,90235,0,23,19,57,5417,15,32,0,2932,7200,80,255,1
1767787471.2547185,6969619580540723221,90259,0,23,19,57,5417,15,32,0,2931,7200,80,255,1
1767787472.7571073,6969619580540723221,90292,0,23,19,57,5417,15,32,0,2929,7200,80,255,1
1767787474.2587829,6969619580540723221,90325,0,23,19,57,5417,15,32,0,2928,7200,80,255,1
1767787475.7442057,6969619580540723221,90359,0,23,19,57,5417,15,32,0,2926,7200,80,255,1
1767787476.7586336,6969619580540723221,90382,0,23,19,57,5417,15,32,0,2925,7200,80,255,1
1767787478.2512772,6969619580540723221,90414,0,23,19,57,5417,15,32,0,2924,7200,80,255,1
1767787479.254953,6969619580540723221,90437,0,23,19,57,5417,15,32,0,2923,7200,80,255,1
1767787480.2598095,6969619580540723221,90459,0,23,19,57,5417,15,32,0,2922,7200,80,255,1
1767787481.749391,6969619580540723221,90490,0,23,19,57,5417,15,32,0,2920,7200,80,255,1
1767787483.256127,6969619580540723221,90524,0,23,19,57,5417,15,32,0,2919,7200,80,255,1
1767787484.2582285,6969619580540723221,90546,0,23,19,57,5417,15,32,0,2918,7200,80,255,1
1767787485.7511265,6969619580540723221,90580,0,23,19,57,5417,15,32,0,2916,7200,80,255,1
1767787486.753243,6969619580540723221,90604,0,23,19,57,5417,15,32,0,2915,7200,80,255,1
1767787488.2458563,6969619580540723221,90637,0,23,19,57,5417,15,32,0,2914,7200,80,255,1
1767787489.247079,6969619580540723221,90658,0,23,19,57,5417,15,32,0,2913,7200,80,255,1
1767787490.2511177,6969619580540723221,90682,0,23,19,57,5417,15,32,0,2912,7200,80,255,1
1767787491.2516096,6969619580540723221,90704,0,23,19,57,5417,15,32,0,2911,7200,80,255,1
1767787492.256875,6969619580540723221,90727,0,23,19,57,5417,15,32,0,2910,7200,80,255,1
1767787493.7447467,6969619580540723221,90760,0,23,19,57,5417,15,32,0,2908,7200,80,255,1
1767787494.749488,6969619580540723221,90782,0,23,19,57,5417,15,32,0,2907,7200,80,255,1
1767787495.751308,6969619580540723221,90803,0,23,19,57,5417,15,32,0,2906,7200,80,255,1
1767787496.7522707,6969619580540723221,90826,0,23,19,57,5417,15,32,0,2905,7200,80,255,1
1767787498.2585013,6969619580540723221,90860,0,23,19,57,5417,15,32,0,2904,7200,80,255,1
1767787499.7421396,6969619580540723221,90895,0,23,19,57,5417,15,32,0,2902,7200,80,255,1
1767787500.7431924,6969619580540723221,90919,0,23,19,57,5417,15,32,0,2901,7200,80,255,1
1767787501.750733,6969619580540723221,90941,0,23,19,57,5417,15,32,0,2900,7200,80,255,1
1767787503.2585502,6969619580540723221,90975,0,23,19,57,5417,15,32,0,2899,7200,80,255,1
1767787504.26095,6969619580540723221,90996,0,23,19,57,5417,15,32,0,2898,7200,80,255,1
1767787505.7550273,6969619580540723221,91028,0,23,19,57,5417,15,32,0,2896,7200,80,255,1
1767787506.7570186,6969619580540723221,91049,0,23,19,57,5417,15,32,0,2895,7200,80,255,1
1767787508.247279,6969619580540723221,91081,0,23,19,57,5417,15,32,0,2894,7200,80,255,1
1767787509.2493227,6969619580540723221,91103,0,23,19,57,5417,15,32,0,2893,7200,80,255,1
1767787510.2511,6969619580540723221,91124,0,23,19,57,5417,15,32,0,2892,7200,80,255,1
1767787511.2545261,6969619580540723221,91145,0,23,19,57,5417,15,32,0,2891,7200,80,255,1
1767787512.7608361,6969619580540723221,91178,0,23,19,57,5417,15,32,0,2889,7200,80,255,1
1767787514.2509706,6969619580540723221,91213,0,23,19,57,5417,15,32,0,2888,7200,80,255,1
1767787515.254074,6969619580540723221,91234,0,23,19,57,5417,15,32,0,2887,7200,80,255,1
1767787516.7431202,6969619580540723221,91268,0,23,19,57,5417,15,32,0,2885,7200,80,255,1
1767787518.2498026,6969619580540723221,91302,0,23,19,57,5417,15,32,0,2884,7200,80,255,1
1767787519.251037,6969619580540723221,91324,0,23,19,57,5417,15,32,0,2883,7200,80,255,1
1767787520.2530124,6969619580540723221,91346,0,23,19,57,5417,15,32,0,2882,7200,80,255,1
1767787521.2540078,6969619580540723221,91369,0,23,19,57,5417,15,32,0,2881,7200,80,255,1
1767787522.2549856,6969619580540723221,91391,0,23,19,57,5417,15,32,0,2880,7200,80,255,1
1767787523.2552001,6969619580540723221,91415,0,23,19,57,5417,15,32,0,2879,7200,80,255,1
1767787524.2585325,6969619580540723221,91437,0,23,19,57,5417,15,32,0,2878,7200,80,255,1
1767787525.7550335,6969619580540723221,91470,0,23,19,57,5417,15,32,0,2876,7200,80,255,1
1767787526.7583027,6969619580540723221,91492,0,23,19,57,5417,15,32,0,2875,7200,80,255,1
1767787527.759902,6969619580540723221,91516,0,23,19,57,5417,15,32,0,2874,7200,80,255,1
1767787529.2542288,6969619580540723221,91550,0,23,19,57,5417,15,32,0,2873,7200,80,255,1
1767787530.259684,6969619580540723221,91574,0,23,19,57,5417,15,32,0,2872,7200,80,255,1
1767787531.753621,6969619580540723221,91607,0,23,19,57,5417,15,32,0,2870,7200,80,255,1
1767787532.7537925,6969619580540723221,91629,0,23,19,57,5417,15,32,0,2869,7200,80,255,1
1767787534.2436993,6969619580540723221,91663,0,23,19,57,5417,15,32,0,2868,7200,80,255,1
1767787535.2464635,6969619580540723221,91685,0,23,19,57,5417,15,32,0,2867,7200,80,255,1
1767787536.7557993,6969619580540723221,91720,0,23,19,57,5417,15,32,0,2865,7200,80,255,1
1767787537.7563555,6969619580540723221,91742,0,23,19,57,5417,15,32,0,2864,7200,80,255,1
1767787538.758319,6969619580540723221,91765,0,23,19,57,5417,15,32,0,2863,7200,80,255,1
1767787540.259615,6969619580540723221,91797,0,23,19,57,5417,15,32,0,2862,7200,80,255,1
1767787541.7517374,6969619580540723221,91828,0,23,19,57,5417,15,32,0,2860,7200,80,255,1
1767787542.7545252,6969619580540723221,91851,0,23,19,57,5417,15,32,0,2859,7200,80,255,1
1767787543.758642,6969619580540723221,91874,0,23,19,57,5417,15,32,0,2858,7200,80,255,1
1767787545.2539995,6969619580540723221,91907,0,23,19,57,5417,15,32,0,2857,7200,80,255,1
1767787546.254239,6969619580540723221,91929,0,23,19,57,5417,15,32,0,2856,7200,80,255,1
1767787547.2551115,6969619580540723221,91951,0,23,19,57,5417,15,32,0,2855,7200,80,255,1
1767787548.2595048,6969619580540723221,91973,0,23,19,57,5417,15,32,0,2854,7200,80,255,1
1767787549.755818,6969619580540723221,92006,0,23,19,57,5417,15,32,0,2852,7200,80,255,1
1767787550.7573142,6969619580540723221,92030,0,23,19,57,5417,15,32,0,2851,7200,80,255,1
1767787552.2531915,6969619580540723221,92064,0,23,19,57,5417,15,32,0,2850,7200,80,255,1
1767787553.2571669,6969619580540723221,92085,0,23,19,57,5417,15,32,0,2849,7200,80,255,1
1767787554.25913,6969619580540723221,92108,0,23,19,57,5417,15,32,0,2848,7200,80,255,1
1767787555.7569537,6969619580540723221,92140,0,23,19,57,5417,15,32,0,2846,7200,80,255,1
1767787557.253542,6969619580540723221,92174,0,23,19,57,5417,15,32,0,2845,7200,80,255,1
1767787558.755229,6969619580540723221,92207,0,23,19,57,5417,15,32,0,2843,7200,80,255,1
1767787559.760694,6969619580540723221,92231,0,23,19,57,5417,15,32,0,2842,7200,80,255,1
1767787561.252206,6969619580540723221,92266,0,23,19,57,5417,15,32,0,2841,7200,80,255,1
1767787562.2534652,6969619580540723221,92290,0,23,19,57,5417,15,32,0,2840,7200,80,255,1
1767787563.7524605,6969619580540723221,92324,0,23,19,57,5417,15,32,0,2838,7200,80,255,1
1767787564.7607596,6969619580540723221,92348,0,23,19,57,5417,15,32,0,2837,7200,80,255,1
1767787566.2568064,6969619580540723221,92381,0,23,19,57,5417,15,32,0,2836,7200,80,255,1
1767787567.258397,6969619580540723221,92403,0,23,19,57,5417,15,32,0,2835,7200,80,255,1
1767787568.7584524,6969619580540723221,92437,0,23,19,57,5417,15,32,0,2833,7200,80,255,1
1767787570.2534468,6969619580540723221,92471,0,23,19,57,5417,15,32,0,2832,7200,80,255,1
1767787571.2568734,6969619580540723221,92494,0,23,19,57,5417,15,32,0,2831,7200,80,255,1
1767787572.7560287,6969619580540723221,92528,0,23,19,57,5417,15,32,0,2829,7200,80,255,1
1767787574.253698,6969619580540723221,92562,0,23,19,57,5417,15,32,0,2828,7200,80,255,1
1767787575.7449973,6969619580540723221,92595,0,23,19,57,5417,15,32,0,2826,7200,80,255,1
1767787577.2540877,6969619580540723221,92632,0,23,19,57,5417,15,32,0,2825,7200,80,255,1
1767787578.2606204,6969619580540723221,92655,0,23,19,57,5417,15,32,0,2824,7200,80,255,1
1767787579.743289,6969619580540723221,92688,0,23,19,57,5417,15,32,0,2822,7200,80,255,1
1767787580.7441542,6969619580540723221,92710,0,23,19,57,5417,15,32,0,2821,7200,80,255,1
1767787581.7461846,6969619580540723221,92733,0,23,19,57,5417,15,32,0,2820,7200,80,255,1
1767787582.7530832,6969619580540723221,92755,0,23,19,57,5417,15,32,0,2819,7200,80,255,1
1767787584.2564635,6969619580540723221,92788,0,23,19,57,5417,15,32,0,2818,7200,80,255,1
1767787585.7606618,6969619580540723221,92822,0,23,19,57,5417,15,32,0,2816,7200,80,255,1
1767787587.2561102,6969619580540723221,92856,0,23,19,57,5417,15,32,0,2815,7200,80,255,1
1767787588.259303,6969619580540723221,92878,0,23,19,57,5417,15,32,0,2814,7200,80,255,1
1767787589.758621,6969619580540723221,92913,0,23,19,57,5417,15,32,0,2812,7200,80,255,1
1767787591.2584991,6969619580540723221,92945,0,23,19,57,5417,15,32,0,2811,7200,80,255,1
1767787592.758576,6969619580540723221,92979,0,23,19,57,5417,15,32,0,2809,7200,80,255,1
1767787594.2559779,6969619580540723221,93012,0,23,19,57,5417,15,32,0,2808,7200,80,255,1
1767787595.7581623,6969619580540723221,93043,0,23,19,57,5417,15,32,0,2806,7200,80,255,1
1767787597.2562692,6969619580540723221,93074,0,23,19,57,5417,15,32,0,2805,7200,80,255,1
1767787598.2607527,6969619580540723221,93096,0,23,19,57,5417,15,32,0,2804,7200,80,255,1
1767787599.7429917,6969619580540723221,93128,0,23,19,57,5417,15,32,0,2802,7200,80,255,1
1767787600.7503529,6969619580540723221,93151,0,23,19,57,5417,15,32,0,2801,7200,80,255,1
1767787601.7543955,6969619580540723221,93174,0,23,19,57,5417,15,32,0,2800,7200,80,255,1
1767787603.2469313,6969619580540723221,93205,0,23,19,57,5417,15,32,0,2799,7200,80,255,1
1767787604.2532673,6969619580540723221,93227,0,23,19,57,5417,15,32,0,2798,7200,80,255,1
1767787605.7548113,6969619580540723221,93262,0,23,19,57,5417,15,32,0,2796,7200,80,255,1
1767787607.253194,6969619580540723221,93296,0,23,19,57,5417,15,32,0,2795,7200,80,255,1
1767787608.2554154,6969619580540723221,93318,0,23,19,57,5417,15,32,0,2794,7200,80,255,1
1767787609.2594965,6969619580540723221,93340,0,23,19,57,5417,15,32,0,2793,7200,80,255,1
1767787610.755355,6969619580540723221,93373,0,23,19,57,5417,15,32,0,2791,7200,80,255,1
1767787611.7597165,6969619580540723221,93396,0,23,19,57,5417,15,32,0,2790,7200,80,255,1
1767787613.2417605,6969619580540723221,93429,0,23,19,57,5417,15,32,0,2789,7200,80,255,1
1767787614.2469354,6969619580540723221,93451,0,23,19,57,5417,15,32,0,2788,7200,80,255,1
1767787615.258638,6969619580540723221,93472,0,23,19,57,5417,15,32,0,2787,7200,80,255,1
1767787616.7431235,6969619580540723221,93504,0,23,19,57,5417,15,32,0,2785,7200,80,255,1
1767787617.7482064,6969619580540723221,93526,0,23,19,57,5417,15,32,0,2784,7200,80,255,1
1767787618.749489,6969619580540723221,93547,0,23,19,57,5417,15,32,0,2783,7200,80,255,1
1767787619.7570224,6969619580540723221,93571,0,23,19,57,5417,15,32,0,2782,7200,80,255,1
1767787620.7608976,6969619580540723221,93594,0,23,19,57,5417,15,32,0,2781,7200,80,255,1
1767787622.2534847,6969619580540723221,93628,0,23,19,57,5417,15,32,0,2780,7200,80,255,1
1767787623.257142,6969619580540723221,93651,0,23,19,57,5417,15,32,0,2779,7200,80,255,1
1767787624.2599368,6969619580540723221,93673,0,23,19,57,5417,15,32,0,2778,7200,80,255,1
1767787625.7443922,6969619580540723221,93704,0,23,19,57,5417,15,32,0,2776,7200,80,255,1
1767787626.7470856,6969619580540723221,93726,0,23,19,57,5417,15,32,0,2775,7200,80,255,1
1767787627.7551944,6969619580540723221,93749,0,23,19,57,5417,15,32,0,2774,7200,80,255,1
1767787628.7594602,6969619580540723221,93771,0,23,19,57,5417,15,32,0,2773,7200,80,255,1
1767787630.2498064,6969619580540723221,93802,0,23,19,57,5417,15,32,0,2772,7200,80,255,1
1767787631.7522717,6969619580540723221,93836,0,23,19,57,5417,15,32,0,2770,7200,80,255,1
1767787632.7571836,6969619580540723221,93858,0,23,19,57,5417,15,32,0,2769,7200,80,255,1
1767787634.2569816,6969619580540723221,93891,0,23,19,57,5417,15,32,0,2768,7200,80,255,1
1767787635.7517874,6969619580540723221,93923,0,23,19,57,5417,15,32,0,2766,7200,80,255,1
1767787636.7596009,6969619580540723221,93945,0,23,19,57,5417,15,32,0,2765,7200,80,255,1
1767787638.2553577,6969619580540723221,93978,0,23,19,57,5417,15,32,0,2764,7200,80,255,1
1767787639.2596562,6969619580540723221,94000,0,23,19,57,5417,15,32,0,2763,7200,80,255,1
1767787640.743676,6969619580540723221,94032,0,23,19,57,5417,15,32,0,2761,7200,80,255,1
1767787641.7455935,6969619580540723221,94055,0,23,19,57,5417,15,32,0,2760,7200,80,255,1
1767787642.747068,6969619580540723221,94077,0,23,19,57,5417,15,32,0,2759,7200,80,255,1
1767787644.257156,6969619580540723221,94110,0,23,19,57,5417,15,32,0,2758,7200,80,255,1
1767787645.7540677,6969619580540723221,94144,0,23,19,57,5417,15,32,0,2756,7200,80,255,1
1767787646.75688,6969619580540723221,94166,0,23,19,57,5417,15,32,0,2755,7200,80,255,1
1767787648.257199,6969619580540723221,94199,0,23,19,57,5417,15,32,0,2754,7200,80,255,1
1767787649.7596033,6969619580540723221,94233,0,23,19,57,5417,15,32,0,2752,7200,80,255,1
1767787651.2536428,6969619580540723221,94266,0,23,19,57,5417,15,32,0,2751,7200,80,255,1
1767787652.257025,6969619580540723221,94288,0,23,19,57,5417,15,32,0,2750,7200,80,255,1
1767787653.754674,6969619580540723221,94322,0,23,19,57,5417,15,32,0,2748,7200,80,255,1
1767787655.2584982,6969619580540723221,94356,0,23,19,57,5417,15,32,0,2747,7200,80,255,1
1767787656.753846,6969619580540723221,94389,0,23,19,57,5417,15,32,0,2745,7200,80,255,1
1767787658.2594414,6969619580540723221,94422,0,23,19,57,5417,15,32,0,2744,7200,80,255,1
1767787659.7561717,6969619580540723221,94454,0,23,19,57,5417,15,32,0,2742,7200,80,255,1
1767787660.7597513,6969619580540723221,94477,0,23,19,57,5417,15,32,0,2741,7200,80,255,1
1767787662.2547727,6969619580540723221,94510,0,23,19,57,5417,15,32,0,2740,7200,80,255,1
1767787663.7456453,6969619580540723221,94543,0,23,19,57,5417,15,32,0,2738,7200,80,255,1
1767787664.7572176,6969619580540723221,94567,0,23,19,57,5417,15,32,0,2737,7200,80,255,1
1767787666.258703,6969619580540723221,94601,0,23,19,57,5417,15,32,0,2736,7200,80,255,1
1767787667.7588913,6969619580540723221,94636,0,23,19,57,5417,15,32,0,2734,7200,80,255,1
1767787669.254054,6969619580540723221,94670,0,23,19,57,5417,15,32,0,2733,7200,80,255,1
1767787670.755004,6969619580540723221,94703,0,23,19,57,5417,15,32,0,2731,7200,80,255,1
1767787671.7587934,6969619580540723221,94726,0,23,19,57,5417,15,32,0,2730,7200,80,255,1
1767787673.254774,6969619580540723221,94759,0,23,19,57,5417,15,32,0,2729,7200,80,255,1
1767787674.2568924,6969619580540723221,94780,0,23,19,57,5417,15,32,0,2728,7200,80,255,1
1767787675.7423494,6969619580540723221,94813,0,23,19,57,5417,15,32,0,2726,7200,80,255,1
1767787676.744879,6969619580540723221,94835,0,23,19,57,5417,15,32,0,2725,7200,80,255,1
1767787677.7486043,6969619580540723221,94858,0,23,19,57,5417,15,32,0,2724,7200,80,255,1
1767787678.7551532,6969619580540723221,94881,0,23,19,57,5417,15,32,0,2723,7200,80,255,1
1767787680.253825,6969619580540723221,94915,0,23,19,57,5417,15,32,0,2722,7200,80,255,1
1767787681.7555785,6969619580540723221,94951,0,23,19,57,5417,15,32,0,2720,7200,80,255,1
1767787682.758121,6969619580540723221,94973,0,23,19,57,5417,15,32,0,2719,7200,80,255,1
1767787684.248505,6969619580540723221,95006,0,23,19,57,5417,15,32,0,2718,7200,80,255,1
1767787685.2543547,6969619580540723221,95028,0,23,19,57,5417,15,32,0,2717,7200,80,255,1
1767787686.2583842,6969619580540723221,95049,0,23,19,57,5417,15,32,0,2716,7200,80,255,1
1767787687.7539015,6969619580540723221,95082,0,23,19,57,5417,15,32,0,2714,7200,80,255,1
1767787688.755033,6969619580540723221,95105,0,23,19,57,5417,15,32,0,2713,7200,80,255,1
1767787690.2593157,6969619580540723221,95138,0,23,19,57,5417,15,32,0,2712,7200,80,255,1
1767787691.752649,6969619580540723221,95172,0,23,19,57,5417,15,32,0,2710,7200,80,255,1
1767787692.7581067,6969619580540723221,95193,0,23,19,57,5417,15,32,0,2709,7200,80,255,1
1767787694.2545362,6969619580540723221,95226,0,23,19,57,5417,15,32,0,2708,7200,80,255,1
1767787695.753198,6969619580540723221,95262,0,23,19,57,5417,15,32,0,2706,7200,80,255,1
1767787696.7571232,6969619580540723221,95284,0,23,19,57,5417,15,32,0,2705,7200,80,255,1
1767787698.2456145,6969619580540723221,95317,0,23,19,57,5417,15,32,0,2704,7200,80,255,1
1767787699.2520535,6969619580540723221,95340,0,23,19,57,5417,15,32,0,2703,7200,80,255,1
1767787700.745023,6969619580540723221,95373,0,23,19,57,5417,15,32,0,2701,7200,80,255,1
1767787701.7522404,6969619580540723221,95395,0,23,19,57,5417,15,32,0,2700,7200,80,255,1
1767787702.7533324,6969619580540723221,95418,0,23,19,57,5417,15,32,0,2699,7200,80,255,1
1767787703.7570136,6969619580540723221,95440,0,23,19,57,5417,15,32,0,2698,7200,80,255,1
1767787705.258094,6969619580540723221,95472,0,23,19,57,5417,15,32,0,2697,7200,80,255,1
1767787706.7531679,6969619580540723221,95506,0,23,19,57,5417,15,32,0,2695,7200,80,255,1
1767787707.7560868,6969619580540723221,95527,0,23,19,57,5417,15,32,0,2694,7200,80,255,1
1767787709.254517,6969619580540723221,95560,0,23,19,57,5417,15,32,0,2693,7200,80,255,1
1767787710.753663,6969619580540723221,95595,0,23,19,57,5417,15,32,0,2691,7200,80,255,1
1767787711.7548265,6969619580540723221,95619,0,23,19,57,5417,15,32,0,2690,7200,80,255,1
1767787712.7572076,6969619580540723221,95640,0,23,19,57,5417,15,32,0,2689,7200,80,255,1
1767787714.2528105,6969619580540723221,95675,0,23,19,57,5417,15,32,0,2688,7200,80,255,1
1767787715.7570393,6969619580540723221,95709,0,23,19,57,5417,15,32,0,2686,7200,80,255,1
1767787717.253535,6969619580540723221,95744,0,23,19,57,5417,15,32,0,2685,7200,80,255,1
1767787718.7421823,6969619580540723221,95777,0,23,19,57,5417,15,32,0,2683,7200,80,255,1
1767787719.7569716,6969619580540723221,95800,0,23,19,57,5417,15,32,0,2682,7200,80,255,1
1767787720.7583046,6969619580540723221,95822,0,23,19,57,5417,15,32,0,2681,7200,80,255,1
1767787722.257213,6969619580540723221,95855,0,23,19,57,5417,15,32,0,2680,7200,80,255,1
1767787723.7530944,6969619580540723221,95889,0,23,19,57,5417,15,32,0,2678,7200,80,255,1
1767787725.2523944,6969619580540723221,95923,0,23,19,57,5417,15,32,0,2677,7200,80,255,1
1767787726.7441843,6969619580540723221,95956,0,23,19,57,5417,15,32,0,2675,7200,80,255,1
1767787727.7489023,6969619580540723221,95978,0,23,19,57,5417,15,32,0,2674,7200,80,255,1
1767787728.75964,6969619580540723221,96001,0,23,19,57,5417,15,32,0,2673,7200,80,255,1
1767787730.2416441,6969619580540723221,96035,0,23,19,57,5417,15,32,0,2672,7200,80,255,1
1767787731.2471213,6969619580540723221,96058,0,23,19,57,5417,15,32,0,2671,7200,80,255,1
1767787732.248136,6969619580540723221,96081,0,23,19,57,5417,15,32,0,2670,7200,80,255,1
1767787733.2545407,6969619580540723221,96103,0,23,19,57,5417,15,32,0,2669,7200,80,255,1
1767787734.255965,6969619580540723221,96125,0,23,19,57,5417,15,32,0,2668,7200,80,255,1
1767787735.7572436,6969619580540723221,96160,0,23,19,57,5417,15,32,0,2666,7200,80,255,1
1767787737.253866,6969619580540723221,96195,0,23,19,57,5417,15,32,0,2665,7200,80,255,1
1767787738.74857,6969619580540723221,96231,0,23,19,57,5417,15,32,0,2663,7200,80,255,1
1767787739.757765,6969619580540723221,96254,0,23,19,57,5417,15,32,0,2662,7200,80,255,1
1767787741.255031,6969619580540723221,96289,0,23,19,57,5417,15,32,0,2661,7200,80,255,1
1767787742.2577002,6969619580540723221,96310,0,23,19,57,5417,15,32,0,2660,7200,80,255,1
1767787743.752764,6969619580540723221,96345,0,23,19,57,5417,15,32,0,2658,7200,80,255,1
1767787745.2542646,6969619580540723221,96380,0,23,19,57,5417,15,32,0,2657,7200,80,255,1
1767787746.7535193,6969619580540723221,96414,0,23,19,57,5417,15,32,0,2655,7200,80,255,1
1767787747.7592592,6969619580540723221,96436,0,23,19,57,5417,15,32,0,2654,7200,80,255,1
1767787749.242673,6969619580540723221,96469,0,23,19,57,5417,15,32,0,2653,7200,80,255,1
1767787750.2549322,6969619580540723221,96492,0,23,19,57,5417,15,32,0,2652,7200,80,255,1
1767787751.2576385,6969619580540723221,96515,0,23,19,57,5417,15,32,0,2651,7200,80,255,1
1767787752.7542167,6969619580540723221,96550,0,23,19,57,5417,15,32,0,2649,7200,80,255,1
1767787753.7554698,6969619580540723221,96571,0,23,19,57,5417,15,32,0,2648,7200,80,255,1
1767787755.258619,6969619580540723221,96605,0,23,19,57,5417,15,32,0,2647,7200,80,255,1
1767787756.741701,6969619580540723221,96639,0,23,19,57,5417,15,32,0,2645,7200,80,255,1
1767787757.744051,6969619580540723221,96661,0,23,19,57,5417,15,32,0,2644,7200,80,255,1
1767787758.7517471,6969619580540723221,96684,0,23,19,57,5417,15,32,0,2643,7200,80,255,1
1767787759.75958,6969619580540723221,96708,0,23,19,57,5417,15,32,0,2642,7200,80,255,1
1767787761.254989,6969619580540723221,96741,0,23,19,57,5417,15,32,0,2641,7200,80,255,1
1767787762.2596662,6969619580540723221,96763,0,23,19,57,5417,15,32,0,2640,7200,80,255,1
1767787763.752981,6969619580540723221,96798,0,23,19,57,5417,15,32,0,2638,7200,80,255,1
1767787765.254768,6969619580540723221,96833,0,23,19,57,5417,15,32,0,2637,7200,80,255,1
1767787766.258093,6969619580540723221,96856,0,23,19,57,5417,15,32,0,2636,7200,80,255,1
1767787767.2604454,6969619580540723221,96879,0,23,19,57,5417,15,32,0,2635,7200,80,255,1
1767787768.7551138,6969619580540723221,96913,0,23,19,57,5417,15,32,0,2633,7200,80,255,1
1767787770.257349,6969619580540723221,96945,0,23,19,57,5417,15,32,0,2632,7200,80,255,1
1767787771.755997,6969619580540723221,96979,0,23,19,57,5417,15,32,0,2630,7200,80,255,1
1767787772.7572777,6969619580540723221,97000,0,23,19,57,5417,15,32,0,2629,7200,80,255,1
1767787774.2544215,6969619580540723221,97034,0,23,19,57,5417,15,32,0,2628,7200,80,255,1
1767787775.2593727,6969619580540723221,97057,0,23,19,57,5417,15,32,0,2627,7200,80,255,1
1767787776.7584696,6969619580540723221,97090,0,23,19,57,5417,15,32,0,2625,7200,80,255,1
1767787778.252773,6969619580540723221,97124,0,23,19,57,5417,15,32,0,2624,7200,80,255,1
1767787779.2569728,6969619580540723221,97146,0,23,19,57,5417,15,32,0,2623,7200,80,255,1
1767787780.7610285,6969619580540723221,97182,0,23,19,57,5417,15,32,0,2621,7200,80,255,1
1767787782.2556736,6969619580540723221,97216,0,23,19,57,5417,15,32,0,2620,7200,80,255,1
1767787783.2583208,6969619580540723221,97240,0,23,19,57,5417,15,32,0,2619,7200,80,255,1
1767787784.741863,6969619580540723221,97274,0,23,19,57,5417,15,32,0,2617,7200,80,255,1
1767787785.7470937,6969619580540723221,97296,0,23,19,57,5417,15,32,0,2616,7200,80,255,1
1767787786.7481654,6969619580540723221,97319,0,23,19,57,5417,15,32,0,2615,7200,80,255,1
1767787787.7532659,6969619580540723221,97341,0,23,19,57,5417,15,32,0,2614,7200,80,255,1
1767787789.2573383,6969619580540723221,97374,0,23,19,57,5417,15,32,0,2613,7200,80,255,1
1767787790.745649,6969619580540723221,97410,0,23,19,57,5417,15,32,0,2611,7200,80,255,1
1767787791.7518923,6969619580540723221,97432,0,23,19,57,5417,15,32,0,2610,7200,80,255,1
1767787792.7566214,6969619580540723221,97455,0,23,19,57,5417,15,32,0,2609,7200,80,255,1
1767787793.7574365,6969619580540723221,97476,0,23,19,57,5417,15,32,0,2608,7200,80,255,1
1767787795.2593346,6969619580540723221,97510,0,23,19,57,5417,15,32,0,2607,7200,80,255,1
1767787796.7562153,6969619580540723221,97543,0,23,19,57,5417,15,32,0,2605,7200,80,255,1
1767787797.7584772,6969619580540723221,97565,0,23,19,57,5417,15,32,0,2604,7200,80,255,1
1767787799.2435067,6969619580540723221,97599,0,23,19,57,5417,15,32,0,2603,7200,80,255,1
1767787800.2541974,6969619580540723221,97624,0,23,19,57,5417,15,32,0,2602,7200,80,255,1
1767787801.259575,6969619580540723221,97646,0,23,19,57,5417,15,32,0,2601,7200,80,255,1
1767787802.7585464,6969619580540723221,97679,0,23,19,57,5417,15,32,0,2599,7200,80,255,1
1767787803.7596002,6969619580540723221,97701,0,23,19,57,5417,15,32,0,2598,7200,80,255,1
1767787805.2440522,6969619580540723221,97734,0,23,19,57,5417,15,32,0,2597,7200,80,255,1
1767787806.250477,6969619580540723221,97757,0,23,19,57,5417,15,32,0,2596,7200,80,255,1
1767787807.2542193,6969619580540723221,97780,0,23,19,57,5417,15,32,0,2595,7200,80,255,1
1767787808.7528682,6969619580540723221,97814,0,23,19,57,5417,15,32,0,2593,7200,80,255,1
1767787810.2561524,6969619580540723221,97847,0,23,19,57,5417,15,32,0,2592,7200,80,255,1
1767787811.7553637,6969619580540723221,97881,0,23,19,57,5417,15,32,0,2590,7200,80,255,1
1767787812.7576942,6969619580540723221,97904,0,23,19,57,5417,15,32,0,2589,7200,80,255,1
1767787814.2526581,6969619580540723221,97937,0,23,19,57,5417,15,32,0,2588,7200,80,255,1
1767787815.7424777,6969619580540723221,97969,0,23,19,57,5417,15,32,0,2586,7200,80,255,1
1767787816.7438438,6969619580540723221,97991,0,23,19,57,5417,15,32,0,2585,7200,80,255,1
1767787817.7484498,6969619580540723221,98014,0,23,19,57,5417,15,32,0,2584,7200,80,255,1
1767787818.7597463,6969619580540723221,98038,0,23,19,57,5417,15,32,0,2583,7200,80,255,1
1767787820.2448983,6969619580540723221,98070,0,23,19,57,5417,15,32,0,2582,7200,80,255,1
1767787821.247668,6969619580540723221,98091,0,23,19,57,5417,15,32,0,2581,7200,80,255,1
1767787822.2515523,6969619580540723221,98113,0,23,19,57,5417,15,32,0,2580,7200,80,255,1
1767787823.257996,6969619580540723221,98135,0,23,19,57,5417,15,32,0,2579,7200,80,255,1
1767787824.2623045,6969619580540723221,98158,0,23,19,57,5417,15,32,0,2578,7200,80,255,1
1767787825.7470396,6969619580540723221,98192,0,23,19,57,5417,15,32,0,2576,7200,80,255,1
1767787826.7492695,6969619580540723221,98214,0,23,19,57,5417,15,32,0,2575,7200,80,255,1
1767787827.754394,6969619580540723221,98238,0,23,19,57,5417,15,32,0,2574,7200,80,255,1
1767787828.7580137,6969619580540723221,98259,0,23,19,57,5417,15,32,0,2573,7200,80,255,1
1767787830.2448595,6969619580540723221,98292,0,23,19,57,5417,15,32,0,2572,7200,80,255,1
1767787831.2510154,6969619580540723221,98315,0,23,19,57,5417,15,32,0,2571,7200,80,255,1
1767787832.2568052,6969619580540723221,98338,0,23,19,57,5417,15,32,0,2570,7200,80,255,1
1767787833.2607124,6969619580540723221,98360,0,23,19,57,5417,15,32,0,2569,7200,80,255,1
1767787834.7429366,6969619580540723221,98394,0,23,19,57,5417,15,32,0,2567,7200,80,255,1
1767787835.7542436,6969619580540723221,98416,0,23,19,57,5417,15,32,0,2566,7200,80,255,1
1767787837.2552366,6969619580540723221,98449,0,23,19,57,5417,15,32,0,2565,7200,80,255,1
1767787838.7507524,6969619580540723221,98482,0,23,19,57,5417,15,32,0,2563,7200,80,255,1
1767787839.7554564,6969619580540723221,98504,0,23,19,57,5417,15,32,0,2562,7200,80,255,1
1767787840.7609634,6969619580540723221,98528,0,23,19,57,5417,15,32,0,2561,7200,80,255,1
1767787842.2584183,6969619580540723221,98560,0,23,19,57,5417,15,32,0,2560,7200,80,255,1
1767787843.7542474,6969619580540723221,98593,0,23,19,57,5417,15,32,0,2558,7200,80,255,1
1767787844.7552083,6969619580540723221,98614,0,23,19,57,5417,15,32,0,2557,7200,80,255,1
1767787845.7579958,6969619580540723221,98636,0,23,19,57,5417,15,32,0,2556,7200,80,255,1
1767787847.2570975,6969619580540723221,98671,0,23,19,57,5417,15,32,0,2555,7200,80,255,1
1767787848.2596602,6969619580540723221,98693,0,23,19,57,5417,15,32,0,2554,7200,80,255,1
1767787849.7602553,6969619580540723221,98726,0,23,19,57,5417,15,32,0,2552,7200,80,255,1
1767787851.2538555,6969619580540723221,98760,0,23,19,57,5417,15,32,0,2551,7200,80,255,1
1767787852.255414,6969619580540723221,98782,0,23,19,57,5417,15,32,0,2550,7200,80,255,1
1767787853.2593615,6969619580540723221,98806,0,23,19,57,5417,15,32,0,2549,7200,80,255,1
1767787854.7427533,6969619580540723221,98839,0,23,19,57,5417,15,32,0,2547,7200,80,255,1
1767787855.747023,6969619580540723221,98862,0,23,19,57,5417,15,32,0,2546,7200,80,255,1
1767787856.7504973,6969619580540723221,98885,0,23,19,57,5417,15,32,0,2545,7200,80,255,1
1767787857.7550223,6969619580540723221,98906,0,23,19,57,5417,15,32,0,2544,7200,80,255,1
1767787858.7591856,6969619580540723221,98928,0,23,19,57,5417,15,32,0,2543,7200,80,255,1
1767787860.2584124,6969619580540723221,98960,0,23,19,57,5417,15,32,0,2542,7200,80,255,1
1767787861.753574,6969619580540723221,98994,0,23,19,57,5417,15,32,0,2540,7200,80,255,1
1767787862.7558239,6969619580540723221,99017,0,23,19,57,5417,15,32,0,2539,7200,80,255,1
1767787863.759674,6969619580540723221,99040,0,23,19,57,5417,15,32,0,2538,7200,80,255,1
1767787865.2601688,6969619580540723221,99077,0,23,19,57,5417,15,32,0,2537,7200,80,255,1
1767787866.756859,6969619580540723221,99110,0,23,19,57,5417,15,32,0,2535,7200,80,255,1
1767787867.759237,6969619580540723221,99133,0,23,19,57,5417,15,32,0,2534,7200,80,255,1
1767787869.2558606,6969619580540723221,99165,0,23,19,57,5417,15,32,0,2533,7200,80,255,1
1767787870.758469,6969619580540723221,99197,0,23,19,57,5417,15,32,0,2531,7200,80,255,1
1767787872.2548616,6969619580540723221,99231,0,23,19,57,5417,15,32,0,2530,7200,80,255,1
1767787873.7568328,6969619580540723221,99264,0,23,19,57,5417,15,32,0,2528,7200,80,255,1
1767787875.2579842,6969619580540723221,99297,0,23,19,57,5417,15,32,0,2527,7200,80,255,1
1767787876.7568798,6969619580540723221,99330,0,23,19,57,5417,15,32,0,2525,7200,80,255,1
1767787877.7593582,6969619580540723221,99352,0,23,19,57,5417,15,32,0,2524,7200,80,255,1
1767787879.259438,6969619580540723221,99384,0,23,19,57,5417,15,32,0,2523,7200,80,255,1
1767787880.7571363,6969619580540723221,99417,0,23,19,57,5417,15,32,0,2521,7200,80,255,1
1767787882.2507524,6969619580540723221,99451,0,23,19,57,5417,15,32,0,2520,7200,80,255,1
1767787883.2553368,6969619580540723221,99474,0,23,19,57,5417,15,32,0,2519,7200,80,255,1
1767787884.2593374,6969619580540723221,99496,0,23,19,57,5417,15,32,0,2518,7200,80,255,1
1767787885.761947,6969619580540723221,99531,0,23,19,57,5417,15,32,0,2516,7200,80,255,1
1767787887.2568154,6969619580540723221,99565,0,23,19,57,5417,15,32,0,2515,7200,80,255,1
1767787888.2580962,6969619580540723221,99588,0,23,19,57,5417,15,32,0,2514,7200,80,255,1
1767787889.2609384,6969619580540723221,99609,0,23,19,57,5417,15,32,0,2513,7200,80,255,1
1767787890.7425425,6969619580540723221,99641,0,23,19,57,5417,15,32,0,2511,7200,80,255,1
1767787891.746009,6969619580540723221,99663,0,23,19,57,5417,15,32,0,2510,7200,80,255,1
1767787892.7514136,6969619580540723221,99685,0,23,19,57,5417,15,32,0,2509,7200,80,255,1
1767787894.2557867,6969619580540723221,99717,0,23,19,57,5417,15,32,0,2508,7200,80,255,1
1767787895.753953,6969619580540723221,99750,0,23,19,57,5417,15,32,0,2506,7200,80,255,1
1767787896.7570071,6969619580540723221,99772,0,23,19,57,5417,15,32,0,2505,7200,80,255,1
1767787898.254645,6969619580540723221,99806,0,23,19,57,5417,15,32,0,2504,7200,80,255,1
1767787899.2571352,6969619580540723221,99826,0,23,19,57,5417,15,32,0,2503,7200,80,255,1
1767787900.7567365,6969619580540723221,99860,0,23,19,57,5417,15,32,0,2501,7200,80,255,1
1767787902.2568858,6969619580540723221,99894,0,23,19,57,5417,15,32,0,2500,7200,80,255,1
1767787903.2595015,6969619580540723221,99916,0,23,19,57,5417,15,32,0,2499,7200,80,255,1
1767787904.7425773,6969619580540723221,99948,0,23,19,57,5417,15,32,0,2497,7200,80,255,1
1767787905.745686,6969619580540723221,99970,0,23,19,57,5417,15,32,0,2496,7200,80,255,1
1767787906.7497706,6969619580540723221,99992,0,23,19,57,5417,15,32,0,2495,7200,80,255,1
1767787907.7540588,6969619580540723221,100015,0,23,19,57,5417,15,32,0,2494,7200,80,255,1
1767787908.7572575,6969619580540723221,100038,0,23,19,57,5417,15,32,0,2493,7200,80,255,1
1767787910.2610047,6969619580540723221,100072,0,23,19,57,5417,15,32,0,2492,7200,80,255,1
1767787911.7438164,6969619580540723221,100105,0,23,19,57,5417,15,32,0,2490,7200,80,255,1
1767787912.7472126,6969619580540723221,100126,0,23,19,57,5417,15,32,0,2489,7200,80,255,1
1767787913.7526047,6969619580540723221,100148,0,23,19,57,5417,15,32,0,2488,7200,80,255,1
1767787915.2546358,6969619580540723221,100184,0,23,19,57,5417,15,32,0,2487,7200,80,255,1
1767787916.259142,6969619580540723221,100206,0,23,19,57,5417,15,32,0,2486,7200,80,255,1
1767787917.7535434,6969619580540723221,100240,0,23,19,57,5417,15,32,0,2484,7200,80,255,1
1767787918.7563717,6969619580540723221,100262,0,23,19,57,5417,15,32,0,2483,7200,80,255,1
1767787920.2441614,6969619580540723221,100297,0,23,19,57,5417,15,32,0,2482,7200,80,255,1
1767787921.2560937,6969619580540723221,100319,0,23,19,57,5417,15,32,0,2481,7200,80,255,1
1767787922.7430632,6969619580540723221,100352,0,23,19,57,5417,15,32,0,2479,7200,80,255,1
1767787923.7478516,6969619580540723221,100375,0,23,19,57,5417,15,32,0,2478,7200,80,255,1
1767787924.7567573,6969619580540723221,100398,0,23,19,57,5417,15,32,0,2477,7200,80,255,1
1767787925.759515,6969619580540723221,100420,0,23,19,57,5417,15,32,0,2476,7200,80,255,1
1767787927.2607005,6969619580540723221,100456,0,23,19,57,5417,15,32,0,2475,7200,80,255,1
1767787928.7590063,6969619580540723221,100488,0,23,19,57,5417,15,32,0,2473,7200,80,255,1
1767787930.2612545,6969619580540723221,100523,0,23,19,57,5417,15,32,0,2472,7200,80,255,1
1767787931.7607152,6969619580540723221,100557,0,23,19,57,5417,15,32,0,2470,7200,80,255,1
1767787933.2595382,6969619580540723221,100590,0,23,19,57,5417,15,32,0,2469,7200,80,255,1
1767787934.7448142,6969619580540723221,100623,0,23,19,57,5417,15,32,0,2467,7200,80,255,1
1767787935.7491834,6969619580540723221,100646,0,23,19,57,5417,15,32,0,2466,7200,80,255,1
1767787936.7529535,6969619580540723221,100667,0,23,19,57,5417,15,32,0,2465,7200,80,255,1
1767787937.7548976,6969619580540723221,100690,0,23,19,57,5417,15,32,0,2464,7200,80,255,1
1767787939.2608883,6969619580540723221,100724,0,23,19,57,5417,15,32,0,2463,7200,80,255,1
1767787940.7445111,6969619580540723221,100757,0,23,19,57,5417,15,32,0,2461,7200,80,255,1
1767787941.7542708,6969619580540723221,100779,0,23,19,57,5417,15,32,0,2460,7200,80,255,1
1767787942.7593467,6969619580540723221,100801,0,23,19,57,5417,15,32,0,2459,7200,80,255,1
1767787944.259328,6969619580540723221,100835,0,23,19,57,5417,15,32,0,2458,7200,80,255,1
1767787945.743187,6969619580540723221,100868,0,23,19,57,5417,15,32,0,2456,7200,80,255,1
1767787946.7444682,6969619580540723221,100891,0,23,19,57,5417,15,32,0,2455,7200,80,255,1
1767787947.7472863,6969619580540723221,100913,0,23,19,57,5417,15,32,0,2454,7200,80,255,1
1767787948.7510748,6969619580540723221,100936,0,23,19,57,5417,15,32,0,2453,7200,80,255,1
1767787949.7584512,6969619580540723221,100960,0,23,19,57,5417,15,32,0,2452,7200,80,255,1
1767787951.2527013,6969619580540723221,100993,0,23,19,57,5417,15,32,0,2451,7200,80,255,1
1767787952.2583475,6969619580540723221,101017,0,23,19,57,5417,15,32,0,2450,7200,80,255,1
1767787953.7591856,6969619580540723221,101049,0,23,19,57,5417,15,32,0,2448,7200,80,255,1
1767787955.2570763,6969619580540723221,101082,0,23,19,57,5417,15,32,0,2447,7200,80,255,1
1767787956.2591755,6969619580540723221,101104,0,23,19,57,5417,15,32,0,2446,7200,80,255,1
1767787957.7543232,6969619580540723221,101138,0,23,19,57,5417,15,32,0,2444,7200,80,255,1
1767787958.761246,6969619580540723221,101161,0,23,19,57,5417,15,32,0,2443,7200,80,255,1
1767787960.2570848,6969619580540723221,101194,0,23,19,57,5417,15,32,0,2442,7200,80,255,1
1767787961.753627,6969619580540723221,101230,0,23,19,57,5417,15,32,0,2440,7200,80,255,1
1767787962.7583246,6969619580540723221,101252,0,23,19,57,5417,15,32,0,2439,7200,80,255,1
1767787964.2542813,6969619580540723221,101286,0,23,19,57,5417,15,32,0,2438,7200,80,255,1
1767787965.751113,6969619580540723221,101320,0,23,19,57,5417,15,32,0,2436,7200,80,255,1
1767787966.753747,6969619580540723221,101343,0,23,19,57,5417,15,32,0,2435,7200,80,255,1
1767787967.7556403,6969619580540723221,101364,0,23,19,57,5417,15,32,0,2434,7200,80,255,1
1767787969.2535613,6969619580540723221,101399,0,23,19,57,5417,15,32,0,2433,7200,80,255,1
1767787970.259069,6969619580540723221,101422,0,23,19,57,5417,15,32,0,2432,7200,80,255,1
1767787971.7587008,6969619580540723221,101455,0,23,19,57,5417,15,32,0,2430,7200,80,255,1
1767787973.241504,6969619580540723221,101486,0,23,19,57,5417,15,32,0,2429,7200,80,255,1
1767787974.2495623,6969619580540723221,101509,0,23,19,57,5417,15,32,0,2428,7200,80,255,1
1767787975.2571485,6969619580540723221,101532,0,23,19,57,5417,15,32,0,2427,7200,80,255,1
1767787976.7537246,6969619580540723221,101567,0,23,19,57,5417,15,32,0,2425,7200,80,255,1
1767787978.2563372,6969619580540723221,101603,0,23,19,57,5417,15,32,0,2424,7200,80,255,1
1767787979.2603576,6969619580540723221,101625,0,23,19,57,5417,15,32,0,2423,7200,80,255,1
1767787980.7547672,6969619580540723221,101659,0,23,19,57,5417,15,32,0,2421,7200,80,255,1
1767787981.7605698,6969619580540723221,101682,0,23,19,57,5417,15,32,0,2420,7200,80,255,1
1767787983.2562194,6969619580540723221,101715,0,23,19,57,5417,15,32,0,2419,7200,80,255,1
1767787984.754309,6969619580540723221,101749,0,23,19,57,5417,15,32,0,2417,7200,80,255,1
1767787986.2555375,6969619580540723221,101783,0,23,19,57,5417,15,32,0,2416,7200,80,255,1
1767787987.2581794,6969619580540723221,101805,0,23,19,57,5417,15,32,0,2415,7200,80,255,1
1767787988.7536685,6969619580540723221,101840,0,23,19,57,5417,15,32,0,2413,7200,80,255,1
1767787989.7576525,6969619580540723221,101863,0,23,19,57,5417,15,32,0,2412,7200,80,255,1
1767787991.2552166,6969619580540723221,101897,0,23,19,57,5417,15,32,0,2411,7200,80,255,1
1767787992.2600381,6969619580540723221,101919,0,23,19,57,5417,15,32,0,2410,7200,80,255,1
1767787993.7583845,6969619580540723221,101952,0,23,19,57,5417,15,32,0,2408,7200,80,255,1
1767787995.2437966,6969619580540723221,101985,0,23,19,57,5417,15,32,0,2407,7200,80,255,1
1767787996.7561665,6969619580540723221,102019,0,23,19,57,5417,15,32,0,2405,7200,80,255,1
1767787997.7594428,6969619580540723221,102040,0,23,19,57,5417,15,32,0,2404,7200,80,255,1
1767787999.2554586,6969619580540723221,102074,0,23,19,57,5417,15,32,0,2403,7200,80,255,1
1767788000.7551234,6969619580540723221,102107,0,23,19,57,5417,15,32,0,2401,7200,80,255,1
1767788002.2432814,6969619580540723221,102143,0,23,19,57,5417,15,32,0,2400,7200,80,255,1
1767788003.2558887,6969619580540723221,102166,0,23,19,57,5417,15,32,0,2399,7200,80,255,1
1767788004.7570086,6969619580540723221,102200,0,23,19,57,5417,15,32,0,2397,7200,80,255,1
1767788006.2581828,6969619580540723221,102233,0,23,19,57,5417,15,32,0,2396,7200,80,255,1
1767788007.756197,6969619580540723221,102266,0,23,19,57,5417,15,32,0,2394,7200,80,255,1
1767788009.2536886,6969619580540723221,102300,0,23,19,57,5417,15,32,0,2393,7200,80,255,1
1767788010.7557938,6969619580540723221,102333,0,23,19,57,5417,15,32,0,2391,7200,80,255,1
1767788012.2455664,6969619580540723221,102366,0,23,19,57,5417,15,32,0,2390,7200,80,255,1
1767788013.2505476,6969619580540723221,102388,0,23,19,57,5417,15,32,0,2389,7200,80,255,1
1767788014.25408,6969619580540723221,102411,0,23,19,57,5417,15,32,0,2388,7200,80,255,1
1767788015.7556078,6969619580540723221,102446,0,23,19,57,5417,15,32,0,2386,7200,80,255,1
1767788017.2569375,6969619580540723221,102480,0,23,19,57,5417,15,32,0,2385,7200,80,255,1
1767788018.7525818,6969619580540723221,102513,0,23,19,57,5417,15,32,0,2383,7200,80,255,1
1767788019.7571461,6969619580540723221,102535,0,23,19,57,5417,15,32,0,2382,7200,80,255,1
1767788021.2580273,6969619580540723221,102568,0,23,19,57,5417,15,32,0,2381,7200,80,255,1
1767788022.7579718,6969619580540723221,102600,0,23,19,57,5417,15,32,0,2379,7200,80,255,1
1767788024.2556105,6969619580540723221,102635,0,23,19,57,5417,15,32,0,2378,7200,80,255,1
1767788025.7607193,6969619580540723221,102669,0,23,19,57,5417,15,32,0,2376,7200,80,255,1
1767788027.260396,6969619580540723221,102702,0,23,19,57,5417,15,32,0,2375,7200,80,255,1
1767788028.7510862,6969619580540723221,102735,0,23,19,57,5417,15,32,0,2373,7200,80,255,1
1767788029.753911,6969619580540723221,102758,0,23,19,57,5417,15,32,0,2372,7200,80,255,1
1767788031.2500708,6969619580540723221,102791,0,23,19,57,5417,15,32,0,2371,7200,80,255,1
1767788032.252958,6969619580540723221,102814,0,23,19,57,5417,15,32,0,2370,7200,80,255,1
1767788033.261416,6969619580540723221,102837,0,23,19,57,5417,15,32,0,2369,7200,80,255,1
1767788034.7561522,6969619580540723221,102870,0,23,19,57,5417,15,32,0,2367,7200,80,255,1
1767788036.2427669,6969619580540723221,102902,0,23,19,57,5417,15,32,0,2366,7200,80,255,1
1767788037.2453344,6969619580540723221,102925,0,23,19,57,5417,15,32,0,2365,7200,80,255,1
1767788038.248925,6969619580540723221,102947,0,23,19,57,5417,15,32,0,2364,7200,80,255,1
1767788039.253842,6969619580540723221,102969,0,23,19,57,5417,15,32,0,2363,7200,80,255,1
1767788040.7567694,6969619580540723221,103003,0,23,19,57,5417,15,32,0,2361,7200,80,255,1
1767788042.2621875,6969619580540723221,103037,0,23,19,57,5417,15,32,0,2360,7200,80,255,1
1767788043.7450516,6969619580540723221,103070,0,23,19,57,5417,15,32,0,2358,7200,80,255,1
1767788044.7505145,6969619580540723221,103093,0,23,19,57,5417,15,32,0,2357,7200,80,255,1
1767788046.2556138,6969619580540723221,103128,0,23,19,57,5417,15,32,0,2356,7200,80,255,1
1767788047.260743,6969619580540723221,103152,0,23,19,57,5417,15,32,0,2355,7200,80,255,1
1767788048.7560775,6969619580540723221,103184,0,23,19,57,5417,15,32,0,2353,7200,80,255,1
1767788050.2599347,6969619580540723221,103218,0,23,19,57,5417,15,32,0,2352,7200,80,255,1
1767788051.7526102,6969619580540723221,103251,0,23,19,57,5417,15,32,0,2350,7200,80,255,1
1767788052.7562199,6969619580540723221,103273,0,23,19,57,5417,15,32,0,2349,7200,80,255,1
1767788053.7591538,6969619580540723221,103295,0,23,19,57,5417,15,32,0,2348,7200,80,255,1
1767788055.2435808,6969619580540723221,103330,0,23,19,57,5417,15,32,0,2347,7200,80,255,1
1767788056.2479415,6969619580540723221,103353,0,23,19,57,5417,15,32,0,2346,7200,80,255,1
1767788057.2536092,6969619580540723221,103377,0,23,19,57,5417,15,32,0,2345,7200,80,255,1
1767788058.2593265,6969619580540723221,103399,0,23,19,57,5417,15,32,0,2344,7200,80,255,1
1767788059.7592416,6969619580540723221,103432,0,23,19,57,5417,15,32,0,2342,7200,80,255,1
1767788061.2424061,6969619580540723221,103466,0,23,19,57,5417,15,32,0,2341,7200,80,255,1
1767788062.2460566,6969619580540723221,103488,0,23,19,57,5417,15,32,0,2340,7200,80,255,1
1767788063.2513115,6969619580540723221,103510,0,23,19,57,5417,15,32,0,2339,7200,80,255,1
1767788064.256902,6969619580540723221,103533,0,23,19,57,5417,15,32,0,2338,7200,80,255,1
1767788065.7606907,6969619580540723221,103568,0,23,19,57,5417,15,32,0,2336,7200,80,255,1
1767788067.259305,6969619580540723221,103602,0,23,19,57,5417,15,32,0,2335,7200,80,255,1
1767788068.7569144,6969619580540723221,103635,0,23,19,57,5417,15,32,0,2333,7200,80,255,1
1767788070.2606337,6969619580540723221,103669,0,23,19,57,5417,15,32,0,2332,7200,80,255,1
1767788071.7549999,6969619580540723221,103703,0,23,19,57,5417,15,32,0,2330,7200,80,255,1
1767788072.758103,6969619580540723221,103725,0,23,19,57,5417,15,32,0,2329,7200,80,255,1
1767788074.257174,6969619580540723221,103757,0,23,19,57,5417,15,32,0,2328,7200,80,255,1
1767788075.7428424,6969619580540723221,103791,0,23,19,57,5417,15,32,0,2326,7200,80,255,1
1767788076.7470703,6969619580540723221,103814,0,23,19,57,5417,15,32,0,2325,7200,80,255,1
1767788077.748325,6969619580540723221,103837,0,23,19,57,5417,15,32,0,2324,7200,80,255,1
1767788078.755323,6969619580540723221,103861,0,23,19,57,5417,15,32,0,2323,7200,80,255,1
1767788079.758008,6969619580540723221,103882,0,23,19,57,5417,15,32,0,2322,7200,80,255,1
1767788081.2594073,6969619580540723221,103918,0,23,19,57,5417,15,32,0,2321,7200,80,255,1
1767788082.7601378,6969619580540723221,103952,0,23,19,57,5417,15,32,0,2319,7200,80,255,1
1767788084.2579014,6969619580540723221,103984,0,23,19,57,5417,15,32,0,2318,7200,80,255,1
1767788085.751552,6969619580540723221,104017,0,23,19,57,5417,15,32,0,2316,7200,80,255,1
1767788086.7573879,6969619580540723221,104040,0,23,19,57,5417,15,32,0,2315,7200,80,255,1
1767788087.758404,6969619580540723221,104062,0,23,19,57,5417,15,32,0,2314,7200,80,255,1
1767788089.2481823,6969619580540723221,104097,0,23,19,57,5417,15,32,0,2313,7200,80,255,1
1767788090.760601,6969619580540723221,104137,0,23,19,57,5417,15,32,0,2311,7200,80,255,1
1767788092.2545776,6969619580540723221,104170,0,23,19,57,5417,15,32,0,2310,7200,80,255,1
1767788093.745638,6969619580540723221,104203,0,23,19,57,5417,15,32,0,2308,7200,80,255,1
1767788094.759575,6969619580540723221,104227,0,23,19,57,5417,15,32,0,2307,7200,80,255,1
1767788096.249132,6969619580540723221,104260,0,23,19,57,5417,15,32,0,2306,7200,80,255,1
1767788097.7568693,6969619580540723221,104293,0,23,19,57,5417,15,32,0,2304,7200,80,255,1
1767788098.758012,6969619580540723221,104314,0,23,19,57,5417,15,32,0,2303,7200,80,255,1
1767788100.2528048,6969619580540723221,104347,0,23,19,57,5417,15,32,0,2302,7200,80,255,1
1767788101.7480302,6969619580540723221,104381,0,23,19,57,5417,15,32,0,2300,7200,80,255,1
1767788103.256027,6969619580540723221,104415,0,23,19,57,5417,15,32,0,2299,7200,80,255,1
1767788104.745948,6969619580540723221,104448,0,23,19,57,5417,15,32,0,2297,7200,80,255,1
1767788105.7489865,6969619580540723221,104471,0,23,19,57,5417,15,32,0,2296,7200,80,255,1
1767788106.7506397,6969619580540723221,104494,0,23,19,57,5417,15,32,0,2295,7200,80,255,1
1767788107.7533965,6969619580540723221,104518,0,23,19,57,5417,15,32,0,2294,7200,80,255,1
1767788109.2570977,6969619580540723221,104551,0,23,19,57,5417,15,32,0,2293,7200,80,255,1
1767788110.748091,6969619580540723221,104585,0,23,19,57,5417,15,32,0,2291,7200,80,255,1
1767788112.2554083,6969619580540723221,104618,0,23,19,57,5417,15,32,0,2290,7200,80,255,1
1767788113.2584398,6969619580540723221,104641,0,23,19,57,5417,15,32,0,2289,7200,80,255,1
1767788114.7482204,6969619580540723221,104674,0,23,19,57,5417,15,32,0,2287,7200,80,255,1
1767788115.7519932,6969619580540723221,104696,0,23,19,57,5417,15,32,0,2286,7200,80,255,1
1767788116.752673,6969619580540723221,104718,0,23,19,57,5417,15,32,0,2285,7200,80,255,1
1767788117.7547624,6969619580540723221,104741,0,23,19,57,5417,15,32,0,2284,7200,80,255,1
1767788118.7572129,6969619580540723221,104763,0,23,19,57,5417,15,32,0,2283,7200,80,255,1
1767788120.2491481,6969619580540723221,104794,0,23,19,57,5417,15,32,0,2282,7200,80,255,1
1767788121.7557278,6969619580540723221,104827,0,23,19,57,5417,15,32,0,2280,7200,80,255,1
1767788122.7562728,6969619580540723221,104850,0,23,19,57,5417,15,32,0,2279,7200,80,255,1
1767788124.247374,6969619580540723221,104883,0,23,19,57,5417,15,32,0,2278,7200,80,255,1
1767788125.251771,6969619580540723221,104906,0,23,19,57,5417,15,32,0,2277,7200,80,255,1
1767788126.2557268,6969619580540723221,104928,0,23,19,57,5417,15,32,0,2276,7200,80,255,1
1767788127.2583115,6969619580540723221,104951,0,23,19,57,5417,15,32,0,2275,7200,80,255,1
1767788128.260273,6969619580540723221,104973,0,23,19,57,5417,15,32,0,2274,7200,80,255,1
1767788129.7592547,6969619580540723221,105007,0,23,19,57,5417,15,32,0,2272,7200,80,255,1
1767788131.242946,6969619580540723221,105041,0,23,19,57,5417,15,32,0,2271,7200,80,255,1
1767788132.249892,6969619580540723221,105063,0,23,19,57,5417,15,32,0,2270,7200,80,255,1
1767788133.7592192,6969619580540723221,105096,0,23,19,57,5417,15,32,0,2268,7200,80,255,1
1767788135.260328,6969619580540723221,105129,0,23,19,57,5417,15,32,0,2267,7200,80,255,1
1767788136.7512767,6969619580540723221,105161,0,23,19,57,5417,15,32,0,2265,7200,80,255,1
1767788138.26021,6969619580540723221,105196,0,23,19,57,5417,15,32,0,2264,7200,80,255,1
1767788139.7536058,6969619580540723221,105229,0,23,19,57,5417,15,32,0,2262,7200,80,255,1
1767788141.2594252,6969619580540723221,105263,0,23,19,57,5417,15,32,0,2261,7200,80,255,1
1767788142.7552116,6969619580540723221,105297,0,23,19,57,5417,15,32,0,2259,7200,80,255,1
1767788143.7557364,6969619580540723221,105318,0,23,19,57,5417,15,32,0,2258,7200,80,255,1
1767788145.2434895,6969619580540723221,105351,0,23,19,57,5417,15,32,0,2257,7200,80,255,1
1767788146.2567265,6969619580540723221,105373,0,23,19,57,5417,15,32,0,2256,7200,80,255,1
1767788147.2617972,6969619580540723221,105397,0,23,19,57,5417,15,32,0,2255,7200,80,255,1
1767788148.7602186,6969619580540723221,105431,0,23,19,57,5417,15,32,0,2253,7200,80,255,1
1767788150.259333,6969619580540723221,105464,0,23,19,57,5417,15,32,0,2252,7200,80,255,1
1767788151.755338,6969619580540723221,105498,0,23,19,57,5417,15,32,0,2250,7200,80,255,1
1767788152.7583184,6969619580540723221,105521,0,23,19,57,5417,15,32,0,2249,7200,80,255,1
1767788154.2569442,6969619580540723221,105556,0,23,19,57,5417,15,32,0,2248,7200,80,255,1
1767788155.7532432,6969619580540723221,105591,0,23,19,57,5417,15,32,0,2246,7200,80,255,1
1767788156.7547789,6969619580540723221,105614,0,23,19,57,5417,15,32,0,2245,7200,80,255,1
1767788157.7601454,6969619580540723221,105638,0,23,19,57,5417,15,32,0,2244,7200,80,255,1
1767788159.256772,6969619580540723221,105671,0,23,19,57,5417,15,32,0,2243,7200,80,255,1
1767788160.7534797,6969619580540723221,105704,0,23,19,57,5417,15,32,0,2241,7200,80,255,1
1767788161.755637,6969619580540723221,105725,0,23,19,57,5417,15,32,0,2240,7200,80,255,1
1767788162.7595544,6969619580540723221,105748,0,23,19,57,5417,15,32,0,2239,7200,80,255,1
1767788164.2514508,6969619580540723221,105780,0,23,19,57,5417,15,32,0,2238,7200,80,255,1
1767788165.2603407,6969619580540723221,105803,0,23,19,57,5417,15,32,0,2237,7200,80,255,1
1767788166.7569668,6969619580540723221,105836,0,23,19,57,5417,15,32,0,2235,7200,80,255,1
1767788167.7593784,6969619580540723221,105859,0,23,19,57,5417,15,32,0,2234,7200,80,255,1
1767788169.2573485,6969619580540723221,105891,0,23,19,57,5417,15,32,0,2233,7200,80,255,1
1767788170.7586472,6969619580540723221,105924,0,23,19,57,5417,15,32,0,2231,7200,80,255,1
1767788172.2527308,6969619580540723221,105958,0,23,19,57,5417,15,32,0,2230,7200,80,255,1
1767788173.2584624,6969619580540723221,105981,0,23,19,57,5417,15,32,0,2229,7200,80,255,1
1767788174.2589805,6969619580540723221,106003,0,23,19,57,5417,15,32,0,2228,7200,80,255,1
1767788175.7593865,6969619580540723221,106037,0,23,19,57,5417,15,32,0,2226,7200,80,255,1
1767788177.253986,6969619580540723221,106072,0,23,19,57,5417,15,32,0,2225,7200,80,255,1
1767788178.2571821,6969619580540723221,106093,0,23,19,57,5417,15,32,0,2224,7200,80,255,1
1767788179.74294,6969619580540723221,106127,0,23,19,57,5417,15,32,0,2222,7200,80,255,1
1767788180.753269,6969619580540723221,106150,0,23,19,57,5417,15,32,0,2221,7200,80,255,1
1767788181.7580132,6969619580540723221,106172,0,23,19,57,5417,15,32,0,2220,7200,80,255,1
1767788183.2573328,6969619580540723221,106206,0,23,19,57,5417,15,32,0,2219,7200,80,255,1
1767788184.257604,6969619580540723221,106229,0,23,19,57,5417,15,32,0,2218,7200,80,255,1
1767788185.7504184,6969619580540723221,106261,0,23,19,57,5417,15,32,0,2216,7200,80,255,1
1767788187.2537756,6969619580540723221,106296,0,23,19,57,5417,15,32,0,2215,7200,80,255,1
1767788188.2568028,6969619580540723221,106319,0,23,19,57,5417,15,32,0,2214,7200,80,255,1
1767788189.2592416,6969619580540723221,106342,0,23,19,57,5417,15,32,0,2213,7200,80,255,1
1767788190.7417994,6969619580540723221,106376,0,23,19,57,5417,15,32,0,2211,7200,80,255,1
1767788191.7448235,6969619580540723221,106399,0,23,19,57,5417,15,32,0,2210,7200,80,255,1
1767788192.7482853,6969619580540723221,106422,0,23,19,57,5417,15,32,0,2209,7200,80,255,1
1767788193.7536693,6969619580540723221,106445,0,23,19,57,5417,15,32,0,2208,7200,80,255,1
1767788194.7579591,6969619580540723221,106468,0,23,19,57,5417,15,32,0,2207,7200,80,255,1
1767788196.2606215,6969619580540723221,106501,0,23,19,57,5417,15,32,0,179,7200,80,255,1
1767788197.7590487,6969619580540723221,106533,0,23,19,57,5417,15,32,0,178,7200,80,255,1
1767788199.2543492,6969619580540723221,106567,0,23,19,57,5417,15,32,0,176,7200,80,255,1
1767788200.7569797,6969619580540723221,106599,0,23,19,57,5417,15,32,0,175,7200,80,255,1
1767788202.2494488,6969619580540723221,106632,0,23,19,57,5417,15,32,0,173,7200,80,255,1
1767788203.255782,6969619580540723221,106654,0,23,19,57,5417,15,32,0,172,7200,80,255,1
1767788204.7530916,6969619580540723221,106691,0,23,19,57,5417,15,32,0,171,7200,80,255,1
1767788206.2525907,6969619580540723221,106726,0,23,19,57,5417,15,32,0,169,7200,80,255,1
1767788207.257348,6969619580540723221,106749,0,23,19,57,5417,15,32,0,168,7200,80,255,1
1767788208.2577155,6969619580540723221,106771,0,23,19,57,5417,15,32,0,167,7200,80,255,1
1767788209.2596085,6969619580540723221,106793,0,23,19,57,5417,15,32,0,166,7200,80,255,1
1767788210.7604,6969619580540723221,106827,0,23,19,57,5417,15,32,0,165,7200,80,255,1
1767788212.2534726,6969619580540723221,106861,0,23,19,57,5417,15,32,0,163,7200,80,255,1
1767788213.2580068,6969619580540723221,106884,0,23,19,57,5417,15,32,0,162,7200,80,255,1
1767788214.2605941,6969619580540723221,106908,0,23,19,57,5417,15,32,0,161,7200,80,255,1
1767788215.7495213,6969619580540723221,106939,0,23,19,57,5417,15,32,0,160,7200,80,255,1
1767788216.7525916,6969619580540723221,106960,0,23,19,57,5417,15,32,0,159,7200,80,255,1
1767788217.7580981,6969619580540723221,106983,0,23,19,57,5417,15,32,0,158,7200,80,255,1
1767788219.2537522,6969619580540723221,107018,0,23,19,57,5417,15,32,0,156,7200,80,255,1
1767788220.748046,6969619580540723221,107052,0,23,19,57,5417,15,32,0,155,7200,80,255,1
1767788221.7539725,6969619580540723221,107075,0,23,19,57,5417,15,32,0,154,7200,80,255,1
1767788222.7554317,6969619580540723221,107098,0,23,19,57,5417,15,32,0,153,7200,80,255,1
1767788223.7581973,6969619580540723221,107119,0,23,19,57,5417,15,32,0,152,7200,80,255,1
1767788225.2414606,6969619580540723221,107153,0,23,19,57,5417,15,32,0,150,7200,80,255,1
1767788226.2577229,6969619580540723221,107175,0,23,19,57,5417,15,32,0,149,7200,80,255,1
1767788227.2604434,6969619580540723221,107198,0,23,19,57,5417,15,32,0,148,7200,80,255,1
1767788228.7579372,6969619580540723221,107232,0,23,19,57,5417,15,32,0,147,7200,80,255,1
1767788230.250658,6969619580540723221,107263,0,23,19,57,5417,15,32,0,145,7200,80,255,1
1767788231.2549384,6969619580540723221,107287,0,23,19,57,5417,15,32,0,144,7200,80,255,1
1767788232.2583382,6969619580540723221,107309,0,23,19,57,5417,15,32,0,143,7200,80,255,1
1767788233.7552896,6969619580540723221,107343,0,23,19,57,5417,15,32,0,142,7200,80,255,1
1767788234.7580585,6969619580540723221,107364,0,23,19,57,5417,15,32,0,141,7200,80,255,1
1767788236.2455943,6969619580540723221,107398,0,23,19,57,5417,15,32,0,139,7200,80,255,1
1767788237.2477043,6969619580540723221,107419,0,23,19,57,5417,15,32,0,138,7200,80,255,1
1767788238.2571142,6969619580540723221,107441,0,23,19,57,5417,15,32,0,137,7200,80,255,1
1767788239.7553399,6969619580540723221,107478,0,23,19,57,5417,15,32,0,136,7200,80,255,1
1767788241.2540658,6969619580540723221,107512,0,23,19,57,5417,15,32,0,134,7200,80,255,1
1767788242.258787,6969619580540723221,107534,0,23,19,57,5417,15,32,0,133,7200,80,255,1
1767788243.2589235,6969619580540723221,107557,0,23,19,57,5417,15,32,0,132,7200,80,255,1
1767788244.758169,6969619580540723221,107590,0,23,19,57,5417,15,32,0,131,7200,80,255,1
1767788246.2424955,6969619580540723221,107623,0,23,19,57,5417,15,32,0,129,7200,80,255,1
1767788247.2456117,6969619580540723221,107648,0,23,19,57,5417,15,32,0,128,7200,80,255,1
1767788248.251589,6969619580540723221,107671,0,23,19,57,5417,15,32,0,127,7200,80,255,1
1767788249.2562137,6969619580540723221,107694,0,23,19,57,5417,15,32,0,126,7200,80,255,1
1767788250.7556677,6969619580540723221,107726,0,23,19,57,5417,15,32,0,125,7200,80,255,1
1767788251.7616208,6969619580540723221,107749,0,23,19,57,5417,15,32,0,124,7200,80,255,1
1767788253.2567196,6969619580540723221,107782,0,23,19,57,5417,15,32,0,122,7200,80,255,1
1767788254.7578845,6969619580540723221,107816,0,23,19,57,5417,15,32,0,121,7200,80,255,1
1767788256.247908,6969619580540723221,107850,0,23,19,57,5417,15,32,0,119,7200,80,255,1
1767788257.2535102,6969619580540723221,107873,0,23,19,57,5417,15,32,0,118,7200,80,255,1
1767788258.257848,6969619580540723221,107896,0,23,19,57,5417,15,32,0,117,7200,80,255,1
1767788259.7532206,6969619580540723221,107930,0,23,19,57,5417,15,32,0,116,7200,80,255,1
1767788261.2530613,6969619580540723221,107962,0,23,19,57,5417,15,32,0,114,7200,80,255,1
1767788262.2558227,6969619580540723221,107986,0,23,19,57,5417,15,32,0,113,7200,80,255,1
1767788263.260428,6969619580540723221,108007,0,23,19,57,5417,15,32,0,112,7200,80,255,1
1767788264.7545886,6969619580540723221,108041,0,23,19,57,5417,15,32,0,111,7200,80,255,1
1767788265.7547271,6969619580540723221,108064,0,23,19,57,5417,15,32,0,110,7200,80,255,1
1767788266.7567458,6969619580540723221,108086,0,23,19,57,5417,15,32,0,109,7200,80,255,1
1767788267.7577987,6969619580540723221,108109,0,23,19,57,5417,15,32,0,108,7200,80,255,1
1767788269.2557156,6969619580540723221,108143,0,23,19,57,5417,15,32,0,106,7200,80,255,1
1767788270.7426896,6969619580540723221,108176,0,23,19,57,5417,15,32,0,105,7200,80,255,1
1767788271.7467113,6969619580540723221,108198,0,23,19,57,5417,15,32,0,104,7200,80,255,1
1767788272.752249,6969619580540723221,108222,0,23,19,57,5417,15,32,0,103,7200,80,255,1
1767788273.7547538,6969619580540723221,108245,0,23,19,57,5417,15,32,0,102,7200,80,255,1
1767788275.257727,6969619580540723221,108277,0,23,19,57,5417,15,32,0,100,7200,80,255,1
1767788276.7582266,6969619580540723221,108310,0,23,19,57,5417,15,32,0,99,7200,80,255,1
1767788278.2514124,6969619580540723221,108343,0,23,19,57,5417,15,32,0,97,7200,80,255,1
1767788279.257666,6969619580540723221,108367,0,23,19,57,5417,15,32,0,96,7200,80,255,1
1767788280.760434,6969619580540723221,108402,0,23,19,57,5417,15,32,0,95,7200,80,255,1
1767788282.2547584,6969619580540723221,108436,0,23,19,57,5417,15,32,0,93,7200,80,255,1
1767788283.2610002,6969619580540723221,108458,0,23,19,57,5417,15,32,0,92,7200,80,255,1
1767788284.7437572,6969619580540723221,108491,0,23,19,57,5417,15,32,0,91,7200,80,255,1
1767788285.7560139,6969619580540723221,108514,0,23,19,57,5417,15,32,0,90,7200,80,255,1
1767788286.7568493,6969619580540723221,108535,0,23,19,57,5417,15,32,0,89,7200,80,255,1
1767788288.255973,6969619580540723221,108572,0,23,19,57,5417,15,32,0,87,7200,80,255,1
1767788289.7505653,6969619580540723221,108605,0,23,19,57,5417,15,32,0,86,7200,80,255,1
1767788291.2456183,6969619580540723221,108637,0,23,19,57,5417,15,32,0,84,7200,80,255,1
1767788292.2494051,6969619580540723221,108660,0,23,19,57,5417,15,32,0,83,7200,80,255,1
1767788293.2536106,6969619580540723221,108682,0,23,19,57,5417,15,32,0,82,7200,80,255,1
1767788294.2576668,6969619580540723221,108704,0,23,19,57,5417,15,32,0,81,7200,80,255,1
1767788295.7457116,6969619580540723221,108736,0,23,19,57,5417,15,32,0,80,7200,80,255,1
1767788296.750569,6969619580540723221,108759,0,23,19,57,5417,15,32,0,79,7200,80,255,1
1767788297.7569346,6969619580540723221,108782,0,23,19,57,5417,15,32,0,78,7200,80,255,1
1767788298.7612557,6969619580540723221,108807,0,23,19,57,5417,15,32,0,77,7200,80,255,1
1767788300.2433522,6969619580540723221,108841,0,23,19,57,5417,15,32,0,75,7200,80,255,1
1767788301.2569962,6969619580540723221,108863,0,23,19,57,5417,15,32,0,74,7200,80,255,1
1767788302.2616153,6969619580540723221,108886,0,23,19,57,5417,15,32,0,73,7200,80,255,1
1767788303.7605557,6969619580540723221,108919,0,23,19,57,5417,15,32,0,72,7200,80,255,1
1767788305.2434468,6969619580540723221,108954,0,23,19,57,5417,15,32,0,70,7200,80,255,1
1767788306.2452905,6969619580540723221,108979,0,23,19,57,5417,15,32,0,69,7200,80,255,1
1767788307.2502842,6969619580540723221,109002,0,23,19,57,5417,15,32,0,68,7200,80,255,1
1767788308.2584805,6969619580540723221,109023,0,23,19,57,5417,15,32,0,67,7200,80,255,1
1767788309.7567456,6969619580540723221,109056,0,23,19,57,5417,15,32,0,66,7200,80,255,1
1767788311.2583086,6969619580540723221,109090,0,23,19,57,5417,15,32,0,64,7200,80,255,1
1767788312.7469363,6969619580540723221,109124,0,23,19,57,5417,15,32,0,63,7200,80,255,1
1767788313.7509995,6969619580540723221,109146,0,23,19,57,5417,15,32,0,62,7200,80,255,1
1767788314.7555666,6969619580540723221,109169,0,23,19,57,5417,15,32,0,61,7200,80,255,1
1767788316.2604861,6969619580540723221,109203,0,23,19,57,5417,15,32,0,59,7200,80,255,1
1767788317.756996,6969619580540723221,109239,0,23,19,57,5417,15,32,0,58,7200,80,255,1
1767788319.2532902,6969619580540723221,109274,0,23,19,57,5417,15,32,0,56,7200,80,255,1
1767788320.7553072,6969619580540723221,109308,0,23,19,57,5417,15,32,0,55,7200,80,255,1
1767788321.7591817,6969619580540723221,109330,0,23,19,57,5417,15,32,0,54,7200,80,255,1
1767788323.2613063,6969619580540723221,109363,0,23,19,57,5417,15,32,0,52,7200,80,255,1
1767788324.7587433,6969619580540723221,109397,0,23,19,57,5417,15,32,0,51,7200,80,255,1
1767788325.7590034,6969619580540723221,109420,0,23,19,57,5417,15,32,0,50,7200,80,255,1
1767788327.244166,6969619580540723221,109453,0,23,19,57,5417,15,32,0,48,7200,80,255,1
1767788328.2529955,6969619580540723221,109476,0,23,19,57,5417,15,32,0,47,7200,80,255,1
1767788329.2560139,6969619580540723221,109499,0,23,19,57,5417,15,32,0,46,7200,80,255,1
1767788330.7554219,6969619580540723221,109532,0,23,19,57,5417,15,32,0,45,7200,80,255,1
1767788332.2520652,6969619580540723221,109565,0,23,19,57,5417,15,32,0,43,7200,80,255,1
1767788333.2580905,6969619580540723221,109588,0,23,19,57,5417,15,32,0,42,7200,80,255,1
1767788334.7552886,6969619580540723221,109623,0,23,19,57,5417,15,32,0,41,7200,80,255,1
1767788335.760601,6969619580540723221,109646,0,23,19,57,5417,15,32,0,40,7200,80,255,1
1767788337.2558286,6969619580540723221,109680,0,23,19,57,5417,15,32,0,38,7200,80,255,1
1767788338.260522,6969619580540723221,109702,0,23,19,57,5417,15,32,0,37,7200,80,255,1
1767788339.757189,6969619580540723221,109734,0,23,19,57,5417,15,32,0,36,7200,80,255,1
1767788341.2424715,6969619580540723221,109767,0,23,19,57,5417,15,32,0,34,7200,80,255,1
1767788342.2458053,6969619580540723221,109789,0,23,19,57,5417,15,32,0,33,7200,80,255,1
1767788343.2529385,6969619580540723221,109810,0,23,19,57,5417,15,32,0,32,7200,80,255,1
1767788344.2583325,6969619580540723221,109832,0,23,19,57,5417,15,32,0,31,7200,80,255,1
1767788345.750283,6969619580540723221,109863,0,23,19,57,5417,15,32,0,30,7200,80,255,1
1767788346.7533088,6969619580540723221,109887,0,23,19,57,5417,15,32,0,29,7200,80,255,1
1767788347.7588563,6969619580540723221,109912,0,23,19,57,5417,15,32,0,28,7200,80,255,1
1767788349.2549222,6969619580540723221,109947,0,23,19,57,5417,15,32,0,26,7200,80,255,1
1767788350.7561278,6969619580540723221,109980,0,23,19,57,5417,15,32,0,25,7200,80,255,1
1767788352.256835,6969619580540723221,110015,0,23,19,57,5417,15,32,0,23,7200,80,255,1
1767788353.7562935,6969619580540723221,110049,0,23,19,57,5417,15,32,0,22,7200,80,255,1
1767788355.2434587,6969619580540723221,110085,0,23,19,57,5417,15,32,0,20,7200,80,255,1
1767788356.248045,6969619580540723221,110107,0,23,19,57,5417,15,32,0,19,7200,80,255,1
1767788357.2515173,6969619580540723221,110131,0,23,19,57,5417,15,32,0,18,7200,80,255,1
1767788358.2589998,6969619580540723221,110154,0,23,19,57,5417,15,32,0,17,7200,80,255,1
1767788359.2601337,6969619580540723221,110177,0,23,19,57,5417,15,32,0,16,7200,80,255,1
1767788360.7467234,6969619580540723221,110210,0,23,19,57,5417,15,32,0,15,7200,80,255,1
1767788362.2590475,6969619580540723221,110245,0,23,19,57,5417,15,32,0,13,7200,80,255,1
1767788363.7599206,6969619580540723221,110278,0,23,19,57,5417,15,32,0,12,7200,80,255,1
1767788365.2616966,6969619580540723221,110314,0,22,19,57,5417,15,32,0,10,7200,80,255,1
1767788366.7588365,6969619580540723221,110346,0,22,19,57,5417,15,32,0,9,7200,80,255,1
1767788368.2584302,6969619580540723221,110381,0,22,19,57,5417,15,32,0,7,7200,80,255,1
1767788369.754856,6969619580540723221,110416,0,22,19,57,5417,15,32,0,6,7200,80,255,1
1767788370.7601852,6969619580540723221,110440,0,22,19,57,5417,15,32,0,5,7200,80,255,1
1767788372.2441075,6969619580540723221,110473,0,22,19,57,5417,15,32,0,3,7200,80,255,1
1767788373.2489076,6969619580540723221,110496,0,22,19,57,5417,15,32,0,2,7200,80,255,1
1767788374.2503626,6969619580540723221,110518,0,22,19,57,5417,15,32,0,1,7200,80,255,1
1767788375.2598894,6969619580540723221,110542,0,22,19,57,5417,15,32,0,0,7200,80,255,1
