timestamp,session_uid,frame,weather,track_temperature,air_temperature,total_laps,track_length,session_type,track_id,formula,session_time_left,session_duration,pit_speed_limit,safety_car_status,network_game
1767772900.501927,13480315681547253999,0,0,34,24,57,5417,15,32,0,7200,7200,80,0,1
1767772901.514417,13480315681547253999,20,0,34,24,57,5417,15,32,0,7200,7200,80,255,1
1767772903.0174217,13480315681547253999,50,0,24,20,57,5417,15,32,0,7200,7200,80,255,1
1767772904.5188704,13480315681547253999,80,0,24,20,57,5417,15,32,0,7200,7200,80,255,1
1767772906.0144224,13480315681547253999,110,0,24,20,57,5417,15,32,0,7200,7200,80,255,1
1767772907.01688,13480315681547253999,130,0,24,20,57,5417,15,32,0,7200,7200,80,255,1
1767772908.0193117,13480315681547253999,150,0,24,20,57,5417,15,32,0,7200,7200,80,255,1
1767772910.5122218,13480315681547253999,167,0,24,20,57,5417,15,32,0,7199,7200,80,255,1
1767772911.5187526,13480315681547253999,187,0,24,20,57,5417,15,32,0,7198,7200,80,255,1
1767772912.525106,13480315681547253999,207,0,24,20,57,5417,15,32,0,7197,7200,80,255,1
1767772914.026009,13480315681547253999,237,0,24,20,57,5417,15,32,0,7195,7200,80,255,1
1767772915.5203214,13480315681547253999,267,0,24,20,57,5417,15,32,0,7194,7200,80,255,1
1767772916.5258887,13480315681547253999,287,0,24,20,57,5417,15,32,0,7193,7200,80,255,1
1767772918.0140507,13480315681547253999,317,0,24,20,57,5417,15,32,0,7191,7200,80,255,1
1767772919.0211082,13480315681547253999,337,0,24,20,57,5417,15,32,0,7190,7200,80,255,1
1767772920.0298393,13480315681547253999,357,0,24,20,57,5417,15,32,0,7189,7200,80,255,1
1767772921.522405,13480315681547253999,388,0,24,20,57,5417,15,32,0,7188,7200,80,255,1
1767772923.0167685,13480315681547253999,418,0,24,20,57,5417,15,32,0,7186,7200,80,255,1
1767772924.0285156,13480315681547253999,438,0,24,20,57,5417,15,32,0,7185,7200,80,255,1
1767772925.5292172,13480315681547253999,469,0,24,20,57,5417,15,32,0,7184,7200,80,255,1
1767772927.024683,13480315681547253999,499,0,24,20,57,5417,15,32,0,7182,7200,80,255,1
1767772928.5256424,13480315681547253999,529,0,24,20,57,5417,15,32,0,7181,7200,80,255,1
1767772929.5286567,13480315681547253999,549,0,24,20,57,5417,15,32,0,7180,7200,80,255,1
1767772931.019758,13480315681547253999,580,0,24,20,57,5417,15,32,0,7178,7200,80,255,1
1767772932.5167518,13480315681547253999,610,0,24,20,57,5417,15,32,0,7177,7200,80,255,1
1767772933.5266554,13480315681547253999,630,0,24,20,57,5417,15,32,0,7176,7200,80,255,1
1767772934.5302296,13480315681547253999,650,0,24,20,57,5417,15,32,0,7175,7200,80,255,1
1767772936.0124679,13480315681547253999,681,0,24,20,57,5417,15,32,0,7173,7200,80,255,1
1767772937.025242,13480315681547253999,701,0,24,20,57,5417,15,32,0,7172,7200,80,255,1
1767772938.5171242,13480315681547253999,731,0,24,20,57,5417,15,32,0,7171,7200,80,255,1
1767772939.5231962,13480315681547253999,751,0,24,20,57,5417,15,32,0,7170,7200,80,255,1
1767772941.0120697,13480315681547253999,781,0,24,20,57,5417,15,32,0,7168,7200,80,255,1
1767772942.0153701,13480315681547253999,801,0,24,20,57,5417,15,32,0,7167,7200,80,255,1
1767772943.0196779,13480315681547253999,821,0,24,20,57,5417,15,32,0,7166,7200,80,255,1
1767772944.5156217,13480315681547253999,851,0,24,20,57,5417,15,32,0,7165,7200,80,255,1
1767772945.5298321,13480315681547253999,872,0,24,20,57,5417,15,32,0,7164,7200,80,255,1
1767772947.018084,13480315681547253999,902,0,24,20,57,5417,15,32,0,7162,7200,80,255,1
1767772948.0225492,13480315681547253999,922,0,24,20,57,5417,15,32,0,7161,7200,80,255,1
1767772949.0241249,13480315681547253999,942,0,24,20,57,5417,15,32,0,7160,7200,80,255,1
1767772950.024631,13480315681547253999,962,0,24,20,57,5417,15,32,0,7159,7200,80,255,1
1767772951.5141833,13480315681547253999,993,0,24,20,57,5417,15,32,0,7158,7200,80,255,1
1767772952.5265565,13480315681547253999,1013,0,24,20,57,5417,15,32,0,7157,7200,80,255,1
1767772953.5308747,13480315681547253999,1033,0,24,20,57,5417,15,32,0,7156,7200,80,255,1
1767772955.026353,13480315681547253999,1063,0,24,20,57,5417,15,32,0,7154,7200,80,255,1
1767772956.5201375,13480315681547253999,1094,0,24,20,57,5417,15,32,0,7153,7200,80,255,1
1767772958.0292037,13480315681547253999,1124,0,24,20,57,5417,15,32,0,7151,7200,80,255,1
1767772959.5191545,13480315681547253999,1154,0,24,20,57,5417,15,32,0,7150,7200,80,255,1
1767772960.521652,13480315681547253999,1174,0,24,20,57,5417,15,32,0,7149,7200,80,255,1
1767772962.0191224,13480315681547253999,1204,0,24,20,57,5417,15,32,0,7147,7200,80,255,1
1767772963.0256813,13480315681547253999,1224,0,24,20,57,5417,15,32,0,7146,7200,80,255,1
1767772964.5199845,13480315681547253999,1254,0,24,20,57,5417,15,32,0,7145,7200,80,255,1
1767772966.0283043,13480315681547253999,1284,0,24,20,57,5417,15,32,0,7143,7200,80,255,1
1767772967.02889,13480315681547253999,1304,0,24,20,57,5417,15,32,0,7142,7200,80,255,1
1767772968.5280151,13480315681547253999,1334,0,24,20,57,5417,15,32,0,7141,7200,80,255,1
1767772970.0147016,13480315681547253999,1364,0,24,20,57,5417,15,32,0,7139,7200,80,255,1
1767772971.0245924,13480315681547253999,1385,0,24,20,57,5417,15,32,0,7138,7200,80,255,1
1767772972.0269756,13480315681547253999,1405,0,24,20,57,5417,15,32,0,7137,7200,80,255,1
1767772973.529637,13480315681547253999,1435,0,24,20,57,5417,15,32,0,7136,7200,80,255,1
1767772975.0164554,13480315681547253999,1465,0,24,20,57,5417,15,32,0,7134,7200,80,255,1
1767772982.3526568,13480315681547253999,1481,0,24,20,57,5417,15,32,0,7133,7200,80,255,1
1767772983.3574667,13480315681547253999,1501,0,24,20,57,5417,15,32,0,7132,7200,80,255,1
1767772984.3612642,13480315681547253999,1521,0,24,20,57,5417,15,32,0,7131,7200,80,255,1
1767772985.3673518,13480315681547253999,1541,0,24,20,57,5417,15,32,0,7130,7200,80,255,1
1767772986.8631437,13480315681547253999,1571,0,24,20,57,5417,15,32,0,7129,7200,80,255,1
1767772988.3648646,13480315681547253999,1601,0,24,20,57,5417,15,32,0,7127,7200,80,255,1
1767772989.8641567,13480315681547253999,1631,0,24,20,57,5417,15,32,0,7126,7200,80,255,1
1767772990.868383,13480315681547253999,1651,0,24,20,57,5417,15,32,0,7125,7200,80,255,1
1767772992.354376,13480315681547253999,1681,0,24,20,57,5417,15,32,0,7123,7200,80,255,1
1767772993.3632295,13480315681547253999,1701,0,24,20,57,5417,15,32,0,7122,7200,80,255,1
1767772994.8536282,13480315681547253999,1731,0,24,20,57,5417,15,32,0,7121,7200,80,255,1
1767772995.8612423,13480315681547253999,1751,0,24,20,57,5417,15,32,0,7120,7200,80,255,1
1767772997.3677702,13480315681547253999,1781,0,24,20,57,5417,15,32,0,7118,7200,80,255,1
1767772998.8526483,13480315681547253999,1811,0,24,20,57,5417,15,32,0,7117,7200,80,255,1
1767772999.860866,13480315681547253999,1831,0,24,20,57,5417,15,32,0,7116,7200,80,255,1
1767773000.868799,13480315681547253999,1851,0,24,20,57,5417,15,32,0,7115,7200,80,255,1
1767773002.3526793,13480315681547253999,1881,0,24,20,57,5417,15,32,0,7113,7200,80,255,1
1767773003.3612018,13480315681547253999,1901,0,24,20,57,5417,15,32,0,7112,7200,80,255,1
1767773004.3699684,13480315681547253999,1921,0,24,20,57,5417,15,32,0,7111,7200,80,255,1
1767773005.854764,13480315681547253999,1951,0,24,20,57,5417,15,32,0,7110,7200,80,255,1
1767773006.8566153,13480315681547253999,1971,0,24,20,57,5417,15,32,0,7109,7200,80,255,1
1767773007.8575969,13480315681547253999,1991,0,24,20,57,5417,15,32,0,7108,7200,80,255,1
1767773008.8596206,13480315681547253999,2011,0,24,20,57,5417,15,32,0,7107,7200,80,255,1
1767773009.860371,13480315681547253999,2031,0,24,20,57,5417,15,32,0,7106,7200,80,255,1
1767773010.860616,13480315681547253999,2051,0,24,20,57,5417,15,32,0,7105,7200,80,255,1
1767773011.8651237,13480315681547253999,2071,0,24,20,57,5417,15,32,0,7104,7200,80,255,1
1767773012.8653078,13480315681547253999,2091,0,24,20,57,5417,15,32,0,7103,7200,80,255,1
1767773013.8686435,13480315681547253999,2111,0,24,20,57,5417,15,32,0,7102,7200,80,255,1
1767773014.8702152,13480315681547253999,2131,0,24,20,57,5417,15,32,0,7101,7200,80,255,1
1767773016.3631606,13480315681547253999,2161,0,24,20,57,5417,15,32,0,7099,7200,80,255,1
1767773017.364229,13480315681547253999,2181,0,24,20,57,5417,15,32,0,7098,7200,80,255,1
1767773018.3660421,13480315681547253999,2201,0,24,20,57,5417,15,32,0,7097,7200,80,255,1
1767773019.368199,13480315681547253999,2221,0,24,20,57,5417,15,32,0,7096,7200,80,255,1
1767773020.8661838,13480315681547253999,2251,0,24,20,57,5417,15,32,0,7095,7200,80,255,1
1767773022.357439,13480315681547253999,2281,0,24,20,57,5417,15,32,0,7093,7200,80,255,1
1767773023.3624566,13480315681547253999,2301,0,24,20,57,5417,15,32,0,7092,7200,80,255,1
1767773024.3711364,13480315681547253999,2321,0,24,20,57,5417,15,32,0,7091,7200,80,255,1
1767773025.8704915,13480315681547253999,2351,0,24,20,57,5417,15,32,0,7090,7200,80,255,1
1767773027.3554413,13480315681547253999,2381,0,24,20,57,5417,15,32,0,7088,7200,80,255,1
1767773028.3609679,13480315681547253999,2401,0,24,20,57,5417,15,32,0,7087,7200,80,255,1
1767773029.3666303,13480315681547253999,2421,0,24,20,57,5417,15,32,0,7086,7200,80,255,1
1767773030.857381,13480315681547253999,2451,0,24,20,57,5417,15,32,0,7085,7200,80,255,1
1767773031.864594,13480315681547253999,2471,0,24,20,57,5417,15,32,0,7084,7200,80,255,1
1767773032.8676817,13480315681547253999,2491,0,24,20,57,5417,15,32,0,7083,7200,80,255,1
1767773034.3595634,13480315681547253999,2521,0,24,20,57,5417,15,32,0,7081,7200,80,255,1
1767773035.8642523,13480315681547253999,2551,0,24,20,57,5417,15,32,0,7080,7200,80,255,1
1767773036.8674326,13480315681547253999,2571,0,24,20,57,5417,15,32,0,7079,7200,80,255,1
1767773038.357843,13480315681547253999,2601,0,24,20,57,5417,15,32,0,7077,7200,80,255,1
1767773039.8643904,13480315681547253999,2631,0,24,20,57,5417,15,32,0,7076,7200,80,255,1
1767773040.8646822,13480315681547253999,2651,0,24,20,57,5417,15,32,0,7075,7200,80,255,1
1767773041.8694937,13480315681547253999,2671,0,24,20,57,5417,15,32,0,7074,7200,80,255,1
1767773042.8702197,13480315681547253999,2691,0,24,20,57,5417,15,32,0,7073,7200,80,255,1
1767773044.3622036,13480315681547253999,2721,0,24,20,57,5417,15,32,0,7071,7200,80,255,1
1767773045.3636982,13480315681547253999,2741,0,24,20,57,5417,15,32,0,7070,7200,80,255,1
1767773046.8561718,13480315681547253999,2771,0,24,20,57,5417,15,32,0,7069,7200,80,255,1
1767773048.366032,13480315681547253999,2801,0,24,20,57,5417,15,32,0,7067,7200,80,255,1
1767773049.8562083,13480315681547253999,2831,0,24,20,57,5417,15,32,0,7066,7200,80,255,1
1767773051.361208,13480315681547253999,2861,0,24,20,57,5417,15,32,0,7064,7200,80,255,1
1767773052.3627546,13480315681547253999,2881,0,24,20,57,5417,15,32,0,7063,7200,80,255,1
1767773053.3634493,13480315681547253999,2901,0,24,20,57,5417,15,32,0,7062,7200,80,255,1
1767773054.8697193,13480315681547253999,2931,0,24,20,57,5417,15,32,0,7061,7200,80,255,1
1767773056.356351,13480315681547253999,2961,0,24,20,57,5417,15,32,0,7059,7200,80,255,1
1767773057.3584216,13480315681547253999,2981,0,24,20,57,5417,15,32,0,7058,7200,80,255,1
1767773058.8673034,13480315681547253999,3011,0,24,20,57,5417,15,32,0,7057,7200,80,255,1
1767773060.359078,13480315681547253999,3041,0,24,20,57,5417,15,32,0,7055,7200,80,255,1
1767773061.8555737,13480315681547253999,3071,0,24,20,57,5417,15,32,0,7054,7200,80,255,1
1767773063.3621333,13480315681547253999,3101,0,24,20,57,5417,15,32,0,7052,7200,80,255,1
1767773064.3651814,13480315681547253999,3121,0,24,20,57,5417,15,32,0,7051,7200,80,255,1
1767773065.3665555,13480315681547253999,3141,0,24,20,57,5417,15,32,0,7050,7200,80,255,1
1767773066.8619213,13480315681547253999,3171,0,24,20,57,5417,15,32,0,7049,7200,80,255,1
1767773068.3522098,13480315681547253999,3202,0,24,20,57,5417,15,32,0,7047,7200,80,255,1
1767773069.3700182,13480315681547253999,3222,0,24,20,57,5417,15,32,0,7046,7200,80,255,1
1767773070.8520634,13480315681547253999,3252,0,24,20,57,5417,15,32,0,7045,7200,80,255,1
1767773071.8550267,13480315681547253999,3273,0,24,20,57,5417,15,32,0,7044,7200,80,255,1
1767773073.3641343,13480315681547253999,3303,0,24,20,57,5417,15,32,0,7042,7200,80,255,1
1767773074.8548467,13480315681547253999,3333,0,24,20,57,5417,15,32,0,7041,7200,80,255,1
1767773076.3596077,13480315681547253999,3363,0,24,20,57,5417,15,32,0,7039,7200,80,255,1
1767773077.364808,13480315681547253999,3383,0,24,20,57,5417,15,32,0,7038,7200,80,255,1
1767773078.3654542,13480315681547253999,3403,0,24,20,57,5417,15,32,0,7037,7200,80,255,1
1767773079.3710413,13480315681547253999,3423,0,24,20,57,5417,15,32,0,7036,7200,80,255,1
1767773080.3717787,13480315681547253999,3443,0,24,20,57,5417,15,32,0,7035,7200,80,255,1
1767773081.8676546,13480315681547253999,3473,0,24,20,57,5417,15,32,0,7034,7200,80,255,1
1767773083.3676322,13480315681547253999,3503,0,24,20,57,5417,15,32,0,7032,7200,80,255,1
1767773084.8617666,13480315681547253999,3533,0,24,20,57,5417,15,32,0,7031,7200,80,255,1
1767773086.3575344,13480315681547253999,3563,0,24,20,57,5417,15,32,0,7029,7200,80,255,1
1767773087.3589003,13480315681547253999,3583,0,24,20,57,5417,15,32,0,7028,7200,80,255,1
1767773088.8549938,13480315681547253999,3613,0,24,20,57,5417,15,32,0,7027,7200,80,255,1
1767773090.3525515,13480315681547253999,3643,0,24,20,57,5417,15,32,0,7025,7200,80,255,1
1767773091.369737,13480315681547253999,3663,0,24,20,57,5417,15,32,0,7024,7200,80,255,1
1767773092.370691,13480315681547253999,3683,0,24,20,57,5417,15,32,0,7023,7200,80,255,1
1767773093.8664212,13480315681547253999,3713,0,24,20,57,5417,15,32,0,7022,7200,80,255,1
1767773095.360594,13480315681547253999,3743,0,24,20,57,5417,15,32,0,7020,7200,80,255,1
1767773096.862682,13480315681547253999,3773,0,24,20,57,5417,15,32,0,7019,7200,80,255,1
1767773098.3605347,13480315681547253999,3803,0,24,20,57,5417,15,32,0,7017,7200,80,255,1
1767773099.857973,13480315681547253999,3833,0,24,20,57,5417,15,32,0,7016,7200,80,255,1
1767773100.858562,13480315681547253999,3853,0,24,20,57,5417,15,32,0,7015,7200,80,255,1
1767773101.8608074,13480315681547253999,3873,0,24,20,57,5417,15,32,0,7014,7200,80,255,1
1767773103.3586862,13480315681547253999,3903,0,24,20,57,5417,15,32,0,7012,7200,80,255,1
1767773104.8549833,13480315681547253999,3933,0,24,20,57,5417,15,32,0,7011,7200,80,255,1
1767773105.855371,13480315681547253999,3953,0,24,20,57,5417,15,32,0,7010,7200,80,255,1
1767773106.8610141,13480315681547253999,3973,0,24,20,57,5417,15,32,0,7009,7200,80,255,1
1767773107.8641744,13480315681547253999,3993,0,24,20,57,5417,15,32,0,7008,7200,80,255,1
1767773108.8663564,13480315681547253999,4013,0,24,20,57,5417,15,32,0,7007,7200,80,255,1
1767773110.3574405,13480315681547253999,4043,0,24,20,57,5417,15,32,0,7005,7200,80,255,1
1767773111.360626,13480315681547253999,4063,0,24,20,57,5417,15,32,0,7004,7200,80,255,1
1767773112.3696163,13480315681547253999,4084,0,24,20,57,5417,15,32,0,7003,7200,80,255,1
1767773113.8582246,13480315681547253999,4114,0,24,20,57,5417,15,32,0,7002,7200,80,255,1
1767773114.859353,13480315681547253999,4134,0,24,20,57,5417,15,32,0,7001,7200,80,255,1
1767773115.8594952,13480315681547253999,4155,0,24,20,57,5417,15,32,0,7000,7200,80,255,1
1767773116.8715706,13480315681547253999,4175,0,24,20,57,5417,15,32,0,6999,7200,80,255,1
1767773118.3526318,13480315681547253999,4205,0,24,20,57,5417,15,32,0,6997,7200,80,255,1
1767773119.3698077,13480315681547253999,4226,0,24,20,57,5417,15,32,0,6996,7200,80,255,1
1767773120.8645906,13480315681547253999,4256,0,24,20,57,5417,15,32,0,6995,7200,80,255,1
1767773121.8703134,13480315681547253999,4276,0,24,20,57,5417,15,32,0,6994,7200,80,255,1
1767773123.36589,13480315681547253999,4307,0,24,20,57,5417,15,32,0,6992,7200,80,255,1
1767773124.8632848,13480315681547253999,4337,0,24,20,57,5417,15,32,0,6991,7200,80,255,1
1767773126.3570824,13480315681547253999,4367,0,24,20,57,5417,15,32,0,6989,7200,80,255,1
1767773127.3600914,13480315681547253999,4387,0,24,20,57,5417,15,32,0,6988,7200,80,255,1
1767773128.8573024,13480315681547253999,4418,0,24,20,57,5417,15,32,0,6987,7200,80,255,1
1767773130.3543406,13480315681547253999,4448,0,24,20,57,5417,15,32,0,6985,7200,80,255,1
1767773131.3566623,13480315681547253999,4468,0,24,20,57,5417,15,32,0,6984,7200,80,255,1
1767773132.360472,13480315681547253999,4488,0,24,20,57,5417,15,32,0,6983,7200,80,255,1
1767773133.8563192,13480315681547253999,4518,0,24,20,57,5417,15,32,0,6982,7200,80,255,1
1767773135.3698256,13480315681547253999,4548,0,24,20,57,5417,15,32,0,6980,7200,80,255,1
1767773136.8660567,13480315681547253999,4578,0,24,20,57,5417,15,32,0,6979,7200,80,255,1
1767773137.86927,13480315681547253999,4598,0,24,20,57,5417,15,32,0,6978,7200,80,255,1
1767773139.365389,13480315681547253999,4628,0,24,20,57,5417,15,32,0,6976,7200,80,255,1
1767773140.8622556,13480315681547253999,4658,0,24,20,57,5417,15,32,0,6975,7200,80,255,1
1767773142.3627698,13480315681547253999,4688,0,24,20,57,5417,15,32,0,6973,7200,80,255,1
1767773143.859322,13480315681547253999,4718,0,24,20,57,5417,15,32,0,6972,7200,80,255,1
1767773145.3578656,13480315681547253999,4748,0,24,20,57,5417,15,32,0,6970,7200,80,255,1
1767773146.856384,13480315681547253999,4778,0,24,20,57,5417,15,32,0,6969,7200,80,255,1
1767773147.85851,13480315681547253999,4798,0,24,20,57,5417,15,32,0,6968,7200,80,255,1
1767773148.8675113,13480315681547253999,4818,0,24,20,57,5417,15,32,0,6967,7200,80,255,1
1767773149.869854,13480315681547253999,4838,0,24,20,57,5417,15,32,0,6966,7200,80,255,1
1767773151.3610423,13480315681547253999,4868,0,24,20,57,5417,15,32,0,6964,7200,80,255,1
1767773152.3683105,13480315681547253999,4888,0,24,20,57,5417,15,32,0,6963,7200,80,255,1
1767773153.8600514,13480315681547253999,4918,0,24,20,57,5417,15,32,0,6962,7200,80,255,1
1767773154.8634675,13480315681547253999,4938,0,24,20,57,5417,15,32,0,6961,7200,80,255,1
1767773155.8636818,13480315681547253999,4958,0,24,20,57,5417,15,32,0,6960,7200,80,255,1
1767773157.3617485,13480315681547253999,4988,0,24,20,57,5417,15,32,0,6958,7200,80,255,1
1767773158.3686285,13480315681547253999,5009,0,24,20,57,5417,15,32,0,6957,7200,80,255,1
1767773159.8624835,13480315681547253999,5039,0,24,20,57,5417,15,32,0,6956,7200,80,255,1
1767773161.3616066,13480315681547253999,5069,0,24,20,57,5417,15,32,0,6954,7200,80,255,1
1767773162.3663287,13480315681547253999,5090,0,24,20,57,5417,15,32,0,6953,7200,80,255,1
1767773163.8698008,13480315681547253999,5120,0,24,20,57,5417,15,32,0,6952,7200,80,255,1
1767773165.355184,13480315681547253999,5150,0,24,20,57,5417,15,32,0,6950,7200,80,255,1
1767773166.3602035,13480315681547253999,5170,0,24,20,57,5417,15,32,0,6949,7200,80,255,1
1767773167.3683565,13480315681547253999,5190,0,24,20,57,5417,15,32,0,6948,7200,80,255,1
1767773168.8609898,13480315681547253999,5220,0,24,20,57,5417,15,32,0,6947,7200,80,255,1
1767773169.8674986,13480315681547253999,5240,0,24,20,57,5417,15,32,0,6946,7200,80,255,1
1767773171.356778,13480315681547253999,5270,0,24,20,57,5417,15,32,0,6944,7200,80,255,1
1767773172.365491,13480315681547253999,5290,0,24,20,57,5417,15,32,0,6943,7200,80,255,1
1767773173.3700695,13480315681547253999,5310,0,24,20,57,5417,15,32,0,6942,7200,80,255,1
1767773174.857372,13480315681547253999,5340,0,24,20,57,5417,15,32,0,6941,7200,80,255,1
1767773175.8640432,13480315681547253999,5360,0,24,20,57,5417,15,32,0,6940,7200,80,255,1
1767773176.8690274,13480315681547253999,5380,0,24,20,57,5417,15,32,0,6939,7200,80,255,1
1767773178.3645918,13480315681547253999,5410,0,24,20,57,5417,15,32,0,6937,7200,80,255,1
1767773179.8572693,13480315681547253999,5440,0,24,20,57,5417,15,32,0,6936,7200,80,255,1
1767773180.8606992,13480315681547253999,5460,0,24,20,57,5417,15,32,0,6935,7200,80,255,1
1767773181.8648999,13480315681547253999,5480,0,24,20,57,5417,15,32,0,6934,7200,80,255,1
1767773183.365882,13480315681547253999,5510,0,24,20,57,5417,15,32,0,6932,7200,80,255,1
1767773184.3699179,13480315681547253999,5530,0,24,20,57,5417,15,32,0,6931,7200,80,255,1
1767773185.8593986,13480315681547253999,5560,0,24,20,57,5417,15,32,0,6930,7200,80,255,1
1767773186.863926,13480315681547253999,5580,0,24,20,57,5417,15,32,0,6929,7200,80,255,1
1767773188.353333,13480315681547253999,5610,0,24,20,57,5417,15,32,0,6927,7200,80,255,1
1767773189.3579168,13480315681547253999,5630,0,24,20,57,5417,15,32,0,6926,7200,80,255,1
1767773190.361418,13480315681547253999,5650,0,24,20,57,5417,15,32,0,6925,7200,80,255,1
1767773191.363982,13480315681547253999,5671,0,24,20,57,5417,15,32,0,6924,7200,80,255,1
1767773192.8560472,13480315681547253999,5701,0,24,20,57,5417,15,32,0,6923,7200,80,255,1
1767773193.8624918,13480315681547253999,5721,0,24,20,57,5417,15,32,0,6922,7200,80,255,1
1767773195.3564253,13480315681547253999,5751,0,24,20,57,5417,15,32,0,6920,7200,80,255,1
1767773196.3671541,13480315681547253999,5771,0,24,20,57,5417,15,32,0,6919,7200,80,255,1
1767773197.8659172,13480315681547253999,5801,0,24,20,57,5417,15,32,0,6918,7200,80,255,1
1767773199.3676052,13480315681547253999,5831,0,24,20,57,5417,15,32,0,6916,7200,80,255,1
1767773200.860893,13480315681547253999,5861,0,24,20,57,5417,15,32,0,6915,7200,80,255,1
1767773202.3625922,13480315681547253999,5891,0,24,20,57,5417,15,32,0,6913,7200,80,255,1
1767773203.3707526,13480315681547253999,5911,0,24,20,57,5417,15,32,0,6912,7200,80,255,1
1767773204.8671277,13480315681547253999,5941,0,24,20,57,5417,15,32,0,6911,7200,80,255,1
1767773205.8713734,13480315681547253999,5961,0,24,20,57,5417,15,32,0,6910,7200,80,255,1
1767773207.3675435,13480315681547253999,5991,0,24,20,57,5417,15,32,0,6908,7200,80,255,1
1767773208.8593419,13480315681547253999,6021,0,24,20,57,5417,15,32,0,6907,7200,80,255,1
1767773209.8652782,13480315681547253999,6041,0,24,20,57,5417,15,32,0,6906,7200,80,255,1
1767773211.364408,13480315681547253999,6071,0,24,20,57,5417,15,32,0,6904,7200,80,255,1
1767773212.3670115,13480315681547253999,6091,0,24,20,57,5417,15,32,0,6903,7200,80,255,1
1767773213.3697019,13480315681547253999,6111,0,24,20,57,5417,15,32,0,6902,7200,80,255,1
1767773214.8609388,13480315681547253999,6141,0,24,20,57,5417,15,32,0,6901,7200,80,255,1
1767773215.8653069,13480315681547253999,6161,0,24,20,57,5417,15,32,0,6900,7200,80,255,1
1767773217.3614912,13480315681547253999,6191,0,24,20,57,5417,15,32,0,6898,7200,80,255,1
1767773218.3681738,13480315681547253999,6211,0,24,20,57,5417,15,32,0,6897,7200,80,255,1
1767773219.8613079,13480315681547253999,6241,0,24,20,57,5417,15,32,0,6896,7200,80,255,1
1767773220.8659346,13480315681547253999,6261,0,24,20,57,5417,15,32,0,6895,7200,80,255,1
1767773221.8713398,13480315681547253999,6281,0,24,20,57,5417,15,32,0,6894,7200,80,255,1
1767773223.3586006,13480315681547253999,6311,0,24,20,57,5417,15,32,0,6892,7200,80,255,1
1767773224.36081,13480315681547253999,6331,0,24,20,57,5417,15,32,0,6891,7200,80,255,1
1767773225.3693738,13480315681547253999,6351,0,24,20,57,5417,15,32,0,6890,7200,80,255,1
1767773226.867131,13480315681547253999,6381,0,24,20,57,5417,15,32,0,6889,7200,80,255,1
1767773228.3594897,13480315681547253999,6411,0,24,20,57,5417,15,32,0,6887,7200,80,255,1
1767773229.366184,13480315681547253999,6431,0,24,20,57,5417,15,32,0,6886,7200,80,255,1
1767773230.370465,13480315681547253999,6451,0,24,20,57,5417,15,32,0,6885,7200,80,255,1
1767773231.8541155,13480315681547253999,6482,0,24,20,57,5417,15,32,0,6884,7200,80,255,1
1767773232.8645077,13480315681547253999,6502,0,24,20,57,5417,15,32,0,6883,7200,80,255,1
1767773233.8682752,13480315681547253999,6522,0,24,20,57,5417,15,32,0,6882,7200,80,255,1
1767773235.363879,13480315681547253999,6552,0,24,20,57,5417,15,32,0,6880,7200,80,255,1
1767773236.3695807,13480315681547253999,6572,0,24,20,57,5417,15,32,0,6879,7200,80,255,1
1767773237.8678827,13480315681547253999,6602,0,24,20,57,5417,15,32,0,6878,7200,80,255,1
1767773239.3527534,13480315681547253999,6632,0,24,20,57,5417,15,32,0,6876,7200,80,255,1
1767773240.3614361,13480315681547253999,6652,0,24,20,57,5417,15,32,0,6875,7200,80,255,1
1767773241.8526914,13480315681547253999,6682,0,24,20,57,5417,15,32,0,6874,7200,80,255,1
1767773242.858135,13480315681547253999,6703,0,24,20,57,5417,15,32,0,6873,7200,80,255,1
1767773243.8643835,13480315681547253999,6723,0,24,20,57,5417,15,32,0,6872,7200,80,255,1
1767773245.368404,13480315681547253999,6754,0,24,20,57,5417,15,32,0,6870,7200,80,255,1
1767773246.8581934,13480315681547253999,6784,0,24,20,57,5417,15,32,0,6869,7200,80,255,1
1767773247.8673215,13480315681547253999,6804,0,24,20,57,5417,15,32,0,6868,7200,80,255,1
1767773249.3575993,13480315681547253999,6834,0,24,20,57,5417,15,32,0,6866,7200,80,255,1
1767773250.369711,13480315681547253999,6854,0,24,20,57,5417,15,32,0,6865,7200,80,255,1
1767773251.8588474,13480315681547253999,6884,0,24,20,57,5417,15,32,0,6864,7200,80,255,1
1767773253.3662226,13480315681547253999,6915,0,24,20,57,5417,15,32,0,6862,7200,80,255,1
1767773254.8572724,13480315681547253999,6945,0,24,20,57,5417,15,32,0,6861,7200,80,255,1
1767773256.3676596,13480315681547253999,6975,0,24,20,57,5417,15,32,0,6859,7200,80,255,1
1767773257.86291,13480315681547253999,7006,0,24,20,57,5417,15,32,0,6858,7200,80,255,1
1767773259.35328,13480315681547253999,7036,0,24,20,57,5417,15,32,0,6856,7200,80,255,1
1767773260.366008,13480315681547253999,7056,0,24,20,57,5417,15,32,0,6855,7200,80,255,1
1767773261.367351,13480315681547253999,7077,0,24,20,57,5417,15,32,0,6854,7200,80,255,1
1767773262.8525722,13480315681547253999,7107,0,24,20,57,5417,15,32,0,6853,7200,80,255,1
1767773263.8685458,13480315681547253999,7127,0,24,20,57,5417,15,32,0,6852,7200,80,255,1
1767773265.3533802,13480315681547253999,7157,0,24,20,57,5417,15,32,0,6850,7200,80,255,1
1767773266.3643568,13480315681547253999,7177,0,24,20,57,5417,15,32,0,6849,7200,80,255,1
1767773267.8579273,13480315681547253999,7207,0,24,20,57,5417,15,32,0,6848,7200,80,255,1
1767773268.866636,13480315681547253999,7227,0,24,20,57,5417,15,32,0,6847,7200,80,255,1
1767773270.3568459,13480315681547253999,7257,0,24,20,57,5417,15,32,0,6845,7200,80,255,1
1767773271.3703487,13480315681547253999,7277,0,24,20,57,5417,15,32,0,6844,7200,80,255,1
1767773272.8693757,13480315681547253999,7308,0,24,20,57,5417,15,32,0,6843,7200,80,255,1
1767773274.3610094,13480315681547253999,7338,0,24,20,57,5417,15,32,0,6841,7200,80,255,1
1767773275.8575175,13480315681547253999,7368,0,24,20,57,5417,15,32,0,6840,7200,80,255,1
1767773277.3573499,13480315681547253999,7398,0,24,20,57,5417,15,32,0,6838,7200,80,255,1
1767773278.869307,13480315681547253999,7428,0,24,20,57,5417,15,32,0,6837,7200,80,255,1
1767773280.357486,13480315681547253999,7458,0,24,20,57,5417,15,32,0,6835,7200,80,255,1
1767773281.3648524,13480315681547253999,7478,0,24,20,57,5417,15,32,0,6834,7200,80,255,1
1767773282.856523,13480315681547253999,7508,0,24,20,57,5417,15,32,0,6833,7200,80,255,1
1767773283.8660846,13480315681547253999,7528,0,24,20,57,5417,15,32,0,6832,7200,80,255,1
1767773285.361931,13480315681547253999,7559,0,24,20,57,5417,15,32,0,6830,7200,80,255,1
1767773286.3619697,13480315681547253999,7579,0,24,20,57,5417,15,32,0,6829,7200,80,255,1
1767773287.3684456,13480315681547253999,7599,0,24,20,57,5417,15,32,0,6828,7200,80,255,1
1767773288.8595805,13480315681547253999,7629,0,24,20,57,5417,15,32,0,6827,7200,80,255,1
1767773289.8625548,13480315681547253999,7650,0,24,20,57,5417,15,32,0,6826,7200,80,255,1
1767773291.3626711,13480315681547253999,7680,0,24,20,57,5417,15,32,0,6824,7200,80,255,1
1767773292.3639688,13480315681547253999,7700,0,24,20,57,5417,15,32,0,6823,7200,80,255,1
1767773293.8637955,13480315681547253999,7731,0,24,20,57,5417,15,32,0,6822,7200,80,255,1
1767773295.357215,13480315681547253999,7761,0,24,20,57,5417,15,32,0,6820,7200,80,255,1
1767773296.858223,13480315681547253999,7791,0,24,20,57,5417,15,32,0,6819,7200,80,255,1
1767773297.8654172,13480315681547253999,7811,0,24,20,57,5417,15,32,0,6818,7200,80,255,1
1767773299.3625605,13480315681547253999,7841,0,24,20,57,5417,15,32,0,6816,7200,80,255,1
1767773300.859515,13480315681547253999,7871,0,24,20,57,5417,15,32,0,6815,7200,80,255,1
1767773301.8615441,13480315681547253999,7891,0,24,20,57,5417,15,32,0,6814,7200,80,255,1
1767773302.8618762,13480315681547253999,7911,0,24,20,57,5417,15,32,0,6813,7200,80,255,1
1767773303.865302,13480315681547253999,7931,0,24,20,57,5417,15,32,0,6812,7200,80,255,1
1767773305.361343,13480315681547253999,7961,0,24,20,57,5417,15,32,0,6810,7200,80,255,1
1767773306.8610344,13480315681547253999,7991,0,24,20,57,5417,15,32,0,6809,7200,80,255,1
1767773308.3652382,13480315681547253999,8021,0,24,20,57,5417,15,32,0,6807,7200,80,255,1
1767773309.3672895,13480315681547253999,8041,0,24,20,57,5417,15,32,0,6806,7200,80,255,1
1767773310.8686457,13480315681547253999,8072,0,24,20,57,5417,15,32,0,6805,7200,80,255,1
1767773312.360709,13480315681547253999,8102,0,24,20,57,5417,15,32,0,6803,7200,80,255,1
1767773313.8569188,13480315681547253999,8132,0,24,20,57,5417,15,32,0,6802,7200,80,255,1
1767773314.8621066,13480315681547253999,8152,0,24,20,57,5417,15,32,0,6801,7200,80,255,1
1767773316.3604355,13480315681547253999,8182,0,24,20,57,5417,15,32,0,6799,7200,80,255,1
1767773317.3740044,13480315681547253999,8202,0,24,20,57,5417,15,32,0,6798,7200,80,255,1
1767773318.8696191,13480315681547253999,8232,0,24,20,57,5417,15,32,0,6797,7200,80,255,1
1767773320.3577716,13480315681547253999,8263,0,24,20,57,5417,15,32,0,6795,7200,80,255,1
1767773321.3603199,13480315681547253999,8283,0,24,20,57,5417,15,32,0,6794,7200,80,255,1
1767773322.3697972,13480315681547253999,8303,0,24,20,57,5417,15,32,0,6793,7200,80,255,1
1767773323.8706841,13480315681547253999,8333,0,24,20,57,5417,15,32,0,6792,7200,80,255,1
1767773325.3694236,13480315681547253999,8363,0,24,20,57,5417,15,32,0,6790,7200,80,255,1
1767773326.8613925,13480315681547253999,8393,0,24,20,57,5417,15,32,0,6789,7200,80,255,1
1767773328.36063,13480315681547253999,8423,0,24,20,57,5417,15,32,0,6787,7200,80,255,1
1767773329.860871,13480315681547253999,8454,0,24,20,57,5417,15,32,0,6786,7200,80,255,1
1767773330.8631022,13480315681547253999,8474,0,24,20,57,5417,15,32,0,6785,7200,80,255,1
1767773331.8701355,13480315681547253999,8494,0,24,20,57,5417,15,32,0,6784,7200,80,255,1
1767773333.3716562,13480315681547253999,8524,0,24,20,57,5417,15,32,0,6782,7200,80,255,1
1767773334.8635316,13480315681547253999,8555,0,24,20,57,5417,15,32,0,6781,7200,80,255,1
1767773336.3637433,13480315681547253999,8585,0,24,20,57,5417,15,32,0,6779,7200,80,255,1
1767773337.8626454,13480315681547253999,8615,0,24,20,57,5417,15,32,0,6778,7200,80,255,1
1767773338.8680813,13480315681547253999,8635,0,24,20,57,5417,15,32,0,6777,7200,80,255,1
1767773340.3619163,13480315681547253999,8665,0,24,20,57,5417,15,32,0,6775,7200,80,255,1
1767773341.8544934,13480315681547253999,8697,0,24,20,57,5417,15,32,0,6774,7200,80,255,1
1767773342.8600326,13480315681547253999,8717,0,24,20,57,5417,15,32,0,6773,7200,80,255,1
1767773343.8689084,13480315681547253999,8738,0,24,20,57,5417,15,32,0,6772,7200,80,255,1
1767773345.360193,13480315681547253999,8768,0,24,20,57,5417,15,32,0,6770,7200,80,255,1
1767773346.3682876,13480315681547253999,8789,0,24,20,57,5417,15,32,0,6769,7200,80,255,1
1767773347.8681946,13480315681547253999,8819,0,24,20,57,5417,15,32,0,6768,7200,80,255,1
1767773349.3598886,13480315681547253999,8849,0,24,20,57,5417,15,32,0,6766,7200,80,255,1
1767773350.8582225,13480315681547253999,8879,0,24,20,57,5417,15,32,0,6765,7200,80,255,1
1767773351.8682456,13480315681547253999,8899,0,24,20,57,5417,15,32,0,6764,7200,80,255,1
1767773353.3639042,13480315681547253999,8930,0,24,20,57,5417,15,32,0,6762,7200,80,255,1
1767773354.36529,13480315681547253999,8950,0,24,20,57,5417,15,32,0,6761,7200,80,255,1
1767773355.8645,13480315681547253999,8980,0,24,20,57,5417,15,32,0,6760,7200,80,255,1
1767773356.8671017,13480315681547253999,9000,0,24,20,57,5417,15,32,0,6759,7200,80,255,1
1767773358.3659484,13480315681547253999,9030,0,24,20,57,5417,15,32,0,6757,7200,80,255,1
1767773359.865142,13480315681547253999,9060,0,24,20,57,5417,15,32,0,6756,7200,80,255,1
1767773361.362344,13480315681547253999,9090,0,24,20,57,5417,15,32,0,6754,7200,80,255,1
1767773362.860557,13480315681547253999,9120,0,24,20,57,5417,15,32,0,6753,7200,80,255,1
1767773363.8719158,13480315681547253999,9141,0,24,20,57,5417,15,32,0,6752,7200,80,255,1
1767773365.361838,13480315681547253999,9171,0,24,20,57,5417,15,32,0,6750,7200,80,255,1
1767773366.8646336,13480315681547253999,9202,0,24,20,57,5417,15,32,0,6749,7200,80,255,1
1767773367.8657207,13480315681547253999,9222,0,24,20,57,5417,15,32,0,6748,7200,80,255,1
1767773369.3593771,13480315681547253999,9252,0,24,20,57,5417,15,32,0,6746,7200,80,255,1
1767773370.8545372,13480315681547253999,9283,0,24,20,57,5417,15,32,0,6745,7200,80,255,1
1767773371.8643587,13480315681547253999,9303,0,24,20,57,5417,15,32,0,6744,7200,80,255,1
1767773372.8650086,13480315681547253999,9323,0,24,20,57,5417,15,32,0,6743,7200,80,255,1
1767773374.3632967,13480315681547253999,9353,0,24,20,57,5417,15,32,0,6741,7200,80,255,1
1767773375.3691497,13480315681547253999,9373,0,24,20,57,5417,15,32,0,6740,7200,80,255,1
1767773376.8693655,13480315681547253999,9404,0,24,20,57,5417,15,32,0,6739,7200,80,255,1
1767773378.3658314,13480315681547253999,9434,0,24,20,57,5417,15,32,0,6737,7200,80,255,1
1767773379.8629963,13480315681547253999,9466,0,24,20,57,5417,15,32,0,6736,7200,80,255,1
1767773381.3612876,13480315681547253999,9496,0,24,20,57,5417,15,32,0,6734,7200,80,255,1
1767773382.8712847,13480315681547253999,9527,0,24,20,57,5417,15,32,0,6733,7200,80,255,1
1767773384.3695114,13480315681547253999,9557,0,24,20,57,5417,15,32,0,6731,7200,80,255,1
1767773385.8524048,13480315681547253999,9587,0,24,20,57,5417,15,32,0,6730,7200,80,255,1
1767773386.8669684,13480315681547253999,9607,0,24,20,57,5417,15,32,0,6729,7200,80,255,1
1767773388.3659596,13480315681547253999,9637,0,24,20,57,5417,15,32,0,6727,7200,80,255,1
1767773389.8638685,13480315681547253999,9667,0,24,20,57,5417,15,32,0,6726,7200,80,255,1
1767773390.8687146,13480315681547253999,9687,0,24,20,57,5417,15,32,0,6725,7200,80,255,1
1767773392.3651154,13480315681547253999,9718,0,24,20,57,5417,15,32,0,6723,7200,80,255,1
1767773393.8624187,13480315681547253999,9749,0,24,20,57,5417,15,32,0,6722,7200,80,255,1
1767773395.362417,13480315681547253999,9780,0,24,20,57,5417,15,32,0,6720,7200,80,255,1
1767773396.8560884,13480315681547253999,9810,0,24,20,57,5417,15,32,0,6719,7200,80,255,1
1767773397.869924,13480315681547253999,9830,0,24,20,57,5417,15,32,0,6718,7200,80,255,1
1767773399.3558345,13480315681547253999,9860,0,24,20,57,5417,15,32,0,6716,7200,80,255,1
1767773400.3609116,13480315681547253999,9880,0,24,20,57,5417,15,32,0,6715,7200,80,255,1
1767773401.361712,13480315681547253999,9900,0,24,20,57,5417,15,32,0,6714,7200,80,255,1
1767773402.8632503,13480315681547253999,9931,0,24,20,57,5417,15,32,0,6713,7200,80,255,1
1767773403.867201,13480315681547253999,9951,0,24,20,57,5417,15,32,0,6712,7200,80,255,1
1767773405.356989,13480315681547253999,9981,0,24,20,57,5417,15,32,0,6710,7200,80,255,1
1767773406.8699968,13480315681547253999,10012,0,24,20,57,5417,15,32,0,6709,7200,80,255,1
1767773408.353751,13480315681547253999,10042,0,24,20,57,5417,15,32,0,6707,7200,80,255,1
1767773409.360067,13480315681547253999,10062,0,24,20,57,5417,15,32,0,6706,7200,80,255,1
1767773410.3676548,13480315681547253999,10084,0,24,20,57,5417,15,32,0,6705,7200,80,255,1
1767773411.8529694,13480315681547253999,10115,0,24,20,57,5417,15,32,0,6704,7200,80,255,1
1767773412.864062,13480315681547253999,10135,0,24,20,57,5417,15,32,0,6703,7200,80,255,1
1767773414.3611994,13480315681547253999,10165,0,24,20,57,5417,15,32,0,6701,7200,80,255,1
1767773415.3628674,13480315681547253999,10185,0,24,20,57,5417,15,32,0,6700,7200,80,255,1
1767773416.369479,13480315681547253999,10206,0,24,20,57,5417,15,32,0,6699,7200,80,255,1
1767773417.8549993,13480315681547253999,10236,0,24,20,57,5417,15,32,0,6698,7200,80,255,1
1767773418.8669856,13480315681547253999,10256,0,24,20,57,5417,15,32,0,6697,7200,80,255,1
1767773420.3572142,13480315681547253999,10287,0,24,20,57,5417,15,32,0,6695,7200,80,255,1
1767773421.3693383,13480315681547253999,10307,0,24,20,57,5417,15,32,0,6694,7200,80,255,1
1767773422.8546116,13480315681547253999,10337,0,24,20,57,5417,15,32,0,6693,7200,80,255,1
1767773423.8600092,13480315681547253999,10357,0,24,20,57,5417,15,32,0,6692,7200,80,255,1
1767773424.8727145,13480315681547253999,10377,0,24,20,57,5417,15,32,0,6691,7200,80,255,1
1767773426.3546872,13480315681547253999,10408,0,24,20,57,5417,15,32,0,6689,7200,80,255,1
1767773427.3570373,13480315681547253999,10428,0,24,20,57,5417,15,32,0,6688,7200,80,255,1
1767773428.8535511,13480315681547253999,10458,0,24,20,57,5417,15,32,0,6687,7200,80,255,1
1767773429.8673952,13480315681547253999,10478,0,24,20,57,5417,15,32,0,6686,7200,80,255,1
1767773431.3695493,13480315681547253999,10508,0,24,20,57,5417,15,32,0,6684,7200,80,255,1
1767773432.8658571,13480315681547253999,10538,0,24,20,57,5417,15,32,0,6683,7200,80,255,1
1767773433.869588,13480315681547253999,10558,0,24,20,57,5417,15,32,0,6682,7200,80,255,1
1767773435.3592062,13480315681547253999,10588,0,24,20,57,5417,15,32,0,6680,7200,80,255,1
1767773436.3605702,13480315681547253999,10608,0,24,20,57,5417,15,32,0,6679,7200,80,255,1
1767773437.369055,13480315681547253999,10628,0,24,20,57,5417,15,32,0,6678,7200,80,255,1
1767773438.8673935,13480315681547253999,10658,0,24,20,57,5417,15,32,0,6677,7200,80,255,1
1767773440.3547068,13480315681547253999,10689,0,24,20,57,5417,15,32,0,6675,7200,80,255,1
1767773441.363234,13480315681547253999,10709,0,24,20,57,5417,15,32,0,6674,7200,80,255,1
1767773442.8523555,13480315681547253999,10740,0,24,20,57,5417,15,32,0,6673,7200,80,255,1
1767773443.860561,13480315681547253999,10761,0,24,20,57,5417,15,32,0,6672,7200,80,255,1
1767773444.868018,13480315681547253999,10781,0,24,20,57,5417,15,32,0,6671,7200,80,255,1
1767773446.3544905,13480315681547253999,10811,0,24,20,57,5417,15,32,0,6669,7200,80,255,1
1767773447.3659935,13480315681547253999,10832,0,24,20,57,5417,15,32,0,6668,7200,80,255,1
1767773448.8584864,13480315681547253999,10862,0,24,20,57,5417,15,32,0,6667,7200,80,255,1
1767773449.8700967,13480315681547253999,10883,0,24,20,57,5417,15,32,0,6666,7200,80,255,1
1767773451.3618674,13480315681547253999,10913,0,24,20,57,5417,15,32,0,6664,7200,80,255,1
1767773452.368474,13480315681547253999,10933,0,24,20,57,5417,15,32,0,6663,7200,80,255,1
1767773453.8636687,13480315681547253999,10963,0,24,20,57,5417,15,32,0,6662,7200,80,255,1
1767773455.3571231,13480315681547253999,10994,0,24,20,57,5417,15,32,0,6660,7200,80,255,1
1767773456.3573856,13480315681547253999,11014,0,24,20,57,5417,15,32,0,6659,7200,80,255,1
1767773457.3684525,13480315681547253999,11034,0,24,20,57,5417,15,32,0,6658,7200,80,255,1
1767773458.3691149,13480315681547253999,11054,0,24,20,57,5417,15,32,0,6657,7200,80,255,1
1767773459.8690064,13480315681547253999,11084,0,24,20,57,5417,15,32,0,6656,7200,80,255,1
1767773461.3673682,13480315681547253999,11116,0,24,20,57,5417,15,32,0,6654,7200,80,255,1
1767773462.8629022,13480315681547253999,11146,0,24,20,57,5417,15,32,0,6653,7200,80,255,1
1767773464.3557866,13480315681547253999,11176,0,24,20,57,5417,15,32,0,6651,7200,80,255,1
1767773465.3667898,13480315681547253999,11196,0,24,20,57,5417,15,32,0,6650,7200,80,255,1
1767773466.8692079,13480315681547253999,11226,0,24,20,57,5417,15,32,0,6649,7200,80,255,1
1767773468.3691182,13480315681547253999,11256,0,24,20,57,5417,15,32,0,6647,7200,80,255,1
1767773469.8630655,13480315681547253999,11286,0,24,20,57,5417,15,32,0,6646,7200,80,255,1
1767773471.3596883,13480315681547253999,11316,0,24,20,57,5417,15,32,0,6644,7200,80,255,1
1767773472.8645632,13480315681547253999,11346,0,24,20,57,5417,15,32,0,6643,7200,80,255,1
1767773473.8662896,13480315681547253999,11366,0,24,20,57,5417,15,32,0,6642,7200,80,255,1
1767773475.355966,13480315681547253999,11396,0,24,20,57,5417,15,32,0,6640,7200,80,255,1
1767773476.3617551,13480315681547253999,11416,0,24,20,57,5417,15,32,0,6639,7200,80,255,1
1767773477.8646026,13480315681547253999,11446,0,24,20,57,5417,15,32,0,6638,7200,80,255,1
1767773479.3561134,13480315681547253999,11477,0,24,20,57,5417,15,32,0,6636,7200,80,255,1
1767773480.8594618,13480315681547253999,11507,0,24,20,57,5417,15,32,0,6635,7200,80,255,1
1767773481.8617306,13480315681547253999,11528,0,24,20,57,5417,15,32,0,6634,7200,80,255,1
1767773483.3583603,13480315681547253999,11558,0,24,20,57,5417,15,32,0,6632,7200,80,255,1
1767773484.3700101,13480315681547253999,11579,0,24,20,57,5417,15,32,0,6631,7200,80,255,1
1767773485.8600898,13480315681547253999,11609,0,24,20,57,5417,15,32,0,6630,7200,80,255,1
1767773486.8672822,13480315681547253999,11629,0,24,20,57,5417,15,32,0,6629,7200,80,255,1
1767773488.3612413,13480315681547253999,11659,0,24,20,57,5417,15,32,0,6627,7200,80,255,1
1767773489.3692892,13480315681547253999,11679,0,24,20,57,5417,15,32,0,6626,7200,80,255,1
1767773490.3706694,13480315681547253999,11699,0,24,20,57,5417,15,32,0,6625,7200,80,255,1
1767773491.864533,13480315681547253999,11729,0,24,20,57,5417,15,32,0,6624,7200,80,255,1
1767773493.365164,13480315681547253999,11759,0,24,20,57,5417,15,32,0,6622,7200,80,255,1
1767773494.3666878,13480315681547253999,11779,0,24,20,57,5417,15,32,0,6621,7200,80,255,1
1767773495.8582704,13480315681547253999,11809,0,24,20,57,5417,15,32,0,6620,7200,80,255,1
1767773496.8638234,13480315681547253999,11829,0,24,20,57,5417,15,32,0,6619,7200,80,255,1
1767773498.362999,13480315681547253999,11860,0,24,20,57,5417,15,32,0,6617,7200,80,255,1
1767773499.3670118,13480315681547253999,11881,0,24,20,57,5417,15,32,0,6616,7200,80,255,1
1767773500.864469,13480315681547253999,11912,0,24,20,57,5417,15,32,0,6615,7200,80,255,1
1767773502.3626058,13480315681547253999,11944,0,24,20,57,5417,15,32,0,6613,7200,80,255,1
1767773503.8572793,13480315681547253999,11974,0,24,20,57,5417,15,32,0,6612,7200,80,255,1
1767773504.8633783,13480315681547253999,11995,0,24,20,57,5417,15,32,0,6611,7200,80,255,1
1767773505.8695893,13480315681547253999,12015,0,24,20,57,5417,15,32,0,6610,7200,80,255,1
1767773507.3584466,13480315681547253999,12045,0,24,20,57,5417,15,32,0,6608,7200,80,255,1
1767773508.861695,13480315681547253999,12075,0,24,20,57,5417,15,32,0,6607,7200,80,255,1
1767773509.863743,13480315681547253999,12096,0,24,20,57,5417,15,32,0,6606,7200,80,255,1
1767773511.3532324,13480315681547253999,12126,0,24,20,57,5417,15,32,0,6604,7200,80,255,1
1767773512.3568993,13480315681547253999,12146,0,24,20,57,5417,15,32,0,6603,7200,80,255,1
1767773513.8615582,13480315681547253999,12176,0,24,20,57,5417,15,32,0,6602,7200,80,255,1
1767773514.8718843,13480315681547253999,12198,0,24,20,57,5417,15,32,0,6601,7200,80,255,1
1767773516.3658292,13480315681547253999,12228,0,24,20,57,5417,15,32,0,6599,7200,80,255,1
1767773517.369846,13480315681547253999,12248,0,24,20,57,5417,15,32,0,6598,7200,80,255,1
1767773518.8617492,13480315681547253999,12278,0,24,20,57,5417,15,32,0,6597,7200,80,255,1
1767773519.867923,13480315681547253999,12298,0,24,20,57,5417,15,32,0,6596,7200,80,255,1
1767773521.362475,13480315681547253999,12329,0,24,20,57,5417,15,32,0,6594,7200,80,255,1
1767773522.8645377,13480315681547253999,12360,0,24,20,57,5417,15,32,0,6593,7200,80,255,1
1767773524.3571658,13480315681547253999,12391,0,24,20,57,5417,15,32,0,6591,7200,80,255,1
1767773525.3638723,13480315681547253999,12411,0,24,20,57,5417,15,32,0,6590,7200,80,255,1
1767773526.364978,13480315681547253999,12431,0,24,20,57,5417,15,32,0,6589,7200,80,255,1
1767773527.8594003,13480315681547253999,12463,0,24,20,57,5417,15,32,0,6588,7200,80,255,1
1767773528.8658798,13480315681547253999,12483,0,24,20,57,5417,15,32,0,6587,7200,80,255,1
1767773530.3625875,13480315681547253999,12513,0,24,20,57,5417,15,32,0,6585,7200,80,255,1
1767773531.8529136,13480315681547253999,12543,0,24,20,57,5417,15,32,0,6584,7200,80,255,1
1767773532.8591225,13480315681547253999,12565,0,24,20,57,5417,15,32,0,6583,7200,80,255,1
1767773533.8691082,13480315681547253999,12585,0,24,20,57,5417,15,32,0,6582,7200,80,255,1
1767773535.3671658,13480315681547253999,12615,0,24,20,57,5417,15,32,0,6580,7200,80,255,1
1767773536.855771,13480315681547253999,12645,0,24,20,57,5417,15,32,0,6579,7200,80,255,1
1767773537.8644664,13480315681547253999,12666,0,24,20,57,5417,15,32,0,6578,7200,80,255,1
1767773538.8669899,13480315681547253999,12686,0,24,20,57,5417,15,32,0,6577,7200,80,255,1
1767773540.368396,13480315681547253999,12716,0,24,20,57,5417,15,32,0,6575,7200,80,255,1
1767773541.8553262,13480315681547253999,12746,0,24,20,57,5417,15,32,0,6574,7200,80,255,1
1767773542.8671,13480315681547253999,12766,0,24,20,57,5417,15,32,0,6573,7200,80,255,1
1767773543.8706377,13480315681547253999,12786,0,24,20,57,5417,15,32,0,6572,7200,80,255,1
1767773545.3565187,13480315681547253999,12816,0,24,20,57,5417,15,32,0,6570,7200,80,255,1
1767773546.3696885,13480315681547253999,12836,0,24,20,57,5417,15,32,0,6569,7200,80,255,1
1767773547.8671036,13480315681547253999,12866,0,24,20,57,5417,15,32,0,6568,7200,80,255,1
1767773548.86848,13480315681547253999,12886,0,24,20,57,5417,15,32,0,6567,7200,80,255,1
1767773550.3639898,13480315681547253999,12916,0,24,20,57,5417,15,32,0,6565,7200,80,255,1
1767773551.864637,13480315681547253999,12946,0,24,20,57,5417,15,32,0,6564,7200,80,255,1
1767773553.3588796,13480315681547253999,12977,0,24,20,57,5417,15,32,0,6562,7200,80,255,1
1767773554.858237,13480315681547253999,13007,0,24,20,57,5417,15,32,0,6561,7200,80,255,1
1767773555.8710604,13480315681547253999,13027,0,24,20,57,5417,15,32,0,6560,7200,80,255,1
1767773557.364797,13480315681547253999,13057,0,24,20,57,5417,15,32,0,6558,7200,80,255,1
1767773558.8538253,13480315681547253999,13088,0,24,20,57,5417,15,32,0,6557,7200,80,255,1
1767773559.864237,13480315681547253999,13108,0,24,20,57,5417,15,32,0,6556,7200,80,255,1
1767773560.8700066,13480315681547253999,13129,0,24,20,57,5417,15,32,0,6555,7200,80,255,1
1767773562.3612664,13480315681547253999,13160,0,24,20,57,5417,15,32,0,6553,7200,80,255,1
1767773563.8621945,13480315681547253999,13190,0,24,20,57,5417,15,32,0,6552,7200,80,255,1
1767773564.87058,13480315681547253999,13210,0,24,20,57,5417,15,32,0,6551,7200,80,255,1
1767773566.3612356,13480315681547253999,13240,0,24,20,57,5417,15,32,0,6549,7200,80,255,1
1767773567.37164,13480315681547253999,13261,0,24,20,57,5417,15,32,0,6548,7200,80,255,1
1767773568.8640096,13480315681547253999,13292,0,24,20,57,5417,15,32,0,6547,7200,80,255,1
1767773570.3624496,13480315681547253999,13322,0,24,20,57,5417,15,32,0,6545,7200,80,255,1
1767773571.861954,13480315681547253999,13352,0,24,20,57,5417,15,32,0,6544,7200,80,255,1
1767773572.8684182,13480315681547253999,13372,0,24,20,57,5417,15,32,0,6543,7200,80,255,1
1767773574.3624861,13480315681547253999,13402,0,24,20,57,5417,15,32,0,6541,7200,80,255,1
1767773575.3627744,13480315681547253999,13422,0,24,20,57,5417,15,32,0,6540,7200,80,255,1
1767773576.8601553,13480315681547253999,13452,0,24,20,57,5417,15,32,0,6539,7200,80,255,1
1767773578.3647509,13480315681547253999,13483,0,24,20,57,5417,15,32,0,6537,7200,80,255,1
1767773579.3688962,13480315681547253999,13503,0,24,20,57,5417,15,32,0,6536,7200,80,255,1
1767773580.867976,13480315681547253999,13533,0,24,20,57,5417,15,32,0,6535,7200,80,255,1
1767773582.3568246,13480315681547253999,13563,0,24,20,57,5417,15,32,0,6533,7200,80,255,1
1767773583.3693929,13480315681547253999,13584,0,24,20,57,5417,15,32,0,6532,7200,80,255,1
1767773584.8609612,13480315681547253999,13614,0,24,20,57,5417,15,32,0,6531,7200,80,255,1
1767773585.8690264,13480315681547253999,13634,0,24,20,57,5417,15,32,0,6530,7200,80,255,1
1767773587.3714025,13480315681547253999,13664,0,24,20,57,5417,15,32,0,6528,7200,80,255,1
1767773588.8650262,13480315681547253999,13695,0,24,20,57,5417,15,32,0,6527,7200,80,255,1
1767773590.3640666,13480315681547253999,13726,0,24,20,57,5417,15,32,0,6525,7200,80,255,1
1767773591.8615758,13480315681547253999,13757,0,24,20,57,5417,15,32,0,6524,7200,80,255,1
1767773593.3710544,13480315681547253999,13787,0,24,20,57,5417,15,32,0,6522,7200,80,255,1
1767773594.8588543,13480315681547253999,13817,0,24,20,57,5417,15,32,0,6521,7200,80,255,1
1767773595.8658426,13480315681547253999,13837,0,24,20,57,5417,15,32,0,6520,7200,80,255,1
1767773597.3588505,13480315681547253999,13867,0,24,20,57,5417,15,32,0,6518,7200,80,255,1
1767773598.8572001,13480315681547253999,13898,0,24,20,57,5417,15,32,0,6517,7200,80,255,1
1767773599.859818,13480315681547253999,13918,0,24,20,57,5417,15,32,0,6516,7200,80,255,1
1767773601.3567889,13480315681547253999,13949,0,24,20,57,5417,15,32,0,6514,7200,80,255,1
1767773602.362682,13480315681547253999,13969,0,24,20,57,5417,15,32,0,6513,7200,80,255,1
1767773603.3669918,13480315681547253999,13990,0,24,20,57,5417,15,32,0,6512,7200,80,255,1
1767773604.8680654,13480315681547253999,14020,0,24,20,57,5417,15,32,0,6511,7200,80,255,1
1767773606.3658104,13480315681547253999,14051,0,24,20,57,5417,15,32,0,6509,7200,80,255,1
1767773607.8542678,13480315681547253999,14081,0,24,20,57,5417,15,32,0,6508,7200,80,255,1
1767773608.8626919,13480315681547253999,14101,0,24,20,57,5417,15,32,0,6507,7200,80,255,1
1767773609.8671553,13480315681547253999,14121,0,24,20,57,5417,15,32,0,6506,7200,80,255,1
1767773611.3660688,13480315681547253999,14151,0,24,20,57,5417,15,32,0,6504,7200,80,255,1
1767773612.8625088,13480315681547253999,14181,0,24,20,57,5417,15,32,0,6503,7200,80,255,1
1767773614.3704503,13480315681547253999,14211,0,24,20,57,5417,15,32,0,6501,7200,80,255,1
1767773615.869317,13480315681547253999,14241,0,24,20,57,5417,15,32,0,6500,7200,80,255,1
1767773617.3636477,13480315681547253999,14271,0,24,20,57,5417,15,32,0,6498,7200,80,255,1
1767773618.3707395,13480315681547253999,14291,0,24,20,57,5417,15,32,0,6497,7200,80,255,1
1767773619.858049,13480315681547253999,14321,0,24,20,57,5417,15,32,0,6496,7200,80,255,1
1767773620.866135,13480315681547253999,14341,0,24,20,57,5417,15,32,0,6495,7200,80,255,1
1767773622.3618515,13480315681547253999,14372,0,24,20,57,5417,15,32,0,6493,7200,80,255,1
1767773623.3690772,13480315681547253999,14392,0,24,20,57,5417,15,32,0,6492,7200,80,255,1
1767773624.8603494,13480315681547253999,14422,0,24,20,57,5417,15,32,0,6491,7200,80,255,1
1767773625.8629043,13480315681547253999,14442,0,24,20,57,5417,15,32,0,6490,7200,80,255,1
1767773627.3567445,13480315681547253999,14472,0,24,20,57,5417,15,32,0,6488,7200,80,255,1
1767773628.8560965,13480315681547253999,14502,0,24,20,57,5417,15,32,0,6487,7200,80,255,1
1767773629.8621376,13480315681547253999,14522,0,24,20,57,5417,15,32,0,6486,7200,80,255,1
1767773630.8695812,13480315681547253999,14542,0,24,20,57,5417,15,32,0,6485,7200,80,255,1
1767773632.365749,13480315681547253999,14573,0,24,20,57,5417,15,32,0,6483,7200,80,255,1
1767773633.86218,13480315681547253999,14603,0,24,20,57,5417,15,32,0,6482,7200,80,255,1
1767773635.358414,13480315681547253999,14633,0,24,20,57,5417,15,32,0,6480,7200,80,255,1
1767773636.8657167,13480315681547253999,14663,0,24,20,57,5417,15,32,0,6479,7200,80,255,1
1767773638.3635905,13480315681547253999,14693,0,24,20,57,5417,15,32,0,6477,7200,80,255,1
1767773639.8646922,13480315681547253999,14724,0,24,20,57,5417,15,32,0,6476,7200,80,255,1
1767773641.3638916,13480315681547253999,14754,0,24,20,57,5417,15,32,0,6474,7200,80,255,1
1767773642.3692389,13480315681547253999,14774,0,24,20,57,5417,15,32,0,6473,7200,80,255,1
1767773643.8530428,13480315681547253999,14804,0,24,20,57,5417,15,32,0,6472,7200,80,255,1
1767773644.8677816,13480315681547253999,14825,0,24,20,57,5417,15,32,0,6471,7200,80,255,1
1767773646.361831,13480315681547253999,14856,0,24,20,57,5417,15,32,0,6469,7200,80,255,1
1767773647.86006,13480315681547253999,14886,0,24,20,57,5417,15,32,0,6468,7200,80,255,1
1767773649.3620508,13480315681547253999,14918,0,24,20,57,5417,15,32,0,6466,7200,80,255,1
1767773650.8608966,13480315681547253999,14948,0,24,20,57,5417,15,32,0,6465,7200,80,255,1
1767773651.869979,13480315681547253999,14969,0,24,20,57,5417,15,32,0,6464,7200,80,255,1
1767773653.3712597,13480315681547253999,14999,0,24,20,57,5417,15,32,0,6462,7200,80,255,1
1767773654.8657367,13480315681547253999,15029,0,24,20,57,5417,15,32,0,6461,7200,80,255,1
1767773655.8700235,13480315681547253999,15049,0,24,20,57,5417,15,32,0,6460,7200,80,255,1
1767773657.360322,13480315681547253999,15079,0,24,20,57,5417,15,32,0,6458,7200,80,255,1
1767773658.8592417,13480315681547253999,15110,0,24,20,57,5417,15,32,0,6457,7200,80,255,1
1767773660.362812,13480315681547253999,15140,0,24,20,57,5417,15,32,0,6455,7200,80,255,1
1767773661.370719,13480315681547253999,15160,0,24,20,57,5417,15,32,0,6454,7200,80,255,1
1767773662.852482,13480315681547253999,15190,0,24,20,57,5417,15,32,0,6453,7200,80,255,1
1767773663.8529606,13480315681547253999,15212,0,24,20,57,5417,15,32,0,6452,7200,80,255,1
1767773664.8602364,13480315681547253999,15233,0,24,20,57,5417,15,32,0,6451,7200,80,255,1
1767773666.35418,13480315681547253999,15263,0,24,20,57,5417,15,32,0,6449,7200,80,255,1
1767773667.3644063,13480315681547253999,15283,0,24,20,57,5417,15,32,0,6448,7200,80,255,1
1767773668.8679936,13480315681547253999,15314,0,24,20,57,5417,15,32,0,6447,7200,80,255,1
1767773670.3633022,13480315681547253999,15345,0,24,20,57,5417,15,32,0,6445,7200,80,255,1
1767773671.8571277,13480315681547253999,15375,0,24,20,57,5417,15,32,0,6444,7200,80,255,1
1767773672.8658519,13480315681547253999,15395,0,24,20,57,5417,15,32,0,6443,7200,80,255,1
1767773674.364025,13480315681547253999,15426,0,24,20,57,5417,15,32,0,6441,7200,80,255,1
1767773675.859076,13480315681547253999,15456,0,24,20,57,5417,15,32,0,6440,7200,80,255,1
1767773676.8673124,13480315681547253999,15476,0,24,20,57,5417,15,32,0,6439,7200,80,255,1
1767773678.3707974,13480315681547253999,15506,0,24,20,57,5417,15,32,0,6437,7200,80,255,1
1767773679.8601816,13480315681547253999,15536,0,24,20,57,5417,15,32,0,6436,7200,80,255,1
1767773681.3524926,13480315681547253999,15566,0,24,20,57,5417,15,32,0,6434,7200,80,255,1
1767773682.3707664,13480315681547253999,15588,0,24,20,57,5417,15,32,0,6433,7200,80,255,1
1767773683.853752,13480315681547253999,15618,0,24,20,57,5417,15,32,0,6432,7200,80,255,1
1767773684.8714173,13480315681547253999,15639,0,24,20,57,5417,15,32,0,6431,7200,80,255,1
1767773686.370646,13480315681547253999,15669,0,24,20,57,5417,15,32,0,6429,7200,80,255,1
1767773687.853245,13480315681547253999,15699,0,24,20,57,5417,15,32,0,6428,7200,80,255,1
1767773688.8645215,13480315681547253999,15720,0,24,20,57,5417,15,32,0,6427,7200,80,255,1
1767773689.868164,13480315681547253999,15740,0,24,20,57,5417,15,32,0,6426,7200,80,255,1
1767773691.3656664,13480315681547253999,15770,0,24,20,57,5417,15,32,0,6424,7200,80,255,1
1767773692.862895,13480315681547253999,15800,0,24,20,57,5417,15,32,0,6423,7200,80,255,1
1767773694.3599231,13480315681547253999,15830,0,24,20,57,5417,15,32,0,6421,7200,80,255,1
1767773695.3600438,13480315681547253999,15851,0,24,20,57,5417,15,32,0,6420,7200,80,255,1
1767773696.3614986,13480315681547253999,15871,0,24,20,57,5417,15,32,0,6419,7200,80,255,1
1767773697.3620062,13480315681547253999,15891,0,24,20,57,5417,15,32,0,6418,7200,80,255,1
1767773698.3679671,13480315681547253999,15911,0,24,20,57,5417,15,32,0,6417,7200,80,255,1
1767773699.8657086,13480315681547253999,15942,0,24,20,57,5417,15,32,0,6416,7200,80,255,1
1767773701.3594573,13480315681547253999,15972,0,24,20,57,5417,15,32,0,6414,7200,80,255,1
1767773702.857914,13480315681547253999,16004,0,24,20,57,5417,15,32,0,6413,7200,80,255,1
1767773703.869269,13480315681547253999,16024,0,24,20,57,5417,15,32,0,6412,7200,80,255,1
1767773705.3610702,13480315681547253999,16054,0,24,20,57,5417,15,32,0,6410,7200,80,255,1
1767773706.8543227,13480315681547253999,16085,0,24,20,57,5417,15,32,0,6409,7200,80,255,1
1767773708.3638935,13480315681547253999,16116,0,24,20,57,5417,15,32,0,6407,7200,80,255,1
1767773709.8532739,13480315681547253999,16148,0,24,20,57,5417,15,32,0,6406,7200,80,255,1
1767773710.86398,13480315681547253999,16168,0,24,20,57,5417,15,32,0,6405,7200,80,255,1
1767773711.8702474,13480315681547253999,16188,0,24,20,57,5417,15,32,0,6404,7200,80,255,1
1767773713.3571072,13480315681547253999,16218,0,24,20,57,5417,15,32,0,6402,7200,80,255,1
1767773714.3640819,13480315681547253999,16240,0,24,20,57,5417,15,32,0,6401,7200,80,255,1
1767773715.8690107,13480315681547253999,16271,0,24,20,57,5417,15,32,0,6400,7200,80,255,1
1767773717.3688989,13480315681547253999,16301,0,24,20,57,5417,15,32,0,6398,7200,80,255,1
1767773718.8646865,13480315681547253999,16331,0,24,20,57,5417,15,32,0,6397,7200,80,255,1
1767773720.3578706,13480315681547253999,16361,0,24,20,57,5417,15,32,0,6395,7200,80,255,1
1767773721.8566005,13480315681547253999,16392,0,24,20,57,5417,15,32,0,6394,7200,80,255,1
1767773723.3734944,13480315681547253999,16425,0,24,20,57,5417,15,32,0,6392,7200,80,255,1
1767773724.8649008,13480315681547253999,16456,0,24,20,57,5417,15,32,0,6391,7200,80,255,1
1767773726.3580747,13480315681547253999,16486,0,24,20,57,5417,15,32,0,6389,7200,80,255,1
1767773727.852891,13480315681547253999,16516,0,24,20,57,5417,15,32,0,6388,7200,80,255,1
1767773728.8528912,13480315681547253999,16537,0,24,20,57,5417,15,32,0,6387,7200,80,255,1
1767773729.8546774,13480315681547253999,16559,0,24,20,57,5417,15,32,0,6386,7200,80,255,1
1767773730.8701212,13480315681547253999,16579,0,24,20,57,5417,15,32,0,6385,7200,80,255,1
1767773732.3709,13480315681547253999,16609,0,24,20,57,5417,15,32,0,6383,7200,80,255,1
1767773733.8543222,13480315681547253999,16640,0,24,20,57,5417,15,32,0,6382,7200,80,255,1
1767773734.8642642,13480315681547253999,16660,0,24,20,57,5417,15,32,0,6381,7200,80,255,1
1767773736.3703873,13480315681547253999,16691,0,24,20,57,5417,15,32,0,6379,7200,80,255,1
1767773737.8611414,13480315681547253999,16721,0,24,20,57,5417,15,32,0,6378,7200,80,255,1
1767773739.3696673,13480315681547253999,16751,0,24,20,57,5417,15,32,0,6376,7200,80,255,1
1767773740.869229,13480315681547253999,16783,0,24,20,57,5417,15,32,0,6375,7200,80,255,1
1767773742.3530018,13480315681547253999,16814,0,24,20,57,5417,15,32,0,6373,7200,80,255,1
1767773743.3606358,13480315681547253999,16835,0,24,20,57,5417,15,32,0,6372,7200,80,255,1
1767773744.367896,13480315681547253999,16856,0,24,20,57,5417,15,32,0,6371,7200,80,255,1
1767773745.8531382,13480315681547253999,16886,0,24,20,57,5417,15,32,0,6370,7200,80,255,1
1767773746.8563256,13480315681547253999,16907,0,24,20,57,5417,15,32,0,6369,7200,80,255,1
1767773748.3565376,13480315681547253999,16937,0,24,20,57,5417,15,32,0,6367,7200,80,255,1
1767773749.3646343,13480315681547253999,16958,0,24,20,57,5417,15,32,0,6366,7200,80,255,1
1767773750.369266,13480315681547253999,16978,0,24,20,57,5417,15,32,0,6365,7200,80,255,1
1767773751.860644,13480315681547253999,17008,0,24,20,57,5417,15,32,0,6364,7200,80,255,1
1767773753.3624365,13480315681547253999,17039,0,24,20,57,5417,15,32,0,6362,7200,80,255,1
1767773754.8609154,13480315681547253999,17069,0,24,20,57,5417,15,32,0,6361,7200,80,255,1
1767773755.8688934,13480315681547253999,17090,0,24,20,57,5417,15,32,0,6360,7200,80,255,1
1767773757.3603356,13480315681547253999,17120,0,24,20,57,5417,15,32,0,6358,7200,80,255,1
1767773758.3635545,13480315681547253999,17140,0,24,20,57,5417,15,32,0,6357,7200,80,255,1
1767773759.8671036,13480315681547253999,17170,0,24,20,57,5417,15,32,0,6356,7200,80,255,1
1767773761.3578877,13480315681547253999,17200,0,24,20,57,5417,15,32,0,6354,7200,80,255,1
1767773762.3602211,13480315681547253999,17220,0,24,20,57,5417,15,32,0,6353,7200,80,255,1
1767773763.362598,13480315681547253999,17242,0,24,20,57,5417,15,32,0,6352,7200,80,255,1
1767773764.367306,13480315681547253999,17262,0,24,20,57,5417,15,32,0,6351,7200,80,255,1
1767773765.8561172,13480315681547253999,17292,0,24,20,57,5417,15,32,0,6350,7200,80,255,1
1767773766.8691933,13480315681547253999,17312,0,24,20,57,5417,15,32,0,6349,7200,80,255,1
1767773768.3560405,13480315681547253999,17343,0,24,20,57,5417,15,32,0,6347,7200,80,255,1
1767773769.369014,13480315681547253999,17364,0,24,20,57,5417,15,32,0,6346,7200,80,255,1
1767773770.8668163,13480315681547253999,17394,0,24,20,57,5417,15,32,0,6345,7200,80,255,1
1767773771.8711352,13480315681547253999,17414,0,24,20,57,5417,15,32,0,6344,7200,80,255,1
1767773773.3571634,13480315681547253999,17444,0,24,20,57,5417,15,32,0,6342,7200,80,255,1
1767773774.3603406,13480315681547253999,17464,0,24,20,57,5417,15,32,0,6341,7200,80,255,1
1767773775.8547723,13480315681547253999,17494,0,24,20,57,5417,15,32,0,6340,7200,80,255,1
1767773776.866928,13480315681547253999,17514,0,24,20,57,5417,15,32,0,6339,7200,80,255,1
1767773778.3585474,13480315681547253999,17545,0,24,20,57,5417,15,32,0,6337,7200,80,255,1
1767773779.8600564,13480315681547253999,17575,0,24,20,57,5417,15,32,0,6336,7200,80,255,1
1767773781.3538513,13480315681547253999,17606,0,24,20,57,5417,15,32,0,6334,7200,80,255,1
1767773782.3637962,13480315681547253999,17627,0,24,20,57,5417,15,32,0,6333,7200,80,255,1
1767773783.86134,13480315681547253999,17657,0,24,20,57,5417,15,32,0,6332,7200,80,255,1
1767773785.3527234,13480315681547253999,17688,0,24,20,57,5417,15,32,0,6330,7200,80,255,1
1767773786.3648272,13480315681547253999,17709,0,24,20,57,5417,15,32,0,6329,7200,80,255,1
1767773787.8548548,13480315681547253999,17739,0,24,20,57,5417,15,32,0,6328,7200,80,255,1
1767773788.8587444,13480315681547253999,17759,0,24,20,57,5417,15,32,0,6327,7200,80,255,1
1767773790.3588562,13480315681547253999,17789,0,24,20,57,5417,15,32,0,6325,7200,80,255,1
1767773791.364198,13480315681547253999,17810,0,24,20,57,5417,15,32,0,6324,7200,80,255,1
1767773792.863666,13480315681547253999,17840,0,24,20,57,5417,15,32,0,6323,7200,80,255,1
1767773793.864033,13480315681547253999,17860,0,24,20,57,5417,15,32,0,6322,7200,80,255,1
1767773795.3627264,13480315681547253999,17891,0,24,20,57,5417,15,32,0,6320,7200,80,255,1
1767773796.8610377,13480315681547253999,17921,0,24,20,57,5417,15,32,0,6319,7200,80,255,1
1767773798.352447,13480315681547253999,17951,0,24,20,57,5417,15,32,0,6317,7200,80,255,1
1767773799.366827,13480315681547253999,17973,0,24,20,57,5417,15,32,0,6316,7200,80,255,1
1767773800.8634381,13480315681547253999,18004,0,24,20,57,5417,15,32,0,6315,7200,80,255,1
1767773802.3568225,13480315681547253999,18035,0,24,20,57,5417,15,32,0,6313,7200,80,255,1
1767773803.3692994,13480315681547253999,18055,0,24,20,57,5417,15,32,0,6312,7200,80,255,1
1767773804.8658838,13480315681547253999,18085,0,24,20,57,5417,15,32,0,6311,7200,80,255,1
1767773806.3692453,13480315681547253999,18115,0,24,20,57,5417,15,32,0,6309,7200,80,255,1
1767773807.3703086,13480315681547253999,18135,0,24,20,57,5417,15,32,0,6308,7200,80,255,1
1767773808.8613062,13480315681547253999,18166,0,24,20,57,5417,15,32,0,6307,7200,80,255,1
1767773809.8658934,13480315681547253999,18186,0,24,20,57,5417,15,32,0,6306,7200,80,255,1
1767773811.3525372,13480315681547253999,18216,0,24,20,57,5417,15,32,0,6304,7200,80,255,1
1767773812.3530736,13480315681547253999,18237,0,24,20,57,5417,15,32,0,6303,7200,80,255,1
1767773813.3591022,13480315681547253999,18258,0,24,20,57,5417,15,32,0,6302,7200,80,255,1
1767773814.3666945,13480315681547253999,18278,0,24,20,57,5417,15,32,0,6301,7200,80,255,1
1767773815.3699725,13480315681547253999,18298,0,24,20,57,5417,15,32,0,6300,7200,80,255,1
1767773816.8669777,13480315681547253999,18329,0,24,20,57,5417,15,32,0,6299,7200,80,255,1
1767773818.3653562,13480315681547253999,18359,0,24,20,57,5417,15,32,0,6297,7200,80,255,1
1767773819.8691435,13480315681547253999,18390,0,24,20,57,5417,15,32,0,6296,7200,80,255,1
1767773821.3533797,13480315681547253999,18420,0,24,20,57,5417,15,32,0,6294,7200,80,255,1
1767773822.3635013,13480315681547253999,18440,0,24,20,57,5417,15,32,0,6293,7200,80,255,1
1767773823.8637135,13480315681547253999,18471,0,24,20,57,5417,15,32,0,6292,7200,80,255,1
1767773825.362119,13480315681547253999,18501,0,24,20,57,5417,15,32,0,6290,7200,80,255,1
1767773826.3689473,13480315681547253999,18521,0,24,20,57,5417,15,32,0,6289,7200,80,255,1
1767773827.8544288,13480315681547253999,18551,0,24,20,57,5417,15,32,0,6288,7200,80,255,1
1767773828.8641305,13480315681547253999,18572,0,24,20,57,5417,15,32,0,6287,7200,80,255,1
1767773830.3606153,13480315681547253999,18602,0,24,20,57,5417,15,32,0,6285,7200,80,255,1
1767773831.8538249,13480315681547253999,18633,0,24,20,57,5417,15,32,0,6284,7200,80,255,1
1767773832.861723,13480315681547253999,18653,0,24,20,57,5417,15,32,0,6283,7200,80,255,1
1767773833.8698702,13480315681547253999,18673,0,24,20,57,5417,15,32,0,6282,7200,80,255,1
1767773835.3602648,13480315681547253999,18704,0,24,20,57,5417,15,32,0,6280,7200,80,255,1
1767773836.3672388,13480315681547253999,18724,0,24,20,57,5417,15,32,0,6279,7200,80,255,1
1767773837.8597596,13480315681547253999,18755,0,24,20,57,5417,15,32,0,6278,7200,80,255,1
1767773838.8613372,13480315681547253999,18775,0,24,20,57,5417,15,32,0,6277,7200,80,255,1
1767773839.8695512,13480315681547253999,18797,0,24,20,57,5417,15,32,0,6276,7200,80,255,1
1767773841.3630443,13480315681547253999,18827,0,24,20,57,5417,15,32,0,6274,7200,80,255,1
1767773842.860456,13480315681547253999,18857,0,24,20,57,5417,15,32,0,6273,7200,80,255,1
1767773844.3599215,13480315681547253999,18887,0,24,20,57,5417,15,32,0,6271,7200,80,255,1
1767773845.3694148,13480315681547253999,18907,0,24,20,57,5417,15,32,0,6270,7200,80,255,1
1767773846.369419,13480315681547253999,18927,0,24,20,57,5417,15,32,0,6269,7200,80,255,1
1767773847.861224,13480315681547253999,18957,0,24,20,57,5417,15,32,0,6268,7200,80,255,1
1767773849.365418,13480315681547253999,18988,0,24,20,57,5417,15,32,0,6266,7200,80,255,1
1767773850.8687809,13480315681547253999,19018,0,24,20,57,5417,15,32,0,6265,7200,80,255,1
1767773852.3600996,13480315681547253999,19048,0,24,20,57,5417,15,32,0,6263,7200,80,255,1
1767773853.3703156,13480315681547253999,19068,0,24,20,57,5417,15,32,0,6262,7200,80,255,1
1767773854.868644,13480315681547253999,19098,0,24,20,57,5417,15,32,0,6261,7200,80,255,1
1767773856.3621147,13480315681547253999,19129,0,24,20,57,5417,15,32,0,6259,7200,80,255,1
1767773857.8599603,13480315681547253999,19159,0,24,20,57,5417,15,32,0,6258,7200,80,255,1
1767773859.357587,13480315681547253999,19191,0,24,20,57,5417,15,32,0,6256,7200,80,255,1
1767773860.361084,13480315681547253999,19211,0,24,20,57,5417,15,32,0,6255,7200,80,255,1
1767773861.8628063,13480315681547253999,19241,0,24,20,57,5417,15,32,0,6254,7200,80,255,1
1767773863.3668597,13480315681547253999,19272,0,24,20,57,5417,15,32,0,6252,7200,80,255,1
1767773864.8630087,13480315681547253999,19302,0,24,20,57,5417,15,32,0,6251,7200,80,255,1
1767773866.3626053,13480315681547253999,19332,0,24,20,57,5417,15,32,0,6249,7200,80,255,1
1767773867.3666472,13480315681547253999,19352,0,24,20,57,5417,15,32,0,6248,7200,80,255,1
1767773868.8656456,13480315681547253999,19383,0,24,20,57,5417,15,32,0,6247,7200,80,255,1
1767773869.8669074,13480315681547253999,19404,0,24,20,57,5417,15,32,0,6246,7200,80,255,1
1767773871.3665862,13480315681547253999,19434,0,24,20,57,5417,15,32,0,6244,7200,80,255,1
1767773872.8590474,13480315681547253999,19464,0,24,20,57,5417,15,32,0,6243,7200,80,255,1
1767773874.3590765,13480315681547253999,19496,0,24,20,57,5417,15,32,0,6241,7200,80,255,1
1767773875.863472,13480315681547253999,19526,0,24,20,57,5417,15,32,0,6240,7200,80,255,1
1767773876.8689148,13480315681547253999,19546,0,24,20,57,5417,15,32,0,6239,7200,80,255,1
1767773878.365952,13480315681547253999,19578,0,23,20,57,5417,15,32,0,6237,7200,80,255,1
1767773879.8656385,13480315681547253999,19608,0,23,20,57,5417,15,32,0,6236,7200,80,255,1
1767773881.3636415,13480315681547253999,19638,0,23,20,57,5417,15,32,0,6234,7200,80,255,1
1767773882.8714209,13480315681547253999,19668,0,23,20,57,5417,15,32,0,6233,7200,80,255,1
1767773884.3541615,13480315681547253999,19700,0,23,20,57,5417,15,32,0,6231,7200,80,255,1
1767773885.3555756,13480315681547253999,19721,0,23,20,57,5417,15,32,0,6230,7200,80,255,1
1767773886.366435,13480315681547253999,19741,0,23,20,57,5417,15,32,0,6229,7200,80,255,1
1767773887.3678405,13480315681547253999,19761,0,23,20,57,5417,15,32,0,6228,7200,80,255,1
1767773888.8666792,13480315681547253999,19791,0,23,20,57,5417,15,32,0,6227,7200,80,255,1
1767773889.8710356,13480315681547253999,19811,0,23,20,57,5417,15,32,0,6226,7200,80,255,1
1767773891.3657217,13480315681547253999,19841,0,23,20,57,5417,15,32,0,6224,7200,80,255,1
1767773892.8591976,13480315681547253999,19871,0,23,20,57,5417,15,32,0,6223,7200,80,255,1
1767773894.3641634,13480315681547253999,19901,0,23,20,57,5417,15,32,0,6221,7200,80,255,1
1767773895.8578014,13480315681547253999,19932,0,23,20,57,5417,15,32,0,6220,7200,80,255,1
1767773897.3548496,13480315681547253999,19964,0,23,20,57,5417,15,32,0,6218,7200,80,255,1
1767773898.3657098,13480315681547253999,19985,0,23,20,57,5417,15,32,0,6217,7200,80,255,1
1767773899.853766,13480315681547253999,20015,0,23,20,57,5417,15,32,0,6216,7200,80,255,1
1767773900.8701284,13480315681547253999,20035,0,23,20,57,5417,15,32,0,6215,7200,80,255,1
1767773902.3627934,13480315681547253999,20065,0,23,20,57,5417,15,32,0,6213,7200,80,255,1
1767773903.855702,13480315681547253999,20095,0,23,20,57,5417,15,32,0,6212,7200,80,255,1
1767773904.8614151,13480315681547253999,20115,0,23,20,57,5417,15,32,0,6211,7200,80,255,1
1767773906.3633437,13480315681547253999,20145,0,23,20,57,5417,15,32,0,6209,7200,80,255,1
1767773907.8526263,13480315681547253999,20175,0,23,20,57,5417,15,32,0,6208,7200,80,255,1
1767773909.3555782,13480315681547253999,20208,0,23,20,57,5417,15,32,0,6206,7200,80,255,1
1767773910.3698804,13480315681547253999,20228,0,23,20,57,5417,15,32,0,6205,7200,80,255,1
1767773911.8706334,13480315681547253999,20258,0,23,20,57,5417,15,32,0,6204,7200,80,255,1
1767773913.359151,13480315681547253999,20288,0,23,20,57,5417,15,32,0,6202,7200,80,255,1
1767773914.8610623,13480315681547253999,20318,0,23,20,57,5417,15,32,0,6201,7200,80,255,1
1767773915.8714864,13480315681547253999,20338,0,23,20,57,5417,15,32,0,6200,7200,80,255,1
1767773917.3621173,13480315681547253999,20368,0,23,20,57,5417,15,32,0,6198,7200,80,255,1
1767773918.8584483,13480315681547253999,20398,0,23,20,57,5417,15,32,0,6197,7200,80,255,1
1767773919.8656645,13480315681547253999,20418,0,23,20,57,5417,15,32,0,6196,7200,80,255,1
1767773920.8700745,13480315681547253999,20438,0,23,20,57,5417,15,32,0,6195,7200,80,255,1
1767773922.369135,13480315681547253999,20468,0,23,20,57,5417,15,32,0,6193,7200,80,255,1
1767773923.8554738,13480315681547253999,20500,0,23,20,57,5417,15,32,0,6192,7200,80,255,1
1767773925.3580027,13480315681547253999,20530,0,23,20,57,5417,15,32,0,6190,7200,80,255,1
1767773926.3622952,13480315681547253999,20550,0,23,20,57,5417,15,32,0,6189,7200,80,255,1
1767773927.8640678,13480315681547253999,20580,0,23,20,57,5417,15,32,0,6188,7200,80,255,1
1767773928.8655531,13480315681547253999,20600,0,23,20,57,5417,15,32,0,6187,7200,80,255,1
1767773930.3556447,13480315681547253999,20631,0,23,20,57,5417,15,32,0,6185,7200,80,255,1
1767773931.3595808,13480315681547253999,20651,0,23,20,57,5417,15,32,0,6184,7200,80,255,1
1767773932.3640287,13480315681547253999,20672,0,23,20,57,5417,15,32,0,6183,7200,80,255,1
1767773933.8703775,13480315681547253999,20704,0,23,20,57,5417,15,32,0,6182,7200,80,255,1
1767773935.3652923,13480315681547253999,20735,0,23,20,57,5417,15,32,0,6180,7200,80,255,1
1767773936.8618267,13480315681547253999,20765,0,23,20,57,5417,15,32,0,6179,7200,80,255,1
1767773937.8658528,13480315681547253999,20786,0,23,20,57,5417,15,32,0,6178,7200,80,255,1
1767773939.3657448,13480315681547253999,20816,0,23,20,57,5417,15,32,0,6176,7200,80,255,1
1767773940.8654394,13480315681547253999,20846,0,23,20,57,5417,15,32,0,6175,7200,80,255,1
1767773942.367666,13480315681547253999,20878,0,23,20,57,5417,15,32,0,6173,7200,80,255,1
1767773943.8555713,13480315681547253999,20908,0,23,20,57,5417,15,32,0,6172,7200,80,255,1
1767773944.8620903,13480315681547253999,20928,0,23,20,57,5417,15,32,0,6171,7200,80,255,1
1767773945.8655381,13480315681547253999,20949,0,23,20,57,5417,15,32,0,6170,7200,80,255,1
1767773946.8677683,13480315681547253999,20969,0,23,20,57,5417,15,32,0,6169,7200,80,255,1
1767773948.3658187,13480315681547253999,20999,0,23,20,57,5417,15,32,0,6167,7200,80,255,1
1767773949.869311,13480315681547253999,21030,0,23,20,57,5417,15,32,0,6166,7200,80,255,1
1767773951.371226,13480315681547253999,21061,0,23,20,57,5417,15,32,0,6164,7200,80,255,1
1767773952.8670175,13480315681547253999,21092,0,23,20,57,5417,15,32,0,6163,7200,80,255,1
1767773954.3659086,13480315681547253999,21125,0,23,20,57,5417,15,32,0,6161,7200,80,255,1
1767773955.8674145,13480315681547253999,21156,0,23,20,57,5417,15,32,0,6160,7200,80,255,1
1767773957.3598993,13480315681547253999,21187,0,23,20,57,5417,15,32,0,6158,7200,80,255,1
1767773958.8566298,13480315681547253999,21217,0,23,20,57,5417,15,32,0,6157,7200,80,255,1
1767773959.856651,13480315681547253999,21238,0,23,20,57,5417,15,32,0,6156,7200,80,255,1
1767773960.8602822,13480315681547253999,21258,0,23,20,57,5417,15,32,0,6155,7200,80,255,1
1767773962.3556387,13480315681547253999,21288,0,23,20,57,5417,15,32,0,6153,7200,80,255,1
1767773963.3588114,13480315681547253999,21308,0,23,20,57,5417,15,32,0,6152,7200,80,255,1
1767773964.3598597,13480315681547253999,21328,0,23,20,57,5417,15,32,0,6151,7200,80,255,1
1767773965.3688955,13480315681547253999,21348,0,23,20,57,5417,15,32,0,6150,7200,80,255,1
1767773966.8604853,13480315681547253999,21379,0,23,20,57,5417,15,32,0,6149,7200,80,255,1
1767773968.3538995,13480315681547253999,21412,0,23,20,57,5417,15,32,0,6147,7200,80,255,1
1767773969.366996,13480315681547253999,21433,0,23,20,57,5417,15,32,0,6146,7200,80,255,1
1767773970.8524628,13480315681547253999,21464,0,23,20,57,5417,15,32,0,6145,7200,80,255,1
1767773971.8630154,13480315681547253999,21485,0,23,20,57,5417,15,32,0,6144,7200,80,255,1
1767773973.3677685,13480315681547253999,21516,0,23,20,57,5417,15,32,0,6142,7200,80,255,1
1767773974.8596463,13480315681547253999,21546,0,23,20,57,5417,15,32,0,6141,7200,80,255,1
1767773975.8607745,13480315681547253999,21566,0,23,20,57,5417,15,32,0,6140,7200,80,255,1
1767773977.3593357,13480315681547253999,21597,0,23,20,57,5417,15,32,0,6138,7200,80,255,1
1767773978.857998,13480315681547253999,21629,0,23,20,57,5417,15,32,0,6137,7200,80,255,1
1767773979.8593175,13480315681547253999,21649,0,23,19,57,5417,15,32,0,6136,7200,80,255,1
1767773981.3593042,13480315681547253999,21680,0,23,19,57,5417,15,32,0,6134,7200,80,255,1
1767773982.3717875,13480315681547253999,21700,0,23,19,57,5417,15,32,0,6133,7200,80,255,1
1767773983.8696814,13480315681547253999,21731,0,23,19,57,5417,15,32,0,6132,7200,80,255,1
1767773984.8703964,13480315681547253999,21751,0,23,19,57,5417,15,32,0,6131,7200,80,255,1
1767773986.368903,13480315681547253999,21781,0,23,19,57,5417,15,32,0,6129,7200,80,255,1
1767773987.8686018,13480315681547253999,21811,0,23,19,57,5417,15,32,0,6128,7200,80,255,1
1767773989.3688369,13480315681547253999,21841,0,23,19,57,5417,15,32,0,6126,7200,80,255,1
1767773990.8660212,13480315681547253999,21871,0,23,19,57,5417,15,32,0,6125,7200,80,255,1
1767773992.3617089,13480315681547253999,21901,0,23,19,57,5417,15,32,0,6123,7200,80,255,1
1767773993.8672457,13480315681547253999,21932,0,23,19,57,5417,15,32,0,6122,7200,80,255,1
1767773995.3563964,13480315681547253999,21963,0,23,19,57,5417,15,32,0,6120,7200,80,255,1
1767773996.3655958,13480315681547253999,21984,1,23,19,57,5417,15,32,0,6119,7200,80,255,1
1767773997.8557413,13480315681547253999,22015,1,23,19,57,5417,15,32,0,6118,7200,80,255,1
1767773998.8696983,13480315681547253999,22036,1,23,19,57,5417,15,32,0,6117,7200,80,255,1
1767774000.3522465,13480315681547253999,22066,1,23,19,57,5417,15,32,0,6115,7200,80,255,1
1767774001.370592,13480315681547253999,22087,1,23,19,57,5417,15,32,0,6114,7200,80,255,1
1767774002.8649027,13480315681547253999,22118,1,23,19,57,5417,15,32,0,6113,7200,80,255,1
1767774004.3647337,13480315681547253999,22149,1,23,19,57,5417,15,32,0,6111,7200,80,255,1
1767774005.8604245,13480315681547253999,22179,1,23,19,57,5417,15,32,0,6110,7200,80,255,1
1767774007.3524005,13480315681547253999,22209,1,23,19,57,5417,15,32,0,6108,7200,80,255,1
1767774008.3624744,13480315681547253999,22230,1,23,19,57,5417,15,32,0,6107,7200,80,255,1
1767774009.85908,13480315681547253999,22260,1,23,19,57,5417,15,32,0,6106,7200,80,255,1
1767774010.866706,13480315681547253999,22280,1,23,19,57,5417,15,32,0,6105,7200,80,255,1
1767774011.8696573,13480315681547253999,22300,1,23,19,57,5417,15,32,0,6104,7200,80,255,1
1767774013.363995,13480315681547253999,22331,1,23,19,57,5417,15,32,0,6102,7200,80,255,1
1767774014.8691926,13480315681547253999,22361,1,23,19,57,5417,15,32,0,6101,7200,80,255,1
1767774016.351972,13480315681547253999,22391,1,23,19,57,5417,15,32,0,6099,7200,80,255,1
1767774017.355523,13480315681547253999,22412,1,23,19,57,5417,15,32,0,6098,7200,80,255,1
1767774018.357264,13480315681547253999,22432,1,23,19,57,5417,15,32,0,6097,7200,80,255,1
1767774019.3589454,13480315681547253999,22452,1,23,19,57,5417,15,32,0,6096,7200,80,255,1
1767774020.8576205,13480315681547253999,22482,1,23,19,57,5417,15,32,0,6095,7200,80,255,1
1767774022.3638368,13480315681547253999,22512,1,23,19,57,5417,15,32,0,6093,7200,80,255,1
1767774023.859843,13480315681547253999,22542,1,23,19,57,5417,15,32,0,6092,7200,80,255,1
1767774024.8642163,13480315681547253999,22563,1,23,19,57,5417,15,32,0,6091,7200,80,255,1
1767774025.8660975,13480315681547253999,22583,1,23,19,57,5417,15,32,0,6090,7200,80,255,1
1767774026.8665173,13480315681547253999,22603,1,23,19,57,5417,15,32,0,6089,7200,80,255,1
1767774027.8684294,13480315681547253999,22623,1,23,19,57,5417,15,32,0,6088,7200,80,255,1
1767774028.868974,13480315681547253999,22643,1,23,19,57,5417,15,32,0,6087,7200,80,255,1
1767774030.3546484,13480315681547253999,22673,1,23,19,57,5417,15,32,0,6085,7200,80,255,1
1767774031.8609855,13480315681547253999,22704,1,23,19,57,5417,15,32,0,6084,7200,80,255,1
1767774033.3614388,13480315681547253999,22735,1,23,19,57,5417,15,32,0,6082,7200,80,255,1
1767774034.3689198,13480315681547253999,22755,1,23,19,57,5417,15,32,0,6081,7200,80,255,1
1767774035.8698833,13480315681547253999,22785,1,23,19,57,5417,15,32,0,6080,7200,80,255,1
1767774037.361158,13480315681547253999,22815,1,23,19,57,5417,15,32,0,6078,7200,80,255,1
1767774038.8653538,13480315681547253999,22845,1,23,19,57,5417,15,32,0,6077,7200,80,255,1
1767774040.3652692,13480315681547253999,22876,1,23,19,57,5417,15,32,0,6075,7200,80,255,1
1767774041.3700902,13480315681547253999,22898,1,23,19,57,5417,15,32,0,6074,7200,80,255,1
1767774042.861975,13480315681547253999,22928,1,23,19,57,5417,15,32,0,6073,7200,80,255,1
1767774043.8726163,13480315681547253999,22948,1,23,19,57,5417,15,32,0,6072,7200,80,255,1
1767774045.3593626,13480315681547253999,22979,1,23,19,57,5417,15,32,0,6070,7200,80,255,1
1767774046.3643112,13480315681547253999,22999,1,23,19,57,5417,15,32,0,6069,7200,80,255,1
1767774047.3698041,13480315681547253999,23019,1,23,19,57,5417,15,32,0,6068,7200,80,255,1
1767774048.8685615,13480315681547253999,23049,1,23,19,57,5417,15,32,0,6067,7200,80,255,1
1767774050.3686702,13480315681547253999,23079,1,23,19,57,5417,15,32,0,6065,7200,80,255,1
1767774051.3705544,13480315681547253999,23099,1,23,19,57,5417,15,32,0,6064,7200,80,255,1
1767774052.8555796,13480315681547253999,23129,1,23,19,57,5417,15,32,0,6063,7200,80,255,1
1767774053.8639264,13480315681547253999,23149,1,23,19,57,5417,15,32,0,6062,7200,80,255,1
1767774055.3606167,13480315681547253999,23179,1,23,19,57,5417,15,32,0,6060,7200,80,255,1
1767774056.8635466,13480315681547253999,23210,1,23,19,57,5417,15,32,0,6059,7200,80,255,1
1767774058.3552854,13480315681547253999,23241,1,23,19,57,5417,15,32,0,6057,7200,80,255,1
1767774059.3573818,13480315681547253999,23261,1,23,19,57,5417,15,32,0,6056,7200,80,255,1
1767774060.8664217,13480315681547253999,23291,1,23,19,57,5417,15,32,0,6055,7200,80,255,1
1767774061.8674448,13480315681547253999,23311,1,23,19,57,5417,15,32,0,6054,7200,80,255,1
1767774063.3594253,13480315681547253999,23341,1,23,19,57,5417,15,32,0,6052,7200,80,255,1
1767774064.3666763,13480315681547253999,23361,1,23,19,57,5417,15,32,0,6051,7200,80,255,1
1767774065.3704083,13480315681547253999,23381,1,23,19,57,5417,15,32,0,6050,7200,80,255,1
1767774066.8635926,13480315681547253999,23412,1,23,19,57,5417,15,32,0,6049,7200,80,255,1
1767774068.3592036,13480315681547253999,23443,1,23,19,57,5417,15,32,0,6047,7200,80,255,1
1767774069.369092,13480315681547253999,23463,1,23,19,57,5417,15,32,0,6046,7200,80,255,1
1767774070.8655627,13480315681547253999,23494,1,23,19,57,5417,15,32,0,6045,7200,80,255,1
1767774071.8677638,13480315681547253999,23514,1,23,19,57,5417,15,32,0,6044,7200,80,255,1
1767774073.3579042,13480315681547253999,23546,1,23,19,57,5417,15,32,0,6042,7200,80,255,1
1767774074.861591,13480315681547253999,23576,1,23,19,57,5417,15,32,0,6041,7200,80,255,1
1767774075.8713825,13480315681547253999,23596,1,23,19,57,5417,15,32,0,6040,7200,80,255,1
1767774077.3663368,13480315681547253999,23627,1,23,19,57,5417,15,32,0,6038,7200,80,255,1
1767774078.3696535,13480315681547253999,23648,1,23,19,57,5417,15,32,0,6037,7200,80,255,1
1767774079.8544335,13480315681547253999,23678,1,23,19,57,5417,15,32,0,6036,7200,80,255,1
1767774080.8645957,13480315681547253999,23699,1,23,19,57,5417,15,32,0,6035,7200,80,255,1
1767774081.8676894,13480315681547253999,23719,1,23,19,57,5417,15,32,0,6034,7200,80,255,1
1767774083.3671198,13480315681547253999,23750,1,23,19,57,5417,15,32,0,6032,7200,80,255,1
1767774084.8691483,13480315681547253999,23780,1,23,19,57,5417,15,32,0,6031,7200,80,255,1
1767774086.3579998,13480315681547253999,23811,1,23,19,57,5417,15,32,0,6029,7200,80,255,1
1767774087.3656132,13480315681547253999,23831,1,23,19,57,5417,15,32,0,6028,7200,80,255,1
1767774088.8658648,13480315681547253999,23862,1,23,19,57,5417,15,32,0,6027,7200,80,255,1
1767774089.868837,13480315681547253999,23882,1,23,19,57,5417,15,32,0,6026,7200,80,255,1
1767774091.3621728,13480315681547253999,23913,1,23,19,57,5417,15,32,0,6024,7200,80,255,1
1767774092.3677862,13480315681547253999,23933,1,23,19,57,5417,15,32,0,6023,7200,80,255,1
1767774093.859743,13480315681547253999,23965,1,23,19,57,5417,15,32,0,6022,7200,80,255,1
1767774095.3593135,13480315681547253999,23996,1,23,19,57,5417,15,32,0,6020,7200,80,255,1
1767774096.3699334,13480315681547253999,24016,1,23,19,57,5417,15,32,0,6019,7200,80,255,1
1767774097.865651,13480315681547253999,24048,1,23,19,57,5417,15,32,0,6018,7200,80,255,1
1767774098.8674822,13480315681547253999,24068,1,23,19,57,5417,15,32,0,6017,7200,80,255,1
1767774100.3643126,13480315681547253999,24098,1,23,19,57,5417,15,32,0,6015,7200,80,255,1
1767774101.8565588,13480315681547253999,24129,1,23,19,57,5417,15,32,0,6014,7200,80,255,1
1767774102.8632758,13480315681547253999,24149,1,23,19,57,5417,15,32,0,6013,7200,80,255,1
1767774103.8709588,13480315681547253999,24169,1,23,19,57,5417,15,32,0,6012,7200,80,255,1
1767774105.3626204,13480315681547253999,24199,1,23,19,57,5417,15,32,0,6010,7200,80,255,1
1767774106.3686662,13480315681547253999,24220,1,23,19,57,5417,15,32,0,6009,7200,80,255,1
1767774107.86683,13480315681547253999,24250,1,23,19,57,5417,15,32,0,6008,7200,80,255,1
1767774109.3638477,13480315681547253999,24281,1,23,19,57,5417,15,32,0,6006,7200,80,255,1
1767774110.8598223,13480315681547253999,24311,1,23,19,57,5417,15,32,0,6005,7200,80,255,1
1767774112.3606162,13480315681547253999,24343,1,23,19,57,5417,15,32,0,6003,7200,80,255,1
1767774113.3677275,13480315681547253999,24363,1,23,19,57,5417,15,32,0,6002,7200,80,255,1
1767774114.86423,13480315681547253999,24394,1,23,19,57,5417,15,32,0,6001,7200,80,255,1
1767774116.3542888,13480315681547253999,24425,1,23,19,57,5417,15,32,0,5999,7200,80,255,1
1767774117.361269,13480315681547253999,24446,1,23,19,57,5417,15,32,0,5998,7200,80,255,1
1767774118.8581514,13480315681547253999,24476,1,23,19,57,5417,15,32,0,5997,7200,80,255,1
1767774119.8702412,13480315681547253999,24497,1,23,19,57,5417,15,32,0,5996,7200,80,255,1
1767774121.3599532,13480315681547253999,24527,1,23,19,57,5417,15,32,0,5994,7200,80,255,1
1767774122.3618803,13480315681547253999,24547,1,23,19,57,5417,15,32,0,5993,7200,80,255,1
1767774123.3716323,13480315681547253999,24568,1,23,19,57,5417,15,32,0,5992,7200,80,255,1
1767774124.8610067,13480315681547253999,24598,1,23,19,57,5417,15,32,0,5991,7200,80,255,1
1767774126.3563826,13480315681547253999,24629,1,23,19,57,5417,15,32,0,5989,7200,80,255,1
1767774127.361688,13480315681547253999,24649,1,23,19,57,5417,15,32,0,5988,7200,80,255,1
1767774128.3698688,13480315681547253999,24669,1,23,19,57,5417,15,32,0,5987,7200,80,255,1
1767774129.864679,13480315681547253999,24701,1,23,19,57,5417,15,32,0,5986,7200,80,255,1
1767774130.867364,13480315681547253999,24721,1,23,19,57,5417,15,32,0,5985,7200,80,255,1
1767774132.3582733,13480315681547253999,24753,1,23,19,57,5417,15,32,0,5983,7200,80,255,1
1767774133.363708,13480315681547253999,24773,1,23,19,57,5417,15,32,0,5982,7200,80,255,1
1767774134.8608806,13480315681547253999,24803,1,23,19,57,5417,15,32,0,5981,7200,80,255,1
1767774136.3568106,13480315681547253999,24834,1,23,19,57,5417,15,32,0,5979,7200,80,255,1
1767774137.3637273,13480315681547253999,24855,1,23,19,57,5417,15,32,0,5978,7200,80,255,1
1767774138.3699193,13480315681547253999,24876,1,23,19,57,5417,15,32,0,5977,7200,80,255,1
1767774139.8655539,13480315681547253999,24908,1,23,19,57,5417,15,32,0,5976,7200,80,255,1
1767774140.866502,13480315681547253999,24928,1,23,19,57,5417,15,32,0,5975,7200,80,255,1
1767774142.362026,13480315681547253999,24958,1,23,19,57,5417,15,32,0,5973,7200,80,255,1
1767774143.362249,13480315681547253999,24978,1,23,19,57,5417,15,32,0,5972,7200,80,255,1
1767774144.3686848,13480315681547253999,25000,1,23,19,57,5417,15,32,0,5971,7200,80,255,1
1767774145.8556242,13480315681547253999,25032,1,23,19,57,5417,15,32,0,5970,7200,80,255,1
1767774146.8639078,13480315681547253999,25053,1,23,19,57,5417,15,32,0,5969,7200,80,255,1
1767774147.871841,13480315681547253999,25073,1,23,19,57,5417,15,32,0,5968,7200,80,255,1
1767774149.3608773,13480315681547253999,25103,1,23,19,57,5417,15,32,0,5966,7200,80,255,1
1767774150.8606937,13480315681547253999,25134,1,23,19,57,5417,15,32,0,5965,7200,80,255,1
1767774151.8634481,13480315681547253999,25154,1,23,19,57,5417,15,32,0,5964,7200,80,255,1
1767774153.3579128,13480315681547253999,25184,1,23,19,57,5417,15,32,0,5962,7200,80,255,1
1767774154.3620884,13480315681547253999,25205,1,23,19,57,5417,15,32,0,5961,7200,80,255,1
1767774155.8588834,13480315681547253999,25236,1,23,19,57,5417,15,32,0,5960,7200,80,255,1
1767774156.8691838,13480315681547253999,25256,1,23,19,57,5417,15,32,0,5959,7200,80,255,1
1767774158.3577843,13480315681547253999,25288,1,23,19,57,5417,15,32,0,5957,7200,80,255,1
1767774159.3721466,13480315681547253999,25309,1,23,19,57,5417,15,32,0,5956,7200,80,255,1
1767774160.864064,13480315681547253999,25340,1,23,19,57,5417,15,32,0,5955,7200,80,255,1
1767774161.8683589,13480315681547253999,25360,1,23,19,57,5417,15,32,0,5954,7200,80,255,1
1767774162.8701732,13480315681547253999,25381,1,23,19,57,5417,15,32,0,5953,7200,80,255,1
1767774164.369417,13480315681547253999,25412,1,23,19,57,5417,15,32,0,5951,7200,80,255,1
1767774165.3707745,13480315681547253999,25432,1,23,19,57,5417,15,32,0,5950,7200,80,255,1
1767774166.8611188,13480315681547253999,25462,1,23,19,57,5417,15,32,0,5949,7200,80,255,1
1767774167.8698757,13480315681547253999,25483,1,23,19,57,5417,15,32,0,5948,7200,80,255,1
1767774169.3575866,13480315681547253999,25514,1,23,19,57,5417,15,32,0,5946,7200,80,255,1
1767774170.8553133,13480315681547253999,25546,1,23,19,57,5417,15,32,0,5945,7200,80,255,1
1767774171.866354,13480315681547253999,25566,1,23,19,57,5417,15,32,0,5944,7200,80,255,1
1767774173.359763,13480315681547253999,25596,1,23,19,57,5417,15,32,0,5942,7200,80,255,1
1767774174.8675044,13480315681547253999,25628,1,23,19,57,5417,15,32,0,5941,7200,80,255,1
1767774176.3668377,13480315681547253999,25658,1,23,19,57,5417,15,32,0,5939,7200,80,255,1
1767774177.8638217,13480315681547253999,25690,1,23,19,57,5417,15,32,0,5938,7200,80,255,1
1767774179.36235,13480315681547253999,25721,1,23,19,57,5417,15,32,0,5936,7200,80,255,1
1767774180.3654323,13480315681547253999,25741,1,23,19,57,5417,15,32,0,5935,7200,80,255,1
1767774181.8696454,13480315681547253999,25771,1,23,19,57,5417,15,32,0,5934,7200,80,255,1
1767774183.3608563,13480315681547253999,25802,1,23,19,57,5417,15,32,0,5932,7200,80,255,1
1767774184.3709958,13480315681547253999,25824,1,23,19,57,5417,15,32,0,5931,7200,80,255,1
1767774185.8594732,13480315681547253999,25855,1,23,19,57,5417,15,32,0,5930,7200,80,255,1
1767774186.8681798,13480315681547253999,25875,1,23,19,57,5417,15,32,0,5929,7200,80,255,1
1767774188.3644571,13480315681547253999,25906,1,23,19,57,5417,15,32,0,5927,7200,80,255,1
1767774189.864405,13480315681547253999,25936,1,23,19,57,5417,15,32,0,5926,7200,80,255,1
1767774191.3602643,13480315681547253999,25966,1,23,19,57,5417,15,32,0,5924,7200,80,255,1
1767774192.3629472,13480315681547253999,25987,1,23,19,57,5417,15,32,0,5923,7200,80,255,1
1767774193.8553185,13480315681547253999,26017,1,23,19,57,5417,15,32,0,5922,7200,80,255,1
1767774194.8654091,13480315681547253999,26037,1,23,19,57,5417,15,32,0,5921,7200,80,255,1
1767774196.3655064,13480315681547253999,26068,1,23,19,57,5417,15,32,0,5919,7200,80,255,1
1767774197.8653975,13480315681547253999,26100,1,23,19,57,5417,15,32,0,5918,7200,80,255,1
1767774199.363269,13480315681547253999,26131,1,23,19,57,5417,15,32,0,5916,7200,80,255,1
1767774200.8555968,13480315681547253999,26164,1,23,19,57,5417,15,32,0,5915,7200,80,255,1
1767774201.863219,13480315681547253999,26184,1,23,19,57,5417,15,32,0,5914,7200,80,255,1
1767774203.36129,13480315681547253999,26216,1,23,19,57,5417,15,32,0,5912,7200,80,255,1
1767774204.3634298,13480315681547253999,26236,1,23,19,57,5417,15,32,0,5911,7200,80,255,1
1767774205.8679512,13480315681547253999,26266,1,23,19,57,5417,15,32,0,5910,7200,80,255,1
1767774207.3702533,13480315681547253999,26296,1,23,19,57,5417,15,32,0,5908,7200,80,255,1
1767774208.8655314,13480315681547253999,26326,1,23,19,57,5417,15,32,0,5907,7200,80,255,1
1767774210.3616974,13480315681547253999,26356,1,23,19,57,5417,15,32,0,5905,7200,80,255,1
1767774211.8622983,13480315681547253999,26389,1,23,19,57,5417,15,32,0,5904,7200,80,255,1
1767774213.357787,13480315681547253999,26421,1,23,19,57,5417,15,32,0,5902,7200,80,255,1
1767774214.3624654,13480315681547253999,26441,1,23,19,57,5417,15,32,0,5901,7200,80,255,1
1767774215.368167,13480315681547253999,26462,1,23,19,57,5417,15,32,0,5900,7200,80,255,1
1767774216.8708365,13480315681547253999,26492,1,23,19,57,5417,15,32,0,5899,7200,80,255,1
1767774218.360853,13480315681547253999,26522,1,23,19,57,5417,15,32,0,5897,7200,80,255,1
1767774219.8601775,13480315681547253999,26552,1,23,19,57,5417,15,32,0,5896,7200,80,255,1
1767774221.362433,13480315681547253999,26582,1,23,19,57,5417,15,32,0,5894,7200,80,255,1
1767774222.3702893,13480315681547253999,26603,1,23,19,57,5417,15,32,0,5893,7200,80,255,1
1767774223.8691697,13480315681547253999,26634,1,23,19,57,5417,15,32,0,5892,7200,80,255,1
1767774225.3615599,13480315681547253999,26665,1,23,19,57,5417,15,32,0,5890,7200,80,255,1
1767774226.369838,13480315681547253999,26686,1,23,19,57,5417,15,32,0,5889,7200,80,255,1
1767774227.8686252,13480315681547253999,26716,1,23,19,57,5417,15,32,0,5888,7200,80,255,1
1767774229.36776,13480315681547253999,26746,1,23,19,57,5417,15,32,0,5886,7200,80,255,1
1767774230.8705094,13480315681547253999,26776,1,23,19,57,5417,15,32,0,5885,7200,80,255,1
1767774232.360936,13480315681547253999,26807,1,23,19,57,5417,15,32,0,5883,7200,80,255,1
1767774233.8638353,13480315681547253999,26838,1,23,19,57,5417,15,32,0,5882,7200,80,255,1
1767774235.3700998,13480315681547253999,26870,1,23,19,57,5417,15,32,0,5880,7200,80,255,1
1767774236.8679621,13480315681547253999,26900,1,23,19,57,5417,15,32,0,5879,7200,80,255,1
1767774238.3665125,13480315681547253999,26932,1,23,19,57,5417,15,32,0,5877,7200,80,255,1
1767774239.8641648,13480315681547253999,26963,1,23,19,57,5417,15,32,0,5876,7200,80,255,1
1767774241.3632612,13480315681547253999,26995,1,23,19,57,5417,15,32,0,5874,7200,80,255,1
1767774242.86024,13480315681547253999,27026,1,23,19,57,5417,15,32,0,5873,7200,80,255,1
1767774243.8666418,13480315681547253999,27046,1,23,19,57,5417,15,32,0,5872,7200,80,255,1
1767774245.3545146,13480315681547253999,27076,1,23,19,57,5417,15,32,0,5870,7200,80,255,1
1767774246.363413,13480315681547253999,27096,1,23,19,57,5417,15,32,0,5869,7200,80,255,1
1767774247.8600638,13480315681547253999,27128,1,23,19,57,5417,15,32,0,5868,7200,80,255,1
1767774249.3601096,13480315681547253999,27158,1,23,19,57,5417,15,32,0,5866,7200,80,255,1
1767774250.8613677,13480315681547253999,27189,1,23,19,57,5417,15,32,0,5865,7200,80,255,1
1767774251.863046,13480315681547253999,27210,1,23,19,57,5417,15,32,0,5864,7200,80,255,1
1767774252.870663,13480315681547253999,27230,1,23,19,57,5417,15,32,0,5863,7200,80,255,1
1767774254.3705938,13480315681547253999,27260,1,23,19,57,5417,15,32,0,5861,7200,80,255,1
1767774255.8577492,13480315681547253999,27291,1,23,19,57,5417,15,32,0,5860,7200,80,255,1
1767774257.363495,13480315681547253999,27323,1,23,19,57,5417,15,32,0,5858,7200,80,255,1
1767774258.3640144,13480315681547253999,27344,1,23,19,57,5417,15,32,0,5857,7200,80,255,1
1767774259.8667953,13480315681547253999,27374,1,23,19,57,5417,15,32,0,5856,7200,80,255,1
1767774260.8699648,13480315681547253999,27395,1,23,19,57,5417,15,32,0,5855,7200,80,255,1
1767774262.3628373,13480315681547253999,27428,1,23,19,57,5417,15,32,0,5853,7200,80,255,1
1767774263.364714,13480315681547253999,27451,1,23,19,57,5417,15,32,0,5852,7200,80,255,1
1767774264.3691115,13480315681547253999,27471,1,23,19,57,5417,15,32,0,5851,7200,80,255,1
1767774265.8699548,13480315681547253999,27501,1,23,19,57,5417,15,32,0,5850,7200,80,255,1
1767774267.3677485,13480315681547253999,27532,1,23,19,57,5417,15,32,0,5848,7200,80,255,1
1767774268.8587253,13480315681547253999,27563,1,23,19,57,5417,15,32,0,5847,7200,80,255,1
1767774269.8696148,13480315681547253999,27584,1,23,19,57,5417,15,32,0,5846,7200,80,255,1
1767774271.3690739,13480315681547253999,27615,1,23,19,57,5417,15,32,0,5844,7200,80,255,1
1767774272.8614352,13480315681547253999,27646,1,23,19,57,5417,15,32,0,5843,7200,80,255,1
1767774274.3623092,13480315681547253999,27676,1,23,19,57,5417,15,32,0,5841,7200,80,255,1
1767774275.85907,13480315681547253999,27707,1,23,19,57,5417,15,32,0,5840,7200,80,255,1
1767774276.8704422,13480315681547253999,27727,1,23,19,57,5417,15,32,0,5839,7200,80,255,1
1767774278.3633595,13480315681547253999,27758,1,23,19,57,5417,15,32,0,5837,7200,80,255,1
1767774279.862948,13480315681547253999,27791,1,23,19,57,5417,15,32,0,5836,7200,80,255,1
1767774281.3705826,13480315681547253999,27821,1,23,19,57,5417,15,32,0,5834,7200,80,255,1
1767774282.871026,13480315681547253999,27851,1,23,19,57,5417,15,32,0,5833,7200,80,255,1
1767774284.3555467,13480315681547253999,27882,1,23,19,57,5417,15,32,0,5831,7200,80,255,1
1767774285.3663542,13480315681547253999,27903,1,23,19,57,5417,15,32,0,5830,7200,80,255,1
1767774286.8599396,13480315681547253999,27935,1,23,19,57,5417,15,32,0,5829,7200,80,255,1
1767774287.8628585,13480315681547253999,27957,1,23,19,57,5417,15,32,0,5828,7200,80,255,1
1767774288.8676739,13480315681547253999,27978,1,23,19,57,5417,15,32,0,5827,7200,80,255,1
1767774289.8687124,13480315681547253999,27998,1,23,19,57,5417,15,32,0,5826,7200,80,255,1
1767774290.8687177,13480315681547253999,28019,1,23,19,57,5417,15,32,0,5825,7200,80,255,1
1767774292.3710628,13480315681547253999,28050,1,23,19,57,5417,15,32,0,5823,7200,80,255,1
1767774293.8549762,13480315681547253999,28080,1,23,19,57,5417,15,32,0,5822,7200,80,255,1
1767774295.3596513,13480315681547253999,28111,1,23,19,57,5417,15,32,0,5820,7200,80,255,1
1767774296.3688974,13480315681547253999,28131,1,23,19,57,5417,15,32,0,5819,7200,80,255,1
1767774297.8620439,13480315681547253999,28162,1,23,19,57,5417,15,32,0,5818,7200,80,255,1
1767774298.8709505,13480315681547253999,28182,1,23,19,57,5417,15,32,0,5817,7200,80,255,1
1767774300.3620162,13480315681547253999,28214,1,23,19,57,5417,15,32,0,5815,7200,80,255,1
1767774301.3621893,13480315681547253999,28234,1,23,19,57,5417,15,32,0,5814,7200,80,255,1
1767774302.8639734,13480315681547253999,28264,1,23,19,57,5417,15,32,0,5813,7200,80,255,1
1767774304.3567364,13480315681547253999,28294,1,23,19,57,5417,15,32,0,5811,7200,80,255,1
1767774305.3655317,13480315681547253999,28314,1,23,19,57,5417,15,32,0,5810,7200,80,255,1
1767774306.3697844,13480315681547253999,28335,1,23,19,57,5417,15,32,0,5809,7200,80,255,1
1767774307.8576384,13480315681547253999,28366,1,23,19,57,5417,15,32,0,5808,7200,80,255,1
1767774308.868955,13480315681547253999,28386,1,23,19,57,5417,15,32,0,5807,7200,80,255,1
1767774310.3533807,13480315681547253999,28417,1,23,19,57,5417,15,32,0,5805,7200,80,255,1
1767774311.3565726,13480315681547253999,28438,1,23,19,57,5417,15,32,0,5804,7200,80,255,1
1767774312.3620565,13480315681547253999,28458,1,23,19,57,5417,15,32,0,5803,7200,80,255,1
1767774313.3628566,13480315681547253999,28478,1,23,19,57,5417,15,32,0,5802,7200,80,255,1
1767774314.3719263,13480315681547253999,28498,1,23,19,57,5417,15,32,0,5801,7200,80,255,1
1767774315.863308,13480315681547253999,28528,1,23,19,57,5417,15,32,0,5800,7200,80,255,1
1767774317.3572192,13480315681547253999,28559,1,23,19,57,5417,15,32,0,5798,7200,80,255,1
1767774318.363384,13480315681547253999,28580,1,23,19,57,5417,15,32,0,5797,7200,80,255,1
1767774319.3677754,13480315681547253999,28600,1,23,19,57,5417,15,32,0,5796,7200,80,255,1
1767774320.8578436,13480315681547253999,28631,1,23,19,57,5417,15,32,0,5795,7200,80,255,1
1767774321.865286,13480315681547253999,28652,1,23,19,57,5417,15,32,0,5794,7200,80,255,1
1767774323.3565962,13480315681547253999,28683,1,23,19,57,5417,15,32,0,5792,7200,80,255,1
1767774324.3650105,13480315681547253999,28703,1,23,19,57,5417,15,32,0,5791,7200,80,255,1
1767774325.8625407,13480315681547253999,28733,1,23,19,57,5417,15,32,0,5790,7200,80,255,1
1767774327.353833,13480315681547253999,28765,1,23,19,57,5417,15,32,0,5788,7200,80,255,1
1767774328.3645985,13480315681547253999,28786,1,23,19,57,5417,15,32,0,5787,7200,80,255,1
1767774329.8603504,13480315681547253999,28818,1,23,19,57,5417,15,32,0,5786,7200,80,255,1
1767774330.8669546,13480315681547253999,28838,1,23,19,57,5417,15,32,0,5785,7200,80,255,1
1767774332.3607442,13480315681547253999,28869,1,23,19,57,5417,15,32,0,5783,7200,80,255,1
1767774333.8690672,13480315681547253999,28900,1,23,19,57,5417,15,32,0,5782,7200,80,255,1
1767774335.3650072,13480315681547253999,28931,1,23,19,57,5417,15,32,0,5780,7200,80,255,1
1767774336.855157,13480315681547253999,28962,1,23,19,57,5417,15,32,0,5779,7200,80,255,1
1767774337.8591213,13480315681547253999,28982,1,23,19,57,5417,15,32,0,5778,7200,80,255,1
1767774338.8691704,13480315681547253999,29002,1,23,19,57,5417,15,32,0,5777,7200,80,255,1
1767774340.3701103,13480315681547253999,29033,1,23,19,57,5417,15,32,0,5775,7200,80,255,1
1767774341.8593023,13480315681547253999,29063,1,23,19,57,5417,15,32,0,5774,7200,80,255,1
1767774342.8687341,13480315681547253999,29084,1,23,19,57,5417,15,32,0,5773,7200,80,255,1
1767774344.3630173,13480315681547253999,29115,1,23,19,57,5417,15,32,0,5771,7200,80,255,1
1767774345.8626997,13480315681547253999,29146,1,23,19,57,5417,15,32,0,5770,7200,80,255,1
1767774347.3605971,13480315681547253999,29177,1,23,19,57,5417,15,32,0,5768,7200,80,255,1
1767774348.8553653,13480315681547253999,29209,1,23,19,57,5417,15,32,0,5767,7200,80,255,1
1767774349.8566186,13480315681547253999,29229,1,23,19,57,5417,15,32,0,5766,7200,80,255,1
1767774350.875332,13480315681547253999,29249,1,23,19,57,5417,15,32,0,5765,7200,80,255,1
1767774352.3539765,13480315681547253999,29279,1,23,19,57,5417,15,32,0,5763,7200,80,255,1
1767774353.3611763,13480315681547253999,29300,1,23,19,57,5417,15,32,0,5762,7200,80,255,1
1767774354.8654187,13480315681547253999,29331,1,23,19,57,5417,15,32,0,5761,7200,80,255,1
1767774356.366811,13480315681547253999,29361,1,23,19,57,5417,15,32,0,5759,7200,80,255,1
1767774357.8601058,13480315681547253999,29392,1,23,19,57,5417,15,32,0,5758,7200,80,255,1
1767774358.8676884,13480315681547253999,29412,1,23,19,57,5417,15,32,0,5757,7200,80,255,1
1767774359.8687828,13480315681547253999,29432,1,23,19,57,5417,15,32,0,5756,7200,80,255,1
1767774361.3522236,13480315681547253999,29462,1,23,19,57,5417,15,32,0,5754,7200,80,255,1
1767774362.3607533,13480315681547253999,29483,1,23,19,57,5417,15,32,0,5753,7200,80,255,1
1767774363.3614311,13480315681547253999,29504,1,23,19,57,5417,15,32,0,5752,7200,80,255,1
1767774364.3690653,13480315681547253999,29525,1,23,19,57,5417,15,32,0,5751,7200,80,255,1
1767774365.8656497,13480315681547253999,29555,1,23,19,57,5417,15,32,0,5750,7200,80,255,1
1767774367.357324,13480315681547253999,29586,1,23,19,57,5417,15,32,0,5748,7200,80,255,1
1767774368.3660803,13480315681547253999,29606,1,23,19,57,5417,15,32,0,5747,7200,80,255,1
1767774369.863894,13480315681547253999,29636,1,23,19,57,5417,15,32,0,5746,7200,80,255,1
1767774371.3626962,13480315681547253999,29667,1,23,19,57,5417,15,32,0,5744,7200,80,255,1
1767774372.859085,13480315681547253999,29698,1,23,19,57,5417,15,32,0,5743,7200,80,255,1
1767774374.352865,13480315681547253999,29731,1,23,19,57,5417,15,32,0,5741,7200,80,255,1
1767774375.363606,13480315681547253999,29752,1,23,19,57,5417,15,32,0,5740,7200,80,255,1
1767774376.8575063,13480315681547253999,29784,1,23,19,57,5417,15,32,0,5739,7200,80,255,1
1767774377.8697298,13480315681547253999,29804,1,23,19,57,5417,15,32,0,5738,7200,80,255,1
1767774379.3617828,13480315681547253999,29835,1,23,19,57,5417,15,32,0,5736,7200,80,255,1
1767774380.3673315,13480315681547253999,29855,1,23,19,57,5417,15,32,0,5735,7200,80,255,1
1767774381.8633466,13480315681547253999,29885,1,23,19,57,5417,15,32,0,5734,7200,80,255,1
1767774383.3626902,13480315681547253999,29916,1,23,19,57,5417,15,32,0,5732,7200,80,255,1
1767774384.8547363,13480315681547253999,29948,1,23,19,57,5417,15,32,0,5731,7200,80,255,1
1767774385.8624187,13480315681547253999,29969,1,23,19,57,5417,15,32,0,5730,7200,80,255,1
1767774386.8694487,13480315681547253999,29989,1,23,19,57,5417,15,32,0,5729,7200,80,255,1
1767774388.360172,13480315681547253999,30020,1,23,19,57,5417,15,32,0,5727,7200,80,255,1
1767774389.8666599,13480315681547253999,30052,1,23,19,57,5417,15,32,0,5726,7200,80,255,1
1767774391.3674188,13480315681547253999,30082,1,23,19,57,5417,15,32,0,5724,7200,80,255,1
1767774392.8687723,13480315681547253999,30112,1,23,19,57,5417,15,32,0,5723,7200,80,255,1
1767774394.3662286,13480315681547253999,30143,1,23,19,57,5417,15,32,0,5721,7200,80,255,1
1767774395.8644722,13480315681547253999,30175,1,23,19,57,5417,15,32,0,5720,7200,80,255,1
1767774396.8694272,13480315681547253999,30195,1,23,19,57,5417,15,32,0,5719,7200,80,255,1
1767774398.3650749,13480315681547253999,30225,1,23,19,57,5417,15,32,0,5717,7200,80,255,1
1767774399.8596973,13480315681547253999,30258,1,23,19,57,5417,15,32,0,5716,7200,80,255,1
1767774400.8652587,13480315681547253999,30280,1,23,19,57,5417,15,32,0,5715,7200,80,255,1
1767774402.3663127,13480315681547253999,30314,1,23,19,57,5417,15,32,0,5713,7200,80,255,1
1767774403.8637526,13480315681547253999,30344,1,23,19,57,5417,15,32,0,5712,7200,80,255,1
1767774404.8665423,13480315681547253999,30365,1,23,19,57,5417,15,32,0,5711,7200,80,255,1
1767774406.36076,13480315681547253999,30395,1,23,19,57,5417,15,32,0,5709,7200,80,255,1
1767774407.8594093,13480315681547253999,30428,1,23,19,57,5417,15,32,0,5708,7200,80,255,1
1767774409.3591886,13480315681547253999,30459,1,23,19,57,5417,15,32,0,5706,7200,80,255,1
1767774410.3690135,13480315681547253999,30479,1,23,19,57,5417,15,32,0,5705,7200,80,255,1
1767774411.8694737,13480315681547253999,30511,1,23,19,57,5417,15,32,0,5704,7200,80,255,1
1767774413.3687308,13480315681547253999,30543,1,23,19,57,5417,15,32,0,5702,7200,80,255,1
1767774414.8603566,13480315681547253999,30573,1,23,19,57,5417,15,32,0,5701,7200,80,255,1
1767774415.8608406,13480315681547253999,30593,1,23,19,57,5417,15,32,0,5700,7200,80,255,1
1767774416.8671892,13480315681547253999,30615,1,23,19,57,5417,15,32,0,5699,7200,80,255,1
1767774418.3541038,13480315681547253999,30647,1,23,19,57,5417,15,32,0,5697,7200,80,255,1
1767774419.3607256,13480315681547253999,30668,1,23,19,57,5417,15,32,0,5696,7200,80,255,1
1767774420.8638442,13480315681547253999,30698,1,23,19,57,5417,15,32,0,5695,7200,80,255,1
1767774422.3679142,13480315681547253999,30729,1,23,19,57,5417,15,32,0,5693,7200,80,255,1
1767774423.8549488,13480315681547253999,30760,1,23,19,57,5417,15,32,0,5692,7200,80,255,1
1767774424.8638406,13480315681547253999,30780,1,23,19,57,5417,15,32,0,5691,7200,80,255,1
1767774426.3690724,13480315681547253999,30810,1,23,19,57,5417,15,32,0,5689,7200,80,255,1
1767774427.8692834,13480315681547253999,30842,1,23,19,57,5417,15,32,0,5688,7200,80,255,1
1767774429.3698692,13480315681547253999,30872,1,23,19,57,5417,15,32,0,5686,7200,80,255,1
1767774430.86179,13480315681547253999,30904,1,23,19,57,5417,15,32,0,5685,7200,80,255,1
1767774432.3639517,13480315681547253999,30937,1,23,19,57,5417,15,32,0,5683,7200,80,255,1
1767774433.8651235,13480315681547253999,30968,1,23,19,57,5417,15,32,0,5682,7200,80,255,1
1767774435.3672996,13480315681547253999,30999,1,23,19,57,5417,15,32,0,5680,7200,80,255,1
1767774436.870754,13480315681547253999,31030,1,23,19,57,5417,15,32,0,5679,7200,80,255,1
1767774438.3697164,13480315681547253999,31063,1,23,19,57,5417,15,32,0,5677,7200,80,255,1
1767774439.869596,13480315681547253999,31093,1,23,19,57,5417,15,32,0,5676,7200,80,255,1
1767774441.3543975,13480315681547253999,31124,1,23,19,57,5417,15,32,0,5674,7200,80,255,1
1767774442.8544931,13480315681547253999,31155,1,23,19,57,5417,15,32,0,5673,7200,80,255,1
1767774443.865696,13480315681547253999,31176,1,23,19,57,5417,15,32,0,5672,7200,80,255,1
1767774445.3698084,13480315681547253999,31206,1,23,19,57,5417,15,32,0,5670,7200,80,255,1
1767774446.86667,13480315681547253999,31238,1,23,19,57,5417,15,32,0,5669,7200,80,255,1
1767774448.3651857,13480315681547253999,31269,1,23,19,57,5417,15,32,0,5667,7200,80,255,1
1767774449.3668528,13480315681547253999,31291,1,23,19,57,5417,15,32,0,5666,7200,80,255,1
1767774450.368481,13480315681547253999,31311,1,23,19,57,5417,15,32,0,5665,7200,80,255,1
1767774451.8684576,13480315681547253999,31343,1,23,19,57,5417,15,32,0,5664,7200,80,255,1
1767774453.3667567,13480315681547253999,31373,1,23,19,57,5417,15,32,0,5662,7200,80,255,1
1767774454.865388,13480315681547253999,31405,1,23,19,57,5417,15,32,0,5661,7200,80,255,1
1767774456.363985,13480315681547253999,31435,1,23,19,57,5417,15,32,0,5659,7200,80,255,1
1767774457.8566697,13480315681547253999,31467,1,23,19,57,5417,15,32,0,5658,7200,80,255,1
1767774458.8700197,13480315681547253999,31487,1,23,19,57,5417,15,32,0,5657,7200,80,255,1
1767774460.3539264,13480315681547253999,31517,1,23,19,57,5417,15,32,0,5655,7200,80,255,1
1767774461.3608475,13480315681547253999,31538,1,23,19,57,5417,15,32,0,5654,7200,80,255,1
1767774462.369801,13480315681547253999,31558,1,23,19,57,5417,15,32,0,5653,7200,80,255,1
1767774463.8678496,13480315681547253999,31589,1,23,19,57,5417,15,32,0,5652,7200,80,255,1
1767774465.365601,13480315681547253999,31621,1,23,19,57,5417,15,32,0,5650,7200,80,255,1
1767774466.8597581,13480315681547253999,31653,1,23,19,57,5417,15,32,0,5649,7200,80,255,1
1767774468.3607469,13480315681547253999,31683,1,23,19,57,5417,15,32,0,5647,7200,80,255,1
1767774469.3674972,13480315681547253999,31703,1,23,19,57,5417,15,32,0,5646,7200,80,255,1
1767774470.8532987,13480315681547253999,31734,1,23,19,57,5417,15,32,0,5645,7200,80,255,1
1767774471.8665977,13480315681547253999,31755,1,23,19,57,5417,15,32,0,5644,7200,80,255,1
1767774473.3536272,13480315681547253999,31787,1,23,19,57,5417,15,32,0,5642,7200,80,255,1
1767774474.359026,13480315681547253999,31808,1,23,19,57,5417,15,32,0,5641,7200,80,255,1
1767774475.8553395,13480315681547253999,31840,1,23,19,57,5417,15,32,0,5640,7200,80,255,1
1767774476.8666148,13480315681547253999,31860,1,23,19,57,5417,15,32,0,5639,7200,80,255,1
1767774478.359389,13480315681547253999,31890,1,23,19,57,5417,15,32,0,5637,7200,80,255,1
1767774479.3710732,13480315681547253999,31911,1,23,19,57,5417,15,32,0,5636,7200,80,255,1
1767774480.8541548,13480315681547253999,31942,1,23,19,57,5417,15,32,0,5635,7200,80,255,1
1767774481.862271,13480315681547253999,31963,1,23,19,57,5417,15,32,0,5634,7200,80,255,1
1767774483.3525066,13480315681547253999,31994,1,23,19,57,5417,15,32,0,5632,7200,80,255,1
1767774484.359491,13480315681547253999,32015,1,23,19,57,5417,15,32,0,5631,7200,80,255,1
1767774485.360274,13480315681547253999,32035,1,23,19,57,5417,15,32,0,5630,7200,80,255,1
1767774486.3668413,13480315681547253999,32056,1,23,19,57,5417,15,32,0,5629,7200,80,255,1
1767774487.8650484,13480315681547253999,32086,1,23,19,57,5417,15,32,0,5628,7200,80,255,1
1767774489.3663995,13480315681547253999,32117,1,23,19,57,5417,15,32,0,5626,7200,80,255,1
1767774490.85787,13480315681547253999,32148,1,23,19,57,5417,15,32,0,5625,7200,80,255,1
1767774491.8687027,13480315681547253999,32168,1,23,19,57,5417,15,32,0,5624,7200,80,255,1
1767774493.3696458,13480315681547253999,32199,1,23,19,57,5417,15,32,0,5622,7200,80,255,1
1767774494.858849,13480315681547253999,32229,1,23,19,57,5417,15,32,0,5621,7200,80,255,1
1767774495.861729,13480315681547253999,32249,1,23,19,57,5417,15,32,0,5620,7200,80,255,1
1767774497.3677373,13480315681547253999,32282,1,23,19,57,5417,15,32,0,5618,7200,80,255,1
1767774498.8589113,13480315681547253999,32313,1,23,19,57,5417,15,32,0,5617,7200,80,255,1
1767774499.865176,13480315681547253999,32334,1,23,19,57,5417,15,32,0,5616,7200,80,255,1
1767774501.3525336,13480315681547253999,32366,1,23,19,57,5417,15,32,0,5614,7200,80,255,1
1767774502.3574004,13480315681547253999,32387,1,23,19,57,5417,15,32,0,5613,7200,80,255,1
1767774503.3632522,13480315681547253999,32410,1,23,19,57,5417,15,32,0,5612,7200,80,255,1
1767774504.8687215,13480315681547253999,32441,1,23,19,57,5417,15,32,0,5611,7200,80,255,1
1767774506.3561785,13480315681547253999,32472,1,23,19,57,5417,15,32,0,5609,7200,80,255,1
1767774507.369194,13480315681547253999,32492,1,23,19,57,5417,15,32,0,5608,7200,80,255,1
1767774508.8606348,13480315681547253999,32523,1,23,19,57,5417,15,32,0,5607,7200,80,255,1
1767774509.8698597,13480315681547253999,32544,1,23,19,57,5417,15,32,0,5606,7200,80,255,1
1767774511.3595436,13480315681547253999,32575,1,23,19,57,5417,15,32,0,5604,7200,80,255,1
1767774512.8590465,13480315681547253999,32606,1,23,19,57,5417,15,32,0,5603,7200,80,255,1
1767774513.8594558,13480315681547253999,32626,1,23,19,57,5417,15,32,0,5602,7200,80,255,1
1767774514.8701026,13480315681547253999,32647,1,23,19,57,5417,15,32,0,5601,7200,80,255,1
1767774516.3596485,13480315681547253999,32680,1,23,19,57,5417,15,32,0,5599,7200,80,255,1
1767774517.861065,13480315681547253999,32711,1,23,19,57,5417,15,32,0,5598,7200,80,255,1
1767774519.3622036,13480315681547253999,32741,1,23,19,57,5417,15,32,0,5596,7200,80,255,1
1767774520.3656082,13480315681547253999,32761,1,23,19,57,5417,15,32,0,5595,7200,80,255,1
1767774521.8651507,13480315681547253999,32792,1,23,19,57,5417,15,32,0,5594,7200,80,255,1
1767774523.3522358,13480315681547253999,32822,1,23,19,57,5417,15,32,0,5592,7200,80,255,1
1767774524.358315,13480315681547253999,32843,1,23,19,57,5417,15,32,0,5591,7200,80,255,1
1767774525.85739,13480315681547253999,32875,1,23,19,57,5417,15,32,0,5590,7200,80,255,1
1767774527.3616605,13480315681547253999,32907,1,23,19,57,5417,15,32,0,5588,7200,80,255,1
1767774528.8604589,13480315681547253999,32937,1,23,19,57,5417,15,32,0,5587,7200,80,255,1
1767774529.8640072,13480315681547253999,32957,1,23,19,57,5417,15,32,0,5586,7200,80,255,1
1767774531.359676,13480315681547253999,32988,1,23,19,57,5417,15,32,0,5584,7200,80,255,1
1767774532.8607426,13480315681547253999,33018,1,23,19,57,5417,15,32,0,5583,7200,80,255,1
1767774533.868049,13480315681547253999,33038,1,23,19,57,5417,15,32,0,5582,7200,80,255,1
1767774535.3604927,13480315681547253999,33070,1,23,19,57,5417,15,32,0,5580,7200,80,255,1
1767774536.3652365,13480315681547253999,33091,1,23,19,57,5417,15,32,0,5579,7200,80,255,1
1767774537.852746,13480315681547253999,33122,1,23,19,57,5417,15,32,0,5578,7200,80,255,1
1767774538.8573298,13480315681547253999,33144,1,23,19,57,5417,15,32,0,5577,7200,80,255,1
1767774539.8699439,13480315681547253999,33164,1,23,19,57,5417,15,32,0,5576,7200,80,255,1
1767774541.3708816,13480315681547253999,33194,1,23,19,57,5417,15,32,0,5574,7200,80,255,1
1767774542.858907,13480315681547253999,33226,1,23,19,57,5417,15,32,0,5573,7200,80,255,1
1767774543.8689883,13480315681547253999,33247,1,23,19,57,5417,15,32,0,5572,7200,80,255,1
1767774545.3698888,13480315681547253999,33278,1,23,19,57,5417,15,32,0,5570,7200,80,255,1
1767774546.868424,13480315681547253999,33310,1,23,19,57,5417,15,32,0,5569,7200,80,255,1
1767774548.3607059,13480315681547253999,33341,1,23,19,57,5417,15,32,0,5567,7200,80,255,1
1767774549.3693807,13480315681547253999,33361,1,23,19,57,5417,15,32,0,5566,7200,80,255,1
1767774550.857437,13480315681547253999,33392,1,23,19,57,5417,15,32,0,5565,7200,80,255,1
1767774552.3652503,13480315681547253999,33424,1,23,19,57,5417,15,32,0,5563,7200,80,255,1
1767774553.8629818,13480315681547253999,33455,1,23,19,57,5417,15,32,0,5562,7200,80,255,1
1767774555.3535922,13480315681547253999,33487,1,23,19,57,5417,15,32,0,5560,7200,80,255,1
1767774556.3595994,13480315681547253999,33508,1,23,19,57,5417,15,32,0,5559,7200,80,255,1
1767774557.3712974,13480315681547253999,33529,1,23,19,57,5417,15,32,0,5558,7200,80,255,1
1767774558.8688898,13480315681547253999,33561,1,23,19,57,5417,15,32,0,5557,7200,80,255,1
1767774560.3707316,13480315681547253999,33591,1,23,19,57,5417,15,32,0,5555,7200,80,255,1
1767774561.8628554,13480315681547253999,33622,1,23,19,57,5417,15,32,0,5554,7200,80,255,1
1767774563.361347,13480315681547253999,33652,1,23,19,57,5417,15,32,0,5552,7200,80,255,1
1767774564.8604467,13480315681547253999,33686,1,23,19,57,5417,15,32,0,5551,7200,80,255,1
1767774566.3563242,13480315681547253999,33716,1,23,19,57,5417,15,32,0,5549,7200,80,255,1
1767774567.3635802,13480315681547253999,33738,1,23,19,57,5417,15,32,0,5548,7200,80,255,1
1767774568.867562,13480315681547253999,33768,1,23,19,57,5417,15,32,0,5547,7200,80,255,1
1767774570.3649518,13480315681547253999,33800,1,23,19,57,5417,15,32,0,5545,7200,80,255,1
1767774571.8679802,13480315681547253999,33831,1,23,19,57,5417,15,32,0,5544,7200,80,255,1
1767774573.3631425,13480315681547253999,33861,1,23,19,57,5417,15,32,0,5542,7200,80,255,1
1767774574.856486,13480315681547253999,33892,1,23,19,57,5417,15,32,0,5541,7200,80,255,1
1767774575.8601437,13480315681547253999,33912,1,23,19,57,5417,15,32,0,5540,7200,80,255,1
1767774576.87015,13480315681547253999,33932,1,23,19,57,5417,15,32,0,5539,7200,80,255,1
1767774578.366057,13480315681547253999,33963,1,23,19,57,5417,15,32,0,5537,7200,80,255,1
1767774579.8613105,13480315681547253999,33993,1,23,19,57,5417,15,32,0,5536,7200,80,255,1
1767774581.357408,13480315681547253999,34024,1,23,19,57,5417,15,32,0,5534,7200,80,255,1
1767774582.3705366,13480315681547253999,34044,1,23,19,57,5417,15,32,0,5533,7200,80,255,1
1767774583.8625174,13480315681547253999,34075,1,23,19,57,5417,15,32,0,5532,7200,80,255,1
1767774585.3697212,13480315681547253999,34105,1,23,19,57,5417,15,32,0,5530,7200,80,255,1
1767774586.8596616,13480315681547253999,34135,1,23,19,57,5417,15,32,0,5529,7200,80,255,1
1767774587.86603,13480315681547253999,34156,1,23,19,57,5417,15,32,0,5528,7200,80,255,1
1767774589.3650317,13480315681547253999,34188,1,23,19,57,5417,15,32,0,5526,7200,80,255,1
1767774590.8634562,13480315681547253999,34219,1,23,19,57,5417,15,32,0,5525,7200,80,255,1
1767774592.36875,13480315681547253999,34249,1,23,19,57,5417,15,32,0,5523,7200,80,255,1
1767774593.8671172,13480315681547253999,34280,1,23,19,57,5417,15,32,0,5522,7200,80,255,1
1767774594.868284,13480315681547253999,34301,1,23,19,57,5417,15,32,0,5521,7200,80,255,1
1767774596.3587856,13480315681547253999,34333,1,23,19,57,5417,15,32,0,5519,7200,80,255,1
1767774597.8581321,13480315681547253999,34365,1,23,19,57,5417,15,32,0,5518,7200,80,255,1
1767774598.8668876,13480315681547253999,34385,1,23,19,57,5417,15,32,0,5517,7200,80,255,1
1767774600.3570867,13480315681547253999,34415,1,23,19,57,5417,15,32,0,5515,7200,80,255,1
1767774601.8589165,13480315681547253999,34446,1,23,19,57,5417,15,32,0,5514,7200,80,255,1
1767774602.8691251,13480315681547253999,34466,1,23,19,57,5417,15,32,0,5513,7200,80,255,1
1767774604.3671248,13480315681547253999,34497,1,23,19,57,5417,15,32,0,5511,7200,80,255,1
1767774605.8637092,13480315681547253999,34530,1,23,19,57,5417,15,32,0,5510,7200,80,255,1
1767774607.3668272,13480315681547253999,34561,1,23,19,57,5417,15,32,0,5508,7200,80,255,1
1767774608.8706014,13480315681547253999,34591,1,23,19,57,5417,15,32,0,5507,7200,80,255,1
1767774610.3587246,13480315681547253999,34622,1,23,19,57,5417,15,32,0,5505,7200,80,255,1
1767774611.8561568,13480315681547253999,34654,1,22,19,57,5417,15,32,0,5504,7200,80,255,1
1767774612.8660753,13480315681547253999,34675,1,22,19,57,5417,15,32,0,5503,7200,80,255,1
1767774614.3681462,13480315681547253999,34707,1,22,19,57,5417,15,32,0,5501,7200,80,255,1
1767774615.370978,13480315681547253999,34727,1,22,19,57,5417,15,32,0,5500,7200,80,255,1
1767774616.8689573,13480315681547253999,34757,1,22,19,57,5417,15,32,0,5499,7200,80,255,1
1767774618.3691316,13480315681547253999,34787,1,22,19,57,5417,15,32,0,5497,7200,80,255,1
1767774619.863564,13480315681547253999,34817,1,22,19,57,5417,15,32,0,5496,7200,80,255,1
1767774621.3670342,13480315681547253999,34848,1,22,19,57,5417,15,32,0,5494,7200,80,255,1
1767774622.866167,13480315681547253999,34880,1,22,19,57,5417,15,32,0,5493,7200,80,255,1
1767774624.3673863,13480315681547253999,34911,1,22,19,57,5417,15,32,0,5491,7200,80,255,1
1767774625.3689935,13480315681547253999,34932,1,22,19,57,5417,15,32,0,5490,7200,80,255,1
1767774626.8607576,13480315681547253999,34962,1,22,19,57,5417,15,32,0,5489,7200,80,255,1
1767774627.868703,13480315681547253999,34983,1,22,19,57,5417,15,32,0,5488,7200,80,255,1
1767774629.361917,13480315681547253999,35014,1,22,19,57,5417,15,32,0,5486,7200,80,255,1
1767774630.8566017,13480315681547253999,35046,1,22,19,57,5417,15,32,0,5485,7200,80,255,1
1767774631.8633933,13480315681547253999,35066,1,22,19,57,5417,15,32,0,5484,7200,80,255,1
1767774632.8699956,13480315681547253999,35087,1,22,19,57,5417,15,32,0,5483,7200,80,255,1
1767774634.3635266,13480315681547253999,35117,1,22,19,57,5417,15,32,0,5481,7200,80,255,1
1767774635.8633604,13480315681547253999,35147,1,22,19,57,5417,15,32,0,5480,7200,80,255,1
1767774637.356862,13480315681547253999,35179,1,22,19,57,5417,15,32,0,5478,7200,80,255,1
1767774638.3617606,13480315681547253999,35200,1,22,19,57,5417,15,32,0,5477,7200,80,255,1
1767774639.3710513,13480315681547253999,35222,1,22,19,57,5417,15,32,0,5476,7200,80,255,1
1767774640.8635483,13480315681547253999,35254,1,22,19,57,5417,15,32,0,5475,7200,80,255,1
1767774641.8721304,13480315681547253999,35275,1,22,19,57,5417,15,32,0,5474,7200,80,255,1
1767774643.356354,13480315681547253999,35306,1,22,19,57,5417,15,32,0,5472,7200,80,255,1
1767774644.3585255,13480315681547253999,35327,1,22,19,57,5417,15,32,0,5471,7200,80,255,1
1767774645.3596551,13480315681547253999,35348,1,22,19,57,5417,15,32,0,5470,7200,80,255,1
1767774646.866096,13480315681547253999,35380,1,22,19,57,5417,15,32,0,5469,7200,80,255,1
1767774648.3638964,13480315681547253999,35411,1,22,19,57,5417,15,32,0,5467,7200,80,255,1
1767774649.3648531,13480315681547253999,35431,1,22,19,57,5417,15,32,0,5466,7200,80,255,1
1767774650.8698673,13480315681547253999,35463,1,22,19,57,5417,15,32,0,5465,7200,80,255,1
1767774652.3694866,13480315681547253999,35495,1,22,19,57,5417,15,32,0,5463,7200,80,255,1
1767774653.8685865,13480315681547253999,35526,1,22,19,57,5417,15,32,0,5462,7200,80,255,1
1767774654.8708506,13480315681547253999,35546,1,22,19,57,5417,15,32,0,5461,7200,80,255,1
1767774656.3581502,13480315681547253999,35576,1,22,19,57,5417,15,32,0,5459,7200,80,255,1
1767774657.3684707,13480315681547253999,35597,1,22,19,57,5417,15,32,0,5458,7200,80,255,1
1767774658.8673675,13480315681547253999,35629,1,22,19,57,5417,15,32,0,5457,7200,80,255,1
1767774659.8677497,13480315681547253999,35649,1,22,19,57,5417,15,32,0,5456,7200,80,255,1
1767774661.366751,13480315681547253999,35681,1,22,19,57,5417,15,32,0,5454,7200,80,255,1
1767774662.858993,13480315681547253999,35714,1,22,19,57,5417,15,32,0,5453,7200,80,255,1
1767774663.8714776,13480315681547253999,35735,1,22,19,57,5417,15,32,0,5452,7200,80,255,1
1767774665.365346,13480315681547253999,35765,1,22,19,57,5417,15,32,0,5450,7200,80,255,1
1767774666.8607943,13480315681547253999,35796,1,22,19,57,5417,15,32,0,5449,7200,80,255,1
1767774667.8679965,13480315681547253999,35817,1,22,19,57,5417,15,32,0,5448,7200,80,255,1
1767774669.3563385,13480315681547253999,35848,1,22,19,57,5417,15,32,0,5446,7200,80,255,1
1767774670.3711333,13480315681547253999,35870,1,22,19,57,5417,15,32,0,5445,7200,80,255,1
1767774671.867443,13480315681547253999,35902,1,22,19,57,5417,15,32,0,5444,7200,80,255,1
1767774673.3672893,13480315681547253999,35933,1,22,19,57,5417,15,32,0,5442,7200,80,255,1
1767774674.8662026,13480315681547253999,35966,1,22,19,57,5417,15,32,0,5441,7200,80,255,1
1767774675.8672616,13480315681547253999,35988,1,22,19,57,5417,15,32,0,5440,7200,80,255,1
1767774677.3709147,13480315681547253999,36018,1,22,19,57,5417,15,32,0,5438,7200,80,255,1
1767774678.8629787,13480315681547253999,36050,1,22,19,57,5417,15,32,0,5437,7200,80,255,1
1767774680.3542168,13480315681547253999,36081,1,22,19,57,5417,15,32,0,5435,7200,80,255,1
1767774681.3679314,13480315681547253999,36103,1,22,19,57,5417,15,32,0,5434,7200,80,255,1
1767774682.863374,13480315681547253999,36133,1,22,19,57,5417,15,32,0,5433,7200,80,255,1
1767774684.3562944,13480315681547253999,36164,1,22,19,57,5417,15,32,0,5431,7200,80,255,1
1767774685.3689027,13480315681547253999,36185,1,22,19,57,5417,15,32,0,5430,7200,80,255,1
1767774686.8664868,13480315681547253999,36217,1,22,19,57,5417,15,32,0,5429,7200,80,255,1
1767774688.3539512,13480315681547253999,36247,1,22,19,57,5417,15,32,0,5427,7200,80,255,1
1767774689.3661573,13480315681547253999,36270,1,22,19,57,5417,15,32,0,5426,7200,80,255,1
1767774690.8672225,13480315681547253999,36301,1,22,19,57,5417,15,32,0,5425,7200,80,255,1
1767774691.8703754,13480315681547253999,36321,1,22,19,57,5417,15,32,0,5424,7200,80,255,1
1767774693.355818,13480315681547253999,36352,1,22,19,57,5417,15,32,0,5422,7200,80,255,1
1767774694.3651578,13480315681547253999,36373,1,22,19,57,5417,15,32,0,5421,7200,80,255,1
1767774695.8547246,13480315681547253999,36404,1,22,19,57,5417,15,32,0,5420,7200,80,255,1
1767774696.8638704,13480315681547253999,36425,1,22,19,57,5417,15,32,0,5419,7200,80,255,1
1767774698.3669214,13480315681547253999,36455,1,22,19,57,5417,15,32,0,5417,7200,80,255,1
1767774699.8640575,13480315681547253999,36486,1,22,19,57,5417,15,32,0,5416,7200,80,255,1
1767774701.3664143,13480315681547253999,36518,1,22,19,57,5417,15,32,0,5414,7200,80,255,1
1767774702.8680394,13480315681547253999,36551,1,22,19,57,5417,15,32,0,5413,7200,80,255,1
1767774704.3578048,13480315681547253999,36581,1,22,19,57,5417,15,32,0,5411,7200,80,255,1
1767774705.8535254,13480315681547253999,36612,1,22,19,57,5417,15,32,0,5410,7200,80,255,1
1767774706.854149,13480315681547253999,36636,1,22,19,57,5417,15,32,0,5409,7200,80,255,1
1767774707.8658705,13480315681547253999,36657,1,22,19,57,5417,15,32,0,5408,7200,80,255,1
1767774709.3600388,13480315681547253999,36688,1,22,19,57,5417,15,32,0,5406,7200,80,255,1
1767774710.3684034,13480315681547253999,36710,1,22,19,57,5417,15,32,0,5405,7200,80,255,1
1767774711.8610775,13480315681547253999,36743,1,22,19,57,5417,15,32,0,5404,7200,80,255,1
1767774712.8674295,13480315681547253999,36764,1,22,19,57,5417,15,32,0,5403,7200,80,255,1
1767774714.353568,13480315681547253999,36795,1,22,19,57,5417,15,32,0,5401,7200,80,255,1
1767774715.356462,13480315681547253999,36817,1,22,19,57,5417,15,32,0,5400,7200,80,255,1
1767774716.8655176,13480315681547253999,36848,1,22,19,57,5417,15,32,0,5399,7200,80,255,1
1767774717.866402,13480315681547253999,36870,1,22,19,57,5417,15,32,0,5398,7200,80,255,1
1767774719.3537078,13480315681547253999,36900,1,22,19,57,5417,15,32,0,5396,7200,80,255,1
1767774720.3551662,13480315681547253999,36921,1,22,19,57,5417,15,32,0,5395,7200,80,255,1
1767774721.3600168,13480315681547253999,36942,1,22,19,57,5417,15,32,0,5394,7200,80,255,1
1767774722.3701034,13480315681547253999,36963,1,22,19,57,5417,15,32,0,5393,7200,80,255,1
1767774723.868889,13480315681547253999,36994,1,22,19,57,5417,15,32,0,5392,7200,80,255,1
1767774725.3670998,13480315681547253999,37024,1,22,19,57,5417,15,32,0,5390,7200,80,255,1
1767774726.8562088,13480315681547253999,37054,1,22,19,57,5417,15,32,0,5389,7200,80,255,1
1767774727.8583534,13480315681547253999,37075,1,22,19,57,5417,15,32,0,5388,7200,80,255,1
1767774729.3723404,13480315681547253999,37105,1,22,19,57,5417,15,32,0,5386,7200,80,255,1
1767774730.8533957,13480315681547253999,37137,1,22,19,57,5417,15,32,0,5385,7200,80,255,1
1767774731.8569338,13480315681547253999,37161,1,22,19,57,5417,15,32,0,5384,7200,80,255,1
1767774732.8641944,13480315681547253999,37184,1,22,19,57,5417,15,32,0,5383,7200,80,255,1
1767774733.8672006,13480315681547253999,37205,1,22,19,57,5417,15,32,0,5382,7200,80,255,1
1767774735.352541,13480315681547253999,37236,1,22,19,57,5417,15,32,0,5380,7200,80,255,1
1767774736.3541005,13480315681547253999,37257,1,22,19,57,5417,15,32,0,5379,7200,80,255,1
1767774737.3679197,13480315681547253999,37278,1,22,19,57,5417,15,32,0,5378,7200,80,255,1
1767774738.8607018,13480315681547253999,37308,1,22,19,57,5417,15,32,0,5377,7200,80,255,1
1767774740.3524783,13480315681547253999,37339,1,22,19,57,5417,15,32,0,5375,7200,80,255,1
1767774741.354892,13480315681547253999,37361,1,22,19,57,5417,15,32,0,5374,7200,80,255,1
1767774742.3607645,13480315681547253999,37381,1,22,19,57,5417,15,32,0,5373,7200,80,255,1
1767774743.8716705,13480315681547253999,37412,1,22,19,57,5417,15,32,0,5372,7200,80,255,1
1767774745.3607256,13480315681547253999,37443,1,22,19,57,5417,15,32,0,5370,7200,80,255,1
1767774746.869201,13480315681547253999,37473,1,22,19,57,5417,15,32,0,5369,7200,80,255,1
1767774747.872287,13480315681547253999,37494,1,22,19,57,5417,15,32,0,5368,7200,80,255,1
1767774749.3604562,13480315681547253999,37525,1,22,19,57,5417,15,32,0,5366,7200,80,255,1
1767774750.865685,13480315681547253999,37556,1,22,19,57,5417,15,32,0,5365,7200,80,255,1
1767774752.3662045,13480315681547253999,37589,1,22,19,57,5417,15,32,0,5363,7200,80,255,1
1767774753.8561974,13480315681547253999,37620,1,22,19,57,5417,15,32,0,5362,7200,80,255,1
1767774755.3528063,13480315681547253999,37653,1,22,19,57,5417,15,32,0,5360,7200,80,255,1
1767774756.3595045,13480315681547253999,37674,1,22,19,57,5417,15,32,0,5359,7200,80,255,1
1767774757.8554528,13480315681547253999,37705,1,22,19,57,5417,15,32,0,5358,7200,80,255,1
1767774758.8582253,13480315681547253999,37726,1,22,19,57,5417,15,32,0,5357,7200,80,255,1
1767774759.8585868,13480315681547253999,37747,1,22,19,57,5417,15,32,0,5356,7200,80,255,1
1767774760.8616614,13480315681547253999,37767,1,22,19,57,5417,15,32,0,5355,7200,80,255,1
1767774761.8617275,13480315681547253999,37789,1,22,19,57,5417,15,32,0,5354,7200,80,255,1
1767774762.8670387,13480315681547253999,37809,1,22,19,57,5417,15,32,0,5353,7200,80,255,1
1767774764.360649,13480315681547253999,37841,1,22,19,57,5417,15,32,0,5351,7200,80,255,1
1767774765.371329,13480315681547253999,37861,1,22,19,57,5417,15,32,0,5350,7200,80,255,1
1767774766.8594658,13480315681547253999,37892,1,22,19,57,5417,15,32,0,5349,7200,80,255,1
1767774768.358034,13480315681547253999,37922,1,22,19,57,5417,15,32,0,5347,7200,80,255,1
1767774769.3684142,13480315681547253999,37942,1,22,19,57,5417,15,32,0,5346,7200,80,255,1
1767774770.853142,13480315681547253999,37973,1,22,19,57,5417,15,32,0,5345,7200,80,255,1
1767774771.8651268,13480315681547253999,37994,1,22,19,57,5417,15,32,0,5344,7200,80,255,1
1767774773.3693748,13480315681547253999,38024,1,22,19,57,5417,15,32,0,5342,7200,80,255,1
1767774774.8546822,13480315681547253999,38055,1,22,19,57,5417,15,32,0,5341,7200,80,255,1
1767774775.8701696,13480315681547253999,38075,1,22,19,57,5417,15,32,0,5340,7200,80,255,1
1767774777.364119,13480315681547253999,38105,1,22,19,57,5417,15,32,0,5338,7200,80,255,1
1767774778.8659997,13480315681547253999,38137,1,22,19,57,5417,15,32,0,5337,7200,80,255,1
1767774780.3679545,13480315681547253999,38167,1,22,19,57,5417,15,32,0,5335,7200,80,255,1
1767774781.868592,13480315681547253999,38198,1,22,19,57,5417,15,32,0,5334,7200,80,255,1
1767774783.359435,13480315681547253999,38228,1,22,19,57,5417,15,32,0,5332,7200,80,255,1
1767774784.3698175,13480315681547253999,38248,1,22,19,57,5417,15,32,0,5331,7200,80,255,1
1767774785.8651721,13480315681547253999,38279,1,22,19,57,5417,15,32,0,5330,7200,80,255,1
1767774787.3703735,13480315681547253999,38309,1,22,19,57,5417,15,32,0,5328,7200,80,255,1
1767774788.8642051,13480315681547253999,38340,1,22,19,57,5417,15,32,0,5327,7200,80,255,1
1767774790.3608456,13480315681547253999,38371,1,22,19,57,5417,15,32,0,5325,7200,80,255,1
1767774791.859414,13480315681547253999,38401,1,22,19,57,5417,15,32,0,5324,7200,80,255,1
1767774792.861587,13480315681547253999,38421,1,22,19,57,5417,15,32,0,5323,7200,80,255,1
1767774794.3525386,13480315681547253999,38452,1,22,19,57,5417,15,32,0,5321,7200,80,255,1
1767774795.370792,13480315681547253999,38473,1,22,19,57,5417,15,32,0,5320,7200,80,255,1
1767774796.8526294,13480315681547253999,38504,1,22,19,57,5417,15,32,0,5319,7200,80,255,1
1767774797.8649492,13480315681547253999,38525,1,22,19,57,5417,15,32,0,5318,7200,80,255,1
1767774799.3689978,13480315681547253999,38557,1,22,19,57,5417,15,32,0,5316,7200,80,255,1
1767774800.8529937,13480315681547253999,38588,1,22,19,57,5417,15,32,0,5315,7200,80,255,1
1767774801.859834,13480315681547253999,38610,1,22,19,57,5417,15,32,0,5314,7200,80,255,1
1767774802.8685095,13480315681547253999,38630,1,22,19,57,5417,15,32,0,5313,7200,80,255,1
1767774804.3677888,13480315681547253999,38661,1,22,19,57,5417,15,32,0,5311,7200,80,255,1
1767774805.859349,13480315681547253999,38691,1,22,19,57,5417,15,32,0,5310,7200,80,255,1
1767774806.8596492,13480315681547253999,38712,1,22,19,57,5417,15,32,0,5309,7200,80,255,1
1767774807.8678894,13480315681547253999,38732,1,22,19,57,5417,15,32,0,5308,7200,80,255,1
1767774809.3681114,13480315681547253999,38764,1,22,19,57,5417,15,32,0,5306,7200,80,255,1
1767774810.8561485,13480315681547253999,38796,1,22,19,57,5417,15,32,0,5305,7200,80,255,1
1767774811.8638983,13480315681547253999,38816,1,22,19,57,5417,15,32,0,5304,7200,80,255,1
1767774813.364651,13480315681547253999,38848,1,22,19,57,5417,15,32,0,5302,7200,80,255,1
1767774814.867023,13480315681547253999,38880,1,22,19,57,5417,15,32,0,5301,7200,80,255,1
1767774816.3662066,13480315681547253999,38912,1,22,19,57,5417,15,32,0,5299,7200,80,255,1
1767774817.8609042,13480315681547253999,38944,1,22,19,57,5417,15,32,0,5298,7200,80,255,1
1767774819.3640902,13480315681547253999,38977,1,22,19,57,5417,15,32,0,5296,7200,80,255,1
1767774820.8576012,13480315681547253999,39007,1,22,19,57,5417,15,32,0,5295,7200,80,255,1
1767774821.869814,13480315681547253999,39028,1,22,19,57,5417,15,32,0,5294,7200,80,255,1
1767774823.3672187,13480315681547253999,39061,1,22,19,57,5417,15,32,0,5292,7200,80,255,1
1767774824.8680587,13480315681547253999,39091,1,22,19,57,5417,15,32,0,5291,7200,80,255,1
1767774826.3706052,13480315681547253999,39123,1,22,19,57,5417,15,32,0,5289,7200,80,255,1
1767774827.8526418,13480315681547253999,39154,1,22,19,57,5417,15,32,0,5288,7200,80,255,1
1767774828.859456,13480315681547253999,39175,1,22,19,57,5417,15,32,0,5287,7200,80,255,1
1767774829.8695047,13480315681547253999,39195,1,22,19,57,5417,15,32,0,5286,7200,80,255,1
1767774831.3573346,13480315681547253999,39226,1,22,19,57,5417,15,32,0,5284,7200,80,255,1
1767774832.3662016,13480315681547253999,39247,1,22,19,57,5417,15,32,0,5283,7200,80,255,1
1767774833.3670282,13480315681547253999,39267,1,22,19,57,5417,15,32,0,5282,7200,80,255,1
1767774834.3694925,13480315681547253999,39289,1,22,19,57,5417,15,32,0,5281,7200,80,255,1
1767774835.8649511,13480315681547253999,39320,1,22,19,57,5417,15,32,0,5280,7200,80,255,1
1767774836.869229,13480315681547253999,39343,1,22,19,57,5417,15,32,0,5279,7200,80,255,1
1767774838.3534296,13480315681547253999,39374,1,22,19,57,5417,15,32,0,5277,7200,80,255,1
1767774839.3684113,13480315681547253999,39395,1,22,19,57,5417,15,32,0,5276,7200,80,255,1
1767774840.8670626,13480315681547253999,39427,1,22,19,57,5417,15,32,0,5275,7200,80,255,1
1767774842.3550494,13480315681547253999,39462,1,22,19,57,5417,15,32,0,5273,7200,80,255,1
1767774843.360559,13480315681547253999,39482,1,22,19,57,5417,15,32,0,5272,7200,80,255,1
1767774844.3687081,13480315681547253999,39502,1,22,19,57,5417,15,32,0,5271,7200,80,255,1
1767774845.371971,13480315681547253999,39523,1,22,19,57,5417,15,32,0,5270,7200,80,255,1
1767774846.870334,13480315681547253999,39554,1,22,19,57,5417,15,32,0,5269,7200,80,255,1
1767774848.359198,13480315681547253999,39584,1,22,19,57,5417,15,32,0,5267,7200,80,255,1
1767774849.858366,13480315681547253999,39614,1,22,19,57,5417,15,32,0,5266,7200,80,255,1
1767774850.863786,13480315681547253999,39634,1,22,19,57,5417,15,32,0,5265,7200,80,255,1
1767774851.8648891,13480315681547253999,39655,1,22,19,57,5417,15,32,0,5264,7200,80,255,1
1767774852.8683064,13480315681547253999,39675,1,22,19,57,5417,15,32,0,5263,7200,80,255,1
1767774854.3658094,13480315681547253999,39706,1,22,19,57,5417,15,32,0,5261,7200,80,255,1
1767774855.8561323,13480315681547253999,39736,1,22,19,57,5417,15,32,0,5260,7200,80,255,1
1767774856.8615015,13480315681547253999,39756,1,22,19,57,5417,15,32,0,5259,7200,80,255,1
1767774858.3667555,13480315681547253999,39788,1,22,19,57,5417,15,32,0,5257,7200,80,255,1
1767774859.8659394,13480315681547253999,39820,1,22,19,57,5417,15,32,0,5256,7200,80,255,1
1767774861.3589594,13480315681547253999,39851,1,22,19,57,5417,15,32,0,5254,7200,80,255,1
1767774862.8546295,13480315681547253999,39882,1,22,19,57,5417,15,32,0,5253,7200,80,255,1
1767774863.8658726,13480315681547253999,39904,1,22,19,57,5417,15,32,0,5252,7200,80,255,1
1767774865.362489,13480315681547253999,39934,1,22,19,57,5417,15,32,0,5250,7200,80,255,1
1767774866.863582,13480315681547253999,39965,1,22,19,57,5417,15,32,0,5249,7200,80,255,1
1767774868.3628561,13480315681547253999,39997,1,22,19,57,5417,15,32,0,5247,7200,80,255,1
1767774869.8606637,13480315681547253999,40028,1,22,19,57,5417,15,32,0,5246,7200,80,255,1
1767774870.8709433,13480315681547253999,40049,1,22,19,57,5417,15,32,0,5245,7200,80,255,1
1767774872.3649342,13480315681547253999,40079,1,22,19,57,5417,15,32,0,5243,7200,80,255,1
1767774873.8648174,13480315681547253999,40112,1,22,19,57,5417,15,32,0,5242,7200,80,255,1
1767774875.3604727,13480315681547253999,40142,1,22,19,57,5417,15,32,0,5240,7200,80,255,1
1767774876.8699434,13480315681547253999,40173,1,22,19,57,5417,15,32,0,5239,7200,80,255,1
1767774878.353201,13480315681547253999,40205,1,22,19,57,5417,15,32,0,5237,7200,80,255,1
1767774879.362624,13480315681547253999,40226,1,22,19,57,5417,15,32,0,5236,7200,80,255,1
1767774880.8648808,13480315681547253999,40257,1,22,19,57,5417,15,32,0,5235,7200,80,255,1
1767774881.8649347,13480315681547253999,40278,1,22,19,57,5417,15,32,0,5234,7200,80,255,1
1767774883.3654976,13480315681547253999,40308,1,22,19,57,5417,15,32,0,5232,7200,80,255,1
1767774884.3680608,13480315681547253999,40328,1,22,19,57,5417,15,32,0,5231,7200,80,255,1
1767774885.863202,13480315681547253999,40358,1,22,19,57,5417,15,32,0,5230,7200,80,255,1
1767774887.367591,13480315681547253999,40389,1,22,19,57,5417,15,32,0,5228,7200,80,255,1
1767774888.869622,13480315681547253999,40421,1,22,19,57,5417,15,32,0,5227,7200,80,255,1
1767774890.3638864,13480315681547253999,40452,1,22,19,57,5417,15,32,0,5225,7200,80,255,1
1767774891.8718958,13480315681547253999,40483,1,22,19,57,5417,15,32,0,5224,7200,80,255,1
1767774893.3549218,13480315681547253999,40513,1,22,19,57,5417,15,32,0,5222,7200,80,255,1
1767774894.3658032,13480315681547253999,40535,1,22,19,57,5417,15,32,0,5221,7200,80,255,1
1767774895.8633983,13480315681547253999,40567,1,22,19,57,5417,15,32,0,5220,7200,80,255,1
1767774897.3660023,13480315681547253999,40600,1,22,19,57,5417,15,32,0,5218,7200,80,255,1
1767774898.8683922,13480315681547253999,40630,1,22,19,57,5417,15,32,0,5217,7200,80,255,1
1767774900.3600278,13480315681547253999,40663,1,22,19,57,5417,15,32,0,5215,7200,80,255,1
1767774901.3682456,13480315681547253999,40684,1,22,19,57,5417,15,32,0,5214,7200,80,255,1
1767774902.3689022,13480315681547253999,40704,1,22,19,57,5417,15,32,0,5213,7200,80,255,1
1767774903.8632345,13480315681547253999,40735,1,22,19,57,5417,15,32,0,5212,7200,80,255,1
1767774905.3668952,13480315681547253999,40766,1,22,19,57,5417,15,32,0,5210,7200,80,255,1
1767774906.8714433,13480315681547253999,40797,1,22,19,57,5417,15,32,0,5209,7200,80,255,1
1767774908.3693788,13480315681547253999,40829,1,22,19,57,5417,15,32,0,5207,7200,80,255,1
1767774909.854254,13480315681547253999,40859,1,22,19,57,5417,15,32,0,5206,7200,80,255,1
1767774910.8696744,13480315681547253999,40882,1,22,19,57,5417,15,32,0,5205,7200,80,255,1
1767774912.3596673,13480315681547253999,40915,1,22,19,57,5417,15,32,0,5203,7200,80,255,1
1767774913.8559268,13480315681547253999,40948,1,22,19,57,5417,15,32,0,5202,7200,80,255,1
1767774914.8583274,13480315681547253999,40969,1,22,19,57,5417,15,32,0,5201,7200,80,255,1
1767774916.371726,13480315681547253999,41001,1,22,19,57,5417,15,32,0,5199,7200,80,255,1
1767774917.8601482,13480315681547253999,41032,1,22,19,57,5417,15,32,0,5198,7200,80,255,1
1767774919.3613179,13480315681547253999,41062,1,22,19,57,5417,15,32,0,5196,7200,80,255,1
1767774920.8632636,13480315681547253999,41093,1,22,19,57,5417,15,32,0,5195,7200,80,255,1
1767774922.3714554,13480315681547253999,41124,1,22,19,57,5417,15,32,0,5193,7200,80,255,1
1767774923.8581917,13480315681547253999,41154,1,22,19,57,5417,15,32,0,5192,7200,80,255,1
1767774925.3647938,13480315681547253999,41185,1,22,19,57,5417,15,32,0,5190,7200,80,255,1
1767774926.86474,13480315681547253999,41216,1,22,19,57,5417,15,32,0,5189,7200,80,255,1
1767774928.3668256,13480315681547253999,41248,1,22,19,57,5417,15,32,0,5187,7200,80,255,1
1767774929.8679738,13480315681547253999,41281,1,22,19,57,5417,15,32,0,5186,7200,80,255,1
1767774931.3535156,13480315681547253999,41311,1,22,19,57,5417,15,32,0,5184,7200,80,255,1
1767774932.3666048,13480315681547253999,41332,1,22,19,57,5417,15,32,0,5183,7200,80,255,1
1767774933.858274,13480315681547253999,41364,1,22,19,57,5417,15,32,0,5182,7200,80,255,1
1767774935.3616068,13480315681547253999,41397,1,22,19,57,5417,15,32,0,5180,7200,80,255,1
1767774936.868599,13480315681547253999,41428,1,22,19,57,5417,15,32,0,5179,7200,80,255,1
1767774938.3616378,13480315681547253999,41458,1,22,19,57,5417,15,32,0,5177,7200,80,255,1
1767774939.861275,13480315681547253999,41489,1,22,19,57,5417,15,32,0,5176,7200,80,255,1
1767774940.86347,13480315681547253999,41510,1,22,19,57,5417,15,32,0,5175,7200,80,255,1
1767774942.3595967,13480315681547253999,41541,1,22,19,57,5417,15,32,0,5173,7200,80,255,1
1767774943.8621879,13480315681547253999,41574,1,22,19,57,5417,15,32,0,5172,7200,80,255,1
1767774945.36399,13480315681547253999,41606,1,22,19,57,5417,15,32,0,5170,7200,80,255,1
1767774946.8519945,13480315681547253999,41636,1,22,19,57,5417,15,32,0,5169,7200,80,255,1
1767774947.8583763,13480315681547253999,41658,1,22,19,57,5417,15,32,0,5168,7200,80,255,1
1767774948.8702645,13480315681547253999,41678,1,22,19,57,5417,15,32,0,5167,7200,80,255,1
1767774950.3557448,13480315681547253999,41709,1,22,19,57,5417,15,32,0,5165,7200,80,255,1
1767774951.3699384,13480315681547253999,41730,1,22,19,57,5417,15,32,0,5164,7200,80,255,1
1767774952.8696146,13480315681547253999,41761,1,22,19,57,5417,15,32,0,5163,7200,80,255,1
1767774954.367514,13480315681547253999,41792,1,22,19,57,5417,15,32,0,5161,7200,80,255,1
1767774955.856688,13480315681547253999,41823,1,22,19,57,5417,15,32,0,5160,7200,80,255,1
1767774956.8695219,13480315681547253999,41843,1,22,19,57,5417,15,32,0,5159,7200,80,255,1
1767774958.3602672,13480315681547253999,41875,1,22,19,57,5417,15,32,0,5157,7200,80,255,1
1767774959.3687537,13480315681547253999,41896,1,22,19,57,5417,15,32,0,5156,7200,80,255,1
1767774960.8564136,13480315681547253999,41927,1,22,19,57,5417,15,32,0,5155,7200,80,255,1
1767774961.8712835,13480315681547253999,41949,1,22,19,57,5417,15,32,0,5154,7200,80,255,1
1767774963.3603559,13480315681547253999,41980,1,22,19,57,5417,15,32,0,5152,7200,80,255,1
1767774964.8544638,13480315681547253999,42012,1,22,19,57,5417,15,32,0,5151,7200,80,255,1
1767774965.8694437,13480315681547253999,42034,1,22,19,57,5417,15,32,0,5150,7200,80,255,1
1767774967.3551707,13480315681547253999,42064,1,22,19,57,5417,15,32,0,5148,7200,80,255,1
1767774968.3610682,13480315681547253999,42084,1,22,19,57,5417,15,32,0,5147,7200,80,255,1
1767774969.8624854,13480315681547253999,42114,1,22,19,57,5417,15,32,0,5146,7200,80,255,1
1767774970.8696861,13480315681547253999,42134,1,22,19,57,5417,15,32,0,5145,7200,80,255,1
1767774972.358298,13480315681547253999,42164,1,22,19,57,5417,15,32,0,5143,7200,80,255,1
1767774973.8562422,13480315681547253999,42195,1,22,19,57,5417,15,32,0,5142,7200,80,255,1
1767774974.8692825,13480315681547253999,42215,1,22,19,57,5417,15,32,0,5141,7200,80,255,1
1767774976.3667164,13480315681547253999,42245,1,22,19,57,5417,15,32,0,5139,7200,80,255,1
1767774977.3702688,13480315681547253999,42266,1,22,19,57,5417,15,32,0,5138,7200,80,255,1
1767774978.863585,13480315681547253999,42300,1,22,19,57,5417,15,32,0,5137,7200,80,255,1
1767774979.8703566,13480315681547253999,42320,1,22,19,57,5417,15,32,0,5136,7200,80,255,1
1767774981.371376,13480315681547253999,42352,1,22,19,57,5417,15,32,0,5134,7200,80,255,1
1767774982.8588088,13480315681547253999,42382,1,22,19,57,5417,15,32,0,5133,7200,80,255,1
1767774984.3627887,13480315681547253999,42414,1,22,19,57,5417,15,32,0,5131,7200,80,255,1
1767774985.8531148,13480315681547253999,42445,1,22,19,57,5417,15,32,0,5130,7200,80,255,1
1767774986.8670363,13480315681547253999,42467,1,22,19,57,5417,15,32,0,5129,7200,80,255,1
1767774988.3674388,13480315681547253999,42500,1,22,19,57,5417,15,32,0,5127,7200,80,255,1
1767774989.3703785,13480315681547253999,42520,1,22,19,57,5417,15,32,0,5126,7200,80,255,1
1767774990.8546362,13480315681547253999,42552,1,22,19,57,5417,15,32,0,5125,7200,80,255,1
1767774991.8579423,13480315681547253999,42573,1,22,19,57,5417,15,32,0,5124,7200,80,255,1
1767774992.860958,13480315681547253999,42594,1,22,19,57,5417,15,32,0,5123,7200,80,255,1
1767774993.8652096,13480315681547253999,42614,1,22,19,57,5417,15,32,0,5122,7200,80,255,1
1767774995.3592758,13480315681547253999,42645,1,22,19,57,5417,15,32,0,5120,7200,80,255,1
1767774996.3631077,13480315681547253999,42666,1,22,19,57,5417,15,32,0,5119,7200,80,255,1
1767774997.8604534,13480315681547253999,42698,1,22,19,57,5417,15,32,0,5118,7200,80,255,1
1767774999.357729,13480315681547253999,42729,1,22,19,57,5417,15,32,0,5116,7200,80,255,1
1767775000.3614056,13480315681547253999,42750,1,22,19,57,5417,15,32,0,5115,7200,80,255,1
1767775001.364722,13480315681547253999,42772,1,22,19,57,5417,15,32,0,5114,7200,80,255,1
1767775002.8589246,13480315681547253999,42804,1,22,19,57,5417,15,32,0,5113,7200,80,255,1
1767775004.3594542,13480315681547253999,42835,1,22,19,57,5417,15,32,0,5111,7200,80,255,1
1767775005.8599465,13480315681547253999,42866,1,22,19,57,5417,15,32,0,5110,7200,80,255,1
1767775007.362756,13480315681547253999,42896,1,22,19,57,5417,15,32,0,5108,7200,80,255,1
1767775008.371993,13480315681547253999,42917,1,22,19,57,5417,15,32,0,5107,7200,80,255,1
1767775009.8582728,13480315681547253999,42948,1,22,19,57,5417,15,32,0,5106,7200,80,255,1
1767775010.8671784,13480315681547253999,42969,1,22,19,57,5417,15,32,0,5105,7200,80,255,1
1767775012.3564737,13480315681547253999,43002,1,22,19,57,5417,15,32,0,5103,7200,80,255,1
1767775013.3692908,13480315681547253999,43025,1,22,19,57,5417,15,32,0,5102,7200,80,255,1
1767775014.8568497,13480315681547253999,43059,1,22,19,57,5417,15,32,0,5101,7200,80,255,1
1767775015.8632178,13480315681547253999,43080,1,22,19,57,5417,15,32,0,5100,7200,80,255,1
1767775016.867333,13480315681547253999,43101,1,22,19,57,5417,15,32,0,5099,7200,80,255,1
1767775018.3579905,13480315681547253999,43131,1,22,19,57,5417,15,32,0,5097,7200,80,255,1
1767775019.3631134,13480315681547253999,43151,1,22,19,57,5417,15,32,0,5096,7200,80,255,1
1767775020.8571799,13480315681547253999,43182,1,22,19,57,5417,15,32,0,5095,7200,80,255,1
1767775022.3535428,13480315681547253999,43214,1,22,19,57,5417,15,32,0,5093,7200,80,255,1
1767775023.3596613,13480315681547253999,43235,1,22,19,57,5417,15,32,0,5092,7200,80,255,1
1767775024.3703063,13480315681547253999,43255,1,22,19,57,5417,15,32,0,5091,7200,80,255,1
1767775025.8584816,13480315681547253999,43285,1,22,19,57,5417,15,32,0,5090,7200,80,255,1
1767775027.3658803,13480315681547253999,43316,1,22,19,57,5417,15,32,0,5088,7200,80,255,1
1767775028.8612893,13480315681547253999,43347,1,22,19,57,5417,15,32,0,5087,7200,80,255,1
1767775029.8702497,13480315681547253999,43368,1,22,19,57,5417,15,32,0,5086,7200,80,255,1
1767775031.371732,13480315681547253999,43400,1,22,19,57,5417,15,32,0,5084,7200,80,255,1
1767775032.870837,13480315681547253999,43430,1,22,19,57,5417,15,32,0,5083,7200,80,255,1
1767775034.3591604,13480315681547253999,43461,1,22,19,57,5417,15,32,0,5081,7200,80,255,1
1767775035.3688686,13480315681547253999,43482,1,22,19,57,5417,15,32,0,5080,7200,80,255,1
1767775036.8545268,13480315681547253999,43514,1,22,19,57,5417,15,32,0,5079,7200,80,255,1
1767775037.8565407,13480315681547253999,43535,1,22,19,57,5417,15,32,0,5078,7200,80,255,1
1767775039.35962,13480315681547253999,43567,1,22,19,57,5417,15,32,0,5076,7200,80,255,1
1767775040.3664517,13480315681547253999,43587,1,22,19,57,5417,15,32,0,5075,7200,80,255,1
1767775041.8647046,13480315681547253999,43617,1,22,19,57,5417,15,32,0,5074,7200,80,255,1
1767775043.35993,13480315681547253999,43648,1,22,19,57,5417,15,32,0,5072,7200,80,255,1
1767775044.8576012,13480315681547253999,43679,1,22,19,57,5417,15,32,0,5071,7200,80,255,1
1767775045.8687394,13480315681547253999,43699,1,22,19,57,5417,15,32,0,5070,7200,80,255,1
1767775047.3635108,13480315681547253999,43730,1,22,19,57,5417,15,32,0,5068,7200,80,255,1
1767775048.3688836,13480315681547253999,43752,1,22,19,57,5417,15,32,0,5067,7200,80,255,1
1767775049.8545372,13480315681547253999,43783,1,22,19,57,5417,15,32,0,5066,7200,80,255,1
1767775050.8679128,13480315681547253999,43805,1,22,19,57,5417,15,32,0,5065,7200,80,255,1
1767775052.3689647,13480315681547253999,43837,1,22,19,57,5417,15,32,0,5063,7200,80,255,1
1767775053.8554995,13480315681547253999,43870,1,22,19,57,5417,15,32,0,5062,7200,80,255,1
1767775054.8632274,13480315681547253999,43890,1,22,19,57,5417,15,32,0,5061,7200,80,255,1
1767775055.8660846,13480315681547253999,43911,1,22,19,57,5417,15,32,0,5060,7200,80,255,1
1767775057.3679698,13480315681547253999,43942,1,22,19,57,5417,15,32,0,5058,7200,80,255,1
1767775058.8610125,13480315681547253999,43972,1,22,19,57,5417,15,32,0,5057,7200,80,255,1
1767775060.360736,13480315681547253999,44004,1,22,19,57,5417,15,32,0,5055,7200,80,255,1
1767775061.8667061,13480315681547253999,44037,1,22,19,57,5417,15,32,0,5054,7200,80,255,1
1767775063.363664,13480315681547253999,44069,1,22,19,57,5417,15,32,0,5052,7200,80,255,1
1767775064.85827,13480315681547253999,44100,1,22,19,57,5417,15,32,0,5051,7200,80,255,1
1767775065.868043,13480315681547253999,44120,1,22,19,57,5417,15,32,0,5050,7200,80,255,1
1767775067.3692405,13480315681547253999,44152,1,22,19,57,5417,15,32,0,5048,7200,80,255,1
1767775068.8690672,13480315681547253999,44183,1,22,19,57,5417,15,32,0,5047,7200,80,255,1
1767775070.3559506,13480315681547253999,44214,1,22,19,57,5417,15,32,0,5045,7200,80,255,1
1767775071.8667345,13480315681547253999,44245,1,22,19,57,5417,15,32,0,5044,7200,80,255,1
1767775073.3582063,13480315681547253999,44276,1,22,19,57,5417,15,32,0,5042,7200,80,255,1
1767775074.3640947,13480315681547253999,44297,1,22,19,57,5417,15,32,0,5041,7200,80,255,1
1767775075.860814,13480315681547253999,44328,1,22,19,57,5417,15,32,0,5040,7200,80,255,1
1767775076.8629806,13480315681547253999,44348,1,22,19,57,5417,15,32,0,5039,7200,80,255,1
1767775077.871651,13480315681547253999,44368,1,22,19,57,5417,15,32,0,5038,7200,80,255,1
1767775079.36555,13480315681547253999,44399,1,22,19,57,5417,15,32,0,5036,7200,80,255,1
1767775080.854363,13480315681547253999,44431,1,22,19,57,5417,15,32,0,5035,7200,80,255,1
1767775081.8678951,13480315681547253999,44453,1,22,19,57,5417,15,32,0,5034,7200,80,255,1
1767775083.3672931,13480315681547253999,44485,1,22,19,57,5417,15,32,0,5032,7200,80,255,1
1767775084.371107,13480315681547253999,44506,1,22,19,57,5417,15,32,0,5031,7200,80,255,1
1767775085.8559854,13480315681547253999,44536,1,22,19,57,5417,15,32,0,5030,7200,80,255,1
1767775087.3632588,13480315681547253999,44569,1,22,19,57,5417,15,32,0,5028,7200,80,255,1
1767775088.8625112,13480315681547253999,44600,1,22,19,57,5417,15,32,0,5027,7200,80,255,1
1767775090.3679323,13480315681547253999,44632,1,22,19,57,5417,15,32,0,5025,7200,80,255,1
1767775091.8693619,13480315681547253999,44663,1,22,19,57,5417,15,32,0,5024,7200,80,255,1
1767775093.3589563,13480315681547253999,44695,1,22,19,57,5417,15,32,0,5022,7200,80,255,1
1767775094.856963,13480315681547253999,44726,1,22,19,57,5417,15,32,0,5021,7200,80,255,1
1767775095.8706555,13480315681547253999,44746,1,22,19,57,5417,15,32,0,5020,7200,80,255,1
1767775097.3521268,13480315681547253999,44779,1,22,19,57,5417,15,32,0,5018,7200,80,255,1
1767775098.3680408,13480315681547253999,44801,1,22,19,57,5417,15,32,0,5017,7200,80,255,1
1767775099.8603356,13480315681547253999,44832,1,22,19,57,5417,15,32,0,5016,7200,80,255,1
1767775101.3592005,13480315681547253999,44862,1,22,19,57,5417,15,32,0,5014,7200,80,255,1
1767775102.864499,13480315681547253999,44893,1,22,19,57,5417,15,32,0,5013,7200,80,255,1
1767775104.3628132,13480315681547253999,44924,1,22,19,57,5417,15,32,0,5011,7200,80,255,1
1767775105.8670888,13480315681547253999,44956,1,22,19,57,5417,15,32,0,5010,7200,80,255,1
1767775107.368105,13480315681547253999,44987,1,22,19,57,5417,15,32,0,5008,7200,80,255,1
1767775108.8657746,13480315681547253999,45018,1,22,19,57,5417,15,32,0,5007,7200,80,255,1
1767775110.3630416,13480315681547253999,45049,1,22,19,57,5417,15,32,0,5005,7200,80,255,1
1767775111.3640866,13480315681547253999,45069,1,22,19,57,5417,15,32,0,5004,7200,80,255,1
1767775112.8644524,13480315681547253999,45103,1,22,19,57,5417,15,32,0,5003,7200,80,255,1
1767775114.3662057,13480315681547253999,45135,1,22,19,57,5417,15,32,0,5001,7200,80,255,1
1767775115.8613207,13480315681547253999,45167,1,22,19,57,5417,15,32,0,5000,7200,80,255,1
1767775117.369939,13480315681547253999,45198,1,22,19,57,5417,15,32,0,4998,7200,80,255,1
1767775118.8645453,13480315681547253999,45228,1,22,19,57,5417,15,32,0,4997,7200,80,255,1
1767775120.3627021,13480315681547253999,45259,1,22,19,57,5417,15,32,0,4995,7200,80,255,1
1767775121.3695934,13480315681547253999,45280,1,22,19,57,5417,15,32,0,4994,7200,80,255,1
1767775122.8644009,13480315681547253999,45312,1,22,19,57,5417,15,32,0,4993,7200,80,255,1
1767775124.3664658,13480315681547253999,45342,1,22,19,57,5417,15,32,0,4991,7200,80,255,1
1767775125.3713553,13480315681547253999,45362,1,22,19,57,5417,15,32,0,4990,7200,80,255,1
1767775126.8534098,13480315681547253999,45394,1,22,19,57,5417,15,32,0,4989,7200,80,255,1
1767775127.868169,13480315681547253999,45416,1,22,19,57,5417,15,32,0,4988,7200,80,255,1
1767775129.368534,13480315681547253999,45448,1,22,19,57,5417,15,32,0,4986,7200,80,255,1
1767775130.8539293,13480315681547253999,45478,1,22,19,57,5417,15,32,0,4985,7200,80,255,1
1767775131.8682053,13480315681547253999,45500,1,22,19,57,5417,15,32,0,4984,7200,80,255,1
1767775133.3658192,13480315681547253999,45532,1,22,19,57,5417,15,32,0,4982,7200,80,255,1
1767775134.368793,13480315681547253999,45553,1,22,19,57,5417,15,32,0,4981,7200,80,255,1
1767775135.8629808,13480315681547253999,45585,1,22,19,57,5417,15,32,0,4980,7200,80,255,1
1767775137.3635242,13480315681547253999,45616,1,22,19,57,5417,15,32,0,4978,7200,80,255,1
1767775138.8674614,13480315681547253999,45649,1,22,19,57,5417,15,32,0,4977,7200,80,255,1
1767775140.3705466,13480315681547253999,45679,1,22,19,57,5417,15,32,0,4975,7200,80,255,1
1767775141.8558998,13480315681547253999,45710,1,22,19,57,5417,15,32,0,4974,7200,80,255,1
1767775142.868978,13480315681547253999,45732,1,22,19,57,5417,15,32,0,4973,7200,80,255,1
1767775144.3645692,13480315681547253999,45763,1,22,19,57,5417,15,32,0,4971,7200,80,255,1
1767775145.8698082,13480315681547253999,45796,1,22,19,57,5417,15,32,0,4970,7200,80,255,1
1767775146.8701415,13480315681547253999,45817,1,22,19,57,5417,15,32,0,4969,7200,80,255,1
1767775148.3697789,13480315681547253999,45848,1,22,19,57,5417,15,32,0,4967,7200,80,255,1
1767775149.8679175,13480315681547253999,45880,1,22,19,57,5417,15,32,0,4966,7200,80,255,1
1767775151.3626437,13480315681547253999,45911,1,22,19,57,5417,15,32,0,4964,7200,80,255,1
1767775152.8683343,13480315681547253999,45942,1,22,19,57,5417,15,32,0,4963,7200,80,255,1
1767775154.3536603,13480315681547253999,45975,1,22,19,57,5417,15,32,0,4961,7200,80,255,1
1767775155.3649087,13480315681547253999,45997,1,22,19,57,5417,15,32,0,4960,7200,80,255,1
1767775156.8525925,13480315681547253999,46030,1,22,19,57,5417,15,32,0,4959,7200,80,255,1
1767775157.872007,13480315681547253999,46052,1,22,19,57,5417,15,32,0,4958,7200,80,255,1
1767775159.3588192,13480315681547253999,46083,1,22,19,57,5417,15,32,0,4956,7200,80,255,1
1767775160.861137,13480315681547253999,46113,1,22,19,57,5417,15,32,0,4955,7200,80,255,1
1767775161.8636441,13480315681547253999,46135,1,22,19,57,5417,15,32,0,4954,7200,80,255,1
1767775163.3583343,13480315681547253999,46168,1,22,19,57,5417,15,32,0,4952,7200,80,255,1
1767775164.8582056,13480315681547253999,46199,1,22,19,57,5417,15,32,0,4951,7200,80,255,1
1767775166.3601809,13480315681547253999,46230,1,22,19,57,5417,15,32,0,4949,7200,80,255,1
1767775167.8681128,13480315681547253999,46261,1,22,19,57,5417,15,32,0,4948,7200,80,255,1
1767775169.3600676,13480315681547253999,46291,1,22,19,57,5417,15,32,0,4946,7200,80,255,1
1767775170.37088,13480315681547253999,46312,1,22,19,57,5417,15,32,0,4945,7200,80,255,1
1767775171.856791,13480315681547253999,46345,1,22,19,57,5417,15,32,0,4944,7200,80,255,1
1767775173.3625062,13480315681547253999,46377,1,22,19,57,5417,15,32,0,4942,7200,80,255,1
1767775174.3691456,13480315681547253999,46398,1,22,19,57,5417,15,32,0,4941,7200,80,255,1
1767775175.8669853,13480315681547253999,46429,1,22,19,57,5417,15,32,0,4940,7200,80,255,1
1767775177.3550475,13480315681547253999,46460,1,22,19,57,5417,15,32,0,4938,7200,80,255,1
1767775178.364798,13480315681547253999,46482,1,22,19,57,5417,15,32,0,4937,7200,80,255,1
1767775179.8698819,13480315681547253999,46512,1,22,19,57,5417,15,32,0,4936,7200,80,255,1
1767775181.3684325,13480315681547253999,46543,1,22,19,57,5417,15,32,0,4934,7200,80,255,1
1767775182.8713107,13480315681547253999,46573,1,22,19,57,5417,15,32,0,4933,7200,80,255,1
1767775184.3581517,13480315681547253999,46604,1,22,19,57,5417,15,32,0,4931,7200,80,255,1
1767775185.8595676,13480315681547253999,46635,1,22,19,57,5417,15,32,0,4930,7200,80,255,1
1767775187.3649824,13480315681547253999,46666,1,22,19,57,5417,15,32,0,4928,7200,80,255,1
1767775188.867996,13480315681547253999,46697,1,22,19,57,5417,15,32,0,4927,7200,80,255,1
1767775190.3671901,13480315681547253999,46730,1,22,19,57,5417,15,32,0,4925,7200,80,255,1
1767775191.8544023,13480315681547253999,46762,1,22,19,57,5417,15,32,0,4924,7200,80,255,1
1767775192.8656452,13480315681547253999,46784,1,22,19,57,5417,15,32,0,4923,7200,80,255,1
1767775194.3672466,13480315681547253999,46816,1,22,19,57,5417,15,32,0,4921,7200,80,255,1
1767775195.8627205,13480315681547253999,46847,1,22,19,57,5417,15,32,0,4920,7200,80,255,1
1767775197.3555677,13480315681547253999,46879,1,22,19,57,5417,15,32,0,4918,7200,80,255,1
1767775198.3614256,13480315681547253999,46900,1,22,19,57,5417,15,32,0,4917,7200,80,255,1
1767775199.8658419,13480315681547253999,46931,1,22,19,57,5417,15,32,0,4916,7200,80,255,1
1767775201.3528697,13480315681547253999,46962,1,22,19,57,5417,15,32,0,4914,7200,80,255,1
1767775202.3668988,13480315681547253999,46984,1,22,19,57,5417,15,32,0,4913,7200,80,255,1
1767775203.8544812,13480315681547253999,47015,1,22,19,57,5417,15,32,0,4912,7200,80,255,1
1767775204.862582,13480315681547253999,47037,1,22,19,57,5417,15,32,0,4911,7200,80,255,1
1767775205.8685796,13480315681547253999,47057,1,22,19,57,5417,15,32,0,4910,7200,80,255,1
1767775207.3545308,13480315681547253999,47088,1,22,19,57,5417,15,32,0,4908,7200,80,255,1
1767775208.3582845,13480315681547253999,47109,1,22,19,57,5417,15,32,0,4907,7200,80,255,1
1767775209.857174,13480315681547253999,47140,1,22,19,57,5417,15,32,0,4906,7200,80,255,1
1767775210.8677185,13480315681547253999,47160,1,22,19,57,5417,15,32,0,4905,7200,80,255,1
1767775211.8704803,13480315681547253999,47181,1,22,19,57,5417,15,32,0,4904,7200,80,255,1
1767775213.3711927,13480315681547253999,47211,1,22,19,57,5417,15,32,0,4902,7200,80,255,1
1767775214.8660684,13480315681547253999,47241,1,22,19,57,5417,15,32,0,4901,7200,80,255,1
1767775216.3669894,13480315681547253999,47274,1,22,19,57,5417,15,32,0,4899,7200,80,255,1
1767775217.371,13480315681547253999,47295,1,22,19,57,5417,15,32,0,4898,7200,80,255,1
1767775218.8703601,13480315681547253999,47328,1,22,19,57,5417,15,32,0,4897,7200,80,255,1
1767775220.3614957,13480315681547253999,47360,1,22,19,57,5417,15,32,0,4895,7200,80,255,1
1767775221.8681152,13480315681547253999,47392,1,22,19,57,5417,15,32,0,4894,7200,80,255,1
1767775223.3709157,13480315681547253999,47423,1,22,19,57,5417,15,32,0,4892,7200,80,255,1
1767775224.8624074,13480315681547253999,47456,1,22,19,57,5417,15,32,0,4891,7200,80,255,1
1767775225.8692453,13480315681547253999,47477,1,22,19,57,5417,15,32,0,4890,7200,80,255,1
1767775227.3672132,13480315681547253999,47509,1,22,19,57,5417,15,32,0,4888,7200,80,255,1
1767775228.8526957,13480315681547253999,47540,1,22,19,57,5417,15,32,0,4887,7200,80,255,1
1767775229.8704145,13480315681547253999,47563,1,22,19,57,5417,15,32,0,4886,7200,80,255,1
1767775231.3581142,13480315681547253999,47593,1,22,19,57,5417,15,32,0,4884,7200,80,255,1
1767775232.8622093,13480315681547253999,47623,1,22,19,57,5417,15,32,0,4883,7200,80,255,1
1767775234.3710783,13480315681547253999,47654,1,22,19,57,5417,15,32,0,4881,7200,80,255,1
1767775235.855025,13480315681547253999,47687,1,22,19,57,5417,15,32,0,4880,7200,80,255,1
1767775236.8572545,13480315681547253999,47708,1,22,19,57,5417,15,32,0,4879,7200,80,255,1
1767775238.364492,13480315681547253999,47738,1,22,19,57,5417,15,32,0,4877,7200,80,255,1
1767775239.365693,13480315681547253999,47759,1,22,19,57,5417,15,32,0,4876,7200,80,255,1
1767775240.3690116,13480315681547253999,47780,1,22,19,57,5417,15,32,0,4875,7200,80,255,1
1767775241.8717475,13480315681547253999,47812,1,22,19,57,5417,15,32,0,4874,7200,80,255,1
1767775243.3529038,13480315681547253999,47843,1,22,19,57,5417,15,32,0,4872,7200,80,255,1
1767775244.3703523,13480315681547253999,47866,1,22,19,57,5417,15,32,0,4871,7200,80,255,1
1767775245.855595,13480315681547253999,47897,1,22,19,57,5417,15,32,0,4870,7200,80,255,1
1767775246.8568268,13480315681547253999,47918,1,22,19,57,5417,15,32,0,4869,7200,80,255,1
1767775248.3583918,13480315681547253999,47949,1,22,19,57,5417,15,32,0,4867,7200,80,255,1
1767775249.861764,13480315681547253999,47981,1,22,19,57,5417,15,32,0,4866,7200,80,255,1
1767775251.3552318,13480315681547253999,48012,1,22,19,57,5417,15,32,0,4864,7200,80,255,1
1767775252.3590174,13480315681547253999,48034,1,22,19,57,5417,15,32,0,4863,7200,80,255,1
1767775253.3649807,13480315681547253999,48055,1,22,19,57,5417,15,32,0,4862,7200,80,255,1
1767775254.8576348,13480315681547253999,48086,1,22,19,57,5417,15,32,0,4861,7200,80,255,1
1767775255.8690078,13480315681547253999,48106,1,22,19,57,5417,15,32,0,4860,7200,80,255,1
1767775257.3609567,13480315681547253999,48136,1,22,19,57,5417,15,32,0,4858,7200,80,255,1
1767775258.8612428,13480315681547253999,48167,1,22,19,57,5417,15,32,0,4857,7200,80,255,1
1767775260.3594415,13480315681547253999,48199,1,22,19,57,5417,15,32,0,4855,7200,80,255,1
1767775261.3720446,13480315681547253999,48219,1,22,19,57,5417,15,32,0,4854,7200,80,255,1
1767775262.8526843,13480315681547253999,48251,1,22,19,57,5417,15,32,0,4853,7200,80,255,1
1767775263.8681068,13480315681547253999,48275,1,22,19,57,5417,15,32,0,4852,7200,80,255,1
1767775265.3655148,13480315681547253999,48306,1,22,19,57,5417,15,32,0,4850,7200,80,255,1
1767775266.3683603,13480315681547253999,48326,1,22,19,57,5417,15,32,0,4849,7200,80,255,1
1767775267.862204,13480315681547253999,48356,1,22,19,57,5417,15,32,0,4848,7200,80,255,1
1767775268.8660133,13480315681547253999,48377,1,22,19,57,5417,15,32,0,4847,7200,80,255,1
1767775270.3555472,13480315681547253999,48409,1,22,19,57,5417,15,32,0,4845,7200,80,255,1
1767775271.3584452,13480315681547253999,48430,1,22,19,57,5417,15,32,0,4844,7200,80,255,1
1767775272.3696828,13480315681547253999,48450,1,22,19,57,5417,15,32,0,4843,7200,80,255,1
1767775273.8669965,13480315681547253999,48481,1,22,19,57,5417,15,32,0,4842,7200,80,255,1
1767775275.356173,13480315681547253999,48512,1,22,19,57,5417,15,32,0,4840,7200,80,255,1
1767775276.356387,13480315681547253999,48532,1,22,19,57,5417,15,32,0,4839,7200,80,255,1
1767775277.3654752,13480315681547253999,48552,1,22,19,57,5417,15,32,0,4838,7200,80,255,1
1767775278.8526385,13480315681547253999,48584,1,22,19,57,5417,15,32,0,4837,7200,80,255,1
1767775279.858874,13480315681547253999,48607,1,22,19,57,5417,15,32,0,4836,7200,80,255,1
1767775281.3586788,13480315681547253999,48638,1,22,19,57,5417,15,32,0,4834,7200,80,255,1
1767775282.359062,13480315681547253999,48658,1,22,19,57,5417,15,32,0,4833,7200,80,255,1
1767775283.8632298,13480315681547253999,48689,1,22,19,57,5417,15,32,0,4832,7200,80,255,1
1767775285.365719,13480315681547253999,48722,1,22,19,57,5417,15,32,0,4830,7200,80,255,1
1767775286.8695788,13480315681547253999,48752,1,22,19,57,5417,15,32,0,4829,7200,80,255,1
1767775288.3610494,13480315681547253999,48782,1,22,19,57,5417,15,32,0,4827,7200,80,255,1
1767775289.8655605,13480315681547253999,48815,1,22,19,57,5417,15,32,0,4826,7200,80,255,1
1767775291.3658168,13480315681547253999,48845,1,22,19,57,5417,15,32,0,4824,7200,80,255,1
1767775292.860456,13480315681547253999,48876,1,22,19,57,5417,15,32,0,4823,7200,80,255,1
1767775294.365439,13480315681547253999,48908,1,22,19,57,5417,15,32,0,4821,7200,80,255,1
1767775295.8532162,13480315681547253999,48940,1,22,19,57,5417,15,32,0,4820,7200,80,255,1
1767775296.8666098,13480315681547253999,48962,1,22,19,57,5417,15,32,0,4819,7200,80,255,1
1767775297.8693202,13480315681547253999,48983,1,22,19,57,5417,15,32,0,4818,7200,80,255,1
1767775299.3657286,13480315681547253999,49014,1,22,19,57,5417,15,32,0,4816,7200,80,255,1
1767775300.8668728,13480315681547253999,49047,1,22,19,57,5417,15,32,0,4815,7200,80,255,1
1767775302.3684282,13480315681547253999,49078,1,22,19,57,5417,15,32,0,4813,7200,80,255,1
1767775303.8618693,13480315681547253999,49109,1,22,19,57,5417,15,32,0,4812,7200,80,255,1
1767775305.36453,13480315681547253999,49143,1,22,19,57,5417,15,32,0,4810,7200,80,255,1
1767775306.8675559,13480315681547253999,49174,1,22,19,57,5417,15,32,0,4809,7200,80,255,1
1767775307.8679109,13480315681547253999,49194,1,22,19,57,5417,15,32,0,4808,7200,80,255,1
1767775309.3646328,13480315681547253999,49225,1,22,19,57,5417,15,32,0,4806,7200,80,255,1
1767775310.8695264,13480315681547253999,49257,1,22,19,57,5417,15,32,0,4805,7200,80,255,1
1767775312.3714068,13480315681547253999,49289,1,22,19,57,5417,15,32,0,4803,7200,80,255,1
1767775313.8618622,13480315681547253999,49321,1,22,19,57,5417,15,32,0,4802,7200,80,255,1
1767775315.3658743,13480315681547253999,49352,1,22,19,57,5417,15,32,0,4800,7200,80,255,1
1767775316.8644066,13480315681547253999,49383,1,22,19,57,5417,15,32,0,4799,7200,80,255,1
1767775318.365962,13480315681547253999,49416,1,22,19,57,5417,15,32,0,4797,7200,80,255,1
1767775319.8658445,13480315681547253999,49446,1,22,19,57,5417,15,32,0,4796,7200,80,255,1
1767775321.3605793,13480315681547253999,49476,1,22,19,57,5417,15,32,0,4794,7200,80,255,1
1767775322.8606791,13480315681547253999,49508,1,22,19,57,5417,15,32,0,4793,7200,80,255,1
1767775324.3602285,13480315681547253999,49539,1,22,19,57,5417,15,32,0,4791,7200,80,255,1
1767775325.8635194,13480315681547253999,49570,1,22,19,57,5417,15,32,0,4790,7200,80,255,1
1767775327.3667529,13480315681547253999,49601,1,22,19,57,5417,15,32,0,4788,7200,80,255,1
1767775328.8694868,13480315681547253999,49632,1,22,19,57,5417,15,32,0,4787,7200,80,255,1
1767775330.354471,13480315681547253999,49663,1,22,19,57,5417,15,32,0,4785,7200,80,255,1
1767775331.3642557,13480315681547253999,49684,1,22,19,57,5417,15,32,0,4784,7200,80,255,1
1767775332.8685203,13480315681547253999,49715,1,22,19,57,5417,15,32,0,4783,7200,80,255,1
1767775334.3714502,13480315681547253999,49747,1,22,19,57,5417,15,32,0,4781,7200,80,255,1
1767775335.8575213,13480315681547253999,49778,1,22,19,57,5417,15,32,0,4780,7200,80,255,1
1767775337.3519335,13480315681547253999,49810,1,22,19,57,5417,15,32,0,4778,7200,80,255,1
1767775338.3667817,13480315681547253999,49832,1,22,19,57,5417,15,32,0,4777,7200,80,255,1
1767775339.8683727,13480315681547253999,49864,1,22,19,57,5417,15,32,0,4776,7200,80,255,1
1767775341.3642383,13480315681547253999,49896,1,22,19,57,5417,15,32,0,4774,7200,80,255,1
1767775342.8591282,13480315681547253999,49928,1,22,19,57,5417,15,32,0,4773,7200,80,255,1
1767775343.8612318,13480315681547253999,49950,1,22,19,57,5417,15,32,0,4772,7200,80,255,1
1767775345.3646076,13480315681547253999,49981,1,22,19,57,5417,15,32,0,4770,7200,80,255,1
1767775346.8681452,13480315681547253999,50012,1,22,19,57,5417,15,32,0,4769,7200,80,255,1
1767775348.3686168,13480315681547253999,50043,1,22,19,57,5417,15,32,0,4767,7200,80,255,1
1767775349.8699777,13480315681547253999,50074,1,22,19,57,5417,15,32,0,4766,7200,80,255,1
1767775351.37083,13480315681547253999,50105,1,22,19,57,5417,15,32,0,4764,7200,80,255,1
1767775352.8702462,13480315681547253999,50136,1,22,19,57,5417,15,32,0,4763,7200,80,255,1
1767775354.3657737,13480315681547253999,50166,1,22,19,57,5417,15,32,0,4761,7200,80,255,1
1767775355.8626904,13480315681547253999,50196,1,22,19,57,5417,15,32,0,4760,7200,80,255,1
1767775356.864491,13480315681547253999,50218,1,22,19,57,5417,15,32,0,4759,7200,80,255,1
1767775358.3668728,13480315681547253999,50251,1,22,19,57,5417,15,32,0,4757,7200,80,255,1
1767775359.8703427,13480315681547253999,50281,1,22,19,57,5417,15,32,0,4756,7200,80,255,1
1767775361.3536518,13480315681547253999,50312,1,22,19,57,5417,15,32,0,4754,7200,80,255,1
1767775362.369166,13480315681547253999,50334,1,22,19,57,5417,15,32,0,4753,7200,80,255,1
1767775363.8549469,13480315681547253999,50364,1,22,19,57,5417,15,32,0,4752,7200,80,255,1
1767775365.3596346,13480315681547253999,50398,1,22,19,57,5417,15,32,0,4750,7200,80,255,1
1767775366.3699996,13480315681547253999,50418,1,22,19,57,5417,15,32,0,4749,7200,80,255,1
1767775367.854253,13480315681547253999,50449,1,22,19,57,5417,15,32,0,4748,7200,80,255,1
1767775368.8618615,13480315681547253999,50470,1,22,19,57,5417,15,32,0,4747,7200,80,255,1
1767775370.3646245,13480315681547253999,50500,1,22,19,57,5417,15,32,0,4745,7200,80,255,1
1767775371.862725,13480315681547253999,50531,1,22,19,57,5417,15,32,0,4744,7200,80,255,1
1767775373.3634036,13480315681547253999,50564,1,22,19,57,5417,15,32,0,4742,7200,80,255,1
1767775374.8623073,13480315681547253999,50598,1,22,19,57,5417,15,32,0,4741,7200,80,255,1
1767775375.8712826,13480315681547253999,50618,1,22,19,57,5417,15,32,0,4740,7200,80,255,1
1767775377.353284,13480315681547253999,50649,1,22,19,57,5417,15,32,0,4738,7200,80,255,1
1767775378.3680916,13480315681547253999,50671,1,22,19,57,5417,15,32,0,4737,7200,80,255,1
1767775379.8547344,13480315681547253999,50702,1,22,19,57,5417,15,32,0,4736,7200,80,255,1
1767775380.8656504,13480315681547253999,50725,1,22,19,57,5417,15,32,0,4735,7200,80,255,1
1767775382.3627348,13480315681547253999,50757,1,22,19,57,5417,15,32,0,4733,7200,80,255,1
1767775383.8657951,13480315681547253999,50787,1,22,19,57,5417,15,32,0,4732,7200,80,255,1
1767775385.3593884,13480315681547253999,50818,1,22,19,57,5417,15,32,0,4730,7200,80,255,1
1767775386.3701172,13480315681547253999,50838,1,22,19,57,5417,15,32,0,4729,7200,80,255,1
1767775387.8578312,13480315681547253999,50868,1,22,19,57,5417,15,32,0,4728,7200,80,255,1
1767775388.863084,13480315681547253999,50889,1,22,19,57,5417,15,32,0,4727,7200,80,255,1
1767775390.3647785,13480315681547253999,50921,1,22,19,57,5417,15,32,0,4725,7200,80,255,1
1767775391.8670435,13480315681547253999,50952,1,22,19,57,5417,15,32,0,4724,7200,80,255,1
1767775393.3670015,13480315681547253999,50985,1,22,19,57,5417,15,32,0,4722,7200,80,255,1
1767775394.8676505,13480315681547253999,51015,1,22,19,57,5417,15,32,0,4721,7200,80,255,1
1767775396.3691146,13480315681547253999,51048,1,22,19,57,5417,15,32,0,4719,7200,80,255,1
1767775397.8581858,13480315681547253999,51080,1,22,19,57,5417,15,32,0,4718,7200,80,255,1
1767775399.3609035,13480315681547253999,51111,1,22,19,57,5417,15,32,0,4716,7200,80,255,1
1767775400.8654466,13480315681547253999,51141,1,22,19,57,5417,15,32,0,4715,7200,80,255,1
1767775401.8655682,13480315681547253999,51163,1,22,19,57,5417,15,32,0,4714,7200,80,255,1
1767775403.369873,13480315681547253999,51194,1,22,19,57,5417,15,32,0,4712,7200,80,255,1
1767775404.8692753,13480315681547253999,51224,1,22,19,57,5417,15,32,0,4711,7200,80,255,1
1767775406.36122,13480315681547253999,51254,1,22,19,57,5417,15,32,0,4709,7200,80,255,1
1767775407.8671126,13480315681547253999,51286,1,22,19,57,5417,15,32,0,4708,7200,80,255,1
1767775409.3609822,13480315681547253999,51317,1,22,19,57,5417,15,32,0,4706,7200,80,255,1
1767775410.8618164,13480315681547253999,51348,1,22,19,57,5417,15,32,0,4705,7200,80,255,1
1767775412.3682008,13480315681547253999,51380,1,22,19,57,5417,15,32,0,4703,7200,80,255,1
1767775413.8678887,13480315681547253999,51412,1,22,19,57,5417,15,32,0,4702,7200,80,255,1
1767775415.369285,13480315681547253999,51443,1,22,19,57,5417,15,32,0,4700,7200,80,255,1
1767775416.853902,13480315681547253999,51474,1,22,19,57,5417,15,32,0,4699,7200,80,255,1
1767775417.869094,13480315681547253999,51495,1,22,19,57,5417,15,32,0,4698,7200,80,255,1
1767775419.3675914,13480315681547253999,51526,1,22,19,57,5417,15,32,0,4696,7200,80,255,1
1767775420.8558416,13480315681547253999,51559,1,22,19,57,5417,15,32,0,4695,7200,80,255,1
1767775421.8707612,13480315681547253999,51581,1,22,19,57,5417,15,32,0,4694,7200,80,255,1
1767775423.3599186,13480315681547253999,51612,1,22,19,57,5417,15,32,0,4692,7200,80,255,1
1767775424.8600297,13480315681547253999,51644,1,22,19,57,5417,15,32,0,4691,7200,80,255,1
1767775425.8656204,13480315681547253999,51665,1,22,19,57,5417,15,32,0,4690,7200,80,255,1
1767775427.374444,13480315681547253999,51696,1,22,19,57,5417,15,32,0,4688,7200,80,255,1
1767775428.861973,13480315681547253999,51727,1,22,19,57,5417,15,32,0,4687,7200,80,255,1
1767775430.3618789,13480315681547253999,51758,1,22,19,57,5417,15,32,0,4685,7200,80,255,1
1767775431.8531303,13480315681547253999,51789,1,22,19,57,5417,15,32,0,4684,7200,80,255,1
1767775432.867836,13480315681547253999,51812,1,22,19,57,5417,15,32,0,4683,7200,80,255,1
1767775433.86844,13480315681547253999,51833,1,22,19,57,5417,15,32,0,4682,7200,80,255,1
1767775435.3536143,13480315681547253999,51865,1,22,19,57,5417,15,32,0,4680,7200,80,255,1
1767775436.3680484,13480315681547253999,51887,1,22,19,57,5417,15,32,0,4679,7200,80,255,1
1767775437.8630762,13480315681547253999,51920,1,22,19,57,5417,15,32,0,4678,7200,80,255,1
1767775439.370385,13480315681547253999,51952,1,22,19,57,5417,15,32,0,4676,7200,80,255,1
1767775440.856031,13480315681547253999,51984,1,22,19,57,5417,15,32,0,4675,7200,80,255,1
1767775441.8642297,13480315681547253999,52005,1,22,19,57,5417,15,32,0,4674,7200,80,255,1
1767775442.8690321,13480315681547253999,52027,1,22,19,57,5417,15,32,0,4673,7200,80,255,1
1767775444.3684971,13480315681547253999,52058,1,22,19,57,5417,15,32,0,4671,7200,80,255,1
1767775445.8682907,13480315681547253999,52091,1,22,19,57,5417,15,32,0,4670,7200,80,255,1
1767775447.3544238,13480315681547253999,52123,1,22,19,57,5417,15,32,0,4668,7200,80,255,1
1767775448.3705077,13480315681547253999,52144,1,22,19,57,5417,15,32,0,4667,7200,80,255,1
1767775449.8706944,13480315681547253999,52174,1,22,19,57,5417,15,32,0,4666,7200,80,255,1
1767775451.357963,13480315681547253999,52206,1,22,19,57,5417,15,32,0,4664,7200,80,255,1
1767775452.3655982,13480315681547253999,52227,1,22,19,57,5417,15,32,0,4663,7200,80,255,1
1767775453.368385,13480315681547253999,52247,1,22,19,57,5417,15,32,0,4662,7200,80,255,1
1767775454.8671916,13480315681547253999,52280,1,22,19,57,5417,15,32,0,4661,7200,80,255,1
1767775456.3588173,13480315681547253999,52311,1,22,19,57,5417,15,32,0,4659,7200,80,255,1
1767775457.358955,13480315681547253999,52332,1,22,19,57,5417,15,32,0,4658,7200,80,255,1
1767775458.3693016,13480315681547253999,52355,1,22,19,57,5417,15,32,0,4657,7200,80,255,1
1767775459.8584712,13480315681547253999,52386,1,22,19,57,5417,15,32,0,4656,7200,80,255,1
1767775460.8699157,13480315681547253999,52408,1,22,19,57,5417,15,32,0,4655,7200,80,255,1
1767775462.370058,13480315681547253999,52438,1,22,19,57,5417,15,32,0,4653,7200,80,255,1
1767775463.869699,13480315681547253999,52469,1,22,19,57,5417,15,32,0,4652,7200,80,255,1
1767775465.353045,13480315681547253999,52499,1,22,19,57,5417,15,32,0,4650,7200,80,255,1
1767775466.370364,13480315681547253999,52520,1,22,19,57,5417,15,32,0,4649,7200,80,255,1
1767775467.8567219,13480315681547253999,52552,1,22,19,57,5417,15,32,0,4648,7200,80,255,1
1767775469.3580947,13480315681547253999,52584,1,22,19,57,5417,15,32,0,4646,7200,80,255,1
1767775470.867674,13480315681547253999,52616,1,22,19,57,5417,15,32,0,4645,7200,80,255,1
1767775472.3696082,13480315681547253999,52648,1,22,19,57,5417,15,32,0,4643,7200,80,255,1
1767775473.8682125,13480315681547253999,52678,1,22,19,57,5417,15,32,0,4642,7200,80,255,1
1767775475.3650863,13480315681547253999,52708,1,22,19,57,5417,15,32,0,4640,7200,80,255,1
1767775476.8644753,13480315681547253999,52739,1,22,19,57,5417,15,32,0,4639,7200,80,255,1
1767775477.8688467,13480315681547253999,52759,1,22,19,57,5417,15,32,0,4638,7200,80,255,1
1767775479.353485,13480315681547253999,52791,1,22,19,57,5417,15,32,0,4636,7200,80,255,1
1767775480.361881,13480315681547253999,52812,1,22,19,57,5417,15,32,0,4635,7200,80,255,1
1767775481.860689,13480315681547253999,52844,1,22,19,57,5417,15,32,0,4634,7200,80,255,1
1767775482.86235,13480315681547253999,52865,1,22,19,57,5417,15,32,0,4633,7200,80,255,1
1767775484.362818,13480315681547253999,52897,1,22,19,57,5417,15,32,0,4631,7200,80,255,1
1767775485.867856,13480315681547253999,52928,1,22,19,57,5417,15,32,0,4630,7200,80,255,1
1767775487.364274,13480315681547253999,52959,1,22,19,57,5417,15,32,0,4628,7200,80,255,1
1767775488.3677356,13480315681547253999,52980,1,22,19,57,5417,15,32,0,4627,7200,80,255,1
1767775489.8541474,13480315681547253999,53010,1,22,19,57,5417,15,32,0,4626,7200,80,255,1
1767775490.8629699,13480315681547253999,53032,1,22,19,57,5417,15,32,0,4625,7200,80,255,1
1767775491.8645883,13480315681547253999,53053,1,22,19,57,5417,15,32,0,4624,7200,80,255,1
1767775493.3529427,13480315681547253999,53085,1,22,19,57,5417,15,32,0,4622,7200,80,255,1
1767775494.3647995,13480315681547253999,53107,1,22,19,57,5417,15,32,0,4621,7200,80,255,1
1767775495.862144,13480315681547253999,53138,1,22,19,57,5417,15,32,0,4620,7200,80,255,1
1767775497.3645399,13480315681547253999,53170,1,22,19,57,5417,15,32,0,4618,7200,80,255,1
1767775498.8676357,13480315681547253999,53200,1,22,19,57,5417,15,32,0,4617,7200,80,255,1
1767775500.3704517,13480315681547253999,53230,1,22,19,57,5417,15,32,0,4615,7200,80,255,1
1767775501.8693876,13480315681547253999,53260,1,22,19,57,5417,15,32,0,4614,7200,80,255,1
1767775503.3708923,13480315681547253999,53291,1,22,19,57,5417,15,32,0,4612,7200,80,255,1
1767775504.863481,13480315681547253999,53322,1,22,19,57,5417,15,32,0,4611,7200,80,255,1
1767775505.8641093,13480315681547253999,53343,1,22,19,57,5417,15,32,0,4610,7200,80,255,1
1767775507.3673806,13480315681547253999,53375,1,22,19,57,5417,15,32,0,4608,7200,80,255,1
1767775508.8677895,13480315681547253999,53407,1,22,19,57,5417,15,32,0,4607,7200,80,255,1
1767775510.3719866,13480315681547253999,53437,1,22,19,57,5417,15,32,0,4605,7200,80,255,1
1767775511.861748,13480315681547253999,53469,1,22,19,57,5417,15,32,0,4604,7200,80,255,1
1767775513.352607,13480315681547253999,53502,1,22,19,57,5417,15,32,0,4602,7200,80,255,1
1767775514.3617575,13480315681547253999,53523,1,22,19,57,5417,15,32,0,4601,7200,80,255,1
1767775515.369708,13480315681547253999,53545,1,22,19,57,5417,15,32,0,4600,7200,80,255,1
1767775516.855832,13480315681547253999,53577,1,22,19,57,5417,15,32,0,4599,7200,80,255,1
1767775517.8711505,13480315681547253999,53598,1,22,19,57,5417,15,32,0,4598,7200,80,255,1
1767775519.3678777,13480315681547253999,53630,1,22,19,57,5417,15,32,0,4596,7200,80,255,1
1767775520.3687675,13480315681547253999,53652,1,22,19,57,5417,15,32,0,4595,7200,80,255,1
1767775521.8693867,13480315681547253999,53683,1,22,19,57,5417,15,32,0,4594,7200,80,255,1
1767775523.3691647,13480315681547253999,53713,1,22,19,57,5417,15,32,0,4592,7200,80,255,1
1767775524.8705845,13480315681547253999,53743,1,22,19,57,5417,15,32,0,4591,7200,80,255,1
1767775526.3544412,13480315681547253999,53775,1,22,19,57,5417,15,32,0,4589,7200,80,255,1
1767775527.3695207,13480315681547253999,53796,1,22,19,57,5417,15,32,0,4588,7200,80,255,1
1767775528.8538516,13480315681547253999,53826,1,22,19,57,5417,15,32,0,4587,7200,80,255,1
1767775529.8644898,13480315681547253999,53847,1,22,19,57,5417,15,32,0,4586,7200,80,255,1
1767775531.361431,13480315681547253999,53879,1,22,19,57,5417,15,32,0,4584,7200,80,255,1
1767775532.8710418,13480315681547253999,53913,1,22,19,57,5417,15,32,0,4583,7200,80,255,1
1767775534.3691595,13480315681547253999,53944,1,22,19,57,5417,15,32,0,4581,7200,80,255,1
1767775535.860105,13480315681547253999,53976,1,22,19,57,5417,15,32,0,4580,7200,80,255,1
1767775536.8686004,13480315681547253999,53998,1,22,19,57,5417,15,32,0,4579,7200,80,255,1
1767775538.354677,13480315681547253999,54029,1,22,19,57,5417,15,32,0,4577,7200,80,255,1
1767775539.8579457,13480315681547253999,54061,1,22,19,57,5417,15,32,0,4576,7200,80,255,1
1767775540.8692691,13480315681547253999,54083,1,22,19,57,5417,15,32,0,4575,7200,80,255,1
1767775542.371378,13480315681547253999,54115,1,22,19,57,5417,15,32,0,4573,7200,80,255,1
1767775543.8626773,13480315681547253999,54146,1,22,19,57,5417,15,32,0,4572,7200,80,255,1
1767775544.8711126,13480315681547253999,54166,1,22,19,57,5417,15,32,0,4571,7200,80,255,1
1767775546.3543842,13480315681547253999,54198,1,22,19,57,5417,15,32,0,4569,7200,80,255,1
1767775547.3615916,13480315681547253999,54219,1,22,19,57,5417,15,32,0,4568,7200,80,255,1
1767775548.3624988,13480315681547253999,54240,1,22,19,57,5417,15,32,0,4567,7200,80,255,1
1767775549.8700342,13480315681547253999,54271,1,22,19,57,5417,15,32,0,4566,7200,80,255,1
1767775551.3688755,13480315681547253999,54303,1,22,19,57,5417,15,32,0,4564,7200,80,255,1
1767775552.8699734,13480315681547253999,54336,1,22,19,57,5417,15,32,0,4563,7200,80,255,1
1767775554.3679132,13480315681547253999,54368,1,22,19,57,5417,15,32,0,4561,7200,80,255,1
1767775555.859061,13480315681547253999,54399,1,22,19,57,5417,15,32,0,4560,7200,80,255,1
1767775556.8598115,13480315681547253999,54419,1,22,19,57,5417,15,32,0,4559,7200,80,255,1
1767775557.8616028,13480315681547253999,54440,1,22,19,57,5417,15,32,0,4558,7200,80,255,1
1767775559.3614383,13480315681547253999,54472,1,22,19,57,5417,15,32,0,4556,7200,80,255,1
1767775560.8589764,13480315681547253999,54509,1,22,19,57,5417,15,32,0,4555,7200,80,255,1
1767775561.8714857,13480315681547253999,54529,1,22,19,57,5417,15,32,0,4554,7200,80,255,1
1767775563.3566086,13480315681547253999,54561,1,22,19,57,5417,15,32,0,4552,7200,80,255,1
1767775564.3622525,13480315681547253999,54581,1,22,19,57,5417,15,32,0,4551,7200,80,255,1
1767775565.3692062,13480315681547253999,54603,1,22,19,57,5417,15,32,0,4550,7200,80,255,1
1767775566.866019,13480315681547253999,54636,1,22,19,57,5417,15,32,0,4549,7200,80,255,1
1767775568.3652012,13480315681547253999,54668,1,22,19,57,5417,15,32,0,4547,7200,80,255,1
1767775569.3701894,13480315681547253999,54689,1,22,19,57,5417,15,32,0,4546,7200,80,255,1
1767775570.8680465,13480315681547253999,54720,1,22,19,57,5417,15,32,0,4545,7200,80,255,1
1767775572.3643644,13480315681547253999,54752,1,22,19,57,5417,15,32,0,4543,7200,80,255,1
1767775573.3651285,13480315681547253999,54774,1,22,19,57,5417,15,32,0,4542,7200,80,255,1
1767775574.87003,13480315681547253999,54804,1,22,19,57,5417,15,32,0,4541,7200,80,255,1
1767775576.365658,13480315681547253999,54834,1,22,19,57,5417,15,32,0,4539,7200,80,255,1
1767775577.8629513,13480315681547253999,54865,1,22,19,57,5417,15,32,0,4538,7200,80,255,1
1767775578.8676507,13480315681547253999,54886,1,22,19,57,5417,15,32,0,4537,7200,80,255,1
1767775580.3544774,13480315681547253999,54919,1,22,19,57,5417,15,32,0,4535,7200,80,255,1
1767775581.3652713,13480315681547253999,54940,1,22,19,57,5417,15,32,0,4534,7200,80,255,1
1767775582.8522186,13480315681547253999,54971,1,22,19,57,5417,15,32,0,4533,7200,80,255,1
1767775583.863557,13480315681547253999,54992,1,22,19,57,5417,15,32,0,4532,7200,80,255,1
1767775585.3599043,13480315681547253999,55026,1,22,19,57,5417,15,32,0,4530,7200,80,255,1
1767775586.8578,13480315681547253999,55057,1,22,19,57,5417,15,32,0,4529,7200,80,255,1
1767775588.3605568,13480315681547253999,55089,1,22,19,57,5417,15,32,0,4527,7200,80,255,1
1767775589.3647256,13480315681547253999,55110,1,22,19,57,5417,15,32,0,4526,7200,80,255,1
1767775590.8686163,13480315681547253999,55142,1,22,19,57,5417,15,32,0,4525,7200,80,255,1
1767775592.3666394,13480315681547253999,55173,1,22,19,57,5417,15,32,0,4523,7200,80,255,1
1767775593.8543959,13480315681547253999,55204,1,22,19,57,5417,15,32,0,4522,7200,80,255,1
1767775594.8614726,13480315681547253999,55225,1,22,19,57,5417,15,32,0,4521,7200,80,255,1
1767775595.8693407,13480315681547253999,55246,1,22,19,57,5417,15,32,0,4520,7200,80,255,1
1767775597.3684828,13480315681547253999,55277,1,22,19,57,5417,15,32,0,4518,7200,80,255,1
1767775598.8642838,13480315681547253999,55309,1,22,19,57,5417,15,32,0,4517,7200,80,255,1
1767775600.359626,13480315681547253999,55342,1,22,19,57,5417,15,32,0,4515,7200,80,255,1
1767775601.861522,13480315681547253999,55373,1,22,19,57,5417,15,32,0,4514,7200,80,255,1
1767775603.362495,13480315681547253999,55405,1,22,19,57,5417,15,32,0,4512,7200,80,255,1
1767775604.368015,13480315681547253999,55425,1,22,19,57,5417,15,32,0,4511,7200,80,255,1
1767775605.3692439,13480315681547253999,55446,1,22,19,57,5417,15,32,0,4510,7200,80,255,1
1767775606.8698845,13480315681547253999,55477,1,22,19,57,5417,15,32,0,4509,7200,80,255,1
1767775608.356453,13480315681547253999,55509,1,22,19,57,5417,15,32,0,4507,7200,80,255,1
1767775609.3668907,13480315681547253999,55529,1,22,19,57,5417,15,32,0,4506,7200,80,255,1
1767775610.8697383,13480315681547253999,55560,1,22,19,57,5417,15,32,0,4505,7200,80,255,1
1767775612.3645923,13480315681547253999,55591,1,22,19,57,5417,15,32,0,4503,7200,80,255,1
1767775613.3676994,13480315681547253999,55611,1,22,19,57,5417,15,32,0,4502,7200,80,255,1
1767775614.8618872,13480315681547253999,55644,1,22,19,57,5417,15,32,0,4501,7200,80,255,1
1767775616.3633761,13480315681547253999,55677,1,22,19,57,5417,15,32,0,4499,7200,80,255,1
1767775617.3674138,13480315681547253999,55699,1,22,19,57,5417,15,32,0,4498,7200,80,255,1
1767775618.8689616,13480315681547253999,55729,1,22,19,57,5417,15,32,0,4497,7200,80,255,1
1767775620.3533804,13480315681547253999,55760,1,22,19,57,5417,15,32,0,4495,7200,80,255,1
1767775621.3566263,13480315681547253999,55782,1,22,19,57,5417,15,32,0,4494,7200,80,255,1
1767775622.3705702,13480315681547253999,55803,1,22,19,57,5417,15,32,0,4493,7200,80,255,1
1767775623.8627572,13480315681547253999,55834,1,22,19,57,5417,15,32,0,4492,7200,80,255,1
1767775625.3679013,13480315681547253999,55866,1,22,19,57,5417,15,32,0,4490,7200,80,255,1
1767775626.8543677,13480315681547253999,55897,1,22,19,57,5417,15,32,0,4489,7200,80,255,1
1767775628.3591897,13480315681547253999,55930,1,22,19,57,5417,15,32,0,4487,7200,80,255,1
1767775629.3656995,13480315681547253999,55952,1,22,19,57,5417,15,32,0,4486,7200,80,255,1
1767775630.852174,13480315681547253999,55982,1,22,19,57,5417,15,32,0,4485,7200,80,255,1
1767775631.8604503,13480315681547253999,56003,1,22,19,57,5417,15,32,0,4484,7200,80,255,1
1767775632.860808,13480315681547253999,56025,1,22,19,57,5417,15,32,0,4483,7200,80,255,1
1767775633.8697531,13480315681547253999,56047,1,22,19,57,5417,15,32,0,4482,7200,80,255,1
1767775635.3688858,13480315681547253999,56080,1,22,19,57,5417,15,32,0,4480,7200,80,255,1
1767775636.8585649,13480315681547253999,56111,1,22,19,57,5417,15,32,0,4479,7200,80,255,1
1767775638.3591895,13480315681547253999,56142,1,22,19,57,5417,15,32,0,4477,7200,80,255,1
1767775639.3678694,13480315681547253999,56162,1,22,19,57,5417,15,32,0,4476,7200,80,255,1
1767775640.8625243,13480315681547253999,56194,1,22,19,57,5417,15,32,0,4475,7200,80,255,1
1767775642.3670495,13480315681547253999,56225,1,22,19,57,5417,15,32,0,4473,7200,80,255,1
1767775643.3679907,13480315681547253999,56246,1,22,19,57,5417,15,32,0,4472,7200,80,255,1
1767775644.865547,13480315681547253999,56279,1,22,19,57,5417,15,32,0,4471,7200,80,255,1
1767775646.359,13480315681547253999,56309,1,22,19,57,5417,15,32,0,4469,7200,80,255,1
1767775647.8665295,13480315681547253999,56342,1,22,19,57,5417,15,32,0,4468,7200,80,255,1
1767775649.366998,13480315681547253999,56374,1,22,19,57,5417,15,32,0,4466,7200,80,255,1
1767775650.865167,13480315681547253999,56406,1,22,19,57,5417,15,32,0,4465,7200,80,255,1
1767775652.3640974,13480315681547253999,56437,1,22,19,57,5417,15,32,0,4463,7200,80,255,1
1767775653.3675756,13480315681547253999,56458,1,22,19,57,5417,15,32,0,4462,7200,80,255,1
1767775654.8702433,13480315681547253999,56489,1,22,19,57,5417,15,32,0,4461,7200,80,255,1
1767775655.8707087,13480315681547253999,56509,1,22,19,57,5417,15,32,0,4460,7200,80,255,1
1767775657.3591592,13480315681547253999,56539,1,22,19,57,5417,15,32,0,4458,7200,80,255,1
1767775658.8554807,13480315681547253999,56572,1,22,19,57,5417,15,32,0,4457,7200,80,255,1
1767775660.3580334,13480315681547253999,56607,1,22,19,57,5417,15,32,0,4455,7200,80,255,1
1767775661.8601813,13480315681547253999,56640,1,22,19,57,5417,15,32,0,4454,7200,80,255,1
1767775662.8615043,13480315681547253999,56661,1,22,19,57,5417,15,32,0,4453,7200,80,255,1
1767775664.36508,13480315681547253999,56692,1,22,19,57,5417,15,32,0,4451,7200,80,255,1
1767775665.8686416,13480315681547253999,56723,1,22,19,57,5417,15,32,0,4450,7200,80,255,1
1767775667.3529756,13480315681547253999,56753,1,22,19,57,5417,15,32,0,4448,7200,80,255,1
1767775668.362939,13480315681547253999,56774,1,22,19,57,5417,15,32,0,4447,7200,80,255,1
1767775669.8643818,13480315681547253999,56805,1,22,19,57,5417,15,32,0,4446,7200,80,255,1
1767775671.364441,13480315681547253999,56837,1,22,19,57,5417,15,32,0,4444,7200,80,255,1
1767775672.8565958,13480315681547253999,56869,1,22,19,57,5417,15,32,0,4443,7200,80,255,1
1767775673.866584,13480315681547253999,56891,1,22,19,57,5417,15,32,0,4442,7200,80,255,1
1767775674.8670244,13480315681547253999,56912,1,22,19,57,5417,15,32,0,4441,7200,80,255,1
1767775676.3531766,13480315681547253999,56944,1,22,19,57,5417,15,32,0,4439,7200,80,255,1
1767775677.3629322,13480315681547253999,56965,1,22,19,57,5417,15,32,0,4438,7200,80,255,1
1767775678.8630085,13480315681547253999,56998,1,22,19,57,5417,15,32,0,4437,7200,80,255,1
1767775680.3600085,13480315681547253999,57029,1,22,19,57,5417,15,32,0,4435,7200,80,255,1
1767775681.3667061,13480315681547253999,57050,1,22,19,57,5417,15,32,0,4434,7200,80,255,1
1767775682.858632,13480315681547253999,57083,1,22,19,57,5417,15,32,0,4433,7200,80,255,1
1767775683.865951,13480315681547253999,57103,1,22,19,57,5417,15,32,0,4432,7200,80,255,1
1767775685.3585231,13480315681547253999,57135,1,22,19,57,5417,15,32,0,4430,7200,80,255,1
1767775686.8589668,13480315681547253999,57167,1,22,19,57,5417,15,32,0,4429,7200,80,255,1
1767775688.370571,13480315681547253999,57197,1,22,19,57,5417,15,32,0,4427,7200,80,255,1
1767775689.8523276,13480315681547253999,57228,1,22,19,57,5417,15,32,0,4426,7200,80,255,1
1767775690.8675709,13480315681547253999,57251,1,22,19,57,5417,15,32,0,4425,7200,80,255,1
1767775692.36079,13480315681547253999,57281,1,22,19,57,5417,15,32,0,4423,7200,80,255,1
1767775693.3608708,13480315681547253999,57302,1,22,19,57,5417,15,32,0,4422,7200,80,255,1
1767775694.3653414,13480315681547253999,57324,1,22,19,57,5417,15,32,0,4421,7200,80,255,1
1767775695.8623512,13480315681547253999,57355,1,22,19,57,5417,15,32,0,4420,7200,80,255,1
1767775697.3617222,13480315681547253999,57388,1,22,19,57,5417,15,32,0,4418,7200,80,255,1
1767775698.3643305,13480315681547253999,57408,1,22,19,57,5417,15,32,0,4417,7200,80,255,1
1767775699.864049,13480315681547253999,57439,1,22,19,57,5417,15,32,0,4416,7200,80,255,1
1767775701.3699968,13480315681547253999,57470,1,22,19,57,5417,15,32,0,4414,7200,80,255,1
1767775702.852747,13480315681547253999,57501,1,22,19,57,5417,15,32,0,4413,7200,80,255,1
1767775703.8650298,13480315681547253999,57522,1,22,19,57,5417,15,32,0,4412,7200,80,255,1
1767775705.3595514,13480315681547253999,57554,1,22,19,57,5417,15,32,0,4410,7200,80,255,1
1767775706.370777,13480315681547253999,57574,1,22,19,57,5417,15,32,0,4409,7200,80,255,1
1767775707.865639,13480315681547253999,57604,1,22,19,57,5417,15,32,0,4408,7200,80,255,1
1767775709.3542392,13480315681547253999,57636,1,22,19,57,5417,15,32,0,4406,7200,80,255,1
1767775710.3617442,13480315681547253999,57659,1,22,19,57,5417,15,32,0,4405,7200,80,255,1
1767775711.3687575,13480315681547253999,57680,1,22,19,57,5417,15,32,0,4404,7200,80,255,1
1767775712.8641267,13480315681547253999,57710,1,22,19,57,5417,15,32,0,4403,7200,80,255,1
1767775714.3613796,13480315681547253999,57742,1,22,19,57,5417,15,32,0,4401,7200,80,255,1
1767775715.3656192,13480315681547253999,57764,1,22,19,57,5417,15,32,0,4400,7200,80,255,1
1767775716.3705912,13480315681547253999,57784,1,22,19,57,5417,15,32,0,4399,7200,80,255,1
1767775717.8678393,13480315681547253999,57817,1,22,19,57,5417,15,32,0,4398,7200,80,255,1
1767775719.3610392,13480315681547253999,57852,1,22,19,57,5417,15,32,0,4396,7200,80,255,1
1767775720.8588595,13480315681547253999,57885,1,22,19,57,5417,15,32,0,4395,7200,80,255,1
1767775721.8640957,13480315681547253999,57906,1,22,19,57,5417,15,32,0,4394,7200,80,255,1
1767775723.3657196,13480315681547253999,57936,1,22,19,57,5417,15,32,0,4392,7200,80,255,1
1767775724.8565881,13480315681547253999,57967,1,22,19,57,5417,15,32,0,4391,7200,80,255,1
1767775726.3669136,13480315681547253999,58000,1,22,19,57,5417,15,32,0,4389,7200,80,255,1
1767775727.8584144,13480315681547253999,58032,1,22,19,57,5417,15,32,0,4388,7200,80,255,1
1767775728.8618426,13480315681547253999,58054,1,22,19,57,5417,15,32,0,4387,7200,80,255,1
1767775730.3555753,13480315681547253999,58087,1,22,19,57,5417,15,32,0,4385,7200,80,255,1
1767775731.366787,13480315681547253999,58109,1,22,19,57,5417,15,32,0,4384,7200,80,255,1
1767775732.8694632,13480315681547253999,58140,1,22,19,57,5417,15,32,0,4383,7200,80,255,1
1767775734.3554335,13480315681547253999,58171,1,22,19,57,5417,15,32,0,4381,7200,80,255,1
1767775735.3640232,13480315681547253999,58192,1,22,19,57,5417,15,32,0,4380,7200,80,255,1
1767775736.3670192,13480315681547253999,58213,1,22,19,57,5417,15,32,0,4379,7200,80,255,1
1767775737.8555136,13480315681547253999,58245,1,22,19,57,5417,15,32,0,4378,7200,80,255,1
1767775739.3567607,13480315681547253999,58278,1,22,19,57,5417,15,32,0,4376,7200,80,255,1
1767775740.3662763,13480315681547253999,58299,1,22,19,57,5417,15,32,0,4375,7200,80,255,1
1767775741.8702288,13480315681547253999,58330,1,22,19,57,5417,15,32,0,4374,7200,80,255,1
1767775743.3552594,13480315681547253999,58362,1,22,19,57,5417,15,32,0,4372,7200,80,255,1
1767775744.3685238,13480315681547253999,58384,1,22,19,57,5417,15,32,0,4371,7200,80,255,1
1767775745.8674972,13480315681547253999,58416,1,22,19,57,5417,15,32,0,4370,7200,80,255,1
1767775747.3567188,13480315681547253999,58448,1,22,19,57,5417,15,32,0,4368,7200,80,255,1
1767775748.8603046,13480315681547253999,58481,1,22,19,57,5417,15,32,0,4367,7200,80,255,1
1767775749.863231,13480315681547253999,58503,1,22,19,57,5417,15,32,0,4366,7200,80,255,1
1767775750.8667064,13480315681547253999,58524,1,22,19,57,5417,15,32,0,4365,7200,80,255,1
1767775752.3632915,13480315681547253999,58555,1,22,19,57,5417,15,32,0,4363,7200,80,255,1
1767775753.3703046,13480315681547253999,58575,1,22,19,57,5417,15,32,0,4362,7200,80,255,1
1767775754.8673337,13480315681547253999,58607,1,22,19,57,5417,15,32,0,4361,7200,80,255,1
1767775756.3683336,13480315681547253999,58638,1,22,19,57,5417,15,32,0,4359,7200,80,255,1
1767775757.86998,13480315681547253999,58670,1,22,19,57,5417,15,32,0,4358,7200,80,255,1
1767775759.371118,13480315681547253999,58702,1,22,19,57,5417,15,32,0,4356,7200,80,255,1
1767775760.861105,13480315681547253999,58733,1,22,19,57,5417,15,32,0,4355,7200,80,255,1
1767775762.364021,13480315681547253999,58765,1,22,19,57,5417,15,32,0,4353,7200,80,255,1
1767775763.8680465,13480315681547253999,58799,1,22,19,57,5417,15,32,0,4352,7200,80,255,1
1767775765.3696587,13480315681547253999,58832,1,22,19,57,5417,15,32,0,4350,7200,80,255,1
1767775766.8666654,13480315681547253999,58863,1,22,19,57,5417,15,32,0,4349,7200,80,255,1
1767775768.3703942,13480315681547253999,58894,1,22,19,57,5417,15,32,0,4347,7200,80,255,1
1767775769.8535109,13480315681547253999,58925,1,21,19,57,5417,15,32,0,4346,7200,80,255,1
1767775770.8599162,13480315681547253999,58946,1,21,19,57,5417,15,32,0,4345,7200,80,255,1
1767775771.8654127,13480315681547253999,58967,1,21,19,57,5417,15,32,0,4344,7200,80,255,1
1767775773.3571672,13480315681547253999,58997,1,21,19,57,5417,15,32,0,4342,7200,80,255,1
1767775774.859073,13480315681547253999,59029,1,21,19,57,5417,15,32,0,4341,7200,80,255,1
1767775775.8687255,13480315681547253999,59049,1,21,19,57,5417,15,32,0,4340,7200,80,255,1
1767775777.3677359,13480315681547253999,59081,1,21,19,57,5417,15,32,0,4338,7200,80,255,1
1767775778.8564124,13480315681547253999,59115,1,21,19,57,5417,15,32,0,4337,7200,80,255,1
1767775779.8629525,13480315681547253999,59136,1,21,19,57,5417,15,32,0,4336,7200,80,255,1
1767775781.3700645,13480315681547253999,59168,1,21,19,57,5417,15,32,0,4334,7200,80,255,1
1767775782.3711972,13480315681547253999,59190,1,21,19,57,5417,15,32,0,4333,7200,80,255,1
1767775783.8605459,13480315681547253999,59225,1,21,19,57,5417,15,32,0,4332,7200,80,255,1
1767775784.8704398,13480315681547253999,59245,1,21,19,57,5417,15,32,0,4331,7200,80,255,1
1767775786.3678963,13480315681547253999,59275,1,21,19,57,5417,15,32,0,4329,7200,80,255,1
1767775787.8695667,13480315681547253999,59307,1,21,19,57,5417,15,32,0,4328,7200,80,255,1
1767775789.3671677,13480315681547253999,59339,1,21,19,57,5417,15,32,0,4326,7200,80,255,1
1767775790.8698661,13480315681547253999,59372,1,21,19,57,5417,15,32,0,4325,7200,80,255,1
1767775792.368408,13480315681547253999,59404,1,21,19,57,5417,15,32,0,4323,7200,80,255,1
1767775793.8570063,13480315681547253999,59437,1,21,19,57,5417,15,32,0,4322,7200,80,255,1
1767775794.859368,13480315681547253999,59458,1,21,19,57,5417,15,32,0,4321,7200,80,255,1
1767775795.8652577,13480315681547253999,59479,1,21,19,57,5417,15,32,0,4320,7200,80,255,1
1767775797.36556,13480315681547253999,59511,1,21,19,57,5417,15,32,0,4318,7200,80,255,1
1767775798.3692958,13480315681547253999,59531,1,21,19,57,5417,15,32,0,4317,7200,80,255,1
1767775799.8631868,13480315681547253999,59562,1,21,19,57,5417,15,32,0,4316,7200,80,255,1
1767775801.3617444,13480315681547253999,59594,1,21,19,57,5417,15,32,0,4314,7200,80,255,1
1767775802.8615174,13480315681547253999,59626,1,21,19,57,5417,15,32,0,4313,7200,80,255,1
1767775803.8617191,13480315681547253999,59648,1,21,19,57,5417,15,32,0,4312,7200,80,255,1
1767775805.3681078,13480315681547253999,59682,1,21,19,57,5417,15,32,0,4310,7200,80,255,1
1767775806.8693368,13480315681547253999,59712,1,21,19,57,5417,15,32,0,4309,7200,80,255,1
1767775808.3694558,13480315681547253999,59743,1,21,19,57,5417,15,32,0,4307,7200,80,255,1
1767775809.8621495,13480315681547253999,59775,1,21,19,57,5417,15,32,0,4306,7200,80,255,1
1767775811.3587632,13480315681547253999,59807,1,21,19,57,5417,15,32,0,4304,7200,80,255,1
1767775812.3663986,13480315681547253999,59827,1,21,19,57,5417,15,32,0,4303,7200,80,255,1
1767775813.870787,13480315681547253999,59858,1,21,19,57,5417,15,32,0,4302,7200,80,255,1
1767775815.3652775,13480315681547253999,59888,1,21,19,57,5417,15,32,0,4300,7200,80,255,1
1767775816.8606827,13480315681547253999,59919,1,21,19,57,5417,15,32,0,4299,7200,80,255,1
1767775817.8702433,13480315681547253999,59939,1,21,19,57,5417,15,32,0,4298,7200,80,255,1
1767775819.3602507,13480315681547253999,59972,1,21,19,57,5417,15,32,0,4296,7200,80,255,1
1767775820.3689182,13480315681547253999,59992,1,21,19,57,5417,15,32,0,4295,7200,80,255,1
1767775821.8555315,13480315681547253999,60024,1,21,19,57,5417,15,32,0,4294,7200,80,255,1
1767775822.8678935,13480315681547253999,60047,1,21,19,57,5417,15,32,0,4293,7200,80,255,1
1767775824.3628979,13480315681547253999,60078,1,21,19,57,5417,15,32,0,4291,7200,80,255,1
1767775825.8676713,13480315681547253999,60109,1,21,19,57,5417,15,32,0,4290,7200,80,255,1
1767775827.3576682,13480315681547253999,60142,1,21,19,57,5417,15,32,0,4288,7200,80,255,1
1767775828.3642204,13480315681547253999,60163,1,21,19,57,5417,15,32,0,4287,7200,80,255,1
1767775829.862672,13480315681547253999,60194,1,21,19,57,5417,15,32,0,4286,7200,80,255,1
1767775830.8684018,13480315681547253999,60215,1,21,19,57,5417,15,32,0,4285,7200,80,255,1
1767775832.3633637,13480315681547253999,60247,1,21,19,57,5417,15,32,0,4283,7200,80,255,1
1767775833.8560755,13480315681547253999,60280,1,21,19,57,5417,15,32,0,4282,7200,80,255,1
1767775835.3577554,13480315681547253999,60311,1,21,19,57,5417,15,32,0,4280,7200,80,255,1
1767775836.8624501,13480315681547253999,60343,1,21,19,57,5417,15,32,0,4279,7200,80,255,1
1767775838.3666787,13480315681547253999,60374,1,21,19,57,5417,15,32,0,4277,7200,80,255,1
1767775839.8699737,13480315681547253999,60408,1,21,19,57,5417,15,32,0,4276,7200,80,255,1
1767775841.3522117,13480315681547253999,60440,1,21,19,57,5417,15,32,0,4274,7200,80,255,1
1767775842.3662577,13480315681547253999,60462,1,21,19,57,5417,15,32,0,4273,7200,80,255,1
1767775843.854053,13480315681547253999,60494,1,21,19,57,5417,15,32,0,4272,7200,80,255,1
1767775844.8605068,13480315681547253999,60517,1,21,19,57,5417,15,32,0,4271,7200,80,255,1
1767775846.3649044,13480315681547253999,60548,1,21,19,57,5417,15,32,0,4269,7200,80,255,1
1767775847.365483,13480315681547253999,60569,1,21,19,57,5417,15,32,0,4268,7200,80,255,1
1767775848.8543255,13480315681547253999,60601,1,21,19,57,5417,15,32,0,4267,7200,80,255,1
1767775849.8676264,13480315681547253999,60623,1,21,19,57,5417,15,32,0,4266,7200,80,255,1
1767775851.35391,13480315681547253999,60653,1,21,19,57,5417,15,32,0,4264,7200,80,255,1
1767775852.366254,13480315681547253999,60674,1,21,19,57,5417,15,32,0,4263,7200,80,255,1
1767775853.8696668,13480315681547253999,60707,1,21,19,57,5417,15,32,0,4262,7200,80,255,1
1767775855.35854,13480315681547253999,60739,1,21,19,57,5417,15,32,0,4260,7200,80,255,1
1767775856.855346,13480315681547253999,60773,1,21,19,57,5417,15,32,0,4259,7200,80,255,1
1767775857.860929,13480315681547253999,60795,1,21,19,57,5417,15,32,0,4258,7200,80,255,1
1767775858.8650346,13480315681547253999,60815,1,21,19,57,5417,15,32,0,4257,7200,80,255,1
1767775860.3664048,13480315681547253999,60845,1,21,19,57,5417,15,32,0,4255,7200,80,255,1
1767775861.8673553,13480315681547253999,60877,1,21,19,57,5417,15,32,0,4254,7200,80,255,1
1767775863.3642378,13480315681547253999,60908,1,21,19,57,5417,15,32,0,4252,7200,80,255,1
1767775864.3655262,13480315681547253999,60930,1,21,19,57,5417,15,32,0,4251,7200,80,255,1
1767775865.3664737,13480315681547253999,60951,1,21,19,57,5417,15,32,0,4250,7200,80,255,1
1767775866.8530378,13480315681547253999,60982,1,21,19,57,5417,15,32,0,4249,7200,80,255,1
1767775867.8675036,13480315681547253999,61004,1,21,19,57,5417,15,32,0,4248,7200,80,255,1
1767775869.367692,13480315681547253999,61039,1,21,19,57,5417,15,32,0,4246,7200,80,255,1
1767775870.8519118,13480315681547253999,61069,1,21,19,57,5417,15,32,0,4245,7200,80,255,1
1767775871.8616648,13480315681547253999,61090,1,21,19,57,5417,15,32,0,4244,7200,80,255,1
1767775873.3654242,13480315681547253999,61120,1,21,19,57,5417,15,32,0,4242,7200,80,255,1
1767775874.3675675,13480315681547253999,61141,1,21,19,57,5417,15,32,0,4241,7200,80,255,1
1767775875.86402,13480315681547253999,61173,1,21,19,57,5417,15,32,0,4240,7200,80,255,1
1767775877.3601284,13480315681547253999,61207,1,21,19,57,5417,15,32,0,4238,7200,80,255,1
1767775878.858661,13480315681547253999,61241,1,21,19,57,5417,15,32,0,4237,7200,80,255,1
1767775880.3618426,13480315681547253999,61271,1,21,19,57,5417,15,32,0,4235,7200,80,255,1
1767775881.369501,13480315681547253999,61292,1,21,19,57,5417,15,32,0,4234,7200,80,255,1
1767775882.8639688,13480315681547253999,61324,1,21,19,57,5417,15,32,0,4233,7200,80,255,1
1767775883.8697326,13480315681547253999,61344,1,21,19,57,5417,15,32,0,4232,7200,80,255,1
1767775885.3700035,13480315681547253999,61376,1,21,19,57,5417,15,32,0,4230,7200,80,255,1
1767775886.868018,13480315681547253999,61408,1,21,19,57,5417,15,32,0,4229,7200,80,255,1
1767775888.3609493,13480315681547253999,61440,1,21,19,57,5417,15,32,0,4227,7200,80,255,1
1767775889.3707745,13480315681547253999,61460,1,21,19,57,5417,15,32,0,4226,7200,80,255,1
1767775890.867645,13480315681547253999,61491,1,21,19,57,5417,15,32,0,4225,7200,80,255,1
1767775892.3707592,13480315681547253999,61523,1,21,19,57,5417,15,32,0,4223,7200,80,255,1
1767775893.8716228,13480315681547253999,61555,1,21,19,57,5417,15,32,0,4222,7200,80,255,1
1767775895.3652322,13480315681547253999,61585,1,21,19,57,5417,15,32,0,4220,7200,80,255,1
1767775896.8578281,13480315681547253999,61616,1,21,19,57,5417,15,32,0,4219,7200,80,255,1
1767775897.869293,13480315681547253999,61639,1,21,19,57,5417,15,32,0,4218,7200,80,255,1
1767775899.3542953,13480315681547253999,61670,1,21,19,57,5417,15,32,0,4216,7200,80,255,1
1767775900.3654299,13480315681547253999,61693,1,21,19,57,5417,15,32,0,4215,7200,80,255,1
1767775901.8617744,13480315681547253999,61723,1,21,19,57,5417,15,32,0,4214,7200,80,255,1
1767775903.362582,13480315681547253999,61754,1,21,19,57,5417,15,32,0,4212,7200,80,255,1
1767775904.8664215,13480315681547253999,61787,1,21,19,57,5417,15,32,0,4211,7200,80,255,1
1767775906.364942,13480315681547253999,61818,1,21,19,57,5417,15,32,0,4209,7200,80,255,1
1767775907.864027,13480315681547253999,61849,1,21,19,57,5417,15,32,0,4208,7200,80,255,1
1767775909.3524096,13480315681547253999,61880,1,21,19,57,5417,15,32,0,4206,7200,80,255,1
1767775910.357981,13480315681547253999,61903,1,21,19,57,5417,15,32,0,4205,7200,80,255,1
1767775911.36839,13480315681547253999,61924,1,21,19,57,5417,15,32,0,4204,7200,80,255,1
1767775912.8577044,13480315681547253999,61955,1,21,19,57,5417,15,32,0,4203,7200,80,255,1
1767775913.8708546,13480315681547253999,61976,1,21,19,57,5417,15,32,0,4202,7200,80,255,1
1767775915.3699515,13480315681547253999,62007,1,21,19,57,5417,15,32,0,4200,7200,80,255,1
1767775916.862625,13480315681547253999,62039,1,21,19,57,5417,15,32,0,4199,7200,80,255,1
1767775917.8629189,13480315681547253999,62061,1,21,19,57,5417,15,32,0,4198,7200,80,255,1
1767775918.8640153,13480315681547253999,62083,1,21,19,57,5417,15,32,0,4197,7200,80,255,1
1767775919.868846,13480315681547253999,62103,1,21,19,57,5417,15,32,0,4196,7200,80,255,1
1767775921.3661265,13480315681547253999,62134,1,21,19,57,5417,15,32,0,4194,7200,80,255,1
1767775922.8589091,13480315681547253999,62165,1,21,19,57,5417,15,32,0,4193,7200,80,255,1
1767775924.3602064,13480315681547253999,62197,1,21,19,57,5417,15,32,0,4191,7200,80,255,1
1767775925.8716755,13480315681547253999,62227,1,21,19,57,5417,15,32,0,4190,7200,80,255,1
1767775927.3704073,13480315681547253999,62259,1,21,19,57,5417,15,32,0,4188,7200,80,255,1
1767775928.8629134,13480315681547253999,62290,1,21,19,57,5417,15,32,0,4187,7200,80,255,1
1767775930.3601074,13480315681547253999,62321,1,21,19,57,5417,15,32,0,4185,7200,80,255,1
1767775931.8607304,13480315681547253999,62352,1,21,19,57,5417,15,32,0,4184,7200,80,255,1
1767775932.8704908,13480315681547253999,62373,1,21,19,57,5417,15,32,0,4183,7200,80,255,1
1767775934.3594139,13480315681547253999,62407,1,21,19,57,5417,15,32,0,4181,7200,80,255,1
1767775935.3695903,13480315681547253999,62427,1,21,19,57,5417,15,32,0,4180,7200,80,255,1
1767775936.8692322,13480315681547253999,62458,1,21,19,57,5417,15,32,0,4179,7200,80,255,1
1767775938.3654015,13480315681547253999,62491,1,21,19,57,5417,15,32,0,4177,7200,80,255,1
1767775939.8531516,13480315681547253999,62524,1,21,19,57,5417,15,32,0,4176,7200,80,255,1
1767775940.8593028,13480315681547253999,62546,1,21,19,57,5417,15,32,0,4175,7200,80,255,1
1767775942.357755,13480315681547253999,62578,1,21,19,57,5417,15,32,0,4173,7200,80,255,1
1767775943.3708718,13480315681547253999,62600,1,21,19,57,5417,15,32,0,4172,7200,80,255,1
1767775944.8550541,13480315681547253999,62632,1,21,19,57,5417,15,32,0,4171,7200,80,255,1
1767775945.861215,13480315681547253999,62654,1,21,19,57,5417,15,32,0,4170,7200,80,255,1
1767775947.3626368,13480315681547253999,62686,1,21,19,57,5417,15,32,0,4168,7200,80,255,1
1767775948.3704991,13480315681547253999,62709,1,21,19,57,5417,15,32,0,4167,7200,80,255,1
1767775949.8615363,13480315681547253999,62743,1,21,19,57,5417,15,32,0,4166,7200,80,255,1
1767775951.3643782,13480315681547253999,62775,1,21,19,57,5417,15,32,0,4164,7200,80,255,1
1767775952.8660572,13480315681547253999,62808,1,21,19,57,5417,15,32,0,4163,7200,80,255,1
1767775953.8674285,13480315681547253999,62829,1,21,19,57,5417,15,32,0,4162,7200,80,255,1
1767775955.3607755,13480315681547253999,62860,1,21,19,57,5417,15,32,0,4160,7200,80,255,1
1767775956.3676753,13480315681547253999,62881,1,21,19,57,5417,15,32,0,4159,7200,80,255,1
1767775957.8538897,13480315681547253999,62913,1,21,19,57,5417,15,32,0,4158,7200,80,255,1
1767775958.8714135,13480315681547253999,62936,1,21,19,57,5417,15,32,0,4157,7200,80,255,1
1767775960.3643692,13480315681547253999,62967,1,21,19,57,5417,15,32,0,4155,7200,80,255,1
1767775961.856334,13480315681547253999,62999,1,21,19,57,5417,15,32,0,4154,7200,80,255,1
1767775962.8674865,13480315681547253999,63020,1,21,19,57,5417,15,32,0,4153,7200,80,255,1
1767775964.3711956,13480315681547253999,63051,1,21,19,57,5417,15,32,0,4151,7200,80,255,1
1767775965.8563094,13480315681547253999,63085,1,21,19,57,5417,15,32,0,4150,7200,80,255,1
1767775966.8648717,13480315681547253999,63106,1,21,19,57,5417,15,32,0,4149,7200,80,255,1
1767775967.866554,13480315681547253999,63128,1,21,19,57,5417,15,32,0,4148,7200,80,255,1
1767775969.3534865,13480315681547253999,63160,1,21,19,57,5417,15,32,0,4146,7200,80,255,1
1767775970.3691123,13480315681547253999,63182,1,21,19,57,5417,15,32,0,4145,7200,80,255,1
1767775971.871174,13480315681547253999,63213,1,21,19,57,5417,15,32,0,4144,7200,80,255,1
1767775973.3631673,13480315681547253999,63244,1,21,19,57,5417,15,32,0,4142,7200,80,255,1
1767775974.8542094,13480315681547253999,63275,1,21,19,57,5417,15,32,0,4141,7200,80,255,1
1767775975.8586986,13480315681547253999,63296,1,21,19,57,5417,15,32,0,4140,7200,80,255,1
1767775976.868448,13480315681547253999,63317,1,21,19,57,5417,15,32,0,4139,7200,80,255,1
1767775978.3707106,13480315681547253999,63349,1,21,19,57,5417,15,32,0,4137,7200,80,255,1
1767775979.8672962,13480315681547253999,63382,1,21,19,57,5417,15,32,0,4136,7200,80,255,1
1767775981.3601725,13480315681547253999,63415,1,21,19,57,5417,15,32,0,4134,7200,80,255,1
1767775982.3662453,13480315681547253999,63436,1,21,19,57,5417,15,32,0,4133,7200,80,255,1
1767775983.8565123,13480315681547253999,63468,1,21,19,57,5417,15,32,0,4132,7200,80,255,1
1767775985.3550231,13480315681547253999,63501,1,21,19,57,5417,15,32,0,4130,7200,80,255,1
1767775986.3641734,13480315681547253999,63522,1,21,19,57,5417,15,32,0,4129,7200,80,255,1
1767775987.866039,13480315681547253999,63554,1,21,19,57,5417,15,32,0,4128,7200,80,255,1
1767775989.367046,13480315681547253999,63585,1,21,19,57,5417,15,32,0,4126,7200,80,255,1
1767775990.8587098,13480315681547253999,63618,1,21,19,57,5417,15,32,0,4125,7200,80,255,1
1767775991.8678381,13480315681547253999,63638,1,21,19,57,5417,15,32,0,4124,7200,80,255,1
1767775993.36015,13480315681547253999,63669,1,21,19,57,5417,15,32,0,4122,7200,80,255,1
1767775994.3694491,13480315681547253999,63690,1,21,19,57,5417,15,32,0,4121,7200,80,255,1
1767775995.8697028,13480315681547253999,63721,1,21,19,57,5417,15,32,0,4120,7200,80,255,1
1767775997.3617914,13480315681547253999,63755,1,21,19,57,5417,15,32,0,4118,7200,80,255,1
1767775998.3619134,13480315681547253999,63776,1,21,19,57,5417,15,32,0,4117,7200,80,255,1
1767775999.369719,13480315681547253999,63797,1,21,19,57,5417,15,32,0,4116,7200,80,255,1
1767776000.8614693,13480315681547253999,63830,1,21,19,57,5417,15,32,0,4115,7200,80,255,1
1767776002.3581462,13480315681547253999,63862,1,21,19,57,5417,15,32,0,4113,7200,80,255,1
1767776003.3629937,13480315681547253999,63883,1,21,19,57,5417,15,32,0,4112,7200,80,255,1
1767776004.3664563,13480315681547253999,63904,1,21,19,57,5417,15,32,0,4111,7200,80,255,1
1767776005.8523066,13480315681547253999,63937,1,21,19,57,5417,15,32,0,4110,7200,80,255,1
1767776006.865226,13480315681547253999,63958,1,21,19,57,5417,15,32,0,4109,7200,80,255,1
1767776008.3657959,13480315681547253999,63989,1,21,19,57,5417,15,32,0,4107,7200,80,255,1
1767776009.366777,13480315681547253999,64012,1,21,19,57,5417,15,32,0,4106,7200,80,255,1
1767776010.3715205,13480315681547253999,64034,1,21,19,57,5417,15,32,0,4105,7200,80,255,1
1767776011.8690126,13480315681547253999,64064,1,21,19,57,5417,15,32,0,4104,7200,80,255,1
1767776013.3620157,13480315681547253999,64096,1,21,19,57,5417,15,32,0,4102,7200,80,255,1
1767776014.3689628,13480315681547253999,64117,1,21,19,57,5417,15,32,0,4101,7200,80,255,1
1767776015.8581347,13480315681547253999,64151,1,21,19,57,5417,15,32,0,4100,7200,80,255,1
1767776016.861209,13480315681547253999,64172,1,21,19,57,5417,15,32,0,4099,7200,80,255,1
1767776017.8637967,13480315681547253999,64192,1,21,19,57,5417,15,32,0,4098,7200,80,255,1
1767776018.8682816,13480315681547253999,64213,1,21,19,57,5417,15,32,0,4097,7200,80,255,1
1767776019.8686929,13480315681547253999,64234,1,21,19,57,5417,15,32,0,4096,7200,80,255,1
1767776020.8698099,13480315681547253999,64255,1,21,19,57,5417,15,32,0,4095,7200,80,255,1
1767776022.360953,13480315681547253999,64288,1,21,19,57,5417,15,32,0,4093,7200,80,255,1
1767776023.3652766,13480315681547253999,64310,1,21,19,57,5417,15,32,0,4092,7200,80,255,1
1767776024.865349,13480315681547253999,64341,1,21,19,57,5417,15,32,0,4091,7200,80,255,1
1767776025.8663082,13480315681547253999,64362,1,21,19,57,5417,15,32,0,4090,7200,80,255,1
1767776027.3665955,13480315681547253999,64393,1,21,19,57,5417,15,32,0,4088,7200,80,255,1
1767776028.8691301,13480315681547253999,64425,1,21,19,57,5417,15,32,0,4087,7200,80,255,1
1767776030.370242,13480315681547253999,64457,1,21,19,57,5417,15,32,0,4085,7200,80,255,1
1767776031.8672352,13480315681547253999,64493,1,21,19,57,5417,15,32,0,4084,7200,80,255,1
1767776033.3650224,13480315681547253999,64525,1,21,19,57,5417,15,32,0,4082,7200,80,255,1
1767776034.8663313,13480315681547253999,64557,1,21,19,57,5417,15,32,0,4081,7200,80,255,1
1767776035.8719463,13480315681547253999,64578,1,21,19,57,5417,15,32,0,4080,7200,80,255,1
1767776037.3583896,13480315681547253999,64611,1,21,19,57,5417,15,32,0,4078,7200,80,255,1
1767776038.8709989,13480315681547253999,64644,1,21,19,57,5417,15,32,0,4077,7200,80,255,1
1767776040.361026,13480315681547253999,64675,1,21,19,57,5417,15,32,0,4075,7200,80,255,1
1767776041.365481,13480315681547253999,64696,1,21,19,57,5417,15,32,0,4074,7200,80,255,1
1767776042.866225,13480315681547253999,64728,1,21,19,57,5417,15,32,0,4073,7200,80,255,1
1767776043.866556,13480315681547253999,64748,1,21,19,57,5417,15,32,0,4072,7200,80,255,1
1767776045.3681476,13480315681547253999,64781,1,21,19,57,5417,15,32,0,4070,7200,80,255,1
1767776046.856305,13480315681547253999,64812,1,21,19,57,5417,15,32,0,4069,7200,80,255,1
1767776047.864199,13480315681547253999,64833,1,21,19,57,5417,15,32,0,4068,7200,80,255,1
1767776049.3654304,13480315681547253999,64866,1,21,19,57,5417,15,32,0,4066,7200,80,255,1
1767776050.853152,13480315681547253999,64896,1,21,19,57,5417,15,32,0,4065,7200,80,255,1
1767776051.862599,13480315681547253999,64917,1,21,19,57,5417,15,32,0,4064,7200,80,255,1
1767776053.3703337,13480315681547253999,64949,1,21,19,57,5417,15,32,0,4062,7200,80,255,1
1767776054.8561604,13480315681547253999,64979,1,21,19,57,5417,15,32,0,4061,7200,80,255,1
1767776055.8653867,13480315681547253999,65000,1,21,19,57,5417,15,32,0,4060,7200,80,255,1
1767776057.3674543,13480315681547253999,65031,1,21,19,57,5417,15,32,0,4058,7200,80,255,1
1767776058.8703113,13480315681547253999,65063,1,21,19,57,5417,15,32,0,4057,7200,80,255,1
1767776060.3665295,13480315681547253999,65094,1,21,19,57,5417,15,32,0,4055,7200,80,255,1
1767776061.8618617,13480315681547253999,65125,1,21,19,57,5417,15,32,0,4054,7200,80,255,1
1767776062.8677263,13480315681547253999,65148,1,21,19,57,5417,15,32,0,4053,7200,80,255,1
1767776063.8717518,13480315681547253999,65169,1,21,19,57,5417,15,32,0,4052,7200,80,255,1
1767776065.3540351,13480315681547253999,65202,1,21,19,57,5417,15,32,0,4050,7200,80,255,1
1767776066.3692217,13480315681547253999,65224,1,21,19,57,5417,15,32,0,4049,7200,80,255,1
1767776067.8625762,13480315681547253999,65258,1,21,19,57,5417,15,32,0,4048,7200,80,255,1
1767776068.8651965,13480315681547253999,65280,1,21,19,57,5417,15,32,0,4047,7200,80,255,1
1767776070.3572574,13480315681547253999,65310,1,21,19,57,5417,15,32,0,4045,7200,80,255,1
1767776071.3705432,13480315681547253999,65330,1,21,19,57,5417,15,32,0,4044,7200,80,255,1
1767776072.8654518,13480315681547253999,65361,1,21,19,57,5417,15,32,0,4043,7200,80,255,1
1767776074.368465,13480315681547253999,65392,1,21,19,57,5417,15,32,0,4041,7200,80,255,1
1767776075.865259,13480315681547253999,65424,1,21,19,57,5417,15,32,0,4040,7200,80,255,1
1767776077.362487,13480315681547253999,65456,1,21,19,57,5417,15,32,0,4038,7200,80,255,1
1767776078.3690112,13480315681547253999,65477,1,21,19,57,5417,15,32,0,4037,7200,80,255,1
1767776079.8524325,13480315681547253999,65509,1,21,19,57,5417,15,32,0,4036,7200,80,255,1
1767776080.8530102,13480315681547253999,65531,1,21,19,57,5417,15,32,0,4035,7200,80,255,1
1767776081.86177,13480315681547253999,65552,1,21,19,57,5417,15,32,0,4034,7200,80,255,1
1767776082.8705401,13480315681547253999,65574,1,21,19,57,5417,15,32,0,4033,7200,80,255,1
1767776084.3627958,13480315681547253999,65605,1,21,19,57,5417,15,32,0,4031,7200,80,255,1
1767776085.86474,13480315681547253999,65637,1,21,19,57,5417,15,32,0,4030,7200,80,255,1
1767776087.3665688,13480315681547253999,65668,2,21,19,57,5417,15,32,0,4028,7200,80,255,1
1767776088.8564234,13480315681547253999,65699,2,21,19,57,5417,15,32,0,4027,7200,80,255,1
1767776089.864107,13480315681547253999,65720,2,21,19,57,5417,15,32,0,4026,7200,80,255,1
1767776091.3628829,13480315681547253999,65752,2,21,19,57,5417,15,32,0,4024,7200,80,255,1
1767776092.8593721,13480315681547253999,65783,2,21,19,57,5417,15,32,0,4023,7200,80,255,1
1767776094.358392,13480315681547253999,65814,2,21,19,57,5417,15,32,0,4021,7200,80,255,1
1767776095.8695557,13480315681547253999,65846,2,21,19,57,5417,15,32,0,4020,7200,80,255,1
1767776097.3549392,13480315681547253999,65879,2,21,19,57,5417,15,32,0,4018,7200,80,255,1
1767776098.3656516,13480315681547253999,65901,2,21,19,57,5417,15,32,0,4017,7200,80,255,1
1767776099.867333,13480315681547253999,65932,2,21,19,57,5417,15,32,0,4016,7200,80,255,1
1767776101.3702261,13480315681547253999,65965,2,21,19,57,5417,15,32,0,4014,7200,80,255,1
1767776102.8668742,13480315681547253999,65996,2,21,19,57,5417,15,32,0,4013,7200,80,255,1
1767776104.3589737,13480315681547253999,66028,2,21,19,57,5417,15,32,0,4011,7200,80,255,1
1767776105.3710475,13480315681547253999,66048,2,21,19,57,5417,15,32,0,4010,7200,80,255,1
1767776106.8577034,13480315681547253999,66080,2,21,19,57,5417,15,32,0,4009,7200,80,255,1
1767776108.3593,13480315681547253999,66111,2,21,19,57,5417,15,32,0,4007,7200,80,255,1
1767776109.8629916,13480315681547253999,66144,2,21,19,57,5417,15,32,0,4006,7200,80,255,1
1767776111.3558304,13480315681547253999,66177,2,21,19,57,5417,15,32,0,4004,7200,80,255,1
1767776112.3674474,13480315681547253999,66199,2,21,19,57,5417,15,32,0,4003,7200,80,255,1
1767776113.8606837,13480315681547253999,66230,2,21,19,57,5417,15,32,0,4002,7200,80,255,1
1767776114.8651032,13480315681547253999,66251,2,21,19,57,5417,15,32,0,4001,7200,80,255,1
1767776116.3636985,13480315681547253999,66284,2,21,19,57,5417,15,32,0,3999,7200,80,255,1
1767776117.372243,13480315681547253999,66304,2,21,19,57,5417,15,32,0,3998,7200,80,255,1
1767776118.8629987,13480315681547253999,66335,2,21,19,57,5417,15,32,0,3997,7200,80,255,1
1767776119.8685756,13480315681547253999,66357,2,21,19,57,5417,15,32,0,3996,7200,80,255,1
1767776121.3540797,13480315681547253999,66389,2,21,19,57,5417,15,32,0,3994,7200,80,255,1
1767776122.362265,13480315681547253999,66411,2,21,19,57,5417,15,32,0,3993,7200,80,255,1
1767776123.370923,13480315681547253999,66432,2,21,19,57,5417,15,32,0,3992,7200,80,255,1
1767776124.865011,13480315681547253999,66463,2,21,19,57,5417,15,32,0,3991,7200,80,255,1
1767776126.358921,13480315681547253999,66494,2,21,19,57,5417,15,32,0,3989,7200,80,255,1
1767776127.359714,13480315681547253999,66514,2,21,19,57,5417,15,32,0,3988,7200,80,255,1
1767776128.8636832,13480315681547253999,66545,2,21,19,57,5417,15,32,0,3987,7200,80,255,1
1767776129.865525,13480315681547253999,66566,2,21,19,57,5417,15,32,0,3986,7200,80,255,1
1767776131.3709,13480315681547253999,66598,2,21,19,57,5417,15,32,0,3984,7200,80,255,1
1767776132.8604398,13480315681547253999,66631,2,21,19,57,5417,15,32,0,3983,7200,80,255,1
1767776133.8699245,13480315681547253999,66651,2,21,19,57,5417,15,32,0,3982,7200,80,255,1
1767776135.356061,13480315681547253999,66685,2,21,19,57,5417,15,32,0,3980,7200,80,255,1
1767776136.3683755,13480315681547253999,66707,2,21,19,57,5417,15,32,0,3979,7200,80,255,1
1767776137.8548722,13480315681547253999,66738,2,21,19,57,5417,15,32,0,3978,7200,80,255,1
1767776138.8705516,13480315681547253999,66760,2,21,19,57,5417,15,32,0,3977,7200,80,255,1
1767776140.3610013,13480315681547253999,66791,2,21,19,57,5417,15,32,0,3975,7200,80,255,1
1767776141.865965,13480315681547253999,66823,2,21,19,57,5417,15,32,0,3974,7200,80,255,1
1767776143.369215,13480315681547253999,66855,2,21,19,57,5417,15,32,0,3972,7200,80,255,1
1767776144.8562636,13480315681547253999,66887,2,21,19,57,5417,15,32,0,3971,7200,80,255,1
1767776145.87009,13480315681547253999,66909,2,21,19,57,5417,15,32,0,3970,7200,80,255,1
1767776147.352222,13480315681547253999,66941,2,21,19,57,5417,15,32,0,3968,7200,80,255,1
1767776148.3682134,13480315681547253999,66963,2,21,19,57,5417,15,32,0,3967,7200,80,255,1
1767776149.8566566,13480315681547253999,66994,2,21,19,57,5417,15,32,0,3966,7200,80,255,1
1767776150.8682373,13480315681547253999,67014,2,21,19,57,5417,15,32,0,3965,7200,80,255,1
1767776152.3651762,13480315681547253999,67046,2,21,19,57,5417,15,32,0,3963,7200,80,255,1
1767776153.8523917,13480315681547253999,67078,2,21,19,57,5417,15,32,0,3962,7200,80,255,1
1767776154.862108,13480315681547253999,67099,2,21,19,57,5417,15,32,0,3961,7200,80,255,1
1767776156.3574052,13480315681547253999,67131,2,21,19,57,5417,15,32,0,3959,7200,80,255,1
1767776157.8600829,13480315681547253999,67163,2,21,19,57,5417,15,32,0,3958,7200,80,255,1
1767776159.365839,13480315681547253999,67194,2,21,19,57,5417,15,32,0,3956,7200,80,255,1
1767776160.3661397,13480315681547253999,67215,2,21,19,57,5417,15,32,0,3955,7200,80,255,1
1767776161.8554523,13480315681547253999,67247,2,21,19,57,5417,15,32,0,3954,7200,80,255,1
1767776162.8563192,13480315681547253999,67269,2,21,19,57,5417,15,32,0,3953,7200,80,255,1
1767776163.8638906,13480315681547253999,67292,2,21,19,57,5417,15,32,0,3952,7200,80,255,1
1767776165.3716178,13480315681547253999,67326,2,21,19,57,5417,15,32,0,3950,7200,80,255,1
1767776166.8607132,13480315681547253999,67358,2,21,19,57,5417,15,32,0,3949,7200,80,255,1
1767776167.8612404,13480315681547253999,67380,2,21,19,57,5417,15,32,0,3948,7200,80,255,1
1767776168.8649127,13480315681547253999,67402,2,21,19,57,5417,15,32,0,3947,7200,80,255,1
1767776170.3620148,13480315681547253999,67435,2,21,19,57,5417,15,32,0,3945,7200,80,255,1
1767776171.8574257,13480315681547253999,67468,2,21,19,57,5417,15,32,0,3944,7200,80,255,1
1767776172.8589766,13480315681547253999,67489,2,21,19,57,5417,15,32,0,3943,7200,80,255,1
1767776173.8662255,13480315681547253999,67512,2,21,19,57,5417,15,32,0,3942,7200,80,255,1
1767776175.3690584,13480315681547253999,67542,2,21,19,57,5417,15,32,0,3940,7200,80,255,1
1767776176.3694885,13480315681547253999,67563,2,21,19,57,5417,15,32,0,3939,7200,80,255,1
1767776177.8611925,13480315681547253999,67594,2,21,19,57,5417,15,32,0,3938,7200,80,255,1
1767776179.3652887,13480315681547253999,67626,2,21,19,57,5417,15,32,0,3936,7200,80,255,1
1767776180.8651578,13480315681547253999,67658,2,21,19,57,5417,15,32,0,3935,7200,80,255,1
1767776181.8704624,13480315681547253999,67679,2,21,19,57,5417,15,32,0,3934,7200,80,255,1
1767776183.3523402,13480315681547253999,67710,2,21,19,57,5417,15,32,0,3933,7200,80,255,1
1767776184.363834,13480315681547253999,67731,2,21,19,57,5417,15,32,0,3931,7200,80,255,1
1767776185.866085,13480315681547253999,67763,2,21,19,57,5417,15,32,0,3930,7200,80,255,1
1767776187.3705845,13480315681547253999,67793,2,21,19,57,5417,15,32,0,3928,7200,80,255,1
1767776188.8537943,13480315681547253999,67824,2,21,19,57,5417,15,32,0,3927,7200,80,255,1
1767776189.8548574,13480315681547253999,67845,2,21,19,57,5417,15,32,0,3926,7200,80,255,1
1767776190.8703706,13480315681547253999,67867,2,21,19,57,5417,15,32,0,3925,7200,80,255,1
1767776191.8713274,13480315681547253999,67888,2,21,19,57,5417,15,32,0,3924,7200,80,255,1
1767776193.3614526,13480315681547253999,67919,2,21,19,57,5417,15,32,0,3922,7200,80,255,1
1767776194.8623211,13480315681547253999,67951,2,21,19,57,5417,15,32,0,3921,7200,80,255,1
1767776195.8639848,13480315681547253999,67972,2,21,19,57,5417,15,32,0,3920,7200,80,255,1
1767776197.3690422,13480315681547253999,68003,2,21,19,57,5417,15,32,0,3918,7200,80,255,1
1767776198.8574862,13480315681547253999,68034,2,21,19,57,5417,15,32,0,3917,7200,80,255,1
1767776200.3561842,13480315681547253999,68065,2,21,19,57,5417,15,32,0,3915,7200,80,255,1
1767776201.3637557,13480315681547253999,68087,2,21,19,57,5417,15,32,0,3914,7200,80,255,1
1767776202.370824,13480315681547253999,68110,2,21,19,57,5417,15,32,0,3913,7200,80,255,1
1767776203.8675985,13480315681547253999,68142,2,21,19,57,5417,15,32,0,3912,7200,80,255,1
1767776204.8687391,13480315681547253999,68162,2,21,19,57,5417,15,32,0,3911,7200,80,255,1
1767776206.3540628,13480315681547253999,68194,2,21,19,57,5417,15,32,0,3910,7200,80,255,1
1767776207.3613822,13480315681547253999,68216,2,21,19,57,5417,15,32,0,3908,7200,80,255,1
1767776208.8558774,13480315681547253999,68247,2,21,19,57,5417,15,32,0,3907,7200,80,255,1
1767776209.8665297,13480315681547253999,68270,2,21,19,57,5417,15,32,0,3906,7200,80,255,1
1767776211.3675044,13480315681547253999,68302,2,21,19,57,5417,15,32,0,3904,7200,80,255,1
1767776212.852545,13480315681547253999,68332,2,21,19,57,5417,15,32,0,3903,7200,80,255,1
1767776213.8623745,13480315681547253999,68353,2,21,19,57,5417,15,32,0,3902,7200,80,255,1
1767776214.863703,13480315681547253999,68374,2,21,19,57,5417,15,32,0,3901,7200,80,255,1
1767776216.3653412,13480315681547253999,68405,2,21,19,57,5417,15,32,0,3899,7200,80,255,1
1767776217.8665547,13480315681547253999,68439,2,21,19,57,5417,15,32,0,3898,7200,80,255,1
1767776219.3688624,13480315681547253999,68472,2,21,19,57,5417,15,32,0,3896,7200,80,255,1
1767776220.8710947,13480315681547253999,68503,2,21,19,57,5417,15,32,0,3895,7200,80,255,1
1767776222.359749,13480315681547253999,68534,2,21,19,57,5417,15,32,0,3893,7200,80,255,1
1767776223.859266,13480315681547253999,68567,2,21,19,57,5417,15,32,0,3892,7200,80,255,1
1767776225.363697,13480315681547253999,68599,2,21,19,57,5417,15,32,0,3890,7200,80,255,1
1767776226.8686597,13480315681547253999,68633,2,21,19,57,5417,15,32,0,3889,7200,80,255,1
1767776228.3649862,13480315681547253999,68666,2,21,19,57,5417,15,32,0,3887,7200,80,255,1
1767776229.368135,13480315681547253999,68687,2,21,19,57,5417,15,32,0,3886,7200,80,255,1
1767776230.871335,13480315681547253999,68721,2,21,19,57,5417,15,32,0,3885,7200,80,255,1
1767776232.361138,13480315681547253999,68754,2,21,19,57,5417,15,32,0,3883,7200,80,255,1
1767776233.8672988,13480315681547253999,68786,2,21,19,57,5417,15,32,0,3882,7200,80,255,1
1767776235.3618538,13480315681547253999,68816,2,21,19,57,5417,15,32,0,3880,7200,80,255,1
1767776236.866747,13480315681547253999,68849,2,21,19,57,5417,15,32,0,3879,7200,80,255,1
1767776238.3638897,13480315681547253999,68881,2,21,19,57,5417,15,32,0,3877,7200,80,255,1
1767776239.8616235,13480315681547253999,68913,2,21,19,57,5417,15,32,0,3876,7200,80,255,1
1767776241.3597162,13480315681547253999,68945,2,21,19,57,5417,15,32,0,3874,7200,80,255,1
1767776242.3673227,13480315681547253999,68966,2,21,19,57,5417,15,32,0,3873,7200,80,255,1
1767776243.8660226,13480315681547253999,68998,2,21,19,57,5417,15,32,0,3872,7200,80,255,1
1767776245.3573995,13480315681547253999,69029,2,21,19,57,5417,15,32,0,3870,7200,80,255,1
1767776246.8685365,13480315681547253999,69061,2,21,19,57,5417,15,32,0,3869,7200,80,255,1
1767776248.358542,13480315681547253999,69092,2,21,19,57,5417,15,32,0,3867,7200,80,255,1
1767776249.3594635,13480315681547253999,69113,2,21,19,57,5417,15,32,0,3866,7200,80,255,1
1767776250.359605,13480315681547253999,69134,2,21,19,57,5417,15,32,0,3865,7200,80,255,1
1767776251.3624365,13480315681547253999,69156,2,21,19,57,5417,15,32,0,3864,7200,80,255,1
1767776252.3671145,13480315681547253999,69177,2,21,19,57,5417,15,32,0,3863,7200,80,255,1
1767776253.863846,13480315681547253999,69210,2,21,19,57,5417,15,32,0,3862,7200,80,255,1
1767776255.3554678,13480315681547253999,69243,2,21,19,57,5417,15,32,0,3860,7200,80,255,1
1767776256.8663738,13480315681547253999,69276,2,21,19,57,5417,15,32,0,3859,7200,80,255,1
1767776258.3616104,13480315681547253999,69309,2,21,19,57,5417,15,32,0,3857,7200,80,255,1
1767776259.8621857,13480315681547253999,69341,2,21,19,57,5417,15,32,0,3856,7200,80,255,1
1767776261.3686128,13480315681547253999,69372,2,21,19,57,5417,15,32,0,3854,7200,80,255,1
1767776262.8689241,13480315681547253999,69404,2,21,19,57,5417,15,32,0,3853,7200,80,255,1
1767776263.870184,13480315681547253999,69424,2,21,19,57,5417,15,32,0,3852,7200,80,255,1
1767776265.3539762,13480315681547253999,69457,2,21,19,57,5417,15,32,0,3851,7200,80,255,1
1767776266.3662984,13480315681547253999,69479,2,21,19,57,5417,15,32,0,3849,7200,80,255,1
1767776267.8648198,13480315681547253999,69511,2,21,19,57,5417,15,32,0,3848,7200,80,255,1
1767776269.35262,13480315681547253999,69543,2,21,19,57,5417,15,32,0,3847,7200,80,255,1
1767776270.3684664,13480315681547253999,69565,2,21,19,57,5417,15,32,0,3845,7200,80,255,1
1767776271.867817,13480315681547253999,69598,2,21,19,57,5417,15,32,0,3844,7200,80,255,1
1767776273.3612087,13480315681547253999,69629,2,21,19,57,5417,15,32,0,3842,7200,80,255,1
1767776274.867686,13480315681547253999,69661,2,21,19,57,5417,15,32,0,3841,7200,80,255,1
1767776276.361106,13480315681547253999,69694,2,21,19,57,5417,15,32,0,3839,7200,80,255,1
1767776277.3705673,13480315681547253999,69717,2,21,19,57,5417,15,32,0,3838,7200,80,255,1
1767776278.8687475,13480315681547253999,69748,2,21,19,57,5417,15,32,0,3837,7200,80,255,1
1767776280.369341,13480315681547253999,69779,2,21,19,57,5417,15,32,0,3835,7200,80,255,1
1767776281.863574,13480315681547253999,69811,2,21,19,57,5417,15,32,0,3834,7200,80,255,1
1767776282.8706415,13480315681547253999,69833,2,21,19,57,5417,15,32,0,3833,7200,80,255,1
1767776284.3710876,13480315681547253999,69864,2,21,19,57,5417,15,32,0,3831,7200,80,255,1
1767776285.8711243,13480315681547253999,69896,2,21,19,57,5417,15,32,0,3830,7200,80,255,1
1767776287.3697836,13480315681547253999,69927,2,21,19,57,5417,15,32,0,3828,7200,80,255,1
1767776288.8706677,13480315681547253999,69958,2,21,19,57,5417,15,32,0,3827,7200,80,255,1
1767776290.356433,13480315681547253999,69989,2,21,19,57,5417,15,32,0,3826,7200,80,255,1
1767776291.3578358,13480315681547253999,70011,2,21,19,57,5417,15,32,0,3824,7200,80,255,1
1767776292.3625202,13480315681547253999,70031,2,21,19,57,5417,15,32,0,3823,7200,80,255,1
1767776293.3675675,13480315681547253999,70054,2,21,19,57,5417,15,32,0,3822,7200,80,255,1
1767776294.3743627,13480315681547253999,70076,2,21,19,57,5417,15,32,0,3821,7200,80,255,1
1767776295.866089,13480315681547253999,70107,2,21,19,57,5417,15,32,0,3820,7200,80,255,1
1767776297.362,13480315681547253999,70138,2,21,19,57,5417,15,32,0,3818,7200,80,255,1
1767776298.86278,13480315681547253999,70169,2,21,19,57,5417,15,32,0,3817,7200,80,255,1
1767776300.366524,13480315681547253999,70203,2,21,19,57,5417,15,32,0,3815,7200,80,255,1
1767776301.8539398,13480315681547253999,70234,2,21,19,57,5417,15,32,0,3814,7200,80,255,1
1767776302.862258,13480315681547253999,70256,2,21,19,57,5417,15,32,0,3813,7200,80,255,1
1767776303.8629382,13480315681547253999,70278,2,21,19,57,5417,15,32,0,3812,7200,80,255,1
1767776305.3528461,13480315681547253999,70310,2,21,19,57,5417,15,32,0,3811,7200,80,255,1
1767776306.369479,13480315681547253999,70333,2,21,19,57,5417,15,32,0,3809,7200,80,255,1
1767776307.8663123,13480315681547253999,70364,2,21,19,57,5417,15,32,0,3808,7200,80,255,1
1767776309.3674934,13480315681547253999,70396,2,21,19,57,5417,15,32,0,3806,7200,80,255,1
1767776310.370174,13480315681547253999,70416,2,21,19,57,5417,15,32,0,3805,7200,80,255,1
1767776311.3705812,13480315681547253999,70437,2,21,19,57,5417,15,32,0,3804,7200,80,255,1
1767776312.8559408,13480315681547253999,70469,2,21,19,57,5417,15,32,0,3803,7200,80,255,1
1767776313.8667183,13480315681547253999,70491,2,21,19,57,5417,15,32,0,3802,7200,80,255,1
1767776314.868421,13480315681547253999,70513,2,21,19,57,5417,15,32,0,3801,7200,80,255,1
1767776316.3637779,13480315681547253999,70547,2,21,19,57,5417,15,32,0,3799,7200,80,255,1
1767776317.8659382,13480315681547253999,70578,2,21,19,57,5417,15,32,0,3798,7200,80,255,1
1767776319.3659925,13480315681547253999,70610,2,21,19,57,5417,15,32,0,3796,7200,80,255,1
1767776320.8668032,13480315681547253999,70642,2,21,19,57,5417,15,32,0,3795,7200,80,255,1
1767776322.3673127,13480315681547253999,70674,2,21,19,57,5417,15,32,0,3793,7200,80,255,1
1767776323.870659,13480315681547253999,70705,2,21,19,57,5417,15,32,0,3792,7200,80,255,1
1767776325.355548,13480315681547253999,70736,2,21,19,57,5417,15,32,0,3791,7200,80,255,1
1767776326.3623874,13480315681547253999,70757,2,21,19,57,5417,15,32,0,3789,7200,80,255,1
1767776327.8607054,13480315681547253999,70792,2,21,19,57,5417,15,32,0,3788,7200,80,255,1
1767776328.869123,13480315681547253999,70813,2,21,19,57,5417,15,32,0,3787,7200,80,255,1
1767776330.3705082,13480315681547253999,70846,2,21,19,57,5417,15,32,0,3785,7200,80,255,1
1767776331.8573213,13480315681547253999,70878,2,21,19,57,5417,15,32,0,3784,7200,80,255,1
1767776333.3590736,13480315681547253999,70910,2,21,19,57,5417,15,32,0,3782,7200,80,255,1
1767776334.369266,13480315681547253999,70930,2,21,19,57,5417,15,32,0,3781,7200,80,255,1
1767776335.8537333,13480315681547253999,70962,2,21,19,57,5417,15,32,0,3780,7200,80,255,1
1767776336.8591855,13480315681547253999,70985,2,21,19,57,5417,15,32,0,3779,7200,80,255,1
1767776338.360761,13480315681547253999,71018,2,21,19,57,5417,15,32,0,3777,7200,80,255,1
1767776339.3692334,13480315681547253999,71039,2,21,19,57,5417,15,32,0,3776,7200,80,255,1
1767776340.8595772,13480315681547253999,71071,2,21,19,57,5417,15,32,0,3775,7200,80,255,1
1767776341.8641703,13480315681547253999,71092,2,21,19,57,5417,15,32,0,3774,7200,80,255,1
1767776343.3645034,13480315681547253999,71127,2,21,19,57,5417,15,32,0,3772,7200,80,255,1
1767776344.8596933,13480315681547253999,71158,2,21,19,57,5417,15,32,0,3771,7200,80,255,1
1767776345.8636508,13480315681547253999,71179,2,21,19,57,5417,15,32,0,3770,7200,80,255,1
1767776347.365033,13480315681547253999,71210,2,21,19,57,5417,15,32,0,3768,7200,80,255,1
1767776348.8593955,13480315681547253999,71242,2,21,19,57,5417,15,32,0,3767,7200,80,255,1
1767776349.8597844,13480315681547253999,71263,2,21,19,57,5417,15,32,0,3766,7200,80,255,1
1767776350.8703573,13480315681547253999,71283,2,21,19,57,5417,15,32,0,3765,7200,80,255,1
1767776352.3676617,13480315681547253999,71315,2,21,19,57,5417,15,32,0,3763,7200,80,255,1
1767776353.8693197,13480315681547253999,71348,2,21,19,57,5417,15,32,0,3762,7200,80,255,1
1767776355.3683288,13480315681547253999,71378,2,21,19,57,5417,15,32,0,3760,7200,80,255,1
1767776356.8660986,13480315681547253999,71409,2,21,19,57,5417,15,32,0,3759,7200,80,255,1
1767776358.3609977,13480315681547253999,71440,2,21,19,57,5417,15,32,0,3757,7200,80,255,1
1767776359.8636382,13480315681547253999,71472,2,21,19,57,5417,15,32,0,3756,7200,80,255,1
1767776361.3672576,13480315681547253999,71504,2,21,19,57,5417,15,32,0,3754,7200,80,255,1
1767776362.862914,13480315681547253999,71536,2,21,19,57,5417,15,32,0,3753,7200,80,255,1
1767776363.8702028,13480315681547253999,71557,2,21,19,57,5417,15,32,0,3752,7200,80,255,1
1767776365.359911,13480315681547253999,71588,2,21,19,57,5417,15,32,0,3751,7200,80,255,1
1767776366.3626876,13480315681547253999,71609,2,21,19,57,5417,15,32,0,3749,7200,80,255,1
1767776367.3704367,13480315681547253999,71631,2,21,19,57,5417,15,32,0,3748,7200,80,255,1
1767776368.8646128,13480315681547253999,71664,2,21,19,57,5417,15,32,0,3747,7200,80,255,1
1767776370.3709917,13480315681547253999,71694,2,21,19,57,5417,15,32,0,3745,7200,80,255,1
1767776371.8636096,13480315681547253999,71726,2,21,19,57,5417,15,32,0,3744,7200,80,255,1
1767776372.8702917,13480315681547253999,71746,2,21,19,57,5417,15,32,0,3743,7200,80,255,1
1767776374.3707752,13480315681547253999,71779,2,21,19,57,5417,15,32,0,3741,7200,80,255,1
1767776375.8712463,13480315681547253999,71811,2,21,19,57,5417,15,32,0,3740,7200,80,255,1
1767776377.3607717,13480315681547253999,71844,2,21,19,57,5417,15,32,0,3738,7200,80,255,1
1767776378.8559036,13480315681547253999,71877,2,21,19,57,5417,15,32,0,3737,7200,80,255,1
1767776380.3642917,13480315681547253999,71911,2,21,19,57,5417,15,32,0,3735,7200,80,255,1
1767776381.865721,13480315681547253999,71943,2,21,19,57,5417,15,32,0,3734,7200,80,255,1
1767776382.8673527,13480315681547253999,71963,2,21,19,57,5417,15,32,0,3733,7200,80,255,1
1767776384.3555608,13480315681547253999,71997,2,21,19,57,5417,15,32,0,3732,7200,80,255,1
1767776385.3702798,13480315681547253999,72019,2,21,19,57,5417,15,32,0,3730,7200,80,255,1
1767776386.8635075,13480315681547253999,72050,2,21,19,57,5417,15,32,0,3729,7200,80,255,1
1767776388.3616903,13480315681547253999,72083,2,21,19,57,5417,15,32,0,3727,7200,80,255,1
1767776389.3671417,13480315681547253999,72104,2,21,19,57,5417,15,32,0,3726,7200,80,255,1
1767776390.8681533,13480315681547253999,72137,2,21,19,57,5417,15,32,0,3725,7200,80,255,1
1767776392.3692203,13480315681547253999,72171,2,21,19,57,5417,15,32,0,3723,7200,80,255,1
1767776393.8662708,13480315681547253999,72203,2,21,19,57,5417,15,32,0,3722,7200,80,255,1
1767776395.366261,13480315681547253999,72233,2,21,19,57,5417,15,32,0,3720,7200,80,255,1
1767776396.869226,13480315681547253999,72266,2,21,19,57,5417,15,32,0,3719,7200,80,255,1
1767776398.3666277,13480315681547253999,72298,2,21,19,57,5417,15,32,0,3717,7200,80,255,1
1767776399.871975,13480315681547253999,72329,2,21,19,57,5417,15,32,0,3716,7200,80,255,1
1767776401.3561168,13480315681547253999,72360,2,21,19,57,5417,15,32,0,3715,7200,80,255,1
1767776402.3619115,13480315681547253999,72383,2,21,19,57,5417,15,32,0,3713,7200,80,255,1
1767776403.8646042,13480315681547253999,72415,2,21,19,57,5417,15,32,0,3712,7200,80,255,1
1767776405.3673615,13480315681547253999,72446,2,21,19,57,5417,15,32,0,3710,7200,80,255,1
1767776406.8677022,13480315681547253999,72478,2,21,19,57,5417,15,32,0,3709,7200,80,255,1
1767776408.3636577,13480315681547253999,72513,2,21,19,57,5417,15,32,0,3707,7200,80,255,1
1767776409.370732,13480315681547253999,72534,2,21,19,57,5417,15,32,0,3706,7200,80,255,1
1767776410.8614602,13480315681547253999,72566,2,21,19,57,5417,15,32,0,3705,7200,80,255,1
1767776412.352992,13480315681547253999,72598,2,21,19,57,5417,15,32,0,3704,7200,80,255,1
1767776413.3583658,13480315681547253999,72621,2,21,19,57,5417,15,32,0,3703,7200,80,255,1
1767776414.3649297,13480315681547253999,72642,2,21,19,57,5417,15,32,0,3701,7200,80,255,1
1767776415.369861,13480315681547253999,72664,2,21,19,57,5417,15,32,0,3700,7200,80,255,1
1767776416.8582458,13480315681547253999,72697,2,21,19,57,5417,15,32,0,3699,7200,80,255,1
1767776417.8673034,13480315681547253999,72718,2,21,19,57,5417,15,32,0,3698,7200,80,255,1
1767776419.3647404,13480315681547253999,72750,2,21,19,57,5417,15,32,0,3696,7200,80,255,1
1767776420.8665538,13480315681547253999,72783,2,21,19,57,5417,15,32,0,3695,7200,80,255,1
1767776422.357791,13480315681547253999,72813,2,21,19,57,5417,15,32,0,3694,7200,80,255,1
1767776423.3699799,13480315681547253999,72833,2,21,19,57,5417,15,32,0,3692,7200,80,255,1
1767776424.857614,13480315681547253999,72866,2,21,19,57,5417,15,32,0,3691,7200,80,255,1
1767776426.3615372,13480315681547253999,72900,2,21,19,57,5417,15,32,0,3689,7200,80,255,1
1767776427.3672256,13480315681547253999,72922,2,21,19,57,5417,15,32,0,3688,7200,80,255,1
1767776428.8570764,13480315681547253999,72953,2,21,19,57,5417,15,32,0,3687,7200,80,255,1
1767776429.861081,13480315681547253999,72973,2,21,19,57,5417,15,32,0,3686,7200,80,255,1
1767776431.3575835,13480315681547253999,73007,2,21,19,57,5417,15,32,0,3685,7200,80,255,1
1767776432.857214,13480315681547253999,73038,2,21,19,57,5417,15,32,0,3683,7200,80,255,1
1767776433.8670712,13480315681547253999,73059,2,21,19,57,5417,15,32,0,3682,7200,80,255,1
1767776435.3524845,13480315681547253999,73091,2,21,19,57,5417,15,32,0,3681,7200,80,255,1
1767776436.3605003,13480315681547253999,73113,2,21,19,57,5417,15,32,0,3679,7200,80,255,1
1767776437.8688226,13480315681547253999,73145,2,21,19,57,5417,15,32,0,3678,7200,80,255,1
1767776439.3701346,13480315681547253999,73177,2,21,19,57,5417,15,32,0,3676,7200,80,255,1
1767776440.8703325,13480315681547253999,73207,2,21,19,57,5417,15,32,0,3675,7200,80,255,1
1767776442.3594358,13480315681547253999,73238,2,21,19,57,5417,15,32,0,3674,7200,80,255,1
1767776443.8606446,13480315681547253999,73269,2,21,19,57,5417,15,32,0,3672,7200,80,255,1
1767776444.8669872,13480315681547253999,73290,2,21,19,57,5417,15,32,0,3671,7200,80,255,1
1767776446.3648417,13480315681547253999,73322,2,21,19,57,5417,15,32,0,3669,7200,80,255,1
1767776447.8586962,13480315681547253999,73354,2,21,19,57,5417,15,32,0,3668,7200,80,255,1
1767776448.8689096,13480315681547253999,73376,2,21,19,57,5417,15,32,0,3667,7200,80,255,1
1767776450.3538702,13480315681547253999,73407,2,21,19,57,5417,15,32,0,3666,7200,80,255,1
1767776451.3611128,13480315681547253999,73429,2,21,19,57,5417,15,32,0,3664,7200,80,255,1
1767776452.8564007,13480315681547253999,73461,2,21,19,57,5417,15,32,0,3663,7200,80,255,1
1767776453.860466,13480315681547253999,73484,2,21,19,57,5417,15,32,0,3662,7200,80,255,1
1767776454.8704925,13480315681547253999,73506,2,21,19,57,5417,15,32,0,3661,7200,80,255,1
1767776456.3681324,13480315681547253999,73540,2,21,19,57,5417,15,32,0,3659,7200,80,255,1
1767776457.8617153,13480315681547253999,73572,2,21,19,57,5417,15,32,0,3658,7200,80,255,1
1767776458.8690486,13480315681547253999,73593,2,21,19,57,5417,15,32,0,3657,7200,80,255,1
1767776460.3629484,13480315681547253999,73626,2,21,19,57,5417,15,32,0,3655,7200,80,255,1
1767776461.8625667,13480315681547253999,73658,2,21,19,57,5417,15,32,0,3654,7200,80,255,1
1767776462.869119,13480315681547253999,73678,2,21,19,57,5417,15,32,0,3653,7200,80,255,1
1767776464.3610506,13480315681547253999,73710,2,21,19,57,5417,15,32,0,3652,7200,80,255,1
1767776465.3643742,13480315681547253999,73732,2,21,19,57,5417,15,32,0,3650,7200,80,255,1
1767776466.8612802,13480315681547253999,73764,2,21,19,57,5417,15,32,0,3649,7200,80,255,1
1767776467.867336,13480315681547253999,73786,2,21,19,57,5417,15,32,0,3648,7200,80,255,1
1767776469.3533943,13480315681547253999,73818,2,21,19,57,5417,15,32,0,3647,7200,80,255,1
1767776470.3574746,13480315681547253999,73840,2,21,19,57,5417,15,32,0,3646,7200,80,255,1
1767776471.8573358,13480315681547253999,73872,2,21,19,57,5417,15,32,0,3644,7200,80,255,1
1767776472.8681788,13480315681547253999,73893,2,21,19,57,5417,15,32,0,3643,7200,80,255,1
1767776474.3604288,13480315681547253999,73927,2,21,19,57,5417,15,32,0,3642,7200,80,255,1
1767776475.862148,13480315681547253999,73959,2,21,19,57,5417,15,32,0,3640,7200,80,255,1
1767776476.868182,13480315681547253999,73980,2,21,19,57,5417,15,32,0,3639,7200,80,255,1
1767776478.3654222,13480315681547253999,74012,2,21,19,57,5417,15,32,0,3637,7200,80,255,1
1767776479.8634315,13480315681547253999,74042,2,21,19,57,5417,15,32,0,3636,7200,80,255,1
1767776481.3601086,13480315681547253999,74075,2,21,19,57,5417,15,32,0,3635,7200,80,255,1
1767776482.3669763,13480315681547253999,74097,2,21,19,57,5417,15,32,0,3633,7200,80,255,1
1767776483.8613026,13480315681547253999,74130,2,21,19,57,5417,15,32,0,3632,7200,80,255,1
1767776485.3667085,13480315681547253999,74161,2,21,19,57,5417,15,32,0,3630,7200,80,255,1
1767776486.3711054,13480315681547253999,74183,2,21,19,57,5417,15,32,0,3629,7200,80,255,1
1767776487.862407,13480315681547253999,74216,2,21,19,57,5417,15,32,0,3628,7200,80,255,1
1767776488.8657446,13480315681547253999,74238,2,21,19,57,5417,15,32,0,3627,7200,80,255,1
1767776490.3627353,13480315681547253999,74270,2,21,19,57,5417,15,32,0,3625,7200,80,255,1
1767776491.3702116,13480315681547253999,74292,2,21,19,57,5417,15,32,0,3624,7200,80,255,1
1767776492.8652494,13480315681547253999,74325,2,21,19,57,5417,15,32,0,3623,7200,80,255,1
1767776494.36211,13480315681547253999,74358,2,21,19,57,5417,15,32,0,3621,7200,80,255,1
1767776495.8622193,13480315681547253999,74392,2,21,19,57,5417,15,32,0,3620,7200,80,255,1
1767776497.3627098,13480315681547253999,74427,2,21,19,57,5417,15,32,0,3619,7200,80,255,1
1767776498.8588529,13480315681547253999,74459,2,21,19,57,5417,15,32,0,3617,7200,80,255,1
1767776499.8684149,13480315681547253999,74481,2,21,19,57,5417,15,32,0,3616,7200,80,255,1
1767776501.3690767,13480315681547253999,74512,2,21,19,57,5417,15,32,0,3614,7200,80,255,1
1767776502.8557098,13480315681547253999,74544,2,21,19,57,5417,15,32,0,3613,7200,80,255,1
1767776503.8701577,13480315681547253999,74565,2,21,19,57,5417,15,32,0,3612,7200,80,255,1
1767776505.355865,13480315681547253999,74596,2,21,19,57,5417,15,32,0,3611,7200,80,255,1
1767776506.366209,13480315681547253999,74618,2,21,19,57,5417,15,32,0,3609,7200,80,255,1
1767776507.862847,13480315681547253999,74649,2,21,19,57,5417,15,32,0,3608,7200,80,255,1
1767776509.360644,13480315681547253999,74682,2,21,19,57,5417,15,32,0,3607,7200,80,255,1
1767776510.3646395,13480315681547253999,74702,2,21,19,57,5417,15,32,0,3605,7200,80,255,1
1767776511.3682756,13480315681547253999,74723,2,21,19,57,5417,15,32,0,3604,7200,80,255,1
1767776512.8583813,13480315681547253999,74754,2,21,19,57,5417,15,32,0,3603,7200,80,255,1
1767776513.8685272,13480315681547253999,74775,2,21,19,57,5417,15,32,0,3602,7200,80,255,1
1767776515.3662684,13480315681547253999,74807,2,21,19,57,5417,15,32,0,3600,7200,80,255,1
1767776516.8682373,13480315681547253999,74840,2,21,19,57,5417,15,32,0,3599,7200,80,255,1
1767776518.3685014,13480315681547253999,74872,2,21,19,57,5417,15,32,0,3597,7200,80,255,1
1767776519.8673623,13480315681547253999,74907,2,21,19,57,5417,15,32,0,3596,7200,80,255,1
1767776521.3686562,13480315681547253999,74939,2,21,19,57,5417,15,32,0,3594,7200,80,255,1
1767776522.8628054,13480315681547253999,74971,2,21,19,57,5417,15,32,0,3593,7200,80,255,1
1767776523.8686154,13480315681547253999,74993,2,21,19,57,5417,15,32,0,3592,7200,80,255,1
1767776525.3638825,13480315681547253999,75024,2,21,19,57,5417,15,32,0,3590,7200,80,255,1
1767776526.867552,13480315681547253999,75056,2,21,19,57,5417,15,32,0,3589,7200,80,255,1
1767776528.3705077,13480315681547253999,75089,2,21,19,57,5417,15,32,0,3587,7200,80,255,1
1767776529.8697362,13480315681547253999,75120,2,21,19,57,5417,15,32,0,3586,7200,80,255,1
1767776531.3659542,13480315681547253999,75152,2,21,19,57,5417,15,32,0,3584,7200,80,255,1
1767776532.860893,13480315681547253999,75187,2,21,19,57,5417,15,32,0,3583,7200,80,255,1
1767776533.8669696,13480315681547253999,75208,2,21,19,57,5417,15,32,0,3582,7200,80,255,1
1767776534.8702116,13480315681547253999,75229,2,21,19,57,5417,15,32,0,3581,7200,80,255,1
1767776536.370215,13480315681547253999,75259,2,21,19,57,5417,15,32,0,3579,7200,80,255,1
1767776537.863666,13480315681547253999,75292,2,21,19,57,5417,15,32,0,3578,7200,80,255,1
1767776539.365482,13480315681547253999,75322,2,21,19,57,5417,15,32,0,3576,7200,80,255,1
1767776540.8670564,13480315681547253999,75355,2,21,19,57,5417,15,32,0,3575,7200,80,255,1
1767776542.3633409,13480315681547253999,75387,2,21,19,57,5417,15,32,0,3574,7200,80,255,1
1767776543.8570194,13480315681547253999,75421,2,21,19,57,5417,15,32,0,3572,7200,80,255,1
1767776544.859119,13480315681547253999,75442,2,21,19,57,5417,15,32,0,3571,7200,80,255,1
1767776545.8619192,13480315681547253999,75462,2,21,19,57,5417,15,32,0,3570,7200,80,255,1
1767776546.8684838,13480315681547253999,75482,2,21,19,57,5417,15,32,0,3569,7200,80,255,1
1767776548.3716688,13480315681547253999,75516,2,21,19,57,5417,15,32,0,3567,7200,80,255,1
1767776549.8653262,13480315681547253999,75547,2,21,19,57,5417,15,32,0,3566,7200,80,255,1
1767776551.363515,13480315681547253999,75578,2,21,19,57,5417,15,32,0,3564,7200,80,255,1
1767776552.8635466,13480315681547253999,75609,2,21,19,57,5417,15,32,0,3563,7200,80,255,1
1767776554.3706472,13480315681547253999,75640,2,21,19,57,5417,15,32,0,3561,7200,80,255,1
1767776555.8584337,13480315681547253999,75671,2,21,19,57,5417,15,32,0,3560,7200,80,255,1
1767776557.3591077,13480315681547253999,75703,2,21,19,57,5417,15,32,0,3559,7200,80,255,1
1767776558.364464,13480315681547253999,75724,2,21,19,57,5417,15,32,0,3557,7200,80,255,1
1767776559.8687189,13480315681547253999,75756,2,21,19,57,5417,15,32,0,3556,7200,80,255,1
1767776561.3667626,13480315681547253999,75788,2,21,19,57,5417,15,32,0,3554,7200,80,255,1
1767776562.8659265,13480315681547253999,75820,2,21,19,57,5417,15,32,0,3553,7200,80,255,1
1767776564.3634531,13480315681547253999,75851,2,21,19,57,5417,15,32,0,3552,7200,80,255,1
1767776565.8678098,13480315681547253999,75883,2,21,19,57,5417,15,32,0,3550,7200,80,255,1
1767776567.359408,13480315681547253999,75919,2,21,19,57,5417,15,32,0,3549,7200,80,255,1
1767776568.3676682,13480315681547253999,75940,2,21,19,57,5417,15,32,0,3547,7200,80,255,1
1767776569.8590868,13480315681547253999,75972,2,21,19,57,5417,15,32,0,3546,7200,80,255,1
1767776571.360319,13480315681547253999,76004,2,21,19,57,5417,15,32,0,3545,7200,80,255,1
1767776572.366658,13480315681547253999,76026,2,21,19,57,5417,15,32,0,3543,7200,80,255,1
1767776573.8678849,13480315681547253999,76059,2,21,19,57,5417,15,32,0,3542,7200,80,255,1
1767776575.3682573,13480315681547253999,76093,2,21,19,57,5417,15,32,0,3540,7200,80,255,1
1767776576.8535657,13480315681547253999,76125,2,21,19,57,5417,15,32,0,3539,7200,80,255,1
1767776577.857989,13480315681547253999,76147,2,21,19,57,5417,15,32,0,3538,7200,80,255,1
1767776578.8669467,13480315681547253999,76167,2,21,19,57,5417,15,32,0,3537,7200,80,255,1
1767776580.3689213,13480315681547253999,76201,2,21,19,57,5417,15,32,0,3535,7200,80,255,1
1767776581.8614557,13480315681547253999,76231,2,21,19,57,5417,15,32,0,3534,7200,80,255,1
1767776582.8685522,13480315681547253999,76252,2,21,19,57,5417,15,32,0,3533,7200,80,255,1
1767776584.3520024,13480315681547253999,76284,2,21,19,57,5417,15,32,0,3532,7200,80,255,1
1767776585.364988,13480315681547253999,76306,2,21,19,57,5417,15,32,0,3530,7200,80,255,1
1767776586.371129,13480315681547253999,76328,2,21,19,57,5417,15,32,0,3529,7200,80,255,1
1767776587.8595812,13480315681547253999,76359,2,21,19,57,5417,15,32,0,3528,7200,80,255,1
1767776589.3659153,13480315681547253999,76390,2,21,19,57,5417,15,32,0,3526,7200,80,255,1
1767776590.856319,13480315681547253999,76423,2,21,19,57,5417,15,32,0,3525,7200,80,255,1
1767776591.86884,13480315681547253999,76444,2,21,19,57,5417,15,32,0,3524,7200,80,255,1
1767776593.360163,13480315681547253999,76477,2,21,19,57,5417,15,32,0,3523,7200,80,255,1
1767776594.8660328,13480315681547253999,76508,2,21,19,57,5417,15,32,0,3521,7200,80,255,1
1767776595.8671107,13480315681547253999,76528,2,21,19,57,5417,15,32,0,3520,7200,80,255,1
1767776597.3591263,13480315681547253999,76561,2,21,19,57,5417,15,32,0,3519,7200,80,255,1
1767776598.8594623,13480315681547253999,76593,2,21,19,57,5417,15,32,0,3517,7200,80,255,1
1767776600.360635,13480315681547253999,76625,2,21,19,57,5417,15,32,0,3516,7200,80,255,1
1767776601.8546808,13480315681547253999,76659,2,21,19,57,5417,15,32,0,3514,7200,80,255,1
1767776602.859665,13480315681547253999,76681,2,21,19,57,5417,15,32,0,3513,7200,80,255,1
1767776604.3614259,13480315681547253999,76713,2,21,19,57,5417,15,32,0,3512,7200,80,255,1
1767776605.3698597,13480315681547253999,76734,2,21,19,57,5417,15,32,0,3510,7200,80,255,1
1767776606.862728,13480315681547253999,76768,2,21,19,57,5417,15,32,0,3509,7200,80,255,1
1767776607.870633,13480315681547253999,76790,2,21,19,57,5417,15,32,0,3508,7200,80,255,1
1767776609.3638115,13480315681547253999,76820,2,21,19,57,5417,15,32,0,3506,7200,80,255,1
1767776610.3667986,13480315681547253999,76842,2,21,19,57,5417,15,32,0,3505,7200,80,255,1
1767776611.8605022,13480315681547253999,76876,2,21,19,57,5417,15,32,0,3504,7200,80,255,1
1767776613.366472,13480315681547253999,76908,2,21,19,57,5417,15,32,0,3502,7200,80,255,1
1767776614.8537912,13480315681547253999,76939,2,21,19,57,5417,15,32,0,3501,7200,80,255,1
1767776615.8601174,13480315681547253999,76961,2,21,19,57,5417,15,32,0,3500,7200,80,255,1
1767776616.8711364,13480315681547253999,76981,2,21,19,57,5417,15,32,0,3499,7200,80,255,1
1767776618.3546848,13480315681547253999,77014,2,21,19,57,5417,15,32,0,3498,7200,80,255,1
1767776619.3640559,13480315681547253999,77035,2,21,19,57,5417,15,32,0,3497,7200,80,255,1
1767776620.8687727,13480315681547253999,77067,2,21,19,57,5417,15,32,0,3495,7200,80,255,1
1767776622.3555787,13480315681547253999,77100,2,21,19,57,5417,15,32,0,3494,7200,80,255,1
1767776623.8572824,13480315681547253999,77134,2,21,19,57,5417,15,32,0,3492,7200,80,255,1
1767776624.861423,13480315681547253999,77155,2,21,19,57,5417,15,32,0,3491,7200,80,255,1
1767776625.8662887,13480315681547253999,77176,2,21,19,57,5417,15,32,0,3490,7200,80,255,1
1767776626.8692935,13480315681547253999,77198,2,21,19,57,5417,15,32,0,3489,7200,80,255,1
1767776628.3594337,13480315681547253999,77232,2,21,19,57,5417,15,32,0,3488,7200,80,255,1
1767776629.3635051,13480315681547253999,77253,2,21,19,57,5417,15,32,0,3487,7200,80,255,1
1767776630.8585613,13480315681547253999,77285,2,21,19,57,5417,15,32,0,3485,7200,80,255,1
1767776631.871221,13480315681547253999,77305,2,21,19,57,5417,15,32,0,3484,7200,80,255,1
1767776633.3655572,13480315681547253999,77339,2,21,19,57,5417,15,32,0,3482,7200,80,255,1
1767776634.3682282,13480315681547253999,77361,2,21,19,57,5417,15,32,0,3481,7200,80,255,1
1767776635.8591328,13480315681547253999,77393,2,21,19,57,5417,15,32,0,3480,7200,80,255,1
1767776636.8693757,13480315681547253999,77415,2,21,19,57,5417,15,32,0,3479,7200,80,255,1
1767776638.3656251,13480315681547253999,77448,2,21,19,57,5417,15,32,0,3478,7200,80,255,1
1767776639.8673313,13480315681547253999,77481,2,21,19,57,5417,15,32,0,3476,7200,80,255,1
1767776641.353493,13480315681547253999,77512,2,21,19,57,5417,15,32,0,3475,7200,80,255,1
1767776642.3664622,13480315681547253999,77535,2,21,19,57,5417,15,32,0,3473,7200,80,255,1
1767776643.8668206,13480315681547253999,77567,2,21,19,57,5417,15,32,0,3472,7200,80,255,1
1767776645.3700595,13480315681547253999,77601,2,21,19,57,5417,15,32,0,3470,7200,80,255,1
1767776646.8676374,13480315681547253999,77633,2,21,19,57,5417,15,32,0,3469,7200,80,255,1
1767776648.3648484,13480315681547253999,77666,2,21,19,57,5417,15,32,0,3468,7200,80,255,1
1767776649.370484,13480315681547253999,77687,2,21,19,57,5417,15,32,0,3466,7200,80,255,1
1767776650.8709812,13480315681547253999,77719,2,21,19,57,5417,15,32,0,3465,7200,80,255,1
1767776652.3570542,13480315681547253999,77751,2,21,19,57,5417,15,32,0,3464,7200,80,255,1
1767776653.3678796,13480315681547253999,77774,2,21,19,57,5417,15,32,0,3463,7200,80,255,1
1767776654.8721752,13480315681547253999,77807,2,21,19,57,5417,15,32,0,3461,7200,80,255,1
1767776656.3677971,13480315681547253999,77839,2,21,19,57,5417,15,32,0,3459,7200,80,255,1
1767776657.860857,13480315681547253999,77871,2,21,19,57,5417,15,32,0,3458,7200,80,255,1
1767776658.8681226,13480315681547253999,77893,2,21,19,57,5417,15,32,0,3457,7200,80,255,1
1767776660.3675528,13480315681547253999,77927,2,21,19,57,5417,15,32,0,3455,7200,80,255,1
1767776661.8613312,13480315681547253999,77959,2,21,19,57,5417,15,32,0,3454,7200,80,255,1
1767776662.8700392,13480315681547253999,77979,2,21,19,57,5417,15,32,0,3453,7200,80,255,1
1767776664.3670864,13480315681547253999,78011,2,21,19,57,5417,15,32,0,3451,7200,80,255,1
1767776665.3673284,13480315681547253999,78034,2,21,19,57,5417,15,32,0,3451,7200,80,255,1
1767776666.861916,13480315681547253999,78066,2,21,19,57,5417,15,32,0,3449,7200,80,255,1
1767776667.8702433,13480315681547253999,78088,2,21,19,57,5417,15,32,0,3448,7200,80,255,1
1767776669.3678167,13480315681547253999,78123,2,21,19,57,5417,15,32,0,3446,7200,80,255,1
1767776670.867925,13480315681547253999,78157,2,21,19,57,5417,15,32,0,3445,7200,80,255,1
1767776672.3635633,13480315681547253999,78190,2,21,19,57,5417,15,32,0,3444,7200,80,255,1
1767776673.853599,13480315681547253999,78223,2,21,19,57,5417,15,32,0,3442,7200,80,255,1
1767776674.8603673,13480315681547253999,78245,2,21,19,57,5417,15,32,0,3441,7200,80,255,1
1767776675.864776,13480315681547253999,78266,2,21,19,57,5417,15,32,0,3440,7200,80,255,1
1767776676.8701289,13480315681547253999,78286,2,21,19,57,5417,15,32,0,3439,7200,80,255,1
1767776678.368298,13480315681547253999,78318,2,21,19,57,5417,15,32,0,3437,7200,80,255,1
1767776679.8683648,13480315681547253999,78353,2,21,19,57,5417,15,32,0,3436,7200,80,255,1
1767776681.3547752,13480315681547253999,78386,2,21,19,57,5417,15,32,0,3435,7200,80,255,1
1767776682.363769,13480315681547253999,78409,2,21,19,57,5417,15,32,0,3434,7200,80,255,1
1767776683.8610682,13480315681547253999,78442,2,21,19,57,5417,15,32,0,3432,7200,80,255,1
1767776685.3636265,13480315681547253999,78474,2,21,19,57,5417,15,32,0,3431,7200,80,255,1
1767776686.8609147,13480315681547253999,78508,2,21,19,57,5417,15,32,0,3429,7200,80,255,1
1767776687.868256,13480315681547253999,78529,2,21,19,57,5417,15,32,0,3428,7200,80,255,1
1767776689.352669,13480315681547253999,78562,2,21,19,57,5417,15,32,0,3427,7200,80,255,1
1767776690.3648045,13480315681547253999,78583,2,21,19,57,5417,15,32,0,3426,7200,80,255,1
1767776691.867123,13480315681547253999,78613,2,21,19,57,5417,15,32,0,3424,7200,80,255,1
1767776692.87035,13480315681547253999,78635,2,21,19,57,5417,15,32,0,3423,7200,80,255,1
1767776694.3573294,13480315681547253999,78667,2,21,19,57,5417,15,32,0,3422,7200,80,255,1
1767776695.3685632,13480315681547253999,78691,2,21,19,57,5417,15,32,0,3420,7200,80,255,1
1767776696.8621368,13480315681547253999,78725,2,21,19,57,5417,15,32,0,3419,7200,80,255,1
1767776697.8683698,13480315681547253999,78746,2,21,19,57,5417,15,32,0,3418,7200,80,255,1
1767776698.870329,13480315681547253999,78768,2,21,19,57,5417,15,32,0,3417,7200,80,255,1
1767776700.3667653,13480315681547253999,78800,2,21,19,57,5417,15,32,0,3415,7200,80,255,1
1767776701.8690088,13480315681547253999,78834,2,21,19,57,5417,15,32,0,3414,7200,80,255,1
1767776703.3559213,13480315681547253999,78866,2,21,19,57,5417,15,32,0,3413,7200,80,255,1
1767776704.3684335,13480315681547253999,78887,2,21,19,57,5417,15,32,0,3411,7200,80,255,1
1767776705.8658648,13480315681547253999,78917,2,21,19,57,5417,15,32,0,3410,7200,80,255,1
1767776707.3606105,13480315681547253999,78948,2,21,19,57,5417,15,32,0,3409,7200,80,255,1
1767776708.8606477,13480315681547253999,78980,2,21,19,57,5417,15,32,0,3407,7200,80,255,1
1767776709.8678503,13480315681547253999,79001,2,21,19,57,5417,15,32,0,3406,7200,80,255,1
1767776711.3665075,13480315681547253999,79032,2,21,19,57,5417,15,32,0,3404,7200,80,255,1
1767776712.8657587,13480315681547253999,79064,2,21,19,57,5417,15,32,0,3403,7200,80,255,1
1767776713.8660126,13480315681547253999,79085,2,21,19,57,5417,15,32,0,3402,7200,80,255,1
1767776715.3668532,13480315681547253999,79117,2,21,19,57,5417,15,32,0,3401,7200,80,255,1
1767776716.367365,13480315681547253999,79138,2,21,19,57,5417,15,32,0,3400,7200,80,255,1
1767776717.871167,13480315681547253999,79171,2,21,19,57,5417,15,32,0,3398,7200,80,255,1
1767776718.8715816,13480315681547253999,79193,2,21,19,57,5417,15,32,0,3397,7200,80,255,1
1767776720.3686347,13480315681547253999,79226,2,21,19,57,5417,15,32,0,3395,7200,80,255,1
1767776721.8560715,13480315681547253999,79257,2,21,19,57,5417,15,32,0,3394,7200,80,255,1
1767776722.8678873,13480315681547253999,79279,2,21,19,57,5417,15,32,0,3393,7200,80,255,1
1767776724.3562062,13480315681547253999,79310,2,21,19,57,5417,15,32,0,3392,7200,80,255,1
1767776725.3568058,13480315681547253999,79331,2,21,19,57,5417,15,32,0,3391,7200,80,255,1
1767776726.8630972,13480315681547253999,79365,2,21,19,57,5417,15,32,0,3389,7200,80,255,1
1767776728.3652148,13480315681547253999,79397,2,21,19,57,5417,15,32,0,3388,7200,80,255,1
1767776729.8618627,13480315681547253999,79428,2,21,19,57,5417,15,32,0,3386,7200,80,255,1
1767776730.8648567,13480315681547253999,79451,2,21,19,57,5417,15,32,0,3385,7200,80,255,1
1767776732.362176,13480315681547253999,79485,2,21,19,57,5417,15,32,0,3384,7200,80,255,1
1767776733.8648016,13480315681547253999,79517,2,21,19,57,5417,15,32,0,3382,7200,80,255,1
1767776734.8700798,13480315681547253999,79540,2,21,19,57,5417,15,32,0,3381,7200,80,255,1
1767776736.3600645,13480315681547253999,79574,2,21,19,57,5417,15,32,0,3380,7200,80,255,1
1767776737.865793,13480315681547253999,79604,2,21,19,57,5417,15,32,0,3378,7200,80,255,1
1767776739.3695953,13480315681547253999,79636,2,21,19,57,5417,15,32,0,3376,7200,80,255,1
1767776740.3725705,13480315681547253999,79656,2,21,19,57,5417,15,32,0,3376,7200,80,255,1
1767776741.8712895,13480315681547253999,79687,2,21,19,57,5417,15,32,0,3374,7200,80,255,1
1767776743.3655684,13480315681547253999,79719,2,21,19,57,5417,15,32,0,3372,7200,80,255,1
1767776744.8701043,13480315681547253999,79752,2,21,19,57,5417,15,32,0,3371,7200,80,255,1
1767776746.355006,13480315681547253999,79784,2,21,19,57,5417,15,32,0,3370,7200,80,255,1
1767776747.3676636,13480315681547253999,79807,2,21,19,57,5417,15,32,0,3369,7200,80,255,1
1767776748.8662865,13480315681547253999,79839,2,21,19,57,5417,15,32,0,3367,7200,80,255,1
1767776750.3655899,13480315681547253999,79871,2,21,19,57,5417,15,32,0,3366,7200,80,255,1
1767776751.3660796,13480315681547253999,79892,2,21,19,57,5417,15,32,0,3364,7200,80,255,1
1767776752.8618517,13480315681547253999,79924,2,21,19,57,5417,15,32,0,3363,7200,80,255,1
1767776753.868806,13480315681547253999,79945,2,21,19,57,5417,15,32,0,3362,7200,80,255,1
1767776755.3691378,13480315681547253999,79976,2,21,19,57,5417,15,32,0,3360,7200,80,255,1
1767776756.8547158,13480315681547253999,80008,2,21,19,57,5417,15,32,0,3359,7200,80,255,1
1767776757.8672807,13480315681547253999,80030,2,21,19,57,5417,15,32,0,3358,7200,80,255,1
1767776758.8704362,13480315681547253999,80052,2,21,19,57,5417,15,32,0,3357,7200,80,255,1
1767776760.3557901,13480315681547253999,80085,2,21,19,57,5417,15,32,0,3356,7200,80,255,1
1767776761.366786,13480315681547253999,80107,2,21,19,57,5417,15,32,0,3355,7200,80,255,1
1767776762.8545566,13480315681547253999,80139,2,21,19,57,5417,15,32,0,3353,7200,80,255,1
1767776763.8563974,13480315681547253999,80161,2,21,19,57,5417,15,32,0,3352,7200,80,255,1
1767776764.8667514,13480315681547253999,80183,2,21,19,57,5417,15,32,0,3351,7200,80,255,1
1767776766.3672137,13480315681547253999,80215,2,21,19,57,5417,15,32,0,3350,7200,80,255,1
1767776767.8570054,13480315681547253999,80248,2,21,19,57,5417,15,32,0,3348,7200,80,255,1
1767776768.8576987,13480315681547253999,80269,2,21,19,57,5417,15,32,0,3347,7200,80,255,1
1767776769.8647435,13480315681547253999,80290,2,21,19,57,5417,15,32,0,3346,7200,80,255,1
1767776771.3643703,13480315681547253999,80324,2,21,19,57,5417,15,32,0,3345,7200,80,255,1
1767776772.8618815,13480315681547253999,80357,2,21,19,57,5417,15,32,0,3343,7200,80,255,1
1767776773.862011,13480315681547253999,80378,2,21,19,57,5417,15,32,0,3342,7200,80,255,1
1767776774.8678958,13480315681547253999,80401,2,21,19,57,5417,15,32,0,3341,7200,80,255,1
1767776776.360373,13480315681547253999,80432,2,21,19,57,5417,15,32,0,3340,7200,80,255,1
1767776777.3646889,13480315681547253999,80453,2,21,19,57,5417,15,32,0,3339,7200,80,255,1
1767776778.8531947,13480315681547253999,80486,2,21,19,57,5417,15,32,0,3337,7200,80,255,1
1767776779.8595493,13480315681547253999,80508,2,21,19,57,5417,15,32,0,3336,7200,80,255,1
1767776780.868161,13480315681547253999,80529,2,21,19,57,5417,15,32,0,3335,7200,80,255,1
1767776782.3564289,13480315681547253999,80561,2,21,19,57,5417,15,32,0,3334,7200,80,255,1
1767776783.3622494,13480315681547253999,80584,2,21,19,57,5417,15,32,0,3333,7200,80,255,1
1767776784.367982,13480315681547253999,80606,2,21,19,57,5417,15,32,0,3332,7200,80,255,1
1767776785.8672724,13480315681547253999,80640,2,21,19,57,5417,15,32,0,3330,7200,80,255,1
1767776787.3625169,13480315681547253999,80674,2,21,19,57,5417,15,32,0,3329,7200,80,255,1
1767776788.367865,13480315681547253999,80696,2,21,19,57,5417,15,32,0,3328,7200,80,255,1
1767776789.3697488,13480315681547253999,80717,2,21,19,57,5417,15,32,0,3326,7200,80,255,1
1767776790.8533223,13480315681547253999,80749,2,21,19,57,5417,15,32,0,3325,7200,80,255,1
1767776791.8566132,13480315681547253999,80772,2,21,19,57,5417,15,32,0,3324,7200,80,255,1
1767776793.3577359,13480315681547253999,80805,2,21,19,57,5417,15,32,0,3323,7200,80,255,1
1767776794.3595505,13480315681547253999,80826,2,21,19,57,5417,15,32,0,3322,7200,80,255,1
1767776795.8679962,13480315681547253999,80857,2,21,19,57,5417,15,32,0,3320,7200,80,255,1
1767776796.8709757,13480315681547253999,80877,2,21,19,57,5417,15,32,0,3319,7200,80,255,1
1767776798.3604052,13480315681547253999,80910,2,21,19,57,5417,15,32,0,3318,7200,80,255,1
1767776799.3704603,13480315681547253999,80931,2,21,19,57,5417,15,32,0,3316,7200,80,255,1
1767776800.8572884,13480315681547253999,80964,2,21,19,57,5417,15,32,0,3315,7200,80,255,1
1767776801.8634634,13480315681547253999,80985,2,21,19,57,5417,15,32,0,3314,7200,80,255,1
1767776802.8678935,13480315681547253999,81006,2,21,19,57,5417,15,32,0,3313,7200,80,255,1
1767776804.3596535,13480315681547253999,81038,2,21,19,57,5417,15,32,0,3312,7200,80,255,1
1767776805.865871,13480315681547253999,81070,2,21,19,57,5417,15,32,0,3310,7200,80,255,1
1767776807.360132,13480315681547253999,81103,2,21,19,57,5417,15,32,0,3309,7200,80,255,1
1767776808.368397,13480315681547253999,81125,2,21,19,57,5417,15,32,0,3308,7200,80,255,1
1767776809.8612518,13480315681547253999,81160,2,21,19,57,5417,15,32,0,3306,7200,80,255,1
1767776810.8694286,13480315681547253999,81183,2,21,19,57,5417,15,32,0,3305,7200,80,255,1
1767776812.3635914,13480315681547253999,81216,2,21,19,57,5417,15,32,0,3304,7200,80,255,1
1767776813.367902,13480315681547253999,81238,2,21,19,57,5417,15,32,0,3303,7200,80,255,1
1767776814.369563,13480315681547253999,81261,2,21,19,57,5417,15,32,0,3301,7200,80,255,1
1767776815.370229,13480315681547253999,81282,2,21,19,57,5417,15,32,0,3300,7200,80,255,1
1767776816.8581712,13480315681547253999,81313,2,21,19,57,5417,15,32,0,3299,7200,80,255,1
1767776817.8678863,13480315681547253999,81335,2,21,19,57,5417,15,32,0,3298,7200,80,255,1
1767776819.3616693,13480315681547253999,81368,2,21,19,57,5417,15,32,0,3297,7200,80,255,1
1767776820.8669631,13480315681547253999,81399,2,21,19,57,5417,15,32,0,3295,7200,80,255,1
1767776822.3636787,13480315681547253999,81430,2,21,19,57,5417,15,32,0,3294,7200,80,255,1
1767776823.3711975,13480315681547253999,81453,2,21,19,57,5417,15,32,0,3293,7200,80,255,1
1767776824.8542068,13480315681547253999,81485,2,21,19,57,5417,15,32,0,3291,7200,80,255,1
1767776825.86749,13480315681547253999,81508,2,21,19,57,5417,15,32,0,3290,7200,80,255,1
1767776826.8680534,13480315681547253999,81529,2,21,19,57,5417,15,32,0,3289,7200,80,255,1
1767776828.361221,13480315681547253999,81563,2,21,19,57,5417,15,32,0,3288,7200,80,255,1
1767776829.8590112,13480315681547253999,81594,2,21,19,57,5417,15,32,0,3286,7200,80,255,1
1767776830.8648567,13480315681547253999,81615,2,21,19,57,5417,15,32,0,3285,7200,80,255,1
1767776831.8701026,13480315681547253999,81636,2,21,19,57,5417,15,32,0,3284,7200,80,255,1
1767776833.3561444,13480315681547253999,81668,2,21,19,57,5417,15,32,0,3283,7200,80,255,1
1767776834.3614814,13480315681547253999,81690,2,21,19,57,5417,15,32,0,3282,7200,80,255,1
1767776835.3671145,13480315681547253999,81711,2,21,19,57,5417,15,32,0,3281,7200,80,255,1
1767776836.858191,13480315681547253999,81743,2,21,19,57,5417,15,32,0,3279,7200,80,255,1
1767776837.8657732,13480315681547253999,81765,2,21,19,57,5417,15,32,0,3278,7200,80,255,1
1767776839.3634076,13480315681547253999,81800,2,21,19,57,5417,15,32,0,3277,7200,80,255,1
1767776840.3635232,13480315681547253999,81822,2,21,19,57,5417,15,32,0,3276,7200,80,255,1
1767776841.3693302,13480315681547253999,81845,2,21,19,57,5417,15,32,0,3275,7200,80,255,1
1767776842.3696172,13480315681547253999,81865,2,21,19,57,5417,15,32,0,3274,7200,80,255,1
1767776843.8591278,13480315681547253999,81897,2,21,19,57,5417,15,32,0,3272,7200,80,255,1
1767776844.8602633,13480315681547253999,81917,2,21,19,57,5417,15,32,0,3271,7200,80,255,1
1767776846.363478,13480315681547253999,81950,2,21,19,57,5417,15,32,0,3270,7200,80,255,1
1767776847.3665311,13480315681547253999,81973,2,21,19,57,5417,15,32,0,3269,7200,80,255,1
1767776848.8608122,13480315681547253999,82003,2,21,19,57,5417,15,32,0,3267,7200,80,255,1
1767776849.8700745,13480315681547253999,82023,2,21,19,57,5417,15,32,0,3266,7200,80,255,1
1767776851.3618553,13480315681547253999,82057,2,21,19,57,5417,15,32,0,3265,7200,80,255,1
1767776852.3669553,13480315681547253999,82078,2,21,19,57,5417,15,32,0,3264,7200,80,255,1
1767776853.8643174,13480315681547253999,82111,2,21,19,57,5417,15,32,0,3262,7200,80,255,1
1767776855.364756,13480315681547253999,82145,2,21,19,57,5417,15,32,0,3261,7200,80,255,1
1767776856.8646734,13480315681547253999,82177,2,21,19,57,5417,15,32,0,3259,7200,80,255,1
1767776857.871399,13480315681547253999,82198,2,21,19,57,5417,15,32,0,3258,7200,80,255,1
1767776859.3660939,13480315681547253999,82229,2,21,19,57,5417,15,32,0,3257,7200,80,255,1
1767776860.367068,13480315681547253999,82251,2,21,19,57,5417,15,32,0,3256,7200,80,255,1
1767776861.865613,13480315681547253999,82282,2,21,19,57,5417,15,32,0,3254,7200,80,255,1
1767776863.3555603,13480315681547253999,82316,2,21,19,57,5417,15,32,0,3253,7200,80,255,1
1767776864.364448,13480315681547253999,82339,2,21,19,57,5417,15,32,0,3252,7200,80,255,1
1767776865.370929,13480315681547253999,82360,2,21,19,57,5417,15,32,0,3250,7200,80,255,1
1767776866.3714273,13480315681547253999,82382,2,21,19,57,5417,15,32,0,3249,7200,80,255,1
1767776867.866642,13480315681547253999,82415,2,21,19,57,5417,15,32,0,3248,7200,80,255,1
1767776868.8673213,13480315681547253999,82435,2,21,19,57,5417,15,32,0,3247,7200,80,255,1
1767776870.3586042,13480315681547253999,82469,2,21,19,57,5417,15,32,0,3246,7200,80,255,1
1767776871.368852,13480315681547253999,82490,2,21,19,57,5417,15,32,0,3245,7200,80,255,1
1767776872.868489,13480315681547253999,82522,2,21,19,57,5417,15,32,0,3243,7200,80,255,1
1767776874.3606262,13480315681547253999,82556,2,21,19,57,5417,15,32,0,3242,7200,80,255,1
1767776875.8620746,13480315681547253999,82588,2,21,19,57,5417,15,32,0,3240,7200,80,255,1
1767776876.868932,13480315681547253999,82609,2,21,19,57,5417,15,32,0,3239,7200,80,255,1
1767776877.8712604,13480315681547253999,82630,2,21,19,57,5417,15,32,0,3238,7200,80,255,1
1767776879.3675344,13480315681547253999,82662,2,21,19,57,5417,15,32,0,3237,7200,80,255,1
1767776880.8683636,13480315681547253999,82696,2,21,19,57,5417,15,32,0,3235,7200,80,255,1
1767776882.3643417,13480315681547253999,82728,2,21,19,57,5417,15,32,0,3234,7200,80,255,1
1767776883.3697755,13480315681547253999,82749,2,21,19,57,5417,15,32,0,3233,7200,80,255,1
1767776884.8583891,13480315681547253999,82781,2,21,19,57,5417,15,32,0,3231,7200,80,255,1
1767776885.8664844,13480315681547253999,82803,2,21,19,57,5417,15,32,0,3230,7200,80,255,1
1767776886.8692636,13480315681547253999,82825,2,21,19,57,5417,15,32,0,3229,7200,80,255,1
1767776888.3719227,13480315681547253999,82859,2,21,19,57,5417,15,32,0,3228,7200,80,255,1
1767776889.8702922,13480315681547253999,82891,2,21,19,57,5417,15,32,0,3226,7200,80,255,1
1767776890.8713682,13480315681547253999,82912,2,21,19,57,5417,15,32,0,3225,7200,80,255,1
1767776892.3572667,13480315681547253999,82944,2,21,19,57,5417,15,32,0,3224,7200,80,255,1
1767776893.358823,13480315681547253999,82965,2,21,19,57,5417,15,32,0,3223,7200,80,255,1
1767776894.8604228,13480315681547253999,82998,2,21,19,57,5417,15,32,0,3221,7200,80,255,1
1767776896.3670115,13480315681547253999,83031,2,21,19,57,5417,15,32,0,3220,7200,80,255,1
1767776897.861988,13480315681547253999,83063,2,21,19,57,5417,15,32,0,3218,7200,80,255,1
1767776899.360042,13480315681547253999,83096,2,21,19,57,5417,15,32,0,3217,7200,80,255,1
1767776900.8670943,13480315681547253999,83129,2,21,19,57,5417,15,32,0,3215,7200,80,255,1
1767776902.3713992,13480315681547253999,83160,2,21,19,57,5417,15,32,0,3214,7200,80,255,1
1767776903.8664653,13480315681547253999,83193,2,21,19,57,5417,15,32,0,3212,7200,80,255,1
1767776905.3655336,13480315681547253999,83225,2,21,19,57,5417,15,32,0,3211,7200,80,255,1
1767776906.8556697,13480315681547253999,83257,2,21,19,57,5417,15,32,0,3209,7200,80,255,1
1767776907.8563998,13480315681547253999,83278,2,21,19,57,5417,15,32,0,3208,7200,80,255,1
1767776908.866366,13480315681547253999,83300,2,21,19,57,5417,15,32,0,3207,7200,80,255,1
1767776910.361174,13480315681547253999,83333,2,21,19,57,5417,15,32,0,3206,7200,80,255,1
1767776911.8681054,13480315681547253999,83367,2,21,19,57,5417,15,32,0,3204,7200,80,255,1
1767776913.3644354,13480315681547253999,83399,2,21,19,57,5417,15,32,0,3203,7200,80,255,1
1767776914.8645566,13480315681547253999,83431,2,21,19,57,5417,15,32,0,3201,7200,80,255,1
1767776915.8646455,13480315681547253999,83452,2,21,19,57,5417,15,32,0,3200,7200,80,255,1
1767776917.3676782,13480315681547253999,83484,2,21,19,57,5417,15,32,0,3199,7200,80,255,1
1767776918.3680649,13480315681547253999,83507,2,21,19,57,5417,15,32,0,3198,7200,80,255,1
1767776919.8709388,13480315681547253999,83541,2,21,19,57,5417,15,32,0,3196,7200,80,255,1
1767776920.8720114,13480315681547253999,83563,2,21,19,57,5417,15,32,0,3195,7200,80,255,1
1767776922.3535042,13480315681547253999,83595,2,21,19,57,5417,15,32,0,3194,7200,80,255,1
1767776923.3549042,13480315681547253999,83617,2,21,19,57,5417,15,32,0,3193,7200,80,255,1
1767776924.366082,13480315681547253999,83638,2,21,19,57,5417,15,32,0,3192,7200,80,255,1
1767776925.8546417,13480315681547253999,83670,2,21,19,57,5417,15,32,0,3190,7200,80,255,1
1767776926.8679888,13480315681547253999,83692,2,21,19,57,5417,15,32,0,3189,7200,80,255,1
1767776928.3532612,13480315681547253999,83724,2,21,19,57,5417,15,32,0,3188,7200,80,255,1
1767776929.36674,13480315681547253999,83746,2,21,19,57,5417,15,32,0,3187,7200,80,255,1
1767776930.857987,13480315681547253999,83776,2,21,19,57,5417,15,32,0,3185,7200,80,255,1
1767776931.8595233,13480315681547253999,83797,2,21,19,57,5417,15,32,0,3184,7200,80,255,1
1767776933.36725,13480315681547253999,83829,2,21,19,57,5417,15,32,0,3183,7200,80,255,1
1767776934.8711712,13480315681547253999,83861,2,21,19,57,5417,15,32,0,3181,7200,80,255,1
1767776936.357994,13480315681547253999,83893,2,21,19,57,5417,15,32,0,3180,7200,80,255,1
1767776937.8521216,13480315681547253999,83925,2,21,19,57,5417,15,32,0,3178,7200,80,255,1
1767776938.8605435,13480315681547253999,83948,2,21,19,57,5417,15,32,0,3177,7200,80,255,1
1767776939.8607483,13480315681547253999,83969,2,21,19,57,5417,15,32,0,3176,7200,80,255,1
1767776940.8684359,13480315681547253999,83990,2,21,19,57,5417,15,32,0,3175,7200,80,255,1
1767776942.367628,13480315681547253999,84022,2,21,19,57,5417,15,32,0,3174,7200,80,255,1
1767776943.87132,13480315681547253999,84053,2,21,19,57,5417,15,32,0,3172,7200,80,255,1
1767776945.3590147,13480315681547253999,84085,2,21,19,57,5417,15,32,0,3171,7200,80,255,1
1767776946.8667028,13480315681547253999,84117,2,21,19,57,5417,15,32,0,3169,7200,80,255,1
1767776948.3611915,13480315681547253999,84151,2,21,19,57,5417,15,32,0,3168,7200,80,255,1
1767776949.3689313,13480315681547253999,84173,2,21,19,57,5417,15,32,0,3167,7200,80,255,1
1767776950.8679743,13480315681547253999,84205,2,21,19,57,5417,15,32,0,3165,7200,80,255,1
1767776952.3534908,13480315681547253999,84238,2,21,19,57,5417,15,32,0,3164,7200,80,255,1
1767776953.3554192,13480315681547253999,84260,2,21,19,57,5417,15,32,0,3163,7200,80,255,1
1767776954.8662586,13480315681547253999,84293,2,21,19,57,5417,15,32,0,3161,7200,80,255,1
1767776955.8698876,13480315681547253999,84314,2,21,19,57,5417,15,32,0,3160,7200,80,255,1
1767776957.3617334,13480315681547253999,84346,2,21,19,57,5417,15,32,0,3159,7200,80,255,1
1767776958.8714352,13480315681547253999,84379,2,21,19,57,5417,15,32,0,3157,7200,80,255,1
1767776960.3640943,13480315681547253999,84410,2,21,19,57,5417,15,32,0,3156,7200,80,255,1
1767776961.8543766,13480315681547253999,84446,2,21,19,57,5417,15,32,0,3154,7200,80,255,1
1767776962.8554718,13480315681547253999,84468,2,21,19,57,5417,15,32,0,3153,7200,80,255,1
1767776963.855856,13480315681547253999,84490,2,21,19,57,5417,15,32,0,3152,7200,80,255,1
1767776964.8563826,13480315681547253999,84511,2,21,19,57,5417,15,32,0,3151,7200,80,255,1
1767776965.8617547,13480315681547253999,84532,2,21,19,57,5417,15,32,0,3150,7200,80,255,1
1767776966.863344,13480315681547253999,84553,2,21,19,57,5417,15,32,0,3149,7200,80,255,1
1767776968.3541567,13480315681547253999,84586,2,21,19,57,5417,15,32,0,3148,7200,80,255,1
1767776969.3712268,13480315681547253999,84609,2,21,19,57,5417,15,32,0,3147,7200,80,255,1
1767776970.8623097,13480315681547253999,84640,2,21,19,57,5417,15,32,0,3145,7200,80,255,1
1767776971.8695807,13480315681547253999,84661,2,21,19,57,5417,15,32,0,3144,7200,80,255,1
1767776973.3669562,13480315681547253999,84694,2,21,19,57,5417,15,32,0,3143,7200,80,255,1
1767776974.870791,13480315681547253999,84728,2,21,19,57,5417,15,32,0,3141,7200,80,255,1
1767776976.3548288,13480315681547253999,84760,2,21,19,57,5417,15,32,0,3140,7200,80,255,1
1767776977.3561115,13480315681547253999,84782,2,21,19,57,5417,15,32,0,3139,7200,80,255,1
1767776978.3566809,13480315681547253999,84803,2,21,19,57,5417,15,32,0,3138,7200,80,255,1
1767776979.8652642,13480315681547253999,84837,2,21,19,57,5417,15,32,0,3136,7200,80,255,1
1767776980.8675213,13480315681547253999,84859,2,21,19,57,5417,15,32,0,3135,7200,80,255,1
1767776982.3615336,13480315681547253999,84890,2,21,19,57,5417,15,32,0,3134,7200,80,255,1
1767776983.8697443,13480315681547253999,84922,2,21,19,57,5417,15,32,0,3132,7200,80,255,1
1767776985.3561149,13480315681547253999,84954,2,21,19,57,5417,15,32,0,3131,7200,80,255,1
1767776986.366369,13480315681547253999,84976,2,21,19,57,5417,15,32,0,3130,7200,80,255,1
1767776987.870044,13480315681547253999,85009,2,21,19,57,5417,15,32,0,3128,7200,80,255,1
1767776988.8709574,13480315681547253999,85030,2,21,19,57,5417,15,32,0,3127,7200,80,255,1
1767776990.3611443,13480315681547253999,85061,2,21,19,57,5417,15,32,0,3126,7200,80,255,1
1767776991.8610036,13480315681547253999,85093,2,21,19,57,5417,15,32,0,3124,7200,80,255,1
1767776993.3610857,13480315681547253999,85126,2,21,19,57,5417,15,32,0,3123,7200,80,255,1
1767776994.3635182,13480315681547253999,85150,2,21,19,57,5417,15,32,0,3122,7200,80,255,1
1767776995.3645282,13480315681547253999,85171,2,21,19,57,5417,15,32,0,3121,7200,80,255,1
1767776996.8594859,13480315681547253999,85204,2,21,19,57,5417,15,32,0,3119,7200,80,255,1
1767776998.3660483,13480315681547253999,85236,2,21,19,57,5417,15,32,0,3118,7200,80,255,1
1767776999.8548362,13480315681547253999,85272,2,21,19,57,5417,15,32,0,3116,7200,80,255,1
1767777000.8599212,13480315681547253999,85293,2,21,19,57,5417,15,32,0,3115,7200,80,255,1
1767777001.8694043,13480315681547253999,85316,2,21,19,57,5417,15,32,0,3114,7200,80,255,1
1767777003.364068,13480315681547253999,85352,2,21,19,57,5417,15,32,0,3113,7200,80,255,1
1767777004.3666313,13480315681547253999,85375,2,21,19,57,5417,15,32,0,3112,7200,80,255,1
1767777005.3666825,13480315681547253999,85396,2,21,19,57,5417,15,32,0,3111,7200,80,255,1
1767777006.8554964,13480315681547253999,85428,2,21,19,57,5417,15,32,0,3109,7200,80,255,1
1767777007.8713357,13480315681547253999,85450,2,21,19,57,5417,15,32,0,3108,7200,80,255,1
1767777009.3695931,13480315681547253999,85482,2,21,19,57,5417,15,32,0,3107,7200,80,255,1
1767777010.3702285,13480315681547253999,85503,2,21,19,57,5417,15,32,0,3106,7200,80,255,1
1767777011.8662007,13480315681547253999,85534,2,21,19,57,5417,15,32,0,3104,7200,80,255,1
1767777012.8665702,13480315681547253999,85556,2,21,19,57,5417,15,32,0,3103,7200,80,255,1
1767777014.3712292,13480315681547253999,85589,2,21,19,57,5417,15,32,0,3102,7200,80,255,1
1767777015.8548915,13480315681547253999,85621,2,21,19,57,5417,15,32,0,3100,7200,80,255,1
1767777016.8578146,13480315681547253999,85643,2,21,19,57,5417,15,32,0,3099,7200,80,255,1
1767777018.3584015,13480315681547253999,85674,2,21,19,57,5417,15,32,0,3098,7200,80,255,1
1767777019.3706152,13480315681547253999,85696,2,21,19,57,5417,15,32,0,3097,7200,80,255,1
1767777020.8699872,13480315681547253999,85727,2,21,19,57,5417,15,32,0,3095,7200,80,255,1
1767777021.8704257,13480315681547253999,85748,2,21,19,57,5417,15,32,0,3094,7200,80,255,1
1767777023.3546722,13480315681547253999,85781,2,21,19,57,5417,15,32,0,3093,7200,80,255,1
1767777024.3589003,13480315681547253999,85802,2,21,19,57,5417,15,32,0,3092,7200,80,255,1
1767777025.8706555,13480315681547253999,85836,2,21,19,57,5417,15,32,0,3090,7200,80,255,1
1767777027.3587346,13480315681547253999,85867,2,21,19,57,5417,15,32,0,3089,7200,80,255,1
1767777028.3691902,13480315681547253999,85889,2,21,19,57,5417,15,32,0,3088,7200,80,255,1
1767777029.8549216,13480315681547253999,85924,2,21,19,57,5417,15,32,0,3086,7200,80,255,1
1767777030.8597665,13480315681547253999,85945,2,21,19,57,5417,15,32,0,3085,7200,80,255,1
1767777032.368937,13480315681547253999,85977,2,21,19,57,5417,15,32,0,3084,7200,80,255,1
1767777033.854617,13480315681547253999,86009,2,21,19,57,5417,15,32,0,3082,7200,80,255,1
1767777034.8666978,13480315681547253999,86031,2,21,19,57,5417,15,32,0,3081,7200,80,255,1
1767777035.8709016,13480315681547253999,86054,2,21,19,57,5417,15,32,0,3080,7200,80,255,1
1767777037.358769,13480315681547253999,86085,2,21,19,57,5417,15,32,0,3079,7200,80,255,1
1767777038.861926,13480315681547253999,86118,2,21,19,57,5417,15,32,0,3077,7200,80,255,1
1767777040.369918,13480315681547253999,86150,2,21,19,57,5417,15,32,0,3076,7200,80,255,1
1767777041.8671916,13480315681547253999,86180,2,21,19,57,5417,15,32,0,3074,7200,80,255,1
1767777043.3545651,13480315681547253999,86213,2,21,19,57,5417,15,32,0,3073,7200,80,255,1
1767777044.3548522,13480315681547253999,86235,2,21,19,57,5417,15,32,0,3072,7200,80,255,1
1767777045.355743,13480315681547253999,86257,2,21,19,57,5417,15,32,0,3071,7200,80,255,1
1767777046.3594599,13480315681547253999,86278,2,21,19,57,5417,15,32,0,3070,7200,80,255,1
1767777047.8584187,13480315681547253999,86311,2,21,19,57,5417,15,32,0,3068,7200,80,255,1
1767777048.8611722,13480315681547253999,86333,2,21,19,57,5417,15,32,0,3067,7200,80,255,1
1767777050.3636076,13480315681547253999,86366,2,21,19,57,5417,15,32,0,3066,7200,80,255,1
1767777051.369722,13480315681547253999,86388,2,21,19,57,5417,15,32,0,3065,7200,80,255,1
1767777052.8568947,13480315681547253999,86419,2,21,19,57,5417,15,32,0,3063,7200,80,255,1
1767777053.8642478,13480315681547253999,86441,2,21,19,57,5417,15,32,0,3062,7200,80,255,1
1767777055.3541641,13480315681547253999,86474,2,21,19,57,5417,15,32,0,3061,7200,80,255,1
1767777056.371754,13480315681547253999,86498,2,21,19,57,5417,15,32,0,3060,7200,80,255,1
1767777057.868843,13480315681547253999,86529,2,21,19,57,5417,15,32,0,3058,7200,80,255,1
1767777059.3713708,13480315681547253999,86561,2,21,19,57,5417,15,32,0,3057,7200,80,255,1
1767777060.861031,13480315681547253999,86594,2,21,19,57,5417,15,32,0,3055,7200,80,255,1
1767777062.3674574,13480315681547253999,86626,2,21,19,57,5417,15,32,0,3054,7200,80,255,1
1767777063.87157,13480315681547253999,86658,2,21,19,57,5417,15,32,0,3052,7200,80,255,1
1767777065.3517876,13480315681547253999,86690,2,21,19,57,5417,15,32,0,3051,7200,80,255,1
1767777066.3607671,13480315681547253999,86712,2,21,19,57,5417,15,32,0,3050,7200,80,255,1
1767777067.856764,13480315681547253999,86744,2,21,19,57,5417,15,32,0,3048,7200,80,255,1
1767777068.856957,13480315681547253999,86765,2,21,19,57,5417,15,32,0,3047,7200,80,255,1
1767777070.3699918,13480315681547253999,86798,2,21,19,57,5417,15,32,0,3046,7200,80,255,1
1767777071.8622875,13480315681547253999,86830,2,21,19,57,5417,15,32,0,3044,7200,80,255,1
1767777073.370458,13480315681547253999,86864,2,21,19,57,5417,15,32,0,3043,7200,80,255,1
1767777074.8635223,13480315681547253999,86896,2,21,19,57,5417,15,32,0,3041,7200,80,255,1
1767777075.8646047,13480315681547253999,86916,2,21,19,57,5417,15,32,0,3040,7200,80,255,1
1767777077.354197,13480315681547253999,86953,2,21,19,57,5417,15,32,0,3039,7200,80,255,1
1767777078.3677814,13480315681547253999,86974,2,21,19,57,5417,15,32,0,3038,7200,80,255,1
1767777079.856729,13480315681547253999,87005,2,21,19,57,5417,15,32,0,3036,7200,80,255,1
1767777080.873299,13480315681547253999,87028,2,21,19,57,5417,15,32,0,3035,7200,80,255,1
1767777082.3613799,13480315681547253999,87058,2,21,19,57,5417,15,32,0,3034,7200,80,255,1
1767777083.8529496,13480315681547253999,87091,2,21,19,57,5417,15,32,0,3032,7200,80,255,1
1767777084.8668857,13480315681547253999,87112,2,21,19,57,5417,15,32,0,3031,7200,80,255,1
1767777086.3653843,13480315681547253999,87142,2,21,19,57,5417,15,32,0,3030,7200,80,255,1
1767777087.8556097,13480315681547253999,87174,2,21,19,57,5417,15,32,0,3028,7200,80,255,1
1767777088.8704245,13480315681547253999,87195,2,21,19,57,5417,15,32,0,3027,7200,80,255,1
1767777090.36185,13480315681547253999,87225,2,21,19,57,5417,15,32,0,3026,7200,80,255,1
1767777091.3657672,13480315681547253999,87245,2,21,19,57,5417,15,32,0,3025,7200,80,255,1
1767777092.854301,13480315681547253999,87275,2,21,19,57,5417,15,32,0,3023,7200,80,255,1
1767777093.8654943,13480315681547253999,87296,2,21,19,57,5417,15,32,0,3022,7200,80,255,1
1767777095.364745,13480315681547253999,87330,2,21,19,57,5417,15,32,0,3021,7200,80,255,1
1767777096.8666823,13480315681547253999,87360,2,21,19,57,5417,15,32,0,3019,7200,80,255,1
1767777098.3629878,13480315681547253999,87392,2,21,19,57,5417,15,32,0,3018,7200,80,255,1
1767777099.8684974,13480315681547253999,87425,2,21,19,57,5417,15,32,0,3016,7200,80,255,1
1767777101.3657026,13480315681547253999,87455,2,21,19,57,5417,15,32,0,3015,7200,80,255,1
1767777102.8545225,13480315681547253999,87490,2,21,19,57,5417,15,32,0,3013,7200,80,255,1
1767777103.8619347,13480315681547253999,87511,2,21,19,57,5417,15,32,0,3012,7200,80,255,1
1767777105.3585184,13480315681547253999,87543,2,21,19,57,5417,15,32,0,3011,7200,80,255,1
1767777106.3635736,13480315681547253999,87566,2,21,19,57,5417,15,32,0,3010,7200,80,255,1
1767777107.8577623,13480315681547253999,87596,2,21,19,57,5417,15,32,0,3008,7200,80,255,1
1767777109.358851,13480315681547253999,87639,2,21,19,57,5417,15,32,0,3007,7200,80,255,1
1767777110.8694966,13480315681547253999,87675,2,21,19,57,5417,15,32,0,3005,7200,80,255,1
1767777111.8717067,13480315681547253999,87696,2,21,19,57,5417,15,32,0,3004,7200,80,255,1
1767777113.3689857,13480315681547253999,87726,2,21,19,57,5417,15,32,0,3003,7200,80,255,1
1767777114.8599873,13480315681547253999,87756,2,21,19,57,5417,15,32,0,3001,7200,80,255,1
1767777116.3564782,13480315681547253999,87788,2,21,19,57,5417,15,32,0,3000,7200,80,255,1
1767777117.3581202,13480315681547253999,87817,2,21,19,57,5417,15,32,0,2999,7200,80,255,1
1767777118.372199,13480315681547253999,87842,2,21,19,57,5417,15,32,0,2998,7200,80,255,1
1767777119.8687017,13480315681547253999,87873,2,21,19,57,5417,15,32,0,2996,7200,80,255,1
1767777121.368636,13480315681547253999,87903,2,21,19,57,5417,15,32,0,2995,7200,80,255,1
1767777122.8622556,13480315681547253999,87933,2,21,19,57,5417,15,32,0,2993,7200,80,255,1
1767777124.3529088,13480315681547253999,87967,2,21,19,57,5417,15,32,0,2992,7200,80,255,1
1767777125.3650987,13480315681547253999,87988,2,21,19,57,5417,15,32,0,2991,7200,80,255,1
1767777126.3680897,13480315681547253999,88010,2,21,19,57,5417,15,32,0,2990,7200,80,255,1
1767777127.8604662,13480315681547253999,88041,2,21,19,57,5417,15,32,0,2988,7200,80,255,1
1767777129.3709629,13480315681547253999,88078,2,21,19,57,5417,15,32,0,2987,7200,80,255,1
1767777130.8659694,13480315681547253999,88109,2,21,19,57,5417,15,32,0,2985,7200,80,255,1
1767777131.866983,13480315681547253999,88129,2,21,19,57,5417,15,32,0,2984,7200,80,255,1
1767777133.35988,13480315681547253999,88160,2,21,19,57,5417,15,32,0,2983,7200,80,255,1
1767777134.3704102,13480315681547253999,88183,2,21,19,57,5417,15,32,0,2982,7200,80,255,1
1767777135.868269,13480315681547253999,88213,2,21,19,57,5417,15,32,0,2980,7200,80,255,1
1767777136.8687794,13480315681547253999,88234,2,21,19,57,5417,15,32,0,2979,7200,80,255,1
1767777138.3616207,13480315681547253999,88264,2,21,19,57,5417,15,32,0,2978,7200,80,255,1
1767777139.869522,13480315681547253999,88296,2,21,19,57,5417,15,32,0,2976,7200,80,255,1
1767777141.3666356,13480315681547253999,88328,2,21,19,57,5417,15,32,0,2975,7200,80,255,1
1767777142.8717408,13480315681547253999,88361,2,21,19,57,5417,15,32,0,2973,7200,80,255,1
1767777144.3563962,13480315681547253999,88393,2,21,19,57,5417,15,32,0,2972,7200,80,255,1
1767777145.8717546,13480315681547253999,88433,2,21,19,57,5417,15,32,0,2970,7200,80,255,1
1767777147.3564353,13480315681547253999,88470,2,21,19,57,5417,15,32,0,2969,7200,80,255,1
1767777148.3672807,13480315681547253999,88492,2,21,19,57,5417,15,32,0,2968,7200,80,255,1
1767777149.8545794,13480315681547253999,88525,2,21,19,57,5417,15,32,0,2966,7200,80,255,1
1767777150.857293,13480315681547253999,88547,2,21,19,57,5417,15,32,0,2965,7200,80,255,1
1767777151.860285,13480315681547253999,88569,3,21,19,57,5417,15,32,0,2964,7200,80,255,1
1767777153.35669,13480315681547253999,88602,3,21,19,57,5417,15,32,0,2963,7200,80,255,1
1767777154.3717086,13480315681547253999,88627,3,21,19,57,5417,15,32,0,2962,7200,80,255,1
1767777155.8553886,13480315681547253999,88667,3,21,19,57,5417,15,32,0,2960,7200,80,255,1
1767777156.8576956,13480315681547253999,88692,3,21,19,57,5417,15,32,0,2959,7200,80,255,1
1767777157.8713336,13480315681547253999,88718,3,21,19,57,5417,15,32,0,2958,7200,80,255,1
1767777159.3659894,13480315681547253999,88750,3,21,19,57,5417,15,32,0,2957,7200,80,255,1
1767777160.3660874,13480315681547253999,88770,3,21,19,57,5417,15,32,0,2956,7200,80,255,1
1767777161.368969,13480315681547253999,88790,3,21,19,57,5417,15,32,0,2955,7200,80,255,1
1767777162.862428,13480315681547253999,88820,3,21,19,57,5417,15,32,0,2953,7200,80,255,1
1767777164.360134,13480315681547253999,88854,3,21,19,57,5417,15,32,0,2952,7200,80,255,1
1767777165.3714566,13480315681547253999,88877,3,21,19,57,5417,15,32,0,2951,7200,80,255,1
1767777166.871705,13480315681547253999,88912,3,21,19,57,5417,15,32,0,2949,7200,80,255,1
1767777168.3674588,13480315681547253999,88942,3,21,19,57,5417,15,32,0,2948,7200,80,255,1
1767777169.8578098,13480315681547253999,88972,3,21,19,57,5417,15,32,0,2946,7200,80,255,1
1767777170.8706348,13480315681547253999,88997,3,21,19,57,5417,15,32,0,2945,7200,80,255,1
1767777172.3715262,13480315681547253999,89030,3,21,19,57,5417,15,32,0,2944,7200,80,255,1
1767777173.8695862,13480315681547253999,89060,3,21,19,57,5417,15,32,0,2942,7200,80,255,1
1767777175.3593848,13480315681547253999,89090,3,21,19,57,5417,15,32,0,2941,7200,80,255,1
1767777176.8695521,13480315681547253999,89121,3,21,19,57,5417,15,32,0,2939,7200,80,255,1
1767777178.3650415,13480315681547253999,89151,3,21,19,57,5417,15,32,0,2938,7200,80,255,1
1767777179.8570778,13480315681547253999,89182,3,21,19,57,5417,15,32,0,2936,7200,80,255,1
1767777180.8684924,13480315681547253999,89206,3,21,19,57,5417,15,32,0,2935,7200,80,255,1
1767777182.3555367,13480315681547253999,89239,3,21,19,57,5417,15,32,0,2934,7200,80,255,1
1767777183.3711147,13480315681547253999,89263,3,21,19,57,5417,15,32,0,2933,7200,80,255,1
1767777184.8618245,13480315681547253999,89293,3,21,19,57,5417,15,32,0,2931,7200,80,255,1
1767777186.3615804,13480315681547253999,89325,3,21,19,57,5417,15,32,0,2930,7200,80,255,1
1767777187.8538954,13480315681547253999,89360,3,21,19,57,5417,15,32,0,2928,7200,80,255,1
1767777188.8702574,13480315681547253999,89381,3,21,19,57,5417,15,32,0,2927,7200,80,255,1
1767777190.3596656,13480315681547253999,89411,3,21,19,57,5417,15,32,0,2926,7200,80,255,1
1767777191.3628838,13480315681547253999,89436,3,21,19,57,5417,15,32,0,2925,7200,80,255,1
1767777192.8706443,13480315681547253999,89470,3,21,19,57,5417,15,32,0,2923,7200,80,255,1
1767777194.366436,13480315681547253999,89500,3,21,19,57,5417,15,32,0,2922,7200,80,255,1
1767777195.8550828,13480315681547253999,89537,3,21,19,57,5417,15,32,0,2920,7200,80,255,1
1767777196.8571372,13480315681547253999,89560,3,21,19,57,5417,15,32,0,2919,7200,80,255,1
1767777198.3530326,13480315681547253999,89595,3,21,19,57,5417,15,32,0,2918,7200,80,255,1
1767777199.366438,13480315681547253999,89616,3,21,19,57,5417,15,32,0,2917,7200,80,255,1
1767777200.3680894,13480315681547253999,89636,3,21,19,57,5417,15,32,0,2916,7200,80,255,1
1767777201.864062,13480315681547253999,89666,3,21,19,57,5417,15,32,0,2914,7200,80,255,1
1767777203.3555195,13480315681547253999,89697,3,21,19,57,5417,15,32,0,2913,7200,80,255,1
1767777204.3676252,13480315681547253999,89718,3,21,19,57,5417,15,32,0,2912,7200,80,255,1
1767777205.3688347,13480315681547253999,89738,3,21,19,57,5417,15,32,0,2911,7200,80,255,1
1767777206.867064,13480315681547253999,89768,3,21,19,57,5417,15,32,0,2909,7200,80,255,1
1767777208.359022,13480315681547253999,89799,3,21,19,57,5417,15,32,0,2908,7200,80,255,1
1767777209.8678718,13480315681547253999,89835,3,21,19,57,5417,15,32,0,2906,7200,80,255,1
1767777211.3678803,13480315681547253999,89865,3,21,19,57,5417,15,32,0,2905,7200,80,255,1
1767777212.8609784,13480315681547253999,89895,3,21,19,57,5417,15,32,0,2903,7200,80,255,1
1767777214.3544772,13480315681547253999,89932,3,21,19,57,5417,15,32,0,2902,7200,80,255,1
1767777215.3680124,13480315681547253999,89953,3,21,19,57,5417,15,32,0,2901,7200,80,255,1
1767777216.8549001,13480315681547253999,89986,3,21,19,57,5417,15,32,0,2899,7200,80,255,1
1767777217.8656375,13480315681547253999,90008,3,21,19,57,5417,15,32,0,2898,7200,80,255,1
1767777218.8688967,13480315681547253999,90029,3,21,19,57,5417,15,32,0,2897,7200,80,255,1
1767777219.8692064,13480315681547253999,90049,3,21,19,57,5417,15,32,0,2896,7200,80,255,1
1767777220.869636,13480315681547253999,90069,3,21,19,57,5417,15,32,0,2895,7200,80,255,1
1767777222.3555443,13480315681547253999,90101,3,21,19,57,5417,15,32,0,2894,7200,80,255,1
1767777223.3565736,13480315681547253999,90124,3,21,19,57,5417,15,32,0,2893,7200,80,255,1
1767777224.3590286,13480315681547253999,90147,3,21,19,57,5417,15,32,0,2892,7200,80,255,1
1767777225.3677988,13480315681547253999,90167,3,21,19,57,5417,15,32,0,2891,7200,80,255,1
1767777226.8531318,13480315681547253999,90199,3,21,19,57,5417,15,32,0,2889,7200,80,255,1
1767777227.863157,13480315681547253999,90221,3,21,19,57,5417,15,32,0,2888,7200,80,255,1
1767777229.3723948,13480315681547253999,90253,3,21,19,57,5417,15,32,0,2887,7200,80,255,1
1767777230.8717709,13480315681547253999,90284,3,21,19,57,5417,15,32,0,2885,7200,80,255,1
1767777232.360451,13480315681547253999,90314,3,21,19,57,5417,15,32,0,2884,7200,80,255,1
1767777233.3608634,13480315681547253999,90337,3,21,19,57,5417,15,32,0,2883,7200,80,255,1
1767777234.364209,13480315681547253999,90359,3,21,19,57,5417,15,32,0,2882,7200,80,255,1
1767777235.8704128,13480315681547253999,90392,3,21,19,57,5417,15,32,0,2880,7200,80,255,1
1767777237.3576868,13480315681547253999,90424,3,21,19,57,5417,15,32,0,2879,7200,80,255,1
1767777238.3630283,13480315681547253999,90446,3,21,19,57,5417,15,32,0,2878,7200,80,255,1
1767777239.3674948,13480315681547253999,90466,3,21,19,57,5417,15,32,0,2877,7200,80,255,1
1767777240.8685257,13480315681547253999,90499,3,21,19,57,5417,15,32,0,2875,7200,80,255,1
1767777242.3605242,13480315681547253999,90529,3,21,19,57,5417,15,32,0,2874,7200,80,255,1
1767777243.368612,13480315681547253999,90553,3,21,19,57,5417,15,32,0,2873,7200,80,255,1
1767777244.856187,13480315681547253999,90584,3,21,19,57,5417,15,32,0,2871,7200,80,255,1
1767777245.8706062,13480315681547253999,90607,3,21,19,57,5417,15,32,0,2870,7200,80,255,1
1767777247.3652742,13480315681547253999,90638,3,21,19,57,5417,15,32,0,2869,7200,80,255,1
1767777248.8563917,13480315681547253999,90669,3,21,19,57,5417,15,32,0,2867,7200,80,255,1
1767777250.367445,13480315681547253999,90709,3,21,19,57,5417,15,32,0,2866,7200,80,255,1
1767777251.8673463,13480315681547253999,90739,3,21,19,57,5417,15,32,0,2864,7200,80,255,1
1767777253.3629687,13480315681547253999,90770,3,21,19,57,5417,15,32,0,2863,7200,80,255,1
1767777254.3708878,13480315681547253999,90790,3,21,19,57,5417,15,32,0,2862,7200,80,255,1
1767777255.8722055,13480315681547253999,90821,3,21,19,57,5417,15,32,0,2860,7200,80,255,1
1767777257.3533924,13480315681547253999,90853,3,21,19,57,5417,15,32,0,2859,7200,80,255,1
1767777258.355183,13480315681547253999,90875,3,21,19,57,5417,15,32,0,2858,7200,80,255,1
1767777259.35875,13480315681547253999,90896,3,21,19,57,5417,15,32,0,2857,7200,80,255,1
1767777260.865386,13480315681547253999,90930,3,21,19,57,5417,15,32,0,2855,7200,80,255,1
1767777262.3558295,13480315681547253999,90961,3,21,19,57,5417,15,32,0,2854,7200,80,255,1
1767777263.369738,13480315681547253999,90987,3,21,19,57,5417,15,32,0,2853,7200,80,255,1
1767777264.8567953,13480315681547253999,91021,3,21,19,57,5417,15,32,0,2851,7200,80,255,1
1767777265.8663318,13480315681547253999,91046,3,21,19,57,5417,15,32,0,2850,7200,80,255,1
1767777266.8664632,13480315681547253999,91066,3,21,19,57,5417,15,32,0,2849,7200,80,255,1
1767777268.3559113,13480315681547253999,91103,3,21,19,57,5417,15,32,0,2848,7200,80,255,1
1767777269.3694527,13480315681547253999,91126,3,21,19,57,5417,15,32,0,2847,7200,80,255,1
1767777270.8591654,13480315681547253999,91157,3,21,19,57,5417,15,32,0,2845,7200,80,255,1
1767777271.8617868,13480315681547253999,91178,3,21,19,57,5417,15,32,0,2844,7200,80,255,1
1767777273.3533127,13480315681547253999,91213,3,21,19,57,5417,15,32,0,2843,7200,80,255,1
1767777274.364973,13480315681547253999,91234,3,21,19,57,5417,15,32,0,2842,7200,80,255,1
1767777275.8563445,13480315681547253999,91271,3,21,19,57,5417,15,32,0,2840,7200,80,255,1
1767777276.8632123,13480315681547253999,91293,3,21,19,57,5417,15,32,0,2839,7200,80,255,1
1767777278.3571224,13480315681547253999,91330,3,21,19,57,5417,15,32,0,2838,7200,80,255,1
1767777279.8531182,13480315681547253999,91367,3,21,19,57,5417,15,32,0,2836,7200,80,255,1
1767777280.8653958,13480315681547253999,91388,3,21,19,57,5417,15,32,0,2835,7200,80,255,1
1767777282.3567574,13480315681547253999,91420,3,21,19,57,5417,15,32,0,2834,7200,80,255,1
1767777283.367457,13480315681547253999,91442,3,21,19,57,5417,15,32,0,2833,7200,80,255,1
1767777284.8616636,13480315681547253999,91472,3,21,19,57,5417,15,32,0,2831,7200,80,255,1
1767777286.3610473,13480315681547253999,91502,3,21,19,57,5417,15,32,0,2830,7200,80,255,1
1767777287.8671262,13480315681547253999,91538,3,21,19,57,5417,15,32,0,2828,7200,80,255,1
1767777289.3539662,13480315681547253999,91572,3,21,19,57,5417,15,32,0,2827,7200,80,255,1
1767777290.354156,13480315681547253999,91595,3,21,19,57,5417,15,32,0,2826,7200,80,255,1
1767777291.3702571,13480315681547253999,91616,3,21,19,57,5417,15,32,0,2825,7200,80,255,1
1767777292.856313,13480315681547253999,91649,3,21,19,57,5417,15,32,0,2823,7200,80,255,1
1767777293.8677099,13480315681547253999,91670,3,21,19,57,5417,15,32,0,2822,7200,80,255,1
1767777295.371275,13480315681547253999,91704,3,21,19,57,5417,15,32,0,2821,7200,80,255,1
1767777296.8629825,13480315681547253999,91734,3,21,19,57,5417,15,32,0,2819,7200,80,255,1
1767777298.3535826,13480315681547253999,91769,3,21,19,57,5417,15,32,0,2818,7200,80,255,1
1767777299.8543003,13480315681547253999,91804,3,21,19,57,5417,15,32,0,2816,7200,80,255,1
1767777300.87053,13480315681547253999,91826,3,21,19,57,5417,15,32,0,2815,7200,80,255,1
1767777302.3632112,13480315681547253999,91857,3,21,19,57,5417,15,32,0,2814,7200,80,255,1
1767777303.8697338,13480315681547253999,91892,3,21,19,57,5417,15,32,0,2812,7200,80,255,1
1767777305.3585956,13480315681547253999,91922,3,21,19,57,5417,15,32,0,2811,7200,80,255,1
1767777306.366707,13480315681547253999,91946,3,21,19,57,5417,15,32,0,2810,7200,80,255,1
1767777307.8703017,13480315681547253999,91978,3,21,19,57,5417,15,32,0,2808,7200,80,255,1
1767777309.3658216,13480315681547253999,92011,3,21,19,57,5417,15,32,0,2807,7200,80,255,1
1767777310.3694417,13480315681547253999,92033,3,21,19,57,5417,15,32,0,2806,7200,80,255,1
1767777311.8645806,13480315681547253999,92067,3,21,19,57,5417,15,32,0,2804,7200,80,255,1
1767777312.8707254,13480315681547253999,92089,3,21,19,57,5417,15,32,0,2803,7200,80,255,1
1767777314.353174,13480315681547253999,92122,3,21,19,57,5417,15,32,0,2802,7200,80,255,1
1767777315.3587456,13480315681547253999,92145,3,21,19,57,5417,15,32,0,2801,7200,80,255,1
1767777316.8532302,13480315681547253999,92183,3,21,19,57,5417,15,32,0,2799,7200,80,255,1
1767777317.862869,13480315681547253999,92204,3,21,19,57,5417,15,32,0,2798,7200,80,255,1
1767777318.870947,13480315681547253999,92226,3,21,19,57,5417,15,32,0,2797,7200,80,255,1
1767777320.359648,13480315681547253999,92258,3,21,19,57,5417,15,32,0,2796,7200,80,255,1
1767777321.8544981,13480315681547253999,92293,3,21,19,57,5417,15,32,0,2794,7200,80,255,1
1767777322.8599136,13480315681547253999,92314,3,21,19,57,5417,15,32,0,2793,7200,80,255,1
1767777324.3711867,13480315681547253999,92348,3,21,19,57,5417,15,32,0,2792,7200,80,255,1
1767777325.857784,13480315681547253999,92379,3,21,19,57,5417,15,32,0,2790,7200,80,255,1
1767777327.3683755,13480315681547253999,92414,3,21,19,57,5417,15,32,0,2789,7200,80,255,1
1767777328.8713253,13480315681547253999,92445,3,21,19,57,5417,15,32,0,2787,7200,80,255,1
1767777330.352957,13480315681547253999,92478,3,21,19,57,5417,15,32,0,2786,7200,80,255,1
1767777331.3678284,13480315681547253999,92499,3,21,19,57,5417,15,32,0,2785,7200,80,255,1
1767777332.8542798,13480315681547253999,92532,3,21,19,57,5417,15,32,0,2783,7200,80,255,1
1767777333.864878,13480315681547253999,92553,3,21,19,57,5417,15,32,0,2782,7200,80,255,1
1767777335.3669167,13480315681547253999,92587,3,21,19,57,5417,15,32,0,2781,7200,80,255,1
1767777336.8622262,13480315681547253999,92617,3,21,19,57,5417,15,32,0,2779,7200,80,255,1
1767777337.8718748,13480315681547253999,92638,3,21,19,57,5417,15,32,0,2778,7200,80,255,1
1767777339.3531983,13480315681547253999,92670,3,21,19,57,5417,15,32,0,2777,7200,80,255,1
1767777340.3618257,13480315681547253999,92691,3,21,19,57,5417,15,32,0,2776,7200,80,255,1
1767777341.8579016,13480315681547253999,92728,3,21,19,57,5417,15,32,0,2774,7200,80,255,1
1767777343.370427,13480315681547253999,92762,3,21,19,57,5417,15,32,0,2773,7200,80,255,1
1767777344.8550725,13480315681547253999,92794,3,21,19,57,5417,15,32,0,2771,7200,80,255,1
1767777345.8698428,13480315681547253999,92815,3,21,19,57,5417,15,32,0,2770,7200,80,255,1
1767777347.3619692,13480315681547253999,92845,3,21,19,57,5417,15,32,0,2769,7200,80,255,1
1767777348.8728647,13480315681547253999,92881,3,21,19,57,5417,15,32,0,2767,7200,80,255,1
1767777350.3550074,13480315681547253999,92912,3,21,19,57,5417,15,32,0,2766,7200,80,255,1
1767777351.3733613,13480315681547253999,92934,3,21,19,57,5417,15,32,0,2765,7200,80,255,1
1767777352.8627167,13480315681547253999,92965,3,20,19,57,5417,15,32,0,2763,7200,80,255,1
1767777354.3675275,13480315681547253999,92999,3,20,19,57,5417,15,32,0,2762,7200,80,255,1
1767777355.857147,13480315681547253999,93031,3,20,19,57,5417,15,32,0,2760,7200,80,255,1
1767777356.868352,13480315681547253999,93054,3,20,19,57,5417,15,32,0,2759,7200,80,255,1
1767777358.3687725,13480315681547253999,93087,3,20,19,57,5417,15,32,0,2758,7200,80,255,1
1767777359.8552783,13480315681547253999,93121,3,20,19,57,5417,15,32,0,2756,7200,80,255,1
1767777360.8615456,13480315681547253999,93142,3,20,19,57,5417,15,32,0,2755,7200,80,255,1
1767777362.3601015,13480315681547253999,93173,3,20,19,57,5417,15,32,0,2754,7200,80,255,1
1767777363.3710222,13480315681547253999,93197,3,20,19,57,5417,15,32,0,2753,7200,80,255,1
1767777364.372991,13480315681547253999,93218,3,20,19,57,5417,15,32,0,2752,7200,80,255,1
1767777365.858102,13480315681547253999,93248,3,20,19,57,5417,15,32,0,2750,7200,80,255,1
1767777367.3700998,13480315681547253999,93285,3,20,19,57,5417,15,32,0,2749,7200,80,255,1
1767777368.8845494,13480315681547253999,93317,3,20,19,57,5417,15,32,0,2747,7200,80,255,1
1767777370.3682508,13480315681547253999,93351,3,20,19,57,5417,15,32,0,2746,7200,80,255,1
1767777371.3695736,13480315681547253999,93371,3,20,19,57,5417,15,32,0,2745,7200,80,255,1
1767777372.8549097,13480315681547253999,93403,3,20,19,57,5417,15,32,0,2743,7200,80,255,1
1767777373.8662953,13480315681547253999,93424,3,20,19,57,5417,15,32,0,2742,7200,80,255,1
1767777375.3561227,13480315681547253999,93457,3,20,19,57,5417,15,32,0,2741,7200,80,255,1
1767777376.358859,13480315681547253999,93480,3,20,19,57,5417,15,32,0,2740,7200,80,255,1
1767777377.3698742,13480315681547253999,93503,3,20,19,57,5417,15,32,0,2739,7200,80,255,1
1767777378.8654063,13480315681547253999,93533,3,20,19,57,5417,15,32,0,2737,7200,80,255,1
1767777380.3719492,13480315681547253999,93566,3,20,19,57,5417,15,32,0,2736,7200,80,255,1
1767777381.8597317,13480315681547253999,93596,3,20,19,57,5417,15,32,0,2734,7200,80,255,1
1767777382.8695724,13480315681547253999,93620,3,20,19,57,5417,15,32,0,2733,7200,80,255,1
1767777384.3713796,13480315681547253999,93654,3,20,19,57,5417,15,32,0,2732,7200,80,255,1
1767777385.8563704,13480315681547253999,93685,3,20,19,57,5417,15,32,0,2730,7200,80,255,1
1767777386.862285,13480315681547253999,93708,3,20,19,57,5417,15,32,0,2729,7200,80,255,1
1767777388.370524,13480315681547253999,93741,3,20,19,57,5417,15,32,0,2728,7200,80,255,1
1767777389.8555384,13480315681547253999,93774,3,20,19,57,5417,15,32,0,2726,7200,80,255,1
1767777390.8569188,13480315681547253999,93795,3,20,19,57,5417,15,32,0,2725,7200,80,255,1
1767777391.8708389,13480315681547253999,93816,3,20,19,57,5417,15,32,0,2724,7200,80,255,1
1767777393.3597126,13480315681547253999,93846,3,20,19,57,5417,15,32,0,2723,7200,80,255,1
1767777394.3691103,13480315681547253999,93866,3,20,19,57,5417,15,32,0,2722,7200,80,255,1
1767777395.8641803,13480315681547253999,93899,3,20,19,57,5417,15,32,0,2720,7200,80,255,1
1767777397.3657494,13480315681547253999,93935,3,20,19,57,5417,15,32,0,2719,7200,80,255,1
1767777398.8719904,13480315681547253999,93968,3,20,19,57,5417,15,32,0,2717,7200,80,255,1
1767777400.3680985,13480315681547253999,94003,3,20,19,57,5417,15,32,0,2716,7200,80,255,1
1767777401.3682427,13480315681547253999,94024,3,20,19,57,5417,15,32,0,2715,7200,80,255,1
1767777402.370006,13480315681547253999,94046,3,20,19,57,5417,15,32,0,2714,7200,80,255,1
1767777403.3707027,13480315681547253999,94067,3,20,19,57,5417,15,32,0,2713,7200,80,255,1
1767777404.860268,13480315681547253999,94098,3,20,19,57,5417,15,32,0,2711,7200,80,255,1
1767777406.3669715,13480315681547253999,94132,3,20,19,57,5417,15,32,0,2710,7200,80,255,1
1767777407.871708,13480315681547253999,94165,3,20,19,57,5417,15,32,0,2708,7200,80,255,1
1767777409.3611677,13480315681547253999,94199,3,20,19,57,5417,15,32,0,2707,7200,80,255,1
1767777410.3629603,13480315681547253999,94221,3,20,19,57,5417,15,32,0,2706,7200,80,255,1
1767777411.3644118,13480315681547253999,94243,3,20,19,57,5417,15,32,0,2705,7200,80,255,1
1767777412.367936,13480315681547253999,94263,3,20,19,57,5417,15,32,0,2704,7200,80,255,1
1767777413.8703337,13480315681547253999,94295,3,20,19,57,5417,15,32,0,2702,7200,80,255,1
1767777415.3559744,13480315681547253999,94327,3,20,19,57,5417,15,32,0,2701,7200,80,255,1
1767777416.3718743,13480315681547253999,94348,3,20,19,57,5417,15,32,0,2700,7200,80,255,1
1767777417.857267,13480315681547253999,94380,3,20,19,57,5417,15,32,0,2698,7200,80,255,1
1767777418.8649487,13480315681547253999,94403,3,20,19,57,5417,15,32,0,2697,7200,80,255,1
1767777420.3684828,13480315681547253999,94438,3,20,19,57,5417,15,32,0,2696,7200,80,255,1
1767777421.8586993,13480315681547253999,94468,3,20,19,57,5417,15,32,0,2694,7200,80,255,1
1767777422.8684614,13480315681547253999,94490,3,20,19,57,5417,15,32,0,2693,7200,80,255,1
1767777424.3544052,13480315681547253999,94522,3,20,19,57,5417,15,32,0,2692,7200,80,255,1
1767777425.3674757,13480315681547253999,94543,3,20,19,57,5417,15,32,0,2691,7200,80,255,1
1767777426.8705695,13480315681547253999,94573,3,20,19,57,5417,15,32,0,2689,7200,80,255,1
1767777428.371281,13480315681547253999,94605,3,20,19,57,5417,15,32,0,2688,7200,80,255,1
1767777429.871829,13480315681547253999,94638,3,20,19,57,5417,15,32,0,2686,7200,80,255,1
1767777431.3613474,13480315681547253999,94669,3,20,19,57,5417,15,32,0,2685,7200,80,255,1
1767777432.3671844,13480315681547253999,94692,3,20,19,57,5417,15,32,0,2684,7200,80,255,1
1767777433.8528833,13480315681547253999,94724,3,20,19,57,5417,15,32,0,2682,7200,80,255,1
1767777434.8628998,13480315681547253999,94745,3,20,19,57,5417,15,32,0,2681,7200,80,255,1
1767777436.3594458,13480315681547253999,94779,3,20,19,57,5417,15,32,0,2680,7200,80,255,1
1767777437.372379,13480315681547253999,94802,3,20,19,57,5417,15,32,0,2679,7200,80,255,1
1767777438.8560624,13480315681547253999,94834,3,20,19,57,5417,15,32,0,2677,7200,80,255,1
1767777439.8673384,13480315681547253999,94858,3,20,19,57,5417,15,32,0,2676,7200,80,255,1
1767777441.3591318,13480315681547253999,94893,3,20,19,57,5417,15,32,0,2675,7200,80,255,1
1767777442.3713264,13480315681547253999,94916,3,20,19,57,5417,15,32,0,2674,7200,80,255,1
1767777443.8714683,13480315681547253999,94948,3,20,19,57,5417,15,32,0,2672,7200,80,255,1
1767777445.3563275,13480315681547253999,94979,3,20,19,57,5417,15,32,0,2671,7200,80,255,1
1767777446.3678234,13480315681547253999,95000,3,20,19,57,5417,15,32,0,2670,7200,80,255,1
1767777447.8553693,13480315681547253999,95036,3,20,19,57,5417,15,32,0,2668,7200,80,255,1
1767777448.8683271,13480315681547253999,95061,3,20,19,57,5417,15,32,0,2667,7200,80,255,1
1767777450.370284,13480315681547253999,95095,3,20,19,57,5417,15,32,0,2666,7200,80,255,1
1767777451.8592284,13480315681547253999,95125,3,20,19,57,5417,15,32,0,2664,7200,80,255,1
1767777452.8698235,13480315681547253999,95148,3,20,19,57,5417,15,32,0,2663,7200,80,255,1
1767777454.371959,13480315681547253999,95182,3,20,19,57,5417,15,32,0,2662,7200,80,255,1
1767777455.8561616,13480315681547253999,95213,3,20,19,57,5417,15,32,0,2660,7200,80,255,1
1767777456.8688395,13480315681547253999,95237,3,20,19,57,5417,15,32,0,2659,7200,80,255,1
1767777458.370937,13480315681547253999,95269,3,20,19,57,5417,15,32,0,2658,7200,80,255,1
1767777459.857366,13480315681547253999,95301,3,20,19,57,5417,15,32,0,2656,7200,80,255,1
1767777460.864303,13480315681547253999,95323,3,20,19,57,5417,15,32,0,2655,7200,80,255,1
1767777462.372177,13480315681547253999,95357,3,20,19,57,5417,15,32,0,2654,7200,80,255,1
1767777463.85756,13480315681547253999,95387,3,20,19,57,5417,15,32,0,2652,7200,80,255,1
1767777464.8706837,13480315681547253999,95411,3,20,19,57,5417,15,32,0,2651,7200,80,255,1
1767777466.3631938,13480315681547253999,95441,3,20,19,57,5417,15,32,0,2650,7200,80,255,1
1767777467.3732505,13480315681547253999,95463,3,20,19,57,5417,15,32,0,2649,7200,80,255,1
1767777468.8583724,13480315681547253999,95493,3,20,19,57,5417,15,32,0,2647,7200,80,255,1
1767777469.8688219,13480315681547253999,95517,3,20,19,57,5417,15,32,0,2646,7200,80,255,1
1767777471.3640716,13480315681547253999,95547,3,20,19,57,5417,15,32,0,2645,7200,80,255,1
1767777472.8540773,13480315681547253999,95581,3,20,19,57,5417,15,32,0,2643,7200,80,255,1
1767777473.8692558,13480315681547253999,95602,3,20,19,57,5417,15,32,0,2642,7200,80,255,1
1767777475.3597057,13480315681547253999,95633,3,20,19,57,5417,15,32,0,2641,7200,80,255,1
1767777476.3615847,13480315681547253999,95658,3,20,19,57,5417,15,32,0,2640,7200,80,255,1
1767777477.8707027,13480315681547253999,95691,3,20,19,57,5417,15,32,0,2638,7200,80,255,1
1767777479.3627234,13480315681547253999,95721,3,20,19,57,5417,15,32,0,2637,7200,80,255,1
1767777480.867342,13480315681547253999,95754,3,20,19,57,5417,15,32,0,2635,7200,80,255,1
1767777482.357335,13480315681547253999,95785,3,20,19,57,5417,15,32,0,2634,7200,80,255,1
1767777483.3706095,13480315681547253999,95809,3,20,19,57,5417,15,32,0,2633,7200,80,255,1
1767777484.8705542,13480315681547253999,95842,3,20,19,57,5417,15,32,0,2631,7200,80,255,1
1767777486.3555086,13480315681547253999,95875,3,20,19,57,5417,15,32,0,2630,7200,80,255,1
1767777487.3628995,13480315681547253999,95896,3,20,19,57,5417,15,32,0,2629,7200,80,255,1
1767777488.3729875,13480315681547253999,95918,3,20,19,57,5417,15,32,0,2628,7200,80,255,1
1767777489.8607044,13480315681547253999,95949,3,20,19,57,5417,15,32,0,2626,7200,80,255,1
1767777491.3579898,13480315681547253999,95985,3,20,19,57,5417,15,32,0,2625,7200,80,255,1
1767777492.368316,13480315681547253999,96011,3,20,19,57,5417,15,32,0,2624,7200,80,255,1
1767777493.8565814,13480315681547253999,96042,3,20,19,57,5417,15,32,0,2622,7200,80,255,1
1767777494.8629112,13480315681547253999,96063,3,20,19,57,5417,15,32,0,2621,7200,80,255,1
1767777495.8696592,13480315681547253999,96086,3,20,19,57,5417,15,32,0,2620,7200,80,255,1
1767777497.3615303,13480315681547253999,96116,3,20,19,57,5417,15,32,0,2619,7200,80,255,1
1767777498.868144,13480315681547253999,96149,3,20,19,57,5417,15,32,0,2617,7200,80,255,1
1767777500.3574383,13480315681547253999,96181,3,20,19,57,5417,15,32,0,2616,7200,80,255,1
1767777501.3647478,13480315681547253999,96202,3,20,19,57,5417,15,32,0,2615,7200,80,255,1
1767777502.8529058,13480315681547253999,96240,3,20,19,57,5417,15,32,0,2613,7200,80,255,1
1767777503.859793,13480315681547253999,96261,3,20,19,57,5417,15,32,0,2612,7200,80,255,1
1767777504.8704658,13480315681547253999,96287,3,20,19,57,5417,15,32,0,2611,7200,80,255,1
1767777506.3594937,13480315681547253999,96322,3,20,19,57,5417,15,32,0,2610,7200,80,255,1
1767777507.8709695,13480315681547253999,96356,3,20,19,57,5417,15,32,0,2608,7200,80,255,1
1767777509.3708124,13480315681547253999,96388,3,20,19,57,5417,15,32,0,2607,7200,80,255,1
1767777510.8527906,13480315681547253999,96422,3,20,19,57,5417,15,32,0,2605,7200,80,255,1
1767777511.8667374,13480315681547253999,96443,3,20,19,57,5417,15,32,0,2604,7200,80,255,1
1767777513.3718534,13480315681547253999,96477,3,20,19,57,5417,15,32,0,2603,7200,80,255,1
1767777514.8613527,13480315681547253999,96508,3,20,19,57,5417,15,32,0,2601,7200,80,255,1
1767777516.3622327,13480315681547253999,96546,3,20,19,57,5417,15,32,0,2600,7200,80,255,1
1767777517.3711805,13480315681547253999,96570,3,20,19,57,5417,15,32,0,2599,7200,80,255,1
1767777518.8592613,13480315681547253999,96601,3,20,19,57,5417,15,32,0,2597,7200,80,255,1
1767777519.8667815,13480315681547253999,96624,3,20,19,57,5417,15,32,0,2596,7200,80,255,1
1767777520.8723881,13480315681547253999,96648,3,20,19,57,5417,15,32,0,2595,7200,80,255,1
1767777522.362895,13480315681547253999,96680,3,20,19,57,5417,15,32,0,2594,7200,80,255,1
1767777523.854075,13480315681547253999,96714,3,20,19,57,5417,15,32,0,2592,7200,80,255,1
1767777524.8609726,13480315681547253999,96735,3,20,19,57,5417,15,32,0,2591,7200,80,255,1
1767777525.8713322,13480315681547253999,96759,3,20,19,57,5417,15,32,0,2590,7200,80,255,1
1767777527.361617,13480315681547253999,96790,3,20,19,57,5417,15,32,0,2589,7200,80,255,1
1767777528.8658345,13480315681547253999,96825,3,20,19,57,5417,15,32,0,2587,7200,80,255,1
1767777530.3582432,13480315681547253999,96856,3,20,19,57,5417,15,32,0,2586,7200,80,255,1
1767777531.8563623,13480315681547253999,96894,3,20,19,57,5417,15,32,0,2584,7200,80,255,1
1767777532.8684556,13480315681547253999,96917,3,20,19,57,5417,15,32,0,2583,7200,80,255,1
1767777534.3706627,13480315681547253999,96949,3,20,19,57,5417,15,32,0,2582,7200,80,255,1
1767777535.8628902,13480315681547253999,96979,3,20,19,57,5417,15,32,0,2580,7200,80,255,1
1767777537.3530855,13480315681547253999,97012,3,20,19,57,5417,15,32,0,2579,7200,80,255,1
1767777538.3531492,13480315681547253999,97033,3,20,19,57,5417,15,32,0,2578,7200,80,255,1
1767777539.364019,13480315681547253999,97054,3,20,19,57,5417,15,32,0,2577,7200,80,255,1
1767777540.868511,13480315681547253999,97088,3,20,19,57,5417,15,32,0,2575,7200,80,255,1
1767777542.3642812,13480315681547253999,97119,3,20,19,57,5417,15,32,0,2574,7200,80,255,1
1767777543.871179,13480315681547253999,97155,3,20,19,57,5417,15,32,0,2572,7200,80,255,1
1767777545.3619094,13480315681547253999,97185,3,20,19,57,5417,15,32,0,2571,7200,80,255,1
1767777546.8586524,13480315681547253999,97220,3,20,19,57,5417,15,32,0,2569,7200,80,255,1
1767777547.8697119,13480315681547253999,97245,3,20,19,57,5417,15,32,0,2568,7200,80,255,1
1767777549.3556402,13480315681547253999,97280,3,20,19,57,5417,15,32,0,2567,7200,80,255,1
1767777550.371063,13480315681547253999,97303,3,20,19,57,5417,15,32,0,2566,7200,80,255,1
1767777551.8634691,13480315681547253999,97334,3,20,19,57,5417,15,32,0,2564,7200,80,255,1
1767777552.8727977,13480315681547253999,97358,3,20,19,57,5417,15,32,0,2563,7200,80,255,1
1767777554.3604507,13480315681547253999,97388,3,20,19,57,5417,15,32,0,2562,7200,80,255,1
1767777555.3675685,13480315681547253999,97411,3,20,19,57,5417,15,32,0,2561,7200,80,255,1
1767777556.857697,13480315681547253999,97443,3,20,19,57,5417,15,32,0,2559,7200,80,255,1
1767777557.8673573,13480315681547253999,97466,3,20,19,57,5417,15,32,0,2558,7200,80,255,1
1767777559.3651547,13480315681547253999,97497,3,20,19,57,5417,15,32,0,2557,7200,80,255,1
1767777560.8598483,13480315681547253999,97528,3,20,19,57,5417,15,32,0,2555,7200,80,255,1
1767777562.357654,13480315681547253999,97570,3,20,19,57,5417,15,32,0,2554,7200,80,255,1
1767777563.3680046,13480315681547253999,97593,3,20,19,57,5417,15,32,0,2553,7200,80,255,1
1767777564.85814,13480315681547253999,97624,3,20,19,57,5417,15,32,0,2551,7200,80,255,1
1767777565.8606513,13480315681547253999,97645,3,20,19,57,5417,15,32,0,2550,7200,80,255,1
1767777566.8651366,13480315681547253999,97667,3,20,19,57,5417,15,32,0,2549,7200,80,255,1
1767777568.3529997,13480315681547253999,97700,3,20,19,57,5417,15,32,0,2548,7200,80,255,1
1767777569.3675983,13480315681547253999,97722,3,20,19,57,5417,15,32,0,2547,7200,80,255,1
1767777570.8540025,13480315681547253999,97756,3,20,19,57,5417,15,32,0,2545,7200,80,255,1
1767777571.8677776,13480315681547253999,97778,3,20,19,57,5417,15,32,0,2544,7200,80,255,1
1767777573.354756,13480315681547253999,97811,3,20,19,57,5417,15,32,0,2543,7200,80,255,1
1767777574.359553,13480315681547253999,97833,3,20,19,57,5417,15,32,0,2542,7200,80,255,1
1767777575.3679597,13480315681547253999,97858,3,20,19,57,5417,15,32,0,2541,7200,80,255,1
1767777576.8555179,13480315681547253999,97891,3,20,19,57,5417,15,32,0,2539,7200,80,255,1
1767777577.8655233,13480315681547253999,97913,3,20,19,57,5417,15,32,0,2538,7200,80,255,1
1767777579.3671393,13480315681547253999,97948,3,20,19,57,5417,15,32,0,2537,7200,80,255,1
1767777580.8581173,13480315681547253999,97978,3,20,19,57,5417,15,32,0,2535,7200,80,255,1
1767777581.8702672,13480315681547253999,98002,3,20,19,57,5417,15,32,0,2534,7200,80,255,1
1767777583.3569436,13480315681547253999,98033,3,20,19,57,5417,15,32,0,2533,7200,80,255,1
1767777584.369405,13480315681547253999,98056,3,20,19,57,5417,15,32,0,2532,7200,80,255,1
1767777585.8564079,13480315681547253999,98088,3,20,19,57,5417,15,32,0,2530,7200,80,255,1
1767777587.366718,13480315681547253999,98124,3,20,19,57,5417,15,32,0,2529,7200,80,255,1
1767777588.8537252,13480315681547253999,98158,3,20,19,57,5417,15,32,0,2527,7200,80,255,1
1767777589.861918,13480315681547253999,98179,3,20,19,57,5417,15,32,0,2526,7200,80,255,1
1767777591.3580127,13480315681547253999,98213,3,20,19,57,5417,15,32,0,2525,7200,80,255,1
1767777592.3720005,13480315681547253999,98234,3,20,19,57,5417,15,32,0,2524,7200,80,255,1
1767777593.859976,13480315681547253999,98265,3,20,19,57,5417,15,32,0,2522,7200,80,255,1
1767777595.367332,13480315681547253999,98299,3,20,19,57,5417,15,32,0,2521,7200,80,255,1
1767777596.8556256,13480315681547253999,98334,3,20,19,57,5417,15,32,0,2519,7200,80,255,1
1767777597.869744,13480315681547253999,98358,3,20,19,57,5417,15,32,0,2518,7200,80,255,1
1767777599.354111,13480315681547253999,98390,3,20,19,57,5417,15,32,0,2517,7200,80,255,1
1767777600.3626606,13480315681547253999,98412,3,20,19,57,5417,15,32,0,2516,7200,80,255,1
1767777601.8550327,13480315681547253999,98450,3,20,19,57,5417,15,32,0,2514,7200,80,255,1
1767777602.8612475,13480315681547253999,98471,3,20,19,57,5417,15,32,0,2513,7200,80,255,1
1767777603.869381,13480315681547253999,98494,3,20,19,57,5417,15,32,0,2512,7200,80,255,1
1767777605.3538756,13480315681547253999,98527,3,20,19,57,5417,15,32,0,2511,7200,80,255,1
1767777606.3742974,13480315681547253999,98548,3,20,19,57,5417,15,32,0,2510,7200,80,255,1
1767777607.8588743,13480315681547253999,98579,3,20,19,57,5417,15,32,0,2508,7200,80,255,1
1767777609.3688416,13480315681547253999,98612,3,20,19,57,5417,15,32,0,2507,7200,80,255,1
1767777610.857686,13480315681547253999,98645,3,20,19,57,5417,15,32,0,2505,7200,80,255,1
1767777612.3712344,13480315681547253999,98680,3,20,19,57,5417,15,32,0,2504,7200,80,255,1
1767777613.8585496,13480315681547253999,98710,3,20,19,57,5417,15,32,0,2502,7200,80,255,1
1767777614.8682408,13480315681547253999,98733,3,20,19,57,5417,15,32,0,2501,7200,80,255,1
1767777616.367533,13480315681547253999,98766,3,20,19,57,5417,15,32,0,2500,7200,80,255,1
1767777617.8551736,13480315681547253999,98798,3,20,19,57,5417,15,32,0,2498,7200,80,255,1
1767777618.8666506,13480315681547253999,98819,3,20,19,57,5417,15,32,0,2497,7200,80,255,1
1767777620.3710048,13480315681547253999,98852,3,20,19,57,5417,15,32,0,2496,7200,80,255,1
1767777621.8676426,13480315681547253999,98882,3,20,19,57,5417,15,32,0,2494,7200,80,255,1
1767777623.3678849,13480315681547253999,98914,3,20,19,57,5417,15,32,0,2493,7200,80,255,1
1767777624.872806,13480315681547253999,98946,3,20,19,57,5417,15,32,0,2491,7200,80,255,1
1767777626.3578014,13480315681547253999,98978,3,20,19,57,5417,15,32,0,2490,7200,80,255,1
1767777627.3725414,13480315681547253999,99003,3,20,19,57,5417,15,32,0,2489,7200,80,255,1
1767777628.8619857,13480315681547253999,99033,3,20,19,57,5417,15,32,0,2487,7200,80,255,1
1767777630.3708646,13480315681547253999,99066,3,20,19,57,5417,15,32,0,2486,7200,80,255,1
1767777631.861935,13480315681547253999,99096,3,20,19,57,5417,15,32,0,2484,7200,80,255,1
1767777633.3694317,13480315681547253999,99130,3,20,19,57,5417,15,32,0,2483,7200,80,255,1
1767777634.8555944,13480315681547253999,99166,3,20,19,57,5417,15,32,0,2481,7200,80,255,1
1767777635.8624794,13480315681547253999,99187,3,20,19,57,5417,15,32,0,2480,7200,80,255,1
1767777636.864104,13480315681547253999,99209,3,20,19,57,5417,15,32,0,2479,7200,80,255,1
1767777638.3571312,13480315681547253999,99248,3,20,19,57,5417,15,32,0,2478,7200,80,255,1
1767777639.3670669,13480315681547253999,99271,3,20,19,57,5417,15,32,0,2477,7200,80,255,1
1767777640.855257,13480315681547253999,99303,3,20,19,57,5417,15,32,0,2475,7200,80,255,1
1767777641.870998,13480315681547253999,99325,3,20,19,57,5417,15,32,0,2474,7200,80,255,1
1767777643.3563855,13480315681547253999,99360,3,20,19,57,5417,15,32,0,2473,7200,80,255,1
1767777644.8696537,13480315681547253999,99393,3,20,19,57,5417,15,32,0,2471,7200,80,255,1
1767777646.353873,13480315681547253999,99427,3,20,19,57,5417,15,32,0,2470,7200,80,255,1
1767777647.364149,13480315681547253999,99450,3,20,19,57,5417,15,32,0,2469,7200,80,255,1
1767777648.8706205,13480315681547253999,99487,3,20,19,57,5417,15,32,0,2467,7200,80,255,1
1767777650.3552613,13480315681547253999,99519,3,20,19,57,5417,15,32,0,2466,7200,80,255,1
1767777651.3681943,13480315681547253999,99540,3,20,19,57,5417,15,32,0,2465,7200,80,255,1
1767777652.8549078,13480315681547253999,99572,3,20,19,57,5417,15,32,0,2463,7200,80,255,1
1767777653.86978,13480315681547253999,99597,3,20,19,57,5417,15,32,0,2462,7200,80,255,1
1767777655.3602722,13480315681547253999,99628,3,20,19,57,5417,15,32,0,2461,7200,80,255,1
1767777656.3673186,13480315681547253999,99652,3,20,19,57,5417,15,32,0,2460,7200,80,255,1
1767777657.8553953,13480315681547253999,99685,3,20,19,57,5417,15,32,0,2458,7200,80,255,1
1767777658.871886,13480315681547253999,99706,3,20,19,57,5417,15,32,0,2457,7200,80,255,1
1767777660.3649495,13480315681547253999,99736,3,20,19,57,5417,15,32,0,2456,7200,80,255,1
1767777661.8617933,13480315681547253999,99766,3,20,19,57,5417,15,32,0,2454,7200,80,255,1
1767777663.3719132,13480315681547253999,99799,3,20,19,57,5417,15,32,0,2453,7200,80,255,1
1767777664.3726895,13480315681547253999,99819,3,20,19,57,5417,15,32,0,2452,7200,80,255,1
1767777665.8600233,13480315681547253999,99849,3,20,19,57,5417,15,32,0,2450,7200,80,255,1
1767777667.3700395,13480315681547253999,99889,3,20,19,57,5417,15,32,0,2449,7200,80,255,1
1767777668.8625412,13480315681547253999,99919,3,20,19,57,5417,15,32,0,2447,7200,80,255,1
1767777669.8706548,13480315681547253999,99942,3,20,19,57,5417,15,32,0,2446,7200,80,255,1
1767777671.3585227,13480315681547253999,99974,3,20,19,57,5417,15,32,0,2445,7200,80,255,1
1767777672.3706377,13480315681547253999,99998,3,20,19,57,5417,15,32,0,2444,7200,80,255,1
1767777673.8708336,13480315681547253999,100031,3,20,19,57,5417,15,32,0,2442,7200,80,255,1
1767777675.3572602,13480315681547253999,100062,3,20,19,57,5417,15,32,0,2441,7200,80,255,1
1767777676.3672466,13480315681547253999,100084,3,20,19,57,5417,15,32,0,2440,7200,80,255,1
1767777677.85946,13480315681547253999,100116,3,20,19,57,5417,15,32,0,2438,7200,80,255,1
1767777678.870493,13480315681547253999,100142,3,20,19,57,5417,15,32,0,2437,7200,80,255,1
1767777680.366905,13480315681547253999,100173,3,20,19,57,5417,15,32,0,2436,7200,80,255,1
1767777681.856485,13480315681547253999,100205,3,20,19,57,5417,15,32,0,2434,7200,80,255,1
1767777682.8717806,13480315681547253999,100226,3,20,19,57,5417,15,32,0,2433,7200,80,255,1
1767777684.360769,13480315681547253999,100256,3,20,19,57,5417,15,32,0,2432,7200,80,255,1
1767777685.8710222,13480315681547253999,100293,3,20,19,57,5417,15,32,0,2430,7200,80,255,1
1767777687.3559456,13480315681547253999,100324,3,20,19,57,5417,15,32,0,2429,7200,80,255,1
1767777688.3636792,13480315681547253999,100345,3,20,19,57,5417,15,32,0,2428,7200,80,255,1
1767777689.8670666,13480315681547253999,100378,3,20,19,57,5417,15,32,0,2426,7200,80,255,1
1767777691.3694115,13480315681547253999,100413,3,20,19,57,5417,15,32,0,2425,7200,80,255,1
1767777692.861169,13480315681547253999,100443,3,20,19,57,5417,15,32,0,2423,7200,80,255,1
1767777693.869835,13480315681547253999,100467,3,20,19,57,5417,15,32,0,2422,7200,80,255,1
1767777695.3707144,13480315681547253999,100499,3,20,19,57,5417,15,32,0,2421,7200,80,255,1
1767777696.8614678,13480315681547253999,100529,3,20,19,57,5417,15,32,0,2419,7200,80,255,1
1767777698.3673804,13480315681547253999,100563,3,20,19,57,5417,15,32,0,2418,7200,80,255,1
1767777699.867125,13480315681547253999,100596,3,20,19,57,5417,15,32,0,2416,7200,80,255,1
1767777701.3542993,13480315681547253999,100632,3,20,19,57,5417,15,32,0,2415,7200,80,255,1
1767777702.368291,13480315681547253999,100655,3,20,19,57,5417,15,32,0,2414,7200,80,255,1
1767777703.8551972,13480315681547253999,100688,3,20,19,57,5417,15,32,0,2412,7200,80,255,1
1767777704.8627298,13480315681547253999,100709,3,20,19,57,5417,15,32,0,2411,7200,80,255,1
1767777705.8682852,13480315681547253999,100732,3,20,19,57,5417,15,32,0,2410,7200,80,255,1
1767777706.8706207,13480315681547253999,100752,3,20,19,57,5417,15,32,0,2409,7200,80,255,1
1767777708.3630002,13480315681547253999,100783,3,20,19,57,5417,15,32,0,2408,7200,80,255,1
1767777709.8721519,13480315681547253999,100818,3,20,19,57,5417,15,32,0,2406,7200,80,255,1
1767777711.3612087,13480315681547253999,100848,3,20,19,57,5417,15,32,0,2405,7200,80,255,1
1767777712.363169,13480315681547253999,100868,3,20,19,57,5417,15,32,0,2404,7200,80,255,1
1767777713.8725016,13480315681547253999,100903,3,20,19,57,5417,15,32,0,2402,7200,80,255,1
1767777715.3590536,13480315681547253999,100933,3,20,19,57,5417,15,32,0,2401,7200,80,255,1
1767777716.3713458,13480315681547253999,100956,3,20,19,57,5417,15,32,0,2400,7200,80,255,1
1767777717.3725944,13480315681547253999,100981,3,20,19,57,5417,15,32,0,2399,7200,80,255,1
1767777718.8583152,13480315681547253999,101012,3,20,19,57,5417,15,32,0,2397,7200,80,255,1
1767777720.372534,13480315681547253999,101053,3,20,19,57,5417,15,32,0,2396,7200,80,255,1
1767777721.865124,13480315681547253999,101083,3,20,19,57,5417,15,32,0,2394,7200,80,255,1
1767777723.3716066,13480315681547253999,101116,3,20,19,57,5417,15,32,0,2393,7200,80,255,1
1767777724.8707976,13480315681547253999,101150,3,20,19,57,5417,15,32,0,2391,7200,80,255,1
1767777726.3576362,13480315681547253999,101183,3,20,19,57,5417,15,32,0,2390,7200,80,255,1
1767777727.8670144,13480315681547253999,101221,3,20,19,57,5417,15,32,0,2388,7200,80,255,1
1767777729.3552794,13480315681547253999,101254,3,20,19,57,5417,15,32,0,2387,7200,80,255,1
1767777730.3651927,13480315681547253999,101275,3,20,19,57,5417,15,32,0,2386,7200,80,255,1
1767777731.87109,13480315681547253999,101309,3,20,19,57,5417,15,32,0,2384,7200,80,255,1
1767777733.368765,13480315681547253999,101342,3,20,19,57,5417,15,32,0,2383,7200,80,255,1
1767777734.8555286,13480315681547253999,101375,3,20,19,57,5417,15,32,0,2381,7200,80,255,1
1767777735.8607645,13480315681547253999,101397,3,20,19,57,5417,15,32,0,2380,7200,80,255,1
1767777737.3726804,13480315681547253999,101435,3,20,19,57,5417,15,32,0,2379,7200,80,255,1
1767777738.8694143,13480315681547253999,101465,3,20,19,57,5417,15,32,0,2377,7200,80,255,1
1767777740.364,13480315681547253999,101496,3,20,19,57,5417,15,32,0,2376,7200,80,255,1
1767777741.8546758,13480315681547253999,101532,3,20,19,57,5417,15,32,0,2374,7200,80,255,1
1767777742.8704379,13480315681547253999,101556,3,20,19,57,5417,15,32,0,2373,7200,80,255,1
1767777744.3574893,13480315681547253999,101590,3,20,19,57,5417,15,32,0,2372,7200,80,255,1
1767777745.3644803,13480315681547253999,101612,3,20,19,57,5417,15,32,0,2371,7200,80,255,1
1767777746.3720896,13480315681547253999,101634,3,20,19,57,5417,15,32,0,2370,7200,80,255,1
1767777747.856671,13480315681547253999,101666,3,20,19,57,5417,15,32,0,2368,7200,80,255,1
1767777748.8656893,13480315681547253999,101687,3,20,19,57,5417,15,32,0,2367,7200,80,255,1
1767777750.3682442,13480315681547253999,101721,3,20,19,57,5417,15,32,0,2366,7200,80,255,1
1767777751.8673775,13480315681547253999,101754,3,20,19,57,5417,15,32,0,2364,7200,80,255,1
1767777753.370496,13480315681547253999,101787,3,20,19,57,5417,15,32,0,2363,7200,80,255,1
1767777754.8601103,13480315681547253999,101818,3,20,19,57,5417,15,32,0,2361,7200,80,255,1
1767777756.3716903,13480315681547253999,101855,3,20,19,57,5417,15,32,0,2360,7200,80,255,1
1767777757.8638818,13480315681547253999,101888,3,20,19,57,5417,15,32,0,2358,7200,80,255,1
1767777759.359671,13480315681547253999,101919,3,20,19,57,5417,15,32,0,2357,7200,80,255,1
1767777760.8573806,13480315681547253999,101961,3,20,19,57,5417,15,32,0,2355,7200,80,255,1
1767777762.3716817,13480315681547253999,102000,3,20,19,57,5417,15,32,0,2354,7200,80,255,1
1767777763.862421,13480315681547253999,102030,3,20,19,57,5417,15,32,0,2352,7200,80,255,1
1767777765.369348,13480315681547253999,102065,3,20,19,57,5417,15,32,0,2351,7200,80,255,1
1767777766.866119,13480315681547253999,102095,3,20,19,57,5417,15,32,0,2349,7200,80,255,1
1767777768.3561869,13480315681547253999,102129,3,20,19,57,5417,15,32,0,2348,7200,80,255,1
1767777769.3628302,13480315681547253999,102150,3,20,19,57,5417,15,32,0,2347,7200,80,255,1
1767777770.370074,13480315681547253999,102173,3,20,19,57,5417,15,32,0,2346,7200,80,255,1
1767777771.8642652,13480315681547253999,102203,3,20,19,57,5417,15,32,0,2344,7200,80,255,1
1767777773.3715584,13480315681547253999,102236,3,20,19,57,5417,15,32,0,2343,7200,80,255,1
1767777774.8589003,13480315681547253999,102267,3,20,19,57,5417,15,32,0,2341,7200,80,255,1
1767777776.3707511,13480315681547253999,102306,3,20,19,57,5417,15,32,0,2340,7200,80,255,1
1767777777.8615406,13480315681547253999,102336,3,20,19,57,5417,15,32,0,2338,7200,80,255,1
1767777778.8684835,13480315681547253999,102359,3,20,19,57,5417,15,32,0,2337,7200,80,255,1
1767777780.3563647,13480315681547253999,102391,3,20,19,57,5417,15,32,0,2336,7200,80,255,1
1767777781.366832,13480315681547253999,102412,3,20,19,57,5417,15,32,0,2335,7200,80,255,1
1767777782.8526511,13480315681547253999,102445,3,20,19,57,5417,15,32,0,2333,7200,80,255,1
1767777783.8655765,13480315681547253999,102466,3,20,19,57,5417,15,32,0,2332,7200,80,255,1
1767777785.3718877,13480315681547253999,102498,3,20,19,57,5417,15,32,0,2331,7200,80,255,1
1767777786.8606498,13480315681547253999,102530,3,20,19,57,5417,15,32,0,2329,7200,80,255,1
1767777787.865126,13480315681547253999,102553,3,20,19,57,5417,15,32,0,2328,7200,80,255,1
1767777789.367417,13480315681547253999,102587,3,20,19,57,5417,15,32,0,2327,7200,80,255,1
1767777790.8554232,13480315681547253999,102619,3,20,19,57,5417,15,32,0,2325,7200,80,255,1
1767777791.8712592,13480315681547253999,102641,3,20,19,57,5417,15,32,0,2324,7200,80,255,1
1767777793.3720589,13480315681547253999,102674,3,20,19,57,5417,15,32,0,2323,7200,80,255,1
1767777794.8566623,13480315681547253999,102706,3,20,19,57,5417,15,32,0,2321,7200,80,255,1
1767777795.8652532,13480315681547253999,102729,3,20,19,57,5417,15,32,0,2320,7200,80,255,1
1767777797.3553746,13480315681547253999,102762,3,20,19,57,5417,15,32,0,2319,7200,80,255,1
1767777798.367654,13480315681547253999,102783,3,20,19,57,5417,15,32,0,2318,7200,80,255,1
1767777799.8671803,13480315681547253999,102816,3,20,19,57,5417,15,32,0,2316,7200,80,255,1
1767777801.3531044,13480315681547253999,102851,3,20,19,57,5417,15,32,0,2315,7200,80,255,1
1767777802.3713512,13480315681547253999,102879,3,20,19,57,5417,15,32,0,2314,7200,80,255,1
1767777803.863554,13480315681547253999,102909,3,20,19,57,5417,15,32,0,2312,7200,80,255,1
1767777805.3692303,13480315681547253999,102941,3,20,19,57,5417,15,32,0,2311,7200,80,255,1
1767777806.856399,13480315681547253999,102977,3,20,19,57,5417,15,32,0,2309,7200,80,255,1
1767777807.87094,13480315681547253999,102999,3,20,19,57,5417,15,32,0,2308,7200,80,255,1
1767777809.3575757,13480315681547253999,103032,3,20,19,57,5417,15,32,0,2307,7200,80,255,1
1767777810.3686948,13480315681547253999,103054,3,20,19,57,5417,15,32,0,2306,7200,80,255,1
1767777811.8579872,13480315681547253999,103089,3,20,19,57,5417,15,32,0,2304,7200,80,255,1
1767777812.8689694,13480315681547253999,103113,3,20,19,57,5417,15,32,0,2303,7200,80,255,1
1767777814.370736,13480315681547253999,103147,3,20,19,57,5417,15,32,0,2302,7200,80,255,1
1767777815.87176,13480315681547253999,103180,3,20,19,57,5417,15,32,0,2300,7200,80,255,1
1767777817.3627117,13480315681547253999,103210,3,20,19,57,5417,15,32,0,2299,7200,80,255,1
1767777818.3713763,13480315681547253999,103233,3,20,19,57,5417,15,32,0,2298,7200,80,255,1
1767777819.8539844,13480315681547253999,103267,3,20,19,57,5417,15,32,0,2296,7200,80,255,1
1767777820.866075,13480315681547253999,103288,3,20,19,57,5417,15,32,0,2295,7200,80,255,1
1767777822.3598313,13480315681547253999,103318,3,20,19,57,5417,15,32,0,2294,7200,80,255,1
1767777823.8709195,13480315681547253999,103350,3,20,19,57,5417,15,32,0,2292,7200,80,255,1
1767777825.352612,13480315681547253999,103383,3,20,19,57,5417,15,32,0,2291,7200,80,255,1
1767777826.3591058,13480315681547253999,103404,3,20,19,57,5417,15,32,0,2290,7200,80,255,1
1767777827.8718514,13480315681547253999,103437,3,20,19,57,5417,15,32,0,2288,7200,80,255,1
1767777829.3589733,13480315681547253999,103467,3,20,19,57,5417,15,32,0,2287,7200,80,255,1
1767777830.3699865,13480315681547253999,103492,3,20,19,57,5417,15,32,0,2286,7200,80,255,1
1767777831.8578002,13480315681547253999,103526,3,20,19,57,5417,15,32,0,2284,7200,80,255,1
1767777832.8668694,13480315681547253999,103548,3,20,19,57,5417,15,32,0,2283,7200,80,255,1
1767777833.8714597,13480315681547253999,103570,3,20,19,57,5417,15,32,0,2282,7200,80,255,1
1767777835.3718414,13480315681547253999,103603,3,20,19,57,5417,15,32,0,2281,7200,80,255,1
1767777836.869579,13480315681547253999,103633,3,20,19,57,5417,15,32,0,2279,7200,80,255,1
1767777838.3590748,13480315681547253999,103665,3,20,19,57,5417,15,32,0,2278,7200,80,255,1
1767777839.367987,13480315681547253999,103689,3,20,19,57,5417,15,32,0,2277,7200,80,255,1
1767777840.8549528,13480315681547253999,103727,3,20,19,57,5417,15,32,0,2275,7200,80,255,1
1767777841.8687084,13480315681547253999,103748,3,20,19,57,5417,15,32,0,2274,7200,80,255,1
1767777843.372836,13480315681547253999,103781,3,20,19,57,5417,15,32,0,2273,7200,80,255,1
1767777844.8594592,13480315681547253999,103811,3,20,19,57,5417,15,32,0,2271,7200,80,255,1
1767777845.8695095,13480315681547253999,103835,3,20,19,57,5417,15,32,0,2270,7200,80,255,1
1767777847.3617737,13480315681547253999,103865,3,20,19,57,5417,15,32,0,2269,7200,80,255,1
1767777848.8540874,13480315681547253999,103903,3,20,19,57,5417,15,32,0,2267,7200,80,255,1
1767777849.8716967,13480315681547253999,103925,3,20,19,57,5417,15,32,0,2266,7200,80,255,1
1767777851.3574705,13480315681547253999,103957,3,20,19,57,5417,15,32,0,2265,7200,80,255,1
1767777852.370992,13480315681547253999,103982,3,20,19,57,5417,15,32,0,2264,7200,80,255,1
1767777853.862022,13480315681547253999,104014,3,20,19,57,5417,15,32,0,2262,7200,80,255,1
1767777854.8706102,13480315681547253999,104038,3,20,19,57,5417,15,32,0,2261,7200,80,255,1
1767777856.359723,13480315681547253999,104069,3,20,19,57,5417,15,32,0,2260,7200,80,255,1
1767777857.859221,13480315681547253999,104106,3,20,19,57,5417,15,32,0,2258,7200,80,255,1
1767777859.3719168,13480315681547253999,104141,3,20,19,57,5417,15,32,0,2257,7200,80,255,1
1767777860.866644,13480315681547253999,104172,3,20,19,57,5417,15,32,0,2255,7200,80,255,1
1767777862.3623724,13480315681547253999,104202,3,20,19,57,5417,15,32,0,2254,7200,80,255,1
1767777863.3716426,13480315681547253999,104225,3,20,19,57,5417,15,32,0,2253,7200,80,255,1
1767777864.864753,13480315681547253999,104256,3,20,19,57,5417,15,32,0,2251,7200,80,255,1
1767777865.8716643,13480315681547253999,104278,3,20,19,57,5417,15,32,0,2250,7200,80,255,1
1767777867.3601413,13480315681547253999,104308,3,20,19,57,5417,15,32,0,2249,7200,80,255,1
1767777868.3708508,13480315681547253999,104330,3,20,19,57,5417,15,32,0,2248,7200,80,255,1
1767777869.8669574,13480315681547253999,104361,3,20,19,57,5417,15,32,0,2246,7200,80,255,1
1767777871.353957,13480315681547253999,104393,3,20,19,57,5417,15,32,0,2245,7200,80,255,1
1767777872.3611848,13480315681547253999,104415,3,20,19,57,5417,15,32,0,2244,7200,80,255,1
1767777873.369668,13480315681547253999,104438,3,20,19,57,5417,15,32,0,2243,7200,80,255,1
1767777874.872442,13480315681547253999,104471,3,20,19,57,5417,15,32,0,2241,7200,80,255,1
1767777876.3556004,13480315681547253999,104504,3,20,19,57,5417,15,32,0,2240,7200,80,255,1
1767777877.3573446,13480315681547253999,104531,3,20,19,57,5417,15,32,0,2239,7200,80,255,1
1767777878.867727,13480315681547253999,104565,3,20,19,57,5417,15,32,0,2237,7200,80,255,1
1767777880.3687704,13480315681547253999,104597,3,20,19,57,5417,15,32,0,2236,7200,80,255,1
1767777881.870377,13480315681547253999,104630,3,20,19,57,5417,15,32,0,2234,7200,80,255,1
1767777883.355584,13480315681547253999,104664,3,20,19,57,5417,15,32,0,2233,7200,80,255,1
1767777884.3628411,13480315681547253999,104686,3,20,19,57,5417,15,32,0,2232,7200,80,255,1
1767777885.87151,13480315681547253999,104724,3,20,19,57,5417,15,32,0,2230,7200,80,255,1
1767777887.3664334,13480315681547253999,104756,3,20,19,57,5417,15,32,0,2229,7200,80,255,1
1767777888.3665712,13480315681547253999,104778,3,20,19,57,5417,15,32,0,2228,7200,80,255,1
1767777889.8528025,13480315681547253999,104810,3,20,19,57,5417,15,32,0,2226,7200,80,255,1
1767777890.8625169,13480315681547253999,104831,3,20,19,57,5417,15,32,0,2225,7200,80,255,1
1767777892.3566012,13480315681547253999,104868,3,20,19,57,5417,15,32,0,2224,7200,80,255,1
1767777893.360481,13480315681547253999,104889,3,20,19,57,5417,15,32,0,2223,7200,80,255,1
1767777894.3673317,13480315681547253999,104912,3,20,19,57,5417,15,32,0,2222,7200,80,255,1
1767777895.8651752,13480315681547253999,104946,3,20,19,57,5417,15,32,0,2220,7200,80,255,1
1767777897.3552043,13480315681547253999,104978,3,20,19,57,5417,15,32,0,2219,7200,80,255,1
1767777898.3625007,13480315681547253999,104999,3,20,19,57,5417,15,32,0,2218,7200,80,255,1
1767777899.8673873,13480315681547253999,105033,3,20,19,57,5417,15,32,0,2216,7200,80,255,1
1767777901.3708088,13480315681547253999,105066,3,20,19,57,5417,15,32,0,2215,7200,80,255,1
1767777902.8634617,13480315681547253999,105098,3,20,19,57,5417,15,32,0,2213,7200,80,255,1
1767777904.3634713,13480315681547253999,105129,3,20,19,57,5417,15,32,0,2212,7200,80,255,1
1767777905.8626323,13480315681547253999,105164,3,20,19,57,5417,15,32,0,2210,7200,80,255,1
1767777906.8679106,13480315681547253999,105184,3,20,19,57,5417,15,32,0,2209,7200,80,255,1
1767777908.3635554,13480315681547253999,105216,3,20,19,57,5417,15,32,0,2208,7200,80,255,1
1767777909.857347,13480315681547253999,105253,3,20,19,57,5417,15,32,0,2206,7200,80,255,1
1767777910.8700733,13480315681547253999,105279,3,20,19,57,5417,15,32,0,2205,7200,80,255,1
1767777912.361345,13480315681547253999,105309,3,20,19,57,5417,15,32,0,2204,7200,80,255,1
1767777913.3738594,13480315681547253999,105335,3,20,19,57,5417,15,32,0,2203,7200,80,255,1
1767777914.863584,13480315681547253999,105366,3,20,19,57,5417,15,32,0,2201,7200,80,255,1
1767777916.3555224,13480315681547253999,105399,3,20,19,57,5417,15,32,0,2200,7200,80,255,1
1767777917.368501,13480315681547253999,105422,3,20,19,57,5417,15,32,0,2199,7200,80,255,1
1767777918.8526018,13480315681547253999,105454,3,20,19,57,5417,15,32,0,2197,7200,80,255,1
1767777919.862635,13480315681547253999,105475,3,20,19,57,5417,15,32,0,2196,7200,80,255,1
1767777920.8690963,13480315681547253999,105497,3,20,19,57,5417,15,32,0,2195,7200,80,255,1
1767777922.3651218,13480315681547253999,105529,3,20,19,57,5417,15,32,0,2194,7200,80,255,1
1767777923.8528595,13480315681547253999,105563,3,20,19,57,5417,15,32,0,2192,7200,80,255,1
1767777924.8591702,13480315681547253999,105584,3,20,19,57,5417,15,32,0,2191,7200,80,255,1
1767777925.86517,13480315681547253999,105607,3,20,19,57,5417,15,32,0,2190,7200,80,255,1
1767777927.3574352,13480315681547253999,105643,3,20,19,57,5417,15,32,0,2189,7200,80,255,1
1767777928.8675838,13480315681547253999,105677,3,20,19,57,5417,15,32,0,2187,7200,80,255,1
1767777930.3690186,13480315681547253999,105710,3,20,19,57,5417,15,32,0,2186,7200,80,255,1
1767777931.371308,13480315681547253999,105732,3,20,19,57,5417,15,32,0,2185,7200,80,255,1
1767777932.8548887,13480315681547253999,105765,3,20,19,57,5417,15,32,0,2183,7200,80,255,1
1767777933.8637538,13480315681547253999,105787,3,20,19,57,5417,15,32,0,2182,7200,80,255,1
1767777935.3559434,13480315681547253999,105822,3,20,19,57,5417,15,32,0,2181,7200,80,255,1
1767777936.3692687,13480315681547253999,105845,3,20,19,57,5417,15,32,0,2180,7200,80,255,1
1767777937.8533335,13480315681547253999,105877,3,20,19,57,5417,15,32,0,2178,7200,80,255,1
1767777938.8598268,13480315681547253999,105898,3,20,19,57,5417,15,32,0,2177,7200,80,255,1
1767777939.8724034,13480315681547253999,105923,3,20,19,57,5417,15,32,0,2176,7200,80,255,1
1767777941.367104,13480315681547253999,105953,3,20,19,57,5417,15,32,0,2175,7200,80,255,1
1767777942.864068,13480315681547253999,105984,3,20,19,57,5417,15,32,0,2173,7200,80,255,1
1767777944.3581645,13480315681547253999,106015,3,20,19,57,5417,15,32,0,2172,7200,80,255,1
1767777945.3714943,13480315681547253999,106038,3,20,19,57,5417,15,32,0,2171,7200,80,255,1
1767777946.8672547,13480315681547253999,106068,3,20,19,57,5417,15,32,0,2169,7200,80,255,1
1767777948.358409,13480315681547253999,106100,3,20,19,57,5417,15,32,0,2168,7200,80,255,1
1767777949.8539917,13480315681547253999,106139,3,20,19,57,5417,15,32,0,2166,7200,80,255,1
1767777951.3705077,13480315681547253999,106173,3,20,19,57,5417,15,32,0,2165,7200,80,255,1
1767777952.3716595,13480315681547253999,106193,3,20,19,57,5417,15,32,0,2164,7200,80,255,1
1767777953.8561668,13480315681547253999,106228,3,20,19,57,5417,15,32,0,2162,7200,80,255,1
1767777955.3697252,13480315681547253999,106261,3,20,19,57,5417,15,32,0,2161,7200,80,255,1
1767777956.871428,13480315681547253999,106293,3,20,19,57,5417,15,32,0,2159,7200,80,255,1
1767777958.3662946,13480315681547253999,106324,3,20,19,57,5417,15,32,0,2158,7200,80,255,1
1767777959.3688333,13480315681547253999,106345,3,20,19,57,5417,15,32,0,2157,7200,80,255,1
1767777960.8548148,13480315681547253999,106378,3,20,19,57,5417,15,32,0,2155,7200,80,255,1
1767777961.858996,13480315681547253999,106402,3,20,19,57,5417,15,32,0,2154,7200,80,255,1
1767777963.3629377,13480315681547253999,106438,3,20,19,57,5417,15,32,0,2153,7200,80,255,1
1767777964.8595865,13480315681547253999,106469,3,20,19,57,5417,15,32,0,2151,7200,80,255,1
1767777965.8714254,13480315681547253999,106492,3,20,19,57,5417,15,32,0,2150,7200,80,255,1
1767777967.3556268,13480315681547253999,106529,3,20,19,57,5417,15,32,0,2149,7200,80,255,1
1767777968.8719585,13480315681547253999,106567,3,20,19,57,5417,15,32,0,2147,7200,80,255,1
1767777970.3659415,13480315681547253999,106597,3,20,19,57,5417,15,32,0,2146,7200,80,255,1
1767777971.366091,13480315681547253999,106620,3,20,19,57,5417,15,32,0,2145,7200,80,255,1
1767777972.370964,13480315681547253999,106640,3,20,19,57,5417,15,32,0,2144,7200,80,255,1
1767777973.8697388,13480315681547253999,106671,3,20,19,57,5417,15,32,0,2142,7200,80,255,1
1767777975.3667088,13480315681547253999,106702,3,20,19,57,5417,15,32,0,2141,7200,80,255,1
1767777976.8670146,13480315681547253999,106734,3,20,19,57,5417,15,32,0,2139,7200,80,255,1
1767777978.3628008,13480315681547253999,106764,3,20,19,57,5417,15,32,0,2138,7200,80,255,1
1767777979.858257,13480315681547253999,106794,3,20,19,57,5417,15,32,0,2136,7200,80,255,1
1767777981.353463,13480315681547253999,106835,3,20,19,57,5417,15,32,0,2135,7200,80,255,1
1767777982.370794,13480315681547253999,106858,3,20,19,57,5417,15,32,0,2134,7200,80,255,1
1767777983.867114,13480315681547253999,106889,3,20,19,57,5417,15,32,0,2132,7200,80,255,1
1767777985.3648088,13480315681547253999,106919,3,20,19,57,5417,15,32,0,2131,7200,80,255,1
1767777986.8561425,13480315681547253999,106953,3,20,19,57,5417,15,32,0,2129,7200,80,255,1
1767777987.8713298,13480315681547253999,106975,3,20,19,57,5417,15,32,0,2128,7200,80,255,1
1767777989.3617222,13480315681547253999,107005,3,20,19,57,5417,15,32,0,2127,7200,80,255,1
1767777990.8527403,13480315681547253999,107041,3,20,19,57,5417,15,32,0,2125,7200,80,255,1
1767777991.8714921,13480315681547253999,107062,3,20,19,57,5417,15,32,0,2124,7200,80,255,1
1767777993.362385,13480315681547253999,107092,3,20,19,57,5417,15,32,0,2123,7200,80,255,1
1767777994.3734558,13480315681547253999,107115,3,20,19,57,5417,15,32,0,2122,7200,80,255,1
1767777995.8665009,13480315681547253999,107149,3,20,19,57,5417,15,32,0,2120,7200,80,255,1
1767777996.8677917,13480315681547253999,107169,3,20,19,57,5417,15,32,0,2119,7200,80,255,1
1767777998.3667414,13480315681547253999,107199,3,20,19,57,5417,15,32,0,2118,7200,80,255,1
1767777999.8658743,13480315681547253999,107229,3,20,19,57,5417,15,32,0,2116,7200,80,255,1
1767778001.362956,13480315681547253999,107260,3,20,19,57,5417,15,32,0,2115,7200,80,255,1
1767778002.3635917,13480315681547253999,107281,3,20,19,57,5417,15,32,0,2114,7200,80,255,1
1767778003.863357,13480315681547253999,107311,3,20,19,57,5417,15,32,0,2112,7200,80,255,1
1767778005.3688326,13480315681547253999,107341,3,20,19,57,5417,15,32,0,2111,7200,80,255,1
1767778006.867171,13480315681547253999,107371,3,20,19,57,5417,15,32,0,2109,7200,80,255,1
1767778008.363627,13480315681547253999,107402,3,20,19,57,5417,15,32,0,2108,7200,80,255,1
1767778009.3645766,13480315681547253999,107422,3,20,19,57,5417,15,32,0,2107,7200,80,255,1
1767778010.3665783,13480315681547253999,107442,3,20,19,57,5417,15,32,0,2106,7200,80,255,1
1767778011.3685331,13480315681547253999,107462,3,20,19,57,5417,15,32,0,2105,7200,80,255,1
1767778012.37235,13480315681547253999,107482,3,20,19,57,5417,15,32,0,2104,7200,80,255,1
1767778013.8624086,13480315681547253999,107512,3,20,19,57,5417,15,32,0,2102,7200,80,255,1
1767778015.3570075,13480315681547253999,107553,3,20,19,57,5417,15,32,0,2101,7200,80,255,1
1767778016.3581157,13480315681547253999,107582,3,20,19,57,5417,15,32,0,2100,7200,80,255,1
1767778017.3610904,13480315681547253999,107606,3,20,19,57,5417,15,32,0,2099,7200,80,255,1
1767778018.3613732,13480315681547253999,107627,3,20,19,57,5417,15,32,0,2098,7200,80,255,1
1767778019.367906,13480315681547253999,107647,3,20,19,57,5417,15,32,0,2097,7200,80,255,1
1767778020.8576174,13480315681547253999,107678,3,20,19,57,5417,15,32,0,2095,7200,80,255,1
1767778022.359744,13480315681547253999,107718,3,20,19,57,5417,15,32,0,2094,7200,80,255,1
1767778023.870748,13480315681547253999,107754,3,20,19,57,5417,15,32,0,2092,7200,80,255,1
1767778025.36246,13480315681547253999,107784,3,20,19,57,5417,15,32,0,2091,7200,80,255,1
1767778026.3659954,13480315681547253999,107805,3,20,19,57,5417,15,32,0,2090,7200,80,255,1
1767778027.370961,13480315681547253999,107826,3,20,19,57,5417,15,32,0,2089,7200,80,255,1
1767778028.8680475,13480315681547253999,107859,3,20,19,57,5417,15,32,0,2087,7200,80,255,1
1767778030.3635614,13480315681547253999,107889,3,20,19,57,5417,15,32,0,2086,7200,80,255,1
1767778031.8671625,13480315681547253999,107919,3,20,19,57,5417,15,32,0,2084,7200,80,255,1
1767778033.3636687,13480315681547253999,107949,3,20,19,57,5417,15,32,0,2083,7200,80,255,1
1767778034.8604572,13480315681547253999,107979,3,20,19,57,5417,15,32,0,2081,7200,80,255,1
1767778035.863703,13480315681547253999,108003,3,20,19,57,5417,15,32,0,179,7200,80,255,1
1767778036.8676212,13480315681547253999,108023,3,20,19,57,5417,15,32,0,178,7200,80,255,1
1767778037.8694112,13480315681547253999,108043,3,20,19,57,5417,15,32,0,177,7200,80,255,1
1767778039.366849,13480315681547253999,108074,3,20,19,57,5417,15,32,0,175,7200,80,255,1
1767778040.8680887,13480315681547253999,108104,3,20,19,57,5417,15,32,0,174,7200,80,255,1
1767778041.8693414,13480315681547253999,108124,3,20,19,57,5417,15,32,0,173,7200,80,255,1
1767778042.870274,13480315681547253999,108145,3,20,19,57,5417,15,32,0,172,7200,80,255,1
1767778044.3627405,13480315681547253999,108175,3,20,19,57,5417,15,32,0,170,7200,80,255,1
1767778045.853565,13480315681547253999,108212,3,20,19,57,5417,15,32,0,169,7200,80,255,1
1767778046.8560238,13480315681547253999,108233,3,20,19,57,5417,15,32,0,168,7200,80,255,1
1767778048.3543618,13480315681547253999,108266,3,20,19,57,5417,15,32,0,166,7200,80,255,1
1767778049.3585954,13480315681547253999,108296,3,20,19,57,5417,15,32,0,165,7200,80,255,1
1767778050.856575,13480315681547253999,108340,3,20,19,57,5417,15,32,0,164,7200,80,255,1
1767778051.8686023,13480315681547253999,108363,3,20,19,57,5417,15,32,0,163,7200,80,255,1
1767778053.3659153,13480315681547253999,108394,3,20,19,57,5417,15,32,0,161,7200,80,255,1
1767778054.861856,13480315681547253999,108425,3,20,19,57,5417,15,32,0,160,7200,80,255,1
1767778056.3599894,13480315681547253999,108455,3,20,19,57,5417,15,32,0,158,7200,80,255,1
1767778057.3624988,13480315681547253999,108477,3,20,19,57,5417,15,32,0,157,7200,80,255,1
1767778058.8593721,13480315681547253999,108507,3,20,19,57,5417,15,32,0,156,7200,80,255,1
1767778060.3582907,13480315681547253999,108548,3,20,19,57,5417,15,32,0,154,7200,80,255,1
1767778061.361419,13480315681547253999,108569,3,20,19,57,5417,15,32,0,153,7200,80,255,1
1767778062.3675175,13480315681547253999,108591,3,20,19,57,5417,15,32,0,152,7200,80,255,1
1767778063.372209,13480315681547253999,108611,3,20,19,57,5417,15,32,0,151,7200,80,255,1
1767778064.85839,13480315681547253999,108648,3,20,19,57,5417,15,32,0,150,7200,80,255,1
1767778066.3537083,13480315681547253999,108688,3,20,19,57,5417,15,32,0,148,7200,80,255,1
1767778067.3651032,13480315681547253999,108712,3,20,19,57,5417,15,32,0,147,7200,80,255,1
1767778068.866017,13480315681547253999,108742,3,20,19,57,5417,15,32,0,146,7200,80,255,1
1767778070.3626745,13480315681547253999,108773,3,20,19,57,5417,15,32,0,144,7200,80,255,1
1767778071.8611245,13480315681547253999,108810,3,20,19,57,5417,15,32,0,143,7200,80,255,1
1767778073.364771,13480315681547253999,108840,3,20,19,57,5417,15,32,0,141,7200,80,255,1
1767778074.370432,13480315681547253999,108861,3,20,19,57,5417,15,32,0,140,7200,80,255,1
1767778075.8671937,13480315681547253999,108892,3,20,19,57,5417,15,32,0,139,7200,80,255,1
1767778076.87084,13480315681547253999,108912,3,20,19,57,5417,15,32,0,138,7200,80,255,1
1767778077.8712857,13480315681547253999,108932,3,20,19,57,5417,15,32,0,137,7200,80,255,1
1767778079.3649814,13480315681547253999,108963,3,20,19,57,5417,15,32,0,135,7200,80,255,1
1767778080.8598688,13480315681547253999,108993,3,20,19,57,5417,15,32,0,134,7200,80,255,1
1767778081.8689482,13480315681547253999,109017,3,20,19,57,5417,15,32,0,133,7200,80,255,1
1767778082.8723412,13480315681547253999,109037,3,20,19,57,5417,15,32,0,132,7200,80,255,1
1767778084.353409,13480315681547253999,109068,3,20,19,57,5417,15,32,0,130,7200,80,255,1
1767778085.3549466,13480315681547253999,109095,3,20,19,57,5417,15,32,0,129,7200,80,255,1
1767778086.3708847,13480315681547253999,109116,3,20,19,57,5417,15,32,0,128,7200,80,255,1
1767778087.8586547,13480315681547253999,109157,3,20,19,57,5417,15,32,0,127,7200,80,255,1
1767778089.3699691,13480315681547253999,109194,3,20,19,57,5417,15,32,0,125,7200,80,255,1
1767778090.8588433,13480315681547253999,109224,3,20,19,57,5417,15,32,0,124,7200,80,255,1
1767778091.8647134,13480315681547253999,109252,3,20,19,57,5417,15,32,0,123,7200,80,255,1
1767778093.3552134,13480315681547253999,109285,3,20,19,57,5417,15,32,0,121,7200,80,255,1
1767778094.8546765,13480315681547253999,109319,3,20,19,57,5417,15,32,0,120,7200,80,255,1
1767778095.8549812,13480315681547253999,109340,3,20,19,57,5417,15,32,0,119,7200,80,255,1
1767778097.3557942,13480315681547253999,109373,3,20,19,57,5417,15,32,0,117,7200,80,255,1
1767778098.3562486,13480315681547253999,109402,3,20,19,57,5417,15,32,0,116,7200,80,255,1
1767778099.3723857,13480315681547253999,109424,3,20,19,57,5417,15,32,0,115,7200,80,255,1
1767778100.8654003,13480315681547253999,109455,3,20,19,57,5417,15,32,0,114,7200,80,255,1
1767778102.3693833,13480315681547253999,109487,3,20,19,57,5417,15,32,0,112,7200,80,255,1
1767778103.8631437,13480315681547253999,109517,3,20,19,57,5417,15,32,0,111,7200,80,255,1
1767778105.3564608,13480315681547253999,109552,3,20,19,57,5417,15,32,0,109,7200,80,255,1
1767778106.867753,13480315681547253999,109593,3,20,19,57,5417,15,32,0,108,7200,80,255,1
1767778108.3551314,13480315681547253999,109624,3,20,19,57,5417,15,32,0,106,7200,80,255,1
1767778109.3578897,13480315681547253999,109653,3,20,19,57,5417,15,32,0,105,7200,80,255,1
1767778110.8576024,13480315681547253999,109694,3,20,19,57,5417,15,32,0,104,7200,80,255,1
1767778111.8594697,13480315681547253999,109721,3,20,19,57,5417,15,32,0,103,7200,80,255,1
1767778113.3611872,13480315681547253999,109763,3,20,19,57,5417,15,32,0,101,7200,80,255,1
1767778114.3702357,13480315681547253999,109783,3,20,19,57,5417,15,32,0,100,7200,80,255,1
1767778115.8651202,13480315681547253999,109813,3,20,19,57,5417,15,32,0,99,7200,80,255,1
1767778117.368285,13480315681547253999,109844,3,20,19,57,5417,15,32,0,97,7200,80,255,1
1767778118.8644838,13480315681547253999,109874,3,20,19,57,5417,15,32,0,96,7200,80,255,1
1767778120.356656,13480315681547253999,109907,3,20,19,57,5417,15,32,0,94,7200,80,255,1
1767778121.3707945,13480315681547253999,109930,3,20,19,57,5417,15,32,0,93,7200,80,255,1
1767778122.3710182,13480315681547253999,109951,3,20,19,57,5417,15,32,0,92,7200,80,255,1
1767778123.8659177,13480315681547253999,109989,3,20,19,57,5417,15,32,0,91,7200,80,255,1
1767778124.8704221,13480315681547253999,110009,3,20,19,57,5417,15,32,0,90,7200,80,255,1
1767778126.35643,13480315681547253999,110047,3,20,19,57,5417,15,32,0,88,7200,80,255,1
1767778127.371475,13480315681547253999,110071,3,20,19,57,5417,15,32,0,87,7200,80,255,1
1767778128.867074,13480315681547253999,110101,3,20,19,57,5417,15,32,0,86,7200,80,255,1
1767778129.8678615,13480315681547253999,110121,3,20,19,57,5417,15,32,0,85,7200,80,255,1
1767778131.362297,13480315681547253999,110151,3,20,19,57,5417,15,32,0,83,7200,80,255,1
1767778132.3709145,13480315681547253999,110171,3,20,19,57,5417,15,32,0,82,7200,80,255,1
1767778133.8683536,13480315681547253999,110201,3,20,19,57,5417,15,32,0,81,7200,80,255,1
1767778135.3715267,13480315681547253999,110232,3,20,19,57,5417,15,32,0,79,7200,80,255,1
1767778136.8526468,13480315681547253999,110263,3,20,19,57,5417,15,32,0,78,7200,80,255,1
1767778137.8706973,13480315681547253999,110285,3,20,19,57,5417,15,32,0,77,7200,80,255,1
1767778139.3598294,13480315681547253999,110315,3,20,19,57,5417,15,32,0,75,7200,80,255,1
1767778140.3610337,13480315681547253999,110338,3,20,19,57,5417,15,32,0,74,7200,80,255,1
1767778141.3732405,13480315681547253999,110363,3,20,19,57,5417,15,32,0,73,7200,80,255,1
1767778142.8663552,13480315681547253999,110394,3,20,19,57,5417,15,32,0,72,7200,80,255,1
1767778144.3546135,13480315681547253999,110429,3,20,19,57,5417,15,32,0,70,7200,80,255,1
1767778145.3574488,13480315681547253999,110455,3,20,19,57,5417,15,32,0,69,7200,80,255,1
1767778146.3738585,13480315681547253999,110481,3,20,19,57,5417,15,32,0,68,7200,80,255,1
1767778147.8533554,13480315681547253999,110513,3,20,19,57,5417,15,32,0,67,7200,80,255,1
1767778148.8722718,13480315681547253999,110534,3,20,19,57,5417,15,32,0,66,7200,80,255,1
1767778150.3592675,13480315681547253999,110569,3,20,19,57,5417,15,32,0,64,7200,80,255,1
1767778151.3725176,13480315681547253999,110590,3,20,19,57,5417,15,32,0,63,7200,80,255,1
1767778152.864971,13480315681547253999,110621,3,20,19,57,5417,15,32,0,62,7200,80,255,1
1767778153.8697875,13480315681547253999,110641,3,20,19,57,5417,15,32,0,61,7200,80,255,1
1767778154.8702981,13480315681547253999,110662,3,20,19,57,5417,15,32,0,60,7200,80,255,1
1767778156.3729653,13480315681547253999,110696,3,20,19,57,5417,15,32,0,58,7200,80,255,1
1767778157.8684566,13480315681547253999,110727,3,20,19,57,5417,15,32,0,57,7200,80,255,1
1767778159.3673134,13480315681547253999,110757,3,20,19,57,5417,15,32,0,55,7200,80,255,1
1767778160.8555255,13480315681547253999,110791,3,20,19,57,5417,15,32,0,54,7200,80,255,1
1767778161.8726556,13480315681547253999,110812,3,20,19,57,5417,15,32,0,53,7200,80,255,1
1767778163.360034,13480315681547253999,110842,3,20,19,57,5417,15,32,0,51,7200,80,255,1
1767778164.8700013,13480315681547253999,110879,3,20,19,57,5417,15,32,0,50,7200,80,255,1
1767778166.361092,13480315681547253999,110910,3,20,19,57,5417,15,32,0,48,7200,80,255,1
1767778167.8606522,13480315681547253999,110940,3,20,19,57,5417,15,32,0,47,7200,80,255,1
1767778168.8623784,13480315681547253999,110966,3,20,19,57,5417,15,32,0,46,7200,80,255,1
1767778169.8678293,13480315681547253999,110987,3,20,19,57,5417,15,32,0,45,7200,80,255,1
1767778171.3595264,13480315681547253999,111017,3,20,19,57,5417,15,32,0,43,7200,80,255,1
1767778172.3624265,13480315681547253999,111040,3,20,19,57,5417,15,32,0,42,7200,80,255,1
1767778173.3684547,13480315681547253999,111060,3,20,19,57,5417,15,32,0,41,7200,80,255,1
1767778174.8636222,13480315681547253999,111090,3,20,19,57,5417,15,32,0,40,7200,80,255,1
1767778175.8657901,13480315681547253999,111111,3,20,19,57,5417,15,32,0,39,7200,80,255,1
1767778176.8691392,13480315681547253999,111131,3,20,19,57,5417,15,32,0,38,7200,80,255,1
1767778178.3600407,13480315681547253999,111165,3,20,19,57,5417,15,32,0,36,7200,80,255,1
1767778179.3611405,13480315681547253999,111188,3,20,19,57,5417,15,32,0,35,7200,80,255,1
1767778180.3631535,13480315681547253999,111208,3,20,19,57,5417,15,32,0,34,7200,80,255,1
1767778181.370671,13480315681547253999,111228,3,20,19,57,5417,15,32,0,33,7200,80,255,1
1767778182.3716204,13480315681547253999,111248,3,20,19,57,5417,15,32,0,32,7200,80,255,1
1767778183.865765,13480315681547253999,111278,3,20,19,57,5417,15,32,0,31,7200,80,255,1
1767778184.8694139,13480315681547253999,111298,3,20,19,57,5417,15,32,0,30,7200,80,255,1
1767778186.3632157,13480315681547253999,111329,3,20,19,57,5417,15,32,0,28,7200,80,255,1
1767778187.3676982,13480315681547253999,111350,3,20,19,57,5417,15,32,0,27,7200,80,255,1
1767778188.3679633,13480315681547253999,111370,3,20,19,57,5417,15,32,0,26,7200,80,255,1
1767778189.865675,13480315681547253999,111400,3,20,19,57,5417,15,32,0,25,7200,80,255,1
1767778190.868867,13480315681547253999,111420,3,20,19,57,5417,15,32,0,24,7200,80,255,1
1767778192.372336,13480315681547253999,111452,3,20,19,57,5417,15,32,0,22,7200,80,255,1
1767778193.868036,13480315681547253999,111483,3,20,19,57,5417,15,32,0,21,7200,80,255,1
1767778195.3667464,13480315681547253999,111513,3,20,19,57,5417,15,32,0,19,7200,80,255,1
1767778196.8537116,13480315681547253999,111548,3,20,19,57,5417,15,32,0,18,7200,80,255,1
1767778197.8559873,13480315681547253999,111575,3,20,19,57,5417,15,32,0,17,7200,80,255,1
1767778198.8723063,13480315681547253999,111598,3,20,19,57,5417,15,32,0,16,7200,80,255,1
1767778200.3569274,13480315681547253999,111633,3,20,19,57,5417,15,32,0,14,7200,80,255,1
1767778201.3709457,13480315681547253999,111655,3,20,19,57,5417,15,32,0,13,7200,80,255,1
1767778202.8659117,13480315681547253999,111687,3,20,19,57,5417,15,32,0,12,7200,80,255,1
1767778204.3638723,13480315681547253999,111718,3,20,19,57,5417,15,32,0,10,7200,80,255,1
1767778205.8578367,13480315681547253999,111750,3,20,19,57,5417,15,32,0,9,7200,80,255,1
1767778207.3559468,13480315681547253999,111785,3,20,19,57,5417,15,32,0,7,7200,80,255,1
1767778208.3563035,13480315681547253999,111812,3,20,19,57,5417,15,32,0,6,7200,80,255,1
1767778209.8709073,13480315681547253999,111845,3,20,19,57,5417,15,32,0,5,7200,80,255,1
1767778211.363657,13480315681547253999,111876,3,20,19,57,5417,15,32,0,3,7200,80,255,1
1767778212.3730216,13480315681547253999,111896,3,20,19,57,5417,15,32,0,2,7200,80,255,1
1767778213.862609,13480315681547253999,111926,3,20,19,57,5417,15,32,0,1,7200,80,255,1
1767778214.9791634,13480315681547253999,111953,3,20,19,57,5417,15,32,0,0,7200,80,255,1
