timestamp,session_uid,frame,car_index,position,num_laps,grid_position,points,num_pit_stops,result_status,result_reason,best_lap_time_ms,total_race_time,penalties_time,num_penalties,num_tyre_stints
1767764415.1902373,9124707774134530792,0,0,9,52,9,2,2,3,2,90228,4836.7119140625,0,0,3
1767764415.1902373,9124707774134530792,0,1,8,52,10,4,2,3,2,90281,4833.1015625,0,0,3
1767764415.1902373,9124707774134530792,0,2,13,52,12,0,2,3,2,90199,4847.78955078125,0,0,3
1767764415.1902373,9124707774134530792,0,3,6,52,8,8,2,3,2,89789,4806.34765625,0,0,3
1767764415.1902373,9124707774134530792,0,4,4,52,3,12,2,3,2,89495,4793.0673828125,0,0,3
1767764415.1902373,9124707774134530792,0,5,15,52,20,0,2,3,2,90532,4854.94970703125,0,0,3
1767764415.1902373,9124707774134530792,0,6,10,52,15,1,2,3,2,90300,4840.35888671875,0,0,3
1767764415.1902373,9124707774134530792,0,7,18,51,19,0,3,3,2,90725,4799.23828125,0,0,4
1767764415.1902373,9124707774134530792,0,8,3,52,1,15,2,3,2,89213,4792.3017578125,0,0,3
1767764415.1902373,9124707774134530792,0,9,14,52,16,0,2,3,2,90412,4852.21533203125,0,0,3
1767764415.1902373,9124707774134530792,0,10,1,52,6,25,2,3,2,89254,4777.759765625,0,0,3
1767764415.1902373,9124707774134530792,0,11,19,38,4,0,2,4,3,90429,3625.40576171875,0,0,3
1767764415.1902373,9124707774134530792,0,12,12,52,14,0,2,3,2,90043,4847.08447265625,0,0,3
1767764415.1902373,9124707774134530792,0,13,2,52,5,18,2,3,2,89567,4786.0625,0,0,3
1767764415.1902373,9124707774134530792,0,14,17,51,11,0,2,3,2,90849,4779.8515625,0,0,3
1767764415.1902373,9124707774134530792,0,15,11,52,18,0,2,3,2,89968,4841.6103515625,0,0,3
1767764415.1902373,9124707774134530792,0,16,5,52,2,10,2,3,2,89630,4798.53369140625,0,0,3
1767764415.1902373,9124707774134530792,0,17,7,52,7,6,2,3,2,89520,4809.52978515625,0,0,3
1767764415.1902373,9124707774134530792,0,18,16,52,13,0,2,3,2,90794,4866.3095703125,0,0,3
1767764415.1902373,9124707774134530792,0,19,20,0,17,0,0,4,1,0,4957.805258860812,0,0,1
1767764415.1902373,9124707774134530792,0,20,0,0,0,0,0,0,0,0,0.0,0,0,0
1767764415.1902373,9124707774134530792,0,21,0,0,0,0,0,0,0,0,0.0,0,0,0
1767764420.1977336,9124707774134530792,0,0,9,52,9,2,2,3,2,90228,4836.7119140625,0,0,3
1767764420.1977336,9124707774134530792,0,1,8,52,10,4,2,3,2,90281,4833.1015625,0,0,3
1767764420.1977336,9124707774134530792,0,2,13,52,12,0,2,3,2,90199,4847.78955078125,0,0,3
1767764420.1977336,9124707774134530792,0,3,6,52,8,8,2,3,2,89789,4806.34765625,0,0,3
1767764420.1977336,9124707774134530792,0,4,4,52,3,12,2,3,2,89495,4793.0673828125,0,0,3
1767764420.1977336,9124707774134530792,0,5,15,52,20,0,2,3,2,90532,4854.94970703125,0,0,3
1767764420.1977336,9124707774134530792,0,6,10,52,15,1,2,3,2,90300,4840.35888671875,0,0,3
1767764420.1977336,9124707774134530792,0,7,18,51,19,0,3,3,2,90725,4799.23828125,0,0,4
1767764420.1977336,9124707774134530792,0,8,3,52,1,15,2,3,2,89213,4792.3017578125,0,0,3
1767764420.1977336,9124707774134530792,0,9,14,52,16,0,2,3,2,90412,4852.21533203125,0,0,3
1767764420.1977336,9124707774134530792,0,10,1,52,6,25,2,3,2,89254,4777.759765625,0,0,3
1767764420.1977336,9124707774134530792,0,11,19,38,4,0,2,4,3,90429,3625.40576171875,0,0,3
1767764420.1977336,9124707774134530792,0,12,12,52,14,0,2,3,2,90043,4847.08447265625,0,0,3
1767764420.1977336,9124707774134530792,0,13,2,52,5,18,2,3,2,89567,4786.0625,0,0,3
1767764420.1977336,9124707774134530792,0,14,17,51,11,0,2,3,2,90849,4779.8515625,0,0,3
1767764420.1977336,9124707774134530792,0,15,11,52,18,0,2,3,2,89968,4841.6103515625,0,0,3
1767764420.1977336,9124707774134530792,0,16,5,52,2,10,2,3,2,89630,4798.53369140625,0,0,3
1767764420.1977336,9124707774134530792,0,17,7,52,7,6,2,3,2,89520,4809.52978515625,0,0,3
1767764420.1977336,9124707774134530792,0,18,16,52,13,0,2,3,2,90794,4866.3095703125,0,0,3
1767764420.1977336,9124707774134530792,0,19,20,0,17,0,0,4,1,0,4957.805258860812,0,0,1
1767764420.1977336,9124707774134530792,0,20,0,0,0,0,0,0,0,0,0.0,0,0,0
1767764420.1977336,9124707774134530792,0,21,0,0,0,0,0,0,0,0,0.0,0,0,0
1767764425.212538,9124707774134530792,0,0,9,52,9,2,2,3,2,90228,4836.7119140625,0,0,3
1767764425.212538,9124707774134530792,0,1,8,52,10,4,2,3,2,90281,4833.1015625,0,0,3
1767764425.212538,9124707774134530792,0,2,13,52,12,0,2,3,2,90199,4847.78955078125,0,0,3
1767764425.212538,9124707774134530792,0,3,6,52,8,8,2,3,2,89789,4806.34765625,0,0,3
1767764425.212538,9124707774134530792,0,4,4,52,3,12,2,3,2,89495,4793.0673828125,0,0,3
1767764425.212538,9124707774134530792,0,5,15,52,20,0,2,3,2,90532,4854.94970703125,0,0,3
1767764425.212538,9124707774134530792,0,6,10,52,15,1,2,3,2,90300,4840.35888671875,0,0,3
1767764425.212538,9124707774134530792,0,7,18,51,19,0,3,3,2,90725,4799.23828125,0,0,4
1767764425.212538,9124707774134530792,0,8,3,52,1,15,2,3,2,89213,4792.3017578125,0,0,3
1767764425.212538,9124707774134530792,0,9,14,52,16,0,2,3,2,90412,4852.21533203125,0,0,3
1767764425.212538,9124707774134530792,0,10,1,52,6,25,2,3,2,89254,4777.759765625,0,0,3
1767764425.212538,9124707774134530792,0,11,19,38,4,0,2,4,3,90429,3625.40576171875,0,0,3
1767764425.212538,9124707774134530792,0,12,12,52,14,0,2,3,2,90043,4847.08447265625,0,0,3
1767764425.212538,9124707774134530792,0,13,2,52,5,18,2,3,2,89567,4786.0625,0,0,3
1767764425.212538,9124707774134530792,0,14,17,51,11,0,2,3,2,90849,4779.8515625,0,0,3
1767764425.212538,9124707774134530792,0,15,11,52,18,0,2,3,2,89968,4841.6103515625,0,0,3
1767764425.212538,9124707774134530792,0,16,5,52,2,10,2,3,2,89630,4798.53369140625,0,0,3
1767764425.212538,9124707774134530792,0,17,7,52,7,6,2,3,2,89520,4809.52978515625,0,0,3
1767764425.212538,9124707774134530792,0,18,16,52,13,0,2,3,2,90794,4866.3095703125,0,0,3
1767764425.212538,9124707774134530792,0,19,20,0,17,0,0,4,1,0,4957.805258860812,0,0,1
1767764425.212538,9124707774134530792,0,20,0,0,0,0,0,0,0,0,0.0,0,0,0
1767764425.212538,9124707774134530792,0,21,0,0,0,0,0,0,0,0,0.0,0,0,0
1767764430.213284,9124707774134530792,0,0,9,52,9,2,2,3,2,90228,4836.7119140625,0,0,3
1767764430.213284,9124707774134530792,0,1,8,52,10,4,2,3,2,90281,4833.1015625,0,0,3
1767764430.213284,9124707774134530792,0,2,13,52,12,0,2,3,2,90199,4847.78955078125,0,0,3
1767764430.213284,9124707774134530792,0,3,6,52,8,8,2,3,2,89789,4806.34765625,0,0,3
1767764430.213284,9124707774134530792,0,4,4,52,3,12,2,3,2,89495,4793.0673828125,0,0,3
1767764430.213284,9124707774134530792,0,5,15,52,20,0,2,3,2,90532,4854.94970703125,0,0,3
1767764430.213284,9124707774134530792,0,6,10,52,15,1,2,3,2,90300,4840.35888671875,0,0,3
1767764430.213284,9124707774134530792,0,7,18,51,19,0,3,3,2,90725,4799.23828125,0,0,4
1767764430.213284,9124707774134530792,0,8,3,52,1,15,2,3,2,89213,4792.3017578125,0,0,3
1767764430.213284,9124707774134530792,0,9,14,52,16,0,2,3,2,90412,4852.21533203125,0,0,3
1767764430.213284,9124707774134530792,0,10,1,52,6,25,2,3,2,89254,4777.759765625,0,0,3
1767764430.213284,9124707774134530792,0,11,19,38,4,0,2,4,3,90429,3625.40576171875,0,0,3
1767764430.213284,9124707774134530792,0,12,12,52,14,0,2,3,2,90043,4847.08447265625,0,0,3
1767764430.213284,9124707774134530792,0,13,2,52,5,18,2,3,2,89567,4786.0625,0,0,3
1767764430.213284,9124707774134530792,0,14,17,51,11,0,2,3,2,90849,4779.8515625,0,0,3
1767764430.213284,9124707774134530792,0,15,11,52,18,0,2,3,2,89968,4841.6103515625,0,0,3
1767764430.213284,9124707774134530792,0,16,5,52,2,10,2,3,2,89630,4798.53369140625,0,0,3
1767764430.213284,9124707774134530792,0,17,7,52,7,6,2,3,2,89520,4809.52978515625,0,0,3
1767764430.213284,9124707774134530792,0,18,16,52,13,0,2,3,2,90794,4866.3095703125,0,0,3
1767764430.213284,9124707774134530792,0,19,20,0,17,0,0,4,1,0,4957.805258860812,0,0,1
1767764430.213284,9124707774134530792,0,20,0,0,0,0,0,0,0,0,0.0,0,0,0
1767764430.213284,9124707774134530792,0,21,0,0,0,0,0,0,0,0,0.0,0,0,0
1767764435.2154315,9124707774134530792,0,0,9,52,9,2,2,3,2,90228,4836.7119140625,0,0,3
1767764435.2154315,9124707774134530792,0,1,8,52,10,4,2,3,2,90281,4833.1015625,0,0,3
1767764435.2154315,9124707774134530792,0,2,13,52,12,0,2,3,2,90199,4847.78955078125,0,0,3
1767764435.2154315,9124707774134530792,0,3,6,52,8,8,2,3,2,89789,4806.34765625,0,0,3
1767764435.2154315,9124707774134530792,0,4,4,52,3,12,2,3,2,89495,4793.0673828125,0,0,3
1767764435.2154315,9124707774134530792,0,5,15,52,20,0,2,3,2,90532,4854.94970703125,0,0,3
1767764435.2154315,9124707774134530792,0,6,10,52,15,1,2,3,2,90300,4840.35888671875,0,0,3
1767764435.2154315,9124707774134530792,0,7,18,51,19,0,3,3,2,90725,4799.23828125,0,0,4
1767764435.2154315,9124707774134530792,0,8,3,52,1,15,2,3,2,89213,4792.3017578125,0,0,3
1767764435.2154315,9124707774134530792,0,9,14,52,16,0,2,3,2,90412,4852.21533203125,0,0,3
1767764435.2154315,9124707774134530792,0,10,1,52,6,25,2,3,2,89254,4777.759765625,0,0,3
1767764435.2154315,9124707774134530792,0,11,19,38,4,0,2,4,3,90429,3625.40576171875,0,0,3
1767764435.2154315,9124707774134530792,0,12,12,52,14,0,2,3,2,90043,4847.08447265625,0,0,3
1767764435.2154315,9124707774134530792,0,13,2,52,5,18,2,3,2,89567,4786.0625,0,0,3
1767764435.2154315,9124707774134530792,0,14,17,51,11,0,2,3,2,90849,4779.8515625,0,0,3
1767764435.2154315,9124707774134530792,0,15,11,52,18,0,2,3,2,89968,4841.6103515625,0,0,3
1767764435.2154315,9124707774134530792,0,16,5,52,2,10,2,3,2,89630,4798.53369140625,0,0,3
1767764435.2154315,9124707774134530792,0,17,7,52,7,6,2,3,2,89520,4809.52978515625,0,0,3
1767764435.2154315,9124707774134530792,0,18,16,52,13,0,2,3,2,90794,4866.3095703125,0,0,3
1767764435.2154315,9124707774134530792,0,19,20,0,17,0,0,4,1,0,4957.805258860812,0,0,1
1767764435.2154315,9124707774134530792,0,20,0,0,0,0,0,0,0,0,0.0,0,0,0
1767764435.2154315,9124707774134530792,0,21,0,0,0,0,0,0,0,0,0.0,0,0,0
1767764440.2341282,9124707774134530792,0,0,9,52,9,2,2,3,2,90228,4836.7119140625,0,0,3
1767764440.2341282,9124707774134530792,0,1,8,52,10,4,2,3,2,90281,4833.1015625,0,0,3
1767764440.2341282,9124707774134530792,0,2,13,52,12,0,2,3,2,90199,4847.78955078125,0,0,3
1767764440.2341282,9124707774134530792,0,3,6,52,8,8,2,3,2,89789,4806.34765625,0,0,3
1767764440.2341282,9124707774134530792,0,4,4,52,3,12,2,3,2,89495,4793.0673828125,0,0,3
1767764440.2341282,9124707774134530792,0,5,15,52,20,0,2,3,2,90532,4854.94970703125,0,0,3
1767764440.2341282,9124707774134530792,0,6,10,52,15,1,2,3,2,90300,4840.35888671875,0,0,3
1767764440.2341282,9124707774134530792,0,7,18,51,19,0,3,3,2,90725,4799.23828125,0,0,4
1767764440.2341282,9124707774134530792,0,8,3,52,1,15,2,3,2,89213,4792.3017578125,0,0,3
1767764440.2341282,9124707774134530792,0,9,14,52,16,0,2,3,2,90412,4852.21533203125,0,0,3
1767764440.2341282,9124707774134530792,0,10,1,52,6,25,2,3,2,89254,4777.759765625,0,0,3
1767764440.2341282,9124707774134530792,0,11,19,38,4,0,2,4,3,90429,3625.40576171875,0,0,3
1767764440.2341282,9124707774134530792,0,12,12,52,14,0,2,3,2,90043,4847.08447265625,0,0,3
1767764440.2341282,9124707774134530792,0,13,2,52,5,18,2,3,2,89567,4786.0625,0,0,3
1767764440.2341282,9124707774134530792,0,14,17,51,11,0,2,3,2,90849,4779.8515625,0,0,3
1767764440.2341282,9124707774134530792,0,15,11,52,18,0,2,3,2,89968,4841.6103515625,0,0,3
1767764440.2341282,9124707774134530792,0,16,5,52,2,10,2,3,2,89630,4798.53369140625,0,0,3
1767764440.2341282,9124707774134530792,0,17,7,52,7,6,2,3,2,89520,4809.52978515625,0,0,3
1767764440.2341282,9124707774134530792,0,18,16,52,13,0,2,3,2,90794,4866.3095703125,0,0,3
1767764440.2341282,9124707774134530792,0,19,20,0,17,0,0,4,1,0,4957.805258860812,0,0,1
1767764440.2341282,9124707774134530792,0,20,0,0,0,0,0,0,0,0,0.0,0,0,0
1767764440.2341282,9124707774134530792,0,21,0,0,0,0,0,0,0,0,0.0,0,0,0
1767764445.245184,9124707774134530792,0,0,9,52,9,2,2,3,2,90228,4836.7119140625,0,0,3
1767764445.245184,9124707774134530792,0,1,8,52,10,4,2,3,2,90281,4833.1015625,0,0,3
1767764445.245184,9124707774134530792,0,2,13,52,12,0,2,3,2,90199,4847.78955078125,0,0,3
1767764445.245184,9124707774134530792,0,3,6,52,8,8,2,3,2,89789,4806.34765625,0,0,3
1767764445.245184,9124707774134530792,0,4,4,52,3,12,2,3,2,89495,4793.0673828125,0,0,3
1767764445.245184,9124707774134530792,0,5,15,52,20,0,2,3,2,90532,4854.94970703125,0,0,3
1767764445.245184,9124707774134530792,0,6,10,52,15,1,2,3,2,90300,4840.35888671875,0,0,3
1767764445.245184,9124707774134530792,0,7,18,51,19,0,3,3,2,90725,4799.23828125,0,0,4
1767764445.245184,9124707774134530792,0,8,3,52,1,15,2,3,2,89213,4792.3017578125,0,0,3
1767764445.245184,9124707774134530792,0,9,14,52,16,0,2,3,2,90412,4852.21533203125,0,0,3
1767764445.245184,9124707774134530792,0,10,1,52,6,25,2,3,2,89254,4777.759765625,0,0,3
1767764445.245184,9124707774134530792,0,11,19,38,4,0,2,4,3,90429,3625.40576171875,0,0,3
1767764445.245184,9124707774134530792,0,12,12,52,14,0,2,3,2,90043,4847.08447265625,0,0,3
1767764445.245184,9124707774134530792,0,13,2,52,5,18,2,3,2,89567,4786.0625,0,0,3
1767764445.245184,9124707774134530792,0,14,17,51,11,0,2,3,2,90849,4779.8515625,0,0,3
1767764445.245184,9124707774134530792,0,15,11,52,18,0,2,3,2,89968,4841.6103515625,0,0,3
1767764445.245184,9124707774134530792,0,16,5,52,2,10,2,3,2,89630,4798.53369140625,0,0,3
1767764445.245184,9124707774134530792,0,17,7,52,7,6,2,3,2,89520,4809.52978515625,0,0,3
1767764445.245184,9124707774134530792,0,18,16,52,13,0,2,3,2,90794,4866.3095703125,0,0,3
1767764445.245184,9124707774134530792,0,19,20,0,17,0,0,4,1,0,4957.805258860812,0,0,1
1767764445.245184,9124707774134530792,0,20,0,0,0,0,0,0,0,0,0.0,0,0,0
1767764445.245184,9124707774134530792,0,21,0,0,0,0,0,0,0,0,0.0,0,0,0
1767764450.2646546,9124707774134530792,0,0,9,52,9,2,2,3,2,90228,4836.7119140625,0,0,3
1767764450.2646546,9124707774134530792,0,1,8,52,10,4,2,3,2,90281,4833.1015625,0,0,3
1767764450.2646546,9124707774134530792,0,2,13,52,12,0,2,3,2,90199,4847.78955078125,0,0,3
1767764450.2646546,9124707774134530792,0,3,6,52,8,8,2,3,2,89789,4806.34765625,0,0,3
1767764450.2646546,9124707774134530792,0,4,4,52,3,12,2,3,2,89495,4793.0673828125,0,0,3
1767764450.2646546,9124707774134530792,0,5,15,52,20,0,2,3,2,90532,4854.94970703125,0,0,3
1767764450.2646546,9124707774134530792,0,6,10,52,15,1,2,3,2,90300,4840.35888671875,0,0,3
1767764450.2646546,9124707774134530792,0,7,18,51,19,0,3,3,2,90725,4799.23828125,0,0,4
1767764450.2646546,9124707774134530792,0,8,3,52,1,15,2,3,2,89213,4792.3017578125,0,0,3
1767764450.2646546,9124707774134530792,0,9,14,52,16,0,2,3,2,90412,4852.21533203125,0,0,3
1767764450.2646546,9124707774134530792,0,10,1,52,6,25,2,3,2,89254,4777.759765625,0,0,3
1767764450.2646546,9124707774134530792,0,11,19,38,4,0,2,4,3,90429,3625.40576171875,0,0,3
1767764450.2646546,9124707774134530792,0,12,12,52,14,0,2,3,2,90043,4847.08447265625,0,0,3
1767764450.2646546,9124707774134530792,0,13,2,52,5,18,2,3,2,89567,4786.0625,0,0,3
1767764450.2646546,9124707774134530792,0,14,17,51,11,0,2,3,2,90849,4779.8515625,0,0,3
1767764450.2646546,9124707774134530792,0,15,11,52,18,0,2,3,2,89968,4841.6103515625,0,0,3
1767764450.2646546,9124707774134530792,0,16,5,52,2,10,2,3,2,89630,4798.53369140625,0,0,3
1767764450.2646546,9124707774134530792,0,17,7,52,7,6,2,3,2,89520,4809.52978515625,0,0,3
1767764450.2646546,9124707774134530792,0,18,16,52,13,0,2,3,2,90794,4866.3095703125,0,0,3
1767764450.2646546,9124707774134530792,0,19,20,0,17,0,0,4,1,0,4957.805258860812,0,0,1
1767764450.2646546,9124707774134530792,0,20,0,0,0,0,0,0,0,0,0.0,0,0,0
1767764450.2646546,9124707774134530792,0,21,0,0,0,0,0,0,0,0,0.0,0,0,0
1767764455.2683496,9124707774134530792,0,0,9,52,9,2,2,3,2,90228,4836.7119140625,0,0,3
1767764455.2683496,9124707774134530792,0,1,8,52,10,4,2,3,2,90281,4833.1015625,0,0,3
1767764455.2683496,9124707774134530792,0,2,13,52,12,0,2,3,2,90199,4847.78955078125,0,0,3
1767764455.2683496,9124707774134530792,0,3,6,52,8,8,2,3,2,89789,4806.34765625,0,0,3
1767764455.2683496,9124707774134530792,0,4,4,52,3,12,2,3,2,89495,4793.0673828125,0,0,3
1767764455.2683496,9124707774134530792,0,5,15,52,20,0,2,3,2,90532,4854.94970703125,0,0,3
1767764455.2683496,9124707774134530792,0,6,10,52,15,1,2,3,2,90300,4840.35888671875,0,0,3
1767764455.2683496,9124707774134530792,0,7,18,51,19,0,3,3,2,90725,4799.23828125,0,0,4
1767764455.2683496,9124707774134530792,0,8,3,52,1,15,2,3,2,89213,4792.3017578125,0,0,3
1767764455.2683496,9124707774134530792,0,9,14,52,16,0,2,3,2,90412,4852.21533203125,0,0,3
1767764455.2683496,9124707774134530792,0,10,1,52,6,25,2,3,2,89254,4777.759765625,0,0,3
1767764455.2683496,9124707774134530792,0,11,19,38,4,0,2,4,3,90429,3625.40576171875,0,0,3
1767764455.2683496,9124707774134530792,0,12,12,52,14,0,2,3,2,90043,4847.08447265625,0,0,3
1767764455.2683496,9124707774134530792,0,13,2,52,5,18,2,3,2,89567,4786.0625,0,0,3
1767764455.2683496,9124707774134530792,0,14,17,51,11,0,2,3,2,90849,4779.8515625,0,0,3
1767764455.2683496,9124707774134530792,0,15,11,52,18,0,2,3,2,89968,4841.6103515625,0,0,3
1767764455.2683496,9124707774134530792,0,16,5,52,2,10,2,3,2,89630,4798.53369140625,0,0,3
1767764455.2683496,9124707774134530792,0,17,7,52,7,6,2,3,2,89520,4809.52978515625,0,0,3
1767764455.2683496,9124707774134530792,0,18,16,52,13,0,2,3,2,90794,4866.3095703125,0,0,3
1767764455.2683496,9124707774134530792,0,19,20,0,17,0,0,4,1,0,4957.805258860812,0,0,1
1767764455.2683496,9124707774134530792,0,20,0,0,0,0,0,0,0,0,0.0,0,0,0
1767764455.2683496,9124707774134530792,0,21,0,0,0,0,0,0,0,0,0.0,0,0,0
1767764460.2748876,9124707774134530792,0,0,9,52,9,2,2,3,2,90228,4836.7119140625,0,0,3
1767764460.2748876,9124707774134530792,0,1,8,52,10,4,2,3,2,90281,4833.1015625,0,0,3
1767764460.2748876,9124707774134530792,0,2,13,52,12,0,2,3,2,90199,4847.78955078125,0,0,3
1767764460.2748876,9124707774134530792,0,3,6,52,8,8,2,3,2,89789,4806.34765625,0,0,3
1767764460.2748876,9124707774134530792,0,4,4,52,3,12,2,3,2,89495,4793.0673828125,0,0,3
1767764460.2748876,9124707774134530792,0,5,15,52,20,0,2,3,2,90532,4854.94970703125,0,0,3
1767764460.2748876,9124707774134530792,0,6,10,52,15,1,2,3,2,90300,4840.35888671875,0,0,3
1767764460.2748876,9124707774134530792,0,7,18,51,19,0,3,3,2,90725,4799.23828125,0,0,4
1767764460.2748876,9124707774134530792,0,8,3,52,1,15,2,3,2,89213,4792.3017578125,0,0,3
1767764460.2748876,9124707774134530792,0,9,14,52,16,0,2,3,2,90412,4852.21533203125,0,0,3
1767764460.2748876,9124707774134530792,0,10,1,52,6,25,2,3,2,89254,4777.759765625,0,0,3
1767764460.2748876,9124707774134530792,0,11,19,38,4,0,2,4,3,90429,3625.40576171875,0,0,3
1767764460.2748876,9124707774134530792,0,12,12,52,14,0,2,3,2,90043,4847.08447265625,0,0,3
1767764460.2748876,9124707774134530792,0,13,2,52,5,18,2,3,2,89567,4786.0625,0,0,3
1767764460.2748876,9124707774134530792,0,14,17,51,11,0,2,3,2,90849,4779.8515625,0,0,3
1767764460.2748876,9124707774134530792,0,15,11,52,18,0,2,3,2,89968,4841.6103515625,0,0,3
1767764460.2748876,9124707774134530792,0,16,5,52,2,10,2,3,2,89630,4798.53369140625,0,0,3
1767764460.2748876,9124707774134530792,0,17,7,52,7,6,2,3,2,89520,4809.52978515625,0,0,3
1767764460.2748876,9124707774134530792,0,18,16,52,13,0,2,3,2,90794,4866.3095703125,0,0,3
1767764460.2748876,9124707774134530792,0,19,20,0,17,0,0,4,1,0,4957.805258860812,0,0,1
1767764460.2748876,9124707774134530792,0,20,0,0,0,0,0,0,0,0,0.0,0,0,0
1767764460.2748876,9124707774134530792,0,21,0,0,0,0,0,0,0,0,0.0,0,0,0
1767764465.2827559,9124707774134530792,0,0,9,52,9,2,2,3,2,90228,4836.7119140625,0,0,3
1767764465.2827559,9124707774134530792,0,1,8,52,10,4,2,3,2,90281,4833.1015625,0,0,3
1767764465.2827559,9124707774134530792,0,2,13,52,12,0,2,3,2,90199,4847.78955078125,0,0,3
1767764465.2827559,9124707774134530792,0,3,6,52,8,8,2,3,2,89789,4806.34765625,0,0,3
1767764465.2827559,9124707774134530792,0,4,4,52,3,12,2,3,2,89495,4793.0673828125,0,0,3
1767764465.2827559,9124707774134530792,0,5,15,52,20,0,2,3,2,90532,4854.94970703125,0,0,3
1767764465.2827559,9124707774134530792,0,6,10,52,15,1,2,3,2,90300,4840.35888671875,0,0,3
1767764465.2827559,9124707774134530792,0,7,18,51,19,0,3,3,2,90725,4799.23828125,0,0,4
1767764465.2827559,9124707774134530792,0,8,3,52,1,15,2,3,2,89213,4792.3017578125,0,0,3
1767764465.2827559,9124707774134530792,0,9,14,52,16,0,2,3,2,90412,4852.21533203125,0,0,3
1767764465.2827559,9124707774134530792,0,10,1,52,6,25,2,3,2,89254,4777.759765625,0,0,3
1767764465.2827559,9124707774134530792,0,11,19,38,4,0,2,4,3,90429,3625.40576171875,0,0,3
1767764465.2827559,9124707774134530792,0,12,12,52,14,0,2,3,2,90043,4847.08447265625,0,0,3
1767764465.2827559,9124707774134530792,0,13,2,52,5,18,2,3,2,89567,4786.0625,0,0,3
1767764465.2827559,9124707774134530792,0,14,17,51,11,0,2,3,2,90849,4779.8515625,0,0,3
1767764465.2827559,9124707774134530792,0,15,11,52,18,0,2,3,2,89968,4841.6103515625,0,0,3
1767764465.2827559,9124707774134530792,0,16,5,52,2,10,2,3,2,89630,4798.53369140625,0,0,3
1767764465.2827559,9124707774134530792,0,17,7,52,7,6,2,3,2,89520,4809.52978515625,0,0,3
1767764465.2827559,9124707774134530792,0,18,16,52,13,0,2,3,2,90794,4866.3095703125,0,0,3
1767764465.2827559,9124707774134530792,0,19,20,0,17,0,0,4,1,0,4957.805258860812,0,0,1
1767764465.2827559,9124707774134530792,0,20,0,0,0,0,0,0,0,0,0.0,0,0,0
1767764465.2827559,9124707774134530792,0,21,0,0,0,0,0,0,0,0,0.0,0,0,0
1767764470.2923245,9124707774134530792,0,0,9,52,9,2,2,3,2,90228,4836.7119140625,0,0,3
1767764470.2923245,9124707774134530792,0,1,8,52,10,4,2,3,2,90281,4833.1015625,0,0,3
1767764470.2923245,9124707774134530792,0,2,13,52,12,0,2,3,2,90199,4847.78955078125,0,0,3
1767764470.2923245,9124707774134530792,0,3,6,52,8,8,2,3,2,89789,4806.34765625,0,0,3
1767764470.2923245,9124707774134530792,0,4,4,52,3,12,2,3,2,89495,4793.0673828125,0,0,3
1767764470.2923245,9124707774134530792,0,5,15,52,20,0,2,3,2,90532,4854.94970703125,0,0,3
1767764470.2923245,9124707774134530792,0,6,10,52,15,1,2,3,2,90300,4840.35888671875,0,0,3
1767764470.2923245,9124707774134530792,0,7,18,51,19,0,3,3,2,90725,4799.23828125,0,0,4
1767764470.2923245,9124707774134530792,0,8,3,52,1,15,2,3,2,89213,4792.3017578125,0,0,3
1767764470.2923245,9124707774134530792,0,9,14,52,16,0,2,3,2,90412,4852.21533203125,0,0,3
1767764470.2923245,9124707774134530792,0,10,1,52,6,25,2,3,2,89254,4777.759765625,0,0,3
1767764470.2923245,9124707774134530792,0,11,19,38,4,0,2,4,3,90429,3625.40576171875,0,0,3
1767764470.2923245,9124707774134530792,0,12,12,52,14,0,2,3,2,90043,4847.08447265625,0,0,3
1767764470.2923245,9124707774134530792,0,13,2,52,5,18,2,3,2,89567,4786.0625,0,0,3
1767764470.2923245,9124707774134530792,0,14,17,51,11,0,2,3,2,90849,4779.8515625,0,0,3
1767764470.2923245,9124707774134530792,0,15,11,52,18,0,2,3,2,89968,4841.6103515625,0,0,3
1767764470.2923245,9124707774134530792,0,16,5,52,2,10,2,3,2,89630,4798.53369140625,0,0,3
1767764470.2923245,9124707774134530792,0,17,7,52,7,6,2,3,2,89520,4809.52978515625,0,0,3
1767764470.2923245,9124707774134530792,0,18,16,52,13,0,2,3,2,90794,4866.3095703125,0,0,3
1767764470.2923245,9124707774134530792,0,19,20,0,17,0,0,4,1,0,4957.805258860812,0,0,1
1767764470.2923245,9124707774134530792,0,20,0,0,0,0,0,0,0,0,0.0,0,0,0
1767764470.2923245,9124707774134530792,0,21,0,0,0,0,0,0,0,0,0.0,0,0,0
1767764475.3018231,9124707774134530792,0,0,9,52,9,2,2,3,2,90228,4836.7119140625,0,0,3
1767764475.3018231,9124707774134530792,0,1,8,52,10,4,2,3,2,90281,4833.1015625,0,0,3
1767764475.3018231,9124707774134530792,0,2,13,52,12,0,2,3,2,90199,4847.78955078125,0,0,3
1767764475.3018231,9124707774134530792,0,3,6,52,8,8,2,3,2,89789,4806.34765625,0,0,3
1767764475.3018231,9124707774134530792,0,4,4,52,3,12,2,3,2,89495,4793.0673828125,0,0,3
1767764475.3018231,9124707774134530792,0,5,15,52,20,0,2,3,2,90532,4854.94970703125,0,0,3
1767764475.3018231,9124707774134530792,0,6,10,52,15,1,2,3,2,90300,4840.35888671875,0,0,3
1767764475.3018231,9124707774134530792,0,7,18,51,19,0,3,3,2,90725,4799.23828125,0,0,4
1767764475.3018231,9124707774134530792,0,8,3,52,1,15,2,3,2,89213,4792.3017578125,0,0,3
1767764475.3018231,9124707774134530792,0,9,14,52,16,0,2,3,2,90412,4852.21533203125,0,0,3
1767764475.3018231,9124707774134530792,0,10,1,52,6,25,2,3,2,89254,4777.759765625,0,0,3
1767764475.3018231,9124707774134530792,0,11,19,38,4,0,2,4,3,90429,3625.40576171875,0,0,3
1767764475.3018231,9124707774134530792,0,12,12,52,14,0,2,3,2,90043,4847.08447265625,0,0,3
1767764475.3018231,9124707774134530792,0,13,2,52,5,18,2,3,2,89567,4786.0625,0,0,3
1767764475.3018231,9124707774134530792,0,14,17,51,11,0,2,3,2,90849,4779.8515625,0,0,3
1767764475.3018231,9124707774134530792,0,15,11,52,18,0,2,3,2,89968,4841.6103515625,0,0,3
1767764475.3018231,9124707774134530792,0,16,5,52,2,10,2,3,2,89630,4798.53369140625,0,0,3
1767764475.3018231,9124707774134530792,0,17,7,52,7,6,2,3,2,89520,4809.52978515625,0,0,3
1767764475.3018231,9124707774134530792,0,18,16,52,13,0,2,3,2,90794,4866.3095703125,0,0,3
1767764475.3018231,9124707774134530792,0,19,20,0,17,0,0,4,1,0,4957.805258860812,0,0,1
1767764475.3018231,9124707774134530792,0,20,0,0,0,0,0,0,0,0,0.0,0,0,0
1767764475.3018231,9124707774134530792,0,21,0,0,0,0,0,0,0,0,0.0,0,0,0
1767764480.3113153,9124707774134530792,0,0,9,52,9,2,2,3,2,90228,4836.7119140625,0,0,3
1767764480.3113153,9124707774134530792,0,1,8,52,10,4,2,3,2,90281,4833.1015625,0,0,3
1767764480.3113153,9124707774134530792,0,2,13,52,12,0,2,3,2,90199,4847.78955078125,0,0,3
1767764480.3113153,9124707774134530792,0,3,6,52,8,8,2,3,2,89789,4806.34765625,0,0,3
1767764480.3113153,9124707774134530792,0,4,4,52,3,12,2,3,2,89495,4793.0673828125,0,0,3
1767764480.3113153,9124707774134530792,0,5,15,52,20,0,2,3,2,90532,4854.94970703125,0,0,3
1767764480.3113153,9124707774134530792,0,6,10,52,15,1,2,3,2,90300,4840.35888671875,0,0,3
1767764480.3113153,9124707774134530792,0,7,18,51,19,0,3,3,2,90725,4799.23828125,0,0,4
1767764480.3113153,9124707774134530792,0,8,3,52,1,15,2,3,2,89213,4792.3017578125,0,0,3
1767764480.3113153,9124707774134530792,0,9,14,52,16,0,2,3,2,90412,4852.21533203125,0,0,3
1767764480.3113153,9124707774134530792,0,10,1,52,6,25,2,3,2,89254,4777.759765625,0,0,3
1767764480.3113153,9124707774134530792,0,11,19,38,4,0,2,4,3,90429,3625.40576171875,0,0,3
1767764480.3113153,9124707774134530792,0,12,12,52,14,0,2,3,2,90043,4847.08447265625,0,0,3
1767764480.3113153,9124707774134530792,0,13,2,52,5,18,2,3,2,89567,4786.0625,0,0,3
1767764480.3113153,9124707774134530792,0,14,17,51,11,0,2,3,2,90849,4779.8515625,0,0,3
1767764480.3113153,9124707774134530792,0,15,11,52,18,0,2,3,2,89968,4841.6103515625,0,0,3
1767764480.3113153,9124707774134530792,0,16,5,52,2,10,2,3,2,89630,4798.53369140625,0,0,3
1767764480.3113153,9124707774134530792,0,17,7,52,7,6,2,3,2,89520,4809.52978515625,0,0,3
1767764480.3113153,9124707774134530792,0,18,16,52,13,0,2,3,2,90794,4866.3095703125,0,0,3
1767764480.3113153,9124707774134530792,0,19,20,0,17,0,0,4,1,0,4957.805258860812,0,0,1
1767764480.3113153,9124707774134530792,0,20,0,0,0,0,0,0,0,0,0.0,0,0,0
1767764480.3113153,9124707774134530792,0,21,0,0,0,0,0,0,0,0,0.0,0,0,0
1767764485.324654,9124707774134530792,0,0,9,52,9,2,2,3,2,90228,4836.7119140625,0,0,3
1767764485.324654,9124707774134530792,0,1,8,52,10,4,2,3,2,90281,4833.1015625,0,0,3
1767764485.324654,9124707774134530792,0,2,13,52,12,0,2,3,2,90199,4847.78955078125,0,0,3
1767764485.324654,9124707774134530792,0,3,6,52,8,8,2,3,2,89789,4806.34765625,0,0,3
1767764485.324654,9124707774134530792,0,4,4,52,3,12,2,3,2,89495,4793.0673828125,0,0,3
1767764485.324654,9124707774134530792,0,5,15,52,20,0,2,3,2,90532,4854.94970703125,0,0,3
1767764485.324654,9124707774134530792,0,6,10,52,15,1,2,3,2,90300,4840.35888671875,0,0,3
1767764485.324654,9124707774134530792,0,7,18,51,19,0,3,3,2,90725,4799.23828125,0,0,4
1767764485.324654,9124707774134530792,0,8,3,52,1,15,2,3,2,89213,4792.3017578125,0,0,3
1767764485.324654,9124707774134530792,0,9,14,52,16,0,2,3,2,90412,4852.21533203125,0,0,3
1767764485.324654,9124707774134530792,0,10,1,52,6,25,2,3,2,89254,4777.759765625,0,0,3
1767764485.324654,9124707774134530792,0,11,19,38,4,0,2,4,3,90429,3625.40576171875,0,0,3
1767764485.324654,9124707774134530792,0,12,12,52,14,0,2,3,2,90043,4847.08447265625,0,0,3
1767764485.324654,9124707774134530792,0,13,2,52,5,18,2,3,2,89567,4786.0625,0,0,3
1767764485.324654,9124707774134530792,0,14,17,51,11,0,2,3,2,90849,4779.8515625,0,0,3
1767764485.324654,9124707774134530792,0,15,11,52,18,0,2,3,2,89968,4841.6103515625,0,0,3
1767764485.324654,9124707774134530792,0,16,5,52,2,10,2,3,2,89630,4798.53369140625,0,0,3
1767764485.324654,9124707774134530792,0,17,7,52,7,6,2,3,2,89520,4809.52978515625,0,0,3
1767764485.324654,9124707774134530792,0,18,16,52,13,0,2,3,2,90794,4866.3095703125,0,0,3
1767764485.324654,9124707774134530792,0,19,20,0,17,0,0,4,1,0,4957.805258860812,0,0,1
1767764485.324654,9124707774134530792,0,20,0,0,0,0,0,0,0,0,0.0,0,0,0
1767764485.324654,9124707774134530792,0,21,0,0,0,0,0,0,0,0,0.0,0,0,0
1767764490.3455539,9124707774134530792,0,0,9,52,9,2,2,3,2,90228,4836.7119140625,0,0,3
1767764490.3455539,9124707774134530792,0,1,8,52,10,4,2,3,2,90281,4833.1015625,0,0,3
1767764490.3455539,9124707774134530792,0,2,13,52,12,0,2,3,2,90199,4847.78955078125,0,0,3
1767764490.3455539,9124707774134530792,0,3,6,52,8,8,2,3,2,89789,4806.34765625,0,0,3
1767764490.3455539,9124707774134530792,0,4,4,52,3,12,2,3,2,89495,4793.0673828125,0,0,3
1767764490.3455539,9124707774134530792,0,5,15,52,20,0,2,3,2,90532,4854.94970703125,0,0,3
1767764490.3455539,9124707774134530792,0,6,10,52,15,1,2,3,2,90300,4840.35888671875,0,0,3
1767764490.3455539,9124707774134530792,0,7,18,51,19,0,3,3,2,90725,4799.23828125,0,0,4
1767764490.3455539,9124707774134530792,0,8,3,52,1,15,2,3,2,89213,4792.3017578125,0,0,3
1767764490.3455539,9124707774134530792,0,9,14,52,16,0,2,3,2,90412,4852.21533203125,0,0,3
1767764490.3455539,9124707774134530792,0,10,1,52,6,25,2,3,2,89254,4777.759765625,0,0,3
1767764490.3455539,9124707774134530792,0,11,19,38,4,0,2,4,3,90429,3625.40576171875,0,0,3
1767764490.3455539,9124707774134530792,0,12,12,52,14,0,2,3,2,90043,4847.08447265625,0,0,3
1767764490.3455539,9124707774134530792,0,13,2,52,5,18,2,3,2,89567,4786.0625,0,0,3
1767764490.3455539,9124707774134530792,0,14,17,51,11,0,2,3,2,90849,4779.8515625,0,0,3
1767764490.3455539,9124707774134530792,0,15,11,52,18,0,2,3,2,89968,4841.6103515625,0,0,3
1767764490.3455539,9124707774134530792,0,16,5,52,2,10,2,3,2,89630,4798.53369140625,0,0,3
1767764490.3455539,9124707774134530792,0,17,7,52,7,6,2,3,2,89520,4809.52978515625,0,0,3
1767764490.3455539,9124707774134530792,0,18,16,52,13,0,2,3,2,90794,4866.3095703125,0,0,3
1767764490.3455539,9124707774134530792,0,19,20,0,17,0,0,4,1,0,4957.805258860812,0,0,1
1767764490.3455539,9124707774134530792,0,20,0,0,0,0,0,0,0,0,0.0,0,0,0
1767764490.3455539,9124707774134530792,0,21,0,0,0,0,0,0,0,0,0.0,0,0,0
1767764495.3472435,9124707774134530792,0,0,9,52,9,2,2,3,2,90228,4836.7119140625,0,0,3
1767764495.3472435,9124707774134530792,0,1,8,52,10,4,2,3,2,90281,4833.1015625,0,0,3
1767764495.3472435,9124707774134530792,0,2,13,52,12,0,2,3,2,90199,4847.78955078125,0,0,3
1767764495.3472435,9124707774134530792,0,3,6,52,8,8,2,3,2,89789,4806.34765625,0,0,3
1767764495.3472435,9124707774134530792,0,4,4,52,3,12,2,3,2,89495,4793.0673828125,0,0,3
1767764495.3472435,9124707774134530792,0,5,15,52,20,0,2,3,2,90532,4854.94970703125,0,0,3
1767764495.3472435,9124707774134530792,0,6,10,52,15,1,2,3,2,90300,4840.35888671875,0,0,3
1767764495.3472435,9124707774134530792,0,7,18,51,19,0,3,3,2,90725,4799.23828125,0,0,4
1767764495.3472435,9124707774134530792,0,8,3,52,1,15,2,3,2,89213,4792.3017578125,0,0,3
1767764495.3472435,9124707774134530792,0,9,14,52,16,0,2,3,2,90412,4852.21533203125,0,0,3
1767764495.3472435,9124707774134530792,0,10,1,52,6,25,2,3,2,89254,4777.759765625,0,0,3
1767764495.3472435,9124707774134530792,0,11,19,38,4,0,2,4,3,90429,3625.40576171875,0,0,3
1767764495.3472435,9124707774134530792,0,12,12,52,14,0,2,3,2,90043,4847.08447265625,0,0,3
1767764495.3472435,9124707774134530792,0,13,2,52,5,18,2,3,2,89567,4786.0625,0,0,3
1767764495.3472435,9124707774134530792,0,14,17,51,11,0,2,3,2,90849,4779.8515625,0,0,3
1767764495.3472435,9124707774134530792,0,15,11,52,18,0,2,3,2,89968,4841.6103515625,0,0,3
1767764495.3472435,9124707774134530792,0,16,5,52,2,10,2,3,2,89630,4798.53369140625,0,0,3
1767764495.3472435,9124707774134530792,0,17,7,52,7,6,2,3,2,89520,4809.52978515625,0,0,3
1767764495.3472435,9124707774134530792,0,18,16,52,13,0,2,3,2,90794,4866.3095703125,0,0,3
1767764495.3472435,9124707774134530792,0,19,20,0,17,0,0,4,1,0,4957.805258860812,0,0,1
1767764495.3472435,9124707774134530792,0,20,0,0,0,0,0,0,0,0,0.0,0,0,0
1767764495.3472435,9124707774134530792,0,21,0,0,0,0,0,0,0,0,0.0,0,0,0
1767764500.347861,9124707774134530792,0,0,9,52,9,2,2,3,2,90228,4836.7119140625,0,0,3
1767764500.347861,9124707774134530792,0,1,8,52,10,4,2,3,2,90281,4833.1015625,0,0,3
1767764500.347861,9124707774134530792,0,2,13,52,12,0,2,3,2,90199,4847.78955078125,0,0,3
1767764500.347861,9124707774134530792,0,3,6,52,8,8,2,3,2,89789,4806.34765625,0,0,3
1767764500.347861,9124707774134530792,0,4,4,52,3,12,2,3,2,89495,4793.0673828125,0,0,3
1767764500.347861,9124707774134530792,0,5,15,52,20,0,2,3,2,90532,4854.94970703125,0,0,3
1767764500.347861,9124707774134530792,0,6,10,52,15,1,2,3,2,90300,4840.35888671875,0,0,3
1767764500.347861,9124707774134530792,0,7,18,51,19,0,3,3,2,90725,4799.23828125,0,0,4
1767764500.347861,9124707774134530792,0,8,3,52,1,15,2,3,2,89213,4792.3017578125,0,0,3
1767764500.347861,9124707774134530792,0,9,14,52,16,0,2,3,2,90412,4852.21533203125,0,0,3
1767764500.347861,9124707774134530792,0,10,1,52,6,25,2,3,2,89254,4777.759765625,0,0,3
1767764500.347861,9124707774134530792,0,11,19,38,4,0,2,4,3,90429,3625.40576171875,0,0,3
1767764500.347861,9124707774134530792,0,12,12,52,14,0,2,3,2,90043,4847.08447265625,0,0,3
1767764500.347861,9124707774134530792,0,13,2,52,5,18,2,3,2,89567,4786.0625,0,0,3
1767764500.347861,9124707774134530792,0,14,17,51,11,0,2,3,2,90849,4779.8515625,0,0,3
1767764500.347861,9124707774134530792,0,15,11,52,18,0,2,3,2,89968,4841.6103515625,0,0,3
1767764500.347861,9124707774134530792,0,16,5,52,2,10,2,3,2,89630,4798.53369140625,0,0,3
1767764500.347861,9124707774134530792,0,17,7,52,7,6,2,3,2,89520,4809.52978515625,0,0,3
1767764500.347861,9124707774134530792,0,18,16,52,13,0,2,3,2,90794,4866.3095703125,0,0,3
1767764500.347861,9124707774134530792,0,19,20,0,17,0,0,4,1,0,4957.805258860812,0,0,1
1767764500.347861,9124707774134530792,0,20,0,0,0,0,0,0,0,0,0.0,0,0,0
1767764500.347861,9124707774134530792,0,21,0,0,0,0,0,0,0,0,0.0,0,0,0
1767764505.3593335,9124707774134530792,0,0,9,52,9,2,2,3,2,90228,4836.7119140625,0,0,3
1767764505.3593335,9124707774134530792,0,1,8,52,10,4,2,3,2,90281,4833.1015625,0,0,3
1767764505.3593335,9124707774134530792,0,2,13,52,12,0,2,3,2,90199,4847.78955078125,0,0,3
1767764505.3593335,9124707774134530792,0,3,6,52,8,8,2,3,2,89789,4806.34765625,0,0,3
1767764505.3593335,9124707774134530792,0,4,4,52,3,12,2,3,2,89495,4793.0673828125,0,0,3
1767764505.3593335,9124707774134530792,0,5,15,52,20,0,2,3,2,90532,4854.94970703125,0,0,3
1767764505.3593335,9124707774134530792,0,6,10,52,15,1,2,3,2,90300,4840.35888671875,0,0,3
1767764505.3593335,9124707774134530792,0,7,18,51,19,0,3,3,2,90725,4799.23828125,0,0,4
1767764505.3593335,9124707774134530792,0,8,3,52,1,15,2,3,2,89213,4792.3017578125,0,0,3
1767764505.3593335,9124707774134530792,0,9,14,52,16,0,2,3,2,90412,4852.21533203125,0,0,3
1767764505.3593335,9124707774134530792,0,10,1,52,6,25,2,3,2,89254,4777.759765625,0,0,3
1767764505.3593335,9124707774134530792,0,11,19,38,4,0,2,4,3,90429,3625.40576171875,0,0,3
1767764505.3593335,9124707774134530792,0,12,12,52,14,0,2,3,2,90043,4847.08447265625,0,0,3
1767764505.3593335,9124707774134530792,0,13,2,52,5,18,2,3,2,89567,4786.0625,0,0,3
1767764505.3593335,9124707774134530792,0,14,17,51,11,0,2,3,2,90849,4779.8515625,0,0,3
1767764505.3593335,9124707774134530792,0,15,11,52,18,0,2,3,2,89968,4841.6103515625,0,0,3
1767764505.3593335,9124707774134530792,0,16,5,52,2,10,2,3,2,89630,4798.53369140625,0,0,3
1767764505.3593335,9124707774134530792,0,17,7,52,7,6,2,3,2,89520,4809.52978515625,0,0,3
1767764505.3593335,9124707774134530792,0,18,16,52,13,0,2,3,2,90794,4866.3095703125,0,0,3
1767764505.3593335,9124707774134530792,0,19,20,0,17,0,0,4,1,0,4957.805258860812,0,0,1
1767764505.3593335,9124707774134530792,0,20,0,0,0,0,0,0,0,0,0.0,0,0,0
1767764505.3593335,9124707774134530792,0,21,0,0,0,0,0,0,0,0,0.0,0,0,0
1767764510.3723164,9124707774134530792,0,0,9,52,9,2,2,3,2,90228,4836.7119140625,0,0,3
1767764510.3723164,9124707774134530792,0,1,8,52,10,4,2,3,2,90281,4833.1015625,0,0,3
1767764510.3723164,9124707774134530792,0,2,13,52,12,0,2,3,2,90199,4847.78955078125,0,0,3
1767764510.3723164,9124707774134530792,0,3,6,52,8,8,2,3,2,89789,4806.34765625,0,0,3
1767764510.3723164,9124707774134530792,0,4,4,52,3,12,2,3,2,89495,4793.0673828125,0,0,3
1767764510.3723164,9124707774134530792,0,5,15,52,20,0,2,3,2,90532,4854.94970703125,0,0,3
1767764510.3723164,9124707774134530792,0,6,10,52,15,1,2,3,2,90300,4840.35888671875,0,0,3
1767764510.3723164,9124707774134530792,0,7,18,51,19,0,3,3,2,90725,4799.23828125,0,0,4
1767764510.3723164,9124707774134530792,0,8,3,52,1,15,2,3,2,89213,4792.3017578125,0,0,3
1767764510.3723164,9124707774134530792,0,9,14,52,16,0,2,3,2,90412,4852.21533203125,0,0,3
1767764510.3723164,9124707774134530792,0,10,1,52,6,25,2,3,2,89254,4777.759765625,0,0,3
1767764510.3723164,9124707774134530792,0,11,19,38,4,0,2,4,3,90429,3625.40576171875,0,0,3
1767764510.3723164,9124707774134530792,0,12,12,52,14,0,2,3,2,90043,4847.08447265625,0,0,3
1767764510.3723164,9124707774134530792,0,13,2,52,5,18,2,3,2,89567,4786.0625,0,0,3
1767764510.3723164,9124707774134530792,0,14,17,51,11,0,2,3,2,90849,4779.8515625,0,0,3
1767764510.3723164,9124707774134530792,0,15,11,52,18,0,2,3,2,89968,4841.6103515625,0,0,3
1767764510.3723164,9124707774134530792,0,16,5,52,2,10,2,3,2,89630,4798.53369140625,0,0,3
1767764510.3723164,9124707774134530792,0,17,7,52,7,6,2,3,2,89520,4809.52978515625,0,0,3
1767764510.3723164,9124707774134530792,0,18,16,52,13,0,2,3,2,90794,4866.3095703125,0,0,3
1767764510.3723164,9124707774134530792,0,19,20,0,17,0,0,4,1,0,4957.805258860812,0,0,1
1767764510.3723164,9124707774134530792,0,20,0,0,0,0,0,0,0,0,0.0,0,0,0
1767764510.3723164,9124707774134530792,0,21,0,0,0,0,0,0,0,0,0.0,0,0,0
1767764515.3869286,9124707774134530792,0,0,9,52,9,2,2,3,2,90228,4836.7119140625,0,0,3
1767764515.3869286,9124707774134530792,0,1,8,52,10,4,2,3,2,90281,4833.1015625,0,0,3
1767764515.3869286,9124707774134530792,0,2,13,52,12,0,2,3,2,90199,4847.78955078125,0,0,3
1767764515.3869286,9124707774134530792,0,3,6,52,8,8,2,3,2,89789,4806.34765625,0,0,3
1767764515.3869286,9124707774134530792,0,4,4,52,3,12,2,3,2,89495,4793.0673828125,0,0,3
1767764515.3869286,9124707774134530792,0,5,15,52,20,0,2,3,2,90532,4854.94970703125,0,0,3
1767764515.3869286,9124707774134530792,0,6,10,52,15,1,2,3,2,90300,4840.35888671875,0,0,3
1767764515.3869286,9124707774134530792,0,7,18,51,19,0,3,3,2,90725,4799.23828125,0,0,4
1767764515.3869286,9124707774134530792,0,8,3,52,1,15,2,3,2,89213,4792.3017578125,0,0,3
1767764515.3869286,9124707774134530792,0,9,14,52,16,0,2,3,2,90412,4852.21533203125,0,0,3
1767764515.3869286,9124707774134530792,0,10,1,52,6,25,2,3,2,89254,4777.759765625,0,0,3
1767764515.3869286,9124707774134530792,0,11,19,38,4,0,2,4,3,90429,3625.40576171875,0,0,3
1767764515.3869286,9124707774134530792,0,12,12,52,14,0,2,3,2,90043,4847.08447265625,0,0,3
1767764515.3869286,9124707774134530792,0,13,2,52,5,18,2,3,2,89567,4786.0625,0,0,3
1767764515.3869286,9124707774134530792,0,14,17,51,11,0,2,3,2,90849,4779.8515625,0,0,3
1767764515.3869286,9124707774134530792,0,15,11,52,18,0,2,3,2,89968,4841.6103515625,0,0,3
1767764515.3869286,9124707774134530792,0,16,5,52,2,10,2,3,2,89630,4798.53369140625,0,0,3
1767764515.3869286,9124707774134530792,0,17,7,52,7,6,2,3,2,89520,4809.52978515625,0,0,3
1767764515.3869286,9124707774134530792,0,18,16,52,13,0,2,3,2,90794,4866.3095703125,0,0,3
1767764515.3869286,9124707774134530792,0,19,20,0,17,0,0,4,1,0,4957.805258860812,0,0,1
1767764515.3869286,9124707774134530792,0,20,0,0,0,0,0,0,0,0,0.0,0,0,0
1767764515.3869286,9124707774134530792,0,21,0,0,0,0,0,0,0,0,0.0,0,0,0
1767764520.4027166,9124707774134530792,0,0,9,52,9,2,2,3,2,90228,4836.7119140625,0,0,3
1767764520.4027166,9124707774134530792,0,1,8,52,10,4,2,3,2,90281,4833.1015625,0,0,3
1767764520.4027166,9124707774134530792,0,2,13,52,12,0,2,3,2,90199,4847.78955078125,0,0,3
1767764520.4027166,9124707774134530792,0,3,6,52,8,8,2,3,2,89789,4806.34765625,0,0,3
1767764520.4027166,9124707774134530792,0,4,4,52,3,12,2,3,2,89495,4793.0673828125,0,0,3
1767764520.4027166,9124707774134530792,0,5,15,52,20,0,2,3,2,90532,4854.94970703125,0,0,3
1767764520.4027166,9124707774134530792,0,6,10,52,15,1,2,3,2,90300,4840.35888671875,0,0,3
1767764520.4027166,9124707774134530792,0,7,18,51,19,0,3,3,2,90725,4799.23828125,0,0,4
1767764520.4027166,9124707774134530792,0,8,3,52,1,15,2,3,2,89213,4792.3017578125,0,0,3
1767764520.4027166,9124707774134530792,0,9,14,52,16,0,2,3,2,90412,4852.21533203125,0,0,3
1767764520.4027166,9124707774134530792,0,10,1,52,6,25,2,3,2,89254,4777.759765625,0,0,3
1767764520.4027166,9124707774134530792,0,11,19,38,4,0,2,4,3,90429,3625.40576171875,0,0,3
1767764520.4027166,9124707774134530792,0,12,12,52,14,0,2,3,2,90043,4847.08447265625,0,0,3
1767764520.4027166,9124707774134530792,0,13,2,52,5,18,2,3,2,89567,4786.0625,0,0,3
1767764520.4027166,9124707774134530792,0,14,17,51,11,0,2,3,2,90849,4779.8515625,0,0,3
1767764520.4027166,9124707774134530792,0,15,11,52,18,0,2,3,2,89968,4841.6103515625,0,0,3
1767764520.4027166,9124707774134530792,0,16,5,52,2,10,2,3,2,89630,4798.53369140625,0,0,3
1767764520.4027166,9124707774134530792,0,17,7,52,7,6,2,3,2,89520,4809.52978515625,0,0,3
1767764520.4027166,9124707774134530792,0,18,16,52,13,0,2,3,2,90794,4866.3095703125,0,0,3
1767764520.4027166,9124707774134530792,0,19,20,0,17,0,0,4,1,0,4957.805258860812,0,0,1
1767764520.4027166,9124707774134530792,0,20,0,0,0,0,0,0,0,0,0.0,0,0,0
1767764520.4027166,9124707774134530792,0,21,0,0,0,0,0,0,0,0,0.0,0,0,0
1767764525.4220498,9124707774134530792,0,0,9,52,9,2,2,3,2,90228,4836.7119140625,0,0,3
1767764525.4220498,9124707774134530792,0,1,8,52,10,4,2,3,2,90281,4833.1015625,0,0,3
1767764525.4220498,9124707774134530792,0,2,13,52,12,0,2,3,2,90199,4847.78955078125,0,0,3
1767764525.4220498,9124707774134530792,0,3,6,52,8,8,2,3,2,89789,4806.34765625,0,0,3
1767764525.4220498,9124707774134530792,0,4,4,52,3,12,2,3,2,89495,4793.0673828125,0,0,3
1767764525.4220498,9124707774134530792,0,5,15,52,20,0,2,3,2,90532,4854.94970703125,0,0,3
1767764525.4220498,9124707774134530792,0,6,10,52,15,1,2,3,2,90300,4840.35888671875,0,0,3
1767764525.4220498,9124707774134530792,0,7,18,51,19,0,3,3,2,90725,4799.23828125,0,0,4
1767764525.4220498,9124707774134530792,0,8,3,52,1,15,2,3,2,89213,4792.3017578125,0,0,3
1767764525.4220498,9124707774134530792,0,9,14,52,16,0,2,3,2,90412,4852.21533203125,0,0,3
1767764525.4220498,9124707774134530792,0,10,1,52,6,25,2,3,2,89254,4777.759765625,0,0,3
1767764525.4220498,9124707774134530792,0,11,19,38,4,0,2,4,3,90429,3625.40576171875,0,0,3
1767764525.4220498,9124707774134530792,0,12,12,52,14,0,2,3,2,90043,4847.08447265625,0,0,3
1767764525.4220498,9124707774134530792,0,13,2,52,5,18,2,3,2,89567,4786.0625,0,0,3
1767764525.4220498,9124707774134530792,0,14,17,51,11,0,2,3,2,90849,4779.8515625,0,0,3
1767764525.4220498,9124707774134530792,0,15,11,52,18,0,2,3,2,89968,4841.6103515625,0,0,3
1767764525.4220498,9124707774134530792,0,16,5,52,2,10,2,3,2,89630,4798.53369140625,0,0,3
1767764525.4220498,9124707774134530792,0,17,7,52,7,6,2,3,2,89520,4809.52978515625,0,0,3
1767764525.4220498,9124707774134530792,0,18,16,52,13,0,2,3,2,90794,4866.3095703125,0,0,3
1767764525.4220498,9124707774134530792,0,19,20,0,17,0,0,4,1,0,4957.805258860812,0,0,1
1767764525.4220498,9124707774134530792,0,20,0,0,0,0,0,0,0,0,0.0,0,0,0
1767764525.4220498,9124707774134530792,0,21,0,0,0,0,0,0,0,0,0.0,0,0,0
1767764530.43974,9124707774134530792,0,0,9,52,9,2,2,3,2,90228,4836.7119140625,0,0,3
1767764530.43974,9124707774134530792,0,1,8,52,10,4,2,3,2,90281,4833.1015625,0,0,3
1767764530.43974,9124707774134530792,0,2,13,52,12,0,2,3,2,90199,4847.78955078125,0,0,3
1767764530.43974,9124707774134530792,0,3,6,52,8,8,2,3,2,89789,4806.34765625,0,0,3
1767764530.43974,9124707774134530792,0,4,4,52,3,12,2,3,2,89495,4793.0673828125,0,0,3
1767764530.43974,9124707774134530792,0,5,15,52,20,0,2,3,2,90532,4854.94970703125,0,0,3
1767764530.43974,9124707774134530792,0,6,10,52,15,1,2,3,2,90300,4840.35888671875,0,0,3
1767764530.43974,9124707774134530792,0,7,18,51,19,0,3,3,2,90725,4799.23828125,0,0,4
1767764530.43974,9124707774134530792,0,8,3,52,1,15,2,3,2,89213,4792.3017578125,0,0,3
1767764530.43974,9124707774134530792,0,9,14,52,16,0,2,3,2,90412,4852.21533203125,0,0,3
1767764530.43974,9124707774134530792,0,10,1,52,6,25,2,3,2,89254,4777.759765625,0,0,3
1767764530.43974,9124707774134530792,0,11,19,38,4,0,2,4,3,90429,3625.40576171875,0,0,3
1767764530.43974,9124707774134530792,0,12,12,52,14,0,2,3,2,90043,4847.08447265625,0,0,3
1767764530.43974,9124707774134530792,0,13,2,52,5,18,2,3,2,89567,4786.0625,0,0,3
1767764530.43974,9124707774134530792,0,14,17,51,11,0,2,3,2,90849,4779.8515625,0,0,3
1767764530.43974,9124707774134530792,0,15,11,52,18,0,2,3,2,89968,4841.6103515625,0,0,3
1767764530.43974,9124707774134530792,0,16,5,52,2,10,2,3,2,89630,4798.53369140625,0,0,3
1767764530.43974,9124707774134530792,0,17,7,52,7,6,2,3,2,89520,4809.52978515625,0,0,3
1767764530.43974,9124707774134530792,0,18,16,52,13,0,2,3,2,90794,4866.3095703125,0,0,3
1767764530.43974,9124707774134530792,0,19,20,0,17,0,0,4,1,0,4957.805258860812,0,0,1
1767764530.43974,9124707774134530792,0,20,0,0,0,0,0,0,0,0,0.0,0,0,0
1767764530.43974,9124707774134530792,0,21,0,0,0,0,0,0,0,0,0.0,0,0,0
1767764535.4488745,9124707774134530792,0,0,9,52,9,2,2,3,2,90228,4836.7119140625,0,0,3
1767764535.4488745,9124707774134530792,0,1,8,52,10,4,2,3,2,90281,4833.1015625,0,0,3
1767764535.4488745,9124707774134530792,0,2,13,52,12,0,2,3,2,90199,4847.78955078125,0,0,3
1767764535.4488745,9124707774134530792,0,3,6,52,8,8,2,3,2,89789,4806.34765625,0,0,3
1767764535.4488745,9124707774134530792,0,4,4,52,3,12,2,3,2,89495,4793.0673828125,0,0,3
1767764535.4488745,9124707774134530792,0,5,15,52,20,0,2,3,2,90532,4854.94970703125,0,0,3
1767764535.4488745,9124707774134530792,0,6,10,52,15,1,2,3,2,90300,4840.35888671875,0,0,3
1767764535.4488745,9124707774134530792,0,7,18,51,19,0,3,3,2,90725,4799.23828125,0,0,4
1767764535.4488745,9124707774134530792,0,8,3,52,1,15,2,3,2,89213,4792.3017578125,0,0,3
1767764535.4488745,9124707774134530792,0,9,14,52,16,0,2,3,2,90412,4852.21533203125,0,0,3
1767764535.4488745,9124707774134530792,0,10,1,52,6,25,2,3,2,89254,4777.759765625,0,0,3
1767764535.4488745,9124707774134530792,0,11,19,38,4,0,2,4,3,90429,3625.40576171875,0,0,3
1767764535.4488745,9124707774134530792,0,12,12,52,14,0,2,3,2,90043,4847.08447265625,0,0,3
1767764535.4488745,9124707774134530792,0,13,2,52,5,18,2,3,2,89567,4786.0625,0,0,3
1767764535.4488745,9124707774134530792,0,14,17,51,11,0,2,3,2,90849,4779.8515625,0,0,3
1767764535.4488745,9124707774134530792,0,15,11,52,18,0,2,3,2,89968,4841.6103515625,0,0,3
1767764535.4488745,9124707774134530792,0,16,5,52,2,10,2,3,2,89630,4798.53369140625,0,0,3
1767764535.4488745,9124707774134530792,0,17,7,52,7,6,2,3,2,89520,4809.52978515625,0,0,3
1767764535.4488745,9124707774134530792,0,18,16,52,13,0,2,3,2,90794,4866.3095703125,0,0,3
1767764535.4488745,9124707774134530792,0,19,20,0,17,0,0,4,1,0,4957.805258860812,0,0,1
1767764535.4488745,9124707774134530792,0,20,0,0,0,0,0,0,0,0,0.0,0,0,0
1767764535.4488745,9124707774134530792,0,21,0,0,0,0,0,0,0,0,0.0,0,0,0
1767764540.45901,9124707774134530792,0,0,9,52,9,2,2,3,2,90228,4836.7119140625,0,0,3
1767764540.45901,9124707774134530792,0,1,8,52,10,4,2,3,2,90281,4833.1015625,0,0,3
1767764540.45901,9124707774134530792,0,2,13,52,12,0,2,3,2,90199,4847.78955078125,0,0,3
1767764540.45901,9124707774134530792,0,3,6,52,8,8,2,3,2,89789,4806.34765625,0,0,3
1767764540.45901,9124707774134530792,0,4,4,52,3,12,2,3,2,89495,4793.0673828125,0,0,3
1767764540.45901,9124707774134530792,0,5,15,52,20,0,2,3,2,90532,4854.94970703125,0,0,3
1767764540.45901,9124707774134530792,0,6,10,52,15,1,2,3,2,90300,4840.35888671875,0,0,3
1767764540.45901,9124707774134530792,0,7,18,51,19,0,3,3,2,90725,4799.23828125,0,0,4
1767764540.45901,9124707774134530792,0,8,3,52,1,15,2,3,2,89213,4792.3017578125,0,0,3
1767764540.45901,9124707774134530792,0,9,14,52,16,0,2,3,2,90412,4852.21533203125,0,0,3
1767764540.45901,9124707774134530792,0,10,1,52,6,25,2,3,2,89254,4777.759765625,0,0,3
1767764540.45901,9124707774134530792,0,11,19,38,4,0,2,4,3,90429,3625.40576171875,0,0,3
1767764540.45901,9124707774134530792,0,12,12,52,14,0,2,3,2,90043,4847.08447265625,0,0,3
1767764540.45901,9124707774134530792,0,13,2,52,5,18,2,3,2,89567,4786.0625,0,0,3
1767764540.45901,9124707774134530792,0,14,17,51,11,0,2,3,2,90849,4779.8515625,0,0,3
1767764540.45901,9124707774134530792,0,15,11,52,18,0,2,3,2,89968,4841.6103515625,0,0,3
1767764540.45901,9124707774134530792,0,16,5,52,2,10,2,3,2,89630,4798.53369140625,0,0,3
1767764540.45901,9124707774134530792,0,17,7,52,7,6,2,3,2,89520,4809.52978515625,0,0,3
1767764540.45901,9124707774134530792,0,18,16,52,13,0,2,3,2,90794,4866.3095703125,0,0,3
1767764540.45901,9124707774134530792,0,19,20,0,17,0,0,4,1,0,4957.805258860812,0,0,1
1767764540.45901,9124707774134530792,0,20,0,0,0,0,0,0,0,0,0.0,0,0,0
1767764540.45901,9124707774134530792,0,21,0,0,0,0,0,0,0,0,0.0,0,0,0
1767764545.4710824,9124707774134530792,0,0,9,52,9,2,2,3,2,90228,4836.7119140625,0,0,3
1767764545.4710824,9124707774134530792,0,1,8,52,10,4,2,3,2,90281,4833.1015625,0,0,3
1767764545.4710824,9124707774134530792,0,2,13,52,12,0,2,3,2,90199,4847.78955078125,0,0,3
1767764545.4710824,9124707774134530792,0,3,6,52,8,8,2,3,2,89789,4806.34765625,0,0,3
1767764545.4710824,9124707774134530792,0,4,4,52,3,12,2,3,2,89495,4793.0673828125,0,0,3
1767764545.4710824,9124707774134530792,0,5,15,52,20,0,2,3,2,90532,4854.94970703125,0,0,3
1767764545.4710824,9124707774134530792,0,6,10,52,15,1,2,3,2,90300,4840.35888671875,0,0,3
1767764545.4710824,9124707774134530792,0,7,18,51,19,0,3,3,2,90725,4799.23828125,0,0,4
1767764545.4710824,9124707774134530792,0,8,3,52,1,15,2,3,2,89213,4792.3017578125,0,0,3
1767764545.4710824,9124707774134530792,0,9,14,52,16,0,2,3,2,90412,4852.21533203125,0,0,3
1767764545.4710824,9124707774134530792,0,10,1,52,6,25,2,3,2,89254,4777.759765625,0,0,3
1767764545.4710824,9124707774134530792,0,11,19,38,4,0,2,4,3,90429,3625.40576171875,0,0,3
1767764545.4710824,9124707774134530792,0,12,12,52,14,0,2,3,2,90043,4847.08447265625,0,0,3
1767764545.4710824,9124707774134530792,0,13,2,52,5,18,2,3,2,89567,4786.0625,0,0,3
1767764545.4710824,9124707774134530792,0,14,17,51,11,0,2,3,2,90849,4779.8515625,0,0,3
1767764545.4710824,9124707774134530792,0,15,11,52,18,0,2,3,2,89968,4841.6103515625,0,0,3
1767764545.4710824,9124707774134530792,0,16,5,52,2,10,2,3,2,89630,4798.53369140625,0,0,3
1767764545.4710824,9124707774134530792,0,17,7,52,7,6,2,3,2,89520,4809.52978515625,0,0,3
1767764545.4710824,9124707774134530792,0,18,16,52,13,0,2,3,2,90794,4866.3095703125,0,0,3
1767764545.4710824,9124707774134530792,0,19,20,0,17,0,0,4,1,0,4957.805258860812,0,0,1
1767764545.4710824,9124707774134530792,0,20,0,0,0,0,0,0,0,0,0.0,0,0,0
1767764545.4710824,9124707774134530792,0,21,0,0,0,0,0,0,0,0,0.0,0,0,0
1767764550.4903343,9124707774134530792,0,0,9,52,9,2,2,3,2,90228,4836.7119140625,0,0,3
1767764550.4903343,9124707774134530792,0,1,8,52,10,4,2,3,2,90281,4833.1015625,0,0,3
1767764550.4903343,9124707774134530792,0,2,13,52,12,0,2,3,2,90199,4847.78955078125,0,0,3
1767764550.4903343,9124707774134530792,0,3,6,52,8,8,2,3,2,89789,4806.34765625,0,0,3
1767764550.4903343,9124707774134530792,0,4,4,52,3,12,2,3,2,89495,4793.0673828125,0,0,3
1767764550.4903343,9124707774134530792,0,5,15,52,20,0,2,3,2,90532,4854.94970703125,0,0,3
1767764550.4903343,9124707774134530792,0,6,10,52,15,1,2,3,2,90300,4840.35888671875,0,0,3
1767764550.4903343,9124707774134530792,0,7,18,51,19,0,3,3,2,90725,4799.23828125,0,0,4
1767764550.4903343,9124707774134530792,0,8,3,52,1,15,2,3,2,89213,4792.3017578125,0,0,3
1767764550.4903343,9124707774134530792,0,9,14,52,16,0,2,3,2,90412,4852.21533203125,0,0,3
1767764550.4903343,9124707774134530792,0,10,1,52,6,25,2,3,2,89254,4777.759765625,0,0,3
1767764550.4903343,9124707774134530792,0,11,19,38,4,0,2,4,3,90429,3625.40576171875,0,0,3
1767764550.4903343,9124707774134530792,0,12,12,52,14,0,2,3,2,90043,4847.08447265625,0,0,3
1767764550.4903343,9124707774134530792,0,13,2,52,5,18,2,3,2,89567,4786.0625,0,0,3
1767764550.4903343,9124707774134530792,0,14,17,51,11,0,2,3,2,90849,4779.8515625,0,0,3
1767764550.4903343,9124707774134530792,0,15,11,52,18,0,2,3,2,89968,4841.6103515625,0,0,3
1767764550.4903343,9124707774134530792,0,16,5,52,2,10,2,3,2,89630,4798.53369140625,0,0,3
1767764550.4903343,9124707774134530792,0,17,7,52,7,6,2,3,2,89520,4809.52978515625,0,0,3
1767764550.4903343,9124707774134530792,0,18,16,52,13,0,2,3,2,90794,4866.3095703125,0,0,3
1767764550.4903343,9124707774134530792,0,19,20,0,17,0,0,4,1,0,4957.805258860812,0,0,1
1767764550.4903343,9124707774134530792,0,20,0,0,0,0,0,0,0,0,0.0,0,0,0
1767764550.4903343,9124707774134530792,0,21,0,0,0,0,0,0,0,0,0.0,0,0,0
1767764555.5113387,9124707774134530792,0,0,9,52,9,2,2,3,2,90228,4836.7119140625,0,0,3
1767764555.5113387,9124707774134530792,0,1,8,52,10,4,2,3,2,90281,4833.1015625,0,0,3
1767764555.5113387,9124707774134530792,0,2,13,52,12,0,2,3,2,90199,4847.78955078125,0,0,3
1767764555.5113387,9124707774134530792,0,3,6,52,8,8,2,3,2,89789,4806.34765625,0,0,3
1767764555.5113387,9124707774134530792,0,4,4,52,3,12,2,3,2,89495,4793.0673828125,0,0,3
1767764555.5113387,9124707774134530792,0,5,15,52,20,0,2,3,2,90532,4854.94970703125,0,0,3
1767764555.5113387,9124707774134530792,0,6,10,52,15,1,2,3,2,90300,4840.35888671875,0,0,3
1767764555.5113387,9124707774134530792,0,7,18,51,19,0,3,3,2,90725,4799.23828125,0,0,4
1767764555.5113387,9124707774134530792,0,8,3,52,1,15,2,3,2,89213,4792.3017578125,0,0,3
1767764555.5113387,9124707774134530792,0,9,14,52,16,0,2,3,2,90412,4852.21533203125,0,0,3
1767764555.5113387,9124707774134530792,0,10,1,52,6,25,2,3,2,89254,4777.759765625,0,0,3
1767764555.5113387,9124707774134530792,0,11,19,38,4,0,2,4,3,90429,3625.40576171875,0,0,3
1767764555.5113387,9124707774134530792,0,12,12,52,14,0,2,3,2,90043,4847.08447265625,0,0,3
1767764555.5113387,9124707774134530792,0,13,2,52,5,18,2,3,2,89567,4786.0625,0,0,3
1767764555.5113387,9124707774134530792,0,14,17,51,11,0,2,3,2,90849,4779.8515625,0,0,3
1767764555.5113387,9124707774134530792,0,15,11,52,18,0,2,3,2,89968,4841.6103515625,0,0,3
1767764555.5113387,9124707774134530792,0,16,5,52,2,10,2,3,2,89630,4798.53369140625,0,0,3
1767764555.5113387,9124707774134530792,0,17,7,52,7,6,2,3,2,89520,4809.52978515625,0,0,3
1767764555.5113387,9124707774134530792,0,18,16,52,13,0,2,3,2,90794,4866.3095703125,0,0,3
1767764555.5113387,9124707774134530792,0,19,20,0,17,0,0,4,1,0,4957.805258860812,0,0,1
1767764555.5113387,9124707774134530792,0,20,0,0,0,0,0,0,0,0,0.0,0,0,0
1767764555.5113387,9124707774134530792,0,21,0,0,0,0,0,0,0,0,0.0,0,0,0
1767764560.5166998,9124707774134530792,0,0,9,52,9,2,2,3,2,90228,4836.7119140625,0,0,3
1767764560.5166998,9124707774134530792,0,1,8,52,10,4,2,3,2,90281,4833.1015625,0,0,3
1767764560.5166998,9124707774134530792,0,2,13,52,12,0,2,3,2,90199,4847.78955078125,0,0,3
1767764560.5166998,9124707774134530792,0,3,6,52,8,8,2,3,2,89789,4806.34765625,0,0,3
1767764560.5166998,9124707774134530792,0,4,4,52,3,12,2,3,2,89495,4793.0673828125,0,0,3
1767764560.5166998,9124707774134530792,0,5,15,52,20,0,2,3,2,90532,4854.94970703125,0,0,3
1767764560.5166998,9124707774134530792,0,6,10,52,15,1,2,3,2,90300,4840.35888671875,0,0,3
1767764560.5166998,9124707774134530792,0,7,18,51,19,0,3,3,2,90725,4799.23828125,0,0,4
1767764560.5166998,9124707774134530792,0,8,3,52,1,15,2,3,2,89213,4792.3017578125,0,0,3
1767764560.5166998,9124707774134530792,0,9,14,52,16,0,2,3,2,90412,4852.21533203125,0,0,3
1767764560.5166998,9124707774134530792,0,10,1,52,6,25,2,3,2,89254,4777.759765625,0,0,3
1767764560.5166998,9124707774134530792,0,11,19,38,4,0,2,4,3,90429,3625.40576171875,0,0,3
1767764560.5166998,9124707774134530792,0,12,12,52,14,0,2,3,2,90043,4847.08447265625,0,0,3
1767764560.5166998,9124707774134530792,0,13,2,52,5,18,2,3,2,89567,4786.0625,0,0,3
1767764560.5166998,9124707774134530792,0,14,17,51,11,0,2,3,2,90849,4779.8515625,0,0,3
1767764560.5166998,9124707774134530792,0,15,11,52,18,0,2,3,2,89968,4841.6103515625,0,0,3
1767764560.5166998,9124707774134530792,0,16,5,52,2,10,2,3,2,89630,4798.53369140625,0,0,3
1767764560.5166998,9124707774134530792,0,17,7,52,7,6,2,3,2,89520,4809.52978515625,0,0,3
1767764560.5166998,9124707774134530792,0,18,16,52,13,0,2,3,2,90794,4866.3095703125,0,0,3
1767764560.5166998,9124707774134530792,0,19,20,0,17,0,0,4,1,0,4957.805258860812,0,0,1
1767764560.5166998,9124707774134530792,0,20,0,0,0,0,0,0,0,0,0.0,0,0,0
1767764560.5166998,9124707774134530792,0,21,0,0,0,0,0,0,0,0,0.0,0,0,0
1767764565.518616,9124707774134530792,0,0,9,52,9,2,2,3,2,90228,4836.7119140625,0,0,3
1767764565.518616,9124707774134530792,0,1,8,52,10,4,2,3,2,90281,4833.1015625,0,0,3
1767764565.518616,9124707774134530792,0,2,13,52,12,0,2,3,2,90199,4847.78955078125,0,0,3
1767764565.518616,9124707774134530792,0,3,6,52,8,8,2,3,2,89789,4806.34765625,0,0,3
1767764565.518616,9124707774134530792,0,4,4,52,3,12,2,3,2,89495,4793.0673828125,0,0,3
1767764565.518616,9124707774134530792,0,5,15,52,20,0,2,3,2,90532,4854.94970703125,0,0,3
1767764565.518616,9124707774134530792,0,6,10,52,15,1,2,3,2,90300,4840.35888671875,0,0,3
1767764565.518616,9124707774134530792,0,7,18,51,19,0,3,3,2,90725,4799.23828125,0,0,4
1767764565.518616,9124707774134530792,0,8,3,52,1,15,2,3,2,89213,4792.3017578125,0,0,3
1767764565.518616,9124707774134530792,0,9,14,52,16,0,2,3,2,90412,4852.21533203125,0,0,3
1767764565.518616,9124707774134530792,0,10,1,52,6,25,2,3,2,89254,4777.759765625,0,0,3
1767764565.518616,9124707774134530792,0,11,19,38,4,0,2,4,3,90429,3625.40576171875,0,0,3
1767764565.518616,9124707774134530792,0,12,12,52,14,0,2,3,2,90043,4847.08447265625,0,0,3
1767764565.518616,9124707774134530792,0,13,2,52,5,18,2,3,2,89567,4786.0625,0,0,3
1767764565.518616,9124707774134530792,0,14,17,51,11,0,2,3,2,90849,4779.8515625,0,0,3
1767764565.518616,9124707774134530792,0,15,11,52,18,0,2,3,2,89968,4841.6103515625,0,0,3
1767764565.518616,9124707774134530792,0,16,5,52,2,10,2,3,2,89630,4798.53369140625,0,0,3
1767764565.518616,9124707774134530792,0,17,7,52,7,6,2,3,2,89520,4809.52978515625,0,0,3
1767764565.518616,9124707774134530792,0,18,16,52,13,0,2,3,2,90794,4866.3095703125,0,0,3
1767764565.518616,9124707774134530792,0,19,20,0,17,0,0,4,1,0,4957.805258860812,0,0,1
1767764565.518616,9124707774134530792,0,20,0,0,0,0,0,0,0,0,0.0,0,0,0
1767764565.518616,9124707774134530792,0,21,0,0,0,0,0,0,0,0,0.0,0,0,0
1767764570.5256314,9124707774134530792,0,0,9,52,9,2,2,3,2,90228,4836.7119140625,0,0,3
1767764570.5256314,9124707774134530792,0,1,8,52,10,4,2,3,2,90281,4833.1015625,0,0,3
1767764570.5256314,9124707774134530792,0,2,13,52,12,0,2,3,2,90199,4847.78955078125,0,0,3
1767764570.5256314,9124707774134530792,0,3,6,52,8,8,2,3,2,89789,4806.34765625,0,0,3
1767764570.5256314,9124707774134530792,0,4,4,52,3,12,2,3,2,89495,4793.0673828125,0,0,3
1767764570.5256314,9124707774134530792,0,5,15,52,20,0,2,3,2,90532,4854.94970703125,0,0,3
1767764570.5256314,9124707774134530792,0,6,10,52,15,1,2,3,2,90300,4840.35888671875,0,0,3
1767764570.5256314,9124707774134530792,0,7,18,51,19,0,3,3,2,90725,4799.23828125,0,0,4
1767764570.5256314,9124707774134530792,0,8,3,52,1,15,2,3,2,89213,4792.3017578125,0,0,3
1767764570.5256314,9124707774134530792,0,9,14,52,16,0,2,3,2,90412,4852.21533203125,0,0,3
1767764570.5256314,9124707774134530792,0,10,1,52,6,25,2,3,2,89254,4777.759765625,0,0,3
1767764570.5256314,9124707774134530792,0,11,19,38,4,0,2,4,3,90429,3625.40576171875,0,0,3
1767764570.5256314,9124707774134530792,0,12,12,52,14,0,2,3,2,90043,4847.08447265625,0,0,3
1767764570.5256314,9124707774134530792,0,13,2,52,5,18,2,3,2,89567,4786.0625,0,0,3
1767764570.5256314,9124707774134530792,0,14,17,51,11,0,2,3,2,90849,4779.8515625,0,0,3
1767764570.5256314,9124707774134530792,0,15,11,52,18,0,2,3,2,89968,4841.6103515625,0,0,3
1767764570.5256314,9124707774134530792,0,16,5,52,2,10,2,3,2,89630,4798.53369140625,0,0,3
1767764570.5256314,9124707774134530792,0,17,7,52,7,6,2,3,2,89520,4809.52978515625,0,0,3
1767764570.5256314,9124707774134530792,0,18,16,52,13,0,2,3,2,90794,4866.3095703125,0,0,3
1767764570.5256314,9124707774134530792,0,19,20,0,17,0,0,4,1,0,4957.805258860812,0,0,1
1767764570.5256314,9124707774134530792,0,20,0,0,0,0,0,0,0,0,0.0,0,0,0
1767764570.5256314,9124707774134530792,0,21,0,0,0,0,0,0,0,0,0.0,0,0,0
1767764575.5368671,9124707774134530792,0,0,9,52,9,2,2,3,2,90228,4836.7119140625,0,0,3
1767764575.5368671,9124707774134530792,0,1,8,52,10,4,2,3,2,90281,4833.1015625,0,0,3
1767764575.5368671,9124707774134530792,0,2,13,52,12,0,2,3,2,90199,4847.78955078125,0,0,3
1767764575.5368671,9124707774134530792,0,3,6,52,8,8,2,3,2,89789,4806.34765625,0,0,3
1767764575.5368671,9124707774134530792,0,4,4,52,3,12,2,3,2,89495,4793.0673828125,0,0,3
1767764575.5368671,9124707774134530792,0,5,15,52,20,0,2,3,2,90532,4854.94970703125,0,0,3
1767764575.5368671,9124707774134530792,0,6,10,52,15,1,2,3,2,90300,4840.35888671875,0,0,3
1767764575.5368671,9124707774134530792,0,7,18,51,19,0,3,3,2,90725,4799.23828125,0,0,4
1767764575.5368671,9124707774134530792,0,8,3,52,1,15,2,3,2,89213,4792.3017578125,0,0,3
1767764575.5368671,9124707774134530792,0,9,14,52,16,0,2,3,2,90412,4852.21533203125,0,0,3
1767764575.5368671,9124707774134530792,0,10,1,52,6,25,2,3,2,89254,4777.759765625,0,0,3
1767764575.5368671,9124707774134530792,0,11,19,38,4,0,2,4,3,90429,3625.40576171875,0,0,3
1767764575.5368671,9124707774134530792,0,12,12,52,14,0,2,3,2,90043,4847.08447265625,0,0,3
1767764575.5368671,9124707774134530792,0,13,2,52,5,18,2,3,2,89567,4786.0625,0,0,3
1767764575.5368671,9124707774134530792,0,14,17,51,11,0,2,3,2,90849,4779.8515625,0,0,3
1767764575.5368671,9124707774134530792,0,15,11,52,18,0,2,3,2,89968,4841.6103515625,0,0,3
1767764575.5368671,9124707774134530792,0,16,5,52,2,10,2,3,2,89630,4798.53369140625,0,0,3
1767764575.5368671,9124707774134530792,0,17,7,52,7,6,2,3,2,89520,4809.52978515625,0,0,3
1767764575.5368671,9124707774134530792,0,18,16,52,13,0,2,3,2,90794,4866.3095703125,0,0,3
1767764575.5368671,9124707774134530792,0,19,20,0,17,0,0,4,1,0,4957.805258860812,0,0,1
1767764575.5368671,9124707774134530792,0,20,0,0,0,0,0,0,0,0,0.0,0,0,0
1767764575.5368671,9124707774134530792,0,21,0,0,0,0,0,0,0,0,0.0,0,0,0
1767764580.5512497,9124707774134530792,0,0,9,52,9,2,2,3,2,90228,4836.7119140625,0,0,3
1767764580.5512497,9124707774134530792,0,1,8,52,10,4,2,3,2,90281,4833.1015625,0,0,3
1767764580.5512497,9124707774134530792,0,2,13,52,12,0,2,3,2,90199,4847.78955078125,0,0,3
1767764580.5512497,9124707774134530792,0,3,6,52,8,8,2,3,2,89789,4806.34765625,0,0,3
1767764580.5512497,9124707774134530792,0,4,4,52,3,12,2,3,2,89495,4793.0673828125,0,0,3
1767764580.5512497,9124707774134530792,0,5,15,52,20,0,2,3,2,90532,4854.94970703125,0,0,3
1767764580.5512497,9124707774134530792,0,6,10,52,15,1,2,3,2,90300,4840.35888671875,0,0,3
1767764580.5512497,9124707774134530792,0,7,18,51,19,0,3,3,2,90725,4799.23828125,0,0,4
1767764580.5512497,9124707774134530792,0,8,3,52,1,15,2,3,2,89213,4792.3017578125,0,0,3
1767764580.5512497,9124707774134530792,0,9,14,52,16,0,2,3,2,90412,4852.21533203125,0,0,3
1767764580.5512497,9124707774134530792,0,10,1,52,6,25,2,3,2,89254,4777.759765625,0,0,3
1767764580.5512497,9124707774134530792,0,11,19,38,4,0,2,4,3,90429,3625.40576171875,0,0,3
1767764580.5512497,9124707774134530792,0,12,12,52,14,0,2,3,2,90043,4847.08447265625,0,0,3
1767764580.5512497,9124707774134530792,0,13,2,52,5,18,2,3,2,89567,4786.0625,0,0,3
1767764580.5512497,9124707774134530792,0,14,17,51,11,0,2,3,2,90849,4779.8515625,0,0,3
1767764580.5512497,9124707774134530792,0,15,11,52,18,0,2,3,2,89968,4841.6103515625,0,0,3
1767764580.5512497,9124707774134530792,0,16,5,52,2,10,2,3,2,89630,4798.53369140625,0,0,3
1767764580.5512497,9124707774134530792,0,17,7,52,7,6,2,3,2,89520,4809.52978515625,0,0,3
1767764580.5512497,9124707774134530792,0,18,16,52,13,0,2,3,2,90794,4866.3095703125,0,0,3
1767764580.5512497,9124707774134530792,0,19,20,0,17,0,0,4,1,0,4957.805258860812,0,0,1
1767764580.5512497,9124707774134530792,0,20,0,0,0,0,0,0,0,0,0.0,0,0,0
1767764580.5512497,9124707774134530792,0,21,0,0,0,0,0,0,0,0,0.0,0,0,0
1767764585.5589857,9124707774134530792,0,0,9,52,9,2,2,3,2,90228,4836.7119140625,0,0,3
1767764585.5589857,9124707774134530792,0,1,8,52,10,4,2,3,2,90281,4833.1015625,0,0,3
1767764585.5589857,9124707774134530792,0,2,13,52,12,0,2,3,2,90199,4847.78955078125,0,0,3
1767764585.5589857,9124707774134530792,0,3,6,52,8,8,2,3,2,89789,4806.34765625,0,0,3
1767764585.5589857,9124707774134530792,0,4,4,52,3,12,2,3,2,89495,4793.0673828125,0,0,3
1767764585.5589857,9124707774134530792,0,5,15,52,20,0,2,3,2,90532,4854.94970703125,0,0,3
1767764585.5589857,9124707774134530792,0,6,10,52,15,1,2,3,2,90300,4840.35888671875,0,0,3
1767764585.5589857,9124707774134530792,0,7,18,51,19,0,3,3,2,90725,4799.23828125,0,0,4
1767764585.5589857,9124707774134530792,0,8,3,52,1,15,2,3,2,89213,4792.3017578125,0,0,3
1767764585.5589857,9124707774134530792,0,9,14,52,16,0,2,3,2,90412,4852.21533203125,0,0,3
1767764585.5589857,9124707774134530792,0,10,1,52,6,25,2,3,2,89254,4777.759765625,0,0,3
1767764585.5589857,9124707774134530792,0,11,19,38,4,0,2,4,3,90429,3625.40576171875,0,0,3
1767764585.5589857,9124707774134530792,0,12,12,52,14,0,2,3,2,90043,4847.08447265625,0,0,3
1767764585.5589857,9124707774134530792,0,13,2,52,5,18,2,3,2,89567,4786.0625,0,0,3
1767764585.5589857,9124707774134530792,0,14,17,51,11,0,2,3,2,90849,4779.8515625,0,0,3
1767764585.5589857,9124707774134530792,0,15,11,52,18,0,2,3,2,89968,4841.6103515625,0,0,3
1767764585.5589857,9124707774134530792,0,16,5,52,2,10,2,3,2,89630,4798.53369140625,0,0,3
1767764585.5589857,9124707774134530792,0,17,7,52,7,6,2,3,2,89520,4809.52978515625,0,0,3
1767764585.5589857,9124707774134530792,0,18,16,52,13,0,2,3,2,90794,4866.3095703125,0,0,3
1767764585.5589857,9124707774134530792,0,19,20,0,17,0,0,4,1,0,4957.805258860812,0,0,1
1767764585.5589857,9124707774134530792,0,20,0,0,0,0,0,0,0,0,0.0,0,0,0
1767764585.5589857,9124707774134530792,0,21,0,0,0,0,0,0,0,0,0.0,0,0,0
1767764590.561173,9124707774134530792,0,0,9,52,9,2,2,3,2,90228,4836.7119140625,0,0,3
1767764590.561173,9124707774134530792,0,1,8,52,10,4,2,3,2,90281,4833.1015625,0,0,3
1767764590.561173,9124707774134530792,0,2,13,52,12,0,2,3,2,90199,4847.78955078125,0,0,3
1767764590.561173,9124707774134530792,0,3,6,52,8,8,2,3,2,89789,4806.34765625,0,0,3
1767764590.561173,9124707774134530792,0,4,4,52,3,12,2,3,2,89495,4793.0673828125,0,0,3
1767764590.561173,9124707774134530792,0,5,15,52,20,0,2,3,2,90532,4854.94970703125,0,0,3
1767764590.561173,9124707774134530792,0,6,10,52,15,1,2,3,2,90300,4840.35888671875,0,0,3
1767764590.561173,9124707774134530792,0,7,18,51,19,0,3,3,2,90725,4799.23828125,0,0,4
1767764590.561173,9124707774134530792,0,8,3,52,1,15,2,3,2,89213,4792.3017578125,0,0,3
1767764590.561173,9124707774134530792,0,9,14,52,16,0,2,3,2,90412,4852.21533203125,0,0,3
1767764590.561173,9124707774134530792,0,10,1,52,6,25,2,3,2,89254,4777.759765625,0,0,3
1767764590.561173,9124707774134530792,0,11,19,38,4,0,2,4,3,90429,3625.40576171875,0,0,3
1767764590.561173,9124707774134530792,0,12,12,52,14,0,2,3,2,90043,4847.08447265625,0,0,3
1767764590.561173,9124707774134530792,0,13,2,52,5,18,2,3,2,89567,4786.0625,0,0,3
1767764590.561173,9124707774134530792,0,14,17,51,11,0,2,3,2,90849,4779.8515625,0,0,3
1767764590.561173,9124707774134530792,0,15,11,52,18,0,2,3,2,89968,4841.6103515625,0,0,3
1767764590.561173,9124707774134530792,0,16,5,52,2,10,2,3,2,89630,4798.53369140625,0,0,3
1767764590.561173,9124707774134530792,0,17,7,52,7,6,2,3,2,89520,4809.52978515625,0,0,3
1767764590.561173,9124707774134530792,0,18,16,52,13,0,2,3,2,90794,4866.3095703125,0,0,3
1767764590.561173,9124707774134530792,0,19,20,0,17,0,0,4,1,0,4957.805258860812,0,0,1
1767764590.561173,9124707774134530792,0,20,0,0,0,0,0,0,0,0,0.0,0,0,0
1767764590.561173,9124707774134530792,0,21,0,0,0,0,0,0,0,0,0.0,0,0,0
1767764595.5725102,9124707774134530792,0,0,9,52,9,2,2,3,2,90228,4836.7119140625,0,0,3
1767764595.5725102,9124707774134530792,0,1,8,52,10,4,2,3,2,90281,4833.1015625,0,0,3
1767764595.5725102,9124707774134530792,0,2,13,52,12,0,2,3,2,90199,4847.78955078125,0,0,3
1767764595.5725102,9124707774134530792,0,3,6,52,8,8,2,3,2,89789,4806.34765625,0,0,3
1767764595.5725102,9124707774134530792,0,4,4,52,3,12,2,3,2,89495,4793.0673828125,0,0,3
1767764595.5725102,9124707774134530792,0,5,15,52,20,0,2,3,2,90532,4854.94970703125,0,0,3
1767764595.5725102,9124707774134530792,0,6,10,52,15,1,2,3,2,90300,4840.35888671875,0,0,3
1767764595.5725102,9124707774134530792,0,7,18,51,19,0,3,3,2,90725,4799.23828125,0,0,4
1767764595.5725102,9124707774134530792,0,8,3,52,1,15,2,3,2,89213,4792.3017578125,0,0,3
1767764595.5725102,9124707774134530792,0,9,14,52,16,0,2,3,2,90412,4852.21533203125,0,0,3
1767764595.5725102,9124707774134530792,0,10,1,52,6,25,2,3,2,89254,4777.759765625,0,0,3
1767764595.5725102,9124707774134530792,0,11,19,38,4,0,2,4,3,90429,3625.40576171875,0,0,3
1767764595.5725102,9124707774134530792,0,12,12,52,14,0,2,3,2,90043,4847.08447265625,0,0,3
1767764595.5725102,9124707774134530792,0,13,2,52,5,18,2,3,2,89567,4786.0625,0,0,3
1767764595.5725102,9124707774134530792,0,14,17,51,11,0,2,3,2,90849,4779.8515625,0,0,3
1767764595.5725102,9124707774134530792,0,15,11,52,18,0,2,3,2,89968,4841.6103515625,0,0,3
1767764595.5725102,9124707774134530792,0,16,5,52,2,10,2,3,2,89630,4798.53369140625,0,0,3
1767764595.5725102,9124707774134530792,0,17,7,52,7,6,2,3,2,89520,4809.52978515625,0,0,3
1767764595.5725102,9124707774134530792,0,18,16,52,13,0,2,3,2,90794,4866.3095703125,0,0,3
1767764595.5725102,9124707774134530792,0,19,20,0,17,0,0,4,1,0,4957.805258860812,0,0,1
1767764595.5725102,9124707774134530792,0,20,0,0,0,0,0,0,0,0,0.0,0,0,0
1767764595.5725102,9124707774134530792,0,21,0,0,0,0,0,0,0,0,0.0,0,0,0
1767764600.5803947,9124707774134530792,0,0,9,52,9,2,2,3,2,90228,4836.7119140625,0,0,3
1767764600.5803947,9124707774134530792,0,1,8,52,10,4,2,3,2,90281,4833.1015625,0,0,3
1767764600.5803947,9124707774134530792,0,2,13,52,12,0,2,3,2,90199,4847.78955078125,0,0,3
1767764600.5803947,9124707774134530792,0,3,6,52,8,8,2,3,2,89789,4806.34765625,0,0,3
1767764600.5803947,9124707774134530792,0,4,4,52,3,12,2,3,2,89495,4793.0673828125,0,0,3
1767764600.5803947,9124707774134530792,0,5,15,52,20,0,2,3,2,90532,4854.94970703125,0,0,3
1767764600.5803947,9124707774134530792,0,6,10,52,15,1,2,3,2,90300,4840.35888671875,0,0,3
1767764600.5803947,9124707774134530792,0,7,18,51,19,0,3,3,2,90725,4799.23828125,0,0,4
1767764600.5803947,9124707774134530792,0,8,3,52,1,15,2,3,2,89213,4792.3017578125,0,0,3
1767764600.5803947,9124707774134530792,0,9,14,52,16,0,2,3,2,90412,4852.21533203125,0,0,3
1767764600.5803947,9124707774134530792,0,10,1,52,6,25,2,3,2,89254,4777.759765625,0,0,3
1767764600.5803947,9124707774134530792,0,11,19,38,4,0,2,4,3,90429,3625.40576171875,0,0,3
1767764600.5803947,9124707774134530792,0,12,12,52,14,0,2,3,2,90043,4847.08447265625,0,0,3
1767764600.5803947,9124707774134530792,0,13,2,52,5,18,2,3,2,89567,4786.0625,0,0,3
1767764600.5803947,9124707774134530792,0,14,17,51,11,0,2,3,2,90849,4779.8515625,0,0,3
1767764600.5803947,9124707774134530792,0,15,11,52,18,0,2,3,2,89968,4841.6103515625,0,0,3
1767764600.5803947,9124707774134530792,0,16,5,52,2,10,2,3,2,89630,4798.53369140625,0,0,3
1767764600.5803947,9124707774134530792,0,17,7,52,7,6,2,3,2,89520,4809.52978515625,0,0,3
1767764600.5803947,9124707774134530792,0,18,16,52,13,0,2,3,2,90794,4866.3095703125,0,0,3
1767764600.5803947,9124707774134530792,0,19,20,0,17,0,0,4,1,0,4957.805258860812,0,0,1
1767764600.5803947,9124707774134530792,0,20,0,0,0,0,0,0,0,0,0.0,0,0,0
1767764600.5803947,9124707774134530792,0,21,0,0,0,0,0,0,0,0,0.0,0,0,0
1767764605.5846756,9124707774134530792,0,0,9,52,9,2,2,3,2,90228,4836.7119140625,0,0,3
1767764605.5846756,9124707774134530792,0,1,8,52,10,4,2,3,2,90281,4833.1015625,0,0,3
1767764605.5846756,9124707774134530792,0,2,13,52,12,0,2,3,2,90199,4847.78955078125,0,0,3
1767764605.5846756,9124707774134530792,0,3,6,52,8,8,2,3,2,89789,4806.34765625,0,0,3
1767764605.5846756,9124707774134530792,0,4,4,52,3,12,2,3,2,89495,4793.0673828125,0,0,3
1767764605.5846756,9124707774134530792,0,5,15,52,20,0,2,3,2,90532,4854.94970703125,0,0,3
1767764605.5846756,9124707774134530792,0,6,10,52,15,1,2,3,2,90300,4840.35888671875,0,0,3
1767764605.5846756,9124707774134530792,0,7,18,51,19,0,3,3,2,90725,4799.23828125,0,0,4
1767764605.5846756,9124707774134530792,0,8,3,52,1,15,2,3,2,89213,4792.3017578125,0,0,3
1767764605.5846756,9124707774134530792,0,9,14,52,16,0,2,3,2,90412,4852.21533203125,0,0,3
1767764605.5846756,9124707774134530792,0,10,1,52,6,25,2,3,2,89254,4777.759765625,0,0,3
1767764605.5846756,9124707774134530792,0,11,19,38,4,0,2,4,3,90429,3625.40576171875,0,0,3
1767764605.5846756,9124707774134530792,0,12,12,52,14,0,2,3,2,90043,4847.08447265625,0,0,3
1767764605.5846756,9124707774134530792,0,13,2,52,5,18,2,3,2,89567,4786.0625,0,0,3
1767764605.5846756,9124707774134530792,0,14,17,51,11,0,2,3,2,90849,4779.8515625,0,0,3
1767764605.5846756,9124707774134530792,0,15,11,52,18,0,2,3,2,89968,4841.6103515625,0,0,3
1767764605.5846756,9124707774134530792,0,16,5,52,2,10,2,3,2,89630,4798.53369140625,0,0,3
1767764605.5846756,9124707774134530792,0,17,7,52,7,6,2,3,2,89520,4809.52978515625,0,0,3
1767764605.5846756,9124707774134530792,0,18,16,52,13,0,2,3,2,90794,4866.3095703125,0,0,3
1767764605.5846756,9124707774134530792,0,19,20,0,17,0,0,4,1,0,4957.805258860812,0,0,1
1767764605.5846756,9124707774134530792,0,20,0,0,0,0,0,0,0,0,0.0,0,0,0
1767764605.5846756,9124707774134530792,0,21,0,0,0,0,0,0,0,0,0.0,0,0,0
1767764610.591447,9124707774134530792,0,0,9,52,9,2,2,3,2,90228,4836.7119140625,0,0,3
1767764610.591447,9124707774134530792,0,1,8,52,10,4,2,3,2,90281,4833.1015625,0,0,3
1767764610.591447,9124707774134530792,0,2,13,52,12,0,2,3,2,90199,4847.78955078125,0,0,3
1767764610.591447,9124707774134530792,0,3,6,52,8,8,2,3,2,89789,4806.34765625,0,0,3
1767764610.591447,9124707774134530792,0,4,4,52,3,12,2,3,2,89495,4793.0673828125,0,0,3
1767764610.591447,9124707774134530792,0,5,15,52,20,0,2,3,2,90532,4854.94970703125,0,0,3
1767764610.591447,9124707774134530792,0,6,10,52,15,1,2,3,2,90300,4840.35888671875,0,0,3
1767764610.591447,9124707774134530792,0,7,18,51,19,0,3,3,2,90725,4799.23828125,0,0,4
1767764610.591447,9124707774134530792,0,8,3,52,1,15,2,3,2,89213,4792.3017578125,0,0,3
1767764610.591447,9124707774134530792,0,9,14,52,16,0,2,3,2,90412,4852.21533203125,0,0,3
1767764610.591447,9124707774134530792,0,10,1,52,6,25,2,3,2,89254,4777.759765625,0,0,3
1767764610.591447,9124707774134530792,0,11,19,38,4,0,2,4,3,90429,3625.40576171875,0,0,3
1767764610.591447,9124707774134530792,0,12,12,52,14,0,2,3,2,90043,4847.08447265625,0,0,3
1767764610.591447,9124707774134530792,0,13,2,52,5,18,2,3,2,89567,4786.0625,0,0,3
1767764610.591447,9124707774134530792,0,14,17,51,11,0,2,3,2,90849,4779.8515625,0,0,3
1767764610.591447,9124707774134530792,0,15,11,52,18,0,2,3,2,89968,4841.6103515625,0,0,3
1767764610.591447,9124707774134530792,0,16,5,52,2,10,2,3,2,89630,4798.53369140625,0,0,3
1767764610.591447,9124707774134530792,0,17,7,52,7,6,2,3,2,89520,4809.52978515625,0,0,3
1767764610.591447,9124707774134530792,0,18,16,52,13,0,2,3,2,90794,4866.3095703125,0,0,3
1767764610.591447,9124707774134530792,0,19,20,0,17,0,0,4,1,0,4957.805258860812,0,0,1
1767764610.591447,9124707774134530792,0,20,0,0,0,0,0,0,0,0,0.0,0,0,0
1767764610.591447,9124707774134530792,0,21,0,0,0,0,0,0,0,0,0.0,0,0,0
1767764615.5991516,9124707774134530792,0,0,9,52,9,2,2,3,2,90228,4836.7119140625,0,0,3
1767764615.5991516,9124707774134530792,0,1,8,52,10,4,2,3,2,90281,4833.1015625,0,0,3
1767764615.5991516,9124707774134530792,0,2,13,52,12,0,2,3,2,90199,4847.78955078125,0,0,3
1767764615.5991516,9124707774134530792,0,3,6,52,8,8,2,3,2,89789,4806.34765625,0,0,3
1767764615.5991516,9124707774134530792,0,4,4,52,3,12,2,3,2,89495,4793.0673828125,0,0,3
1767764615.5991516,9124707774134530792,0,5,15,52,20,0,2,3,2,90532,4854.94970703125,0,0,3
1767764615.5991516,9124707774134530792,0,6,10,52,15,1,2,3,2,90300,4840.35888671875,0,0,3
1767764615.5991516,9124707774134530792,0,7,18,51,19,0,3,3,2,90725,4799.23828125,0,0,4
1767764615.5991516,9124707774134530792,0,8,3,52,1,15,2,3,2,89213,4792.3017578125,0,0,3
1767764615.5991516,9124707774134530792,0,9,14,52,16,0,2,3,2,90412,4852.21533203125,0,0,3
1767764615.5991516,9124707774134530792,0,10,1,52,6,25,2,3,2,89254,4777.759765625,0,0,3
1767764615.5991516,9124707774134530792,0,11,19,38,4,0,2,4,3,90429,3625.40576171875,0,0,3
1767764615.5991516,9124707774134530792,0,12,12,52,14,0,2,3,2,90043,4847.08447265625,0,0,3
1767764615.5991516,9124707774134530792,0,13,2,52,5,18,2,3,2,89567,4786.0625,0,0,3
1767764615.5991516,9124707774134530792,0,14,17,51,11,0,2,3,2,90849,4779.8515625,0,0,3
1767764615.5991516,9124707774134530792,0,15,11,52,18,0,2,3,2,89968,4841.6103515625,0,0,3
1767764615.5991516,9124707774134530792,0,16,5,52,2,10,2,3,2,89630,4798.53369140625,0,0,3
1767764615.5991516,9124707774134530792,0,17,7,52,7,6,2,3,2,89520,4809.52978515625,0,0,3
1767764615.5991516,9124707774134530792,0,18,16,52,13,0,2,3,2,90794,4866.3095703125,0,0,3
1767764615.5991516,9124707774134530792,0,19,20,0,17,0,0,4,1,0,4957.805258860812,0,0,1
1767764615.5991516,9124707774134530792,0,20,0,0,0,0,0,0,0,0,0.0,0,0,0
1767764615.5991516,9124707774134530792,0,21,0,0,0,0,0,0,0,0,0.0,0,0,0
1767764620.6013305,9124707774134530792,0,0,9,52,9,2,2,3,2,90228,4836.7119140625,0,0,3
1767764620.6013305,9124707774134530792,0,1,8,52,10,4,2,3,2,90281,4833.1015625,0,0,3
1767764620.6013305,9124707774134530792,0,2,13,52,12,0,2,3,2,90199,4847.78955078125,0,0,3
1767764620.6013305,9124707774134530792,0,3,6,52,8,8,2,3,2,89789,4806.34765625,0,0,3
1767764620.6013305,9124707774134530792,0,4,4,52,3,12,2,3,2,89495,4793.0673828125,0,0,3
1767764620.6013305,9124707774134530792,0,5,15,52,20,0,2,3,2,90532,4854.94970703125,0,0,3
1767764620.6013305,9124707774134530792,0,6,10,52,15,1,2,3,2,90300,4840.35888671875,0,0,3
1767764620.6013305,9124707774134530792,0,7,18,51,19,0,3,3,2,90725,4799.23828125,0,0,4
1767764620.6013305,9124707774134530792,0,8,3,52,1,15,2,3,2,89213,4792.3017578125,0,0,3
1767764620.6013305,9124707774134530792,0,9,14,52,16,0,2,3,2,90412,4852.21533203125,0,0,3
1767764620.6013305,9124707774134530792,0,10,1,52,6,25,2,3,2,89254,4777.759765625,0,0,3
1767764620.6013305,9124707774134530792,0,11,19,38,4,0,2,4,3,90429,3625.40576171875,0,0,3
1767764620.6013305,9124707774134530792,0,12,12,52,14,0,2,3,2,90043,4847.08447265625,0,0,3
1767764620.6013305,9124707774134530792,0,13,2,52,5,18,2,3,2,89567,4786.0625,0,0,3
1767764620.6013305,9124707774134530792,0,14,17,51,11,0,2,3,2,90849,4779.8515625,0,0,3
1767764620.6013305,9124707774134530792,0,15,11,52,18,0,2,3,2,89968,4841.6103515625,0,0,3
1767764620.6013305,9124707774134530792,0,16,5,52,2,10,2,3,2,89630,4798.53369140625,0,0,3
1767764620.6013305,9124707774134530792,0,17,7,52,7,6,2,3,2,89520,4809.52978515625,0,0,3
1767764620.6013305,9124707774134530792,0,18,16,52,13,0,2,3,2,90794,4866.3095703125,0,0,3
1767764620.6013305,9124707774134530792,0,19,20,0,17,0,0,4,1,0,4957.805258860812,0,0,1
1767764620.6013305,9124707774134530792,0,20,0,0,0,0,0,0,0,0,0.0,0,0,0
1767764620.6013305,9124707774134530792,0,21,0,0,0,0,0,0,0,0,0.0,0,0,0
1767764625.6076927,9124707774134530792,0,0,9,52,9,2,2,3,2,90228,4836.7119140625,0,0,3
1767764625.6076927,9124707774134530792,0,1,8,52,10,4,2,3,2,90281,4833.1015625,0,0,3
1767764625.6076927,9124707774134530792,0,2,13,52,12,0,2,3,2,90199,4847.78955078125,0,0,3
1767764625.6076927,9124707774134530792,0,3,6,52,8,8,2,3,2,89789,4806.34765625,0,0,3
1767764625.6076927,9124707774134530792,0,4,4,52,3,12,2,3,2,89495,4793.0673828125,0,0,3
1767764625.6076927,9124707774134530792,0,5,15,52,20,0,2,3,2,90532,4854.94970703125,0,0,3
1767764625.6076927,9124707774134530792,0,6,10,52,15,1,2,3,2,90300,4840.35888671875,0,0,3
1767764625.6076927,9124707774134530792,0,7,18,51,19,0,3,3,2,90725,4799.23828125,0,0,4
1767764625.6076927,9124707774134530792,0,8,3,52,1,15,2,3,2,89213,4792.3017578125,0,0,3
1767764625.6076927,9124707774134530792,0,9,14,52,16,0,2,3,2,90412,4852.21533203125,0,0,3
1767764625.6076927,9124707774134530792,0,10,1,52,6,25,2,3,2,89254,4777.759765625,0,0,3
1767764625.6076927,9124707774134530792,0,11,19,38,4,0,2,4,3,90429,3625.40576171875,0,0,3
1767764625.6076927,9124707774134530792,0,12,12,52,14,0,2,3,2,90043,4847.08447265625,0,0,3
1767764625.6076927,9124707774134530792,0,13,2,52,5,18,2,3,2,89567,4786.0625,0,0,3
1767764625.6076927,9124707774134530792,0,14,17,51,11,0,2,3,2,90849,4779.8515625,0,0,3
1767764625.6076927,9124707774134530792,0,15,11,52,18,0,2,3,2,89968,4841.6103515625,0,0,3
1767764625.6076927,9124707774134530792,0,16,5,52,2,10,2,3,2,89630,4798.53369140625,0,0,3
1767764625.6076927,9124707774134530792,0,17,7,52,7,6,2,3,2,89520,4809.52978515625,0,0,3
1767764625.6076927,9124707774134530792,0,18,16,52,13,0,2,3,2,90794,4866.3095703125,0,0,3
1767764625.6076927,9124707774134530792,0,19,20,0,17,0,0,4,1,0,4957.805258860812,0,0,1
1767764625.6076927,9124707774134530792,0,20,0,0,0,0,0,0,0,0,0.0,0,0,0
1767764625.6076927,9124707774134530792,0,21,0,0,0,0,0,0,0,0,0.0,0,0,0
1767764630.6178238,9124707774134530792,0,0,9,52,9,2,2,3,2,90228,4836.7119140625,0,0,3
1767764630.6178238,9124707774134530792,0,1,8,52,10,4,2,3,2,90281,4833.1015625,0,0,3
1767764630.6178238,9124707774134530792,0,2,13,52,12,0,2,3,2,90199,4847.78955078125,0,0,3
1767764630.6178238,9124707774134530792,0,3,6,52,8,8,2,3,2,89789,4806.34765625,0,0,3
1767764630.6178238,9124707774134530792,0,4,4,52,3,12,2,3,2,89495,4793.0673828125,0,0,3
1767764630.6178238,9124707774134530792,0,5,15,52,20,0,2,3,2,90532,4854.94970703125,0,0,3
1767764630.6178238,9124707774134530792,0,6,10,52,15,1,2,3,2,90300,4840.35888671875,0,0,3
1767764630.6178238,9124707774134530792,0,7,18,51,19,0,3,3,2,90725,4799.23828125,0,0,4
1767764630.6178238,9124707774134530792,0,8,3,52,1,15,2,3,2,89213,4792.3017578125,0,0,3
1767764630.6178238,9124707774134530792,0,9,14,52,16,0,2,3,2,90412,4852.21533203125,0,0,3
1767764630.6178238,9124707774134530792,0,10,1,52,6,25,2,3,2,89254,4777.759765625,0,0,3
1767764630.6178238,9124707774134530792,0,11,19,38,4,0,2,4,3,90429,3625.40576171875,0,0,3
1767764630.6178238,9124707774134530792,0,12,12,52,14,0,2,3,2,90043,4847.08447265625,0,0,3
1767764630.6178238,9124707774134530792,0,13,2,52,5,18,2,3,2,89567,4786.0625,0,0,3
1767764630.6178238,9124707774134530792,0,14,17,51,11,0,2,3,2,90849,4779.8515625,0,0,3
1767764630.6178238,9124707774134530792,0,15,11,52,18,0,2,3,2,89968,4841.6103515625,0,0,3
1767764630.6178238,9124707774134530792,0,16,5,52,2,10,2,3,2,89630,4798.53369140625,0,0,3
1767764630.6178238,9124707774134530792,0,17,7,52,7,6,2,3,2,89520,4809.52978515625,0,0,3
1767764630.6178238,9124707774134530792,0,18,16,52,13,0,2,3,2,90794,4866.3095703125,0,0,3
1767764630.6178238,9124707774134530792,0,19,20,0,17,0,0,4,1,0,4957.805258860812,0,0,1
1767764630.6178238,9124707774134530792,0,20,0,0,0,0,0,0,0,0,0.0,0,0,0
1767764630.6178238,9124707774134530792,0,21,0,0,0,0,0,0,0,0,0.0,0,0,0
1767764635.626713,9124707774134530792,0,0,9,52,9,2,2,3,2,90228,4836.7119140625,0,0,3
1767764635.626713,9124707774134530792,0,1,8,52,10,4,2,3,2,90281,4833.1015625,0,0,3
1767764635.626713,9124707774134530792,0,2,13,52,12,0,2,3,2,90199,4847.78955078125,0,0,3
1767764635.626713,9124707774134530792,0,3,6,52,8,8,2,3,2,89789,4806.34765625,0,0,3
1767764635.626713,9124707774134530792,0,4,4,52,3,12,2,3,2,89495,4793.0673828125,0,0,3
1767764635.626713,9124707774134530792,0,5,15,52,20,0,2,3,2,90532,4854.94970703125,0,0,3
1767764635.626713,9124707774134530792,0,6,10,52,15,1,2,3,2,90300,4840.35888671875,0,0,3
1767764635.626713,9124707774134530792,0,7,18,51,19,0,3,3,2,90725,4799.23828125,0,0,4
1767764635.626713,9124707774134530792,0,8,3,52,1,15,2,3,2,89213,4792.3017578125,0,0,3
1767764635.626713,9124707774134530792,0,9,14,52,16,0,2,3,2,90412,4852.21533203125,0,0,3
1767764635.626713,9124707774134530792,0,10,1,52,6,25,2,3,2,89254,4777.759765625,0,0,3
1767764635.626713,9124707774134530792,0,11,19,38,4,0,2,4,3,90429,3625.40576171875,0,0,3
1767764635.626713,9124707774134530792,0,12,12,52,14,0,2,3,2,90043,4847.08447265625,0,0,3
1767764635.626713,9124707774134530792,0,13,2,52,5,18,2,3,2,89567,4786.0625,0,0,3
1767764635.626713,9124707774134530792,0,14,17,51,11,0,2,3,2,90849,4779.8515625,0,0,3
1767764635.626713,9124707774134530792,0,15,11,52,18,0,2,3,2,89968,4841.6103515625,0,0,3
1767764635.626713,9124707774134530792,0,16,5,52,2,10,2,3,2,89630,4798.53369140625,0,0,3
1767764635.626713,9124707774134530792,0,17,7,52,7,6,2,3,2,89520,4809.52978515625,0,0,3
1767764635.626713,9124707774134530792,0,18,16,52,13,0,2,3,2,90794,4866.3095703125,0,0,3
1767764635.626713,9124707774134530792,0,19,20,0,17,0,0,4,1,0,4957.805258860812,0,0,1
1767764635.626713,9124707774134530792,0,20,0,0,0,0,0,0,0,0,0.0,0,0,0
1767764635.626713,9124707774134530792,0,21,0,0,0,0,0,0,0,0,0.0,0,0,0
1767764640.6370814,9124707774134530792,0,0,9,52,9,2,2,3,2,90228,4836.7119140625,0,0,3
1767764640.6370814,9124707774134530792,0,1,8,52,10,4,2,3,2,90281,4833.1015625,0,0,3
1767764640.6370814,9124707774134530792,0,2,13,52,12,0,2,3,2,90199,4847.78955078125,0,0,3
1767764640.6370814,9124707774134530792,0,3,6,52,8,8,2,3,2,89789,4806.34765625,0,0,3
1767764640.6370814,9124707774134530792,0,4,4,52,3,12,2,3,2,89495,4793.0673828125,0,0,3
1767764640.6370814,9124707774134530792,0,5,15,52,20,0,2,3,2,90532,4854.94970703125,0,0,3
1767764640.6370814,9124707774134530792,0,6,10,52,15,1,2,3,2,90300,4840.35888671875,0,0,3
1767764640.6370814,9124707774134530792,0,7,18,51,19,0,3,3,2,90725,4799.23828125,0,0,4
1767764640.6370814,9124707774134530792,0,8,3,52,1,15,2,3,2,89213,4792.3017578125,0,0,3
1767764640.6370814,9124707774134530792,0,9,14,52,16,0,2,3,2,90412,4852.21533203125,0,0,3
1767764640.6370814,9124707774134530792,0,10,1,52,6,25,2,3,2,89254,4777.759765625,0,0,3
1767764640.6370814,9124707774134530792,0,11,19,38,4,0,2,4,3,90429,3625.40576171875,0,0,3
1767764640.6370814,9124707774134530792,0,12,12,52,14,0,2,3,2,90043,4847.08447265625,0,0,3
1767764640.6370814,9124707774134530792,0,13,2,52,5,18,2,3,2,89567,4786.0625,0,0,3
1767764640.6370814,9124707774134530792,0,14,17,51,11,0,2,3,2,90849,4779.8515625,0,0,3
1767764640.6370814,9124707774134530792,0,15,11,52,18,0,2,3,2,89968,4841.6103515625,0,0,3
1767764640.6370814,9124707774134530792,0,16,5,52,2,10,2,3,2,89630,4798.53369140625,0,0,3
1767764640.6370814,9124707774134530792,0,17,7,52,7,6,2,3,2,89520,4809.52978515625,0,0,3
1767764640.6370814,9124707774134530792,0,18,16,52,13,0,2,3,2,90794,4866.3095703125,0,0,3
1767764640.6370814,9124707774134530792,0,19,20,0,17,0,0,4,1,0,4957.805258860812,0,0,1
1767764640.6370814,9124707774134530792,0,20,0,0,0,0,0,0,0,0,0.0,0,0,0
1767764640.6370814,9124707774134530792,0,21,0,0,0,0,0,0,0,0,0.0,0,0,0
1767764645.6455731,9124707774134530792,0,0,9,52,9,2,2,3,2,90228,4836.7119140625,0,0,3
1767764645.6455731,9124707774134530792,0,1,8,52,10,4,2,3,2,90281,4833.1015625,0,0,3
1767764645.6455731,9124707774134530792,0,2,13,52,12,0,2,3,2,90199,4847.78955078125,0,0,3
1767764645.6455731,9124707774134530792,0,3,6,52,8,8,2,3,2,89789,4806.34765625,0,0,3
1767764645.6455731,9124707774134530792,0,4,4,52,3,12,2,3,2,89495,4793.0673828125,0,0,3
1767764645.6455731,9124707774134530792,0,5,15,52,20,0,2,3,2,90532,4854.94970703125,0,0,3
1767764645.6455731,9124707774134530792,0,6,10,52,15,1,2,3,2,90300,4840.35888671875,0,0,3
1767764645.6455731,9124707774134530792,0,7,18,51,19,0,3,3,2,90725,4799.23828125,0,0,4
1767764645.6455731,9124707774134530792,0,8,3,52,1,15,2,3,2,89213,4792.3017578125,0,0,3
1767764645.6455731,9124707774134530792,0,9,14,52,16,0,2,3,2,90412,4852.21533203125,0,0,3
1767764645.6455731,9124707774134530792,0,10,1,52,6,25,2,3,2,89254,4777.759765625,0,0,3
1767764645.6455731,9124707774134530792,0,11,19,38,4,0,2,4,3,90429,3625.40576171875,0,0,3
1767764645.6455731,9124707774134530792,0,12,12,52,14,0,2,3,2,90043,4847.08447265625,0,0,3
1767764645.6455731,9124707774134530792,0,13,2,52,5,18,2,3,2,89567,4786.0625,0,0,3
1767764645.6455731,9124707774134530792,0,14,17,51,11,0,2,3,2,90849,4779.8515625,0,0,3
1767764645.6455731,9124707774134530792,0,15,11,52,18,0,2,3,2,89968,4841.6103515625,0,0,3
1767764645.6455731,9124707774134530792,0,16,5,52,2,10,2,3,2,89630,4798.53369140625,0,0,3
1767764645.6455731,9124707774134530792,0,17,7,52,7,6,2,3,2,89520,4809.52978515625,0,0,3
1767764645.6455731,9124707774134530792,0,18,16,52,13,0,2,3,2,90794,4866.3095703125,0,0,3
1767764645.6455731,9124707774134530792,0,19,20,0,17,0,0,4,1,0,4957.805258860812,0,0,1
1767764645.6455731,9124707774134530792,0,20,0,0,0,0,0,0,0,0,0.0,0,0,0
1767764645.6455731,9124707774134530792,0,21,0,0,0,0,0,0,0,0,0.0,0,0,0
1767764650.653497,9124707774134530792,0,0,9,52,9,2,2,3,2,90228,4836.7119140625,0,0,3
1767764650.653497,9124707774134530792,0,1,8,52,10,4,2,3,2,90281,4833.1015625,0,0,3
1767764650.653497,9124707774134530792,0,2,13,52,12,0,2,3,2,90199,4847.78955078125,0,0,3
1767764650.653497,9124707774134530792,0,3,6,52,8,8,2,3,2,89789,4806.34765625,0,0,3
1767764650.653497,9124707774134530792,0,4,4,52,3,12,2,3,2,89495,4793.0673828125,0,0,3
1767764650.653497,9124707774134530792,0,5,15,52,20,0,2,3,2,90532,4854.94970703125,0,0,3
1767764650.653497,9124707774134530792,0,6,10,52,15,1,2,3,2,90300,4840.35888671875,0,0,3
1767764650.653497,9124707774134530792,0,7,18,51,19,0,3,3,2,90725,4799.23828125,0,0,4
1767764650.653497,9124707774134530792,0,8,3,52,1,15,2,3,2,89213,4792.3017578125,0,0,3
1767764650.653497,9124707774134530792,0,9,14,52,16,0,2,3,2,90412,4852.21533203125,0,0,3
1767764650.653497,9124707774134530792,0,10,1,52,6,25,2,3,2,89254,4777.759765625,0,0,3
1767764650.653497,9124707774134530792,0,11,19,38,4,0,2,4,3,90429,3625.40576171875,0,0,3
1767764650.653497,9124707774134530792,0,12,12,52,14,0,2,3,2,90043,4847.08447265625,0,0,3
1767764650.653497,9124707774134530792,0,13,2,52,5,18,2,3,2,89567,4786.0625,0,0,3
1767764650.653497,9124707774134530792,0,14,17,51,11,0,2,3,2,90849,4779.8515625,0,0,3
1767764650.653497,9124707774134530792,0,15,11,52,18,0,2,3,2,89968,4841.6103515625,0,0,3
1767764650.653497,9124707774134530792,0,16,5,52,2,10,2,3,2,89630,4798.53369140625,0,0,3
1767764650.653497,9124707774134530792,0,17,7,52,7,6,2,3,2,89520,4809.52978515625,0,0,3
1767764650.653497,9124707774134530792,0,18,16,52,13,0,2,3,2,90794,4866.3095703125,0,0,3
1767764650.653497,9124707774134530792,0,19,20,0,17,0,0,4,1,0,4957.805258860812,0,0,1
1767764650.653497,9124707774134530792,0,20,0,0,0,0,0,0,0,0,0.0,0,0,0
1767764650.653497,9124707774134530792,0,21,0,0,0,0,0,0,0,0,0.0,0,0,0
1767764655.6594377,9124707774134530792,0,0,9,52,9,2,2,3,2,90228,4836.7119140625,0,0,3
1767764655.6594377,9124707774134530792,0,1,8,52,10,4,2,3,2,90281,4833.1015625,0,0,3
1767764655.6594377,9124707774134530792,0,2,13,52,12,0,2,3,2,90199,4847.78955078125,0,0,3
1767764655.6594377,9124707774134530792,0,3,6,52,8,8,2,3,2,89789,4806.34765625,0,0,3
1767764655.6594377,9124707774134530792,0,4,4,52,3,12,2,3,2,89495,4793.0673828125,0,0,3
1767764655.6594377,9124707774134530792,0,5,15,52,20,0,2,3,2,90532,4854.94970703125,0,0,3
1767764655.6594377,9124707774134530792,0,6,10,52,15,1,2,3,2,90300,4840.35888671875,0,0,3
1767764655.6594377,9124707774134530792,0,7,18,51,19,0,3,3,2,90725,4799.23828125,0,0,4
1767764655.6594377,9124707774134530792,0,8,3,52,1,15,2,3,2,89213,4792.3017578125,0,0,3
1767764655.6594377,9124707774134530792,0,9,14,52,16,0,2,3,2,90412,4852.21533203125,0,0,3
1767764655.6594377,9124707774134530792,0,10,1,52,6,25,2,3,2,89254,4777.759765625,0,0,3
1767764655.6594377,9124707774134530792,0,11,19,38,4,0,2,4,3,90429,3625.40576171875,0,0,3
1767764655.6594377,9124707774134530792,0,12,12,52,14,0,2,3,2,90043,4847.08447265625,0,0,3
1767764655.6594377,9124707774134530792,0,13,2,52,5,18,2,3,2,89567,4786.0625,0,0,3
1767764655.6594377,9124707774134530792,0,14,17,51,11,0,2,3,2,90849,4779.8515625,0,0,3
1767764655.6594377,9124707774134530792,0,15,11,52,18,0,2,3,2,89968,4841.6103515625,0,0,3
1767764655.6594377,9124707774134530792,0,16,5,52,2,10,2,3,2,89630,4798.53369140625,0,0,3
1767764655.6594377,9124707774134530792,0,17,7,52,7,6,2,3,2,89520,4809.52978515625,0,0,3
1767764655.6594377,9124707774134530792,0,18,16,52,13,0,2,3,2,90794,4866.3095703125,0,0,3
1767764655.6594377,9124707774134530792,0,19,20,0,17,0,0,4,1,0,4957.805258860812,0,0,1
1767764655.6594377,9124707774134530792,0,20,0,0,0,0,0,0,0,0,0.0,0,0,0
1767764655.6594377,9124707774134530792,0,21,0,0,0,0,0,0,0,0,0.0,0,0,0
1767764660.6647716,9124707774134530792,0,0,9,52,9,2,2,3,2,90228,4836.7119140625,0,0,3
1767764660.6647716,9124707774134530792,0,1,8,52,10,4,2,3,2,90281,4833.1015625,0,0,3
1767764660.6647716,9124707774134530792,0,2,13,52,12,0,2,3,2,90199,4847.78955078125,0,0,3
1767764660.6647716,9124707774134530792,0,3,6,52,8,8,2,3,2,89789,4806.34765625,0,0,3
1767764660.6647716,9124707774134530792,0,4,4,52,3,12,2,3,2,89495,4793.0673828125,0,0,3
1767764660.6647716,9124707774134530792,0,5,15,52,20,0,2,3,2,90532,4854.94970703125,0,0,3
1767764660.6647716,9124707774134530792,0,6,10,52,15,1,2,3,2,90300,4840.35888671875,0,0,3
1767764660.6647716,9124707774134530792,0,7,18,51,19,0,3,3,2,90725,4799.23828125,0,0,4
1767764660.6647716,9124707774134530792,0,8,3,52,1,15,2,3,2,89213,4792.3017578125,0,0,3
1767764660.6647716,9124707774134530792,0,9,14,52,16,0,2,3,2,90412,4852.21533203125,0,0,3
1767764660.6647716,9124707774134530792,0,10,1,52,6,25,2,3,2,89254,4777.759765625,0,0,3
1767764660.6647716,9124707774134530792,0,11,19,38,4,0,2,4,3,90429,3625.40576171875,0,0,3
1767764660.6647716,9124707774134530792,0,12,12,52,14,0,2,3,2,90043,4847.08447265625,0,0,3
1767764660.6647716,9124707774134530792,0,13,2,52,5,18,2,3,2,89567,4786.0625,0,0,3
1767764660.6647716,9124707774134530792,0,14,17,51,11,0,2,3,2,90849,4779.8515625,0,0,3
1767764660.6647716,9124707774134530792,0,15,11,52,18,0,2,3,2,89968,4841.6103515625,0,0,3
1767764660.6647716,9124707774134530792,0,16,5,52,2,10,2,3,2,89630,4798.53369140625,0,0,3
1767764660.6647716,9124707774134530792,0,17,7,52,7,6,2,3,2,89520,4809.52978515625,0,0,3
1767764660.6647716,9124707774134530792,0,18,16,52,13,0,2,3,2,90794,4866.3095703125,0,0,3
1767764660.6647716,9124707774134530792,0,19,20,0,17,0,0,4,1,0,4957.805258860812,0,0,1
1767764660.6647716,9124707774134530792,0,20,0,0,0,0,0,0,0,0,0.0,0,0,0
1767764660.6647716,9124707774134530792,0,21,0,0,0,0,0,0,0,0,0.0,0,0,0
1767764665.6727033,9124707774134530792,0,0,9,52,9,2,2,3,2,90228,4836.7119140625,0,0,3
1767764665.6727033,9124707774134530792,0,1,8,52,10,4,2,3,2,90281,4833.1015625,0,0,3
1767764665.6727033,9124707774134530792,0,2,13,52,12,0,2,3,2,90199,4847.78955078125,0,0,3
1767764665.6727033,9124707774134530792,0,3,6,52,8,8,2,3,2,89789,4806.34765625,0,0,3
1767764665.6727033,9124707774134530792,0,4,4,52,3,12,2,3,2,89495,4793.0673828125,0,0,3
1767764665.6727033,9124707774134530792,0,5,15,52,20,0,2,3,2,90532,4854.94970703125,0,0,3
1767764665.6727033,9124707774134530792,0,6,10,52,15,1,2,3,2,90300,4840.35888671875,0,0,3
1767764665.6727033,9124707774134530792,0,7,18,51,19,0,3,3,2,90725,4799.23828125,0,0,4
1767764665.6727033,9124707774134530792,0,8,3,52,1,15,2,3,2,89213,4792.3017578125,0,0,3
1767764665.6727033,9124707774134530792,0,9,14,52,16,0,2,3,2,90412,4852.21533203125,0,0,3
1767764665.6727033,9124707774134530792,0,10,1,52,6,25,2,3,2,89254,4777.759765625,0,0,3
1767764665.6727033,9124707774134530792,0,11,19,38,4,0,2,4,3,90429,3625.40576171875,0,0,3
1767764665.6727033,9124707774134530792,0,12,12,52,14,0,2,3,2,90043,4847.08447265625,0,0,3
1767764665.6727033,9124707774134530792,0,13,2,52,5,18,2,3,2,89567,4786.0625,0,0,3
1767764665.6727033,9124707774134530792,0,14,17,51,11,0,2,3,2,90849,4779.8515625,0,0,3
1767764665.6727033,9124707774134530792,0,15,11,52,18,0,2,3,2,89968,4841.6103515625,0,0,3
1767764665.6727033,9124707774134530792,0,16,5,52,2,10,2,3,2,89630,4798.53369140625,0,0,3
1767764665.6727033,9124707774134530792,0,17,7,52,7,6,2,3,2,89520,4809.52978515625,0,0,3
1767764665.6727033,9124707774134530792,0,18,16,52,13,0,2,3,2,90794,4866.3095703125,0,0,3
1767764665.6727033,9124707774134530792,0,19,20,0,17,0,0,4,1,0,4957.805258860812,0,0,1
1767764665.6727033,9124707774134530792,0,20,0,0,0,0,0,0,0,0,0.0,0,0,0
1767764665.6727033,9124707774134530792,0,21,0,0,0,0,0,0,0,0,0.0,0,0,0
1767764670.6817162,9124707774134530792,0,0,9,52,9,2,2,3,2,90228,4836.7119140625,0,0,3
1767764670.6817162,9124707774134530792,0,1,8,52,10,4,2,3,2,90281,4833.1015625,0,0,3
1767764670.6817162,9124707774134530792,0,2,13,52,12,0,2,3,2,90199,4847.78955078125,0,0,3
1767764670.6817162,9124707774134530792,0,3,6,52,8,8,2,3,2,89789,4806.34765625,0,0,3
1767764670.6817162,9124707774134530792,0,4,4,52,3,12,2,3,2,89495,4793.0673828125,0,0,3
1767764670.6817162,9124707774134530792,0,5,15,52,20,0,2,3,2,90532,4854.94970703125,0,0,3
1767764670.6817162,9124707774134530792,0,6,10,52,15,1,2,3,2,90300,4840.35888671875,0,0,3
1767764670.6817162,9124707774134530792,0,7,18,51,19,0,3,3,2,90725,4799.23828125,0,0,4
1767764670.6817162,9124707774134530792,0,8,3,52,1,15,2,3,2,89213,4792.3017578125,0,0,3
1767764670.6817162,9124707774134530792,0,9,14,52,16,0,2,3,2,90412,4852.21533203125,0,0,3
1767764670.6817162,9124707774134530792,0,10,1,52,6,25,2,3,2,89254,4777.759765625,0,0,3
1767764670.6817162,9124707774134530792,0,11,19,38,4,0,2,4,3,90429,3625.40576171875,0,0,3
1767764670.6817162,9124707774134530792,0,12,12,52,14,0,2,3,2,90043,4847.08447265625,0,0,3
1767764670.6817162,9124707774134530792,0,13,2,52,5,18,2,3,2,89567,4786.0625,0,0,3
1767764670.6817162,9124707774134530792,0,14,17,51,11,0,2,3,2,90849,4779.8515625,0,0,3
1767764670.6817162,9124707774134530792,0,15,11,52,18,0,2,3,2,89968,4841.6103515625,0,0,3
1767764670.6817162,9124707774134530792,0,16,5,52,2,10,2,3,2,89630,4798.53369140625,0,0,3
1767764670.6817162,9124707774134530792,0,17,7,52,7,6,2,3,2,89520,4809.52978515625,0,0,3
1767764670.6817162,9124707774134530792,0,18,16,52,13,0,2,3,2,90794,4866.3095703125,0,0,3
1767764670.6817162,9124707774134530792,0,19,20,0,17,0,0,4,1,0,4957.805258860812,0,0,1
1767764670.6817162,9124707774134530792,0,20,0,0,0,0,0,0,0,0,0.0,0,0,0
1767764670.6817162,9124707774134530792,0,21,0,0,0,0,0,0,0,0,0.0,0,0,0
1767764675.6907098,9124707774134530792,0,0,9,52,9,2,2,3,2,90228,4836.7119140625,0,0,3
1767764675.6907098,9124707774134530792,0,1,8,52,10,4,2,3,2,90281,4833.1015625,0,0,3
1767764675.6907098,9124707774134530792,0,2,13,52,12,0,2,3,2,90199,4847.78955078125,0,0,3
1767764675.6907098,9124707774134530792,0,3,6,52,8,8,2,3,2,89789,4806.34765625,0,0,3
1767764675.6907098,9124707774134530792,0,4,4,52,3,12,2,3,2,89495,4793.0673828125,0,0,3
1767764675.6907098,9124707774134530792,0,5,15,52,20,0,2,3,2,90532,4854.94970703125,0,0,3
1767764675.6907098,9124707774134530792,0,6,10,52,15,1,2,3,2,90300,4840.35888671875,0,0,3
1767764675.6907098,9124707774134530792,0,7,18,51,19,0,3,3,2,90725,4799.23828125,0,0,4
1767764675.6907098,9124707774134530792,0,8,3,52,1,15,2,3,2,89213,4792.3017578125,0,0,3
1767764675.6907098,9124707774134530792,0,9,14,52,16,0,2,3,2,90412,4852.21533203125,0,0,3
1767764675.6907098,9124707774134530792,0,10,1,52,6,25,2,3,2,89254,4777.759765625,0,0,3
1767764675.6907098,9124707774134530792,0,11,19,38,4,0,2,4,3,90429,3625.40576171875,0,0,3
1767764675.6907098,9124707774134530792,0,12,12,52,14,0,2,3,2,90043,4847.08447265625,0,0,3
1767764675.6907098,9124707774134530792,0,13,2,52,5,18,2,3,2,89567,4786.0625,0,0,3
1767764675.6907098,9124707774134530792,0,14,17,51,11,0,2,3,2,90849,4779.8515625,0,0,3
1767764675.6907098,9124707774134530792,0,15,11,52,18,0,2,3,2,89968,4841.6103515625,0,0,3
1767764675.6907098,9124707774134530792,0,16,5,52,2,10,2,3,2,89630,4798.53369140625,0,0,3
1767764675.6907098,9124707774134530792,0,17,7,52,7,6,2,3,2,89520,4809.52978515625,0,0,3
1767764675.6907098,9124707774134530792,0,18,16,52,13,0,2,3,2,90794,4866.3095703125,0,0,3
1767764675.6907098,9124707774134530792,0,19,20,0,17,0,0,4,1,0,4957.805258860812,0,0,1
1767764675.6907098,9124707774134530792,0,20,0,0,0,0,0,0,0,0,0.0,0,0,0
1767764675.6907098,9124707774134530792,0,21,0,0,0,0,0,0,0,0,0.0,0,0,0
1767764680.6947641,9124707774134530792,0,0,9,52,9,2,2,3,2,90228,4836.7119140625,0,0,3
1767764680.6947641,9124707774134530792,0,1,8,52,10,4,2,3,2,90281,4833.1015625,0,0,3
1767764680.6947641,9124707774134530792,0,2,13,52,12,0,2,3,2,90199,4847.78955078125,0,0,3
1767764680.6947641,9124707774134530792,0,3,6,52,8,8,2,3,2,89789,4806.34765625,0,0,3
1767764680.6947641,9124707774134530792,0,4,4,52,3,12,2,3,2,89495,4793.0673828125,0,0,3
1767764680.6947641,9124707774134530792,0,5,15,52,20,0,2,3,2,90532,4854.94970703125,0,0,3
1767764680.6947641,9124707774134530792,0,6,10,52,15,1,2,3,2,90300,4840.35888671875,0,0,3
1767764680.6947641,9124707774134530792,0,7,18,51,19,0,3,3,2,90725,4799.23828125,0,0,4
1767764680.6947641,9124707774134530792,0,8,3,52,1,15,2,3,2,89213,4792.3017578125,0,0,3
1767764680.6947641,9124707774134530792,0,9,14,52,16,0,2,3,2,90412,4852.21533203125,0,0,3
1767764680.6947641,9124707774134530792,0,10,1,52,6,25,2,3,2,89254,4777.759765625,0,0,3
1767764680.6947641,9124707774134530792,0,11,19,38,4,0,2,4,3,90429,3625.40576171875,0,0,3
1767764680.6947641,9124707774134530792,0,12,12,52,14,0,2,3,2,90043,4847.08447265625,0,0,3
1767764680.6947641,9124707774134530792,0,13,2,52,5,18,2,3,2,89567,4786.0625,0,0,3
1767764680.6947641,9124707774134530792,0,14,17,51,11,0,2,3,2,90849,4779.8515625,0,0,3
1767764680.6947641,9124707774134530792,0,15,11,52,18,0,2,3,2,89968,4841.6103515625,0,0,3
1767764680.6947641,9124707774134530792,0,16,5,52,2,10,2,3,2,89630,4798.53369140625,0,0,3
1767764680.6947641,9124707774134530792,0,17,7,52,7,6,2,3,2,89520,4809.52978515625,0,0,3
1767764680.6947641,9124707774134530792,0,18,16,52,13,0,2,3,2,90794,4866.3095703125,0,0,3
1767764680.6947641,9124707774134530792,0,19,20,0,17,0,0,4,1,0,4957.805258860812,0,0,1
1767764680.6947641,9124707774134530792,0,20,0,0,0,0,0,0,0,0,0.0,0,0,0
1767764680.6947641,9124707774134530792,0,21,0,0,0,0,0,0,0,0,0.0,0,0,0
1767764685.70233,9124707774134530792,0,0,9,52,9,2,2,3,2,90228,4836.7119140625,0,0,3
1767764685.70233,9124707774134530792,0,1,8,52,10,4,2,3,2,90281,4833.1015625,0,0,3
1767764685.70233,9124707774134530792,0,2,13,52,12,0,2,3,2,90199,4847.78955078125,0,0,3
1767764685.70233,9124707774134530792,0,3,6,52,8,8,2,3,2,89789,4806.34765625,0,0,3
1767764685.70233,9124707774134530792,0,4,4,52,3,12,2,3,2,89495,4793.0673828125,0,0,3
1767764685.70233,9124707774134530792,0,5,15,52,20,0,2,3,2,90532,4854.94970703125,0,0,3
1767764685.70233,9124707774134530792,0,6,10,52,15,1,2,3,2,90300,4840.35888671875,0,0,3
1767764685.70233,9124707774134530792,0,7,18,51,19,0,3,3,2,90725,4799.23828125,0,0,4
1767764685.70233,9124707774134530792,0,8,3,52,1,15,2,3,2,89213,4792.3017578125,0,0,3
1767764685.70233,9124707774134530792,0,9,14,52,16,0,2,3,2,90412,4852.21533203125,0,0,3
1767764685.70233,9124707774134530792,0,10,1,52,6,25,2,3,2,89254,4777.759765625,0,0,3
1767764685.70233,9124707774134530792,0,11,19,38,4,0,2,4,3,90429,3625.40576171875,0,0,3
1767764685.70233,9124707774134530792,0,12,12,52,14,0,2,3,2,90043,4847.08447265625,0,0,3
1767764685.70233,9124707774134530792,0,13,2,52,5,18,2,3,2,89567,4786.0625,0,0,3
1767764685.70233,9124707774134530792,0,14,17,51,11,0,2,3,2,90849,4779.8515625,0,0,3
1767764685.70233,9124707774134530792,0,15,11,52,18,0,2,3,2,89968,4841.6103515625,0,0,3
1767764685.70233,9124707774134530792,0,16,5,52,2,10,2,3,2,89630,4798.53369140625,0,0,3
1767764685.70233,9124707774134530792,0,17,7,52,7,6,2,3,2,89520,4809.52978515625,0,0,3
1767764685.70233,9124707774134530792,0,18,16,52,13,0,2,3,2,90794,4866.3095703125,0,0,3
1767764685.70233,9124707774134530792,0,19,20,0,17,0,0,4,1,0,4957.805258860812,0,0,1
1767764685.70233,9124707774134530792,0,20,0,0,0,0,0,0,0,0,0.0,0,0,0
1767764685.70233,9124707774134530792,0,21,0,0,0,0,0,0,0,0,0.0,0,0,0
1767764690.7068667,9124707774134530792,0,0,9,52,9,2,2,3,2,90228,4836.7119140625,0,0,3
1767764690.7068667,9124707774134530792,0,1,8,52,10,4,2,3,2,90281,4833.1015625,0,0,3
1767764690.7068667,9124707774134530792,0,2,13,52,12,0,2,3,2,90199,4847.78955078125,0,0,3
1767764690.7068667,9124707774134530792,0,3,6,52,8,8,2,3,2,89789,4806.34765625,0,0,3
1767764690.7068667,9124707774134530792,0,4,4,52,3,12,2,3,2,89495,4793.0673828125,0,0,3
1767764690.7068667,9124707774134530792,0,5,15,52,20,0,2,3,2,90532,4854.94970703125,0,0,3
1767764690.7068667,9124707774134530792,0,6,10,52,15,1,2,3,2,90300,4840.35888671875,0,0,3
1767764690.7068667,9124707774134530792,0,7,18,51,19,0,3,3,2,90725,4799.23828125,0,0,4
1767764690.7068667,9124707774134530792,0,8,3,52,1,15,2,3,2,89213,4792.3017578125,0,0,3
1767764690.7068667,9124707774134530792,0,9,14,52,16,0,2,3,2,90412,4852.21533203125,0,0,3
1767764690.7068667,9124707774134530792,0,10,1,52,6,25,2,3,2,89254,4777.759765625,0,0,3
1767764690.7068667,9124707774134530792,0,11,19,38,4,0,2,4,3,90429,3625.40576171875,0,0,3
1767764690.7068667,9124707774134530792,0,12,12,52,14,0,2,3,2,90043,4847.08447265625,0,0,3
1767764690.7068667,9124707774134530792,0,13,2,52,5,18,2,3,2,89567,4786.0625,0,0,3
1767764690.7068667,9124707774134530792,0,14,17,51,11,0,2,3,2,90849,4779.8515625,0,0,3
1767764690.7068667,9124707774134530792,0,15,11,52,18,0,2,3,2,89968,4841.6103515625,0,0,3
1767764690.7068667,9124707774134530792,0,16,5,52,2,10,2,3,2,89630,4798.53369140625,0,0,3
1767764690.7068667,9124707774134530792,0,17,7,52,7,6,2,3,2,89520,4809.52978515625,0,0,3
1767764690.7068667,9124707774134530792,0,18,16,52,13,0,2,3,2,90794,4866.3095703125,0,0,3
1767764690.7068667,9124707774134530792,0,19,20,0,17,0,0,4,1,0,4957.805258860812,0,0,1
1767764690.7068667,9124707774134530792,0,20,0,0,0,0,0,0,0,0,0.0,0,0,0
1767764690.7068667,9124707774134530792,0,21,0,0,0,0,0,0,0,0,0.0,0,0,0
1767764695.7100973,9124707774134530792,0,0,9,52,9,2,2,3,2,90228,4836.7119140625,0,0,3
1767764695.7100973,9124707774134530792,0,1,8,52,10,4,2,3,2,90281,4833.1015625,0,0,3
1767764695.7100973,9124707774134530792,0,2,13,52,12,0,2,3,2,90199,4847.78955078125,0,0,3
1767764695.7100973,9124707774134530792,0,3,6,52,8,8,2,3,2,89789,4806.34765625,0,0,3
1767764695.7100973,9124707774134530792,0,4,4,52,3,12,2,3,2,89495,4793.0673828125,0,0,3
1767764695.7100973,9124707774134530792,0,5,15,52,20,0,2,3,2,90532,4854.94970703125,0,0,3
1767764695.7100973,9124707774134530792,0,6,10,52,15,1,2,3,2,90300,4840.35888671875,0,0,3
1767764695.7100973,9124707774134530792,0,7,18,51,19,0,3,3,2,90725,4799.23828125,0,0,4
1767764695.7100973,9124707774134530792,0,8,3,52,1,15,2,3,2,89213,4792.3017578125,0,0,3
1767764695.7100973,9124707774134530792,0,9,14,52,16,0,2,3,2,90412,4852.21533203125,0,0,3
1767764695.7100973,9124707774134530792,0,10,1,52,6,25,2,3,2,89254,4777.759765625,0,0,3
1767764695.7100973,9124707774134530792,0,11,19,38,4,0,2,4,3,90429,3625.40576171875,0,0,3
1767764695.7100973,9124707774134530792,0,12,12,52,14,0,2,3,2,90043,4847.08447265625,0,0,3
1767764695.7100973,9124707774134530792,0,13,2,52,5,18,2,3,2,89567,4786.0625,0,0,3
1767764695.7100973,9124707774134530792,0,14,17,51,11,0,2,3,2,90849,4779.8515625,0,0,3
1767764695.7100973,9124707774134530792,0,15,11,52,18,0,2,3,2,89968,4841.6103515625,0,0,3
1767764695.7100973,9124707774134530792,0,16,5,52,2,10,2,3,2,89630,4798.53369140625,0,0,3
1767764695.7100973,9124707774134530792,0,17,7,52,7,6,2,3,2,89520,4809.52978515625,0,0,3
1767764695.7100973,9124707774134530792,0,18,16,52,13,0,2,3,2,90794,4866.3095703125,0,0,3
1767764695.7100973,9124707774134530792,0,19,20,0,17,0,0,4,1,0,4957.805258860812,0,0,1
1767764695.7100973,9124707774134530792,0,20,0,0,0,0,0,0,0,0,0.0,0,0,0
1767764695.7100973,9124707774134530792,0,21,0,0,0,0,0,0,0,0,0.0,0,0,0
1767764700.712249,9124707774134530792,0,0,9,52,9,2,2,3,2,90228,4836.7119140625,0,0,3
1767764700.712249,9124707774134530792,0,1,8,52,10,4,2,3,2,90281,4833.1015625,0,0,3
1767764700.712249,9124707774134530792,0,2,13,52,12,0,2,3,2,90199,4847.78955078125,0,0,3
1767764700.712249,9124707774134530792,0,3,6,52,8,8,2,3,2,89789,4806.34765625,0,0,3
1767764700.712249,9124707774134530792,0,4,4,52,3,12,2,3,2,89495,4793.0673828125,0,0,3
1767764700.712249,9124707774134530792,0,5,15,52,20,0,2,3,2,90532,4854.94970703125,0,0,3
1767764700.712249,9124707774134530792,0,6,10,52,15,1,2,3,2,90300,4840.35888671875,0,0,3
1767764700.712249,9124707774134530792,0,7,18,51,19,0,3,3,2,90725,4799.23828125,0,0,4
1767764700.712249,9124707774134530792,0,8,3,52,1,15,2,3,2,89213,4792.3017578125,0,0,3
1767764700.712249,9124707774134530792,0,9,14,52,16,0,2,3,2,90412,4852.21533203125,0,0,3
1767764700.712249,9124707774134530792,0,10,1,52,6,25,2,3,2,89254,4777.759765625,0,0,3
1767764700.712249,9124707774134530792,0,11,19,38,4,0,2,4,3,90429,3625.40576171875,0,0,3
1767764700.712249,9124707774134530792,0,12,12,52,14,0,2,3,2,90043,4847.08447265625,0,0,3
1767764700.712249,9124707774134530792,0,13,2,52,5,18,2,3,2,89567,4786.0625,0,0,3
1767764700.712249,9124707774134530792,0,14,17,51,11,0,2,3,2,90849,4779.8515625,0,0,3
1767764700.712249,9124707774134530792,0,15,11,52,18,0,2,3,2,89968,4841.6103515625,0,0,3
1767764700.712249,9124707774134530792,0,16,5,52,2,10,2,3,2,89630,4798.53369140625,0,0,3
1767764700.712249,9124707774134530792,0,17,7,52,7,6,2,3,2,89520,4809.52978515625,0,0,3
1767764700.712249,9124707774134530792,0,18,16,52,13,0,2,3,2,90794,4866.3095703125,0,0,3
1767764700.712249,9124707774134530792,0,19,20,0,17,0,0,4,1,0,4957.805258860812,0,0,1
1767764700.712249,9124707774134530792,0,20,0,0,0,0,0,0,0,0,0.0,0,0,0
1767764700.712249,9124707774134530792,0,21,0,0,0,0,0,0,0,0,0.0,0,0,0
1767764705.7324257,9124707774134530792,0,0,9,52,9,2,2,3,2,90228,4836.7119140625,0,0,3
1767764705.7324257,9124707774134530792,0,1,8,52,10,4,2,3,2,90281,4833.1015625,0,0,3
1767764705.7324257,9124707774134530792,0,2,13,52,12,0,2,3,2,90199,4847.78955078125,0,0,3
1767764705.7324257,9124707774134530792,0,3,6,52,8,8,2,3,2,89789,4806.34765625,0,0,3
1767764705.7324257,9124707774134530792,0,4,4,52,3,12,2,3,2,89495,4793.0673828125,0,0,3
1767764705.7324257,9124707774134530792,0,5,15,52,20,0,2,3,2,90532,4854.94970703125,0,0,3
1767764705.7324257,9124707774134530792,0,6,10,52,15,1,2,3,2,90300,4840.35888671875,0,0,3
1767764705.7324257,9124707774134530792,0,7,18,51,19,0,3,3,2,90725,4799.23828125,0,0,4
1767764705.7324257,9124707774134530792,0,8,3,52,1,15,2,3,2,89213,4792.3017578125,0,0,3
1767764705.7324257,9124707774134530792,0,9,14,52,16,0,2,3,2,90412,4852.21533203125,0,0,3
1767764705.7324257,9124707774134530792,0,10,1,52,6,25,2,3,2,89254,4777.759765625,0,0,3
1767764705.7324257,9124707774134530792,0,11,19,38,4,0,2,4,3,90429,3625.40576171875,0,0,3
1767764705.7324257,9124707774134530792,0,12,12,52,14,0,2,3,2,90043,4847.08447265625,0,0,3
1767764705.7324257,9124707774134530792,0,13,2,52,5,18,2,3,2,89567,4786.0625,0,0,3
1767764705.7324257,9124707774134530792,0,14,17,51,11,0,2,3,2,90849,4779.8515625,0,0,3
1767764705.7324257,9124707774134530792,0,15,11,52,18,0,2,3,2,89968,4841.6103515625,0,0,3
1767764705.7324257,9124707774134530792,0,16,5,52,2,10,2,3,2,89630,4798.53369140625,0,0,3
1767764705.7324257,9124707774134530792,0,17,7,52,7,6,2,3,2,89520,4809.52978515625,0,0,3
1767764705.7324257,9124707774134530792,0,18,16,52,13,0,2,3,2,90794,4866.3095703125,0,0,3
1767764705.7324257,9124707774134530792,0,19,20,0,17,0,0,4,1,0,4957.805258860812,0,0,1
1767764705.7324257,9124707774134530792,0,20,0,0,0,0,0,0,0,0,0.0,0,0,0
1767764705.7324257,9124707774134530792,0,21,0,0,0,0,0,0,0,0,0.0,0,0,0
1767764710.7503796,9124707774134530792,0,0,9,52,9,2,2,3,2,90228,4836.7119140625,0,0,3
1767764710.7503796,9124707774134530792,0,1,8,52,10,4,2,3,2,90281,4833.1015625,0,0,3
1767764710.7503796,9124707774134530792,0,2,13,52,12,0,2,3,2,90199,4847.78955078125,0,0,3
1767764710.7503796,9124707774134530792,0,3,6,52,8,8,2,3,2,89789,4806.34765625,0,0,3
1767764710.7503796,9124707774134530792,0,4,4,52,3,12,2,3,2,89495,4793.0673828125,0,0,3
1767764710.7503796,9124707774134530792,0,5,15,52,20,0,2,3,2,90532,4854.94970703125,0,0,3
1767764710.7503796,9124707774134530792,0,6,10,52,15,1,2,3,2,90300,4840.35888671875,0,0,3
1767764710.7503796,9124707774134530792,0,7,18,51,19,0,3,3,2,90725,4799.23828125,0,0,4
1767764710.7503796,9124707774134530792,0,8,3,52,1,15,2,3,2,89213,4792.3017578125,0,0,3
1767764710.7503796,9124707774134530792,0,9,14,52,16,0,2,3,2,90412,4852.21533203125,0,0,3
1767764710.7503796,9124707774134530792,0,10,1,52,6,25,2,3,2,89254,4777.759765625,0,0,3
1767764710.7503796,9124707774134530792,0,11,19,38,4,0,2,4,3,90429,3625.40576171875,0,0,3
1767764710.7503796,9124707774134530792,0,12,12,52,14,0,2,3,2,90043,4847.08447265625,0,0,3
1767764710.7503796,9124707774134530792,0,13,2,52,5,18,2,3,2,89567,4786.0625,0,0,3
1767764710.7503796,9124707774134530792,0,14,17,51,11,0,2,3,2,90849,4779.8515625,0,0,3
1767764710.7503796,9124707774134530792,0,15,11,52,18,0,2,3,2,89968,4841.6103515625,0,0,3
1767764710.7503796,9124707774134530792,0,16,5,52,2,10,2,3,2,89630,4798.53369140625,0,0,3
1767764710.7503796,9124707774134530792,0,17,7,52,7,6,2,3,2,89520,4809.52978515625,0,0,3
1767764710.7503796,9124707774134530792,0,18,16,52,13,0,2,3,2,90794,4866.3095703125,0,0,3
1767764710.7503796,9124707774134530792,0,19,20,0,17,0,0,4,1,0,4957.805258860812,0,0,1
1767764710.7503796,9124707774134530792,0,20,0,0,0,0,0,0,0,0,0.0,0,0,0
1767764710.7503796,9124707774134530792,0,21,0,0,0,0,0,0,0,0,0.0,0,0,0
1767764715.7676997,9124707774134530792,0,0,9,52,9,2,2,3,2,90228,4836.7119140625,0,0,3
1767764715.7676997,9124707774134530792,0,1,8,52,10,4,2,3,2,90281,4833.1015625,0,0,3
1767764715.7676997,9124707774134530792,0,2,13,52,12,0,2,3,2,90199,4847.78955078125,0,0,3
1767764715.7676997,9124707774134530792,0,3,6,52,8,8,2,3,2,89789,4806.34765625,0,0,3
1767764715.7676997,9124707774134530792,0,4,4,52,3,12,2,3,2,89495,4793.0673828125,0,0,3
1767764715.7676997,9124707774134530792,0,5,15,52,20,0,2,3,2,90532,4854.94970703125,0,0,3
1767764715.7676997,9124707774134530792,0,6,10,52,15,1,2,3,2,90300,4840.35888671875,0,0,3
1767764715.7676997,9124707774134530792,0,7,18,51,19,0,3,3,2,90725,4799.23828125,0,0,4
1767764715.7676997,9124707774134530792,0,8,3,52,1,15,2,3,2,89213,4792.3017578125,0,0,3
1767764715.7676997,9124707774134530792,0,9,14,52,16,0,2,3,2,90412,4852.21533203125,0,0,3
1767764715.7676997,9124707774134530792,0,10,1,52,6,25,2,3,2,89254,4777.759765625,0,0,3
1767764715.7676997,9124707774134530792,0,11,19,38,4,0,2,4,3,90429,3625.40576171875,0,0,3
1767764715.7676997,9124707774134530792,0,12,12,52,14,0,2,3,2,90043,4847.08447265625,0,0,3
1767764715.7676997,9124707774134530792,0,13,2,52,5,18,2,3,2,89567,4786.0625,0,0,3
1767764715.7676997,9124707774134530792,0,14,17,51,11,0,2,3,2,90849,4779.8515625,0,0,3
1767764715.7676997,9124707774134530792,0,15,11,52,18,0,2,3,2,89968,4841.6103515625,0,0,3
1767764715.7676997,9124707774134530792,0,16,5,52,2,10,2,3,2,89630,4798.53369140625,0,0,3
1767764715.7676997,9124707774134530792,0,17,7,52,7,6,2,3,2,89520,4809.52978515625,0,0,3
1767764715.7676997,9124707774134530792,0,18,16,52,13,0,2,3,2,90794,4866.3095703125,0,0,3
1767764715.7676997,9124707774134530792,0,19,20,0,17,0,0,4,1,0,4957.805258860812,0,0,1
1767764715.7676997,9124707774134530792,0,20,0,0,0,0,0,0,0,0,0.0,0,0,0
1767764715.7676997,9124707774134530792,0,21,0,0,0,0,0,0,0,0,0.0,0,0,0
1767764720.7687309,9124707774134530792,0,0,9,52,9,2,2,3,2,90228,4836.7119140625,0,0,3
1767764720.7687309,9124707774134530792,0,1,8,52,10,4,2,3,2,90281,4833.1015625,0,0,3
1767764720.7687309,9124707774134530792,0,2,13,52,12,0,2,3,2,90199,4847.78955078125,0,0,3
1767764720.7687309,9124707774134530792,0,3,6,52,8,8,2,3,2,89789,4806.34765625,0,0,3
1767764720.7687309,9124707774134530792,0,4,4,52,3,12,2,3,2,89495,4793.0673828125,0,0,3
1767764720.7687309,9124707774134530792,0,5,15,52,20,0,2,3,2,90532,4854.94970703125,0,0,3
1767764720.7687309,9124707774134530792,0,6,10,52,15,1,2,3,2,90300,4840.35888671875,0,0,3
1767764720.7687309,9124707774134530792,0,7,18,51,19,0,3,3,2,90725,4799.23828125,0,0,4
1767764720.7687309,9124707774134530792,0,8,3,52,1,15,2,3,2,89213,4792.3017578125,0,0,3
1767764720.7687309,9124707774134530792,0,9,14,52,16,0,2,3,2,90412,4852.21533203125,0,0,3
1767764720.7687309,9124707774134530792,0,10,1,52,6,25,2,3,2,89254,4777.759765625,0,0,3
1767764720.7687309,9124707774134530792,0,11,19,38,4,0,2,4,3,90429,3625.40576171875,0,0,3
1767764720.7687309,9124707774134530792,0,12,12,52,14,0,2,3,2,90043,4847.08447265625,0,0,3
1767764720.7687309,9124707774134530792,0,13,2,52,5,18,2,3,2,89567,4786.0625,0,0,3
1767764720.7687309,9124707774134530792,0,14,17,51,11,0,2,3,2,90849,4779.8515625,0,0,3
1767764720.7687309,9124707774134530792,0,15,11,52,18,0,2,3,2,89968,4841.6103515625,0,0,3
1767764720.7687309,9124707774134530792,0,16,5,52,2,10,2,3,2,89630,4798.53369140625,0,0,3
1767764720.7687309,9124707774134530792,0,17,7,52,7,6,2,3,2,89520,4809.52978515625,0,0,3
1767764720.7687309,9124707774134530792,0,18,16,52,13,0,2,3,2,90794,4866.3095703125,0,0,3
1767764720.7687309,9124707774134530792,0,19,20,0,17,0,0,4,1,0,4957.805258860812,0,0,1
1767764720.7687309,9124707774134530792,0,20,0,0,0,0,0,0,0,0,0.0,0,0,0
1767764720.7687309,9124707774134530792,0,21,0,0,0,0,0,0,0,0,0.0,0,0,0
1767764725.7704597,9124707774134530792,0,0,9,52,9,2,2,3,2,90228,4836.7119140625,0,0,3
1767764725.7704597,9124707774134530792,0,1,8,52,10,4,2,3,2,90281,4833.1015625,0,0,3
1767764725.7704597,9124707774134530792,0,2,13,52,12,0,2,3,2,90199,4847.78955078125,0,0,3
1767764725.7704597,9124707774134530792,0,3,6,52,8,8,2,3,2,89789,4806.34765625,0,0,3
1767764725.7704597,9124707774134530792,0,4,4,52,3,12,2,3,2,89495,4793.0673828125,0,0,3
1767764725.7704597,9124707774134530792,0,5,15,52,20,0,2,3,2,90532,4854.94970703125,0,0,3
1767764725.7704597,9124707774134530792,0,6,10,52,15,1,2,3,2,90300,4840.35888671875,0,0,3
1767764725.7704597,9124707774134530792,0,7,18,51,19,0,3,3,2,90725,4799.23828125,0,0,4
1767764725.7704597,9124707774134530792,0,8,3,52,1,15,2,3,2,89213,4792.3017578125,0,0,3
1767764725.7704597,9124707774134530792,0,9,14,52,16,0,2,3,2,90412,4852.21533203125,0,0,3
1767764725.7704597,9124707774134530792,0,10,1,52,6,25,2,3,2,89254,4777.759765625,0,0,3
1767764725.7704597,9124707774134530792,0,11,19,38,4,0,2,4,3,90429,3625.40576171875,0,0,3
1767764725.7704597,9124707774134530792,0,12,12,52,14,0,2,3,2,90043,4847.08447265625,0,0,3
1767764725.7704597,9124707774134530792,0,13,2,52,5,18,2,3,2,89567,4786.0625,0,0,3
1767764725.7704597,9124707774134530792,0,14,17,51,11,0,2,3,2,90849,4779.8515625,0,0,3
1767764725.7704597,9124707774134530792,0,15,11,52,18,0,2,3,2,89968,4841.6103515625,0,0,3
1767764725.7704597,9124707774134530792,0,16,5,52,2,10,2,3,2,89630,4798.53369140625,0,0,3
1767764725.7704597,9124707774134530792,0,17,7,52,7,6,2,3,2,89520,4809.52978515625,0,0,3
1767764725.7704597,9124707774134530792,0,18,16,52,13,0,2,3,2,90794,4866.3095703125,0,0,3
1767764725.7704597,9124707774134530792,0,19,20,0,17,0,0,4,1,0,4957.805258860812,0,0,1
1767764725.7704597,9124707774134530792,0,20,0,0,0,0,0,0,0,0,0.0,0,0,0
1767764725.7704597,9124707774134530792,0,21,0,0,0,0,0,0,0,0,0.0,0,0,0
1767764730.7890468,9124707774134530792,0,0,9,52,9,2,2,3,2,90228,4836.7119140625,0,0,3
1767764730.7890468,9124707774134530792,0,1,8,52,10,4,2,3,2,90281,4833.1015625,0,0,3
1767764730.7890468,9124707774134530792,0,2,13,52,12,0,2,3,2,90199,4847.78955078125,0,0,3
1767764730.7890468,9124707774134530792,0,3,6,52,8,8,2,3,2,89789,4806.34765625,0,0,3
1767764730.7890468,9124707774134530792,0,4,4,52,3,12,2,3,2,89495,4793.0673828125,0,0,3
1767764730.7890468,9124707774134530792,0,5,15,52,20,0,2,3,2,90532,4854.94970703125,0,0,3
1767764730.7890468,9124707774134530792,0,6,10,52,15,1,2,3,2,90300,4840.35888671875,0,0,3
1767764730.7890468,9124707774134530792,0,7,18,51,19,0,3,3,2,90725,4799.23828125,0,0,4
1767764730.7890468,9124707774134530792,0,8,3,52,1,15,2,3,2,89213,4792.3017578125,0,0,3
1767764730.7890468,9124707774134530792,0,9,14,52,16,0,2,3,2,90412,4852.21533203125,0,0,3
1767764730.7890468,9124707774134530792,0,10,1,52,6,25,2,3,2,89254,4777.759765625,0,0,3
1767764730.7890468,9124707774134530792,0,11,19,38,4,0,2,4,3,90429,3625.40576171875,0,0,3
1767764730.7890468,9124707774134530792,0,12,12,52,14,0,2,3,2,90043,4847.08447265625,0,0,3
1767764730.7890468,9124707774134530792,0,13,2,52,5,18,2,3,2,89567,4786.0625,0,0,3
1767764730.7890468,9124707774134530792,0,14,17,51,11,0,2,3,2,90849,4779.8515625,0,0,3
1767764730.7890468,9124707774134530792,0,15,11,52,18,0,2,3,2,89968,4841.6103515625,0,0,3
1767764730.7890468,9124707774134530792,0,16,5,52,2,10,2,3,2,89630,4798.53369140625,0,0,3
1767764730.7890468,9124707774134530792,0,17,7,52,7,6,2,3,2,89520,4809.52978515625,0,0,3
1767764730.7890468,9124707774134530792,0,18,16,52,13,0,2,3,2,90794,4866.3095703125,0,0,3
1767764730.7890468,9124707774134530792,0,19,20,0,17,0,0,4,1,0,4957.805258860812,0,0,1
1767764730.7890468,9124707774134530792,0,20,0,0,0,0,0,0,0,0,0.0,0,0,0
1767764730.7890468,9124707774134530792,0,21,0,0,0,0,0,0,0,0,0.0,0,0,0
1767764735.791237,9124707774134530792,0,0,9,52,9,2,2,3,2,90228,4836.7119140625,0,0,3
1767764735.791237,9124707774134530792,0,1,8,52,10,4,2,3,2,90281,4833.1015625,0,0,3
1767764735.791237,9124707774134530792,0,2,13,52,12,0,2,3,2,90199,4847.78955078125,0,0,3
1767764735.791237,9124707774134530792,0,3,6,52,8,8,2,3,2,89789,4806.34765625,0,0,3
1767764735.791237,9124707774134530792,0,4,4,52,3,12,2,3,2,89495,4793.0673828125,0,0,3
1767764735.791237,9124707774134530792,0,5,15,52,20,0,2,3,2,90532,4854.94970703125,0,0,3
1767764735.791237,9124707774134530792,0,6,10,52,15,1,2,3,2,90300,4840.35888671875,0,0,3
1767764735.791237,9124707774134530792,0,7,18,51,19,0,3,3,2,90725,4799.23828125,0,0,4
1767764735.791237,9124707774134530792,0,8,3,52,1,15,2,3,2,89213,4792.3017578125,0,0,3
1767764735.791237,9124707774134530792,0,9,14,52,16,0,2,3,2,90412,4852.21533203125,0,0,3
1767764735.791237,9124707774134530792,0,10,1,52,6,25,2,3,2,89254,4777.759765625,0,0,3
1767764735.791237,9124707774134530792,0,11,19,38,4,0,2,4,3,90429,3625.40576171875,0,0,3
1767764735.791237,9124707774134530792,0,12,12,52,14,0,2,3,2,90043,4847.08447265625,0,0,3
1767764735.791237,9124707774134530792,0,13,2,52,5,18,2,3,2,89567,4786.0625,0,0,3
1767764735.791237,9124707774134530792,0,14,17,51,11,0,2,3,2,90849,4779.8515625,0,0,3
1767764735.791237,9124707774134530792,0,15,11,52,18,0,2,3,2,89968,4841.6103515625,0,0,3
1767764735.791237,9124707774134530792,0,16,5,52,2,10,2,3,2,89630,4798.53369140625,0,0,3
1767764735.791237,9124707774134530792,0,17,7,52,7,6,2,3,2,89520,4809.52978515625,0,0,3
1767764735.791237,9124707774134530792,0,18,16,52,13,0,2,3,2,90794,4866.3095703125,0,0,3
1767764735.791237,9124707774134530792,0,19,20,0,17,0,0,4,1,0,4957.805258860812,0,0,1
1767764735.791237,9124707774134530792,0,20,0,0,0,0,0,0,0,0,0.0,0,0,0
1767764735.791237,9124707774134530792,0,21,0,0,0,0,0,0,0,0,0.0,0,0,0
1767764740.8133538,9124707774134530792,0,0,9,52,9,2,2,3,2,90228,4836.7119140625,0,0,3
1767764740.8133538,9124707774134530792,0,1,8,52,10,4,2,3,2,90281,4833.1015625,0,0,3
1767764740.8133538,9124707774134530792,0,2,13,52,12,0,2,3,2,90199,4847.78955078125,0,0,3
1767764740.8133538,9124707774134530792,0,3,6,52,8,8,2,3,2,89789,4806.34765625,0,0,3
1767764740.8133538,9124707774134530792,0,4,4,52,3,12,2,3,2,89495,4793.0673828125,0,0,3
1767764740.8133538,9124707774134530792,0,5,15,52,20,0,2,3,2,90532,4854.94970703125,0,0,3
1767764740.8133538,9124707774134530792,0,6,10,52,15,1,2,3,2,90300,4840.35888671875,0,0,3
1767764740.8133538,9124707774134530792,0,7,18,51,19,0,3,3,2,90725,4799.23828125,0,0,4
1767764740.8133538,9124707774134530792,0,8,3,52,1,15,2,3,2,89213,4792.3017578125,0,0,3
1767764740.8133538,9124707774134530792,0,9,14,52,16,0,2,3,2,90412,4852.21533203125,0,0,3
1767764740.8133538,9124707774134530792,0,10,1,52,6,25,2,3,2,89254,4777.759765625,0,0,3
1767764740.8133538,9124707774134530792,0,11,19,38,4,0,2,4,3,90429,3625.40576171875,0,0,3
1767764740.8133538,9124707774134530792,0,12,12,52,14,0,2,3,2,90043,4847.08447265625,0,0,3
1767764740.8133538,9124707774134530792,0,13,2,52,5,18,2,3,2,89567,4786.0625,0,0,3
1767764740.8133538,9124707774134530792,0,14,17,51,11,0,2,3,2,90849,4779.8515625,0,0,3
1767764740.8133538,9124707774134530792,0,15,11,52,18,0,2,3,2,89968,4841.6103515625,0,0,3
1767764740.8133538,9124707774134530792,0,16,5,52,2,10,2,3,2,89630,4798.53369140625,0,0,3
1767764740.8133538,9124707774134530792,0,17,7,52,7,6,2,3,2,89520,4809.52978515625,0,0,3
1767764740.8133538,9124707774134530792,0,18,16,52,13,0,2,3,2,90794,4866.3095703125,0,0,3
1767764740.8133538,9124707774134530792,0,19,20,0,17,0,0,4,1,0,4957.805258860812,0,0,1
1767764740.8133538,9124707774134530792,0,20,0,0,0,0,0,0,0,0,0.0,0,0,0
1767764740.8133538,9124707774134530792,0,21,0,0,0,0,0,0,0,0,0.0,0,0,0
1767764745.830212,9124707774134530792,0,0,9,52,9,2,2,3,2,90228,4836.7119140625,0,0,3
1767764745.830212,9124707774134530792,0,1,8,52,10,4,2,3,2,90281,4833.1015625,0,0,3
1767764745.830212,9124707774134530792,0,2,13,52,12,0,2,3,2,90199,4847.78955078125,0,0,3
1767764745.830212,9124707774134530792,0,3,6,52,8,8,2,3,2,89789,4806.34765625,0,0,3
1767764745.830212,9124707774134530792,0,4,4,52,3,12,2,3,2,89495,4793.0673828125,0,0,3
1767764745.830212,9124707774134530792,0,5,15,52,20,0,2,3,2,90532,4854.94970703125,0,0,3
1767764745.830212,9124707774134530792,0,6,10,52,15,1,2,3,2,90300,4840.35888671875,0,0,3
1767764745.830212,9124707774134530792,0,7,18,51,19,0,3,3,2,90725,4799.23828125,0,0,4
1767764745.830212,9124707774134530792,0,8,3,52,1,15,2,3,2,89213,4792.3017578125,0,0,3
1767764745.830212,9124707774134530792,0,9,14,52,16,0,2,3,2,90412,4852.21533203125,0,0,3
1767764745.830212,9124707774134530792,0,10,1,52,6,25,2,3,2,89254,4777.759765625,0,0,3
1767764745.830212,9124707774134530792,0,11,19,38,4,0,2,4,3,90429,3625.40576171875,0,0,3
1767764745.830212,9124707774134530792,0,12,12,52,14,0,2,3,2,90043,4847.08447265625,0,0,3
1767764745.830212,9124707774134530792,0,13,2,52,5,18,2,3,2,89567,4786.0625,0,0,3
1767764745.830212,9124707774134530792,0,14,17,51,11,0,2,3,2,90849,4779.8515625,0,0,3
1767764745.830212,9124707774134530792,0,15,11,52,18,0,2,3,2,89968,4841.6103515625,0,0,3
1767764745.830212,9124707774134530792,0,16,5,52,2,10,2,3,2,89630,4798.53369140625,0,0,3
1767764745.830212,9124707774134530792,0,17,7,52,7,6,2,3,2,89520,4809.52978515625,0,0,3
1767764745.830212,9124707774134530792,0,18,16,52,13,0,2,3,2,90794,4866.3095703125,0,0,3
1767764745.830212,9124707774134530792,0,19,20,0,17,0,0,4,1,0,4957.805258860812,0,0,1
1767764745.830212,9124707774134530792,0,20,0,0,0,0,0,0,0,0,0.0,0,0,0
1767764745.830212,9124707774134530792,0,21,0,0,0,0,0,0,0,0,0.0,0,0,0
1767764750.8464327,9124707774134530792,0,0,9,52,9,2,2,3,2,90228,4836.7119140625,0,0,3
1767764750.8464327,9124707774134530792,0,1,8,52,10,4,2,3,2,90281,4833.1015625,0,0,3
1767764750.8464327,9124707774134530792,0,2,13,52,12,0,2,3,2,90199,4847.78955078125,0,0,3
1767764750.8464327,9124707774134530792,0,3,6,52,8,8,2,3,2,89789,4806.34765625,0,0,3
1767764750.8464327,9124707774134530792,0,4,4,52,3,12,2,3,2,89495,4793.0673828125,0,0,3
1767764750.8464327,9124707774134530792,0,5,15,52,20,0,2,3,2,90532,4854.94970703125,0,0,3
1767764750.8464327,9124707774134530792,0,6,10,52,15,1,2,3,2,90300,4840.35888671875,0,0,3
1767764750.8464327,9124707774134530792,0,7,18,51,19,0,3,3,2,90725,4799.23828125,0,0,4
1767764750.8464327,9124707774134530792,0,8,3,52,1,15,2,3,2,89213,4792.3017578125,0,0,3
1767764750.8464327,9124707774134530792,0,9,14,52,16,0,2,3,2,90412,4852.21533203125,0,0,3
1767764750.8464327,9124707774134530792,0,10,1,52,6,25,2,3,2,89254,4777.759765625,0,0,3
1767764750.8464327,9124707774134530792,0,11,19,38,4,0,2,4,3,90429,3625.40576171875,0,0,3
1767764750.8464327,9124707774134530792,0,12,12,52,14,0,2,3,2,90043,4847.08447265625,0,0,3
1767764750.8464327,9124707774134530792,0,13,2,52,5,18,2,3,2,89567,4786.0625,0,0,3
1767764750.8464327,9124707774134530792,0,14,17,51,11,0,2,3,2,90849,4779.8515625,0,0,3
1767764750.8464327,9124707774134530792,0,15,11,52,18,0,2,3,2,89968,4841.6103515625,0,0,3
1767764750.8464327,9124707774134530792,0,16,5,52,2,10,2,3,2,89630,4798.53369140625,0,0,3
1767764750.8464327,9124707774134530792,0,17,7,52,7,6,2,3,2,89520,4809.52978515625,0,0,3
1767764750.8464327,9124707774134530792,0,18,16,52,13,0,2,3,2,90794,4866.3095703125,0,0,3
1767764750.8464327,9124707774134530792,0,19,20,0,17,0,0,4,1,0,4957.805258860812,0,0,1
1767764750.8464327,9124707774134530792,0,20,0,0,0,0,0,0,0,0,0.0,0,0,0
1767764750.8464327,9124707774134530792,0,21,0,0,0,0,0,0,0,0,0.0,0,0,0
1767764755.8675263,9124707774134530792,0,0,9,52,9,2,2,3,2,90228,4836.7119140625,0,0,3
1767764755.8675263,9124707774134530792,0,1,8,52,10,4,2,3,2,90281,4833.1015625,0,0,3
1767764755.8675263,9124707774134530792,0,2,13,52,12,0,2,3,2,90199,4847.78955078125,0,0,3
1767764755.8675263,9124707774134530792,0,3,6,52,8,8,2,3,2,89789,4806.34765625,0,0,3
1767764755.8675263,9124707774134530792,0,4,4,52,3,12,2,3,2,89495,4793.0673828125,0,0,3
1767764755.8675263,9124707774134530792,0,5,15,52,20,0,2,3,2,90532,4854.94970703125,0,0,3
1767764755.8675263,9124707774134530792,0,6,10,52,15,1,2,3,2,90300,4840.35888671875,0,0,3
1767764755.8675263,9124707774134530792,0,7,18,51,19,0,3,3,2,90725,4799.23828125,0,0,4
1767764755.8675263,9124707774134530792,0,8,3,52,1,15,2,3,2,89213,4792.3017578125,0,0,3
1767764755.8675263,9124707774134530792,0,9,14,52,16,0,2,3,2,90412,4852.21533203125,0,0,3
1767764755.8675263,9124707774134530792,0,10,1,52,6,25,2,3,2,89254,4777.759765625,0,0,3
1767764755.8675263,9124707774134530792,0,11,19,38,4,0,2,4,3,90429,3625.40576171875,0,0,3
1767764755.8675263,9124707774134530792,0,12,12,52,14,0,2,3,2,90043,4847.08447265625,0,0,3
1767764755.8675263,9124707774134530792,0,13,2,52,5,18,2,3,2,89567,4786.0625,0,0,3
1767764755.8675263,9124707774134530792,0,14,17,51,11,0,2,3,2,90849,4779.8515625,0,0,3
1767764755.8675263,9124707774134530792,0,15,11,52,18,0,2,3,2,89968,4841.6103515625,0,0,3
1767764755.8675263,9124707774134530792,0,16,5,52,2,10,2,3,2,89630,4798.53369140625,0,0,3
1767764755.8675263,9124707774134530792,0,17,7,52,7,6,2,3,2,89520,4809.52978515625,0,0,3
1767764755.8675263,9124707774134530792,0,18,16,52,13,0,2,3,2,90794,4866.3095703125,0,0,3
1767764755.8675263,9124707774134530792,0,19,20,0,17,0,0,4,1,0,4957.805258860812,0,0,1
1767764755.8675263,9124707774134530792,0,20,0,0,0,0,0,0,0,0,0.0,0,0,0
1767764755.8675263,9124707774134530792,0,21,0,0,0,0,0,0,0,0,0.0,0,0,0
1767764760.8711762,9124707774134530792,0,0,9,52,9,2,2,3,2,90228,4836.7119140625,0,0,3
1767764760.8711762,9124707774134530792,0,1,8,52,10,4,2,3,2,90281,4833.1015625,0,0,3
1767764760.8711762,9124707774134530792,0,2,13,52,12,0,2,3,2,90199,4847.78955078125,0,0,3
1767764760.8711762,9124707774134530792,0,3,6,52,8,8,2,3,2,89789,4806.34765625,0,0,3
1767764760.8711762,9124707774134530792,0,4,4,52,3,12,2,3,2,89495,4793.0673828125,0,0,3
1767764760.8711762,9124707774134530792,0,5,15,52,20,0,2,3,2,90532,4854.94970703125,0,0,3
1767764760.8711762,9124707774134530792,0,6,10,52,15,1,2,3,2,90300,4840.35888671875,0,0,3
1767764760.8711762,9124707774134530792,0,7,18,51,19,0,3,3,2,90725,4799.23828125,0,0,4
1767764760.8711762,9124707774134530792,0,8,3,52,1,15,2,3,2,89213,4792.3017578125,0,0,3
1767764760.8711762,9124707774134530792,0,9,14,52,16,0,2,3,2,90412,4852.21533203125,0,0,3
1767764760.8711762,9124707774134530792,0,10,1,52,6,25,2,3,2,89254,4777.759765625,0,0,3
1767764760.8711762,9124707774134530792,0,11,19,38,4,0,2,4,3,90429,3625.40576171875,0,0,3
1767764760.8711762,9124707774134530792,0,12,12,52,14,0,2,3,2,90043,4847.08447265625,0,0,3
1767764760.8711762,9124707774134530792,0,13,2,52,5,18,2,3,2,89567,4786.0625,0,0,3
1767764760.8711762,9124707774134530792,0,14,17,51,11,0,2,3,2,90849,4779.8515625,0,0,3
1767764760.8711762,9124707774134530792,0,15,11,52,18,0,2,3,2,89968,4841.6103515625,0,0,3
1767764760.8711762,9124707774134530792,0,16,5,52,2,10,2,3,2,89630,4798.53369140625,0,0,3
1767764760.8711762,9124707774134530792,0,17,7,52,7,6,2,3,2,89520,4809.52978515625,0,0,3
1767764760.8711762,9124707774134530792,0,18,16,52,13,0,2,3,2,90794,4866.3095703125,0,0,3
1767764760.8711762,9124707774134530792,0,19,20,0,17,0,0,4,1,0,4957.805258860812,0,0,1
1767764760.8711762,9124707774134530792,0,20,0,0,0,0,0,0,0,0,0.0,0,0,0
1767764760.8711762,9124707774134530792,0,21,0,0,0,0,0,0,0,0,0.0,0,0,0
1767764765.8902717,9124707774134530792,0,0,9,52,9,2,2,3,2,90228,4836.7119140625,0,0,3
1767764765.8902717,9124707774134530792,0,1,8,52,10,4,2,3,2,90281,4833.1015625,0,0,3
1767764765.8902717,9124707774134530792,0,2,13,52,12,0,2,3,2,90199,4847.78955078125,0,0,3
1767764765.8902717,9124707774134530792,0,3,6,52,8,8,2,3,2,89789,4806.34765625,0,0,3
1767764765.8902717,9124707774134530792,0,4,4,52,3,12,2,3,2,89495,4793.0673828125,0,0,3
1767764765.8902717,9124707774134530792,0,5,15,52,20,0,2,3,2,90532,4854.94970703125,0,0,3
1767764765.8902717,9124707774134530792,0,6,10,52,15,1,2,3,2,90300,4840.35888671875,0,0,3
1767764765.8902717,9124707774134530792,0,7,18,51,19,0,3,3,2,90725,4799.23828125,0,0,4
1767764765.8902717,9124707774134530792,0,8,3,52,1,15,2,3,2,89213,4792.3017578125,0,0,3
1767764765.8902717,9124707774134530792,0,9,14,52,16,0,2,3,2,90412,4852.21533203125,0,0,3
1767764765.8902717,9124707774134530792,0,10,1,52,6,25,2,3,2,89254,4777.759765625,0,0,3
1767764765.8902717,9124707774134530792,0,11,19,38,4,0,2,4,3,90429,3625.40576171875,0,0,3
1767764765.8902717,9124707774134530792,0,12,12,52,14,0,2,3,2,90043,4847.08447265625,0,0,3
1767764765.8902717,9124707774134530792,0,13,2,52,5,18,2,3,2,89567,4786.0625,0,0,3
1767764765.8902717,9124707774134530792,0,14,17,51,11,0,2,3,2,90849,4779.8515625,0,0,3
1767764765.8902717,9124707774134530792,0,15,11,52,18,0,2,3,2,89968,4841.6103515625,0,0,3
1767764765.8902717,9124707774134530792,0,16,5,52,2,10,2,3,2,89630,4798.53369140625,0,0,3
1767764765.8902717,9124707774134530792,0,17,7,52,7,6,2,3,2,89520,4809.52978515625,0,0,3
1767764765.8902717,9124707774134530792,0,18,16,52,13,0,2,3,2,90794,4866.3095703125,0,0,3
1767764765.8902717,9124707774134530792,0,19,20,0,17,0,0,4,1,0,4957.805258860812,0,0,1
1767764765.8902717,9124707774134530792,0,20,0,0,0,0,0,0,0,0,0.0,0,0,0
1767764765.8902717,9124707774134530792,0,21,0,0,0,0,0,0,0,0,0.0,0,0,0
1767764770.9068797,9124707774134530792,0,0,9,52,9,2,2,3,2,90228,4836.7119140625,0,0,3
1767764770.9068797,9124707774134530792,0,1,8,52,10,4,2,3,2,90281,4833.1015625,0,0,3
1767764770.9068797,9124707774134530792,0,2,13,52,12,0,2,3,2,90199,4847.78955078125,0,0,3
1767764770.9068797,9124707774134530792,0,3,6,52,8,8,2,3,2,89789,4806.34765625,0,0,3
1767764770.9068797,9124707774134530792,0,4,4,52,3,12,2,3,2,89495,4793.0673828125,0,0,3
1767764770.9068797,9124707774134530792,0,5,15,52,20,0,2,3,2,90532,4854.94970703125,0,0,3
1767764770.9068797,9124707774134530792,0,6,10,52,15,1,2,3,2,90300,4840.35888671875,0,0,3
1767764770.9068797,9124707774134530792,0,7,18,51,19,0,3,3,2,90725,4799.23828125,0,0,4
1767764770.9068797,9124707774134530792,0,8,3,52,1,15,2,3,2,89213,4792.3017578125,0,0,3
1767764770.9068797,9124707774134530792,0,9,14,52,16,0,2,3,2,90412,4852.21533203125,0,0,3
1767764770.9068797,9124707774134530792,0,10,1,52,6,25,2,3,2,89254,4777.759765625,0,0,3
1767764770.9068797,9124707774134530792,0,11,19,38,4,0,2,4,3,90429,3625.40576171875,0,0,3
1767764770.9068797,9124707774134530792,0,12,12,52,14,0,2,3,2,90043,4847.08447265625,0,0,3
1767764770.9068797,9124707774134530792,0,13,2,52,5,18,2,3,2,89567,4786.0625,0,0,3
1767764770.9068797,9124707774134530792,0,14,17,51,11,0,2,3,2,90849,4779.8515625,0,0,3
1767764770.9068797,9124707774134530792,0,15,11,52,18,0,2,3,2,89968,4841.6103515625,0,0,3
1767764770.9068797,9124707774134530792,0,16,5,52,2,10,2,3,2,89630,4798.53369140625,0,0,3
1767764770.9068797,9124707774134530792,0,17,7,52,7,6,2,3,2,89520,4809.52978515625,0,0,3
1767764770.9068797,9124707774134530792,0,18,16,52,13,0,2,3,2,90794,4866.3095703125,0,0,3
1767764770.9068797,9124707774134530792,0,19,20,0,17,0,0,4,1,0,4957.805258860812,0,0,1
1767764770.9068797,9124707774134530792,0,20,0,0,0,0,0,0,0,0,0.0,0,0,0
1767764770.9068797,9124707774134530792,0,21,0,0,0,0,0,0,0,0,0.0,0,0,0
1767764775.9193263,9124707774134530792,0,0,9,52,9,2,2,3,2,90228,4836.7119140625,0,0,3
1767764775.9193263,9124707774134530792,0,1,8,52,10,4,2,3,2,90281,4833.1015625,0,0,3
1767764775.9193263,9124707774134530792,0,2,13,52,12,0,2,3,2,90199,4847.78955078125,0,0,3
1767764775.9193263,9124707774134530792,0,3,6,52,8,8,2,3,2,89789,4806.34765625,0,0,3
1767764775.9193263,9124707774134530792,0,4,4,52,3,12,2,3,2,89495,4793.0673828125,0,0,3
1767764775.9193263,9124707774134530792,0,5,15,52,20,0,2,3,2,90532,4854.94970703125,0,0,3
1767764775.9193263,9124707774134530792,0,6,10,52,15,1,2,3,2,90300,4840.35888671875,0,0,3
1767764775.9193263,9124707774134530792,0,7,18,51,19,0,3,3,2,90725,4799.23828125,0,0,4
1767764775.9193263,9124707774134530792,0,8,3,52,1,15,2,3,2,89213,4792.3017578125,0,0,3
1767764775.9193263,9124707774134530792,0,9,14,52,16,0,2,3,2,90412,4852.21533203125,0,0,3
1767764775.9193263,9124707774134530792,0,10,1,52,6,25,2,3,2,89254,4777.759765625,0,0,3
1767764775.9193263,9124707774134530792,0,11,19,38,4,0,2,4,3,90429,3625.40576171875,0,0,3
1767764775.9193263,9124707774134530792,0,12,12,52,14,0,2,3,2,90043,4847.08447265625,0,0,3
1767764775.9193263,9124707774134530792,0,13,2,52,5,18,2,3,2,89567,4786.0625,0,0,3
1767764775.9193263,9124707774134530792,0,14,17,51,11,0,2,3,2,90849,4779.8515625,0,0,3
1767764775.9193263,9124707774134530792,0,15,11,52,18,0,2,3,2,89968,4841.6103515625,0,0,3
1767764775.9193263,9124707774134530792,0,16,5,52,2,10,2,3,2,89630,4798.53369140625,0,0,3
1767764775.9193263,9124707774134530792,0,17,7,52,7,6,2,3,2,89520,4809.52978515625,0,0,3
1767764775.9193263,9124707774134530792,0,18,16,52,13,0,2,3,2,90794,4866.3095703125,0,0,3
1767764775.9193263,9124707774134530792,0,19,20,0,17,0,0,4,1,0,4957.805258860812,0,0,1
1767764775.9193263,9124707774134530792,0,20,0,0,0,0,0,0,0,0,0.0,0,0,0
1767764775.9193263,9124707774134530792,0,21,0,0,0,0,0,0,0,0,0.0,0,0,0
1767764780.939068,9124707774134530792,0,0,9,52,9,2,2,3,2,90228,4836.7119140625,0,0,3
1767764780.939068,9124707774134530792,0,1,8,52,10,4,2,3,2,90281,4833.1015625,0,0,3
1767764780.939068,9124707774134530792,0,2,13,52,12,0,2,3,2,90199,4847.78955078125,0,0,3
1767764780.939068,9124707774134530792,0,3,6,52,8,8,2,3,2,89789,4806.34765625,0,0,3
1767764780.939068,9124707774134530792,0,4,4,52,3,12,2,3,2,89495,4793.0673828125,0,0,3
1767764780.939068,9124707774134530792,0,5,15,52,20,0,2,3,2,90532,4854.94970703125,0,0,3
1767764780.939068,9124707774134530792,0,6,10,52,15,1,2,3,2,90300,4840.35888671875,0,0,3
1767764780.939068,9124707774134530792,0,7,18,51,19,0,3,3,2,90725,4799.23828125,0,0,4
1767764780.939068,9124707774134530792,0,8,3,52,1,15,2,3,2,89213,4792.3017578125,0,0,3
1767764780.939068,9124707774134530792,0,9,14,52,16,0,2,3,2,90412,4852.21533203125,0,0,3
1767764780.939068,9124707774134530792,0,10,1,52,6,25,2,3,2,89254,4777.759765625,0,0,3
1767764780.939068,9124707774134530792,0,11,19,38,4,0,2,4,3,90429,3625.40576171875,0,0,3
1767764780.939068,9124707774134530792,0,12,12,52,14,0,2,3,2,90043,4847.08447265625,0,0,3
1767764780.939068,9124707774134530792,0,13,2,52,5,18,2,3,2,89567,4786.0625,0,0,3
1767764780.939068,9124707774134530792,0,14,17,51,11,0,2,3,2,90849,4779.8515625,0,0,3
1767764780.939068,9124707774134530792,0,15,11,52,18,0,2,3,2,89968,4841.6103515625,0,0,3
1767764780.939068,9124707774134530792,0,16,5,52,2,10,2,3,2,89630,4798.53369140625,0,0,3
1767764780.939068,9124707774134530792,0,17,7,52,7,6,2,3,2,89520,4809.52978515625,0,0,3
1767764780.939068,9124707774134530792,0,18,16,52,13,0,2,3,2,90794,4866.3095703125,0,0,3
1767764780.939068,9124707774134530792,0,19,20,0,17,0,0,4,1,0,4957.805258860812,0,0,1
1767764780.939068,9124707774134530792,0,20,0,0,0,0,0,0,0,0,0.0,0,0,0
1767764780.939068,9124707774134530792,0,21,0,0,0,0,0,0,0,0,0.0,0,0,0
1767764785.9591677,9124707774134530792,0,0,9,52,9,2,2,3,2,90228,4836.7119140625,0,0,3
1767764785.9591677,9124707774134530792,0,1,8,52,10,4,2,3,2,90281,4833.1015625,0,0,3
1767764785.9591677,9124707774134530792,0,2,13,52,12,0,2,3,2,90199,4847.78955078125,0,0,3
1767764785.9591677,9124707774134530792,0,3,6,52,8,8,2,3,2,89789,4806.34765625,0,0,3
1767764785.9591677,9124707774134530792,0,4,4,52,3,12,2,3,2,89495,4793.0673828125,0,0,3
1767764785.9591677,9124707774134530792,0,5,15,52,20,0,2,3,2,90532,4854.94970703125,0,0,3
1767764785.9591677,9124707774134530792,0,6,10,52,15,1,2,3,2,90300,4840.35888671875,0,0,3
1767764785.9591677,9124707774134530792,0,7,18,51,19,0,3,3,2,90725,4799.23828125,0,0,4
1767764785.9591677,9124707774134530792,0,8,3,52,1,15,2,3,2,89213,4792.3017578125,0,0,3
1767764785.9591677,9124707774134530792,0,9,14,52,16,0,2,3,2,90412,4852.21533203125,0,0,3
1767764785.9591677,9124707774134530792,0,10,1,52,6,25,2,3,2,89254,4777.759765625,0,0,3
1767764785.9591677,9124707774134530792,0,11,19,38,4,0,2,4,3,90429,3625.40576171875,0,0,3
1767764785.9591677,9124707774134530792,0,12,12,52,14,0,2,3,2,90043,4847.08447265625,0,0,3
1767764785.9591677,9124707774134530792,0,13,2,52,5,18,2,3,2,89567,4786.0625,0,0,3
1767764785.9591677,9124707774134530792,0,14,17,51,11,0,2,3,2,90849,4779.8515625,0,0,3
1767764785.9591677,9124707774134530792,0,15,11,52,18,0,2,3,2,89968,4841.6103515625,0,0,3
1767764785.9591677,9124707774134530792,0,16,5,52,2,10,2,3,2,89630,4798.53369140625,0,0,3
1767764785.9591677,9124707774134530792,0,17,7,52,7,6,2,3,2,89520,4809.52978515625,0,0,3
1767764785.9591677,9124707774134530792,0,18,16,52,13,0,2,3,2,90794,4866.3095703125,0,0,3
1767764785.9591677,9124707774134530792,0,19,20,0,17,0,0,4,1,0,4957.805258860812,0,0,1
1767764785.9591677,9124707774134530792,0,20,0,0,0,0,0,0,0,0,0.0,0,0,0
1767764785.9591677,9124707774134530792,0,21,0,0,0,0,0,0,0,0,0.0,0,0,0
1767764790.9788613,9124707774134530792,0,0,9,52,9,2,2,3,2,90228,4836.7119140625,0,0,3
1767764790.9788613,9124707774134530792,0,1,8,52,10,4,2,3,2,90281,4833.1015625,0,0,3
1767764790.9788613,9124707774134530792,0,2,13,52,12,0,2,3,2,90199,4847.78955078125,0,0,3
1767764790.9788613,9124707774134530792,0,3,6,52,8,8,2,3,2,89789,4806.34765625,0,0,3
1767764790.9788613,9124707774134530792,0,4,4,52,3,12,2,3,2,89495,4793.0673828125,0,0,3
1767764790.9788613,9124707774134530792,0,5,15,52,20,0,2,3,2,90532,4854.94970703125,0,0,3
1767764790.9788613,9124707774134530792,0,6,10,52,15,1,2,3,2,90300,4840.35888671875,0,0,3
1767764790.9788613,9124707774134530792,0,7,18,51,19,0,3,3,2,90725,4799.23828125,0,0,4
1767764790.9788613,9124707774134530792,0,8,3,52,1,15,2,3,2,89213,4792.3017578125,0,0,3
1767764790.9788613,9124707774134530792,0,9,14,52,16,0,2,3,2,90412,4852.21533203125,0,0,3
1767764790.9788613,9124707774134530792,0,10,1,52,6,25,2,3,2,89254,4777.759765625,0,0,3
1767764790.9788613,9124707774134530792,0,11,19,38,4,0,2,4,3,90429,3625.40576171875,0,0,3
1767764790.9788613,9124707774134530792,0,12,12,52,14,0,2,3,2,90043,4847.08447265625,0,0,3
1767764790.9788613,9124707774134530792,0,13,2,52,5,18,2,3,2,89567,4786.0625,0,0,3
1767764790.9788613,9124707774134530792,0,14,17,51,11,0,2,3,2,90849,4779.8515625,0,0,3
1767764790.9788613,9124707774134530792,0,15,11,52,18,0,2,3,2,89968,4841.6103515625,0,0,3
1767764790.9788613,9124707774134530792,0,16,5,52,2,10,2,3,2,89630,4798.53369140625,0,0,3
1767764790.9788613,9124707774134530792,0,17,7,52,7,6,2,3,2,89520,4809.52978515625,0,0,3
1767764790.9788613,9124707774134530792,0,18,16,52,13,0,2,3,2,90794,4866.3095703125,0,0,3
1767764790.9788613,9124707774134530792,0,19,20,0,17,0,0,4,1,0,4957.805258860812,0,0,1
1767764790.9788613,9124707774134530792,0,20,0,0,0,0,0,0,0,0,0.0,0,0,0
1767764790.9788613,9124707774134530792,0,21,0,0,0,0,0,0,0,0,0.0,0,0,0
1767764795.9961338,9124707774134530792,0,0,9,52,9,2,2,3,2,90228,4836.7119140625,0,0,3
1767764795.9961338,9124707774134530792,0,1,8,52,10,4,2,3,2,90281,4833.1015625,0,0,3
1767764795.9961338,9124707774134530792,0,2,13,52,12,0,2,3,2,90199,4847.78955078125,0,0,3
1767764795.9961338,9124707774134530792,0,3,6,52,8,8,2,3,2,89789,4806.34765625,0,0,3
1767764795.9961338,9124707774134530792,0,4,4,52,3,12,2,3,2,89495,4793.0673828125,0,0,3
1767764795.9961338,9124707774134530792,0,5,15,52,20,0,2,3,2,90532,4854.94970703125,0,0,3
1767764795.9961338,9124707774134530792,0,6,10,52,15,1,2,3,2,90300,4840.35888671875,0,0,3
1767764795.9961338,9124707774134530792,0,7,18,51,19,0,3,3,2,90725,4799.23828125,0,0,4
1767764795.9961338,9124707774134530792,0,8,3,52,1,15,2,3,2,89213,4792.3017578125,0,0,3
1767764795.9961338,9124707774134530792,0,9,14,52,16,0,2,3,2,90412,4852.21533203125,0,0,3
1767764795.9961338,9124707774134530792,0,10,1,52,6,25,2,3,2,89254,4777.759765625,0,0,3
1767764795.9961338,9124707774134530792,0,11,19,38,4,0,2,4,3,90429,3625.40576171875,0,0,3
1767764795.9961338,9124707774134530792,0,12,12,52,14,0,2,3,2,90043,4847.08447265625,0,0,3
1767764795.9961338,9124707774134530792,0,13,2,52,5,18,2,3,2,89567,4786.0625,0,0,3
1767764795.9961338,9124707774134530792,0,14,17,51,11,0,2,3,2,90849,4779.8515625,0,0,3
1767764795.9961338,9124707774134530792,0,15,11,52,18,0,2,3,2,89968,4841.6103515625,0,0,3
1767764795.9961338,9124707774134530792,0,16,5,52,2,10,2,3,2,89630,4798.53369140625,0,0,3
1767764795.9961338,9124707774134530792,0,17,7,52,7,6,2,3,2,89520,4809.52978515625,0,0,3
1767764795.9961338,9124707774134530792,0,18,16,52,13,0,2,3,2,90794,4866.3095703125,0,0,3
1767764795.9961338,9124707774134530792,0,19,20,0,17,0,0,4,1,0,4957.805258860812,0,0,1
1767764795.9961338,9124707774134530792,0,20,0,0,0,0,0,0,0,0,0.0,0,0,0
1767764795.9961338,9124707774134530792,0,21,0,0,0,0,0,0,0,0,0.0,0,0,0
1767764800.997752,9124707774134530792,0,0,9,52,9,2,2,3,2,90228,4836.7119140625,0,0,3
1767764800.997752,9124707774134530792,0,1,8,52,10,4,2,3,2,90281,4833.1015625,0,0,3
1767764800.997752,9124707774134530792,0,2,13,52,12,0,2,3,2,90199,4847.78955078125,0,0,3
1767764800.997752,9124707774134530792,0,3,6,52,8,8,2,3,2,89789,4806.34765625,0,0,3
1767764800.997752,9124707774134530792,0,4,4,52,3,12,2,3,2,89495,4793.0673828125,0,0,3
1767764800.997752,9124707774134530792,0,5,15,52,20,0,2,3,2,90532,4854.94970703125,0,0,3
1767764800.997752,9124707774134530792,0,6,10,52,15,1,2,3,2,90300,4840.35888671875,0,0,3
1767764800.997752,9124707774134530792,0,7,18,51,19,0,3,3,2,90725,4799.23828125,0,0,4
1767764800.997752,9124707774134530792,0,8,3,52,1,15,2,3,2,89213,4792.3017578125,0,0,3
1767764800.997752,9124707774134530792,0,9,14,52,16,0,2,3,2,90412,4852.21533203125,0,0,3
1767764800.997752,9124707774134530792,0,10,1,52,6,25,2,3,2,89254,4777.759765625,0,0,3
1767764800.997752,9124707774134530792,0,11,19,38,4,0,2,4,3,90429,3625.40576171875,0,0,3
1767764800.997752,9124707774134530792,0,12,12,52,14,0,2,3,2,90043,4847.08447265625,0,0,3
1767764800.997752,9124707774134530792,0,13,2,52,5,18,2,3,2,89567,4786.0625,0,0,3
1767764800.997752,9124707774134530792,0,14,17,51,11,0,2,3,2,90849,4779.8515625,0,0,3
1767764800.997752,9124707774134530792,0,15,11,52,18,0,2,3,2,89968,4841.6103515625,0,0,3
1767764800.997752,9124707774134530792,0,16,5,52,2,10,2,3,2,89630,4798.53369140625,0,0,3
1767764800.997752,9124707774134530792,0,17,7,52,7,6,2,3,2,89520,4809.52978515625,0,0,3
1767764800.997752,9124707774134530792,0,18,16,52,13,0,2,3,2,90794,4866.3095703125,0,0,3
1767764800.997752,9124707774134530792,0,19,20,0,17,0,0,4,1,0,4957.805258860812,0,0,1
1767764800.997752,9124707774134530792,0,20,0,0,0,0,0,0,0,0,0.0,0,0,0
1767764800.997752,9124707774134530792,0,21,0,0,0,0,0,0,0,0,0.0,0,0,0
1767764806.0176365,9124707774134530792,0,0,9,52,9,2,2,3,2,90228,4836.7119140625,0,0,3
1767764806.0176365,9124707774134530792,0,1,8,52,10,4,2,3,2,90281,4833.1015625,0,0,3
1767764806.0176365,9124707774134530792,0,2,13,52,12,0,2,3,2,90199,4847.78955078125,0,0,3
1767764806.0176365,9124707774134530792,0,3,6,52,8,8,2,3,2,89789,4806.34765625,0,0,3
1767764806.0176365,9124707774134530792,0,4,4,52,3,12,2,3,2,89495,4793.0673828125,0,0,3
1767764806.0176365,9124707774134530792,0,5,15,52,20,0,2,3,2,90532,4854.94970703125,0,0,3
1767764806.0176365,9124707774134530792,0,6,10,52,15,1,2,3,2,90300,4840.35888671875,0,0,3
1767764806.0176365,9124707774134530792,0,7,18,51,19,0,3,3,2,90725,4799.23828125,0,0,4
1767764806.0176365,9124707774134530792,0,8,3,52,1,15,2,3,2,89213,4792.3017578125,0,0,3
1767764806.0176365,9124707774134530792,0,9,14,52,16,0,2,3,2,90412,4852.21533203125,0,0,3
1767764806.0176365,9124707774134530792,0,10,1,52,6,25,2,3,2,89254,4777.759765625,0,0,3
1767764806.0176365,9124707774134530792,0,11,19,38,4,0,2,4,3,90429,3625.40576171875,0,0,3
1767764806.0176365,9124707774134530792,0,12,12,52,14,0,2,3,2,90043,4847.08447265625,0,0,3
1767764806.0176365,9124707774134530792,0,13,2,52,5,18,2,3,2,89567,4786.0625,0,0,3
1767764806.0176365,9124707774134530792,0,14,17,51,11,0,2,3,2,90849,4779.8515625,0,0,3
1767764806.0176365,9124707774134530792,0,15,11,52,18,0,2,3,2,89968,4841.6103515625,0,0,3
1767764806.0176365,9124707774134530792,0,16,5,52,2,10,2,3,2,89630,4798.53369140625,0,0,3
1767764806.0176365,9124707774134530792,0,17,7,52,7,6,2,3,2,89520,4809.52978515625,0,0,3
1767764806.0176365,9124707774134530792,0,18,16,52,13,0,2,3,2,90794,4866.3095703125,0,0,3
1767764806.0176365,9124707774134530792,0,19,20,0,17,0,0,4,1,0,4957.805258860812,0,0,1
1767764806.0176365,9124707774134530792,0,20,0,0,0,0,0,0,0,0,0.0,0,0,0
1767764806.0176365,9124707774134530792,0,21,0,0,0,0,0,0,0,0,0.0,0,0,0
1767764811.0351012,9124707774134530792,0,0,9,52,9,2,2,3,2,90228,4836.7119140625,0,0,3
1767764811.0351012,9124707774134530792,0,1,8,52,10,4,2,3,2,90281,4833.1015625,0,0,3
1767764811.0351012,9124707774134530792,0,2,13,52,12,0,2,3,2,90199,4847.78955078125,0,0,3
1767764811.0351012,9124707774134530792,0,3,6,52,8,8,2,3,2,89789,4806.34765625,0,0,3
1767764811.0351012,9124707774134530792,0,4,4,52,3,12,2,3,2,89495,4793.0673828125,0,0,3
1767764811.0351012,9124707774134530792,0,5,15,52,20,0,2,3,2,90532,4854.94970703125,0,0,3
1767764811.0351012,9124707774134530792,0,6,10,52,15,1,2,3,2,90300,4840.35888671875,0,0,3
1767764811.0351012,9124707774134530792,0,7,18,51,19,0,3,3,2,90725,4799.23828125,0,0,4
1767764811.0351012,9124707774134530792,0,8,3,52,1,15,2,3,2,89213,4792.3017578125,0,0,3
1767764811.0351012,9124707774134530792,0,9,14,52,16,0,2,3,2,90412,4852.21533203125,0,0,3
1767764811.0351012,9124707774134530792,0,10,1,52,6,25,2,3,2,89254,4777.759765625,0,0,3
1767764811.0351012,9124707774134530792,0,11,19,38,4,0,2,4,3,90429,3625.40576171875,0,0,3
1767764811.0351012,9124707774134530792,0,12,12,52,14,0,2,3,2,90043,4847.08447265625,0,0,3
1767764811.0351012,9124707774134530792,0,13,2,52,5,18,2,3,2,89567,4786.0625,0,0,3
1767764811.0351012,9124707774134530792,0,14,17,51,11,0,2,3,2,90849,4779.8515625,0,0,3
1767764811.0351012,9124707774134530792,0,15,11,52,18,0,2,3,2,89968,4841.6103515625,0,0,3
1767764811.0351012,9124707774134530792,0,16,5,52,2,10,2,3,2,89630,4798.53369140625,0,0,3
1767764811.0351012,9124707774134530792,0,17,7,52,7,6,2,3,2,89520,4809.52978515625,0,0,3
1767764811.0351012,9124707774134530792,0,18,16,52,13,0,2,3,2,90794,4866.3095703125,0,0,3
1767764811.0351012,9124707774134530792,0,19,20,0,17,0,0,4,1,0,4957.805258860812,0,0,1
1767764811.0351012,9124707774134530792,0,20,0,0,0,0,0,0,0,0,0.0,0,0,0
1767764811.0351012,9124707774134530792,0,21,0,0,0,0,0,0,0,0,0.0,0,0,0
1767764816.055633,9124707774134530792,0,0,9,52,9,2,2,3,2,90228,4836.7119140625,0,0,3
1767764816.055633,9124707774134530792,0,1,8,52,10,4,2,3,2,90281,4833.1015625,0,0,3
1767764816.055633,9124707774134530792,0,2,13,52,12,0,2,3,2,90199,4847.78955078125,0,0,3
1767764816.055633,9124707774134530792,0,3,6,52,8,8,2,3,2,89789,4806.34765625,0,0,3
1767764816.055633,9124707774134530792,0,4,4,52,3,12,2,3,2,89495,4793.0673828125,0,0,3
1767764816.055633,9124707774134530792,0,5,15,52,20,0,2,3,2,90532,4854.94970703125,0,0,3
1767764816.055633,9124707774134530792,0,6,10,52,15,1,2,3,2,90300,4840.35888671875,0,0,3
1767764816.055633,9124707774134530792,0,7,18,51,19,0,3,3,2,90725,4799.23828125,0,0,4
1767764816.055633,9124707774134530792,0,8,3,52,1,15,2,3,2,89213,4792.3017578125,0,0,3
1767764816.055633,9124707774134530792,0,9,14,52,16,0,2,3,2,90412,4852.21533203125,0,0,3
1767764816.055633,9124707774134530792,0,10,1,52,6,25,2,3,2,89254,4777.759765625,0,0,3
1767764816.055633,9124707774134530792,0,11,19,38,4,0,2,4,3,90429,3625.40576171875,0,0,3
1767764816.055633,9124707774134530792,0,12,12,52,14,0,2,3,2,90043,4847.08447265625,0,0,3
1767764816.055633,9124707774134530792,0,13,2,52,5,18,2,3,2,89567,4786.0625,0,0,3
1767764816.055633,9124707774134530792,0,14,17,51,11,0,2,3,2,90849,4779.8515625,0,0,3
1767764816.055633,9124707774134530792,0,15,11,52,18,0,2,3,2,89968,4841.6103515625,0,0,3
1767764816.055633,9124707774134530792,0,16,5,52,2,10,2,3,2,89630,4798.53369140625,0,0,3
1767764816.055633,9124707774134530792,0,17,7,52,7,6,2,3,2,89520,4809.52978515625,0,0,3
1767764816.055633,9124707774134530792,0,18,16,52,13,0,2,3,2,90794,4866.3095703125,0,0,3
1767764816.055633,9124707774134530792,0,19,20,0,17,0,0,4,1,0,4957.805258860812,0,0,1
1767764816.055633,9124707774134530792,0,20,0,0,0,0,0,0,0,0,0.0,0,0,0
1767764816.055633,9124707774134530792,0,21,0,0,0,0,0,0,0,0,0.0,0,0,0
1767764821.0736809,9124707774134530792,0,0,9,52,9,2,2,3,2,90228,4836.7119140625,0,0,3
1767764821.0736809,9124707774134530792,0,1,8,52,10,4,2,3,2,90281,4833.1015625,0,0,3
1767764821.0736809,9124707774134530792,0,2,13,52,12,0,2,3,2,90199,4847.78955078125,0,0,3
1767764821.0736809,9124707774134530792,0,3,6,52,8,8,2,3,2,89789,4806.34765625,0,0,3
1767764821.0736809,9124707774134530792,0,4,4,52,3,12,2,3,2,89495,4793.0673828125,0,0,3
1767764821.0736809,9124707774134530792,0,5,15,52,20,0,2,3,2,90532,4854.94970703125,0,0,3
1767764821.0736809,9124707774134530792,0,6,10,52,15,1,2,3,2,90300,4840.35888671875,0,0,3
1767764821.0736809,9124707774134530792,0,7,18,51,19,0,3,3,2,90725,4799.23828125,0,0,4
1767764821.0736809,9124707774134530792,0,8,3,52,1,15,2,3,2,89213,4792.3017578125,0,0,3
1767764821.0736809,9124707774134530792,0,9,14,52,16,0,2,3,2,90412,4852.21533203125,0,0,3
1767764821.0736809,9124707774134530792,0,10,1,52,6,25,2,3,2,89254,4777.759765625,0,0,3
1767764821.0736809,9124707774134530792,0,11,19,38,4,0,2,4,3,90429,3625.40576171875,0,0,3
1767764821.0736809,9124707774134530792,0,12,12,52,14,0,2,3,2,90043,4847.08447265625,0,0,3
1767764821.0736809,9124707774134530792,0,13,2,52,5,18,2,3,2,89567,4786.0625,0,0,3
1767764821.0736809,9124707774134530792,0,14,17,51,11,0,2,3,2,90849,4779.8515625,0,0,3
1767764821.0736809,9124707774134530792,0,15,11,52,18,0,2,3,2,89968,4841.6103515625,0,0,3
1767764821.0736809,9124707774134530792,0,16,5,52,2,10,2,3,2,89630,4798.53369140625,0,0,3
1767764821.0736809,9124707774134530792,0,17,7,52,7,6,2,3,2,89520,4809.52978515625,0,0,3
1767764821.0736809,9124707774134530792,0,18,16,52,13,0,2,3,2,90794,4866.3095703125,0,0,3
1767764821.0736809,9124707774134530792,0,19,20,0,17,0,0,4,1,0,4957.805258860812,0,0,1
1767764821.0736809,9124707774134530792,0,20,0,0,0,0,0,0,0,0,0.0,0,0,0
1767764821.0736809,9124707774134530792,0,21,0,0,0,0,0,0,0,0,0.0,0,0,0
1767764826.0912962,9124707774134530792,0,0,9,52,9,2,2,3,2,90228,4836.7119140625,0,0,3
1767764826.0912962,9124707774134530792,0,1,8,52,10,4,2,3,2,90281,4833.1015625,0,0,3
1767764826.0912962,9124707774134530792,0,2,13,52,12,0,2,3,2,90199,4847.78955078125,0,0,3
1767764826.0912962,9124707774134530792,0,3,6,52,8,8,2,3,2,89789,4806.34765625,0,0,3
1767764826.0912962,9124707774134530792,0,4,4,52,3,12,2,3,2,89495,4793.0673828125,0,0,3
1767764826.0912962,9124707774134530792,0,5,15,52,20,0,2,3,2,90532,4854.94970703125,0,0,3
1767764826.0912962,9124707774134530792,0,6,10,52,15,1,2,3,2,90300,4840.35888671875,0,0,3
1767764826.0912962,9124707774134530792,0,7,18,51,19,0,3,3,2,90725,4799.23828125,0,0,4
1767764826.0912962,9124707774134530792,0,8,3,52,1,15,2,3,2,89213,4792.3017578125,0,0,3
1767764826.0912962,9124707774134530792,0,9,14,52,16,0,2,3,2,90412,4852.21533203125,0,0,3
1767764826.0912962,9124707774134530792,0,10,1,52,6,25,2,3,2,89254,4777.759765625,0,0,3
1767764826.0912962,9124707774134530792,0,11,19,38,4,0,2,4,3,90429,3625.40576171875,0,0,3
1767764826.0912962,9124707774134530792,0,12,12,52,14,0,2,3,2,90043,4847.08447265625,0,0,3
1767764826.0912962,9124707774134530792,0,13,2,52,5,18,2,3,2,89567,4786.0625,0,0,3
1767764826.0912962,9124707774134530792,0,14,17,51,11,0,2,3,2,90849,4779.8515625,0,0,3
1767764826.0912962,9124707774134530792,0,15,11,52,18,0,2,3,2,89968,4841.6103515625,0,0,3
1767764826.0912962,9124707774134530792,0,16,5,52,2,10,2,3,2,89630,4798.53369140625,0,0,3
1767764826.0912962,9124707774134530792,0,17,7,52,7,6,2,3,2,89520,4809.52978515625,0,0,3
1767764826.0912962,9124707774134530792,0,18,16,52,13,0,2,3,2,90794,4866.3095703125,0,0,3
1767764826.0912962,9124707774134530792,0,19,20,0,17,0,0,4,1,0,4957.805258860812,0,0,1
1767764826.0912962,9124707774134530792,0,20,0,0,0,0,0,0,0,0,0.0,0,0,0
1767764826.0912962,9124707774134530792,0,21,0,0,0,0,0,0,0,0,0.0,0,0,0
1767764831.0944102,9124707774134530792,0,0,9,52,9,2,2,3,2,90228,4836.7119140625,0,0,3
1767764831.0944102,9124707774134530792,0,1,8,52,10,4,2,3,2,90281,4833.1015625,0,0,3
1767764831.0944102,9124707774134530792,0,2,13,52,12,0,2,3,2,90199,4847.78955078125,0,0,3
1767764831.0944102,9124707774134530792,0,3,6,52,8,8,2,3,2,89789,4806.34765625,0,0,3
1767764831.0944102,9124707774134530792,0,4,4,52,3,12,2,3,2,89495,4793.0673828125,0,0,3
1767764831.0944102,9124707774134530792,0,5,15,52,20,0,2,3,2,90532,4854.94970703125,0,0,3
1767764831.0944102,9124707774134530792,0,6,10,52,15,1,2,3,2,90300,4840.35888671875,0,0,3
1767764831.0944102,9124707774134530792,0,7,18,51,19,0,3,3,2,90725,4799.23828125,0,0,4
1767764831.0944102,9124707774134530792,0,8,3,52,1,15,2,3,2,89213,4792.3017578125,0,0,3
1767764831.0944102,9124707774134530792,0,9,14,52,16,0,2,3,2,90412,4852.21533203125,0,0,3
1767764831.0944102,9124707774134530792,0,10,1,52,6,25,2,3,2,89254,4777.759765625,0,0,3
1767764831.0944102,9124707774134530792,0,11,19,38,4,0,2,4,3,90429,3625.40576171875,0,0,3
1767764831.0944102,9124707774134530792,0,12,12,52,14,0,2,3,2,90043,4847.08447265625,0,0,3
1767764831.0944102,9124707774134530792,0,13,2,52,5,18,2,3,2,89567,4786.0625,0,0,3
1767764831.0944102,9124707774134530792,0,14,17,51,11,0,2,3,2,90849,4779.8515625,0,0,3
1767764831.0944102,9124707774134530792,0,15,11,52,18,0,2,3,2,89968,4841.6103515625,0,0,3
1767764831.0944102,9124707774134530792,0,16,5,52,2,10,2,3,2,89630,4798.53369140625,0,0,3
1767764831.0944102,9124707774134530792,0,17,7,52,7,6,2,3,2,89520,4809.52978515625,0,0,3
1767764831.0944102,9124707774134530792,0,18,16,52,13,0,2,3,2,90794,4866.3095703125,0,0,3
1767764831.0944102,9124707774134530792,0,19,20,0,17,0,0,4,1,0,4957.805258860812,0,0,1
1767764831.0944102,9124707774134530792,0,20,0,0,0,0,0,0,0,0,0.0,0,0,0
1767764831.0944102,9124707774134530792,0,21,0,0,0,0,0,0,0,0,0.0,0,0,0
1767764836.098574,9124707774134530792,0,0,9,52,9,2,2,3,2,90228,4836.7119140625,0,0,3
1767764836.098574,9124707774134530792,0,1,8,52,10,4,2,3,2,90281,4833.1015625,0,0,3
1767764836.098574,9124707774134530792,0,2,13,52,12,0,2,3,2,90199,4847.78955078125,0,0,3
1767764836.098574,9124707774134530792,0,3,6,52,8,8,2,3,2,89789,4806.34765625,0,0,3
1767764836.098574,9124707774134530792,0,4,4,52,3,12,2,3,2,89495,4793.0673828125,0,0,3
1767764836.098574,9124707774134530792,0,5,15,52,20,0,2,3,2,90532,4854.94970703125,0,0,3
1767764836.098574,9124707774134530792,0,6,10,52,15,1,2,3,2,90300,4840.35888671875,0,0,3
1767764836.098574,9124707774134530792,0,7,18,51,19,0,3,3,2,90725,4799.23828125,0,0,4
1767764836.098574,9124707774134530792,0,8,3,52,1,15,2,3,2,89213,4792.3017578125,0,0,3
1767764836.098574,9124707774134530792,0,9,14,52,16,0,2,3,2,90412,4852.21533203125,0,0,3
1767764836.098574,9124707774134530792,0,10,1,52,6,25,2,3,2,89254,4777.759765625,0,0,3
1767764836.098574,9124707774134530792,0,11,19,38,4,0,2,4,3,90429,3625.40576171875,0,0,3
1767764836.098574,9124707774134530792,0,12,12,52,14,0,2,3,2,90043,4847.08447265625,0,0,3
1767764836.098574,9124707774134530792,0,13,2,52,5,18,2,3,2,89567,4786.0625,0,0,3
1767764836.098574,9124707774134530792,0,14,17,51,11,0,2,3,2,90849,4779.8515625,0,0,3
1767764836.098574,9124707774134530792,0,15,11,52,18,0,2,3,2,89968,4841.6103515625,0,0,3
1767764836.098574,9124707774134530792,0,16,5,52,2,10,2,3,2,89630,4798.53369140625,0,0,3
1767764836.098574,9124707774134530792,0,17,7,52,7,6,2,3,2,89520,4809.52978515625,0,0,3
1767764836.098574,9124707774134530792,0,18,16,52,13,0,2,3,2,90794,4866.3095703125,0,0,3
1767764836.098574,9124707774134530792,0,19,20,0,17,0,0,4,1,0,4957.805258860812,0,0,1
1767764836.098574,9124707774134530792,0,20,0,0,0,0,0,0,0,0,0.0,0,0,0
1767764836.098574,9124707774134530792,0,21,0,0,0,0,0,0,0,0,0.0,0,0,0
1767764841.1166234,9124707774134530792,0,0,9,52,9,2,2,3,2,90228,4836.7119140625,0,0,3
1767764841.1166234,9124707774134530792,0,1,8,52,10,4,2,3,2,90281,4833.1015625,0,0,3
1767764841.1166234,9124707774134530792,0,2,13,52,12,0,2,3,2,90199,4847.78955078125,0,0,3
1767764841.1166234,9124707774134530792,0,3,6,52,8,8,2,3,2,89789,4806.34765625,0,0,3
1767764841.1166234,9124707774134530792,0,4,4,52,3,12,2,3,2,89495,4793.0673828125,0,0,3
1767764841.1166234,9124707774134530792,0,5,15,52,20,0,2,3,2,90532,4854.94970703125,0,0,3
1767764841.1166234,9124707774134530792,0,6,10,52,15,1,2,3,2,90300,4840.35888671875,0,0,3
1767764841.1166234,9124707774134530792,0,7,18,51,19,0,3,3,2,90725,4799.23828125,0,0,4
1767764841.1166234,9124707774134530792,0,8,3,52,1,15,2,3,2,89213,4792.3017578125,0,0,3
1767764841.1166234,9124707774134530792,0,9,14,52,16,0,2,3,2,90412,4852.21533203125,0,0,3
1767764841.1166234,9124707774134530792,0,10,1,52,6,25,2,3,2,89254,4777.759765625,0,0,3
1767764841.1166234,9124707774134530792,0,11,19,38,4,0,2,4,3,90429,3625.40576171875,0,0,3
1767764841.1166234,9124707774134530792,0,12,12,52,14,0,2,3,2,90043,4847.08447265625,0,0,3
1767764841.1166234,9124707774134530792,0,13,2,52,5,18,2,3,2,89567,4786.0625,0,0,3
1767764841.1166234,9124707774134530792,0,14,17,51,11,0,2,3,2,90849,4779.8515625,0,0,3
1767764841.1166234,9124707774134530792,0,15,11,52,18,0,2,3,2,89968,4841.6103515625,0,0,3
1767764841.1166234,9124707774134530792,0,16,5,52,2,10,2,3,2,89630,4798.53369140625,0,0,3
1767764841.1166234,9124707774134530792,0,17,7,52,7,6,2,3,2,89520,4809.52978515625,0,0,3
1767764841.1166234,9124707774134530792,0,18,16,52,13,0,2,3,2,90794,4866.3095703125,0,0,3
1767764841.1166234,9124707774134530792,0,19,20,0,17,0,0,4,1,0,4957.805258860812,0,0,1
1767764841.1166234,9124707774134530792,0,20,0,0,0,0,0,0,0,0,0.0,0,0,0
1767764841.1166234,9124707774134530792,0,21,0,0,0,0,0,0,0,0,0.0,0,0,0
1767764846.1349952,9124707774134530792,0,0,9,52,9,2,2,3,2,90228,4836.7119140625,0,0,3
1767764846.1349952,9124707774134530792,0,1,8,52,10,4,2,3,2,90281,4833.1015625,0,0,3
1767764846.1349952,9124707774134530792,0,2,13,52,12,0,2,3,2,90199,4847.78955078125,0,0,3
1767764846.1349952,9124707774134530792,0,3,6,52,8,8,2,3,2,89789,4806.34765625,0,0,3
1767764846.1349952,9124707774134530792,0,4,4,52,3,12,2,3,2,89495,4793.0673828125,0,0,3
1767764846.1349952,9124707774134530792,0,5,15,52,20,0,2,3,2,90532,4854.94970703125,0,0,3
1767764846.1349952,9124707774134530792,0,6,10,52,15,1,2,3,2,90300,4840.35888671875,0,0,3
1767764846.1349952,9124707774134530792,0,7,18,51,19,0,3,3,2,90725,4799.23828125,0,0,4
1767764846.1349952,9124707774134530792,0,8,3,52,1,15,2,3,2,89213,4792.3017578125,0,0,3
1767764846.1349952,9124707774134530792,0,9,14,52,16,0,2,3,2,90412,4852.21533203125,0,0,3
1767764846.1349952,9124707774134530792,0,10,1,52,6,25,2,3,2,89254,4777.759765625,0,0,3
1767764846.1349952,9124707774134530792,0,11,19,38,4,0,2,4,3,90429,3625.40576171875,0,0,3
1767764846.1349952,9124707774134530792,0,12,12,52,14,0,2,3,2,90043,4847.08447265625,0,0,3
1767764846.1349952,9124707774134530792,0,13,2,52,5,18,2,3,2,89567,4786.0625,0,0,3
1767764846.1349952,9124707774134530792,0,14,17,51,11,0,2,3,2,90849,4779.8515625,0,0,3
1767764846.1349952,9124707774134530792,0,15,11,52,18,0,2,3,2,89968,4841.6103515625,0,0,3
1767764846.1349952,9124707774134530792,0,16,5,52,2,10,2,3,2,89630,4798.53369140625,0,0,3
1767764846.1349952,9124707774134530792,0,17,7,52,7,6,2,3,2,89520,4809.52978515625,0,0,3
1767764846.1349952,9124707774134530792,0,18,16,52,13,0,2,3,2,90794,4866.3095703125,0,0,3
1767764846.1349952,9124707774134530792,0,19,20,0,17,0,0,4,1,0,4957.805258860812,0,0,1
1767764846.1349952,9124707774134530792,0,20,0,0,0,0,0,0,0,0,0.0,0,0,0
1767764846.1349952,9124707774134530792,0,21,0,0,0,0,0,0,0,0,0.0,0,0,0
1767764851.15024,9124707774134530792,0,0,9,52,9,2,2,3,2,90228,4836.7119140625,0,0,3
1767764851.15024,9124707774134530792,0,1,8,52,10,4,2,3,2,90281,4833.1015625,0,0,3
1767764851.15024,9124707774134530792,0,2,13,52,12,0,2,3,2,90199,4847.78955078125,0,0,3
1767764851.15024,9124707774134530792,0,3,6,52,8,8,2,3,2,89789,4806.34765625,0,0,3
1767764851.15024,9124707774134530792,0,4,4,52,3,12,2,3,2,89495,4793.0673828125,0,0,3
1767764851.15024,9124707774134530792,0,5,15,52,20,0,2,3,2,90532,4854.94970703125,0,0,3
1767764851.15024,9124707774134530792,0,6,10,52,15,1,2,3,2,90300,4840.35888671875,0,0,3
1767764851.15024,9124707774134530792,0,7,18,51,19,0,3,3,2,90725,4799.23828125,0,0,4
1767764851.15024,9124707774134530792,0,8,3,52,1,15,2,3,2,89213,4792.3017578125,0,0,3
1767764851.15024,9124707774134530792,0,9,14,52,16,0,2,3,2,90412,4852.21533203125,0,0,3
1767764851.15024,9124707774134530792,0,10,1,52,6,25,2,3,2,89254,4777.759765625,0,0,3
1767764851.15024,9124707774134530792,0,11,19,38,4,0,2,4,3,90429,3625.40576171875,0,0,3
1767764851.15024,9124707774134530792,0,12,12,52,14,0,2,3,2,90043,4847.08447265625,0,0,3
1767764851.15024,9124707774134530792,0,13,2,52,5,18,2,3,2,89567,4786.0625,0,0,3
1767764851.15024,9124707774134530792,0,14,17,51,11,0,2,3,2,90849,4779.8515625,0,0,3
1767764851.15024,9124707774134530792,0,15,11,52,18,0,2,3,2,89968,4841.6103515625,0,0,3
1767764851.15024,9124707774134530792,0,16,5,52,2,10,2,3,2,89630,4798.53369140625,0,0,3
1767764851.15024,9124707774134530792,0,17,7,52,7,6,2,3,2,89520,4809.52978515625,0,0,3
1767764851.15024,9124707774134530792,0,18,16,52,13,0,2,3,2,90794,4866.3095703125,0,0,3
1767764851.15024,9124707774134530792,0,19,20,0,17,0,0,4,1,0,4957.805258860812,0,0,1
1767764851.15024,9124707774134530792,0,20,0,0,0,0,0,0,0,0,0.0,0,0,0
1767764851.15024,9124707774134530792,0,21,0,0,0,0,0,0,0,0,0.0,0,0,0
1767764856.1649218,9124707774134530792,0,0,9,52,9,2,2,3,2,90228,4836.7119140625,0,0,3
1767764856.1649218,9124707774134530792,0,1,8,52,10,4,2,3,2,90281,4833.1015625,0,0,3
1767764856.1649218,9124707774134530792,0,2,13,52,12,0,2,3,2,90199,4847.78955078125,0,0,3
1767764856.1649218,9124707774134530792,0,3,6,52,8,8,2,3,2,89789,4806.34765625,0,0,3
1767764856.1649218,9124707774134530792,0,4,4,52,3,12,2,3,2,89495,4793.0673828125,0,0,3
1767764856.1649218,9124707774134530792,0,5,15,52,20,0,2,3,2,90532,4854.94970703125,0,0,3
1767764856.1649218,9124707774134530792,0,6,10,52,15,1,2,3,2,90300,4840.35888671875,0,0,3
1767764856.1649218,9124707774134530792,0,7,18,51,19,0,3,3,2,90725,4799.23828125,0,0,4
1767764856.1649218,9124707774134530792,0,8,3,52,1,15,2,3,2,89213,4792.3017578125,0,0,3
1767764856.1649218,9124707774134530792,0,9,14,52,16,0,2,3,2,90412,4852.21533203125,0,0,3
1767764856.1649218,9124707774134530792,0,10,1,52,6,25,2,3,2,89254,4777.759765625,0,0,3
1767764856.1649218,9124707774134530792,0,11,19,38,4,0,2,4,3,90429,3625.40576171875,0,0,3
1767764856.1649218,9124707774134530792,0,12,12,52,14,0,2,3,2,90043,4847.08447265625,0,0,3
1767764856.1649218,9124707774134530792,0,13,2,52,5,18,2,3,2,89567,4786.0625,0,0,3
1767764856.1649218,9124707774134530792,0,14,17,51,11,0,2,3,2,90849,4779.8515625,0,0,3
1767764856.1649218,9124707774134530792,0,15,11,52,18,0,2,3,2,89968,4841.6103515625,0,0,3
1767764856.1649218,9124707774134530792,0,16,5,52,2,10,2,3,2,89630,4798.53369140625,0,0,3
1767764856.1649218,9124707774134530792,0,17,7,52,7,6,2,3,2,89520,4809.52978515625,0,0,3
1767764856.1649218,9124707774134530792,0,18,16,52,13,0,2,3,2,90794,4866.3095703125,0,0,3
1767764856.1649218,9124707774134530792,0,19,20,0,17,0,0,4,1,0,4957.805258860812,0,0,1
1767764856.1649218,9124707774134530792,0,20,0,0,0,0,0,0,0,0,0.0,0,0,0
1767764856.1649218,9124707774134530792,0,21,0,0,0,0,0,0,0,0,0.0,0,0,0
1767764861.1837454,9124707774134530792,0,0,9,52,9,2,2,3,2,90228,4836.7119140625,0,0,3
1767764861.1837454,9124707774134530792,0,1,8,52,10,4,2,3,2,90281,4833.1015625,0,0,3
1767764861.1837454,9124707774134530792,0,2,13,52,12,0,2,3,2,90199,4847.78955078125,0,0,3
1767764861.1837454,9124707774134530792,0,3,6,52,8,8,2,3,2,89789,4806.34765625,0,0,3
1767764861.1837454,9124707774134530792,0,4,4,52,3,12,2,3,2,89495,4793.0673828125,0,0,3
1767764861.1837454,9124707774134530792,0,5,15,52,20,0,2,3,2,90532,4854.94970703125,0,0,3
1767764861.1837454,9124707774134530792,0,6,10,52,15,1,2,3,2,90300,4840.35888671875,0,0,3
1767764861.1837454,9124707774134530792,0,7,18,51,19,0,3,3,2,90725,4799.23828125,0,0,4
1767764861.1837454,9124707774134530792,0,8,3,52,1,15,2,3,2,89213,4792.3017578125,0,0,3
1767764861.1837454,9124707774134530792,0,9,14,52,16,0,2,3,2,90412,4852.21533203125,0,0,3
1767764861.1837454,9124707774134530792,0,10,1,52,6,25,2,3,2,89254,4777.759765625,0,0,3
1767764861.1837454,9124707774134530792,0,11,19,38,4,0,2,4,3,90429,3625.40576171875,0,0,3
1767764861.1837454,9124707774134530792,0,12,12,52,14,0,2,3,2,90043,4847.08447265625,0,0,3
1767764861.1837454,9124707774134530792,0,13,2,52,5,18,2,3,2,89567,4786.0625,0,0,3
1767764861.1837454,9124707774134530792,0,14,17,51,11,0,2,3,2,90849,4779.8515625,0,0,3
1767764861.1837454,9124707774134530792,0,15,11,52,18,0,2,3,2,89968,4841.6103515625,0,0,3
1767764861.1837454,9124707774134530792,0,16,5,52,2,10,2,3,2,89630,4798.53369140625,0,0,3
1767764861.1837454,9124707774134530792,0,17,7,52,7,6,2,3,2,89520,4809.52978515625,0,0,3
1767764861.1837454,9124707774134530792,0,18,16,52,13,0,2,3,2,90794,4866.3095703125,0,0,3
1767764861.1837454,9124707774134530792,0,19,20,0,17,0,0,4,1,0,4957.805258860812,0,0,1
1767764861.1837454,9124707774134530792,0,20,0,0,0,0,0,0,0,0,0.0,0,0,0
1767764861.1837454,9124707774134530792,0,21,0,0,0,0,0,0,0,0,0.0,0,0,0
1767764866.2001097,9124707774134530792,0,0,9,52,9,2,2,3,2,90228,4836.7119140625,0,0,3
1767764866.2001097,9124707774134530792,0,1,8,52,10,4,2,3,2,90281,4833.1015625,0,0,3
1767764866.2001097,9124707774134530792,0,2,13,52,12,0,2,3,2,90199,4847.78955078125,0,0,3
1767764866.2001097,9124707774134530792,0,3,6,52,8,8,2,3,2,89789,4806.34765625,0,0,3
1767764866.2001097,9124707774134530792,0,4,4,52,3,12,2,3,2,89495,4793.0673828125,0,0,3
1767764866.2001097,9124707774134530792,0,5,15,52,20,0,2,3,2,90532,4854.94970703125,0,0,3
1767764866.2001097,9124707774134530792,0,6,10,52,15,1,2,3,2,90300,4840.35888671875,0,0,3
1767764866.2001097,9124707774134530792,0,7,18,51,19,0,3,3,2,90725,4799.23828125,0,0,4
1767764866.2001097,9124707774134530792,0,8,3,52,1,15,2,3,2,89213,4792.3017578125,0,0,3
1767764866.2001097,9124707774134530792,0,9,14,52,16,0,2,3,2,90412,4852.21533203125,0,0,3
1767764866.2001097,9124707774134530792,0,10,1,52,6,25,2,3,2,89254,4777.759765625,0,0,3
1767764866.2001097,9124707774134530792,0,11,19,38,4,0,2,4,3,90429,3625.40576171875,0,0,3
1767764866.2001097,9124707774134530792,0,12,12,52,14,0,2,3,2,90043,4847.08447265625,0,0,3
1767764866.2001097,9124707774134530792,0,13,2,52,5,18,2,3,2,89567,4786.0625,0,0,3
1767764866.2001097,9124707774134530792,0,14,17,51,11,0,2,3,2,90849,4779.8515625,0,0,3
1767764866.2001097,9124707774134530792,0,15,11,52,18,0,2,3,2,89968,4841.6103515625,0,0,3
1767764866.2001097,9124707774134530792,0,16,5,52,2,10,2,3,2,89630,4798.53369140625,0,0,3
1767764866.2001097,9124707774134530792,0,17,7,52,7,6,2,3,2,89520,4809.52978515625,0,0,3
1767764866.2001097,9124707774134530792,0,18,16,52,13,0,2,3,2,90794,4866.3095703125,0,0,3
1767764866.2001097,9124707774134530792,0,19,20,0,17,0,0,4,1,0,4957.805258860812,0,0,1
1767764866.2001097,9124707774134530792,0,20,0,0,0,0,0,0,0,0,0.0,0,0,0
1767764866.2001097,9124707774134530792,0,21,0,0,0,0,0,0,0,0,0.0,0,0,0
1767764871.2199192,9124707774134530792,0,0,9,52,9,2,2,3,2,90228,4836.7119140625,0,0,3
1767764871.2199192,9124707774134530792,0,1,8,52,10,4,2,3,2,90281,4833.1015625,0,0,3
1767764871.2199192,9124707774134530792,0,2,13,52,12,0,2,3,2,90199,4847.78955078125,0,0,3
1767764871.2199192,9124707774134530792,0,3,6,52,8,8,2,3,2,89789,4806.34765625,0,0,3
1767764871.2199192,9124707774134530792,0,4,4,52,3,12,2,3,2,89495,4793.0673828125,0,0,3
1767764871.2199192,9124707774134530792,0,5,15,52,20,0,2,3,2,90532,4854.94970703125,0,0,3
1767764871.2199192,9124707774134530792,0,6,10,52,15,1,2,3,2,90300,4840.35888671875,0,0,3
1767764871.2199192,9124707774134530792,0,7,18,51,19,0,3,3,2,90725,4799.23828125,0,0,4
1767764871.2199192,9124707774134530792,0,8,3,52,1,15,2,3,2,89213,4792.3017578125,0,0,3
1767764871.2199192,9124707774134530792,0,9,14,52,16,0,2,3,2,90412,4852.21533203125,0,0,3
1767764871.2199192,9124707774134530792,0,10,1,52,6,25,2,3,2,89254,4777.759765625,0,0,3
1767764871.2199192,9124707774134530792,0,11,19,38,4,0,2,4,3,90429,3625.40576171875,0,0,3
1767764871.2199192,9124707774134530792,0,12,12,52,14,0,2,3,2,90043,4847.08447265625,0,0,3
1767764871.2199192,9124707774134530792,0,13,2,52,5,18,2,3,2,89567,4786.0625,0,0,3
1767764871.2199192,9124707774134530792,0,14,17,51,11,0,2,3,2,90849,4779.8515625,0,0,3
1767764871.2199192,9124707774134530792,0,15,11,52,18,0,2,3,2,89968,4841.6103515625,0,0,3
1767764871.2199192,9124707774134530792,0,16,5,52,2,10,2,3,2,89630,4798.53369140625,0,0,3
1767764871.2199192,9124707774134530792,0,17,7,52,7,6,2,3,2,89520,4809.52978515625,0,0,3
1767764871.2199192,9124707774134530792,0,18,16,52,13,0,2,3,2,90794,4866.3095703125,0,0,3
1767764871.2199192,9124707774134530792,0,19,20,0,17,0,0,4,1,0,4957.805258860812,0,0,1
1767764871.2199192,9124707774134530792,0,20,0,0,0,0,0,0,0,0,0.0,0,0,0
1767764871.2199192,9124707774134530792,0,21,0,0,0,0,0,0,0,0,0.0,0,0,0
1767764876.240253,9124707774134530792,0,0,9,52,9,2,2,3,2,90228,4836.7119140625,0,0,3
1767764876.240253,9124707774134530792,0,1,8,52,10,4,2,3,2,90281,4833.1015625,0,0,3
1767764876.240253,9124707774134530792,0,2,13,52,12,0,2,3,2,90199,4847.78955078125,0,0,3
1767764876.240253,9124707774134530792,0,3,6,52,8,8,2,3,2,89789,4806.34765625,0,0,3
1767764876.240253,9124707774134530792,0,4,4,52,3,12,2,3,2,89495,4793.0673828125,0,0,3
1767764876.240253,9124707774134530792,0,5,15,52,20,0,2,3,2,90532,4854.94970703125,0,0,3
1767764876.240253,9124707774134530792,0,6,10,52,15,1,2,3,2,90300,4840.35888671875,0,0,3
1767764876.240253,9124707774134530792,0,7,18,51,19,0,3,3,2,90725,4799.23828125,0,0,4
1767764876.240253,9124707774134530792,0,8,3,52,1,15,2,3,2,89213,4792.3017578125,0,0,3
1767764876.240253,9124707774134530792,0,9,14,52,16,0,2,3,2,90412,4852.21533203125,0,0,3
1767764876.240253,9124707774134530792,0,10,1,52,6,25,2,3,2,89254,4777.759765625,0,0,3
1767764876.240253,9124707774134530792,0,11,19,38,4,0,2,4,3,90429,3625.40576171875,0,0,3
1767764876.240253,9124707774134530792,0,12,12,52,14,0,2,3,2,90043,4847.08447265625,0,0,3
1767764876.240253,9124707774134530792,0,13,2,52,5,18,2,3,2,89567,4786.0625,0,0,3
1767764876.240253,9124707774134530792,0,14,17,51,11,0,2,3,2,90849,4779.8515625,0,0,3
1767764876.240253,9124707774134530792,0,15,11,52,18,0,2,3,2,89968,4841.6103515625,0,0,3
1767764876.240253,9124707774134530792,0,16,5,52,2,10,2,3,2,89630,4798.53369140625,0,0,3
1767764876.240253,9124707774134530792,0,17,7,52,7,6,2,3,2,89520,4809.52978515625,0,0,3
1767764876.240253,9124707774134530792,0,18,16,52,13,0,2,3,2,90794,4866.3095703125,0,0,3
1767764876.240253,9124707774134530792,0,19,20,0,17,0,0,4,1,0,4957.805258860812,0,0,1
1767764876.240253,9124707774134530792,0,20,0,0,0,0,0,0,0,0,0.0,0,0,0
1767764876.240253,9124707774134530792,0,21,0,0,0,0,0,0,0,0,0.0,0,0,0
1767764881.257899,9124707774134530792,0,0,9,52,9,2,2,3,2,90228,4836.7119140625,0,0,3
1767764881.257899,9124707774134530792,0,1,8,52,10,4,2,3,2,90281,4833.1015625,0,0,3
1767764881.257899,9124707774134530792,0,2,13,52,12,0,2,3,2,90199,4847.78955078125,0,0,3
1767764881.257899,9124707774134530792,0,3,6,52,8,8,2,3,2,89789,4806.34765625,0,0,3
1767764881.257899,9124707774134530792,0,4,4,52,3,12,2,3,2,89495,4793.0673828125,0,0,3
1767764881.257899,9124707774134530792,0,5,15,52,20,0,2,3,2,90532,4854.94970703125,0,0,3
1767764881.257899,9124707774134530792,0,6,10,52,15,1,2,3,2,90300,4840.35888671875,0,0,3
1767764881.257899,9124707774134530792,0,7,18,51,19,0,3,3,2,90725,4799.23828125,0,0,4
1767764881.257899,9124707774134530792,0,8,3,52,1,15,2,3,2,89213,4792.3017578125,0,0,3
1767764881.257899,9124707774134530792,0,9,14,52,16,0,2,3,2,90412,4852.21533203125,0,0,3
1767764881.257899,9124707774134530792,0,10,1,52,6,25,2,3,2,89254,4777.759765625,0,0,3
1767764881.257899,9124707774134530792,0,11,19,38,4,0,2,4,3,90429,3625.40576171875,0,0,3
1767764881.257899,9124707774134530792,0,12,12,52,14,0,2,3,2,90043,4847.08447265625,0,0,3
1767764881.257899,9124707774134530792,0,13,2,52,5,18,2,3,2,89567,4786.0625,0,0,3
1767764881.257899,9124707774134530792,0,14,17,51,11,0,2,3,2,90849,4779.8515625,0,0,3
1767764881.257899,9124707774134530792,0,15,11,52,18,0,2,3,2,89968,4841.6103515625,0,0,3
1767764881.257899,9124707774134530792,0,16,5,52,2,10,2,3,2,89630,4798.53369140625,0,0,3
1767764881.257899,9124707774134530792,0,17,7,52,7,6,2,3,2,89520,4809.52978515625,0,0,3
1767764881.257899,9124707774134530792,0,18,16,52,13,0,2,3,2,90794,4866.3095703125,0,0,3
1767764881.257899,9124707774134530792,0,19,20,0,17,0,0,4,1,0,4957.805258860812,0,0,1
1767764881.257899,9124707774134530792,0,20,0,0,0,0,0,0,0,0,0.0,0,0,0
1767764881.257899,9124707774134530792,0,21,0,0,0,0,0,0,0,0,0.0,0,0,0
1767764886.2722268,9124707774134530792,0,0,9,52,9,2,2,3,2,90228,4836.7119140625,0,0,3
1767764886.2722268,9124707774134530792,0,1,8,52,10,4,2,3,2,90281,4833.1015625,0,0,3
1767764886.2722268,9124707774134530792,0,2,13,52,12,0,2,3,2,90199,4847.78955078125,0,0,3
1767764886.2722268,9124707774134530792,0,3,6,52,8,8,2,3,2,89789,4806.34765625,0,0,3
1767764886.2722268,9124707774134530792,0,4,4,52,3,12,2,3,2,89495,4793.0673828125,0,0,3
1767764886.2722268,9124707774134530792,0,5,15,52,20,0,2,3,2,90532,4854.94970703125,0,0,3
1767764886.2722268,9124707774134530792,0,6,10,52,15,1,2,3,2,90300,4840.35888671875,0,0,3
1767764886.2722268,9124707774134530792,0,7,18,51,19,0,3,3,2,90725,4799.23828125,0,0,4
1767764886.2722268,9124707774134530792,0,8,3,52,1,15,2,3,2,89213,4792.3017578125,0,0,3
1767764886.2722268,9124707774134530792,0,9,14,52,16,0,2,3,2,90412,4852.21533203125,0,0,3
1767764886.2722268,9124707774134530792,0,10,1,52,6,25,2,3,2,89254,4777.759765625,0,0,3
1767764886.2722268,9124707774134530792,0,11,19,38,4,0,2,4,3,90429,3625.40576171875,0,0,3
1767764886.2722268,9124707774134530792,0,12,12,52,14,0,2,3,2,90043,4847.08447265625,0,0,3
1767764886.2722268,9124707774134530792,0,13,2,52,5,18,2,3,2,89567,4786.0625,0,0,3
1767764886.2722268,9124707774134530792,0,14,17,51,11,0,2,3,2,90849,4779.8515625,0,0,3
1767764886.2722268,9124707774134530792,0,15,11,52,18,0,2,3,2,89968,4841.6103515625,0,0,3
1767764886.2722268,9124707774134530792,0,16,5,52,2,10,2,3,2,89630,4798.53369140625,0,0,3
1767764886.2722268,9124707774134530792,0,17,7,52,7,6,2,3,2,89520,4809.52978515625,0,0,3
1767764886.2722268,9124707774134530792,0,18,16,52,13,0,2,3,2,90794,4866.3095703125,0,0,3
1767764886.2722268,9124707774134530792,0,19,20,0,17,0,0,4,1,0,4957.805258860812,0,0,1
1767764886.2722268,9124707774134530792,0,20,0,0,0,0,0,0,0,0,0.0,0,0,0
1767764886.2722268,9124707774134530792,0,21,0,0,0,0,0,0,0,0,0.0,0,0,0
1767764891.2865891,9124707774134530792,0,0,9,52,9,2,2,3,2,90228,4836.7119140625,0,0,3
1767764891.2865891,9124707774134530792,0,1,8,52,10,4,2,3,2,90281,4833.1015625,0,0,3
1767764891.2865891,9124707774134530792,0,2,13,52,12,0,2,3,2,90199,4847.78955078125,0,0,3
1767764891.2865891,9124707774134530792,0,3,6,52,8,8,2,3,2,89789,4806.34765625,0,0,3
1767764891.2865891,9124707774134530792,0,4,4,52,3,12,2,3,2,89495,4793.0673828125,0,0,3
1767764891.2865891,9124707774134530792,0,5,15,52,20,0,2,3,2,90532,4854.94970703125,0,0,3
1767764891.2865891,9124707774134530792,0,6,10,52,15,1,2,3,2,90300,4840.35888671875,0,0,3
1767764891.2865891,9124707774134530792,0,7,18,51,19,0,3,3,2,90725,4799.23828125,0,0,4
1767764891.2865891,9124707774134530792,0,8,3,52,1,15,2,3,2,89213,4792.3017578125,0,0,3
1767764891.2865891,9124707774134530792,0,9,14,52,16,0,2,3,2,90412,4852.21533203125,0,0,3
1767764891.2865891,9124707774134530792,0,10,1,52,6,25,2,3,2,89254,4777.759765625,0,0,3
1767764891.2865891,9124707774134530792,0,11,19,38,4,0,2,4,3,90429,3625.40576171875,0,0,3
1767764891.2865891,9124707774134530792,0,12,12,52,14,0,2,3,2,90043,4847.08447265625,0,0,3
1767764891.2865891,9124707774134530792,0,13,2,52,5,18,2,3,2,89567,4786.0625,0,0,3
1767764891.2865891,9124707774134530792,0,14,17,51,11,0,2,3,2,90849,4779.8515625,0,0,3
1767764891.2865891,9124707774134530792,0,15,11,52,18,0,2,3,2,89968,4841.6103515625,0,0,3
1767764891.2865891,9124707774134530792,0,16,5,52,2,10,2,3,2,89630,4798.53369140625,0,0,3
1767764891.2865891,9124707774134530792,0,17,7,52,7,6,2,3,2,89520,4809.52978515625,0,0,3
1767764891.2865891,9124707774134530792,0,18,16,52,13,0,2,3,2,90794,4866.3095703125,0,0,3
1767764891.2865891,9124707774134530792,0,19,20,0,17,0,0,4,1,0,4957.805258860812,0,0,1
1767764891.2865891,9124707774134530792,0,20,0,0,0,0,0,0,0,0,0.0,0,0,0
1767764891.2865891,9124707774134530792,0,21,0,0,0,0,0,0,0,0,0.0,0,0,0
1767764896.3052623,9124707774134530792,0,0,9,52,9,2,2,3,2,90228,4836.7119140625,0,0,3
1767764896.3052623,9124707774134530792,0,1,8,52,10,4,2,3,2,90281,4833.1015625,0,0,3
1767764896.3052623,9124707774134530792,0,2,13,52,12,0,2,3,2,90199,4847.78955078125,0,0,3
1767764896.3052623,9124707774134530792,0,3,6,52,8,8,2,3,2,89789,4806.34765625,0,0,3
1767764896.3052623,9124707774134530792,0,4,4,52,3,12,2,3,2,89495,4793.0673828125,0,0,3
1767764896.3052623,9124707774134530792,0,5,15,52,20,0,2,3,2,90532,4854.94970703125,0,0,3
1767764896.3052623,9124707774134530792,0,6,10,52,15,1,2,3,2,90300,4840.35888671875,0,0,3
1767764896.3052623,9124707774134530792,0,7,18,51,19,0,3,3,2,90725,4799.23828125,0,0,4
1767764896.3052623,9124707774134530792,0,8,3,52,1,15,2,3,2,89213,4792.3017578125,0,0,3
1767764896.3052623,9124707774134530792,0,9,14,52,16,0,2,3,2,90412,4852.21533203125,0,0,3
1767764896.3052623,9124707774134530792,0,10,1,52,6,25,2,3,2,89254,4777.759765625,0,0,3
1767764896.3052623,9124707774134530792,0,11,19,38,4,0,2,4,3,90429,3625.40576171875,0,0,3
1767764896.3052623,9124707774134530792,0,12,12,52,14,0,2,3,2,90043,4847.08447265625,0,0,3
1767764896.3052623,9124707774134530792,0,13,2,52,5,18,2,3,2,89567,4786.0625,0,0,3
1767764896.3052623,9124707774134530792,0,14,17,51,11,0,2,3,2,90849,4779.8515625,0,0,3
1767764896.3052623,9124707774134530792,0,15,11,52,18,0,2,3,2,89968,4841.6103515625,0,0,3
1767764896.3052623,9124707774134530792,0,16,5,52,2,10,2,3,2,89630,4798.53369140625,0,0,3
1767764896.3052623,9124707774134530792,0,17,7,52,7,6,2,3,2,89520,4809.52978515625,0,0,3
1767764896.3052623,9124707774134530792,0,18,16,52,13,0,2,3,2,90794,4866.3095703125,0,0,3
1767764896.3052623,9124707774134530792,0,19,20,0,17,0,0,4,1,0,4957.805258860812,0,0,1
1767764896.3052623,9124707774134530792,0,20,0,0,0,0,0,0,0,0,0.0,0,0,0
1767764896.3052623,9124707774134530792,0,21,0,0,0,0,0,0,0,0,0.0,0,0,0
1767764901.322554,9124707774134530792,0,0,9,52,9,2,2,3,2,90228,4836.7119140625,0,0,3
1767764901.322554,9124707774134530792,0,1,8,52,10,4,2,3,2,90281,4833.1015625,0,0,3
1767764901.322554,9124707774134530792,0,2,13,52,12,0,2,3,2,90199,4847.78955078125,0,0,3
1767764901.322554,9124707774134530792,0,3,6,52,8,8,2,3,2,89789,4806.34765625,0,0,3
1767764901.322554,9124707774134530792,0,4,4,52,3,12,2,3,2,89495,4793.0673828125,0,0,3
1767764901.322554,9124707774134530792,0,5,15,52,20,0,2,3,2,90532,4854.94970703125,0,0,3
1767764901.322554,9124707774134530792,0,6,10,52,15,1,2,3,2,90300,4840.35888671875,0,0,3
1767764901.322554,9124707774134530792,0,7,18,51,19,0,3,3,2,90725,4799.23828125,0,0,4
1767764901.322554,9124707774134530792,0,8,3,52,1,15,2,3,2,89213,4792.3017578125,0,0,3
1767764901.322554,9124707774134530792,0,9,14,52,16,0,2,3,2,90412,4852.21533203125,0,0,3
1767764901.322554,9124707774134530792,0,10,1,52,6,25,2,3,2,89254,4777.759765625,0,0,3
1767764901.322554,9124707774134530792,0,11,19,38,4,0,2,4,3,90429,3625.40576171875,0,0,3
1767764901.322554,9124707774134530792,0,12,12,52,14,0,2,3,2,90043,4847.08447265625,0,0,3
1767764901.322554,9124707774134530792,0,13,2,52,5,18,2,3,2,89567,4786.0625,0,0,3
1767764901.322554,9124707774134530792,0,14,17,51,11,0,2,3,2,90849,4779.8515625,0,0,3
1767764901.322554,9124707774134530792,0,15,11,52,18,0,2,3,2,89968,4841.6103515625,0,0,3
1767764901.322554,9124707774134530792,0,16,5,52,2,10,2,3,2,89630,4798.53369140625,0,0,3
1767764901.322554,9124707774134530792,0,17,7,52,7,6,2,3,2,89520,4809.52978515625,0,0,3
1767764901.322554,9124707774134530792,0,18,16,52,13,0,2,3,2,90794,4866.3095703125,0,0,3
1767764901.322554,9124707774134530792,0,19,20,0,17,0,0,4,1,0,4957.805258860812,0,0,1
1767764901.322554,9124707774134530792,0,20,0,0,0,0,0,0,0,0,0.0,0,0,0
1767764901.322554,9124707774134530792,0,21,0,0,0,0,0,0,0,0,0.0,0,0,0
1767764906.34246,9124707774134530792,0,0,9,52,9,2,2,3,2,90228,4836.7119140625,0,0,3
1767764906.34246,9124707774134530792,0,1,8,52,10,4,2,3,2,90281,4833.1015625,0,0,3
1767764906.34246,9124707774134530792,0,2,13,52,12,0,2,3,2,90199,4847.78955078125,0,0,3
1767764906.34246,9124707774134530792,0,3,6,52,8,8,2,3,2,89789,4806.34765625,0,0,3
1767764906.34246,9124707774134530792,0,4,4,52,3,12,2,3,2,89495,4793.0673828125,0,0,3
1767764906.34246,9124707774134530792,0,5,15,52,20,0,2,3,2,90532,4854.94970703125,0,0,3
1767764906.34246,9124707774134530792,0,6,10,52,15,1,2,3,2,90300,4840.35888671875,0,0,3
1767764906.34246,9124707774134530792,0,7,18,51,19,0,3,3,2,90725,4799.23828125,0,0,4
1767764906.34246,9124707774134530792,0,8,3,52,1,15,2,3,2,89213,4792.3017578125,0,0,3
1767764906.34246,9124707774134530792,0,9,14,52,16,0,2,3,2,90412,4852.21533203125,0,0,3
1767764906.34246,9124707774134530792,0,10,1,52,6,25,2,3,2,89254,4777.759765625,0,0,3
1767764906.34246,9124707774134530792,0,11,19,38,4,0,2,4,3,90429,3625.40576171875,0,0,3
1767764906.34246,9124707774134530792,0,12,12,52,14,0,2,3,2,90043,4847.08447265625,0,0,3
1767764906.34246,9124707774134530792,0,13,2,52,5,18,2,3,2,89567,4786.0625,0,0,3
1767764906.34246,9124707774134530792,0,14,17,51,11,0,2,3,2,90849,4779.8515625,0,0,3
1767764906.34246,9124707774134530792,0,15,11,52,18,0,2,3,2,89968,4841.6103515625,0,0,3
1767764906.34246,9124707774134530792,0,16,5,52,2,10,2,3,2,89630,4798.53369140625,0,0,3
1767764906.34246,9124707774134530792,0,17,7,52,7,6,2,3,2,89520,4809.52978515625,0,0,3
1767764906.34246,9124707774134530792,0,18,16,52,13,0,2,3,2,90794,4866.3095703125,0,0,3
1767764906.34246,9124707774134530792,0,19,20,0,17,0,0,4,1,0,4957.805258860812,0,0,1
1767764906.34246,9124707774134530792,0,20,0,0,0,0,0,0,0,0,0.0,0,0,0
1767764906.34246,9124707774134530792,0,21,0,0,0,0,0,0,0,0,0.0,0,0,0
1767764911.3481767,9124707774134530792,0,0,9,52,9,2,2,3,2,90228,4836.7119140625,0,0,3
1767764911.3481767,9124707774134530792,0,1,8,52,10,4,2,3,2,90281,4833.1015625,0,0,3
1767764911.3481767,9124707774134530792,0,2,13,52,12,0,2,3,2,90199,4847.78955078125,0,0,3
1767764911.3481767,9124707774134530792,0,3,6,52,8,8,2,3,2,89789,4806.34765625,0,0,3
1767764911.3481767,9124707774134530792,0,4,4,52,3,12,2,3,2,89495,4793.0673828125,0,0,3
1767764911.3481767,9124707774134530792,0,5,15,52,20,0,2,3,2,90532,4854.94970703125,0,0,3
1767764911.3481767,9124707774134530792,0,6,10,52,15,1,2,3,2,90300,4840.35888671875,0,0,3
1767764911.3481767,9124707774134530792,0,7,18,51,19,0,3,3,2,90725,4799.23828125,0,0,4
1767764911.3481767,9124707774134530792,0,8,3,52,1,15,2,3,2,89213,4792.3017578125,0,0,3
1767764911.3481767,9124707774134530792,0,9,14,52,16,0,2,3,2,90412,4852.21533203125,0,0,3
1767764911.3481767,9124707774134530792,0,10,1,52,6,25,2,3,2,89254,4777.759765625,0,0,3
1767764911.3481767,9124707774134530792,0,11,19,38,4,0,2,4,3,90429,3625.40576171875,0,0,3
1767764911.3481767,9124707774134530792,0,12,12,52,14,0,2,3,2,90043,4847.08447265625,0,0,3
1767764911.3481767,9124707774134530792,0,13,2,52,5,18,2,3,2,89567,4786.0625,0,0,3
1767764911.3481767,9124707774134530792,0,14,17,51,11,0,2,3,2,90849,4779.8515625,0,0,3
1767764911.3481767,9124707774134530792,0,15,11,52,18,0,2,3,2,89968,4841.6103515625,0,0,3
1767764911.3481767,9124707774134530792,0,16,5,52,2,10,2,3,2,89630,4798.53369140625,0,0,3
1767764911.3481767,9124707774134530792,0,17,7,52,7,6,2,3,2,89520,4809.52978515625,0,0,3
1767764911.3481767,9124707774134530792,0,18,16,52,13,0,2,3,2,90794,4866.3095703125,0,0,3
1767764911.3481767,9124707774134530792,0,19,20,0,17,0,0,4,1,0,4957.805258860812,0,0,1
1767764911.3481767,9124707774134530792,0,20,0,0,0,0,0,0,0,0,0.0,0,0,0
1767764911.3481767,9124707774134530792,0,21,0,0,0,0,0,0,0,0,0.0,0,0,0
1767764916.3669872,9124707774134530792,0,0,9,52,9,2,2,3,2,90228,4836.7119140625,0,0,3
1767764916.3669872,9124707774134530792,0,1,8,52,10,4,2,3,2,90281,4833.1015625,0,0,3
1767764916.3669872,9124707774134530792,0,2,13,52,12,0,2,3,2,90199,4847.78955078125,0,0,3
1767764916.3669872,9124707774134530792,0,3,6,52,8,8,2,3,2,89789,4806.34765625,0,0,3
1767764916.3669872,9124707774134530792,0,4,4,52,3,12,2,3,2,89495,4793.0673828125,0,0,3
1767764916.3669872,9124707774134530792,0,5,15,52,20,0,2,3,2,90532,4854.94970703125,0,0,3
1767764916.3669872,9124707774134530792,0,6,10,52,15,1,2,3,2,90300,4840.35888671875,0,0,3
1767764916.3669872,9124707774134530792,0,7,18,51,19,0,3,3,2,90725,4799.23828125,0,0,4
1767764916.3669872,9124707774134530792,0,8,3,52,1,15,2,3,2,89213,4792.3017578125,0,0,3
1767764916.3669872,9124707774134530792,0,9,14,52,16,0,2,3,2,90412,4852.21533203125,0,0,3
1767764916.3669872,9124707774134530792,0,10,1,52,6,25,2,3,2,89254,4777.759765625,0,0,3
1767764916.3669872,9124707774134530792,0,11,19,38,4,0,2,4,3,90429,3625.40576171875,0,0,3
1767764916.3669872,9124707774134530792,0,12,12,52,14,0,2,3,2,90043,4847.08447265625,0,0,3
1767764916.3669872,9124707774134530792,0,13,2,52,5,18,2,3,2,89567,4786.0625,0,0,3
1767764916.3669872,9124707774134530792,0,14,17,51,11,0,2,3,2,90849,4779.8515625,0,0,3
1767764916.3669872,9124707774134530792,0,15,11,52,18,0,2,3,2,89968,4841.6103515625,0,0,3
1767764916.3669872,9124707774134530792,0,16,5,52,2,10,2,3,2,89630,4798.53369140625,0,0,3
1767764916.3669872,9124707774134530792,0,17,7,52,7,6,2,3,2,89520,4809.52978515625,0,0,3
1767764916.3669872,9124707774134530792,0,18,16,52,13,0,2,3,2,90794,4866.3095703125,0,0,3
1767764916.3669872,9124707774134530792,0,19,20,0,17,0,0,4,1,0,4957.805258860812,0,0,1
1767764916.3669872,9124707774134530792,0,20,0,0,0,0,0,0,0,0,0.0,0,0,0
1767764916.3669872,9124707774134530792,0,21,0,0,0,0,0,0,0,0,0.0,0,0,0
1767764921.382499,9124707774134530792,0,0,9,52,9,2,2,3,2,90228,4836.7119140625,0,0,3
1767764921.382499,9124707774134530792,0,1,8,52,10,4,2,3,2,90281,4833.1015625,0,0,3
1767764921.382499,9124707774134530792,0,2,13,52,12,0,2,3,2,90199,4847.78955078125,0,0,3
1767764921.382499,9124707774134530792,0,3,6,52,8,8,2,3,2,89789,4806.34765625,0,0,3
1767764921.382499,9124707774134530792,0,4,4,52,3,12,2,3,2,89495,4793.0673828125,0,0,3
1767764921.382499,9124707774134530792,0,5,15,52,20,0,2,3,2,90532,4854.94970703125,0,0,3
1767764921.382499,9124707774134530792,0,6,10,52,15,1,2,3,2,90300,4840.35888671875,0,0,3
1767764921.382499,9124707774134530792,0,7,18,51,19,0,3,3,2,90725,4799.23828125,0,0,4
1767764921.382499,9124707774134530792,0,8,3,52,1,15,2,3,2,89213,4792.3017578125,0,0,3
1767764921.382499,9124707774134530792,0,9,14,52,16,0,2,3,2,90412,4852.21533203125,0,0,3
1767764921.382499,9124707774134530792,0,10,1,52,6,25,2,3,2,89254,4777.759765625,0,0,3
1767764921.382499,9124707774134530792,0,11,19,38,4,0,2,4,3,90429,3625.40576171875,0,0,3
1767764921.382499,9124707774134530792,0,12,12,52,14,0,2,3,2,90043,4847.08447265625,0,0,3
1767764921.382499,9124707774134530792,0,13,2,52,5,18,2,3,2,89567,4786.0625,0,0,3
1767764921.382499,9124707774134530792,0,14,17,51,11,0,2,3,2,90849,4779.8515625,0,0,3
1767764921.382499,9124707774134530792,0,15,11,52,18,0,2,3,2,89968,4841.6103515625,0,0,3
1767764921.382499,9124707774134530792,0,16,5,52,2,10,2,3,2,89630,4798.53369140625,0,0,3
1767764921.382499,9124707774134530792,0,17,7,52,7,6,2,3,2,89520,4809.52978515625,0,0,3
1767764921.382499,9124707774134530792,0,18,16,52,13,0,2,3,2,90794,4866.3095703125,0,0,3
1767764921.382499,9124707774134530792,0,19,20,0,17,0,0,4,1,0,4957.805258860812,0,0,1
1767764921.382499,9124707774134530792,0,20,0,0,0,0,0,0,0,0,0.0,0,0,0
1767764921.382499,9124707774134530792,0,21,0,0,0,0,0,0,0,0,0.0,0,0,0
1767764926.3865325,9124707774134530792,0,0,9,52,9,2,2,3,2,90228,4836.7119140625,0,0,3
1767764926.3865325,9124707774134530792,0,1,8,52,10,4,2,3,2,90281,4833.1015625,0,0,3
1767764926.3865325,9124707774134530792,0,2,13,52,12,0,2,3,2,90199,4847.78955078125,0,0,3
1767764926.3865325,9124707774134530792,0,3,6,52,8,8,2,3,2,89789,4806.34765625,0,0,3
1767764926.3865325,9124707774134530792,0,4,4,52,3,12,2,3,2,89495,4793.0673828125,0,0,3
1767764926.3865325,9124707774134530792,0,5,15,52,20,0,2,3,2,90532,4854.94970703125,0,0,3
1767764926.3865325,9124707774134530792,0,6,10,52,15,1,2,3,2,90300,4840.35888671875,0,0,3
1767764926.3865325,9124707774134530792,0,7,18,51,19,0,3,3,2,90725,4799.23828125,0,0,4
1767764926.3865325,9124707774134530792,0,8,3,52,1,15,2,3,2,89213,4792.3017578125,0,0,3
1767764926.3865325,9124707774134530792,0,9,14,52,16,0,2,3,2,90412,4852.21533203125,0,0,3
1767764926.3865325,9124707774134530792,0,10,1,52,6,25,2,3,2,89254,4777.759765625,0,0,3
1767764926.3865325,9124707774134530792,0,11,19,38,4,0,2,4,3,90429,3625.40576171875,0,0,3
1767764926.3865325,9124707774134530792,0,12,12,52,14,0,2,3,2,90043,4847.08447265625,0,0,3
1767764926.3865325,9124707774134530792,0,13,2,52,5,18,2,3,2,89567,4786.0625,0,0,3
1767764926.3865325,9124707774134530792,0,14,17,51,11,0,2,3,2,90849,4779.8515625,0,0,3
1767764926.3865325,9124707774134530792,0,15,11,52,18,0,2,3,2,89968,4841.6103515625,0,0,3
1767764926.3865325,9124707774134530792,0,16,5,52,2,10,2,3,2,89630,4798.53369140625,0,0,3
1767764926.3865325,9124707774134530792,0,17,7,52,7,6,2,3,2,89520,4809.52978515625,0,0,3
1767764926.3865325,9124707774134530792,0,18,16,52,13,0,2,3,2,90794,4866.3095703125,0,0,3
1767764926.3865325,9124707774134530792,0,19,20,0,17,0,0,4,1,0,4957.805258860812,0,0,1
1767764926.3865325,9124707774134530792,0,20,0,0,0,0,0,0,0,0,0.0,0,0,0
1767764926.3865325,9124707774134530792,0,21,0,0,0,0,0,0,0,0,0.0,0,0,0
1767764931.406804,9124707774134530792,0,0,9,52,9,2,2,3,2,90228,4836.7119140625,0,0,3
1767764931.406804,9124707774134530792,0,1,8,52,10,4,2,3,2,90281,4833.1015625,0,0,3
1767764931.406804,9124707774134530792,0,2,13,52,12,0,2,3,2,90199,4847.78955078125,0,0,3
1767764931.406804,9124707774134530792,0,3,6,52,8,8,2,3,2,89789,4806.34765625,0,0,3
1767764931.406804,9124707774134530792,0,4,4,52,3,12,2,3,2,89495,4793.0673828125,0,0,3
1767764931.406804,9124707774134530792,0,5,15,52,20,0,2,3,2,90532,4854.94970703125,0,0,3
1767764931.406804,9124707774134530792,0,6,10,52,15,1,2,3,2,90300,4840.35888671875,0,0,3
1767764931.406804,9124707774134530792,0,7,18,51,19,0,3,3,2,90725,4799.23828125,0,0,4
1767764931.406804,9124707774134530792,0,8,3,52,1,15,2,3,2,89213,4792.3017578125,0,0,3
1767764931.406804,9124707774134530792,0,9,14,52,16,0,2,3,2,90412,4852.21533203125,0,0,3
1767764931.406804,9124707774134530792,0,10,1,52,6,25,2,3,2,89254,4777.759765625,0,0,3
1767764931.406804,9124707774134530792,0,11,19,38,4,0,2,4,3,90429,3625.40576171875,0,0,3
1767764931.406804,9124707774134530792,0,12,12,52,14,0,2,3,2,90043,4847.08447265625,0,0,3
1767764931.406804,9124707774134530792,0,13,2,52,5,18,2,3,2,89567,4786.0625,0,0,3
1767764931.406804,9124707774134530792,0,14,17,51,11,0,2,3,2,90849,4779.8515625,0,0,3
1767764931.406804,9124707774134530792,0,15,11,52,18,0,2,3,2,89968,4841.6103515625,0,0,3
1767764931.406804,9124707774134530792,0,16,5,52,2,10,2,3,2,89630,4798.53369140625,0,0,3
1767764931.406804,9124707774134530792,0,17,7,52,7,6,2,3,2,89520,4809.52978515625,0,0,3
1767764931.406804,9124707774134530792,0,18,16,52,13,0,2,3,2,90794,4866.3095703125,0,0,3
1767764931.406804,9124707774134530792,0,19,20,0,17,0,0,4,1,0,4957.805258860812,0,0,1
1767764931.406804,9124707774134530792,0,20,0,0,0,0,0,0,0,0,0.0,0,0,0
1767764931.406804,9124707774134530792,0,21,0,0,0,0,0,0,0,0,0.0,0,0,0
1767764936.4264705,9124707774134530792,0,0,9,52,9,2,2,3,2,90228,4836.7119140625,0,0,3
1767764936.4264705,9124707774134530792,0,1,8,52,10,4,2,3,2,90281,4833.1015625,0,0,3
1767764936.4264705,9124707774134530792,0,2,13,52,12,0,2,3,2,90199,4847.78955078125,0,0,3
1767764936.4264705,9124707774134530792,0,3,6,52,8,8,2,3,2,89789,4806.34765625,0,0,3
1767764936.4264705,9124707774134530792,0,4,4,52,3,12,2,3,2,89495,4793.0673828125,0,0,3
1767764936.4264705,9124707774134530792,0,5,15,52,20,0,2,3,2,90532,4854.94970703125,0,0,3
1767764936.4264705,9124707774134530792,0,6,10,52,15,1,2,3,2,90300,4840.35888671875,0,0,3
1767764936.4264705,9124707774134530792,0,7,18,51,19,0,3,3,2,90725,4799.23828125,0,0,4
1767764936.4264705,9124707774134530792,0,8,3,52,1,15,2,3,2,89213,4792.3017578125,0,0,3
1767764936.4264705,9124707774134530792,0,9,14,52,16,0,2,3,2,90412,4852.21533203125,0,0,3
1767764936.4264705,9124707774134530792,0,10,1,52,6,25,2,3,2,89254,4777.759765625,0,0,3
1767764936.4264705,9124707774134530792,0,11,19,38,4,0,2,4,3,90429,3625.40576171875,0,0,3
1767764936.4264705,9124707774134530792,0,12,12,52,14,0,2,3,2,90043,4847.08447265625,0,0,3
1767764936.4264705,9124707774134530792,0,13,2,52,5,18,2,3,2,89567,4786.0625,0,0,3
1767764936.4264705,9124707774134530792,0,14,17,51,11,0,2,3,2,90849,4779.8515625,0,0,3
1767764936.4264705,9124707774134530792,0,15,11,52,18,0,2,3,2,89968,4841.6103515625,0,0,3
1767764936.4264705,9124707774134530792,0,16,5,52,2,10,2,3,2,89630,4798.53369140625,0,0,3
1767764936.4264705,9124707774134530792,0,17,7,52,7,6,2,3,2,89520,4809.52978515625,0,0,3
1767764936.4264705,9124707774134530792,0,18,16,52,13,0,2,3,2,90794,4866.3095703125,0,0,3
1767764936.4264705,9124707774134530792,0,19,20,0,17,0,0,4,1,0,4957.805258860812,0,0,1
1767764936.4264705,9124707774134530792,0,20,0,0,0,0,0,0,0,0,0.0,0,0,0
1767764936.4264705,9124707774134530792,0,21,0,0,0,0,0,0,0,0,0.0,0,0,0
1767764941.4464347,9124707774134530792,0,0,9,52,9,2,2,3,2,90228,4836.7119140625,0,0,3
1767764941.4464347,9124707774134530792,0,1,8,52,10,4,2,3,2,90281,4833.1015625,0,0,3
1767764941.4464347,9124707774134530792,0,2,13,52,12,0,2,3,2,90199,4847.78955078125,0,0,3
1767764941.4464347,9124707774134530792,0,3,6,52,8,8,2,3,2,89789,4806.34765625,0,0,3
1767764941.4464347,9124707774134530792,0,4,4,52,3,12,2,3,2,89495,4793.0673828125,0,0,3
1767764941.4464347,9124707774134530792,0,5,15,52,20,0,2,3,2,90532,4854.94970703125,0,0,3
1767764941.4464347,9124707774134530792,0,6,10,52,15,1,2,3,2,90300,4840.35888671875,0,0,3
1767764941.4464347,9124707774134530792,0,7,18,51,19,0,3,3,2,90725,4799.23828125,0,0,4
1767764941.4464347,9124707774134530792,0,8,3,52,1,15,2,3,2,89213,4792.3017578125,0,0,3
1767764941.4464347,9124707774134530792,0,9,14,52,16,0,2,3,2,90412,4852.21533203125,0,0,3
1767764941.4464347,9124707774134530792,0,10,1,52,6,25,2,3,2,89254,4777.759765625,0,0,3
1767764941.4464347,9124707774134530792,0,11,19,38,4,0,2,4,3,90429,3625.40576171875,0,0,3
1767764941.4464347,9124707774134530792,0,12,12,52,14,0,2,3,2,90043,4847.08447265625,0,0,3
1767764941.4464347,9124707774134530792,0,13,2,52,5,18,2,3,2,89567,4786.0625,0,0,3
1767764941.4464347,9124707774134530792,0,14,17,51,11,0,2,3,2,90849,4779.8515625,0,0,3
1767764941.4464347,9124707774134530792,0,15,11,52,18,0,2,3,2,89968,4841.6103515625,0,0,3
1767764941.4464347,9124707774134530792,0,16,5,52,2,10,2,3,2,89630,4798.53369140625,0,0,3
1767764941.4464347,9124707774134530792,0,17,7,52,7,6,2,3,2,89520,4809.52978515625,0,0,3
1767764941.4464347,9124707774134530792,0,18,16,52,13,0,2,3,2,90794,4866.3095703125,0,0,3
1767764941.4464347,9124707774134530792,0,19,20,0,17,0,0,4,1,0,4957.805258860812,0,0,1
1767764941.4464347,9124707774134530792,0,20,0,0,0,0,0,0,0,0,0.0,0,0,0
1767764941.4464347,9124707774134530792,0,21,0,0,0,0,0,0,0,0,0.0,0,0,0
1767764946.448695,9124707774134530792,0,0,9,52,9,2,2,3,2,90228,4836.7119140625,0,0,3
1767764946.448695,9124707774134530792,0,1,8,52,10,4,2,3,2,90281,4833.1015625,0,0,3
1767764946.448695,9124707774134530792,0,2,13,52,12,0,2,3,2,90199,4847.78955078125,0,0,3
1767764946.448695,9124707774134530792,0,3,6,52,8,8,2,3,2,89789,4806.34765625,0,0,3
1767764946.448695,9124707774134530792,0,4,4,52,3,12,2,3,2,89495,4793.0673828125,0,0,3
1767764946.448695,9124707774134530792,0,5,15,52,20,0,2,3,2,90532,4854.94970703125,0,0,3
1767764946.448695,9124707774134530792,0,6,10,52,15,1,2,3,2,90300,4840.35888671875,0,0,3
1767764946.448695,9124707774134530792,0,7,18,51,19,0,3,3,2,90725,4799.23828125,0,0,4
1767764946.448695,9124707774134530792,0,8,3,52,1,15,2,3,2,89213,4792.3017578125,0,0,3
1767764946.448695,9124707774134530792,0,9,14,52,16,0,2,3,2,90412,4852.21533203125,0,0,3
1767764946.448695,9124707774134530792,0,10,1,52,6,25,2,3,2,89254,4777.759765625,0,0,3
1767764946.448695,9124707774134530792,0,11,19,38,4,0,2,4,3,90429,3625.40576171875,0,0,3
1767764946.448695,9124707774134530792,0,12,12,52,14,0,2,3,2,90043,4847.08447265625,0,0,3
1767764946.448695,9124707774134530792,0,13,2,52,5,18,2,3,2,89567,4786.0625,0,0,3
1767764946.448695,9124707774134530792,0,14,17,51,11,0,2,3,2,90849,4779.8515625,0,0,3
1767764946.448695,9124707774134530792,0,15,11,52,18,0,2,3,2,89968,4841.6103515625,0,0,3
1767764946.448695,9124707774134530792,0,16,5,52,2,10,2,3,2,89630,4798.53369140625,0,0,3
1767764946.448695,9124707774134530792,0,17,7,52,7,6,2,3,2,89520,4809.52978515625,0,0,3
1767764946.448695,9124707774134530792,0,18,16,52,13,0,2,3,2,90794,4866.3095703125,0,0,3
1767764946.448695,9124707774134530792,0,19,20,0,17,0,0,4,1,0,4957.805258860812,0,0,1
1767764946.448695,9124707774134530792,0,20,0,0,0,0,0,0,0,0,0.0,0,0,0
1767764946.448695,9124707774134530792,0,21,0,0,0,0,0,0,0,0,0.0,0,0,0
1767764951.4563115,9124707774134530792,0,0,9,52,9,2,2,3,2,90228,4836.7119140625,0,0,3
1767764951.4563115,9124707774134530792,0,1,8,52,10,4,2,3,2,90281,4833.1015625,0,0,3
1767764951.4563115,9124707774134530792,0,2,13,52,12,0,2,3,2,90199,4847.78955078125,0,0,3
1767764951.4563115,9124707774134530792,0,3,6,52,8,8,2,3,2,89789,4806.34765625,0,0,3
1767764951.4563115,9124707774134530792,0,4,4,52,3,12,2,3,2,89495,4793.0673828125,0,0,3
1767764951.4563115,9124707774134530792,0,5,15,52,20,0,2,3,2,90532,4854.94970703125,0,0,3
1767764951.4563115,9124707774134530792,0,6,10,52,15,1,2,3,2,90300,4840.35888671875,0,0,3
1767764951.4563115,9124707774134530792,0,7,18,51,19,0,3,3,2,90725,4799.23828125,0,0,4
1767764951.4563115,9124707774134530792,0,8,3,52,1,15,2,3,2,89213,4792.3017578125,0,0,3
1767764951.4563115,9124707774134530792,0,9,14,52,16,0,2,3,2,90412,4852.21533203125,0,0,3
1767764951.4563115,9124707774134530792,0,10,1,52,6,25,2,3,2,89254,4777.759765625,0,0,3
1767764951.4563115,9124707774134530792,0,11,19,38,4,0,2,4,3,90429,3625.40576171875,0,0,3
1767764951.4563115,9124707774134530792,0,12,12,52,14,0,2,3,2,90043,4847.08447265625,0,0,3
1767764951.4563115,9124707774134530792,0,13,2,52,5,18,2,3,2,89567,4786.0625,0,0,3
1767764951.4563115,9124707774134530792,0,14,17,51,11,0,2,3,2,90849,4779.8515625,0,0,3
1767764951.4563115,9124707774134530792,0,15,11,52,18,0,2,3,2,89968,4841.6103515625,0,0,3
1767764951.4563115,9124707774134530792,0,16,5,52,2,10,2,3,2,89630,4798.53369140625,0,0,3
1767764951.4563115,9124707774134530792,0,17,7,52,7,6,2,3,2,89520,4809.52978515625,0,0,3
1767764951.4563115,9124707774134530792,0,18,16,52,13,0,2,3,2,90794,4866.3095703125,0,0,3
1767764951.4563115,9124707774134530792,0,19,20,0,17,0,0,4,1,0,4957.805258860812,0,0,1
1767764951.4563115,9124707774134530792,0,20,0,0,0,0,0,0,0,0,0.0,0,0,0
1767764951.4563115,9124707774134530792,0,21,0,0,0,0,0,0,0,0,0.0,0,0,0
1767764956.46128,9124707774134530792,0,0,9,52,9,2,2,3,2,90228,4836.7119140625,0,0,3
1767764956.46128,9124707774134530792,0,1,8,52,10,4,2,3,2,90281,4833.1015625,0,0,3
1767764956.46128,9124707774134530792,0,2,13,52,12,0,2,3,2,90199,4847.78955078125,0,0,3
1767764956.46128,9124707774134530792,0,3,6,52,8,8,2,3,2,89789,4806.34765625,0,0,3
1767764956.46128,9124707774134530792,0,4,4,52,3,12,2,3,2,89495,4793.0673828125,0,0,3
1767764956.46128,9124707774134530792,0,5,15,52,20,0,2,3,2,90532,4854.94970703125,0,0,3
1767764956.46128,9124707774134530792,0,6,10,52,15,1,2,3,2,90300,4840.35888671875,0,0,3
1767764956.46128,9124707774134530792,0,7,18,51,19,0,3,3,2,90725,4799.23828125,0,0,4
1767764956.46128,9124707774134530792,0,8,3,52,1,15,2,3,2,89213,4792.3017578125,0,0,3
1767764956.46128,9124707774134530792,0,9,14,52,16,0,2,3,2,90412,4852.21533203125,0,0,3
1767764956.46128,9124707774134530792,0,10,1,52,6,25,2,3,2,89254,4777.759765625,0,0,3
1767764956.46128,9124707774134530792,0,11,19,38,4,0,2,4,3,90429,3625.40576171875,0,0,3
1767764956.46128,9124707774134530792,0,12,12,52,14,0,2,3,2,90043,4847.08447265625,0,0,3
1767764956.46128,9124707774134530792,0,13,2,52,5,18,2,3,2,89567,4786.0625,0,0,3
1767764956.46128,9124707774134530792,0,14,17,51,11,0,2,3,2,90849,4779.8515625,0,0,3
1767764956.46128,9124707774134530792,0,15,11,52,18,0,2,3,2,89968,4841.6103515625,0,0,3
1767764956.46128,9124707774134530792,0,16,5,52,2,10,2,3,2,89630,4798.53369140625,0,0,3
1767764956.46128,9124707774134530792,0,17,7,52,7,6,2,3,2,89520,4809.52978515625,0,0,3
1767764956.46128,9124707774134530792,0,18,16,52,13,0,2,3,2,90794,4866.3095703125,0,0,3
1767764956.46128,9124707774134530792,0,19,20,0,17,0,0,4,1,0,4957.805258860812,0,0,1
1767764956.46128,9124707774134530792,0,20,0,0,0,0,0,0,0,0,0.0,0,0,0
1767764956.46128,9124707774134530792,0,21,0,0,0,0,0,0,0,0,0.0,0,0,0
1767764961.4802275,9124707774134530792,0,0,9,52,9,2,2,3,2,90228,4836.7119140625,0,0,3
1767764961.4802275,9124707774134530792,0,1,8,52,10,4,2,3,2,90281,4833.1015625,0,0,3
1767764961.4802275,9124707774134530792,0,2,13,52,12,0,2,3,2,90199,4847.78955078125,0,0,3
1767764961.4802275,9124707774134530792,0,3,6,52,8,8,2,3,2,89789,4806.34765625,0,0,3
1767764961.4802275,9124707774134530792,0,4,4,52,3,12,2,3,2,89495,4793.0673828125,0,0,3
1767764961.4802275,9124707774134530792,0,5,15,52,20,0,2,3,2,90532,4854.94970703125,0,0,3
1767764961.4802275,9124707774134530792,0,6,10,52,15,1,2,3,2,90300,4840.35888671875,0,0,3
1767764961.4802275,9124707774134530792,0,7,18,51,19,0,3,3,2,90725,4799.23828125,0,0,4
1767764961.4802275,9124707774134530792,0,8,3,52,1,15,2,3,2,89213,4792.3017578125,0,0,3
1767764961.4802275,9124707774134530792,0,9,14,52,16,0,2,3,2,90412,4852.21533203125,0,0,3
1767764961.4802275,9124707774134530792,0,10,1,52,6,25,2,3,2,89254,4777.759765625,0,0,3
1767764961.4802275,9124707774134530792,0,11,19,38,4,0,2,4,3,90429,3625.40576171875,0,0,3
1767764961.4802275,9124707774134530792,0,12,12,52,14,0,2,3,2,90043,4847.08447265625,0,0,3
1767764961.4802275,9124707774134530792,0,13,2,52,5,18,2,3,2,89567,4786.0625,0,0,3
1767764961.4802275,9124707774134530792,0,14,17,51,11,0,2,3,2,90849,4779.8515625,0,0,3
1767764961.4802275,9124707774134530792,0,15,11,52,18,0,2,3,2,89968,4841.6103515625,0,0,3
1767764961.4802275,9124707774134530792,0,16,5,52,2,10,2,3,2,89630,4798.53369140625,0,0,3
1767764961.4802275,9124707774134530792,0,17,7,52,7,6,2,3,2,89520,4809.52978515625,0,0,3
1767764961.4802275,9124707774134530792,0,18,16,52,13,0,2,3,2,90794,4866.3095703125,0,0,3
1767764961.4802275,9124707774134530792,0,19,20,0,17,0,0,4,1,0,4957.805258860812,0,0,1
1767764961.4802275,9124707774134530792,0,20,0,0,0,0,0,0,0,0,0.0,0,0,0
1767764961.4802275,9124707774134530792,0,21,0,0,0,0,0,0,0,0,0.0,0,0,0
1767764966.4847994,9124707774134530792,0,0,9,52,9,2,2,3,2,90228,4836.7119140625,0,0,3
1767764966.4847994,9124707774134530792,0,1,8,52,10,4,2,3,2,90281,4833.1015625,0,0,3
1767764966.4847994,9124707774134530792,0,2,13,52,12,0,2,3,2,90199,4847.78955078125,0,0,3
1767764966.4847994,9124707774134530792,0,3,6,52,8,8,2,3,2,89789,4806.34765625,0,0,3
1767764966.4847994,9124707774134530792,0,4,4,52,3,12,2,3,2,89495,4793.0673828125,0,0,3
1767764966.4847994,9124707774134530792,0,5,15,52,20,0,2,3,2,90532,4854.94970703125,0,0,3
1767764966.4847994,9124707774134530792,0,6,10,52,15,1,2,3,2,90300,4840.35888671875,0,0,3
1767764966.4847994,9124707774134530792,0,7,18,51,19,0,3,3,2,90725,4799.23828125,0,0,4
1767764966.4847994,9124707774134530792,0,8,3,52,1,15,2,3,2,89213,4792.3017578125,0,0,3
1767764966.4847994,9124707774134530792,0,9,14,52,16,0,2,3,2,90412,4852.21533203125,0,0,3
1767764966.4847994,9124707774134530792,0,10,1,52,6,25,2,3,2,89254,4777.759765625,0,0,3
1767764966.4847994,9124707774134530792,0,11,19,38,4,0,2,4,3,90429,3625.40576171875,0,0,3
1767764966.4847994,9124707774134530792,0,12,12,52,14,0,2,3,2,90043,4847.08447265625,0,0,3
1767764966.4847994,9124707774134530792,0,13,2,52,5,18,2,3,2,89567,4786.0625,0,0,3
1767764966.4847994,9124707774134530792,0,14,17,51,11,0,2,3,2,90849,4779.8515625,0,0,3
1767764966.4847994,9124707774134530792,0,15,11,52,18,0,2,3,2,89968,4841.6103515625,0,0,3
1767764966.4847994,9124707774134530792,0,16,5,52,2,10,2,3,2,89630,4798.53369140625,0,0,3
1767764966.4847994,9124707774134530792,0,17,7,52,7,6,2,3,2,89520,4809.52978515625,0,0,3
1767764966.4847994,9124707774134530792,0,18,16,52,13,0,2,3,2,90794,4866.3095703125,0,0,3
1767764966.4847994,9124707774134530792,0,19,20,0,17,0,0,4,1,0,4957.805258860812,0,0,1
1767764966.4847994,9124707774134530792,0,20,0,0,0,0,0,0,0,0,0.0,0,0,0
1767764966.4847994,9124707774134530792,0,21,0,0,0,0,0,0,0,0,0.0,0,0,0
1767764971.4893227,9124707774134530792,0,0,9,52,9,2,2,3,2,90228,4836.7119140625,0,0,3
1767764971.4893227,9124707774134530792,0,1,8,52,10,4,2,3,2,90281,4833.1015625,0,0,3
1767764971.4893227,9124707774134530792,0,2,13,52,12,0,2,3,2,90199,4847.78955078125,0,0,3
1767764971.4893227,9124707774134530792,0,3,6,52,8,8,2,3,2,89789,4806.34765625,0,0,3
1767764971.4893227,9124707774134530792,0,4,4,52,3,12,2,3,2,89495,4793.0673828125,0,0,3
1767764971.4893227,9124707774134530792,0,5,15,52,20,0,2,3,2,90532,4854.94970703125,0,0,3
1767764971.4893227,9124707774134530792,0,6,10,52,15,1,2,3,2,90300,4840.35888671875,0,0,3
1767764971.4893227,9124707774134530792,0,7,18,51,19,0,3,3,2,90725,4799.23828125,0,0,4
1767764971.4893227,9124707774134530792,0,8,3,52,1,15,2,3,2,89213,4792.3017578125,0,0,3
1767764971.4893227,9124707774134530792,0,9,14,52,16,0,2,3,2,90412,4852.21533203125,0,0,3
1767764971.4893227,9124707774134530792,0,10,1,52,6,25,2,3,2,89254,4777.759765625,0,0,3
1767764971.4893227,9124707774134530792,0,11,19,38,4,0,2,4,3,90429,3625.40576171875,0,0,3
1767764971.4893227,9124707774134530792,0,12,12,52,14,0,2,3,2,90043,4847.08447265625,0,0,3
1767764971.4893227,9124707774134530792,0,13,2,52,5,18,2,3,2,89567,4786.0625,0,0,3
1767764971.4893227,9124707774134530792,0,14,17,51,11,0,2,3,2,90849,4779.8515625,0,0,3
1767764971.4893227,9124707774134530792,0,15,11,52,18,0,2,3,2,89968,4841.6103515625,0,0,3
1767764971.4893227,9124707774134530792,0,16,5,52,2,10,2,3,2,89630,4798.53369140625,0,0,3
1767764971.4893227,9124707774134530792,0,17,7,52,7,6,2,3,2,89520,4809.52978515625,0,0,3
1767764971.4893227,9124707774134530792,0,18,16,52,13,0,2,3,2,90794,4866.3095703125,0,0,3
1767764971.4893227,9124707774134530792,0,19,20,0,17,0,0,4,1,0,4957.805258860812,0,0,1
1767764971.4893227,9124707774134530792,0,20,0,0,0,0,0,0,0,0,0.0,0,0,0
1767764971.4893227,9124707774134530792,0,21,0,0,0,0,0,0,0,0,0.0,0,0,0
1767764976.496617,9124707774134530792,0,0,9,52,9,2,2,3,2,90228,4836.7119140625,0,0,3
1767764976.496617,9124707774134530792,0,1,8,52,10,4,2,3,2,90281,4833.1015625,0,0,3
1767764976.496617,9124707774134530792,0,2,13,52,12,0,2,3,2,90199,4847.78955078125,0,0,3
1767764976.496617,9124707774134530792,0,3,6,52,8,8,2,3,2,89789,4806.34765625,0,0,3
1767764976.496617,9124707774134530792,0,4,4,52,3,12,2,3,2,89495,4793.0673828125,0,0,3
1767764976.496617,9124707774134530792,0,5,15,52,20,0,2,3,2,90532,4854.94970703125,0,0,3
1767764976.496617,9124707774134530792,0,6,10,52,15,1,2,3,2,90300,4840.35888671875,0,0,3
1767764976.496617,9124707774134530792,0,7,18,51,19,0,3,3,2,90725,4799.23828125,0,0,4
1767764976.496617,9124707774134530792,0,8,3,52,1,15,2,3,2,89213,4792.3017578125,0,0,3
1767764976.496617,9124707774134530792,0,9,14,52,16,0,2,3,2,90412,4852.21533203125,0,0,3
1767764976.496617,9124707774134530792,0,10,1,52,6,25,2,3,2,89254,4777.759765625,0,0,3
1767764976.496617,9124707774134530792,0,11,19,38,4,0,2,4,3,90429,3625.40576171875,0,0,3
1767764976.496617,9124707774134530792,0,12,12,52,14,0,2,3,2,90043,4847.08447265625,0,0,3
1767764976.496617,9124707774134530792,0,13,2,52,5,18,2,3,2,89567,4786.0625,0,0,3
1767764976.496617,9124707774134530792,0,14,17,51,11,0,2,3,2,90849,4779.8515625,0,0,3
1767764976.496617,9124707774134530792,0,15,11,52,18,0,2,3,2,89968,4841.6103515625,0,0,3
1767764976.496617,9124707774134530792,0,16,5,52,2,10,2,3,2,89630,4798.53369140625,0,0,3
1767764976.496617,9124707774134530792,0,17,7,52,7,6,2,3,2,89520,4809.52978515625,0,0,3
1767764976.496617,9124707774134530792,0,18,16,52,13,0,2,3,2,90794,4866.3095703125,0,0,3
1767764976.496617,9124707774134530792,0,19,20,0,17,0,0,4,1,0,4957.805258860812,0,0,1
1767764976.496617,9124707774134530792,0,20,0,0,0,0,0,0,0,0,0.0,0,0,0
1767764976.496617,9124707774134530792,0,21,0,0,0,0,0,0,0,0,0.0,0,0,0
1767764981.5146153,9124707774134530792,0,0,9,52,9,2,2,3,2,90228,4836.7119140625,0,0,3
1767764981.5146153,9124707774134530792,0,1,8,52,10,4,2,3,2,90281,4833.1015625,0,0,3
1767764981.5146153,9124707774134530792,0,2,13,52,12,0,2,3,2,90199,4847.78955078125,0,0,3
1767764981.5146153,9124707774134530792,0,3,6,52,8,8,2,3,2,89789,4806.34765625,0,0,3
1767764981.5146153,9124707774134530792,0,4,4,52,3,12,2,3,2,89495,4793.0673828125,0,0,3
1767764981.5146153,9124707774134530792,0,5,15,52,20,0,2,3,2,90532,4854.94970703125,0,0,3
1767764981.5146153,9124707774134530792,0,6,10,52,15,1,2,3,2,90300,4840.35888671875,0,0,3
1767764981.5146153,9124707774134530792,0,7,18,51,19,0,3,3,2,90725,4799.23828125,0,0,4
1767764981.5146153,9124707774134530792,0,8,3,52,1,15,2,3,2,89213,4792.3017578125,0,0,3
1767764981.5146153,9124707774134530792,0,9,14,52,16,0,2,3,2,90412,4852.21533203125,0,0,3
1767764981.5146153,9124707774134530792,0,10,1,52,6,25,2,3,2,89254,4777.759765625,0,0,3
1767764981.5146153,9124707774134530792,0,11,19,38,4,0,2,4,3,90429,3625.40576171875,0,0,3
1767764981.5146153,9124707774134530792,0,12,12,52,14,0,2,3,2,90043,4847.08447265625,0,0,3
1767764981.5146153,9124707774134530792,0,13,2,52,5,18,2,3,2,89567,4786.0625,0,0,3
1767764981.5146153,9124707774134530792,0,14,17,51,11,0,2,3,2,90849,4779.8515625,0,0,3
1767764981.5146153,9124707774134530792,0,15,11,52,18,0,2,3,2,89968,4841.6103515625,0,0,3
1767764981.5146153,9124707774134530792,0,16,5,52,2,10,2,3,2,89630,4798.53369140625,0,0,3
1767764981.5146153,9124707774134530792,0,17,7,52,7,6,2,3,2,89520,4809.52978515625,0,0,3
1767764981.5146153,9124707774134530792,0,18,16,52,13,0,2,3,2,90794,4866.3095703125,0,0,3
1767764981.5146153,9124707774134530792,0,19,20,0,17,0,0,4,1,0,4957.805258860812,0,0,1
1767764981.5146153,9124707774134530792,0,20,0,0,0,0,0,0,0,0,0.0,0,0,0
1767764981.5146153,9124707774134530792,0,21,0,0,0,0,0,0,0,0,0.0,0,0,0
1767764986.517674,9124707774134530792,0,0,9,52,9,2,2,3,2,90228,4836.7119140625,0,0,3
1767764986.517674,9124707774134530792,0,1,8,52,10,4,2,3,2,90281,4833.1015625,0,0,3
1767764986.517674,9124707774134530792,0,2,13,52,12,0,2,3,2,90199,4847.78955078125,0,0,3
1767764986.517674,9124707774134530792,0,3,6,52,8,8,2,3,2,89789,4806.34765625,0,0,3
1767764986.517674,9124707774134530792,0,4,4,52,3,12,2,3,2,89495,4793.0673828125,0,0,3
1767764986.517674,9124707774134530792,0,5,15,52,20,0,2,3,2,90532,4854.94970703125,0,0,3
1767764986.517674,9124707774134530792,0,6,10,52,15,1,2,3,2,90300,4840.35888671875,0,0,3
1767764986.517674,9124707774134530792,0,7,18,51,19,0,3,3,2,90725,4799.23828125,0,0,4
1767764986.517674,9124707774134530792,0,8,3,52,1,15,2,3,2,89213,4792.3017578125,0,0,3
1767764986.517674,9124707774134530792,0,9,14,52,16,0,2,3,2,90412,4852.21533203125,0,0,3
1767764986.517674,9124707774134530792,0,10,1,52,6,25,2,3,2,89254,4777.759765625,0,0,3
1767764986.517674,9124707774134530792,0,11,19,38,4,0,2,4,3,90429,3625.40576171875,0,0,3
1767764986.517674,9124707774134530792,0,12,12,52,14,0,2,3,2,90043,4847.08447265625,0,0,3
1767764986.517674,9124707774134530792,0,13,2,52,5,18,2,3,2,89567,4786.0625,0,0,3
1767764986.517674,9124707774134530792,0,14,17,51,11,0,2,3,2,90849,4779.8515625,0,0,3
1767764986.517674,9124707774134530792,0,15,11,52,18,0,2,3,2,89968,4841.6103515625,0,0,3
1767764986.517674,9124707774134530792,0,16,5,52,2,10,2,3,2,89630,4798.53369140625,0,0,3
1767764986.517674,9124707774134530792,0,17,7,52,7,6,2,3,2,89520,4809.52978515625,0,0,3
1767764986.517674,9124707774134530792,0,18,16,52,13,0,2,3,2,90794,4866.3095703125,0,0,3
1767764986.517674,9124707774134530792,0,19,20,0,17,0,0,4,1,0,4957.805258860812,0,0,1
1767764986.517674,9124707774134530792,0,20,0,0,0,0,0,0,0,0,0.0,0,0,0
1767764986.517674,9124707774134530792,0,21,0,0,0,0,0,0,0,0,0.0,0,0,0
1767764991.5227387,9124707774134530792,0,0,9,52,9,2,2,3,2,90228,4836.7119140625,0,0,3
1767764991.5227387,9124707774134530792,0,1,8,52,10,4,2,3,2,90281,4833.1015625,0,0,3
1767764991.5227387,9124707774134530792,0,2,13,52,12,0,2,3,2,90199,4847.78955078125,0,0,3
1767764991.5227387,9124707774134530792,0,3,6,52,8,8,2,3,2,89789,4806.34765625,0,0,3
1767764991.5227387,9124707774134530792,0,4,4,52,3,12,2,3,2,89495,4793.0673828125,0,0,3
1767764991.5227387,9124707774134530792,0,5,15,52,20,0,2,3,2,90532,4854.94970703125,0,0,3
1767764991.5227387,9124707774134530792,0,6,10,52,15,1,2,3,2,90300,4840.35888671875,0,0,3
1767764991.5227387,9124707774134530792,0,7,18,51,19,0,3,3,2,90725,4799.23828125,0,0,4
1767764991.5227387,9124707774134530792,0,8,3,52,1,15,2,3,2,89213,4792.3017578125,0,0,3
1767764991.5227387,9124707774134530792,0,9,14,52,16,0,2,3,2,90412,4852.21533203125,0,0,3
1767764991.5227387,9124707774134530792,0,10,1,52,6,25,2,3,2,89254,4777.759765625,0,0,3
1767764991.5227387,9124707774134530792,0,11,19,38,4,0,2,4,3,90429,3625.40576171875,0,0,3
1767764991.5227387,9124707774134530792,0,12,12,52,14,0,2,3,2,90043,4847.08447265625,0,0,3
1767764991.5227387,9124707774134530792,0,13,2,52,5,18,2,3,2,89567,4786.0625,0,0,3
1767764991.5227387,9124707774134530792,0,14,17,51,11,0,2,3,2,90849,4779.8515625,0,0,3
1767764991.5227387,9124707774134530792,0,15,11,52,18,0,2,3,2,89968,4841.6103515625,0,0,3
1767764991.5227387,9124707774134530792,0,16,5,52,2,10,2,3,2,89630,4798.53369140625,0,0,3
1767764991.5227387,9124707774134530792,0,17,7,52,7,6,2,3,2,89520,4809.52978515625,0,0,3
1767764991.5227387,9124707774134530792,0,18,16,52,13,0,2,3,2,90794,4866.3095703125,0,0,3
1767764991.5227387,9124707774134530792,0,19,20,0,17,0,0,4,1,0,4957.805258860812,0,0,1
1767764991.5227387,9124707774134530792,0,20,0,0,0,0,0,0,0,0,0.0,0,0,0
1767764991.5227387,9124707774134530792,0,21,0,0,0,0,0,0,0,0,0.0,0,0,0
1767764996.5240903,9124707774134530792,0,0,9,52,9,2,2,3,2,90228,4836.7119140625,0,0,3
1767764996.5240903,9124707774134530792,0,1,8,52,10,4,2,3,2,90281,4833.1015625,0,0,3
1767764996.5240903,9124707774134530792,0,2,13,52,12,0,2,3,2,90199,4847.78955078125,0,0,3
1767764996.5240903,9124707774134530792,0,3,6,52,8,8,2,3,2,89789,4806.34765625,0,0,3
1767764996.5240903,9124707774134530792,0,4,4,52,3,12,2,3,2,89495,4793.0673828125,0,0,3
1767764996.5240903,9124707774134530792,0,5,15,52,20,0,2,3,2,90532,4854.94970703125,0,0,3
1767764996.5240903,9124707774134530792,0,6,10,52,15,1,2,3,2,90300,4840.35888671875,0,0,3
1767764996.5240903,9124707774134530792,0,7,18,51,19,0,3,3,2,90725,4799.23828125,0,0,4
1767764996.5240903,9124707774134530792,0,8,3,52,1,15,2,3,2,89213,4792.3017578125,0,0,3
1767764996.5240903,9124707774134530792,0,9,14,52,16,0,2,3,2,90412,4852.21533203125,0,0,3
1767764996.5240903,9124707774134530792,0,10,1,52,6,25,2,3,2,89254,4777.759765625,0,0,3
1767764996.5240903,9124707774134530792,0,11,19,38,4,0,2,4,3,90429,3625.40576171875,0,0,3
1767764996.5240903,9124707774134530792,0,12,12,52,14,0,2,3,2,90043,4847.08447265625,0,0,3
1767764996.5240903,9124707774134530792,0,13,2,52,5,18,2,3,2,89567,4786.0625,0,0,3
1767764996.5240903,9124707774134530792,0,14,17,51,11,0,2,3,2,90849,4779.8515625,0,0,3
1767764996.5240903,9124707774134530792,0,15,11,52,18,0,2,3,2,89968,4841.6103515625,0,0,3
1767764996.5240903,9124707774134530792,0,16,5,52,2,10,2,3,2,89630,4798.53369140625,0,0,3
1767764996.5240903,9124707774134530792,0,17,7,52,7,6,2,3,2,89520,4809.52978515625,0,0,3
1767764996.5240903,9124707774134530792,0,18,16,52,13,0,2,3,2,90794,4866.3095703125,0,0,3
1767764996.5240903,9124707774134530792,0,19,20,0,17,0,0,4,1,0,4957.805258860812,0,0,1
1767764996.5240903,9124707774134530792,0,20,0,0,0,0,0,0,0,0,0.0,0,0,0
1767764996.5240903,9124707774134530792,0,21,0,0,0,0,0,0,0,0,0.0,0,0,0
1767765001.5426774,9124707774134530792,0,0,9,52,9,2,2,3,2,90228,4836.7119140625,0,0,3
1767765001.5426774,9124707774134530792,0,1,8,52,10,4,2,3,2,90281,4833.1015625,0,0,3
1767765001.5426774,9124707774134530792,0,2,13,52,12,0,2,3,2,90199,4847.78955078125,0,0,3
1767765001.5426774,9124707774134530792,0,3,6,52,8,8,2,3,2,89789,4806.34765625,0,0,3
1767765001.5426774,9124707774134530792,0,4,4,52,3,12,2,3,2,89495,4793.0673828125,0,0,3
1767765001.5426774,9124707774134530792,0,5,15,52,20,0,2,3,2,90532,4854.94970703125,0,0,3
1767765001.5426774,9124707774134530792,0,6,10,52,15,1,2,3,2,90300,4840.35888671875,0,0,3
1767765001.5426774,9124707774134530792,0,7,18,51,19,0,3,3,2,90725,4799.23828125,0,0,4
1767765001.5426774,9124707774134530792,0,8,3,52,1,15,2,3,2,89213,4792.3017578125,0,0,3
1767765001.5426774,9124707774134530792,0,9,14,52,16,0,2,3,2,90412,4852.21533203125,0,0,3
1767765001.5426774,9124707774134530792,0,10,1,52,6,25,2,3,2,89254,4777.759765625,0,0,3
1767765001.5426774,9124707774134530792,0,11,19,38,4,0,2,4,3,90429,3625.40576171875,0,0,3
1767765001.5426774,9124707774134530792,0,12,12,52,14,0,2,3,2,90043,4847.08447265625,0,0,3
1767765001.5426774,9124707774134530792,0,13,2,52,5,18,2,3,2,89567,4786.0625,0,0,3
1767765001.5426774,9124707774134530792,0,14,17,51,11,0,2,3,2,90849,4779.8515625,0,0,3
1767765001.5426774,9124707774134530792,0,15,11,52,18,0,2,3,2,89968,4841.6103515625,0,0,3
1767765001.5426774,9124707774134530792,0,16,5,52,2,10,2,3,2,89630,4798.53369140625,0,0,3
1767765001.5426774,9124707774134530792,0,17,7,52,7,6,2,3,2,89520,4809.52978515625,0,0,3
1767765001.5426774,9124707774134530792,0,18,16,52,13,0,2,3,2,90794,4866.3095703125,0,0,3
1767765001.5426774,9124707774134530792,0,19,20,0,17,0,0,4,1,0,4957.805258860812,0,0,1
1767765001.5426774,9124707774134530792,0,20,0,0,0,0,0,0,0,0,0.0,0,0,0
1767765001.5426774,9124707774134530792,0,21,0,0,0,0,0,0,0,0,0.0,0,0,0
1767765006.5637598,9124707774134530792,0,0,9,52,9,2,2,3,2,90228,4836.7119140625,0,0,3
1767765006.5637598,9124707774134530792,0,1,8,52,10,4,2,3,2,90281,4833.1015625,0,0,3
1767765006.5637598,9124707774134530792,0,2,13,52,12,0,2,3,2,90199,4847.78955078125,0,0,3
1767765006.5637598,9124707774134530792,0,3,6,52,8,8,2,3,2,89789,4806.34765625,0,0,3
1767765006.5637598,9124707774134530792,0,4,4,52,3,12,2,3,2,89495,4793.0673828125,0,0,3
1767765006.5637598,9124707774134530792,0,5,15,52,20,0,2,3,2,90532,4854.94970703125,0,0,3
1767765006.5637598,9124707774134530792,0,6,10,52,15,1,2,3,2,90300,4840.35888671875,0,0,3
1767765006.5637598,9124707774134530792,0,7,18,51,19,0,3,3,2,90725,4799.23828125,0,0,4
1767765006.5637598,9124707774134530792,0,8,3,52,1,15,2,3,2,89213,4792.3017578125,0,0,3
1767765006.5637598,9124707774134530792,0,9,14,52,16,0,2,3,2,90412,4852.21533203125,0,0,3
1767765006.5637598,9124707774134530792,0,10,1,52,6,25,2,3,2,89254,4777.759765625,0,0,3
1767765006.5637598,9124707774134530792,0,11,19,38,4,0,2,4,3,90429,3625.40576171875,0,0,3
1767765006.5637598,9124707774134530792,0,12,12,52,14,0,2,3,2,90043,4847.08447265625,0,0,3
1767765006.5637598,9124707774134530792,0,13,2,52,5,18,2,3,2,89567,4786.0625,0,0,3
1767765006.5637598,9124707774134530792,0,14,17,51,11,0,2,3,2,90849,4779.8515625,0,0,3
1767765006.5637598,9124707774134530792,0,15,11,52,18,0,2,3,2,89968,4841.6103515625,0,0,3
1767765006.5637598,9124707774134530792,0,16,5,52,2,10,2,3,2,89630,4798.53369140625,0,0,3
1767765006.5637598,9124707774134530792,0,17,7,52,7,6,2,3,2,89520,4809.52978515625,0,0,3
1767765006.5637598,9124707774134530792,0,18,16,52,13,0,2,3,2,90794,4866.3095703125,0,0,3
1767765006.5637598,9124707774134530792,0,19,20,0,17,0,0,4,1,0,4957.805258860812,0,0,1
1767765006.5637598,9124707774134530792,0,20,0,0,0,0,0,0,0,0,0.0,0,0,0
1767765006.5637598,9124707774134530792,0,21,0,0,0,0,0,0,0,0,0.0,0,0,0
1767765011.5849779,9124707774134530792,0,0,9,52,9,2,2,3,2,90228,4836.7119140625,0,0,3
1767765011.5849779,9124707774134530792,0,1,8,52,10,4,2,3,2,90281,4833.1015625,0,0,3
1767765011.5849779,9124707774134530792,0,2,13,52,12,0,2,3,2,90199,4847.78955078125,0,0,3
1767765011.5849779,9124707774134530792,0,3,6,52,8,8,2,3,2,89789,4806.34765625,0,0,3
1767765011.5849779,9124707774134530792,0,4,4,52,3,12,2,3,2,89495,4793.0673828125,0,0,3
1767765011.5849779,9124707774134530792,0,5,15,52,20,0,2,3,2,90532,4854.94970703125,0,0,3
1767765011.5849779,9124707774134530792,0,6,10,52,15,1,2,3,2,90300,4840.35888671875,0,0,3
1767765011.5849779,9124707774134530792,0,7,18,51,19,0,3,3,2,90725,4799.23828125,0,0,4
1767765011.5849779,9124707774134530792,0,8,3,52,1,15,2,3,2,89213,4792.3017578125,0,0,3
1767765011.5849779,9124707774134530792,0,9,14,52,16,0,2,3,2,90412,4852.21533203125,0,0,3
1767765011.5849779,9124707774134530792,0,10,1,52,6,25,2,3,2,89254,4777.759765625,0,0,3
1767765011.5849779,9124707774134530792,0,11,19,38,4,0,2,4,3,90429,3625.40576171875,0,0,3
1767765011.5849779,9124707774134530792,0,12,12,52,14,0,2,3,2,90043,4847.08447265625,0,0,3
1767765011.5849779,9124707774134530792,0,13,2,52,5,18,2,3,2,89567,4786.0625,0,0,3
1767765011.5849779,9124707774134530792,0,14,17,51,11,0,2,3,2,90849,4779.8515625,0,0,3
1767765011.5849779,9124707774134530792,0,15,11,52,18,0,2,3,2,89968,4841.6103515625,0,0,3
1767765011.5849779,9124707774134530792,0,16,5,52,2,10,2,3,2,89630,4798.53369140625,0,0,3
1767765011.5849779,9124707774134530792,0,17,7,52,7,6,2,3,2,89520,4809.52978515625,0,0,3
1767765011.5849779,9124707774134530792,0,18,16,52,13,0,2,3,2,90794,4866.3095703125,0,0,3
1767765011.5849779,9124707774134530792,0,19,20,0,17,0,0,4,1,0,4957.805258860812,0,0,1
1767765011.5849779,9124707774134530792,0,20,0,0,0,0,0,0,0,0,0.0,0,0,0
1767765011.5849779,9124707774134530792,0,21,0,0,0,0,0,0,0,0,0.0,0,0,0
1767765016.5923371,9124707774134530792,0,0,9,52,9,2,2,3,2,90228,4836.7119140625,0,0,3
1767765016.5923371,9124707774134530792,0,1,8,52,10,4,2,3,2,90281,4833.1015625,0,0,3
1767765016.5923371,9124707774134530792,0,2,13,52,12,0,2,3,2,90199,4847.78955078125,0,0,3
1767765016.5923371,9124707774134530792,0,3,6,52,8,8,2,3,2,89789,4806.34765625,0,0,3
1767765016.5923371,9124707774134530792,0,4,4,52,3,12,2,3,2,89495,4793.0673828125,0,0,3
1767765016.5923371,9124707774134530792,0,5,15,52,20,0,2,3,2,90532,4854.94970703125,0,0,3
1767765016.5923371,9124707774134530792,0,6,10,52,15,1,2,3,2,90300,4840.35888671875,0,0,3
1767765016.5923371,9124707774134530792,0,7,18,51,19,0,3,3,2,90725,4799.23828125,0,0,4
1767765016.5923371,9124707774134530792,0,8,3,52,1,15,2,3,2,89213,4792.3017578125,0,0,3
1767765016.5923371,9124707774134530792,0,9,14,52,16,0,2,3,2,90412,4852.21533203125,0,0,3
1767765016.5923371,9124707774134530792,0,10,1,52,6,25,2,3,2,89254,4777.759765625,0,0,3
1767765016.5923371,9124707774134530792,0,11,19,38,4,0,2,4,3,90429,3625.40576171875,0,0,3
1767765016.5923371,9124707774134530792,0,12,12,52,14,0,2,3,2,90043,4847.08447265625,0,0,3
1767765016.5923371,9124707774134530792,0,13,2,52,5,18,2,3,2,89567,4786.0625,0,0,3
1767765016.5923371,9124707774134530792,0,14,17,51,11,0,2,3,2,90849,4779.8515625,0,0,3
1767765016.5923371,9124707774134530792,0,15,11,52,18,0,2,3,2,89968,4841.6103515625,0,0,3
1767765016.5923371,9124707774134530792,0,16,5,52,2,10,2,3,2,89630,4798.53369140625,0,0,3
1767765016.5923371,9124707774134530792,0,17,7,52,7,6,2,3,2,89520,4809.52978515625,0,0,3
1767765016.5923371,9124707774134530792,0,18,16,52,13,0,2,3,2,90794,4866.3095703125,0,0,3
1767765016.5923371,9124707774134530792,0,19,20,0,17,0,0,4,1,0,4957.805258860812,0,0,1
1767765016.5923371,9124707774134530792,0,20,0,0,0,0,0,0,0,0,0.0,0,0,0
1767765016.5923371,9124707774134530792,0,21,0,0,0,0,0,0,0,0,0.0,0,0,0
1767765021.5966518,9124707774134530792,0,0,9,52,9,2,2,3,2,90228,4836.7119140625,0,0,3
1767765021.5966518,9124707774134530792,0,1,8,52,10,4,2,3,2,90281,4833.1015625,0,0,3
1767765021.5966518,9124707774134530792,0,2,13,52,12,0,2,3,2,90199,4847.78955078125,0,0,3
1767765021.5966518,9124707774134530792,0,3,6,52,8,8,2,3,2,89789,4806.34765625,0,0,3
1767765021.5966518,9124707774134530792,0,4,4,52,3,12,2,3,2,89495,4793.0673828125,0,0,3
1767765021.5966518,9124707774134530792,0,5,15,52,20,0,2,3,2,90532,4854.94970703125,0,0,3
1767765021.5966518,9124707774134530792,0,6,10,52,15,1,2,3,2,90300,4840.35888671875,0,0,3
1767765021.5966518,9124707774134530792,0,7,18,51,19,0,3,3,2,90725,4799.23828125,0,0,4
1767765021.5966518,9124707774134530792,0,8,3,52,1,15,2,3,2,89213,4792.3017578125,0,0,3
1767765021.5966518,9124707774134530792,0,9,14,52,16,0,2,3,2,90412,4852.21533203125,0,0,3
1767765021.5966518,9124707774134530792,0,10,1,52,6,25,2,3,2,89254,4777.759765625,0,0,3
1767765021.5966518,9124707774134530792,0,11,19,38,4,0,2,4,3,90429,3625.40576171875,0,0,3
1767765021.5966518,9124707774134530792,0,12,12,52,14,0,2,3,2,90043,4847.08447265625,0,0,3
1767765021.5966518,9124707774134530792,0,13,2,52,5,18,2,3,2,89567,4786.0625,0,0,3
1767765021.5966518,9124707774134530792,0,14,17,51,11,0,2,3,2,90849,4779.8515625,0,0,3
1767765021.5966518,9124707774134530792,0,15,11,52,18,0,2,3,2,89968,4841.6103515625,0,0,3
1767765021.5966518,9124707774134530792,0,16,5,52,2,10,2,3,2,89630,4798.53369140625,0,0,3
1767765021.5966518,9124707774134530792,0,17,7,52,7,6,2,3,2,89520,4809.52978515625,0,0,3
1767765021.5966518,9124707774134530792,0,18,16,52,13,0,2,3,2,90794,4866.3095703125,0,0,3
1767765021.5966518,9124707774134530792,0,19,20,0,17,0,0,4,1,0,4957.805258860812,0,0,1
1767765021.5966518,9124707774134530792,0,20,0,0,0,0,0,0,0,0,0.0,0,0,0
1767765021.5966518,9124707774134530792,0,21,0,0,0,0,0,0,0,0,0.0,0,0,0
1767765026.602306,9124707774134530792,0,0,9,52,9,2,2,3,2,90228,4836.7119140625,0,0,3
1767765026.602306,9124707774134530792,0,1,8,52,10,4,2,3,2,90281,4833.1015625,0,0,3
1767765026.602306,9124707774134530792,0,2,13,52,12,0,2,3,2,90199,4847.78955078125,0,0,3
1767765026.602306,9124707774134530792,0,3,6,52,8,8,2,3,2,89789,4806.34765625,0,0,3
1767765026.602306,9124707774134530792,0,4,4,52,3,12,2,3,2,89495,4793.0673828125,0,0,3
1767765026.602306,9124707774134530792,0,5,15,52,20,0,2,3,2,90532,4854.94970703125,0,0,3
1767765026.602306,9124707774134530792,0,6,10,52,15,1,2,3,2,90300,4840.35888671875,0,0,3
1767765026.602306,9124707774134530792,0,7,18,51,19,0,3,3,2,90725,4799.23828125,0,0,4
1767765026.602306,9124707774134530792,0,8,3,52,1,15,2,3,2,89213,4792.3017578125,0,0,3
1767765026.602306,9124707774134530792,0,9,14,52,16,0,2,3,2,90412,4852.21533203125,0,0,3
1767765026.602306,9124707774134530792,0,10,1,52,6,25,2,3,2,89254,4777.759765625,0,0,3
1767765026.602306,9124707774134530792,0,11,19,38,4,0,2,4,3,90429,3625.40576171875,0,0,3
1767765026.602306,9124707774134530792,0,12,12,52,14,0,2,3,2,90043,4847.08447265625,0,0,3
1767765026.602306,9124707774134530792,0,13,2,52,5,18,2,3,2,89567,4786.0625,0,0,3
1767765026.602306,9124707774134530792,0,14,17,51,11,0,2,3,2,90849,4779.8515625,0,0,3
1767765026.602306,9124707774134530792,0,15,11,52,18,0,2,3,2,89968,4841.6103515625,0,0,3
1767765026.602306,9124707774134530792,0,16,5,52,2,10,2,3,2,89630,4798.53369140625,0,0,3
1767765026.602306,9124707774134530792,0,17,7,52,7,6,2,3,2,89520,4809.52978515625,0,0,3
1767765026.602306,9124707774134530792,0,18,16,52,13,0,2,3,2,90794,4866.3095703125,0,0,3
1767765026.602306,9124707774134530792,0,19,20,0,17,0,0,4,1,0,4957.805258860812,0,0,1
1767765026.602306,9124707774134530792,0,20,0,0,0,0,0,0,0,0,0.0,0,0,0
1767765026.602306,9124707774134530792,0,21,0,0,0,0,0,0,0,0,0.0,0,0,0
1767765031.6053429,9124707774134530792,0,0,9,52,9,2,2,3,2,90228,4836.7119140625,0,0,3
1767765031.6053429,9124707774134530792,0,1,8,52,10,4,2,3,2,90281,4833.1015625,0,0,3
1767765031.6053429,9124707774134530792,0,2,13,52,12,0,2,3,2,90199,4847.78955078125,0,0,3
1767765031.6053429,9124707774134530792,0,3,6,52,8,8,2,3,2,89789,4806.34765625,0,0,3
1767765031.6053429,9124707774134530792,0,4,4,52,3,12,2,3,2,89495,4793.0673828125,0,0,3
1767765031.6053429,9124707774134530792,0,5,15,52,20,0,2,3,2,90532,4854.94970703125,0,0,3
1767765031.6053429,9124707774134530792,0,6,10,52,15,1,2,3,2,90300,4840.35888671875,0,0,3
1767765031.6053429,9124707774134530792,0,7,18,51,19,0,3,3,2,90725,4799.23828125,0,0,4
1767765031.6053429,9124707774134530792,0,8,3,52,1,15,2,3,2,89213,4792.3017578125,0,0,3
1767765031.6053429,9124707774134530792,0,9,14,52,16,0,2,3,2,90412,4852.21533203125,0,0,3
1767765031.6053429,9124707774134530792,0,10,1,52,6,25,2,3,2,89254,4777.759765625,0,0,3
1767765031.6053429,9124707774134530792,0,11,19,38,4,0,2,4,3,90429,3625.40576171875,0,0,3
1767765031.6053429,9124707774134530792,0,12,12,52,14,0,2,3,2,90043,4847.08447265625,0,0,3
1767765031.6053429,9124707774134530792,0,13,2,52,5,18,2,3,2,89567,4786.0625,0,0,3
1767765031.6053429,9124707774134530792,0,14,17,51,11,0,2,3,2,90849,4779.8515625,0,0,3
1767765031.6053429,9124707774134530792,0,15,11,52,18,0,2,3,2,89968,4841.6103515625,0,0,3
1767765031.6053429,9124707774134530792,0,16,5,52,2,10,2,3,2,89630,4798.53369140625,0,0,3
1767765031.6053429,9124707774134530792,0,17,7,52,7,6,2,3,2,89520,4809.52978515625,0,0,3
1767765031.6053429,9124707774134530792,0,18,16,52,13,0,2,3,2,90794,4866.3095703125,0,0,3
1767765031.6053429,9124707774134530792,0,19,20,0,17,0,0,4,1,0,4957.805258860812,0,0,1
1767765031.6053429,9124707774134530792,0,20,0,0,0,0,0,0,0,0,0.0,0,0,0
1767765031.6053429,9124707774134530792,0,21,0,0,0,0,0,0,0,0,0.0,0,0,0
1767765036.606371,9124707774134530792,0,0,9,52,9,2,2,3,2,90228,4836.7119140625,0,0,3
1767765036.606371,9124707774134530792,0,1,8,52,10,4,2,3,2,90281,4833.1015625,0,0,3
1767765036.606371,9124707774134530792,0,2,13,52,12,0,2,3,2,90199,4847.78955078125,0,0,3
1767765036.606371,9124707774134530792,0,3,6,52,8,8,2,3,2,89789,4806.34765625,0,0,3
1767765036.606371,9124707774134530792,0,4,4,52,3,12,2,3,2,89495,4793.0673828125,0,0,3
1767765036.606371,9124707774134530792,0,5,15,52,20,0,2,3,2,90532,4854.94970703125,0,0,3
1767765036.606371,9124707774134530792,0,6,10,52,15,1,2,3,2,90300,4840.35888671875,0,0,3
1767765036.606371,9124707774134530792,0,7,18,51,19,0,3,3,2,90725,4799.23828125,0,0,4
1767765036.606371,9124707774134530792,0,8,3,52,1,15,2,3,2,89213,4792.3017578125,0,0,3
1767765036.606371,9124707774134530792,0,9,14,52,16,0,2,3,2,90412,4852.21533203125,0,0,3
1767765036.606371,9124707774134530792,0,10,1,52,6,25,2,3,2,89254,4777.759765625,0,0,3
1767765036.606371,9124707774134530792,0,11,19,38,4,0,2,4,3,90429,3625.40576171875,0,0,3
1767765036.606371,9124707774134530792,0,12,12,52,14,0,2,3,2,90043,4847.08447265625,0,0,3
1767765036.606371,9124707774134530792,0,13,2,52,5,18,2,3,2,89567,4786.0625,0,0,3
1767765036.606371,9124707774134530792,0,14,17,51,11,0,2,3,2,90849,4779.8515625,0,0,3
1767765036.606371,9124707774134530792,0,15,11,52,18,0,2,3,2,89968,4841.6103515625,0,0,3
1767765036.606371,9124707774134530792,0,16,5,52,2,10,2,3,2,89630,4798.53369140625,0,0,3
1767765036.606371,9124707774134530792,0,17,7,52,7,6,2,3,2,89520,4809.52978515625,0,0,3
1767765036.606371,9124707774134530792,0,18,16,52,13,0,2,3,2,90794,4866.3095703125,0,0,3
1767765036.606371,9124707774134530792,0,19,20,0,17,0,0,4,1,0,4957.805258860812,0,0,1
1767765036.606371,9124707774134530792,0,20,0,0,0,0,0,0,0,0,0.0,0,0,0
1767765036.606371,9124707774134530792,0,21,0,0,0,0,0,0,0,0,0.0,0,0,0
1767765041.6122646,9124707774134530792,0,0,9,52,9,2,2,3,2,90228,4836.7119140625,0,0,3
1767765041.6122646,9124707774134530792,0,1,8,52,10,4,2,3,2,90281,4833.1015625,0,0,3
1767765041.6122646,9124707774134530792,0,2,13,52,12,0,2,3,2,90199,4847.78955078125,0,0,3
1767765041.6122646,9124707774134530792,0,3,6,52,8,8,2,3,2,89789,4806.34765625,0,0,3
1767765041.6122646,9124707774134530792,0,4,4,52,3,12,2,3,2,89495,4793.0673828125,0,0,3
1767765041.6122646,9124707774134530792,0,5,15,52,20,0,2,3,2,90532,4854.94970703125,0,0,3
1767765041.6122646,9124707774134530792,0,6,10,52,15,1,2,3,2,90300,4840.35888671875,0,0,3
1767765041.6122646,9124707774134530792,0,7,18,51,19,0,3,3,2,90725,4799.23828125,0,0,4
1767765041.6122646,9124707774134530792,0,8,3,52,1,15,2,3,2,89213,4792.3017578125,0,0,3
1767765041.6122646,9124707774134530792,0,9,14,52,16,0,2,3,2,90412,4852.21533203125,0,0,3
1767765041.6122646,9124707774134530792,0,10,1,52,6,25,2,3,2,89254,4777.759765625,0,0,3
1767765041.6122646,9124707774134530792,0,11,19,38,4,0,2,4,3,90429,3625.40576171875,0,0,3
1767765041.6122646,9124707774134530792,0,12,12,52,14,0,2,3,2,90043,4847.08447265625,0,0,3
1767765041.6122646,9124707774134530792,0,13,2,52,5,18,2,3,2,89567,4786.0625,0,0,3
1767765041.6122646,9124707774134530792,0,14,17,51,11,0,2,3,2,90849,4779.8515625,0,0,3
1767765041.6122646,9124707774134530792,0,15,11,52,18,0,2,3,2,89968,4841.6103515625,0,0,3
1767765041.6122646,9124707774134530792,0,16,5,52,2,10,2,3,2,89630,4798.53369140625,0,0,3
1767765041.6122646,9124707774134530792,0,17,7,52,7,6,2,3,2,89520,4809.52978515625,0,0,3
1767765041.6122646,9124707774134530792,0,18,16,52,13,0,2,3,2,90794,4866.3095703125,0,0,3
1767765041.6122646,9124707774134530792,0,19,20,0,17,0,0,4,1,0,4957.805258860812,0,0,1
1767765041.6122646,9124707774134530792,0,20,0,0,0,0,0,0,0,0,0.0,0,0,0
1767765041.6122646,9124707774134530792,0,21,0,0,0,0,0,0,0,0,0.0,0,0,0
1767765046.6145093,9124707774134530792,0,0,9,52,9,2,2,3,2,90228,4836.7119140625,0,0,3
1767765046.6145093,9124707774134530792,0,1,8,52,10,4,2,3,2,90281,4833.1015625,0,0,3
1767765046.6145093,9124707774134530792,0,2,13,52,12,0,2,3,2,90199,4847.78955078125,0,0,3
1767765046.6145093,9124707774134530792,0,3,6,52,8,8,2,3,2,89789,4806.34765625,0,0,3
1767765046.6145093,9124707774134530792,0,4,4,52,3,12,2,3,2,89495,4793.0673828125,0,0,3
1767765046.6145093,9124707774134530792,0,5,15,52,20,0,2,3,2,90532,4854.94970703125,0,0,3
1767765046.6145093,9124707774134530792,0,6,10,52,15,1,2,3,2,90300,4840.35888671875,0,0,3
1767765046.6145093,9124707774134530792,0,7,18,51,19,0,3,3,2,90725,4799.23828125,0,0,4
1767765046.6145093,9124707774134530792,0,8,3,52,1,15,2,3,2,89213,4792.3017578125,0,0,3
1767765046.6145093,9124707774134530792,0,9,14,52,16,0,2,3,2,90412,4852.21533203125,0,0,3
1767765046.6145093,9124707774134530792,0,10,1,52,6,25,2,3,2,89254,4777.759765625,0,0,3
1767765046.6145093,9124707774134530792,0,11,19,38,4,0,2,4,3,90429,3625.40576171875,0,0,3
1767765046.6145093,9124707774134530792,0,12,12,52,14,0,2,3,2,90043,4847.08447265625,0,0,3
1767765046.6145093,9124707774134530792,0,13,2,52,5,18,2,3,2,89567,4786.0625,0,0,3
1767765046.6145093,9124707774134530792,0,14,17,51,11,0,2,3,2,90849,4779.8515625,0,0,3
1767765046.6145093,9124707774134530792,0,15,11,52,18,0,2,3,2,89968,4841.6103515625,0,0,3
1767765046.6145093,9124707774134530792,0,16,5,52,2,10,2,3,2,89630,4798.53369140625,0,0,3
1767765046.6145093,9124707774134530792,0,17,7,52,7,6,2,3,2,89520,4809.52978515625,0,0,3
1767765046.6145093,9124707774134530792,0,18,16,52,13,0,2,3,2,90794,4866.3095703125,0,0,3
1767765046.6145093,9124707774134530792,0,19,20,0,17,0,0,4,1,0,4957.805258860812,0,0,1
1767765046.6145093,9124707774134530792,0,20,0,0,0,0,0,0,0,0,0.0,0,0,0
1767765046.6145093,9124707774134530792,0,21,0,0,0,0,0,0,0,0,0.0,0,0,0
1767765051.6237268,9124707774134530792,0,0,9,52,9,2,2,3,2,90228,4836.7119140625,0,0,3
1767765051.6237268,9124707774134530792,0,1,8,52,10,4,2,3,2,90281,4833.1015625,0,0,3
1767765051.6237268,9124707774134530792,0,2,13,52,12,0,2,3,2,90199,4847.78955078125,0,0,3
1767765051.6237268,9124707774134530792,0,3,6,52,8,8,2,3,2,89789,4806.34765625,0,0,3
1767765051.6237268,9124707774134530792,0,4,4,52,3,12,2,3,2,89495,4793.0673828125,0,0,3
1767765051.6237268,9124707774134530792,0,5,15,52,20,0,2,3,2,90532,4854.94970703125,0,0,3
1767765051.6237268,9124707774134530792,0,6,10,52,15,1,2,3,2,90300,4840.35888671875,0,0,3
1767765051.6237268,9124707774134530792,0,7,18,51,19,0,3,3,2,90725,4799.23828125,0,0,4
1767765051.6237268,9124707774134530792,0,8,3,52,1,15,2,3,2,89213,4792.3017578125,0,0,3
1767765051.6237268,9124707774134530792,0,9,14,52,16,0,2,3,2,90412,4852.21533203125,0,0,3
1767765051.6237268,9124707774134530792,0,10,1,52,6,25,2,3,2,89254,4777.759765625,0,0,3
1767765051.6237268,9124707774134530792,0,11,19,38,4,0,2,4,3,90429,3625.40576171875,0,0,3
1767765051.6237268,9124707774134530792,0,12,12,52,14,0,2,3,2,90043,4847.08447265625,0,0,3
1767765051.6237268,9124707774134530792,0,13,2,52,5,18,2,3,2,89567,4786.0625,0,0,3
1767765051.6237268,9124707774134530792,0,14,17,51,11,0,2,3,2,90849,4779.8515625,0,0,3
1767765051.6237268,9124707774134530792,0,15,11,52,18,0,2,3,2,89968,4841.6103515625,0,0,3
1767765051.6237268,9124707774134530792,0,16,5,52,2,10,2,3,2,89630,4798.53369140625,0,0,3
1767765051.6237268,9124707774134530792,0,17,7,52,7,6,2,3,2,89520,4809.52978515625,0,0,3
1767765051.6237268,9124707774134530792,0,18,16,52,13,0,2,3,2,90794,4866.3095703125,0,0,3
1767765051.6237268,9124707774134530792,0,19,20,0,17,0,0,4,1,0,4957.805258860812,0,0,1
1767765051.6237268,9124707774134530792,0,20,0,0,0,0,0,0,0,0,0.0,0,0,0
1767765051.6237268,9124707774134530792,0,21,0,0,0,0,0,0,0,0,0.0,0,0,0
1767765056.6303604,9124707774134530792,0,0,9,52,9,2,2,3,2,90228,4836.7119140625,0,0,3
1767765056.6303604,9124707774134530792,0,1,8,52,10,4,2,3,2,90281,4833.1015625,0,0,3
1767765056.6303604,9124707774134530792,0,2,13,52,12,0,2,3,2,90199,4847.78955078125,0,0,3
1767765056.6303604,9124707774134530792,0,3,6,52,8,8,2,3,2,89789,4806.34765625,0,0,3
1767765056.6303604,9124707774134530792,0,4,4,52,3,12,2,3,2,89495,4793.0673828125,0,0,3
1767765056.6303604,9124707774134530792,0,5,15,52,20,0,2,3,2,90532,4854.94970703125,0,0,3
1767765056.6303604,9124707774134530792,0,6,10,52,15,1,2,3,2,90300,4840.35888671875,0,0,3
1767765056.6303604,9124707774134530792,0,7,18,51,19,0,3,3,2,90725,4799.23828125,0,0,4
1767765056.6303604,9124707774134530792,0,8,3,52,1,15,2,3,2,89213,4792.3017578125,0,0,3
1767765056.6303604,9124707774134530792,0,9,14,52,16,0,2,3,2,90412,4852.21533203125,0,0,3
1767765056.6303604,9124707774134530792,0,10,1,52,6,25,2,3,2,89254,4777.759765625,0,0,3
1767765056.6303604,9124707774134530792,0,11,19,38,4,0,2,4,3,90429,3625.40576171875,0,0,3
1767765056.6303604,9124707774134530792,0,12,12,52,14,0,2,3,2,90043,4847.08447265625,0,0,3
1767765056.6303604,9124707774134530792,0,13,2,52,5,18,2,3,2,89567,4786.0625,0,0,3
1767765056.6303604,9124707774134530792,0,14,17,51,11,0,2,3,2,90849,4779.8515625,0,0,3
1767765056.6303604,9124707774134530792,0,15,11,52,18,0,2,3,2,89968,4841.6103515625,0,0,3
1767765056.6303604,9124707774134530792,0,16,5,52,2,10,2,3,2,89630,4798.53369140625,0,0,3
1767765056.6303604,9124707774134530792,0,17,7,52,7,6,2,3,2,89520,4809.52978515625,0,0,3
1767765056.6303604,9124707774134530792,0,18,16,52,13,0,2,3,2,90794,4866.3095703125,0,0,3
1767765056.6303604,9124707774134530792,0,19,20,0,17,0,0,4,1,0,4957.805258860812,0,0,1
1767765056.6303604,9124707774134530792,0,20,0,0,0,0,0,0,0,0,0.0,0,0,0
1767765056.6303604,9124707774134530792,0,21,0,0,0,0,0,0,0,0,0.0,0,0,0
1767765061.651644,9124707774134530792,0,0,9,52,9,2,2,3,2,90228,4836.7119140625,0,0,3
1767765061.651644,9124707774134530792,0,1,8,52,10,4,2,3,2,90281,4833.1015625,0,0,3
1767765061.651644,9124707774134530792,0,2,13,52,12,0,2,3,2,90199,4847.78955078125,0,0,3
1767765061.651644,9124707774134530792,0,3,6,52,8,8,2,3,2,89789,4806.34765625,0,0,3
1767765061.651644,9124707774134530792,0,4,4,52,3,12,2,3,2,89495,4793.0673828125,0,0,3
1767765061.651644,9124707774134530792,0,5,15,52,20,0,2,3,2,90532,4854.94970703125,0,0,3
1767765061.651644,9124707774134530792,0,6,10,52,15,1,2,3,2,90300,4840.35888671875,0,0,3
1767765061.651644,9124707774134530792,0,7,18,51,19,0,3,3,2,90725,4799.23828125,0,0,4
1767765061.651644,9124707774134530792,0,8,3,52,1,15,2,3,2,89213,4792.3017578125,0,0,3
1767765061.651644,9124707774134530792,0,9,14,52,16,0,2,3,2,90412,4852.21533203125,0,0,3
1767765061.651644,9124707774134530792,0,10,1,52,6,25,2,3,2,89254,4777.759765625,0,0,3
1767765061.651644,9124707774134530792,0,11,19,38,4,0,2,4,3,90429,3625.40576171875,0,0,3
1767765061.651644,9124707774134530792,0,12,12,52,14,0,2,3,2,90043,4847.08447265625,0,0,3
1767765061.651644,9124707774134530792,0,13,2,52,5,18,2,3,2,89567,4786.0625,0,0,3
1767765061.651644,9124707774134530792,0,14,17,51,11,0,2,3,2,90849,4779.8515625,0,0,3
1767765061.651644,9124707774134530792,0,15,11,52,18,0,2,3,2,89968,4841.6103515625,0,0,3
1767765061.651644,9124707774134530792,0,16,5,52,2,10,2,3,2,89630,4798.53369140625,0,0,3
1767765061.651644,9124707774134530792,0,17,7,52,7,6,2,3,2,89520,4809.52978515625,0,0,3
1767765061.651644,9124707774134530792,0,18,16,52,13,0,2,3,2,90794,4866.3095703125,0,0,3
1767765061.651644,9124707774134530792,0,19,20,0,17,0,0,4,1,0,4957.805258860812,0,0,1
1767765061.651644,9124707774134530792,0,20,0,0,0,0,0,0,0,0,0.0,0,0,0
1767765061.651644,9124707774134530792,0,21,0,0,0,0,0,0,0,0,0.0,0,0,0
1767765066.6551657,9124707774134530792,0,0,9,52,9,2,2,3,2,90228,4836.7119140625,0,0,3
1767765066.6551657,9124707774134530792,0,1,8,52,10,4,2,3,2,90281,4833.1015625,0,0,3
1767765066.6551657,9124707774134530792,0,2,13,52,12,0,2,3,2,90199,4847.78955078125,0,0,3
1767765066.6551657,9124707774134530792,0,3,6,52,8,8,2,3,2,89789,4806.34765625,0,0,3
1767765066.6551657,9124707774134530792,0,4,4,52,3,12,2,3,2,89495,4793.0673828125,0,0,3
1767765066.6551657,9124707774134530792,0,5,15,52,20,0,2,3,2,90532,4854.94970703125,0,0,3
1767765066.6551657,9124707774134530792,0,6,10,52,15,1,2,3,2,90300,4840.35888671875,0,0,3
1767765066.6551657,9124707774134530792,0,7,18,51,19,0,3,3,2,90725,4799.23828125,0,0,4
1767765066.6551657,9124707774134530792,0,8,3,52,1,15,2,3,2,89213,4792.3017578125,0,0,3
1767765066.6551657,9124707774134530792,0,9,14,52,16,0,2,3,2,90412,4852.21533203125,0,0,3
1767765066.6551657,9124707774134530792,0,10,1,52,6,25,2,3,2,89254,4777.759765625,0,0,3
1767765066.6551657,9124707774134530792,0,11,19,38,4,0,2,4,3,90429,3625.40576171875,0,0,3
1767765066.6551657,9124707774134530792,0,12,12,52,14,0,2,3,2,90043,4847.08447265625,0,0,3
1767765066.6551657,9124707774134530792,0,13,2,52,5,18,2,3,2,89567,4786.0625,0,0,3
1767765066.6551657,9124707774134530792,0,14,17,51,11,0,2,3,2,90849,4779.8515625,0,0,3
1767765066.6551657,9124707774134530792,0,15,11,52,18,0,2,3,2,89968,4841.6103515625,0,0,3
1767765066.6551657,9124707774134530792,0,16,5,52,2,10,2,3,2,89630,4798.53369140625,0,0,3
1767765066.6551657,9124707774134530792,0,17,7,52,7,6,2,3,2,89520,4809.52978515625,0,0,3
1767765066.6551657,9124707774134530792,0,18,16,52,13,0,2,3,2,90794,4866.3095703125,0,0,3
1767765066.6551657,9124707774134530792,0,19,20,0,17,0,0,4,1,0,4957.805258860812,0,0,1
1767765066.6551657,9124707774134530792,0,20,0,0,0,0,0,0,0,0,0.0,0,0,0
1767765066.6551657,9124707774134530792,0,21,0,0,0,0,0,0,0,0,0.0,0,0,0
1767765071.6579897,9124707774134530792,0,0,9,52,9,2,2,3,2,90228,4836.7119140625,0,0,3
1767765071.6579897,9124707774134530792,0,1,8,52,10,4,2,3,2,90281,4833.1015625,0,0,3
1767765071.6579897,9124707774134530792,0,2,13,52,12,0,2,3,2,90199,4847.78955078125,0,0,3
1767765071.6579897,9124707774134530792,0,3,6,52,8,8,2,3,2,89789,4806.34765625,0,0,3
1767765071.6579897,9124707774134530792,0,4,4,52,3,12,2,3,2,89495,4793.0673828125,0,0,3
1767765071.6579897,9124707774134530792,0,5,15,52,20,0,2,3,2,90532,4854.94970703125,0,0,3
1767765071.6579897,9124707774134530792,0,6,10,52,15,1,2,3,2,90300,4840.35888671875,0,0,3
1767765071.6579897,9124707774134530792,0,7,18,51,19,0,3,3,2,90725,4799.23828125,0,0,4
1767765071.6579897,9124707774134530792,0,8,3,52,1,15,2,3,2,89213,4792.3017578125,0,0,3
1767765071.6579897,9124707774134530792,0,9,14,52,16,0,2,3,2,90412,4852.21533203125,0,0,3
1767765071.6579897,9124707774134530792,0,10,1,52,6,25,2,3,2,89254,4777.759765625,0,0,3
1767765071.6579897,9124707774134530792,0,11,19,38,4,0,2,4,3,90429,3625.40576171875,0,0,3
1767765071.6579897,9124707774134530792,0,12,12,52,14,0,2,3,2,90043,4847.08447265625,0,0,3
1767765071.6579897,9124707774134530792,0,13,2,52,5,18,2,3,2,89567,4786.0625,0,0,3
1767765071.6579897,9124707774134530792,0,14,17,51,11,0,2,3,2,90849,4779.8515625,0,0,3
1767765071.6579897,9124707774134530792,0,15,11,52,18,0,2,3,2,89968,4841.6103515625,0,0,3
1767765071.6579897,9124707774134530792,0,16,5,52,2,10,2,3,2,89630,4798.53369140625,0,0,3
1767765071.6579897,9124707774134530792,0,17,7,52,7,6,2,3,2,89520,4809.52978515625,0,0,3
1767765071.6579897,9124707774134530792,0,18,16,52,13,0,2,3,2,90794,4866.3095703125,0,0,3
1767765071.6579897,9124707774134530792,0,19,20,0,17,0,0,4,1,0,4957.805258860812,0,0,1
1767765071.6579897,9124707774134530792,0,20,0,0,0,0,0,0,0,0,0.0,0,0,0
1767765071.6579897,9124707774134530792,0,21,0,0,0,0,0,0,0,0,0.0,0,0,0
1767765076.675618,9124707774134530792,0,0,9,52,9,2,2,3,2,90228,4836.7119140625,0,0,3
1767765076.675618,9124707774134530792,0,1,8,52,10,4,2,3,2,90281,4833.1015625,0,0,3
1767765076.675618,9124707774134530792,0,2,13,52,12,0,2,3,2,90199,4847.78955078125,0,0,3
1767765076.675618,9124707774134530792,0,3,6,52,8,8,2,3,2,89789,4806.34765625,0,0,3
1767765076.675618,9124707774134530792,0,4,4,52,3,12,2,3,2,89495,4793.0673828125,0,0,3
1767765076.675618,9124707774134530792,0,5,15,52,20,0,2,3,2,90532,4854.94970703125,0,0,3
1767765076.675618,9124707774134530792,0,6,10,52,15,1,2,3,2,90300,4840.35888671875,0,0,3
1767765076.675618,9124707774134530792,0,7,18,51,19,0,3,3,2,90725,4799.23828125,0,0,4
1767765076.675618,9124707774134530792,0,8,3,52,1,15,2,3,2,89213,4792.3017578125,0,0,3
1767765076.675618,9124707774134530792,0,9,14,52,16,0,2,3,2,90412,4852.21533203125,0,0,3
1767765076.675618,9124707774134530792,0,10,1,52,6,25,2,3,2,89254,4777.759765625,0,0,3
1767765076.675618,9124707774134530792,0,11,19,38,4,0,2,4,3,90429,3625.40576171875,0,0,3
1767765076.675618,9124707774134530792,0,12,12,52,14,0,2,3,2,90043,4847.08447265625,0,0,3
1767765076.675618,9124707774134530792,0,13,2,52,5,18,2,3,2,89567,4786.0625,0,0,3
1767765076.675618,9124707774134530792,0,14,17,51,11,0,2,3,2,90849,4779.8515625,0,0,3
1767765076.675618,9124707774134530792,0,15,11,52,18,0,2,3,2,89968,4841.6103515625,0,0,3
1767765076.675618,9124707774134530792,0,16,5,52,2,10,2,3,2,89630,4798.53369140625,0,0,3
1767765076.675618,9124707774134530792,0,17,7,52,7,6,2,3,2,89520,4809.52978515625,0,0,3
1767765076.675618,9124707774134530792,0,18,16,52,13,0,2,3,2,90794,4866.3095703125,0,0,3
1767765076.675618,9124707774134530792,0,19,20,0,17,0,0,4,1,0,4957.805258860812,0,0,1
1767765076.675618,9124707774134530792,0,20,0,0,0,0,0,0,0,0,0.0,0,0,0
1767765076.675618,9124707774134530792,0,21,0,0,0,0,0,0,0,0,0.0,0,0,0
1767765081.6954017,9124707774134530792,0,0,9,52,9,2,2,3,2,90228,4836.7119140625,0,0,3
1767765081.6954017,9124707774134530792,0,1,8,52,10,4,2,3,2,90281,4833.1015625,0,0,3
1767765081.6954017,9124707774134530792,0,2,13,52,12,0,2,3,2,90199,4847.78955078125,0,0,3
1767765081.6954017,9124707774134530792,0,3,6,52,8,8,2,3,2,89789,4806.34765625,0,0,3
1767765081.6954017,9124707774134530792,0,4,4,52,3,12,2,3,2,89495,4793.0673828125,0,0,3
1767765081.6954017,9124707774134530792,0,5,15,52,20,0,2,3,2,90532,4854.94970703125,0,0,3
1767765081.6954017,9124707774134530792,0,6,10,52,15,1,2,3,2,90300,4840.35888671875,0,0,3
1767765081.6954017,9124707774134530792,0,7,18,51,19,0,3,3,2,90725,4799.23828125,0,0,4
1767765081.6954017,9124707774134530792,0,8,3,52,1,15,2,3,2,89213,4792.3017578125,0,0,3
1767765081.6954017,9124707774134530792,0,9,14,52,16,0,2,3,2,90412,4852.21533203125,0,0,3
1767765081.6954017,9124707774134530792,0,10,1,52,6,25,2,3,2,89254,4777.759765625,0,0,3
1767765081.6954017,9124707774134530792,0,11,19,38,4,0,2,4,3,90429,3625.40576171875,0,0,3
1767765081.6954017,9124707774134530792,0,12,12,52,14,0,2,3,2,90043,4847.08447265625,0,0,3
1767765081.6954017,9124707774134530792,0,13,2,52,5,18,2,3,2,89567,4786.0625,0,0,3
1767765081.6954017,9124707774134530792,0,14,17,51,11,0,2,3,2,90849,4779.8515625,0,0,3
1767765081.6954017,9124707774134530792,0,15,11,52,18,0,2,3,2,89968,4841.6103515625,0,0,3
1767765081.6954017,9124707774134530792,0,16,5,52,2,10,2,3,2,89630,4798.53369140625,0,0,3
1767765081.6954017,9124707774134530792,0,17,7,52,7,6,2,3,2,89520,4809.52978515625,0,0,3
1767765081.6954017,9124707774134530792,0,18,16,52,13,0,2,3,2,90794,4866.3095703125,0,0,3
1767765081.6954017,9124707774134530792,0,19,20,0,17,0,0,4,1,0,4957.805258860812,0,0,1
1767765081.6954017,9124707774134530792,0,20,0,0,0,0,0,0,0,0,0.0,0,0,0
1767765081.6954017,9124707774134530792,0,21,0,0,0,0,0,0,0,0,0.0,0,0,0
1767765086.7148204,9124707774134530792,0,0,9,52,9,2,2,3,2,90228,4836.7119140625,0,0,3
1767765086.7148204,9124707774134530792,0,1,8,52,10,4,2,3,2,90281,4833.1015625,0,0,3
1767765086.7148204,9124707774134530792,0,2,13,52,12,0,2,3,2,90199,4847.78955078125,0,0,3
1767765086.7148204,9124707774134530792,0,3,6,52,8,8,2,3,2,89789,4806.34765625,0,0,3
1767765086.7148204,9124707774134530792,0,4,4,52,3,12,2,3,2,89495,4793.0673828125,0,0,3
1767765086.7148204,9124707774134530792,0,5,15,52,20,0,2,3,2,90532,4854.94970703125,0,0,3
1767765086.7148204,9124707774134530792,0,6,10,52,15,1,2,3,2,90300,4840.35888671875,0,0,3
1767765086.7148204,9124707774134530792,0,7,18,51,19,0,3,3,2,90725,4799.23828125,0,0,4
1767765086.7148204,9124707774134530792,0,8,3,52,1,15,2,3,2,89213,4792.3017578125,0,0,3
1767765086.7148204,9124707774134530792,0,9,14,52,16,0,2,3,2,90412,4852.21533203125,0,0,3
1767765086.7148204,9124707774134530792,0,10,1,52,6,25,2,3,2,89254,4777.759765625,0,0,3
1767765086.7148204,9124707774134530792,0,11,19,38,4,0,2,4,3,90429,3625.40576171875,0,0,3
1767765086.7148204,9124707774134530792,0,12,12,52,14,0,2,3,2,90043,4847.08447265625,0,0,3
1767765086.7148204,9124707774134530792,0,13,2,52,5,18,2,3,2,89567,4786.0625,0,0,3
1767765086.7148204,9124707774134530792,0,14,17,51,11,0,2,3,2,90849,4779.8515625,0,0,3
1767765086.7148204,9124707774134530792,0,15,11,52,18,0,2,3,2,89968,4841.6103515625,0,0,3
1767765086.7148204,9124707774134530792,0,16,5,52,2,10,2,3,2,89630,4798.53369140625,0,0,3
1767765086.7148204,9124707774134530792,0,17,7,52,7,6,2,3,2,89520,4809.52978515625,0,0,3
1767765086.7148204,9124707774134530792,0,18,16,52,13,0,2,3,2,90794,4866.3095703125,0,0,3
1767765086.7148204,9124707774134530792,0,19,20,0,17,0,0,4,1,0,4957.805258860812,0,0,1
1767765086.7148204,9124707774134530792,0,20,0,0,0,0,0,0,0,0,0.0,0,0,0
1767765086.7148204,9124707774134530792,0,21,0,0,0,0,0,0,0,0,0.0,0,0,0
1767765091.7171333,9124707774134530792,0,0,9,52,9,2,2,3,2,90228,4836.7119140625,0,0,3
1767765091.7171333,9124707774134530792,0,1,8,52,10,4,2,3,2,90281,4833.1015625,0,0,3
1767765091.7171333,9124707774134530792,0,2,13,52,12,0,2,3,2,90199,4847.78955078125,0,0,3
1767765091.7171333,9124707774134530792,0,3,6,52,8,8,2,3,2,89789,4806.34765625,0,0,3
1767765091.7171333,9124707774134530792,0,4,4,52,3,12,2,3,2,89495,4793.0673828125,0,0,3
1767765091.7171333,9124707774134530792,0,5,15,52,20,0,2,3,2,90532,4854.94970703125,0,0,3
1767765091.7171333,9124707774134530792,0,6,10,52,15,1,2,3,2,90300,4840.35888671875,0,0,3
1767765091.7171333,9124707774134530792,0,7,18,51,19,0,3,3,2,90725,4799.23828125,0,0,4
1767765091.7171333,9124707774134530792,0,8,3,52,1,15,2,3,2,89213,4792.3017578125,0,0,3
1767765091.7171333,9124707774134530792,0,9,14,52,16,0,2,3,2,90412,4852.21533203125,0,0,3
1767765091.7171333,9124707774134530792,0,10,1,52,6,25,2,3,2,89254,4777.759765625,0,0,3
1767765091.7171333,9124707774134530792,0,11,19,38,4,0,2,4,3,90429,3625.40576171875,0,0,3
1767765091.7171333,9124707774134530792,0,12,12,52,14,0,2,3,2,90043,4847.08447265625,0,0,3
1767765091.7171333,9124707774134530792,0,13,2,52,5,18,2,3,2,89567,4786.0625,0,0,3
1767765091.7171333,9124707774134530792,0,14,17,51,11,0,2,3,2,90849,4779.8515625,0,0,3
1767765091.7171333,9124707774134530792,0,15,11,52,18,0,2,3,2,89968,4841.6103515625,0,0,3
1767765091.7171333,9124707774134530792,0,16,5,52,2,10,2,3,2,89630,4798.53369140625,0,0,3
1767765091.7171333,9124707774134530792,0,17,7,52,7,6,2,3,2,89520,4809.52978515625,0,0,3
1767765091.7171333,9124707774134530792,0,18,16,52,13,0,2,3,2,90794,4866.3095703125,0,0,3
1767765091.7171333,9124707774134530792,0,19,20,0,17,0,0,4,1,0,4957.805258860812,0,0,1
1767765091.7171333,9124707774134530792,0,20,0,0,0,0,0,0,0,0,0.0,0,0,0
1767765091.7171333,9124707774134530792,0,21,0,0,0,0,0,0,0,0,0.0,0,0,0
1767765096.7217278,9124707774134530792,0,0,9,52,9,2,2,3,2,90228,4836.7119140625,0,0,3
1767765096.7217278,9124707774134530792,0,1,8,52,10,4,2,3,2,90281,4833.1015625,0,0,3
1767765096.7217278,9124707774134530792,0,2,13,52,12,0,2,3,2,90199,4847.78955078125,0,0,3
1767765096.7217278,9124707774134530792,0,3,6,52,8,8,2,3,2,89789,4806.34765625,0,0,3
1767765096.7217278,9124707774134530792,0,4,4,52,3,12,2,3,2,89495,4793.0673828125,0,0,3
1767765096.7217278,9124707774134530792,0,5,15,52,20,0,2,3,2,90532,4854.94970703125,0,0,3
1767765096.7217278,9124707774134530792,0,6,10,52,15,1,2,3,2,90300,4840.35888671875,0,0,3
1767765096.7217278,9124707774134530792,0,7,18,51,19,0,3,3,2,90725,4799.23828125,0,0,4
1767765096.7217278,9124707774134530792,0,8,3,52,1,15,2,3,2,89213,4792.3017578125,0,0,3
1767765096.7217278,9124707774134530792,0,9,14,52,16,0,2,3,2,90412,4852.21533203125,0,0,3
1767765096.7217278,9124707774134530792,0,10,1,52,6,25,2,3,2,89254,4777.759765625,0,0,3
1767765096.7217278,9124707774134530792,0,11,19,38,4,0,2,4,3,90429,3625.40576171875,0,0,3
1767765096.7217278,9124707774134530792,0,12,12,52,14,0,2,3,2,90043,4847.08447265625,0,0,3
1767765096.7217278,9124707774134530792,0,13,2,52,5,18,2,3,2,89567,4786.0625,0,0,3
1767765096.7217278,9124707774134530792,0,14,17,51,11,0,2,3,2,90849,4779.8515625,0,0,3
1767765096.7217278,9124707774134530792,0,15,11,52,18,0,2,3,2,89968,4841.6103515625,0,0,3
1767765096.7217278,9124707774134530792,0,16,5,52,2,10,2,3,2,89630,4798.53369140625,0,0,3
1767765096.7217278,9124707774134530792,0,17,7,52,7,6,2,3,2,89520,4809.52978515625,0,0,3
1767765096.7217278,9124707774134530792,0,18,16,52,13,0,2,3,2,90794,4866.3095703125,0,0,3
1767765096.7217278,9124707774134530792,0,19,20,0,17,0,0,4,1,0,4957.805258860812,0,0,1
1767765096.7217278,9124707774134530792,0,20,0,0,0,0,0,0,0,0,0.0,0,0,0
1767765096.7217278,9124707774134530792,0,21,0,0,0,0,0,0,0,0,0.0,0,0,0
1767765101.723754,9124707774134530792,0,0,9,52,9,2,2,3,2,90228,4836.7119140625,0,0,3
1767765101.723754,9124707774134530792,0,1,8,52,10,4,2,3,2,90281,4833.1015625,0,0,3
1767765101.723754,9124707774134530792,0,2,13,52,12,0,2,3,2,90199,4847.78955078125,0,0,3
1767765101.723754,9124707774134530792,0,3,6,52,8,8,2,3,2,89789,4806.34765625,0,0,3
1767765101.723754,9124707774134530792,0,4,4,52,3,12,2,3,2,89495,4793.0673828125,0,0,3
1767765101.723754,9124707774134530792,0,5,15,52,20,0,2,3,2,90532,4854.94970703125,0,0,3
1767765101.723754,9124707774134530792,0,6,10,52,15,1,2,3,2,90300,4840.35888671875,0,0,3
1767765101.723754,9124707774134530792,0,7,18,51,19,0,3,3,2,90725,4799.23828125,0,0,4
1767765101.723754,9124707774134530792,0,8,3,52,1,15,2,3,2,89213,4792.3017578125,0,0,3
1767765101.723754,9124707774134530792,0,9,14,52,16,0,2,3,2,90412,4852.21533203125,0,0,3
1767765101.723754,9124707774134530792,0,10,1,52,6,25,2,3,2,89254,4777.759765625,0,0,3
1767765101.723754,9124707774134530792,0,11,19,38,4,0,2,4,3,90429,3625.40576171875,0,0,3
1767765101.723754,9124707774134530792,0,12,12,52,14,0,2,3,2,90043,4847.08447265625,0,0,3
1767765101.723754,9124707774134530792,0,13,2,52,5,18,2,3,2,89567,4786.0625,0,0,3
1767765101.723754,9124707774134530792,0,14,17,51,11,0,2,3,2,90849,4779.8515625,0,0,3
1767765101.723754,9124707774134530792,0,15,11,52,18,0,2,3,2,89968,4841.6103515625,0,0,3
1767765101.723754,9124707774134530792,0,16,5,52,2,10,2,3,2,89630,4798.53369140625,0,0,3
1767765101.723754,9124707774134530792,0,17,7,52,7,6,2,3,2,89520,4809.52978515625,0,0,3
1767765101.723754,9124707774134530792,0,18,16,52,13,0,2,3,2,90794,4866.3095703125,0,0,3
1767765101.723754,9124707774134530792,0,19,20,0,17,0,0,4,1,0,4957.805258860812,0,0,1
1767765101.723754,9124707774134530792,0,20,0,0,0,0,0,0,0,0,0.0,0,0,0
1767765101.723754,9124707774134530792,0,21,0,0,0,0,0,0,0,0,0.0,0,0,0
1767765106.7429833,9124707774134530792,0,0,9,52,9,2,2,3,2,90228,4836.7119140625,0,0,3
1767765106.7429833,9124707774134530792,0,1,8,52,10,4,2,3,2,90281,4833.1015625,0,0,3
1767765106.7429833,9124707774134530792,0,2,13,52,12,0,2,3,2,90199,4847.78955078125,0,0,3
1767765106.7429833,9124707774134530792,0,3,6,52,8,8,2,3,2,89789,4806.34765625,0,0,3
1767765106.7429833,9124707774134530792,0,4,4,52,3,12,2,3,2,89495,4793.0673828125,0,0,3
1767765106.7429833,9124707774134530792,0,5,15,52,20,0,2,3,2,90532,4854.94970703125,0,0,3
1767765106.7429833,9124707774134530792,0,6,10,52,15,1,2,3,2,90300,4840.35888671875,0,0,3
1767765106.7429833,9124707774134530792,0,7,18,51,19,0,3,3,2,90725,4799.23828125,0,0,4
1767765106.7429833,9124707774134530792,0,8,3,52,1,15,2,3,2,89213,4792.3017578125,0,0,3
1767765106.7429833,9124707774134530792,0,9,14,52,16,0,2,3,2,90412,4852.21533203125,0,0,3
1767765106.7429833,9124707774134530792,0,10,1,52,6,25,2,3,2,89254,4777.759765625,0,0,3
1767765106.7429833,9124707774134530792,0,11,19,38,4,0,2,4,3,90429,3625.40576171875,0,0,3
1767765106.7429833,9124707774134530792,0,12,12,52,14,0,2,3,2,90043,4847.08447265625,0,0,3
1767765106.7429833,9124707774134530792,0,13,2,52,5,18,2,3,2,89567,4786.0625,0,0,3
1767765106.7429833,9124707774134530792,0,14,17,51,11,0,2,3,2,90849,4779.8515625,0,0,3
1767765106.7429833,9124707774134530792,0,15,11,52,18,0,2,3,2,89968,4841.6103515625,0,0,3
1767765106.7429833,9124707774134530792,0,16,5,52,2,10,2,3,2,89630,4798.53369140625,0,0,3
1767765106.7429833,9124707774134530792,0,17,7,52,7,6,2,3,2,89520,4809.52978515625,0,0,3
1767765106.7429833,9124707774134530792,0,18,16,52,13,0,2,3,2,90794,4866.3095703125,0,0,3
1767765106.7429833,9124707774134530792,0,19,20,0,17,0,0,4,1,0,4957.805258860812,0,0,1
1767765106.7429833,9124707774134530792,0,20,0,0,0,0,0,0,0,0,0.0,0,0,0
1767765106.7429833,9124707774134530792,0,21,0,0,0,0,0,0,0,0,0.0,0,0,0
1767765111.7625031,9124707774134530792,0,0,9,52,9,2,2,3,2,90228,4836.7119140625,0,0,3
1767765111.7625031,9124707774134530792,0,1,8,52,10,4,2,3,2,90281,4833.1015625,0,0,3
1767765111.7625031,9124707774134530792,0,2,13,52,12,0,2,3,2,90199,4847.78955078125,0,0,3
1767765111.7625031,9124707774134530792,0,3,6,52,8,8,2,3,2,89789,4806.34765625,0,0,3
1767765111.7625031,9124707774134530792,0,4,4,52,3,12,2,3,2,89495,4793.0673828125,0,0,3
1767765111.7625031,9124707774134530792,0,5,15,52,20,0,2,3,2,90532,4854.94970703125,0,0,3
1767765111.7625031,9124707774134530792,0,6,10,52,15,1,2,3,2,90300,4840.35888671875,0,0,3
1767765111.7625031,9124707774134530792,0,7,18,51,19,0,3,3,2,90725,4799.23828125,0,0,4
1767765111.7625031,9124707774134530792,0,8,3,52,1,15,2,3,2,89213,4792.3017578125,0,0,3
1767765111.7625031,9124707774134530792,0,9,14,52,16,0,2,3,2,90412,4852.21533203125,0,0,3
1767765111.7625031,9124707774134530792,0,10,1,52,6,25,2,3,2,89254,4777.759765625,0,0,3
1767765111.7625031,9124707774134530792,0,11,19,38,4,0,2,4,3,90429,3625.40576171875,0,0,3
1767765111.7625031,9124707774134530792,0,12,12,52,14,0,2,3,2,90043,4847.08447265625,0,0,3
1767765111.7625031,9124707774134530792,0,13,2,52,5,18,2,3,2,89567,4786.0625,0,0,3
1767765111.7625031,9124707774134530792,0,14,17,51,11,0,2,3,2,90849,4779.8515625,0,0,3
1767765111.7625031,9124707774134530792,0,15,11,52,18,0,2,3,2,89968,4841.6103515625,0,0,3
1767765111.7625031,9124707774134530792,0,16,5,52,2,10,2,3,2,89630,4798.53369140625,0,0,3
1767765111.7625031,9124707774134530792,0,17,7,52,7,6,2,3,2,89520,4809.52978515625,0,0,3
1767765111.7625031,9124707774134530792,0,18,16,52,13,0,2,3,2,90794,4866.3095703125,0,0,3
1767765111.7625031,9124707774134530792,0,19,20,0,17,0,0,4,1,0,4957.805258860812,0,0,1
1767765111.7625031,9124707774134530792,0,20,0,0,0,0,0,0,0,0,0.0,0,0,0
1767765111.7625031,9124707774134530792,0,21,0,0,0,0,0,0,0,0,0.0,0,0,0
1767765116.7647135,9124707774134530792,0,0,9,52,9,2,2,3,2,90228,4836.7119140625,0,0,3
1767765116.7647135,9124707774134530792,0,1,8,52,10,4,2,3,2,90281,4833.1015625,0,0,3
1767765116.7647135,9124707774134530792,0,2,13,52,12,0,2,3,2,90199,4847.78955078125,0,0,3
1767765116.7647135,9124707774134530792,0,3,6,52,8,8,2,3,2,89789,4806.34765625,0,0,3
1767765116.7647135,9124707774134530792,0,4,4,52,3,12,2,3,2,89495,4793.0673828125,0,0,3
1767765116.7647135,9124707774134530792,0,5,15,52,20,0,2,3,2,90532,4854.94970703125,0,0,3
1767765116.7647135,9124707774134530792,0,6,10,52,15,1,2,3,2,90300,4840.35888671875,0,0,3
1767765116.7647135,9124707774134530792,0,7,18,51,19,0,3,3,2,90725,4799.23828125,0,0,4
1767765116.7647135,9124707774134530792,0,8,3,52,1,15,2,3,2,89213,4792.3017578125,0,0,3
1767765116.7647135,9124707774134530792,0,9,14,52,16,0,2,3,2,90412,4852.21533203125,0,0,3
1767765116.7647135,9124707774134530792,0,10,1,52,6,25,2,3,2,89254,4777.759765625,0,0,3
1767765116.7647135,9124707774134530792,0,11,19,38,4,0,2,4,3,90429,3625.40576171875,0,0,3
1767765116.7647135,9124707774134530792,0,12,12,52,14,0,2,3,2,90043,4847.08447265625,0,0,3
1767765116.7647135,9124707774134530792,0,13,2,52,5,18,2,3,2,89567,4786.0625,0,0,3
1767765116.7647135,9124707774134530792,0,14,17,51,11,0,2,3,2,90849,4779.8515625,0,0,3
1767765116.7647135,9124707774134530792,0,15,11,52,18,0,2,3,2,89968,4841.6103515625,0,0,3
1767765116.7647135,9124707774134530792,0,16,5,52,2,10,2,3,2,89630,4798.53369140625,0,0,3
1767765116.7647135,9124707774134530792,0,17,7,52,7,6,2,3,2,89520,4809.52978515625,0,0,3
1767765116.7647135,9124707774134530792,0,18,16,52,13,0,2,3,2,90794,4866.3095703125,0,0,3
1767765116.7647135,9124707774134530792,0,19,20,0,17,0,0,4,1,0,4957.805258860812,0,0,1
1767765116.7647135,9124707774134530792,0,20,0,0,0,0,0,0,0,0,0.0,0,0,0
1767765116.7647135,9124707774134530792,0,21,0,0,0,0,0,0,0,0,0.0,0,0,0
1767765121.7686932,9124707774134530792,0,0,9,52,9,2,2,3,2,90228,4836.7119140625,0,0,3
1767765121.7686932,9124707774134530792,0,1,8,52,10,4,2,3,2,90281,4833.1015625,0,0,3
1767765121.7686932,9124707774134530792,0,2,13,52,12,0,2,3,2,90199,4847.78955078125,0,0,3
1767765121.7686932,9124707774134530792,0,3,6,52,8,8,2,3,2,89789,4806.34765625,0,0,3
1767765121.7686932,9124707774134530792,0,4,4,52,3,12,2,3,2,89495,4793.0673828125,0,0,3
1767765121.7686932,9124707774134530792,0,5,15,52,20,0,2,3,2,90532,4854.94970703125,0,0,3
1767765121.7686932,9124707774134530792,0,6,10,52,15,1,2,3,2,90300,4840.35888671875,0,0,3
1767765121.7686932,9124707774134530792,0,7,18,51,19,0,3,3,2,90725,4799.23828125,0,0,4
1767765121.7686932,9124707774134530792,0,8,3,52,1,15,2,3,2,89213,4792.3017578125,0,0,3
1767765121.7686932,9124707774134530792,0,9,14,52,16,0,2,3,2,90412,4852.21533203125,0,0,3
1767765121.7686932,9124707774134530792,0,10,1,52,6,25,2,3,2,89254,4777.759765625,0,0,3
1767765121.7686932,9124707774134530792,0,11,19,38,4,0,2,4,3,90429,3625.40576171875,0,0,3
1767765121.7686932,9124707774134530792,0,12,12,52,14,0,2,3,2,90043,4847.08447265625,0,0,3
1767765121.7686932,9124707774134530792,0,13,2,52,5,18,2,3,2,89567,4786.0625,0,0,3
1767765121.7686932,9124707774134530792,0,14,17,51,11,0,2,3,2,90849,4779.8515625,0,0,3
1767765121.7686932,9124707774134530792,0,15,11,52,18,0,2,3,2,89968,4841.6103515625,0,0,3
1767765121.7686932,9124707774134530792,0,16,5,52,2,10,2,3,2,89630,4798.53369140625,0,0,3
1767765121.7686932,9124707774134530792,0,17,7,52,7,6,2,3,2,89520,4809.52978515625,0,0,3
1767765121.7686932,9124707774134530792,0,18,16,52,13,0,2,3,2,90794,4866.3095703125,0,0,3
1767765121.7686932,9124707774134530792,0,19,20,0,17,0,0,4,1,0,4957.805258860812,0,0,1
1767765121.7686932,9124707774134530792,0,20,0,0,0,0,0,0,0,0,0.0,0,0,0
1767765121.7686932,9124707774134530792,0,21,0,0,0,0,0,0,0,0,0.0,0,0,0
1767765126.7715409,9124707774134530792,0,0,9,52,9,2,2,3,2,90228,4836.7119140625,0,0,3
1767765126.7715409,9124707774134530792,0,1,8,52,10,4,2,3,2,90281,4833.1015625,0,0,3
1767765126.7715409,9124707774134530792,0,2,13,52,12,0,2,3,2,90199,4847.78955078125,0,0,3
1767765126.7715409,9124707774134530792,0,3,6,52,8,8,2,3,2,89789,4806.34765625,0,0,3
1767765126.7715409,9124707774134530792,0,4,4,52,3,12,2,3,2,89495,4793.0673828125,0,0,3
1767765126.7715409,9124707774134530792,0,5,15,52,20,0,2,3,2,90532,4854.94970703125,0,0,3
1767765126.7715409,9124707774134530792,0,6,10,52,15,1,2,3,2,90300,4840.35888671875,0,0,3
1767765126.7715409,9124707774134530792,0,7,18,51,19,0,3,3,2,90725,4799.23828125,0,0,4
1767765126.7715409,9124707774134530792,0,8,3,52,1,15,2,3,2,89213,4792.3017578125,0,0,3
1767765126.7715409,9124707774134530792,0,9,14,52,16,0,2,3,2,90412,4852.21533203125,0,0,3
1767765126.7715409,9124707774134530792,0,10,1,52,6,25,2,3,2,89254,4777.759765625,0,0,3
1767765126.7715409,9124707774134530792,0,11,19,38,4,0,2,4,3,90429,3625.40576171875,0,0,3
1767765126.7715409,9124707774134530792,0,12,12,52,14,0,2,3,2,90043,4847.08447265625,0,0,3
1767765126.7715409,9124707774134530792,0,13,2,52,5,18,2,3,2,89567,4786.0625,0,0,3
1767765126.7715409,9124707774134530792,0,14,17,51,11,0,2,3,2,90849,4779.8515625,0,0,3
1767765126.7715409,9124707774134530792,0,15,11,52,18,0,2,3,2,89968,4841.6103515625,0,0,3
1767765126.7715409,9124707774134530792,0,16,5,52,2,10,2,3,2,89630,4798.53369140625,0,0,3
1767765126.7715409,9124707774134530792,0,17,7,52,7,6,2,3,2,89520,4809.52978515625,0,0,3
1767765126.7715409,9124707774134530792,0,18,16,52,13,0,2,3,2,90794,4866.3095703125,0,0,3
1767765126.7715409,9124707774134530792,0,19,20,0,17,0,0,4,1,0,4957.805258860812,0,0,1
1767765126.7715409,9124707774134530792,0,20,0,0,0,0,0,0,0,0,0.0,0,0,0
1767765126.7715409,9124707774134530792,0,21,0,0,0,0,0,0,0,0,0.0,0,0,0
1767765131.776285,9124707774134530792,0,0,9,52,9,2,2,3,2,90228,4836.7119140625,0,0,3
1767765131.776285,9124707774134530792,0,1,8,52,10,4,2,3,2,90281,4833.1015625,0,0,3
1767765131.776285,9124707774134530792,0,2,13,52,12,0,2,3,2,90199,4847.78955078125,0,0,3
1767765131.776285,9124707774134530792,0,3,6,52,8,8,2,3,2,89789,4806.34765625,0,0,3
1767765131.776285,9124707774134530792,0,4,4,52,3,12,2,3,2,89495,4793.0673828125,0,0,3
1767765131.776285,9124707774134530792,0,5,15,52,20,0,2,3,2,90532,4854.94970703125,0,0,3
1767765131.776285,9124707774134530792,0,6,10,52,15,1,2,3,2,90300,4840.35888671875,0,0,3
1767765131.776285,9124707774134530792,0,7,18,51,19,0,3,3,2,90725,4799.23828125,0,0,4
1767765131.776285,9124707774134530792,0,8,3,52,1,15,2,3,2,89213,4792.3017578125,0,0,3
1767765131.776285,9124707774134530792,0,9,14,52,16,0,2,3,2,90412,4852.21533203125,0,0,3
1767765131.776285,9124707774134530792,0,10,1,52,6,25,2,3,2,89254,4777.759765625,0,0,3
1767765131.776285,9124707774134530792,0,11,19,38,4,0,2,4,3,90429,3625.40576171875,0,0,3
1767765131.776285,9124707774134530792,0,12,12,52,14,0,2,3,2,90043,4847.08447265625,0,0,3
1767765131.776285,9124707774134530792,0,13,2,52,5,18,2,3,2,89567,4786.0625,0,0,3
1767765131.776285,9124707774134530792,0,14,17,51,11,0,2,3,2,90849,4779.8515625,0,0,3
1767765131.776285,9124707774134530792,0,15,11,52,18,0,2,3,2,89968,4841.6103515625,0,0,3
1767765131.776285,9124707774134530792,0,16,5,52,2,10,2,3,2,89630,4798.53369140625,0,0,3
1767765131.776285,9124707774134530792,0,17,7,52,7,6,2,3,2,89520,4809.52978515625,0,0,3
1767765131.776285,9124707774134530792,0,18,16,52,13,0,2,3,2,90794,4866.3095703125,0,0,3
1767765131.776285,9124707774134530792,0,19,20,0,17,0,0,4,1,0,4957.805258860812,0,0,1
1767765131.776285,9124707774134530792,0,20,0,0,0,0,0,0,0,0,0.0,0,0,0
1767765131.776285,9124707774134530792,0,21,0,0,0,0,0,0,0,0,0.0,0,0,0
1767765136.7828546,9124707774134530792,0,0,9,52,9,2,2,3,2,90228,4836.7119140625,0,0,3
1767765136.7828546,9124707774134530792,0,1,8,52,10,4,2,3,2,90281,4833.1015625,0,0,3
1767765136.7828546,9124707774134530792,0,2,13,52,12,0,2,3,2,90199,4847.78955078125,0,0,3
1767765136.7828546,9124707774134530792,0,3,6,52,8,8,2,3,2,89789,4806.34765625,0,0,3
1767765136.7828546,9124707774134530792,0,4,4,52,3,12,2,3,2,89495,4793.0673828125,0,0,3
1767765136.7828546,9124707774134530792,0,5,15,52,20,0,2,3,2,90532,4854.94970703125,0,0,3
1767765136.7828546,9124707774134530792,0,6,10,52,15,1,2,3,2,90300,4840.35888671875,0,0,3
1767765136.7828546,9124707774134530792,0,7,18,51,19,0,3,3,2,90725,4799.23828125,0,0,4
1767765136.7828546,9124707774134530792,0,8,3,52,1,15,2,3,2,89213,4792.3017578125,0,0,3
1767765136.7828546,9124707774134530792,0,9,14,52,16,0,2,3,2,90412,4852.21533203125,0,0,3
1767765136.7828546,9124707774134530792,0,10,1,52,6,25,2,3,2,89254,4777.759765625,0,0,3
1767765136.7828546,9124707774134530792,0,11,19,38,4,0,2,4,3,90429,3625.40576171875,0,0,3
1767765136.7828546,9124707774134530792,0,12,12,52,14,0,2,3,2,90043,4847.08447265625,0,0,3
1767765136.7828546,9124707774134530792,0,13,2,52,5,18,2,3,2,89567,4786.0625,0,0,3
1767765136.7828546,9124707774134530792,0,14,17,51,11,0,2,3,2,90849,4779.8515625,0,0,3
1767765136.7828546,9124707774134530792,0,15,11,52,18,0,2,3,2,89968,4841.6103515625,0,0,3
1767765136.7828546,9124707774134530792,0,16,5,52,2,10,2,3,2,89630,4798.53369140625,0,0,3
1767765136.7828546,9124707774134530792,0,17,7,52,7,6,2,3,2,89520,4809.52978515625,0,0,3
1767765136.7828546,9124707774134530792,0,18,16,52,13,0,2,3,2,90794,4866.3095703125,0,0,3
1767765136.7828546,9124707774134530792,0,19,20,0,17,0,0,4,1,0,4957.805258860812,0,0,1
1767765136.7828546,9124707774134530792,0,20,0,0,0,0,0,0,0,0,0.0,0,0,0
1767765136.7828546,9124707774134530792,0,21,0,0,0,0,0,0,0,0,0.0,0,0,0
1767765141.7849905,9124707774134530792,0,0,9,52,9,2,2,3,2,90228,4836.7119140625,0,0,3
1767765141.7849905,9124707774134530792,0,1,8,52,10,4,2,3,2,90281,4833.1015625,0,0,3
1767765141.7849905,9124707774134530792,0,2,13,52,12,0,2,3,2,90199,4847.78955078125,0,0,3
1767765141.7849905,9124707774134530792,0,3,6,52,8,8,2,3,2,89789,4806.34765625,0,0,3
1767765141.7849905,9124707774134530792,0,4,4,52,3,12,2,3,2,89495,4793.0673828125,0,0,3
1767765141.7849905,9124707774134530792,0,5,15,52,20,0,2,3,2,90532,4854.94970703125,0,0,3
1767765141.7849905,9124707774134530792,0,6,10,52,15,1,2,3,2,90300,4840.35888671875,0,0,3
1767765141.7849905,9124707774134530792,0,7,18,51,19,0,3,3,2,90725,4799.23828125,0,0,4
1767765141.7849905,9124707774134530792,0,8,3,52,1,15,2,3,2,89213,4792.3017578125,0,0,3
1767765141.7849905,9124707774134530792,0,9,14,52,16,0,2,3,2,90412,4852.21533203125,0,0,3
1767765141.7849905,9124707774134530792,0,10,1,52,6,25,2,3,2,89254,4777.759765625,0,0,3
1767765141.7849905,9124707774134530792,0,11,19,38,4,0,2,4,3,90429,3625.40576171875,0,0,3
1767765141.7849905,9124707774134530792,0,12,12,52,14,0,2,3,2,90043,4847.08447265625,0,0,3
1767765141.7849905,9124707774134530792,0,13,2,52,5,18,2,3,2,89567,4786.0625,0,0,3
1767765141.7849905,9124707774134530792,0,14,17,51,11,0,2,3,2,90849,4779.8515625,0,0,3
1767765141.7849905,9124707774134530792,0,15,11,52,18,0,2,3,2,89968,4841.6103515625,0,0,3
1767765141.7849905,9124707774134530792,0,16,5,52,2,10,2,3,2,89630,4798.53369140625,0,0,3
1767765141.7849905,9124707774134530792,0,17,7,52,7,6,2,3,2,89520,4809.52978515625,0,0,3
1767765141.7849905,9124707774134530792,0,18,16,52,13,0,2,3,2,90794,4866.3095703125,0,0,3
1767765141.7849905,9124707774134530792,0,19,20,0,17,0,0,4,1,0,4957.805258860812,0,0,1
1767765141.7849905,9124707774134530792,0,20,0,0,0,0,0,0,0,0,0.0,0,0,0
1767765141.7849905,9124707774134530792,0,21,0,0,0,0,0,0,0,0,0.0,0,0,0
1767765146.787893,9124707774134530792,0,0,9,52,9,2,2,3,2,90228,4836.7119140625,0,0,3
1767765146.787893,9124707774134530792,0,1,8,52,10,4,2,3,2,90281,4833.1015625,0,0,3
1767765146.787893,9124707774134530792,0,2,13,52,12,0,2,3,2,90199,4847.78955078125,0,0,3
1767765146.787893,9124707774134530792,0,3,6,52,8,8,2,3,2,89789,4806.34765625,0,0,3
1767765146.787893,9124707774134530792,0,4,4,52,3,12,2,3,2,89495,4793.0673828125,0,0,3
1767765146.787893,9124707774134530792,0,5,15,52,20,0,2,3,2,90532,4854.94970703125,0,0,3
1767765146.787893,9124707774134530792,0,6,10,52,15,1,2,3,2,90300,4840.35888671875,0,0,3
1767765146.787893,9124707774134530792,0,7,18,51,19,0,3,3,2,90725,4799.23828125,0,0,4
1767765146.787893,9124707774134530792,0,8,3,52,1,15,2,3,2,89213,4792.3017578125,0,0,3
1767765146.787893,9124707774134530792,0,9,14,52,16,0,2,3,2,90412,4852.21533203125,0,0,3
1767765146.787893,9124707774134530792,0,10,1,52,6,25,2,3,2,89254,4777.759765625,0,0,3
1767765146.787893,9124707774134530792,0,11,19,38,4,0,2,4,3,90429,3625.40576171875,0,0,3
1767765146.787893,9124707774134530792,0,12,12,52,14,0,2,3,2,90043,4847.08447265625,0,0,3
1767765146.787893,9124707774134530792,0,13,2,52,5,18,2,3,2,89567,4786.0625,0,0,3
1767765146.787893,9124707774134530792,0,14,17,51,11,0,2,3,2,90849,4779.8515625,0,0,3
1767765146.787893,9124707774134530792,0,15,11,52,18,0,2,3,2,89968,4841.6103515625,0,0,3
1767765146.787893,9124707774134530792,0,16,5,52,2,10,2,3,2,89630,4798.53369140625,0,0,3
1767765146.787893,9124707774134530792,0,17,7,52,7,6,2,3,2,89520,4809.52978515625,0,0,3
1767765146.787893,9124707774134530792,0,18,16,52,13,0,2,3,2,90794,4866.3095703125,0,0,3
1767765146.787893,9124707774134530792,0,19,20,0,17,0,0,4,1,0,4957.805258860812,0,0,1
1767765146.787893,9124707774134530792,0,20,0,0,0,0,0,0,0,0,0.0,0,0,0
1767765146.787893,9124707774134530792,0,21,0,0,0,0,0,0,0,0,0.0,0,0,0
1767765151.807771,9124707774134530792,0,0,9,52,9,2,2,3,2,90228,4836.7119140625,0,0,3
1767765151.807771,9124707774134530792,0,1,8,52,10,4,2,3,2,90281,4833.1015625,0,0,3
1767765151.807771,9124707774134530792,0,2,13,52,12,0,2,3,2,90199,4847.78955078125,0,0,3
1767765151.807771,9124707774134530792,0,3,6,52,8,8,2,3,2,89789,4806.34765625,0,0,3
1767765151.807771,9124707774134530792,0,4,4,52,3,12,2,3,2,89495,4793.0673828125,0,0,3
1767765151.807771,9124707774134530792,0,5,15,52,20,0,2,3,2,90532,4854.94970703125,0,0,3
1767765151.807771,9124707774134530792,0,6,10,52,15,1,2,3,2,90300,4840.35888671875,0,0,3
1767765151.807771,9124707774134530792,0,7,18,51,19,0,3,3,2,90725,4799.23828125,0,0,4
1767765151.807771,9124707774134530792,0,8,3,52,1,15,2,3,2,89213,4792.3017578125,0,0,3
1767765151.807771,9124707774134530792,0,9,14,52,16,0,2,3,2,90412,4852.21533203125,0,0,3
1767765151.807771,9124707774134530792,0,10,1,52,6,25,2,3,2,89254,4777.759765625,0,0,3
1767765151.807771,9124707774134530792,0,11,19,38,4,0,2,4,3,90429,3625.40576171875,0,0,3
1767765151.807771,9124707774134530792,0,12,12,52,14,0,2,3,2,90043,4847.08447265625,0,0,3
1767765151.807771,9124707774134530792,0,13,2,52,5,18,2,3,2,89567,4786.0625,0,0,3
1767765151.807771,9124707774134530792,0,14,17,51,11,0,2,3,2,90849,4779.8515625,0,0,3
1767765151.807771,9124707774134530792,0,15,11,52,18,0,2,3,2,89968,4841.6103515625,0,0,3
1767765151.807771,9124707774134530792,0,16,5,52,2,10,2,3,2,89630,4798.53369140625,0,0,3
1767765151.807771,9124707774134530792,0,17,7,52,7,6,2,3,2,89520,4809.52978515625,0,0,3
1767765151.807771,9124707774134530792,0,18,16,52,13,0,2,3,2,90794,4866.3095703125,0,0,3
1767765151.807771,9124707774134530792,0,19,20,0,17,0,0,4,1,0,4957.805258860812,0,0,1
1767765151.807771,9124707774134530792,0,20,0,0,0,0,0,0,0,0,0.0,0,0,0
1767765151.807771,9124707774134530792,0,21,0,0,0,0,0,0,0,0,0.0,0,0,0
1767765156.8230767,9124707774134530792,0,0,9,52,9,2,2,3,2,90228,4836.7119140625,0,0,3
1767765156.8230767,9124707774134530792,0,1,8,52,10,4,2,3,2,90281,4833.1015625,0,0,3
1767765156.8230767,9124707774134530792,0,2,13,52,12,0,2,3,2,90199,4847.78955078125,0,0,3
1767765156.8230767,9124707774134530792,0,3,6,52,8,8,2,3,2,89789,4806.34765625,0,0,3
1767765156.8230767,9124707774134530792,0,4,4,52,3,12,2,3,2,89495,4793.0673828125,0,0,3
1767765156.8230767,9124707774134530792,0,5,15,52,20,0,2,3,2,90532,4854.94970703125,0,0,3
1767765156.8230767,9124707774134530792,0,6,10,52,15,1,2,3,2,90300,4840.35888671875,0,0,3
1767765156.8230767,9124707774134530792,0,7,18,51,19,0,3,3,2,90725,4799.23828125,0,0,4
1767765156.8230767,9124707774134530792,0,8,3,52,1,15,2,3,2,89213,4792.3017578125,0,0,3
1767765156.8230767,9124707774134530792,0,9,14,52,16,0,2,3,2,90412,4852.21533203125,0,0,3
1767765156.8230767,9124707774134530792,0,10,1,52,6,25,2,3,2,89254,4777.759765625,0,0,3
1767765156.8230767,9124707774134530792,0,11,19,38,4,0,2,4,3,90429,3625.40576171875,0,0,3
1767765156.8230767,9124707774134530792,0,12,12,52,14,0,2,3,2,90043,4847.08447265625,0,0,3
1767765156.8230767,9124707774134530792,0,13,2,52,5,18,2,3,2,89567,4786.0625,0,0,3
1767765156.8230767,9124707774134530792,0,14,17,51,11,0,2,3,2,90849,4779.8515625,0,0,3
1767765156.8230767,9124707774134530792,0,15,11,52,18,0,2,3,2,89968,4841.6103515625,0,0,3
1767765156.8230767,9124707774134530792,0,16,5,52,2,10,2,3,2,89630,4798.53369140625,0,0,3
1767765156.8230767,9124707774134530792,0,17,7,52,7,6,2,3,2,89520,4809.52978515625,0,0,3
1767765156.8230767,9124707774134530792,0,18,16,52,13,0,2,3,2,90794,4866.3095703125,0,0,3
1767765156.8230767,9124707774134530792,0,19,20,0,17,0,0,4,1,0,4957.805258860812,0,0,1
1767765156.8230767,9124707774134530792,0,20,0,0,0,0,0,0,0,0,0.0,0,0,0
1767765156.8230767,9124707774134530792,0,21,0,0,0,0,0,0,0,0,0.0,0,0,0
1767765161.8328645,9124707774134530792,0,0,9,52,9,2,2,3,2,90228,4836.7119140625,0,0,3
1767765161.8328645,9124707774134530792,0,1,8,52,10,4,2,3,2,90281,4833.1015625,0,0,3
1767765161.8328645,9124707774134530792,0,2,13,52,12,0,2,3,2,90199,4847.78955078125,0,0,3
1767765161.8328645,9124707774134530792,0,3,6,52,8,8,2,3,2,89789,4806.34765625,0,0,3
1767765161.8328645,9124707774134530792,0,4,4,52,3,12,2,3,2,89495,4793.0673828125,0,0,3
1767765161.8328645,9124707774134530792,0,5,15,52,20,0,2,3,2,90532,4854.94970703125,0,0,3
1767765161.8328645,9124707774134530792,0,6,10,52,15,1,2,3,2,90300,4840.35888671875,0,0,3
1767765161.8328645,9124707774134530792,0,7,18,51,19,0,3,3,2,90725,4799.23828125,0,0,4
1767765161.8328645,9124707774134530792,0,8,3,52,1,15,2,3,2,89213,4792.3017578125,0,0,3
1767765161.8328645,9124707774134530792,0,9,14,52,16,0,2,3,2,90412,4852.21533203125,0,0,3
1767765161.8328645,9124707774134530792,0,10,1,52,6,25,2,3,2,89254,4777.759765625,0,0,3
1767765161.8328645,9124707774134530792,0,11,19,38,4,0,2,4,3,90429,3625.40576171875,0,0,3
1767765161.8328645,9124707774134530792,0,12,12,52,14,0,2,3,2,90043,4847.08447265625,0,0,3
1767765161.8328645,9124707774134530792,0,13,2,52,5,18,2,3,2,89567,4786.0625,0,0,3
1767765161.8328645,9124707774134530792,0,14,17,51,11,0,2,3,2,90849,4779.8515625,0,0,3
1767765161.8328645,9124707774134530792,0,15,11,52,18,0,2,3,2,89968,4841.6103515625,0,0,3
1767765161.8328645,9124707774134530792,0,16,5,52,2,10,2,3,2,89630,4798.53369140625,0,0,3
1767765161.8328645,9124707774134530792,0,17,7,52,7,6,2,3,2,89520,4809.52978515625,0,0,3
1767765161.8328645,9124707774134530792,0,18,16,52,13,0,2,3,2,90794,4866.3095703125,0,0,3
1767765161.8328645,9124707774134530792,0,19,20,0,17,0,0,4,1,0,4957.805258860812,0,0,1
1767765161.8328645,9124707774134530792,0,20,0,0,0,0,0,0,0,0,0.0,0,0,0
1767765161.8328645,9124707774134530792,0,21,0,0,0,0,0,0,0,0,0.0,0,0,0
1767765166.8494124,9124707774134530792,0,0,9,52,9,2,2,3,2,90228,4836.7119140625,0,0,3
1767765166.8494124,9124707774134530792,0,1,8,52,10,4,2,3,2,90281,4833.1015625,0,0,3
1767765166.8494124,9124707774134530792,0,2,13,52,12,0,2,3,2,90199,4847.78955078125,0,0,3
1767765166.8494124,9124707774134530792,0,3,6,52,8,8,2,3,2,89789,4806.34765625,0,0,3
1767765166.8494124,9124707774134530792,0,4,4,52,3,12,2,3,2,89495,4793.0673828125,0,0,3
1767765166.8494124,9124707774134530792,0,5,15,52,20,0,2,3,2,90532,4854.94970703125,0,0,3
1767765166.8494124,9124707774134530792,0,6,10,52,15,1,2,3,2,90300,4840.35888671875,0,0,3
1767765166.8494124,9124707774134530792,0,7,18,51,19,0,3,3,2,90725,4799.23828125,0,0,4
1767765166.8494124,9124707774134530792,0,8,3,52,1,15,2,3,2,89213,4792.3017578125,0,0,3
1767765166.8494124,9124707774134530792,0,9,14,52,16,0,2,3,2,90412,4852.21533203125,0,0,3
1767765166.8494124,9124707774134530792,0,10,1,52,6,25,2,3,2,89254,4777.759765625,0,0,3
1767765166.8494124,9124707774134530792,0,11,19,38,4,0,2,4,3,90429,3625.40576171875,0,0,3
1767765166.8494124,9124707774134530792,0,12,12,52,14,0,2,3,2,90043,4847.08447265625,0,0,3
1767765166.8494124,9124707774134530792,0,13,2,52,5,18,2,3,2,89567,4786.0625,0,0,3
1767765166.8494124,9124707774134530792,0,14,17,51,11,0,2,3,2,90849,4779.8515625,0,0,3
1767765166.8494124,9124707774134530792,0,15,11,52,18,0,2,3,2,89968,4841.6103515625,0,0,3
1767765166.8494124,9124707774134530792,0,16,5,52,2,10,2,3,2,89630,4798.53369140625,0,0,3
1767765166.8494124,9124707774134530792,0,17,7,52,7,6,2,3,2,89520,4809.52978515625,0,0,3
1767765166.8494124,9124707774134530792,0,18,16,52,13,0,2,3,2,90794,4866.3095703125,0,0,3
1767765166.8494124,9124707774134530792,0,19,20,0,17,0,0,4,1,0,4957.805258860812,0,0,1
1767765166.8494124,9124707774134530792,0,20,0,0,0,0,0,0,0,0,0.0,0,0,0
1767765166.8494124,9124707774134530792,0,21,0,0,0,0,0,0,0,0,0.0,0,0,0
1767765171.863475,9124707774134530792,0,0,9,52,9,2,2,3,2,90228,4836.7119140625,0,0,3
1767765171.863475,9124707774134530792,0,1,8,52,10,4,2,3,2,90281,4833.1015625,0,0,3
1767765171.863475,9124707774134530792,0,2,13,52,12,0,2,3,2,90199,4847.78955078125,0,0,3
1767765171.863475,9124707774134530792,0,3,6,52,8,8,2,3,2,89789,4806.34765625,0,0,3
1767765171.863475,9124707774134530792,0,4,4,52,3,12,2,3,2,89495,4793.0673828125,0,0,3
1767765171.863475,9124707774134530792,0,5,15,52,20,0,2,3,2,90532,4854.94970703125,0,0,3
1767765171.863475,9124707774134530792,0,6,10,52,15,1,2,3,2,90300,4840.35888671875,0,0,3
1767765171.863475,9124707774134530792,0,7,18,51,19,0,3,3,2,90725,4799.23828125,0,0,4
1767765171.863475,9124707774134530792,0,8,3,52,1,15,2,3,2,89213,4792.3017578125,0,0,3
1767765171.863475,9124707774134530792,0,9,14,52,16,0,2,3,2,90412,4852.21533203125,0,0,3
1767765171.863475,9124707774134530792,0,10,1,52,6,25,2,3,2,89254,4777.759765625,0,0,3
1767765171.863475,9124707774134530792,0,11,19,38,4,0,2,4,3,90429,3625.40576171875,0,0,3
1767765171.863475,9124707774134530792,0,12,12,52,14,0,2,3,2,90043,4847.08447265625,0,0,3
1767765171.863475,9124707774134530792,0,13,2,52,5,18,2,3,2,89567,4786.0625,0,0,3
1767765171.863475,9124707774134530792,0,14,17,51,11,0,2,3,2,90849,4779.8515625,0,0,3
1767765171.863475,9124707774134530792,0,15,11,52,18,0,2,3,2,89968,4841.6103515625,0,0,3
1767765171.863475,9124707774134530792,0,16,5,52,2,10,2,3,2,89630,4798.53369140625,0,0,3
1767765171.863475,9124707774134530792,0,17,7,52,7,6,2,3,2,89520,4809.52978515625,0,0,3
1767765171.863475,9124707774134530792,0,18,16,52,13,0,2,3,2,90794,4866.3095703125,0,0,3
1767765171.863475,9124707774134530792,0,19,20,0,17,0,0,4,1,0,4957.805258860812,0,0,1
1767765171.863475,9124707774134530792,0,20,0,0,0,0,0,0,0,0,0.0,0,0,0
1767765171.863475,9124707774134530792,0,21,0,0,0,0,0,0,0,0,0.0,0,0,0
1767765176.8849218,9124707774134530792,0,0,9,52,9,2,2,3,2,90228,4836.7119140625,0,0,3
1767765176.8849218,9124707774134530792,0,1,8,52,10,4,2,3,2,90281,4833.1015625,0,0,3
1767765176.8849218,9124707774134530792,0,2,13,52,12,0,2,3,2,90199,4847.78955078125,0,0,3
1767765176.8849218,9124707774134530792,0,3,6,52,8,8,2,3,2,89789,4806.34765625,0,0,3
1767765176.8849218,9124707774134530792,0,4,4,52,3,12,2,3,2,89495,4793.0673828125,0,0,3
1767765176.8849218,9124707774134530792,0,5,15,52,20,0,2,3,2,90532,4854.94970703125,0,0,3
1767765176.8849218,9124707774134530792,0,6,10,52,15,1,2,3,2,90300,4840.35888671875,0,0,3
1767765176.8849218,9124707774134530792,0,7,18,51,19,0,3,3,2,90725,4799.23828125,0,0,4
1767765176.8849218,9124707774134530792,0,8,3,52,1,15,2,3,2,89213,4792.3017578125,0,0,3
1767765176.8849218,9124707774134530792,0,9,14,52,16,0,2,3,2,90412,4852.21533203125,0,0,3
1767765176.8849218,9124707774134530792,0,10,1,52,6,25,2,3,2,89254,4777.759765625,0,0,3
1767765176.8849218,9124707774134530792,0,11,19,38,4,0,2,4,3,90429,3625.40576171875,0,0,3
1767765176.8849218,9124707774134530792,0,12,12,52,14,0,2,3,2,90043,4847.08447265625,0,0,3
1767765176.8849218,9124707774134530792,0,13,2,52,5,18,2,3,2,89567,4786.0625,0,0,3
1767765176.8849218,9124707774134530792,0,14,17,51,11,0,2,3,2,90849,4779.8515625,0,0,3
1767765176.8849218,9124707774134530792,0,15,11,52,18,0,2,3,2,89968,4841.6103515625,0,0,3
1767765176.8849218,9124707774134530792,0,16,5,52,2,10,2,3,2,89630,4798.53369140625,0,0,3
1767765176.8849218,9124707774134530792,0,17,7,52,7,6,2,3,2,89520,4809.52978515625,0,0,3
1767765176.8849218,9124707774134530792,0,18,16,52,13,0,2,3,2,90794,4866.3095703125,0,0,3
1767765176.8849218,9124707774134530792,0,19,20,0,17,0,0,4,1,0,4957.805258860812,0,0,1
1767765176.8849218,9124707774134530792,0,20,0,0,0,0,0,0,0,0,0.0,0,0,0
1767765176.8849218,9124707774134530792,0,21,0,0,0,0,0,0,0,0,0.0,0,0,0
1767765181.887998,9124707774134530792,0,0,9,52,9,2,2,3,2,90228,4836.7119140625,0,0,3
1767765181.887998,9124707774134530792,0,1,8,52,10,4,2,3,2,90281,4833.1015625,0,0,3
1767765181.887998,9124707774134530792,0,2,13,52,12,0,2,3,2,90199,4847.78955078125,0,0,3
1767765181.887998,9124707774134530792,0,3,6,52,8,8,2,3,2,89789,4806.34765625,0,0,3
1767765181.887998,9124707774134530792,0,4,4,52,3,12,2,3,2,89495,4793.0673828125,0,0,3
1767765181.887998,9124707774134530792,0,5,15,52,20,0,2,3,2,90532,4854.94970703125,0,0,3
1767765181.887998,9124707774134530792,0,6,10,52,15,1,2,3,2,90300,4840.35888671875,0,0,3
1767765181.887998,9124707774134530792,0,7,18,51,19,0,3,3,2,90725,4799.23828125,0,0,4
1767765181.887998,9124707774134530792,0,8,3,52,1,15,2,3,2,89213,4792.3017578125,0,0,3
1767765181.887998,9124707774134530792,0,9,14,52,16,0,2,3,2,90412,4852.21533203125,0,0,3
1767765181.887998,9124707774134530792,0,10,1,52,6,25,2,3,2,89254,4777.759765625,0,0,3
1767765181.887998,9124707774134530792,0,11,19,38,4,0,2,4,3,90429,3625.40576171875,0,0,3
1767765181.887998,9124707774134530792,0,12,12,52,14,0,2,3,2,90043,4847.08447265625,0,0,3
1767765181.887998,9124707774134530792,0,13,2,52,5,18,2,3,2,89567,4786.0625,0,0,3
1767765181.887998,9124707774134530792,0,14,17,51,11,0,2,3,2,90849,4779.8515625,0,0,3
1767765181.887998,9124707774134530792,0,15,11,52,18,0,2,3,2,89968,4841.6103515625,0,0,3
1767765181.887998,9124707774134530792,0,16,5,52,2,10,2,3,2,89630,4798.53369140625,0,0,3
1767765181.887998,9124707774134530792,0,17,7,52,7,6,2,3,2,89520,4809.52978515625,0,0,3
1767765181.887998,9124707774134530792,0,18,16,52,13,0,2,3,2,90794,4866.3095703125,0,0,3
1767765181.887998,9124707774134530792,0,19,20,0,17,0,0,4,1,0,4957.805258860812,0,0,1
1767765181.887998,9124707774134530792,0,20,0,0,0,0,0,0,0,0,0.0,0,0,0
1767765181.887998,9124707774134530792,0,21,0,0,0,0,0,0,0,0,0.0,0,0,0
1767765186.9090817,9124707774134530792,0,0,9,52,9,2,2,3,2,90228,4836.7119140625,0,0,3
1767765186.9090817,9124707774134530792,0,1,8,52,10,4,2,3,2,90281,4833.1015625,0,0,3
1767765186.9090817,9124707774134530792,0,2,13,52,12,0,2,3,2,90199,4847.78955078125,0,0,3
1767765186.9090817,9124707774134530792,0,3,6,52,8,8,2,3,2,89789,4806.34765625,0,0,3
1767765186.9090817,9124707774134530792,0,4,4,52,3,12,2,3,2,89495,4793.0673828125,0,0,3
1767765186.9090817,9124707774134530792,0,5,15,52,20,0,2,3,2,90532,4854.94970703125,0,0,3
1767765186.9090817,9124707774134530792,0,6,10,52,15,1,2,3,2,90300,4840.35888671875,0,0,3
1767765186.9090817,9124707774134530792,0,7,18,51,19,0,3,3,2,90725,4799.23828125,0,0,4
1767765186.9090817,9124707774134530792,0,8,3,52,1,15,2,3,2,89213,4792.3017578125,0,0,3
1767765186.9090817,9124707774134530792,0,9,14,52,16,0,2,3,2,90412,4852.21533203125,0,0,3
1767765186.9090817,9124707774134530792,0,10,1,52,6,25,2,3,2,89254,4777.759765625,0,0,3
1767765186.9090817,9124707774134530792,0,11,19,38,4,0,2,4,3,90429,3625.40576171875,0,0,3
1767765186.9090817,9124707774134530792,0,12,12,52,14,0,2,3,2,90043,4847.08447265625,0,0,3
1767765186.9090817,9124707774134530792,0,13,2,52,5,18,2,3,2,89567,4786.0625,0,0,3
1767765186.9090817,9124707774134530792,0,14,17,51,11,0,2,3,2,90849,4779.8515625,0,0,3
1767765186.9090817,9124707774134530792,0,15,11,52,18,0,2,3,2,89968,4841.6103515625,0,0,3
1767765186.9090817,9124707774134530792,0,16,5,52,2,10,2,3,2,89630,4798.53369140625,0,0,3
1767765186.9090817,9124707774134530792,0,17,7,52,7,6,2,3,2,89520,4809.52978515625,0,0,3
1767765186.9090817,9124707774134530792,0,18,16,52,13,0,2,3,2,90794,4866.3095703125,0,0,3
1767765186.9090817,9124707774134530792,0,19,20,0,17,0,0,4,1,0,4957.805258860812,0,0,1
1767765186.9090817,9124707774134530792,0,20,0,0,0,0,0,0,0,0,0.0,0,0,0
1767765186.9090817,9124707774134530792,0,21,0,0,0,0,0,0,0,0,0.0,0,0,0
1767765191.9245586,9124707774134530792,0,0,9,52,9,2,2,3,2,90228,4836.7119140625,0,0,3
1767765191.9245586,9124707774134530792,0,1,8,52,10,4,2,3,2,90281,4833.1015625,0,0,3
1767765191.9245586,9124707774134530792,0,2,13,52,12,0,2,3,2,90199,4847.78955078125,0,0,3
1767765191.9245586,9124707774134530792,0,3,6,52,8,8,2,3,2,89789,4806.34765625,0,0,3
1767765191.9245586,9124707774134530792,0,4,4,52,3,12,2,3,2,89495,4793.0673828125,0,0,3
1767765191.9245586,9124707774134530792,0,5,15,52,20,0,2,3,2,90532,4854.94970703125,0,0,3
1767765191.9245586,9124707774134530792,0,6,10,52,15,1,2,3,2,90300,4840.35888671875,0,0,3
1767765191.9245586,9124707774134530792,0,7,18,51,19,0,3,3,2,90725,4799.23828125,0,0,4
1767765191.9245586,9124707774134530792,0,8,3,52,1,15,2,3,2,89213,4792.3017578125,0,0,3
1767765191.9245586,9124707774134530792,0,9,14,52,16,0,2,3,2,90412,4852.21533203125,0,0,3
1767765191.9245586,9124707774134530792,0,10,1,52,6,25,2,3,2,89254,4777.759765625,0,0,3
1767765191.9245586,9124707774134530792,0,11,19,38,4,0,2,4,3,90429,3625.40576171875,0,0,3
1767765191.9245586,9124707774134530792,0,12,12,52,14,0,2,3,2,90043,4847.08447265625,0,0,3
1767765191.9245586,9124707774134530792,0,13,2,52,5,18,2,3,2,89567,4786.0625,0,0,3
1767765191.9245586,9124707774134530792,0,14,17,51,11,0,2,3,2,90849,4779.8515625,0,0,3
1767765191.9245586,9124707774134530792,0,15,11,52,18,0,2,3,2,89968,4841.6103515625,0,0,3
1767765191.9245586,9124707774134530792,0,16,5,52,2,10,2,3,2,89630,4798.53369140625,0,0,3
1767765191.9245586,9124707774134530792,0,17,7,52,7,6,2,3,2,89520,4809.52978515625,0,0,3
1767765191.9245586,9124707774134530792,0,18,16,52,13,0,2,3,2,90794,4866.3095703125,0,0,3
1767765191.9245586,9124707774134530792,0,19,20,0,17,0,0,4,1,0,4957.805258860812,0,0,1
1767765191.9245586,9124707774134530792,0,20,0,0,0,0,0,0,0,0,0.0,0,0,0
1767765191.9245586,9124707774134530792,0,21,0,0,0,0,0,0,0,0,0.0,0,0,0
1767765196.9305334,9124707774134530792,0,0,9,52,9,2,2,3,2,90228,4836.7119140625,0,0,3
1767765196.9305334,9124707774134530792,0,1,8,52,10,4,2,3,2,90281,4833.1015625,0,0,3
1767765196.9305334,9124707774134530792,0,2,13,52,12,0,2,3,2,90199,4847.78955078125,0,0,3
1767765196.9305334,9124707774134530792,0,3,6,52,8,8,2,3,2,89789,4806.34765625,0,0,3
1767765196.9305334,9124707774134530792,0,4,4,52,3,12,2,3,2,89495,4793.0673828125,0,0,3
1767765196.9305334,9124707774134530792,0,5,15,52,20,0,2,3,2,90532,4854.94970703125,0,0,3
1767765196.9305334,9124707774134530792,0,6,10,52,15,1,2,3,2,90300,4840.35888671875,0,0,3
1767765196.9305334,9124707774134530792,0,7,18,51,19,0,3,3,2,90725,4799.23828125,0,0,4
1767765196.9305334,9124707774134530792,0,8,3,52,1,15,2,3,2,89213,4792.3017578125,0,0,3
1767765196.9305334,9124707774134530792,0,9,14,52,16,0,2,3,2,90412,4852.21533203125,0,0,3
1767765196.9305334,9124707774134530792,0,10,1,52,6,25,2,3,2,89254,4777.759765625,0,0,3
1767765196.9305334,9124707774134530792,0,11,19,38,4,0,2,4,3,90429,3625.40576171875,0,0,3
1767765196.9305334,9124707774134530792,0,12,12,52,14,0,2,3,2,90043,4847.08447265625,0,0,3
1767765196.9305334,9124707774134530792,0,13,2,52,5,18,2,3,2,89567,4786.0625,0,0,3
1767765196.9305334,9124707774134530792,0,14,17,51,11,0,2,3,2,90849,4779.8515625,0,0,3
1767765196.9305334,9124707774134530792,0,15,11,52,18,0,2,3,2,89968,4841.6103515625,0,0,3
1767765196.9305334,9124707774134530792,0,16,5,52,2,10,2,3,2,89630,4798.53369140625,0,0,3
1767765196.9305334,9124707774134530792,0,17,7,52,7,6,2,3,2,89520,4809.52978515625,0,0,3
1767765196.9305334,9124707774134530792,0,18,16,52,13,0,2,3,2,90794,4866.3095703125,0,0,3
1767765196.9305334,9124707774134530792,0,19,20,0,17,0,0,4,1,0,4957.805258860812,0,0,1
1767765196.9305334,9124707774134530792,0,20,0,0,0,0,0,0,0,0,0.0,0,0,0
1767765196.9305334,9124707774134530792,0,21,0,0,0,0,0,0,0,0,0.0,0,0,0
1767765201.9313462,9124707774134530792,0,0,9,52,9,2,2,3,2,90228,4836.7119140625,0,0,3
1767765201.9313462,9124707774134530792,0,1,8,52,10,4,2,3,2,90281,4833.1015625,0,0,3
1767765201.9313462,9124707774134530792,0,2,13,52,12,0,2,3,2,90199,4847.78955078125,0,0,3
1767765201.9313462,9124707774134530792,0,3,6,52,8,8,2,3,2,89789,4806.34765625,0,0,3
1767765201.9313462,9124707774134530792,0,4,4,52,3,12,2,3,2,89495,4793.0673828125,0,0,3
1767765201.9313462,9124707774134530792,0,5,15,52,20,0,2,3,2,90532,4854.94970703125,0,0,3
1767765201.9313462,9124707774134530792,0,6,10,52,15,1,2,3,2,90300,4840.35888671875,0,0,3
1767765201.9313462,9124707774134530792,0,7,18,51,19,0,3,3,2,90725,4799.23828125,0,0,4
1767765201.9313462,9124707774134530792,0,8,3,52,1,15,2,3,2,89213,4792.3017578125,0,0,3
1767765201.9313462,9124707774134530792,0,9,14,52,16,0,2,3,2,90412,4852.21533203125,0,0,3
1767765201.9313462,9124707774134530792,0,10,1,52,6,25,2,3,2,89254,4777.759765625,0,0,3
1767765201.9313462,9124707774134530792,0,11,19,38,4,0,2,4,3,90429,3625.40576171875,0,0,3
1767765201.9313462,9124707774134530792,0,12,12,52,14,0,2,3,2,90043,4847.08447265625,0,0,3
1767765201.9313462,9124707774134530792,0,13,2,52,5,18,2,3,2,89567,4786.0625,0,0,3
1767765201.9313462,9124707774134530792,0,14,17,51,11,0,2,3,2,90849,4779.8515625,0,0,3
1767765201.9313462,9124707774134530792,0,15,11,52,18,0,2,3,2,89968,4841.6103515625,0,0,3
1767765201.9313462,9124707774134530792,0,16,5,52,2,10,2,3,2,89630,4798.53369140625,0,0,3
1767765201.9313462,9124707774134530792,0,17,7,52,7,6,2,3,2,89520,4809.52978515625,0,0,3
1767765201.9313462,9124707774134530792,0,18,16,52,13,0,2,3,2,90794,4866.3095703125,0,0,3
1767765201.9313462,9124707774134530792,0,19,20,0,17,0,0,4,1,0,4957.805258860812,0,0,1
1767765201.9313462,9124707774134530792,0,20,0,0,0,0,0,0,0,0,0.0,0,0,0
1767765201.9313462,9124707774134530792,0,21,0,0,0,0,0,0,0,0,0.0,0,0,0
1767765206.9378958,9124707774134530792,0,0,9,52,9,2,2,3,2,90228,4836.7119140625,0,0,3
1767765206.9378958,9124707774134530792,0,1,8,52,10,4,2,3,2,90281,4833.1015625,0,0,3
1767765206.9378958,9124707774134530792,0,2,13,52,12,0,2,3,2,90199,4847.78955078125,0,0,3
1767765206.9378958,9124707774134530792,0,3,6,52,8,8,2,3,2,89789,4806.34765625,0,0,3
1767765206.9378958,9124707774134530792,0,4,4,52,3,12,2,3,2,89495,4793.0673828125,0,0,3
1767765206.9378958,9124707774134530792,0,5,15,52,20,0,2,3,2,90532,4854.94970703125,0,0,3
1767765206.9378958,9124707774134530792,0,6,10,52,15,1,2,3,2,90300,4840.35888671875,0,0,3
1767765206.9378958,9124707774134530792,0,7,18,51,19,0,3,3,2,90725,4799.23828125,0,0,4
1767765206.9378958,9124707774134530792,0,8,3,52,1,15,2,3,2,89213,4792.3017578125,0,0,3
1767765206.9378958,9124707774134530792,0,9,14,52,16,0,2,3,2,90412,4852.21533203125,0,0,3
1767765206.9378958,9124707774134530792,0,10,1,52,6,25,2,3,2,89254,4777.759765625,0,0,3
1767765206.9378958,9124707774134530792,0,11,19,38,4,0,2,4,3,90429,3625.40576171875,0,0,3
1767765206.9378958,9124707774134530792,0,12,12,52,14,0,2,3,2,90043,4847.08447265625,0,0,3
1767765206.9378958,9124707774134530792,0,13,2,52,5,18,2,3,2,89567,4786.0625,0,0,3
1767765206.9378958,9124707774134530792,0,14,17,51,11,0,2,3,2,90849,4779.8515625,0,0,3
1767765206.9378958,9124707774134530792,0,15,11,52,18,0,2,3,2,89968,4841.6103515625,0,0,3
1767765206.9378958,9124707774134530792,0,16,5,52,2,10,2,3,2,89630,4798.53369140625,0,0,3
1767765206.9378958,9124707774134530792,0,17,7,52,7,6,2,3,2,89520,4809.52978515625,0,0,3
1767765206.9378958,9124707774134530792,0,18,16,52,13,0,2,3,2,90794,4866.3095703125,0,0,3
1767765206.9378958,9124707774134530792,0,19,20,0,17,0,0,4,1,0,4957.805258860812,0,0,1
1767765206.9378958,9124707774134530792,0,20,0,0,0,0,0,0,0,0,0.0,0,0,0
1767765206.9378958,9124707774134530792,0,21,0,0,0,0,0,0,0,0,0.0,0,0,0
1767765211.940105,9124707774134530792,0,0,9,52,9,2,2,3,2,90228,4836.7119140625,0,0,3
1767765211.940105,9124707774134530792,0,1,8,52,10,4,2,3,2,90281,4833.1015625,0,0,3
1767765211.940105,9124707774134530792,0,2,13,52,12,0,2,3,2,90199,4847.78955078125,0,0,3
1767765211.940105,9124707774134530792,0,3,6,52,8,8,2,3,2,89789,4806.34765625,0,0,3
1767765211.940105,9124707774134530792,0,4,4,52,3,12,2,3,2,89495,4793.0673828125,0,0,3
1767765211.940105,9124707774134530792,0,5,15,52,20,0,2,3,2,90532,4854.94970703125,0,0,3
1767765211.940105,9124707774134530792,0,6,10,52,15,1,2,3,2,90300,4840.35888671875,0,0,3
1767765211.940105,9124707774134530792,0,7,18,51,19,0,3,3,2,90725,4799.23828125,0,0,4
1767765211.940105,9124707774134530792,0,8,3,52,1,15,2,3,2,89213,4792.3017578125,0,0,3
1767765211.940105,9124707774134530792,0,9,14,52,16,0,2,3,2,90412,4852.21533203125,0,0,3
1767765211.940105,9124707774134530792,0,10,1,52,6,25,2,3,2,89254,4777.759765625,0,0,3
1767765211.940105,9124707774134530792,0,11,19,38,4,0,2,4,3,90429,3625.40576171875,0,0,3
1767765211.940105,9124707774134530792,0,12,12,52,14,0,2,3,2,90043,4847.08447265625,0,0,3
1767765211.940105,9124707774134530792,0,13,2,52,5,18,2,3,2,89567,4786.0625,0,0,3
1767765211.940105,9124707774134530792,0,14,17,51,11,0,2,3,2,90849,4779.8515625,0,0,3
1767765211.940105,9124707774134530792,0,15,11,52,18,0,2,3,2,89968,4841.6103515625,0,0,3
1767765211.940105,9124707774134530792,0,16,5,52,2,10,2,3,2,89630,4798.53369140625,0,0,3
1767765211.940105,9124707774134530792,0,17,7,52,7,6,2,3,2,89520,4809.52978515625,0,0,3
1767765211.940105,9124707774134530792,0,18,16,52,13,0,2,3,2,90794,4866.3095703125,0,0,3
1767765211.940105,9124707774134530792,0,19,20,0,17,0,0,4,1,0,4957.805258860812,0,0,1
1767765211.940105,9124707774134530792,0,20,0,0,0,0,0,0,0,0,0.0,0,0,0
1767765211.940105,9124707774134530792,0,21,0,0,0,0,0,0,0,0,0.0,0,0,0
1767765216.9444692,9124707774134530792,0,0,9,52,9,2,2,3,2,90228,4836.7119140625,0,0,3
1767765216.9444692,9124707774134530792,0,1,8,52,10,4,2,3,2,90281,4833.1015625,0,0,3
1767765216.9444692,9124707774134530792,0,2,13,52,12,0,2,3,2,90199,4847.78955078125,0,0,3
1767765216.9444692,9124707774134530792,0,3,6,52,8,8,2,3,2,89789,4806.34765625,0,0,3
1767765216.9444692,9124707774134530792,0,4,4,52,3,12,2,3,2,89495,4793.0673828125,0,0,3
1767765216.9444692,9124707774134530792,0,5,15,52,20,0,2,3,2,90532,4854.94970703125,0,0,3
1767765216.9444692,9124707774134530792,0,6,10,52,15,1,2,3,2,90300,4840.35888671875,0,0,3
1767765216.9444692,9124707774134530792,0,7,18,51,19,0,3,3,2,90725,4799.23828125,0,0,4
1767765216.9444692,9124707774134530792,0,8,3,52,1,15,2,3,2,89213,4792.3017578125,0,0,3
1767765216.9444692,9124707774134530792,0,9,14,52,16,0,2,3,2,90412,4852.21533203125,0,0,3
1767765216.9444692,9124707774134530792,0,10,1,52,6,25,2,3,2,89254,4777.759765625,0,0,3
1767765216.9444692,9124707774134530792,0,11,19,38,4,0,2,4,3,90429,3625.40576171875,0,0,3
1767765216.9444692,9124707774134530792,0,12,12,52,14,0,2,3,2,90043,4847.08447265625,0,0,3
1767765216.9444692,9124707774134530792,0,13,2,52,5,18,2,3,2,89567,4786.0625,0,0,3
1767765216.9444692,9124707774134530792,0,14,17,51,11,0,2,3,2,90849,4779.8515625,0,0,3
1767765216.9444692,9124707774134530792,0,15,11,52,18,0,2,3,2,89968,4841.6103515625,0,0,3
1767765216.9444692,9124707774134530792,0,16,5,52,2,10,2,3,2,89630,4798.53369140625,0,0,3
1767765216.9444692,9124707774134530792,0,17,7,52,7,6,2,3,2,89520,4809.52978515625,0,0,3
1767765216.9444692,9124707774134530792,0,18,16,52,13,0,2,3,2,90794,4866.3095703125,0,0,3
1767765216.9444692,9124707774134530792,0,19,20,0,17,0,0,4,1,0,4957.805258860812,0,0,1
1767765216.9444692,9124707774134530792,0,20,0,0,0,0,0,0,0,0,0.0,0,0,0
1767765216.9444692,9124707774134530792,0,21,0,0,0,0,0,0,0,0,0.0,0,0,0
1767765221.9505894,9124707774134530792,0,0,9,52,9,2,2,3,2,90228,4836.7119140625,0,0,3
1767765221.9505894,9124707774134530792,0,1,8,52,10,4,2,3,2,90281,4833.1015625,0,0,3
1767765221.9505894,9124707774134530792,0,2,13,52,12,0,2,3,2,90199,4847.78955078125,0,0,3
1767765221.9505894,9124707774134530792,0,3,6,52,8,8,2,3,2,89789,4806.34765625,0,0,3
1767765221.9505894,9124707774134530792,0,4,4,52,3,12,2,3,2,89495,4793.0673828125,0,0,3
1767765221.9505894,9124707774134530792,0,5,15,52,20,0,2,3,2,90532,4854.94970703125,0,0,3
1767765221.9505894,9124707774134530792,0,6,10,52,15,1,2,3,2,90300,4840.35888671875,0,0,3
1767765221.9505894,9124707774134530792,0,7,18,51,19,0,3,3,2,90725,4799.23828125,0,0,4
1767765221.9505894,9124707774134530792,0,8,3,52,1,15,2,3,2,89213,4792.3017578125,0,0,3
1767765221.9505894,9124707774134530792,0,9,14,52,16,0,2,3,2,90412,4852.21533203125,0,0,3
1767765221.9505894,9124707774134530792,0,10,1,52,6,25,2,3,2,89254,4777.759765625,0,0,3
1767765221.9505894,9124707774134530792,0,11,19,38,4,0,2,4,3,90429,3625.40576171875,0,0,3
1767765221.9505894,9124707774134530792,0,12,12,52,14,0,2,3,2,90043,4847.08447265625,0,0,3
1767765221.9505894,9124707774134530792,0,13,2,52,5,18,2,3,2,89567,4786.0625,0,0,3
1767765221.9505894,9124707774134530792,0,14,17,51,11,0,2,3,2,90849,4779.8515625,0,0,3
1767765221.9505894,9124707774134530792,0,15,11,52,18,0,2,3,2,89968,4841.6103515625,0,0,3
1767765221.9505894,9124707774134530792,0,16,5,52,2,10,2,3,2,89630,4798.53369140625,0,0,3
1767765221.9505894,9124707774134530792,0,17,7,52,7,6,2,3,2,89520,4809.52978515625,0,0,3
1767765221.9505894,9124707774134530792,0,18,16,52,13,0,2,3,2,90794,4866.3095703125,0,0,3
1767765221.9505894,9124707774134530792,0,19,20,0,17,0,0,4,1,0,4957.805258860812,0,0,1
1767765221.9505894,9124707774134530792,0,20,0,0,0,0,0,0,0,0,0.0,0,0,0
1767765221.9505894,9124707774134530792,0,21,0,0,0,0,0,0,0,0,0.0,0,0,0
1767765226.9613886,9124707774134530792,0,0,9,52,9,2,2,3,2,90228,4836.7119140625,0,0,3
1767765226.9613886,9124707774134530792,0,1,8,52,10,4,2,3,2,90281,4833.1015625,0,0,3
1767765226.9613886,9124707774134530792,0,2,13,52,12,0,2,3,2,90199,4847.78955078125,0,0,3
1767765226.9613886,9124707774134530792,0,3,6,52,8,8,2,3,2,89789,4806.34765625,0,0,3
1767765226.9613886,9124707774134530792,0,4,4,52,3,12,2,3,2,89495,4793.0673828125,0,0,3
1767765226.9613886,9124707774134530792,0,5,15,52,20,0,2,3,2,90532,4854.94970703125,0,0,3
1767765226.9613886,9124707774134530792,0,6,10,52,15,1,2,3,2,90300,4840.35888671875,0,0,3
1767765226.9613886,9124707774134530792,0,7,18,51,19,0,3,3,2,90725,4799.23828125,0,0,4
1767765226.9613886,9124707774134530792,0,8,3,52,1,15,2,3,2,89213,4792.3017578125,0,0,3
1767765226.9613886,9124707774134530792,0,9,14,52,16,0,2,3,2,90412,4852.21533203125,0,0,3
1767765226.9613886,9124707774134530792,0,10,1,52,6,25,2,3,2,89254,4777.759765625,0,0,3
1767765226.9613886,9124707774134530792,0,11,19,38,4,0,2,4,3,90429,3625.40576171875,0,0,3
1767765226.9613886,9124707774134530792,0,12,12,52,14,0,2,3,2,90043,4847.08447265625,0,0,3
1767765226.9613886,9124707774134530792,0,13,2,52,5,18,2,3,2,89567,4786.0625,0,0,3
1767765226.9613886,9124707774134530792,0,14,17,51,11,0,2,3,2,90849,4779.8515625,0,0,3
1767765226.9613886,9124707774134530792,0,15,11,52,18,0,2,3,2,89968,4841.6103515625,0,0,3
1767765226.9613886,9124707774134530792,0,16,5,52,2,10,2,3,2,89630,4798.53369140625,0,0,3
1767765226.9613886,9124707774134530792,0,17,7,52,7,6,2,3,2,89520,4809.52978515625,0,0,3
1767765226.9613886,9124707774134530792,0,18,16,52,13,0,2,3,2,90794,4866.3095703125,0,0,3
1767765226.9613886,9124707774134530792,0,19,20,0,17,0,0,4,1,0,4957.805258860812,0,0,1
1767765226.9613886,9124707774134530792,0,20,0,0,0,0,0,0,0,0,0.0,0,0,0
1767765226.9613886,9124707774134530792,0,21,0,0,0,0,0,0,0,0,0.0,0,0,0
1767765231.983186,9124707774134530792,0,0,9,52,9,2,2,3,2,90228,4836.7119140625,0,0,3
1767765231.983186,9124707774134530792,0,1,8,52,10,4,2,3,2,90281,4833.1015625,0,0,3
1767765231.983186,9124707774134530792,0,2,13,52,12,0,2,3,2,90199,4847.78955078125,0,0,3
1767765231.983186,9124707774134530792,0,3,6,52,8,8,2,3,2,89789,4806.34765625,0,0,3
1767765231.983186,9124707774134530792,0,4,4,52,3,12,2,3,2,89495,4793.0673828125,0,0,3
1767765231.983186,9124707774134530792,0,5,15,52,20,0,2,3,2,90532,4854.94970703125,0,0,3
1767765231.983186,9124707774134530792,0,6,10,52,15,1,2,3,2,90300,4840.35888671875,0,0,3
1767765231.983186,9124707774134530792,0,7,18,51,19,0,3,3,2,90725,4799.23828125,0,0,4
1767765231.983186,9124707774134530792,0,8,3,52,1,15,2,3,2,89213,4792.3017578125,0,0,3
1767765231.983186,9124707774134530792,0,9,14,52,16,0,2,3,2,90412,4852.21533203125,0,0,3
1767765231.983186,9124707774134530792,0,10,1,52,6,25,2,3,2,89254,4777.759765625,0,0,3
1767765231.983186,9124707774134530792,0,11,19,38,4,0,2,4,3,90429,3625.40576171875,0,0,3
1767765231.983186,9124707774134530792,0,12,12,52,14,0,2,3,2,90043,4847.08447265625,0,0,3
1767765231.983186,9124707774134530792,0,13,2,52,5,18,2,3,2,89567,4786.0625,0,0,3
1767765231.983186,9124707774134530792,0,14,17,51,11,0,2,3,2,90849,4779.8515625,0,0,3
1767765231.983186,9124707774134530792,0,15,11,52,18,0,2,3,2,89968,4841.6103515625,0,0,3
1767765231.983186,9124707774134530792,0,16,5,52,2,10,2,3,2,89630,4798.53369140625,0,0,3
1767765231.983186,9124707774134530792,0,17,7,52,7,6,2,3,2,89520,4809.52978515625,0,0,3
1767765231.983186,9124707774134530792,0,18,16,52,13,0,2,3,2,90794,4866.3095703125,0,0,3
1767765231.983186,9124707774134530792,0,19,20,0,17,0,0,4,1,0,4957.805258860812,0,0,1
1767765231.983186,9124707774134530792,0,20,0,0,0,0,0,0,0,0,0.0,0,0,0
1767765231.983186,9124707774134530792,0,21,0,0,0,0,0,0,0,0,0.0,0,0,0
1767765236.9977107,9124707774134530792,0,0,9,52,9,2,2,3,2,90228,4836.7119140625,0,0,3
1767765236.9977107,9124707774134530792,0,1,8,52,10,4,2,3,2,90281,4833.1015625,0,0,3
1767765236.9977107,9124707774134530792,0,2,13,52,12,0,2,3,2,90199,4847.78955078125,0,0,3
1767765236.9977107,9124707774134530792,0,3,6,52,8,8,2,3,2,89789,4806.34765625,0,0,3
1767765236.9977107,9124707774134530792,0,4,4,52,3,12,2,3,2,89495,4793.0673828125,0,0,3
1767765236.9977107,9124707774134530792,0,5,15,52,20,0,2,3,2,90532,4854.94970703125,0,0,3
1767765236.9977107,9124707774134530792,0,6,10,52,15,1,2,3,2,90300,4840.35888671875,0,0,3
1767765236.9977107,9124707774134530792,0,7,18,51,19,0,3,3,2,90725,4799.23828125,0,0,4
1767765236.9977107,9124707774134530792,0,8,3,52,1,15,2,3,2,89213,4792.3017578125,0,0,3
1767765236.9977107,9124707774134530792,0,9,14,52,16,0,2,3,2,90412,4852.21533203125,0,0,3
1767765236.9977107,9124707774134530792,0,10,1,52,6,25,2,3,2,89254,4777.759765625,0,0,3
1767765236.9977107,9124707774134530792,0,11,19,38,4,0,2,4,3,90429,3625.40576171875,0,0,3
1767765236.9977107,9124707774134530792,0,12,12,52,14,0,2,3,2,90043,4847.08447265625,0,0,3
1767765236.9977107,9124707774134530792,0,13,2,52,5,18,2,3,2,89567,4786.0625,0,0,3
1767765236.9977107,9124707774134530792,0,14,17,51,11,0,2,3,2,90849,4779.8515625,0,0,3
1767765236.9977107,9124707774134530792,0,15,11,52,18,0,2,3,2,89968,4841.6103515625,0,0,3
1767765236.9977107,9124707774134530792,0,16,5,52,2,10,2,3,2,89630,4798.53369140625,0,0,3
1767765236.9977107,9124707774134530792,0,17,7,52,7,6,2,3,2,89520,4809.52978515625,0,0,3
1767765236.9977107,9124707774134530792,0,18,16,52,13,0,2,3,2,90794,4866.3095703125,0,0,3
1767765236.9977107,9124707774134530792,0,19,20,0,17,0,0,4,1,0,4957.805258860812,0,0,1
1767765236.9977107,9124707774134530792,0,20,0,0,0,0,0,0,0,0,0.0,0,0,0
1767765236.9977107,9124707774134530792,0,21,0,0,0,0,0,0,0,0,0.0,0,0,0
1767765242.0177531,9124707774134530792,0,0,9,52,9,2,2,3,2,90228,4836.7119140625,0,0,3
1767765242.0177531,9124707774134530792,0,1,8,52,10,4,2,3,2,90281,4833.1015625,0,0,3
1767765242.0177531,9124707774134530792,0,2,13,52,12,0,2,3,2,90199,4847.78955078125,0,0,3
1767765242.0177531,9124707774134530792,0,3,6,52,8,8,2,3,2,89789,4806.34765625,0,0,3
1767765242.0177531,9124707774134530792,0,4,4,52,3,12,2,3,2,89495,4793.0673828125,0,0,3
1767765242.0177531,9124707774134530792,0,5,15,52,20,0,2,3,2,90532,4854.94970703125,0,0,3
1767765242.0177531,9124707774134530792,0,6,10,52,15,1,2,3,2,90300,4840.35888671875,0,0,3
1767765242.0177531,9124707774134530792,0,7,18,51,19,0,3,3,2,90725,4799.23828125,0,0,4
1767765242.0177531,9124707774134530792,0,8,3,52,1,15,2,3,2,89213,4792.3017578125,0,0,3
1767765242.0177531,9124707774134530792,0,9,14,52,16,0,2,3,2,90412,4852.21533203125,0,0,3
1767765242.0177531,9124707774134530792,0,10,1,52,6,25,2,3,2,89254,4777.759765625,0,0,3
1767765242.0177531,9124707774134530792,0,11,19,38,4,0,2,4,3,90429,3625.40576171875,0,0,3
1767765242.0177531,9124707774134530792,0,12,12,52,14,0,2,3,2,90043,4847.08447265625,0,0,3
1767765242.0177531,9124707774134530792,0,13,2,52,5,18,2,3,2,89567,4786.0625,0,0,3
1767765242.0177531,9124707774134530792,0,14,17,51,11,0,2,3,2,90849,4779.8515625,0,0,3
1767765242.0177531,9124707774134530792,0,15,11,52,18,0,2,3,2,89968,4841.6103515625,0,0,3
1767765242.0177531,9124707774134530792,0,16,5,52,2,10,2,3,2,89630,4798.53369140625,0,0,3
1767765242.0177531,9124707774134530792,0,17,7,52,7,6,2,3,2,89520,4809.52978515625,0,0,3
1767765242.0177531,9124707774134530792,0,18,16,52,13,0,2,3,2,90794,4866.3095703125,0,0,3
1767765242.0177531,9124707774134530792,0,19,20,0,17,0,0,4,1,0,4957.805258860812,0,0,1
1767765242.0177531,9124707774134530792,0,20,0,0,0,0,0,0,0,0,0.0,0,0,0
1767765242.0177531,9124707774134530792,0,21,0,0,0,0,0,0,0,0,0.0,0,0,0
1767765247.0199552,9124707774134530792,0,0,9,52,9,2,2,3,2,90228,4836.7119140625,0,0,3
1767765247.0199552,9124707774134530792,0,1,8,52,10,4,2,3,2,90281,4833.1015625,0,0,3
1767765247.0199552,9124707774134530792,0,2,13,52,12,0,2,3,2,90199,4847.78955078125,0,0,3
1767765247.0199552,9124707774134530792,0,3,6,52,8,8,2,3,2,89789,4806.34765625,0,0,3
1767765247.0199552,9124707774134530792,0,4,4,52,3,12,2,3,2,89495,4793.0673828125,0,0,3
1767765247.0199552,9124707774134530792,0,5,15,52,20,0,2,3,2,90532,4854.94970703125,0,0,3
1767765247.0199552,9124707774134530792,0,6,10,52,15,1,2,3,2,90300,4840.35888671875,0,0,3
1767765247.0199552,9124707774134530792,0,7,18,51,19,0,3,3,2,90725,4799.23828125,0,0,4
1767765247.0199552,9124707774134530792,0,8,3,52,1,15,2,3,2,89213,4792.3017578125,0,0,3
1767765247.0199552,9124707774134530792,0,9,14,52,16,0,2,3,2,90412,4852.21533203125,0,0,3
1767765247.0199552,9124707774134530792,0,10,1,52,6,25,2,3,2,89254,4777.759765625,0,0,3
1767765247.0199552,9124707774134530792,0,11,19,38,4,0,2,4,3,90429,3625.40576171875,0,0,3
1767765247.0199552,9124707774134530792,0,12,12,52,14,0,2,3,2,90043,4847.08447265625,0,0,3
1767765247.0199552,9124707774134530792,0,13,2,52,5,18,2,3,2,89567,4786.0625,0,0,3
1767765247.0199552,9124707774134530792,0,14,17,51,11,0,2,3,2,90849,4779.8515625,0,0,3
1767765247.0199552,9124707774134530792,0,15,11,52,18,0,2,3,2,89968,4841.6103515625,0,0,3
1767765247.0199552,9124707774134530792,0,16,5,52,2,10,2,3,2,89630,4798.53369140625,0,0,3
1767765247.0199552,9124707774134530792,0,17,7,52,7,6,2,3,2,89520,4809.52978515625,0,0,3
1767765247.0199552,9124707774134530792,0,18,16,52,13,0,2,3,2,90794,4866.3095703125,0,0,3
1767765247.0199552,9124707774134530792,0,19,20,0,17,0,0,4,1,0,4957.805258860812,0,0,1
1767765247.0199552,9124707774134530792,0,20,0,0,0,0,0,0,0,0,0.0,0,0,0
1767765247.0199552,9124707774134530792,0,21,0,0,0,0,0,0,0,0,0.0,0,0,0
1767765252.0330226,9124707774134530792,0,0,9,52,9,2,2,3,2,90228,4836.7119140625,0,0,3
1767765252.0330226,9124707774134530792,0,1,8,52,10,4,2,3,2,90281,4833.1015625,0,0,3
1767765252.0330226,9124707774134530792,0,2,13,52,12,0,2,3,2,90199,4847.78955078125,0,0,3
1767765252.0330226,9124707774134530792,0,3,6,52,8,8,2,3,2,89789,4806.34765625,0,0,3
1767765252.0330226,9124707774134530792,0,4,4,52,3,12,2,3,2,89495,4793.0673828125,0,0,3
1767765252.0330226,9124707774134530792,0,5,15,52,20,0,2,3,2,90532,4854.94970703125,0,0,3
1767765252.0330226,9124707774134530792,0,6,10,52,15,1,2,3,2,90300,4840.35888671875,0,0,3
1767765252.0330226,9124707774134530792,0,7,18,51,19,0,3,3,2,90725,4799.23828125,0,0,4
1767765252.0330226,9124707774134530792,0,8,3,52,1,15,2,3,2,89213,4792.3017578125,0,0,3
1767765252.0330226,9124707774134530792,0,9,14,52,16,0,2,3,2,90412,4852.21533203125,0,0,3
1767765252.0330226,9124707774134530792,0,10,1,52,6,25,2,3,2,89254,4777.759765625,0,0,3
1767765252.0330226,9124707774134530792,0,11,19,38,4,0,2,4,3,90429,3625.40576171875,0,0,3
1767765252.0330226,9124707774134530792,0,12,12,52,14,0,2,3,2,90043,4847.08447265625,0,0,3
1767765252.0330226,9124707774134530792,0,13,2,52,5,18,2,3,2,89567,4786.0625,0,0,3
1767765252.0330226,9124707774134530792,0,14,17,51,11,0,2,3,2,90849,4779.8515625,0,0,3
1767765252.0330226,9124707774134530792,0,15,11,52,18,0,2,3,2,89968,4841.6103515625,0,0,3
1767765252.0330226,9124707774134530792,0,16,5,52,2,10,2,3,2,89630,4798.53369140625,0,0,3
1767765252.0330226,9124707774134530792,0,17,7,52,7,6,2,3,2,89520,4809.52978515625,0,0,3
1767765252.0330226,9124707774134530792,0,18,16,52,13,0,2,3,2,90794,4866.3095703125,0,0,3
1767765252.0330226,9124707774134530792,0,19,20,0,17,0,0,4,1,0,4957.805258860812,0,0,1
1767765252.0330226,9124707774134530792,0,20,0,0,0,0,0,0,0,0,0.0,0,0,0
1767765252.0330226,9124707774134530792,0,21,0,0,0,0,0,0,0,0,0.0,0,0,0
1767765257.0490124,9124707774134530792,0,0,9,52,9,2,2,3,2,90228,4836.7119140625,0,0,3
1767765257.0490124,9124707774134530792,0,1,8,52,10,4,2,3,2,90281,4833.1015625,0,0,3
1767765257.0490124,9124707774134530792,0,2,13,52,12,0,2,3,2,90199,4847.78955078125,0,0,3
1767765257.0490124,9124707774134530792,0,3,6,52,8,8,2,3,2,89789,4806.34765625,0,0,3
1767765257.0490124,9124707774134530792,0,4,4,52,3,12,2,3,2,89495,4793.0673828125,0,0,3
1767765257.0490124,9124707774134530792,0,5,15,52,20,0,2,3,2,90532,4854.94970703125,0,0,3
1767765257.0490124,9124707774134530792,0,6,10,52,15,1,2,3,2,90300,4840.35888671875,0,0,3
1767765257.0490124,9124707774134530792,0,7,18,51,19,0,3,3,2,90725,4799.23828125,0,0,4
1767765257.0490124,9124707774134530792,0,8,3,52,1,15,2,3,2,89213,4792.3017578125,0,0,3
1767765257.0490124,9124707774134530792,0,9,14,52,16,0,2,3,2,90412,4852.21533203125,0,0,3
1767765257.0490124,9124707774134530792,0,10,1,52,6,25,2,3,2,89254,4777.759765625,0,0,3
1767765257.0490124,9124707774134530792,0,11,19,38,4,0,2,4,3,90429,3625.40576171875,0,0,3
1767765257.0490124,9124707774134530792,0,12,12,52,14,0,2,3,2,90043,4847.08447265625,0,0,3
1767765257.0490124,9124707774134530792,0,13,2,52,5,18,2,3,2,89567,4786.0625,0,0,3
1767765257.0490124,9124707774134530792,0,14,17,51,11,0,2,3,2,90849,4779.8515625,0,0,3
1767765257.0490124,9124707774134530792,0,15,11,52,18,0,2,3,2,89968,4841.6103515625,0,0,3
1767765257.0490124,9124707774134530792,0,16,5,52,2,10,2,3,2,89630,4798.53369140625,0,0,3
1767765257.0490124,9124707774134530792,0,17,7,52,7,6,2,3,2,89520,4809.52978515625,0,0,3
1767765257.0490124,9124707774134530792,0,18,16,52,13,0,2,3,2,90794,4866.3095703125,0,0,3
1767765257.0490124,9124707774134530792,0,19,20,0,17,0,0,4,1,0,4957.805258860812,0,0,1
1767765257.0490124,9124707774134530792,0,20,0,0,0,0,0,0,0,0,0.0,0,0,0
1767765257.0490124,9124707774134530792,0,21,0,0,0,0,0,0,0,0,0.0,0,0,0
1767765262.054982,9124707774134530792,0,0,9,52,9,2,2,3,2,90228,4836.7119140625,0,0,3
1767765262.054982,9124707774134530792,0,1,8,52,10,4,2,3,2,90281,4833.1015625,0,0,3
1767765262.054982,9124707774134530792,0,2,13,52,12,0,2,3,2,90199,4847.78955078125,0,0,3
1767765262.054982,9124707774134530792,0,3,6,52,8,8,2,3,2,89789,4806.34765625,0,0,3
1767765262.054982,9124707774134530792,0,4,4,52,3,12,2,3,2,89495,4793.0673828125,0,0,3
1767765262.054982,9124707774134530792,0,5,15,52,20,0,2,3,2,90532,4854.94970703125,0,0,3
1767765262.054982,9124707774134530792,0,6,10,52,15,1,2,3,2,90300,4840.35888671875,0,0,3
1767765262.054982,9124707774134530792,0,7,18,51,19,0,3,3,2,90725,4799.23828125,0,0,4
1767765262.054982,9124707774134530792,0,8,3,52,1,15,2,3,2,89213,4792.3017578125,0,0,3
1767765262.054982,9124707774134530792,0,9,14,52,16,0,2,3,2,90412,4852.21533203125,0,0,3
1767765262.054982,9124707774134530792,0,10,1,52,6,25,2,3,2,89254,4777.759765625,0,0,3
1767765262.054982,9124707774134530792,0,11,19,38,4,0,2,4,3,90429,3625.40576171875,0,0,3
1767765262.054982,9124707774134530792,0,12,12,52,14,0,2,3,2,90043,4847.08447265625,0,0,3
1767765262.054982,9124707774134530792,0,13,2,52,5,18,2,3,2,89567,4786.0625,0,0,3
1767765262.054982,9124707774134530792,0,14,17,51,11,0,2,3,2,90849,4779.8515625,0,0,3
1767765262.054982,9124707774134530792,0,15,11,52,18,0,2,3,2,89968,4841.6103515625,0,0,3
1767765262.054982,9124707774134530792,0,16,5,52,2,10,2,3,2,89630,4798.53369140625,0,0,3
1767765262.054982,9124707774134530792,0,17,7,52,7,6,2,3,2,89520,4809.52978515625,0,0,3
1767765262.054982,9124707774134530792,0,18,16,52,13,0,2,3,2,90794,4866.3095703125,0,0,3
1767765262.054982,9124707774134530792,0,19,20,0,17,0,0,4,1,0,4957.805258860812,0,0,1
1767765262.054982,9124707774134530792,0,20,0,0,0,0,0,0,0,0,0.0,0,0,0
1767765262.054982,9124707774134530792,0,21,0,0,0,0,0,0,0,0,0.0,0,0,0
1767765267.075271,9124707774134530792,0,0,9,52,9,2,2,3,2,90228,4836.7119140625,0,0,3
1767765267.075271,9124707774134530792,0,1,8,52,10,4,2,3,2,90281,4833.1015625,0,0,3
1767765267.075271,9124707774134530792,0,2,13,52,12,0,2,3,2,90199,4847.78955078125,0,0,3
1767765267.075271,9124707774134530792,0,3,6,52,8,8,2,3,2,89789,4806.34765625,0,0,3
1767765267.075271,9124707774134530792,0,4,4,52,3,12,2,3,2,89495,4793.0673828125,0,0,3
1767765267.075271,9124707774134530792,0,5,15,52,20,0,2,3,2,90532,4854.94970703125,0,0,3
1767765267.075271,9124707774134530792,0,6,10,52,15,1,2,3,2,90300,4840.35888671875,0,0,3
1767765267.075271,9124707774134530792,0,7,18,51,19,0,3,3,2,90725,4799.23828125,0,0,4
1767765267.075271,9124707774134530792,0,8,3,52,1,15,2,3,2,89213,4792.3017578125,0,0,3
1767765267.075271,9124707774134530792,0,9,14,52,16,0,2,3,2,90412,4852.21533203125,0,0,3
1767765267.075271,9124707774134530792,0,10,1,52,6,25,2,3,2,89254,4777.759765625,0,0,3
1767765267.075271,9124707774134530792,0,11,19,38,4,0,2,4,3,90429,3625.40576171875,0,0,3
1767765267.075271,9124707774134530792,0,12,12,52,14,0,2,3,2,90043,4847.08447265625,0,0,3
1767765267.075271,9124707774134530792,0,13,2,52,5,18,2,3,2,89567,4786.0625,0,0,3
1767765267.075271,9124707774134530792,0,14,17,51,11,0,2,3,2,90849,4779.8515625,0,0,3
1767765267.075271,9124707774134530792,0,15,11,52,18,0,2,3,2,89968,4841.6103515625,0,0,3
1767765267.075271,9124707774134530792,0,16,5,52,2,10,2,3,2,89630,4798.53369140625,0,0,3
1767765267.075271,9124707774134530792,0,17,7,52,7,6,2,3,2,89520,4809.52978515625,0,0,3
1767765267.075271,9124707774134530792,0,18,16,52,13,0,2,3,2,90794,4866.3095703125,0,0,3
1767765267.075271,9124707774134530792,0,19,20,0,17,0,0,4,1,0,4957.805258860812,0,0,1
1767765267.075271,9124707774134530792,0,20,0,0,0,0,0,0,0,0,0.0,0,0,0
1767765267.075271,9124707774134530792,0,21,0,0,0,0,0,0,0,0,0.0,0,0,0
1767765272.0944624,9124707774134530792,0,0,9,52,9,2,2,3,2,90228,4836.7119140625,0,0,3
1767765272.0944624,9124707774134530792,0,1,8,52,10,4,2,3,2,90281,4833.1015625,0,0,3
1767765272.0944624,9124707774134530792,0,2,13,52,12,0,2,3,2,90199,4847.78955078125,0,0,3
1767765272.0944624,9124707774134530792,0,3,6,52,8,8,2,3,2,89789,4806.34765625,0,0,3
1767765272.0944624,9124707774134530792,0,4,4,52,3,12,2,3,2,89495,4793.0673828125,0,0,3
1767765272.0944624,9124707774134530792,0,5,15,52,20,0,2,3,2,90532,4854.94970703125,0,0,3
1767765272.0944624,9124707774134530792,0,6,10,52,15,1,2,3,2,90300,4840.35888671875,0,0,3
1767765272.0944624,9124707774134530792,0,7,18,51,19,0,3,3,2,90725,4799.23828125,0,0,4
1767765272.0944624,9124707774134530792,0,8,3,52,1,15,2,3,2,89213,4792.3017578125,0,0,3
1767765272.0944624,9124707774134530792,0,9,14,52,16,0,2,3,2,90412,4852.21533203125,0,0,3
1767765272.0944624,9124707774134530792,0,10,1,52,6,25,2,3,2,89254,4777.759765625,0,0,3
1767765272.0944624,9124707774134530792,0,11,19,38,4,0,2,4,3,90429,3625.40576171875,0,0,3
1767765272.0944624,9124707774134530792,0,12,12,52,14,0,2,3,2,90043,4847.08447265625,0,0,3
1767765272.0944624,9124707774134530792,0,13,2,52,5,18,2,3,2,89567,4786.0625,0,0,3
1767765272.0944624,9124707774134530792,0,14,17,51,11,0,2,3,2,90849,4779.8515625,0,0,3
1767765272.0944624,9124707774134530792,0,15,11,52,18,0,2,3,2,89968,4841.6103515625,0,0,3
1767765272.0944624,9124707774134530792,0,16,5,52,2,10,2,3,2,89630,4798.53369140625,0,0,3
1767765272.0944624,9124707774134530792,0,17,7,52,7,6,2,3,2,89520,4809.52978515625,0,0,3
1767765272.0944624,9124707774134530792,0,18,16,52,13,0,2,3,2,90794,4866.3095703125,0,0,3
1767765272.0944624,9124707774134530792,0,19,20,0,17,0,0,4,1,0,4957.805258860812,0,0,1
1767765272.0944624,9124707774134530792,0,20,0,0,0,0,0,0,0,0,0.0,0,0,0
1767765272.0944624,9124707774134530792,0,21,0,0,0,0,0,0,0,0,0.0,0,0,0
1767765277.098985,9124707774134530792,0,0,9,52,9,2,2,3,2,90228,4836.7119140625,0,0,3
1767765277.098985,9124707774134530792,0,1,8,52,10,4,2,3,2,90281,4833.1015625,0,0,3
1767765277.098985,9124707774134530792,0,2,13,52,12,0,2,3,2,90199,4847.78955078125,0,0,3
1767765277.098985,9124707774134530792,0,3,6,52,8,8,2,3,2,89789,4806.34765625,0,0,3
1767765277.098985,9124707774134530792,0,4,4,52,3,12,2,3,2,89495,4793.0673828125,0,0,3
1767765277.098985,9124707774134530792,0,5,15,52,20,0,2,3,2,90532,4854.94970703125,0,0,3
1767765277.098985,9124707774134530792,0,6,10,52,15,1,2,3,2,90300,4840.35888671875,0,0,3
1767765277.098985,9124707774134530792,0,7,18,51,19,0,3,3,2,90725,4799.23828125,0,0,4
1767765277.098985,9124707774134530792,0,8,3,52,1,15,2,3,2,89213,4792.3017578125,0,0,3
1767765277.098985,9124707774134530792,0,9,14,52,16,0,2,3,2,90412,4852.21533203125,0,0,3
1767765277.098985,9124707774134530792,0,10,1,52,6,25,2,3,2,89254,4777.759765625,0,0,3
1767765277.098985,9124707774134530792,0,11,19,38,4,0,2,4,3,90429,3625.40576171875,0,0,3
1767765277.098985,9124707774134530792,0,12,12,52,14,0,2,3,2,90043,4847.08447265625,0,0,3
1767765277.098985,9124707774134530792,0,13,2,52,5,18,2,3,2,89567,4786.0625,0,0,3
1767765277.098985,9124707774134530792,0,14,17,51,11,0,2,3,2,90849,4779.8515625,0,0,3
1767765277.098985,9124707774134530792,0,15,11,52,18,0,2,3,2,89968,4841.6103515625,0,0,3
1767765277.098985,9124707774134530792,0,16,5,52,2,10,2,3,2,89630,4798.53369140625,0,0,3
1767765277.098985,9124707774134530792,0,17,7,52,7,6,2,3,2,89520,4809.52978515625,0,0,3
1767765277.098985,9124707774134530792,0,18,16,52,13,0,2,3,2,90794,4866.3095703125,0,0,3
1767765277.098985,9124707774134530792,0,19,20,0,17,0,0,4,1,0,4957.805258860812,0,0,1
1767765277.098985,9124707774134530792,0,20,0,0,0,0,0,0,0,0,0.0,0,0,0
1767765277.098985,9124707774134530792,0,21,0,0,0,0,0,0,0,0,0.0,0,0,0
1767765282.1192286,9124707774134530792,0,0,9,52,9,2,2,3,2,90228,4836.7119140625,0,0,3
1767765282.1192286,9124707774134530792,0,1,8,52,10,4,2,3,2,90281,4833.1015625,0,0,3
1767765282.1192286,9124707774134530792,0,2,13,52,12,0,2,3,2,90199,4847.78955078125,0,0,3
1767765282.1192286,9124707774134530792,0,3,6,52,8,8,2,3,2,89789,4806.34765625,0,0,3
1767765282.1192286,9124707774134530792,0,4,4,52,3,12,2,3,2,89495,4793.0673828125,0,0,3
1767765282.1192286,9124707774134530792,0,5,15,52,20,0,2,3,2,90532,4854.94970703125,0,0,3
1767765282.1192286,9124707774134530792,0,6,10,52,15,1,2,3,2,90300,4840.35888671875,0,0,3
1767765282.1192286,9124707774134530792,0,7,18,51,19,0,3,3,2,90725,4799.23828125,0,0,4
1767765282.1192286,9124707774134530792,0,8,3,52,1,15,2,3,2,89213,4792.3017578125,0,0,3
1767765282.1192286,9124707774134530792,0,9,14,52,16,0,2,3,2,90412,4852.21533203125,0,0,3
1767765282.1192286,9124707774134530792,0,10,1,52,6,25,2,3,2,89254,4777.759765625,0,0,3
1767765282.1192286,9124707774134530792,0,11,19,38,4,0,2,4,3,90429,3625.40576171875,0,0,3
1767765282.1192286,9124707774134530792,0,12,12,52,14,0,2,3,2,90043,4847.08447265625,0,0,3
1767765282.1192286,9124707774134530792,0,13,2,52,5,18,2,3,2,89567,4786.0625,0,0,3
1767765282.1192286,9124707774134530792,0,14,17,51,11,0,2,3,2,90849,4779.8515625,0,0,3
1767765282.1192286,9124707774134530792,0,15,11,52,18,0,2,3,2,89968,4841.6103515625,0,0,3
1767765282.1192286,9124707774134530792,0,16,5,52,2,10,2,3,2,89630,4798.53369140625,0,0,3
1767765282.1192286,9124707774134530792,0,17,7,52,7,6,2,3,2,89520,4809.52978515625,0,0,3
1767765282.1192286,9124707774134530792,0,18,16,52,13,0,2,3,2,90794,4866.3095703125,0,0,3
1767765282.1192286,9124707774134530792,0,19,20,0,17,0,0,4,1,0,4957.805258860812,0,0,1
1767765282.1192286,9124707774134530792,0,20,0,0,0,0,0,0,0,0,0.0,0,0,0
1767765282.1192286,9124707774134530792,0,21,0,0,0,0,0,0,0,0,0.0,0,0,0
1767765287.1377678,9124707774134530792,0,0,9,52,9,2,2,3,2,90228,4836.7119140625,0,0,3
1767765287.1377678,9124707774134530792,0,1,8,52,10,4,2,3,2,90281,4833.1015625,0,0,3
1767765287.1377678,9124707774134530792,0,2,13,52,12,0,2,3,2,90199,4847.78955078125,0,0,3
1767765287.1377678,9124707774134530792,0,3,6,52,8,8,2,3,2,89789,4806.34765625,0,0,3
1767765287.1377678,9124707774134530792,0,4,4,52,3,12,2,3,2,89495,4793.0673828125,0,0,3
1767765287.1377678,9124707774134530792,0,5,15,52,20,0,2,3,2,90532,4854.94970703125,0,0,3
1767765287.1377678,9124707774134530792,0,6,10,52,15,1,2,3,2,90300,4840.35888671875,0,0,3
1767765287.1377678,9124707774134530792,0,7,18,51,19,0,3,3,2,90725,4799.23828125,0,0,4
1767765287.1377678,9124707774134530792,0,8,3,52,1,15,2,3,2,89213,4792.3017578125,0,0,3
1767765287.1377678,9124707774134530792,0,9,14,52,16,0,2,3,2,90412,4852.21533203125,0,0,3
1767765287.1377678,9124707774134530792,0,10,1,52,6,25,2,3,2,89254,4777.759765625,0,0,3
1767765287.1377678,9124707774134530792,0,11,19,38,4,0,2,4,3,90429,3625.40576171875,0,0,3
1767765287.1377678,9124707774134530792,0,12,12,52,14,0,2,3,2,90043,4847.08447265625,0,0,3
1767765287.1377678,9124707774134530792,0,13,2,52,5,18,2,3,2,89567,4786.0625,0,0,3
1767765287.1377678,9124707774134530792,0,14,17,51,11,0,2,3,2,90849,4779.8515625,0,0,3
1767765287.1377678,9124707774134530792,0,15,11,52,18,0,2,3,2,89968,4841.6103515625,0,0,3
1767765287.1377678,9124707774134530792,0,16,5,52,2,10,2,3,2,89630,4798.53369140625,0,0,3
1767765287.1377678,9124707774134530792,0,17,7,52,7,6,2,3,2,89520,4809.52978515625,0,0,3
1767765287.1377678,9124707774134530792,0,18,16,52,13,0,2,3,2,90794,4866.3095703125,0,0,3
1767765287.1377678,9124707774134530792,0,19,20,0,17,0,0,4,1,0,4957.805258860812,0,0,1
1767765287.1377678,9124707774134530792,0,20,0,0,0,0,0,0,0,0,0.0,0,0,0
1767765287.1377678,9124707774134530792,0,21,0,0,0,0,0,0,0,0,0.0,0,0,0
1767765292.14137,9124707774134530792,0,0,9,52,9,2,2,3,2,90228,4836.7119140625,0,0,3
1767765292.14137,9124707774134530792,0,1,8,52,10,4,2,3,2,90281,4833.1015625,0,0,3
1767765292.14137,9124707774134530792,0,2,13,52,12,0,2,3,2,90199,4847.78955078125,0,0,3
1767765292.14137,9124707774134530792,0,3,6,52,8,8,2,3,2,89789,4806.34765625,0,0,3
1767765292.14137,9124707774134530792,0,4,4,52,3,12,2,3,2,89495,4793.0673828125,0,0,3
1767765292.14137,9124707774134530792,0,5,15,52,20,0,2,3,2,90532,4854.94970703125,0,0,3
1767765292.14137,9124707774134530792,0,6,10,52,15,1,2,3,2,90300,4840.35888671875,0,0,3
1767765292.14137,9124707774134530792,0,7,18,51,19,0,3,3,2,90725,4799.23828125,0,0,4
1767765292.14137,9124707774134530792,0,8,3,52,1,15,2,3,2,89213,4792.3017578125,0,0,3
1767765292.14137,9124707774134530792,0,9,14,52,16,0,2,3,2,90412,4852.21533203125,0,0,3
1767765292.14137,9124707774134530792,0,10,1,52,6,25,2,3,2,89254,4777.759765625,0,0,3
1767765292.14137,9124707774134530792,0,11,19,38,4,0,2,4,3,90429,3625.40576171875,0,0,3
1767765292.14137,9124707774134530792,0,12,12,52,14,0,2,3,2,90043,4847.08447265625,0,0,3
1767765292.14137,9124707774134530792,0,13,2,52,5,18,2,3,2,89567,4786.0625,0,0,3
1767765292.14137,9124707774134530792,0,14,17,51,11,0,2,3,2,90849,4779.8515625,0,0,3
1767765292.14137,9124707774134530792,0,15,11,52,18,0,2,3,2,89968,4841.6103515625,0,0,3
1767765292.14137,9124707774134530792,0,16,5,52,2,10,2,3,2,89630,4798.53369140625,0,0,3
1767765292.14137,9124707774134530792,0,17,7,52,7,6,2,3,2,89520,4809.52978515625,0,0,3
1767765292.14137,9124707774134530792,0,18,16,52,13,0,2,3,2,90794,4866.3095703125,0,0,3
1767765292.14137,9124707774134530792,0,19,20,0,17,0,0,4,1,0,4957.805258860812,0,0,1
1767765292.14137,9124707774134530792,0,20,0,0,0,0,0,0,0,0,0.0,0,0,0
1767765292.14137,9124707774134530792,0,21,0,0,0,0,0,0,0,0,0.0,0,0,0
1767765297.1432433,9124707774134530792,0,0,9,52,9,2,2,3,2,90228,4836.7119140625,0,0,3
1767765297.1432433,9124707774134530792,0,1,8,52,10,4,2,3,2,90281,4833.1015625,0,0,3
1767765297.1432433,9124707774134530792,0,2,13,52,12,0,2,3,2,90199,4847.78955078125,0,0,3
1767765297.1432433,9124707774134530792,0,3,6,52,8,8,2,3,2,89789,4806.34765625,0,0,3
1767765297.1432433,9124707774134530792,0,4,4,52,3,12,2,3,2,89495,4793.0673828125,0,0,3
1767765297.1432433,9124707774134530792,0,5,15,52,20,0,2,3,2,90532,4854.94970703125,0,0,3
1767765297.1432433,9124707774134530792,0,6,10,52,15,1,2,3,2,90300,4840.35888671875,0,0,3
1767765297.1432433,9124707774134530792,0,7,18,51,19,0,3,3,2,90725,4799.23828125,0,0,4
1767765297.1432433,9124707774134530792,0,8,3,52,1,15,2,3,2,89213,4792.3017578125,0,0,3
1767765297.1432433,9124707774134530792,0,9,14,52,16,0,2,3,2,90412,4852.21533203125,0,0,3
1767765297.1432433,9124707774134530792,0,10,1,52,6,25,2,3,2,89254,4777.759765625,0,0,3
1767765297.1432433,9124707774134530792,0,11,19,38,4,0,2,4,3,90429,3625.40576171875,0,0,3
1767765297.1432433,9124707774134530792,0,12,12,52,14,0,2,3,2,90043,4847.08447265625,0,0,3
1767765297.1432433,9124707774134530792,0,13,2,52,5,18,2,3,2,89567,4786.0625,0,0,3
1767765297.1432433,9124707774134530792,0,14,17,51,11,0,2,3,2,90849,4779.8515625,0,0,3
1767765297.1432433,9124707774134530792,0,15,11,52,18,0,2,3,2,89968,4841.6103515625,0,0,3
1767765297.1432433,9124707774134530792,0,16,5,52,2,10,2,3,2,89630,4798.53369140625,0,0,3
1767765297.1432433,9124707774134530792,0,17,7,52,7,6,2,3,2,89520,4809.52978515625,0,0,3
1767765297.1432433,9124707774134530792,0,18,16,52,13,0,2,3,2,90794,4866.3095703125,0,0,3
1767765297.1432433,9124707774134530792,0,19,20,0,17,0,0,4,1,0,4957.805258860812,0,0,1
1767765297.1432433,9124707774134530792,0,20,0,0,0,0,0,0,0,0,0.0,0,0,0
1767765297.1432433,9124707774134530792,0,21,0,0,0,0,0,0,0,0,0.0,0,0,0
1767765302.1625187,9124707774134530792,0,0,9,52,9,2,2,3,2,90228,4836.7119140625,0,0,3
1767765302.1625187,9124707774134530792,0,1,8,52,10,4,2,3,2,90281,4833.1015625,0,0,3
1767765302.1625187,9124707774134530792,0,2,13,52,12,0,2,3,2,90199,4847.78955078125,0,0,3
1767765302.1625187,9124707774134530792,0,3,6,52,8,8,2,3,2,89789,4806.34765625,0,0,3
1767765302.1625187,9124707774134530792,0,4,4,52,3,12,2,3,2,89495,4793.0673828125,0,0,3
1767765302.1625187,9124707774134530792,0,5,15,52,20,0,2,3,2,90532,4854.94970703125,0,0,3
1767765302.1625187,9124707774134530792,0,6,10,52,15,1,2,3,2,90300,4840.35888671875,0,0,3
1767765302.1625187,9124707774134530792,0,7,18,51,19,0,3,3,2,90725,4799.23828125,0,0,4
1767765302.1625187,9124707774134530792,0,8,3,52,1,15,2,3,2,89213,4792.3017578125,0,0,3
1767765302.1625187,9124707774134530792,0,9,14,52,16,0,2,3,2,90412,4852.21533203125,0,0,3
1767765302.1625187,9124707774134530792,0,10,1,52,6,25,2,3,2,89254,4777.759765625,0,0,3
1767765302.1625187,9124707774134530792,0,11,19,38,4,0,2,4,3,90429,3625.40576171875,0,0,3
1767765302.1625187,9124707774134530792,0,12,12,52,14,0,2,3,2,90043,4847.08447265625,0,0,3
1767765302.1625187,9124707774134530792,0,13,2,52,5,18,2,3,2,89567,4786.0625,0,0,3
1767765302.1625187,9124707774134530792,0,14,17,51,11,0,2,3,2,90849,4779.8515625,0,0,3
1767765302.1625187,9124707774134530792,0,15,11,52,18,0,2,3,2,89968,4841.6103515625,0,0,3
1767765302.1625187,9124707774134530792,0,16,5,52,2,10,2,3,2,89630,4798.53369140625,0,0,3
1767765302.1625187,9124707774134530792,0,17,7,52,7,6,2,3,2,89520,4809.52978515625,0,0,3
1767765302.1625187,9124707774134530792,0,18,16,52,13,0,2,3,2,90794,4866.3095703125,0,0,3
1767765302.1625187,9124707774134530792,0,19,20,0,17,0,0,4,1,0,4957.805258860812,0,0,1
1767765302.1625187,9124707774134530792,0,20,0,0,0,0,0,0,0,0,0.0,0,0,0
1767765302.1625187,9124707774134530792,0,21,0,0,0,0,0,0,0,0,0.0,0,0,0
1767765307.1682906,9124707774134530792,0,0,9,52,9,2,2,3,2,90228,4836.7119140625,0,0,3
1767765307.1682906,9124707774134530792,0,1,8,52,10,4,2,3,2,90281,4833.1015625,0,0,3
1767765307.1682906,9124707774134530792,0,2,13,52,12,0,2,3,2,90199,4847.78955078125,0,0,3
1767765307.1682906,9124707774134530792,0,3,6,52,8,8,2,3,2,89789,4806.34765625,0,0,3
1767765307.1682906,9124707774134530792,0,4,4,52,3,12,2,3,2,89495,4793.0673828125,0,0,3
1767765307.1682906,9124707774134530792,0,5,15,52,20,0,2,3,2,90532,4854.94970703125,0,0,3
1767765307.1682906,9124707774134530792,0,6,10,52,15,1,2,3,2,90300,4840.35888671875,0,0,3
1767765307.1682906,9124707774134530792,0,7,18,51,19,0,3,3,2,90725,4799.23828125,0,0,4
1767765307.1682906,9124707774134530792,0,8,3,52,1,15,2,3,2,89213,4792.3017578125,0,0,3
1767765307.1682906,9124707774134530792,0,9,14,52,16,0,2,3,2,90412,4852.21533203125,0,0,3
1767765307.1682906,9124707774134530792,0,10,1,52,6,25,2,3,2,89254,4777.759765625,0,0,3
1767765307.1682906,9124707774134530792,0,11,19,38,4,0,2,4,3,90429,3625.40576171875,0,0,3
1767765307.1682906,9124707774134530792,0,12,12,52,14,0,2,3,2,90043,4847.08447265625,0,0,3
1767765307.1682906,9124707774134530792,0,13,2,52,5,18,2,3,2,89567,4786.0625,0,0,3
1767765307.1682906,9124707774134530792,0,14,17,51,11,0,2,3,2,90849,4779.8515625,0,0,3
1767765307.1682906,9124707774134530792,0,15,11,52,18,0,2,3,2,89968,4841.6103515625,0,0,3
1767765307.1682906,9124707774134530792,0,16,5,52,2,10,2,3,2,89630,4798.53369140625,0,0,3
1767765307.1682906,9124707774134530792,0,17,7,52,7,6,2,3,2,89520,4809.52978515625,0,0,3
1767765307.1682906,9124707774134530792,0,18,16,52,13,0,2,3,2,90794,4866.3095703125,0,0,3
1767765307.1682906,9124707774134530792,0,19,20,0,17,0,0,4,1,0,4957.805258860812,0,0,1
1767765307.1682906,9124707774134530792,0,20,0,0,0,0,0,0,0,0,0.0,0,0,0
1767765307.1682906,9124707774134530792,0,21,0,0,0,0,0,0,0,0,0.0,0,0,0
1767765312.187399,9124707774134530792,0,0,9,52,9,2,2,3,2,90228,4836.7119140625,0,0,3
1767765312.187399,9124707774134530792,0,1,8,52,10,4,2,3,2,90281,4833.1015625,0,0,3
1767765312.187399,9124707774134530792,0,2,13,52,12,0,2,3,2,90199,4847.78955078125,0,0,3
1767765312.187399,9124707774134530792,0,3,6,52,8,8,2,3,2,89789,4806.34765625,0,0,3
1767765312.187399,9124707774134530792,0,4,4,52,3,12,2,3,2,89495,4793.0673828125,0,0,3
1767765312.187399,9124707774134530792,0,5,15,52,20,0,2,3,2,90532,4854.94970703125,0,0,3
1767765312.187399,9124707774134530792,0,6,10,52,15,1,2,3,2,90300,4840.35888671875,0,0,3
1767765312.187399,9124707774134530792,0,7,18,51,19,0,3,3,2,90725,4799.23828125,0,0,4
1767765312.187399,9124707774134530792,0,8,3,52,1,15,2,3,2,89213,4792.3017578125,0,0,3
1767765312.187399,9124707774134530792,0,9,14,52,16,0,2,3,2,90412,4852.21533203125,0,0,3
1767765312.187399,9124707774134530792,0,10,1,52,6,25,2,3,2,89254,4777.759765625,0,0,3
1767765312.187399,9124707774134530792,0,11,19,38,4,0,2,4,3,90429,3625.40576171875,0,0,3
1767765312.187399,9124707774134530792,0,12,12,52,14,0,2,3,2,90043,4847.08447265625,0,0,3
1767765312.187399,9124707774134530792,0,13,2,52,5,18,2,3,2,89567,4786.0625,0,0,3
1767765312.187399,9124707774134530792,0,14,17,51,11,0,2,3,2,90849,4779.8515625,0,0,3
1767765312.187399,9124707774134530792,0,15,11,52,18,0,2,3,2,89968,4841.6103515625,0,0,3
1767765312.187399,9124707774134530792,0,16,5,52,2,10,2,3,2,89630,4798.53369140625,0,0,3
1767765312.187399,9124707774134530792,0,17,7,52,7,6,2,3,2,89520,4809.52978515625,0,0,3
1767765312.187399,9124707774134530792,0,18,16,52,13,0,2,3,2,90794,4866.3095703125,0,0,3
1767765312.187399,9124707774134530792,0,19,20,0,17,0,0,4,1,0,4957.805258860812,0,0,1
1767765312.187399,9124707774134530792,0,20,0,0,0,0,0,0,0,0,0.0,0,0,0
1767765312.187399,9124707774134530792,0,21,0,0,0,0,0,0,0,0,0.0,0,0,0
1767765317.2044432,9124707774134530792,0,0,9,52,9,2,2,3,2,90228,4836.7119140625,0,0,3
1767765317.2044432,9124707774134530792,0,1,8,52,10,4,2,3,2,90281,4833.1015625,0,0,3
1767765317.2044432,9124707774134530792,0,2,13,52,12,0,2,3,2,90199,4847.78955078125,0,0,3
1767765317.2044432,9124707774134530792,0,3,6,52,8,8,2,3,2,89789,4806.34765625,0,0,3
1767765317.2044432,9124707774134530792,0,4,4,52,3,12,2,3,2,89495,4793.0673828125,0,0,3
1767765317.2044432,9124707774134530792,0,5,15,52,20,0,2,3,2,90532,4854.94970703125,0,0,3
1767765317.2044432,9124707774134530792,0,6,10,52,15,1,2,3,2,90300,4840.35888671875,0,0,3
1767765317.2044432,9124707774134530792,0,7,18,51,19,0,3,3,2,90725,4799.23828125,0,0,4
1767765317.2044432,9124707774134530792,0,8,3,52,1,15,2,3,2,89213,4792.3017578125,0,0,3
1767765317.2044432,9124707774134530792,0,9,14,52,16,0,2,3,2,90412,4852.21533203125,0,0,3
1767765317.2044432,9124707774134530792,0,10,1,52,6,25,2,3,2,89254,4777.759765625,0,0,3
1767765317.2044432,9124707774134530792,0,11,19,38,4,0,2,4,3,90429,3625.40576171875,0,0,3
1767765317.2044432,9124707774134530792,0,12,12,52,14,0,2,3,2,90043,4847.08447265625,0,0,3
1767765317.2044432,9124707774134530792,0,13,2,52,5,18,2,3,2,89567,4786.0625,0,0,3
1767765317.2044432,9124707774134530792,0,14,17,51,11,0,2,3,2,90849,4779.8515625,0,0,3
1767765317.2044432,9124707774134530792,0,15,11,52,18,0,2,3,2,89968,4841.6103515625,0,0,3
1767765317.2044432,9124707774134530792,0,16,5,52,2,10,2,3,2,89630,4798.53369140625,0,0,3
1767765317.2044432,9124707774134530792,0,17,7,52,7,6,2,3,2,89520,4809.52978515625,0,0,3
1767765317.2044432,9124707774134530792,0,18,16,52,13,0,2,3,2,90794,4866.3095703125,0,0,3
1767765317.2044432,9124707774134530792,0,19,20,0,17,0,0,4,1,0,4957.805258860812,0,0,1
1767765317.2044432,9124707774134530792,0,20,0,0,0,0,0,0,0,0,0.0,0,0,0
1767765317.2044432,9124707774134530792,0,21,0,0,0,0,0,0,0,0,0.0,0,0,0
1767765322.2243154,9124707774134530792,0,0,9,52,9,2,2,3,2,90228,4836.7119140625,0,0,3
1767765322.2243154,9124707774134530792,0,1,8,52,10,4,2,3,2,90281,4833.1015625,0,0,3
1767765322.2243154,9124707774134530792,0,2,13,52,12,0,2,3,2,90199,4847.78955078125,0,0,3
1767765322.2243154,9124707774134530792,0,3,6,52,8,8,2,3,2,89789,4806.34765625,0,0,3
1767765322.2243154,9124707774134530792,0,4,4,52,3,12,2,3,2,89495,4793.0673828125,0,0,3
1767765322.2243154,9124707774134530792,0,5,15,52,20,0,2,3,2,90532,4854.94970703125,0,0,3
1767765322.2243154,9124707774134530792,0,6,10,52,15,1,2,3,2,90300,4840.35888671875,0,0,3
1767765322.2243154,9124707774134530792,0,7,18,51,19,0,3,3,2,90725,4799.23828125,0,0,4
1767765322.2243154,9124707774134530792,0,8,3,52,1,15,2,3,2,89213,4792.3017578125,0,0,3
1767765322.2243154,9124707774134530792,0,9,14,52,16,0,2,3,2,90412,4852.21533203125,0,0,3
1767765322.2243154,9124707774134530792,0,10,1,52,6,25,2,3,2,89254,4777.759765625,0,0,3
1767765322.2243154,9124707774134530792,0,11,19,38,4,0,2,4,3,90429,3625.40576171875,0,0,3
1767765322.2243154,9124707774134530792,0,12,12,52,14,0,2,3,2,90043,4847.08447265625,0,0,3
1767765322.2243154,9124707774134530792,0,13,2,52,5,18,2,3,2,89567,4786.0625,0,0,3
1767765322.2243154,9124707774134530792,0,14,17,51,11,0,2,3,2,90849,4779.8515625,0,0,3
1767765322.2243154,9124707774134530792,0,15,11,52,18,0,2,3,2,89968,4841.6103515625,0,0,3
1767765322.2243154,9124707774134530792,0,16,5,52,2,10,2,3,2,89630,4798.53369140625,0,0,3
1767765322.2243154,9124707774134530792,0,17,7,52,7,6,2,3,2,89520,4809.52978515625,0,0,3
1767765322.2243154,9124707774134530792,0,18,16,52,13,0,2,3,2,90794,4866.3095703125,0,0,3
1767765322.2243154,9124707774134530792,0,19,20,0,17,0,0,4,1,0,4957.805258860812,0,0,1
1767765322.2243154,9124707774134530792,0,20,0,0,0,0,0,0,0,0,0.0,0,0,0
1767765322.2243154,9124707774134530792,0,21,0,0,0,0,0,0,0,0,0.0,0,0,0
1767765327.2424657,9124707774134530792,0,0,9,52,9,2,2,3,2,90228,4836.7119140625,0,0,3
1767765327.2424657,9124707774134530792,0,1,8,52,10,4,2,3,2,90281,4833.1015625,0,0,3
1767765327.2424657,9124707774134530792,0,2,13,52,12,0,2,3,2,90199,4847.78955078125,0,0,3
1767765327.2424657,9124707774134530792,0,3,6,52,8,8,2,3,2,89789,4806.34765625,0,0,3
1767765327.2424657,9124707774134530792,0,4,4,52,3,12,2,3,2,89495,4793.0673828125,0,0,3
1767765327.2424657,9124707774134530792,0,5,15,52,20,0,2,3,2,90532,4854.94970703125,0,0,3
1767765327.2424657,9124707774134530792,0,6,10,52,15,1,2,3,2,90300,4840.35888671875,0,0,3
1767765327.2424657,9124707774134530792,0,7,18,51,19,0,3,3,2,90725,4799.23828125,0,0,4
1767765327.2424657,9124707774134530792,0,8,3,52,1,15,2,3,2,89213,4792.3017578125,0,0,3
1767765327.2424657,9124707774134530792,0,9,14,52,16,0,2,3,2,90412,4852.21533203125,0,0,3
1767765327.2424657,9124707774134530792,0,10,1,52,6,25,2,3,2,89254,4777.759765625,0,0,3
1767765327.2424657,9124707774134530792,0,11,19,38,4,0,2,4,3,90429,3625.40576171875,0,0,3
1767765327.2424657,9124707774134530792,0,12,12,52,14,0,2,3,2,90043,4847.08447265625,0,0,3
1767765327.2424657,9124707774134530792,0,13,2,52,5,18,2,3,2,89567,4786.0625,0,0,3
1767765327.2424657,9124707774134530792,0,14,17,51,11,0,2,3,2,90849,4779.8515625,0,0,3
1767765327.2424657,9124707774134530792,0,15,11,52,18,0,2,3,2,89968,4841.6103515625,0,0,3
1767765327.2424657,9124707774134530792,0,16,5,52,2,10,2,3,2,89630,4798.53369140625,0,0,3
1767765327.2424657,9124707774134530792,0,17,7,52,7,6,2,3,2,89520,4809.52978515625,0,0,3
1767765327.2424657,9124707774134530792,0,18,16,52,13,0,2,3,2,90794,4866.3095703125,0,0,3
1767765327.2424657,9124707774134530792,0,19,20,0,17,0,0,4,1,0,4957.805258860812,0,0,1
1767765327.2424657,9124707774134530792,0,20,0,0,0,0,0,0,0,0,0.0,0,0,0
1767765327.2424657,9124707774134530792,0,21,0,0,0,0,0,0,0,0,0.0,0,0,0
1767765332.2449222,9124707774134530792,0,0,9,52,9,2,2,3,2,90228,4836.7119140625,0,0,3
1767765332.2449222,9124707774134530792,0,1,8,52,10,4,2,3,2,90281,4833.1015625,0,0,3
1767765332.2449222,9124707774134530792,0,2,13,52,12,0,2,3,2,90199,4847.78955078125,0,0,3
1767765332.2449222,9124707774134530792,0,3,6,52,8,8,2,3,2,89789,4806.34765625,0,0,3
1767765332.2449222,9124707774134530792,0,4,4,52,3,12,2,3,2,89495,4793.0673828125,0,0,3
1767765332.2449222,9124707774134530792,0,5,15,52,20,0,2,3,2,90532,4854.94970703125,0,0,3
1767765332.2449222,9124707774134530792,0,6,10,52,15,1,2,3,2,90300,4840.35888671875,0,0,3
1767765332.2449222,9124707774134530792,0,7,18,51,19,0,3,3,2,90725,4799.23828125,0,0,4
1767765332.2449222,9124707774134530792,0,8,3,52,1,15,2,3,2,89213,4792.3017578125,0,0,3
1767765332.2449222,9124707774134530792,0,9,14,52,16,0,2,3,2,90412,4852.21533203125,0,0,3
1767765332.2449222,9124707774134530792,0,10,1,52,6,25,2,3,2,89254,4777.759765625,0,0,3
1767765332.2449222,9124707774134530792,0,11,19,38,4,0,2,4,3,90429,3625.40576171875,0,0,3
1767765332.2449222,9124707774134530792,0,12,12,52,14,0,2,3,2,90043,4847.08447265625,0,0,3
1767765332.2449222,9124707774134530792,0,13,2,52,5,18,2,3,2,89567,4786.0625,0,0,3
1767765332.2449222,9124707774134530792,0,14,17,51,11,0,2,3,2,90849,4779.8515625,0,0,3
1767765332.2449222,9124707774134530792,0,15,11,52,18,0,2,3,2,89968,4841.6103515625,0,0,3
1767765332.2449222,9124707774134530792,0,16,5,52,2,10,2,3,2,89630,4798.53369140625,0,0,3
1767765332.2449222,9124707774134530792,0,17,7,52,7,6,2,3,2,89520,4809.52978515625,0,0,3
1767765332.2449222,9124707774134530792,0,18,16,52,13,0,2,3,2,90794,4866.3095703125,0,0,3
1767765332.2449222,9124707774134530792,0,19,20,0,17,0,0,4,1,0,4957.805258860812,0,0,1
1767765332.2449222,9124707774134530792,0,20,0,0,0,0,0,0,0,0,0.0,0,0,0
1767765332.2449222,9124707774134530792,0,21,0,0,0,0,0,0,0,0,0.0,0,0,0
1767765337.2471142,9124707774134530792,0,0,9,52,9,2,2,3,2,90228,4836.7119140625,0,0,3
1767765337.2471142,9124707774134530792,0,1,8,52,10,4,2,3,2,90281,4833.1015625,0,0,3
1767765337.2471142,9124707774134530792,0,2,13,52,12,0,2,3,2,90199,4847.78955078125,0,0,3
1767765337.2471142,9124707774134530792,0,3,6,52,8,8,2,3,2,89789,4806.34765625,0,0,3
1767765337.2471142,9124707774134530792,0,4,4,52,3,12,2,3,2,89495,4793.0673828125,0,0,3
1767765337.2471142,9124707774134530792,0,5,15,52,20,0,2,3,2,90532,4854.94970703125,0,0,3
1767765337.2471142,9124707774134530792,0,6,10,52,15,1,2,3,2,90300,4840.35888671875,0,0,3
1767765337.2471142,9124707774134530792,0,7,18,51,19,0,3,3,2,90725,4799.23828125,0,0,4
1767765337.2471142,9124707774134530792,0,8,3,52,1,15,2,3,2,89213,4792.3017578125,0,0,3
1767765337.2471142,9124707774134530792,0,9,14,52,16,0,2,3,2,90412,4852.21533203125,0,0,3
1767765337.2471142,9124707774134530792,0,10,1,52,6,25,2,3,2,89254,4777.759765625,0,0,3
1767765337.2471142,9124707774134530792,0,11,19,38,4,0,2,4,3,90429,3625.40576171875,0,0,3
1767765337.2471142,9124707774134530792,0,12,12,52,14,0,2,3,2,90043,4847.08447265625,0,0,3
1767765337.2471142,9124707774134530792,0,13,2,52,5,18,2,3,2,89567,4786.0625,0,0,3
1767765337.2471142,9124707774134530792,0,14,17,51,11,0,2,3,2,90849,4779.8515625,0,0,3
1767765337.2471142,9124707774134530792,0,15,11,52,18,0,2,3,2,89968,4841.6103515625,0,0,3
1767765337.2471142,9124707774134530792,0,16,5,52,2,10,2,3,2,89630,4798.53369140625,0,0,3
1767765337.2471142,9124707774134530792,0,17,7,52,7,6,2,3,2,89520,4809.52978515625,0,0,3
1767765337.2471142,9124707774134530792,0,18,16,52,13,0,2,3,2,90794,4866.3095703125,0,0,3
1767765337.2471142,9124707774134530792,0,19,20,0,17,0,0,4,1,0,4957.805258860812,0,0,1
1767765337.2471142,9124707774134530792,0,20,0,0,0,0,0,0,0,0,0.0,0,0,0
1767765337.2471142,9124707774134530792,0,21,0,0,0,0,0,0,0,0,0.0,0,0,0
1767765342.25008,9124707774134530792,0,0,9,52,9,2,2,3,2,90228,4836.7119140625,0,0,3
1767765342.25008,9124707774134530792,0,1,8,52,10,4,2,3,2,90281,4833.1015625,0,0,3
1767765342.25008,9124707774134530792,0,2,13,52,12,0,2,3,2,90199,4847.78955078125,0,0,3
1767765342.25008,9124707774134530792,0,3,6,52,8,8,2,3,2,89789,4806.34765625,0,0,3
1767765342.25008,9124707774134530792,0,4,4,52,3,12,2,3,2,89495,4793.0673828125,0,0,3
1767765342.25008,9124707774134530792,0,5,15,52,20,0,2,3,2,90532,4854.94970703125,0,0,3
1767765342.25008,9124707774134530792,0,6,10,52,15,1,2,3,2,90300,4840.35888671875,0,0,3
1767765342.25008,9124707774134530792,0,7,18,51,19,0,3,3,2,90725,4799.23828125,0,0,4
1767765342.25008,9124707774134530792,0,8,3,52,1,15,2,3,2,89213,4792.3017578125,0,0,3
1767765342.25008,9124707774134530792,0,9,14,52,16,0,2,3,2,90412,4852.21533203125,0,0,3
1767765342.25008,9124707774134530792,0,10,1,52,6,25,2,3,2,89254,4777.759765625,0,0,3
1767765342.25008,9124707774134530792,0,11,19,38,4,0,2,4,3,90429,3625.40576171875,0,0,3
1767765342.25008,9124707774134530792,0,12,12,52,14,0,2,3,2,90043,4847.08447265625,0,0,3
1767765342.25008,9124707774134530792,0,13,2,52,5,18,2,3,2,89567,4786.0625,0,0,3
1767765342.25008,9124707774134530792,0,14,17,51,11,0,2,3,2,90849,4779.8515625,0,0,3
1767765342.25008,9124707774134530792,0,15,11,52,18,0,2,3,2,89968,4841.6103515625,0,0,3
1767765342.25008,9124707774134530792,0,16,5,52,2,10,2,3,2,89630,4798.53369140625,0,0,3
1767765342.25008,9124707774134530792,0,17,7,52,7,6,2,3,2,89520,4809.52978515625,0,0,3
1767765342.25008,9124707774134530792,0,18,16,52,13,0,2,3,2,90794,4866.3095703125,0,0,3
1767765342.25008,9124707774134530792,0,19,20,0,17,0,0,4,1,0,4957.805258860812,0,0,1
1767765342.25008,9124707774134530792,0,20,0,0,0,0,0,0,0,0,0.0,0,0,0
1767765342.25008,9124707774134530792,0,21,0,0,0,0,0,0,0,0,0.0,0,0,0
1767765347.2703507,9124707774134530792,0,0,9,52,9,2,2,3,2,90228,4836.7119140625,0,0,3
1767765347.2703507,9124707774134530792,0,1,8,52,10,4,2,3,2,90281,4833.1015625,0,0,3
1767765347.2703507,9124707774134530792,0,2,13,52,12,0,2,3,2,90199,4847.78955078125,0,0,3
1767765347.2703507,9124707774134530792,0,3,6,52,8,8,2,3,2,89789,4806.34765625,0,0,3
1767765347.2703507,9124707774134530792,0,4,4,52,3,12,2,3,2,89495,4793.0673828125,0,0,3
1767765347.2703507,9124707774134530792,0,5,15,52,20,0,2,3,2,90532,4854.94970703125,0,0,3
1767765347.2703507,9124707774134530792,0,6,10,52,15,1,2,3,2,90300,4840.35888671875,0,0,3
1767765347.2703507,9124707774134530792,0,7,18,51,19,0,3,3,2,90725,4799.23828125,0,0,4
1767765347.2703507,9124707774134530792,0,8,3,52,1,15,2,3,2,89213,4792.3017578125,0,0,3
1767765347.2703507,9124707774134530792,0,9,14,52,16,0,2,3,2,90412,4852.21533203125,0,0,3
1767765347.2703507,9124707774134530792,0,10,1,52,6,25,2,3,2,89254,4777.759765625,0,0,3
1767765347.2703507,9124707774134530792,0,11,19,38,4,0,2,4,3,90429,3625.40576171875,0,0,3
1767765347.2703507,9124707774134530792,0,12,12,52,14,0,2,3,2,90043,4847.08447265625,0,0,3
1767765347.2703507,9124707774134530792,0,13,2,52,5,18,2,3,2,89567,4786.0625,0,0,3
1767765347.2703507,9124707774134530792,0,14,17,51,11,0,2,3,2,90849,4779.8515625,0,0,3
1767765347.2703507,9124707774134530792,0,15,11,52,18,0,2,3,2,89968,4841.6103515625,0,0,3
1767765347.2703507,9124707774134530792,0,16,5,52,2,10,2,3,2,89630,4798.53369140625,0,0,3
1767765347.2703507,9124707774134530792,0,17,7,52,7,6,2,3,2,89520,4809.52978515625,0,0,3
1767765347.2703507,9124707774134530792,0,18,16,52,13,0,2,3,2,90794,4866.3095703125,0,0,3
1767765347.2703507,9124707774134530792,0,19,20,0,17,0,0,4,1,0,4957.805258860812,0,0,1
1767765347.2703507,9124707774134530792,0,20,0,0,0,0,0,0,0,0,0.0,0,0,0
1767765347.2703507,9124707774134530792,0,21,0,0,0,0,0,0,0,0,0.0,0,0,0
1767765352.2740855,9124707774134530792,0,0,9,52,9,2,2,3,2,90228,4836.7119140625,0,0,3
1767765352.2740855,9124707774134530792,0,1,8,52,10,4,2,3,2,90281,4833.1015625,0,0,3
1767765352.2740855,9124707774134530792,0,2,13,52,12,0,2,3,2,90199,4847.78955078125,0,0,3
1767765352.2740855,9124707774134530792,0,3,6,52,8,8,2,3,2,89789,4806.34765625,0,0,3
1767765352.2740855,9124707774134530792,0,4,4,52,3,12,2,3,2,89495,4793.0673828125,0,0,3
1767765352.2740855,9124707774134530792,0,5,15,52,20,0,2,3,2,90532,4854.94970703125,0,0,3
1767765352.2740855,9124707774134530792,0,6,10,52,15,1,2,3,2,90300,4840.35888671875,0,0,3
1767765352.2740855,9124707774134530792,0,7,18,51,19,0,3,3,2,90725,4799.23828125,0,0,4
1767765352.2740855,9124707774134530792,0,8,3,52,1,15,2,3,2,89213,4792.3017578125,0,0,3
1767765352.2740855,9124707774134530792,0,9,14,52,16,0,2,3,2,90412,4852.21533203125,0,0,3
1767765352.2740855,9124707774134530792,0,10,1,52,6,25,2,3,2,89254,4777.759765625,0,0,3
1767765352.2740855,9124707774134530792,0,11,19,38,4,0,2,4,3,90429,3625.40576171875,0,0,3
1767765352.2740855,9124707774134530792,0,12,12,52,14,0,2,3,2,90043,4847.08447265625,0,0,3
1767765352.2740855,9124707774134530792,0,13,2,52,5,18,2,3,2,89567,4786.0625,0,0,3
1767765352.2740855,9124707774134530792,0,14,17,51,11,0,2,3,2,90849,4779.8515625,0,0,3
1767765352.2740855,9124707774134530792,0,15,11,52,18,0,2,3,2,89968,4841.6103515625,0,0,3
1767765352.2740855,9124707774134530792,0,16,5,52,2,10,2,3,2,89630,4798.53369140625,0,0,3
1767765352.2740855,9124707774134530792,0,17,7,52,7,6,2,3,2,89520,4809.52978515625,0,0,3
1767765352.2740855,9124707774134530792,0,18,16,52,13,0,2,3,2,90794,4866.3095703125,0,0,3
1767765352.2740855,9124707774134530792,0,19,20,0,17,0,0,4,1,0,4957.805258860812,0,0,1
1767765352.2740855,9124707774134530792,0,20,0,0,0,0,0,0,0,0,0.0,0,0,0
1767765352.2740855,9124707774134530792,0,21,0,0,0,0,0,0,0,0,0.0,0,0,0
1767765357.2936456,9124707774134530792,0,0,9,52,9,2,2,3,2,90228,4836.7119140625,0,0,3
1767765357.2936456,9124707774134530792,0,1,8,52,10,4,2,3,2,90281,4833.1015625,0,0,3
1767765357.2936456,9124707774134530792,0,2,13,52,12,0,2,3,2,90199,4847.78955078125,0,0,3
1767765357.2936456,9124707774134530792,0,3,6,52,8,8,2,3,2,89789,4806.34765625,0,0,3
1767765357.2936456,9124707774134530792,0,4,4,52,3,12,2,3,2,89495,4793.0673828125,0,0,3
1767765357.2936456,9124707774134530792,0,5,15,52,20,0,2,3,2,90532,4854.94970703125,0,0,3
1767765357.2936456,9124707774134530792,0,6,10,52,15,1,2,3,2,90300,4840.35888671875,0,0,3
1767765357.2936456,9124707774134530792,0,7,18,51,19,0,3,3,2,90725,4799.23828125,0,0,4
1767765357.2936456,9124707774134530792,0,8,3,52,1,15,2,3,2,89213,4792.3017578125,0,0,3
1767765357.2936456,9124707774134530792,0,9,14,52,16,0,2,3,2,90412,4852.21533203125,0,0,3
1767765357.2936456,9124707774134530792,0,10,1,52,6,25,2,3,2,89254,4777.759765625,0,0,3
1767765357.2936456,9124707774134530792,0,11,19,38,4,0,2,4,3,90429,3625.40576171875,0,0,3
1767765357.2936456,9124707774134530792,0,12,12,52,14,0,2,3,2,90043,4847.08447265625,0,0,3
1767765357.2936456,9124707774134530792,0,13,2,52,5,18,2,3,2,89567,4786.0625,0,0,3
1767765357.2936456,9124707774134530792,0,14,17,51,11,0,2,3,2,90849,4779.8515625,0,0,3
1767765357.2936456,9124707774134530792,0,15,11,52,18,0,2,3,2,89968,4841.6103515625,0,0,3
1767765357.2936456,9124707774134530792,0,16,5,52,2,10,2,3,2,89630,4798.53369140625,0,0,3
1767765357.2936456,9124707774134530792,0,17,7,52,7,6,2,3,2,89520,4809.52978515625,0,0,3
1767765357.2936456,9124707774134530792,0,18,16,52,13,0,2,3,2,90794,4866.3095703125,0,0,3
1767765357.2936456,9124707774134530792,0,19,20,0,17,0,0,4,1,0,4957.805258860812,0,0,1
1767765357.2936456,9124707774134530792,0,20,0,0,0,0,0,0,0,0,0.0,0,0,0
1767765357.2936456,9124707774134530792,0,21,0,0,0,0,0,0,0,0,0.0,0,0,0
1767765362.3132899,9124707774134530792,0,0,9,52,9,2,2,3,2,90228,4836.7119140625,0,0,3
1767765362.3132899,9124707774134530792,0,1,8,52,10,4,2,3,2,90281,4833.1015625,0,0,3
1767765362.3132899,9124707774134530792,0,2,13,52,12,0,2,3,2,90199,4847.78955078125,0,0,3
1767765362.3132899,9124707774134530792,0,3,6,52,8,8,2,3,2,89789,4806.34765625,0,0,3
1767765362.3132899,9124707774134530792,0,4,4,52,3,12,2,3,2,89495,4793.0673828125,0,0,3
1767765362.3132899,9124707774134530792,0,5,15,52,20,0,2,3,2,90532,4854.94970703125,0,0,3
1767765362.3132899,9124707774134530792,0,6,10,52,15,1,2,3,2,90300,4840.35888671875,0,0,3
1767765362.3132899,9124707774134530792,0,7,18,51,19,0,3,3,2,90725,4799.23828125,0,0,4
1767765362.3132899,9124707774134530792,0,8,3,52,1,15,2,3,2,89213,4792.3017578125,0,0,3
1767765362.3132899,9124707774134530792,0,9,14,52,16,0,2,3,2,90412,4852.21533203125,0,0,3
1767765362.3132899,9124707774134530792,0,10,1,52,6,25,2,3,2,89254,4777.759765625,0,0,3
1767765362.3132899,9124707774134530792,0,11,19,38,4,0,2,4,3,90429,3625.40576171875,0,0,3
1767765362.3132899,9124707774134530792,0,12,12,52,14,0,2,3,2,90043,4847.08447265625,0,0,3
1767765362.3132899,9124707774134530792,0,13,2,52,5,18,2,3,2,89567,4786.0625,0,0,3
1767765362.3132899,9124707774134530792,0,14,17,51,11,0,2,3,2,90849,4779.8515625,0,0,3
1767765362.3132899,9124707774134530792,0,15,11,52,18,0,2,3,2,89968,4841.6103515625,0,0,3
1767765362.3132899,9124707774134530792,0,16,5,52,2,10,2,3,2,89630,4798.53369140625,0,0,3
1767765362.3132899,9124707774134530792,0,17,7,52,7,6,2,3,2,89520,4809.52978515625,0,0,3
1767765362.3132899,9124707774134530792,0,18,16,52,13,0,2,3,2,90794,4866.3095703125,0,0,3
1767765362.3132899,9124707774134530792,0,19,20,0,17,0,0,4,1,0,4957.805258860812,0,0,1
1767765362.3132899,9124707774134530792,0,20,0,0,0,0,0,0,0,0,0.0,0,0,0
1767765362.3132899,9124707774134530792,0,21,0,0,0,0,0,0,0,0,0.0,0,0,0
1767765367.3321655,9124707774134530792,0,0,9,52,9,2,2,3,2,90228,4836.7119140625,0,0,3
1767765367.3321655,9124707774134530792,0,1,8,52,10,4,2,3,2,90281,4833.1015625,0,0,3
1767765367.3321655,9124707774134530792,0,2,13,52,12,0,2,3,2,90199,4847.78955078125,0,0,3
1767765367.3321655,9124707774134530792,0,3,6,52,8,8,2,3,2,89789,4806.34765625,0,0,3
1767765367.3321655,9124707774134530792,0,4,4,52,3,12,2,3,2,89495,4793.0673828125,0,0,3
1767765367.3321655,9124707774134530792,0,5,15,52,20,0,2,3,2,90532,4854.94970703125,0,0,3
1767765367.3321655,9124707774134530792,0,6,10,52,15,1,2,3,2,90300,4840.35888671875,0,0,3
1767765367.3321655,9124707774134530792,0,7,18,51,19,0,3,3,2,90725,4799.23828125,0,0,4
1767765367.3321655,9124707774134530792,0,8,3,52,1,15,2,3,2,89213,4792.3017578125,0,0,3
1767765367.3321655,9124707774134530792,0,9,14,52,16,0,2,3,2,90412,4852.21533203125,0,0,3
1767765367.3321655,9124707774134530792,0,10,1,52,6,25,2,3,2,89254,4777.759765625,0,0,3
1767765367.3321655,9124707774134530792,0,11,19,38,4,0,2,4,3,90429,3625.40576171875,0,0,3
1767765367.3321655,9124707774134530792,0,12,12,52,14,0,2,3,2,90043,4847.08447265625,0,0,3
1767765367.3321655,9124707774134530792,0,13,2,52,5,18,2,3,2,89567,4786.0625,0,0,3
1767765367.3321655,9124707774134530792,0,14,17,51,11,0,2,3,2,90849,4779.8515625,0,0,3
1767765367.3321655,9124707774134530792,0,15,11,52,18,0,2,3,2,89968,4841.6103515625,0,0,3
1767765367.3321655,9124707774134530792,0,16,5,52,2,10,2,3,2,89630,4798.53369140625,0,0,3
1767765367.3321655,9124707774134530792,0,17,7,52,7,6,2,3,2,89520,4809.52978515625,0,0,3
1767765367.3321655,9124707774134530792,0,18,16,52,13,0,2,3,2,90794,4866.3095703125,0,0,3
1767765367.3321655,9124707774134530792,0,19,20,0,17,0,0,4,1,0,4957.805258860812,0,0,1
1767765367.3321655,9124707774134530792,0,20,0,0,0,0,0,0,0,0,0.0,0,0,0
1767765367.3321655,9124707774134530792,0,21,0,0,0,0,0,0,0,0,0.0,0,0,0
1767765372.3524644,9124707774134530792,0,0,9,52,9,2,2,3,2,90228,4836.7119140625,0,0,3
1767765372.3524644,9124707774134530792,0,1,8,52,10,4,2,3,2,90281,4833.1015625,0,0,3
1767765372.3524644,9124707774134530792,0,2,13,52,12,0,2,3,2,90199,4847.78955078125,0,0,3
1767765372.3524644,9124707774134530792,0,3,6,52,8,8,2,3,2,89789,4806.34765625,0,0,3
1767765372.3524644,9124707774134530792,0,4,4,52,3,12,2,3,2,89495,4793.0673828125,0,0,3
1767765372.3524644,9124707774134530792,0,5,15,52,20,0,2,3,2,90532,4854.94970703125,0,0,3
1767765372.3524644,9124707774134530792,0,6,10,52,15,1,2,3,2,90300,4840.35888671875,0,0,3
1767765372.3524644,9124707774134530792,0,7,18,51,19,0,3,3,2,90725,4799.23828125,0,0,4
1767765372.3524644,9124707774134530792,0,8,3,52,1,15,2,3,2,89213,4792.3017578125,0,0,3
1767765372.3524644,9124707774134530792,0,9,14,52,16,0,2,3,2,90412,4852.21533203125,0,0,3
1767765372.3524644,9124707774134530792,0,10,1,52,6,25,2,3,2,89254,4777.759765625,0,0,3
1767765372.3524644,9124707774134530792,0,11,19,38,4,0,2,4,3,90429,3625.40576171875,0,0,3
1767765372.3524644,9124707774134530792,0,12,12,52,14,0,2,3,2,90043,4847.08447265625,0,0,3
1767765372.3524644,9124707774134530792,0,13,2,52,5,18,2,3,2,89567,4786.0625,0,0,3
1767765372.3524644,9124707774134530792,0,14,17,51,11,0,2,3,2,90849,4779.8515625,0,0,3
1767765372.3524644,9124707774134530792,0,15,11,52,18,0,2,3,2,89968,4841.6103515625,0,0,3
1767765372.3524644,9124707774134530792,0,16,5,52,2,10,2,3,2,89630,4798.53369140625,0,0,3
1767765372.3524644,9124707774134530792,0,17,7,52,7,6,2,3,2,89520,4809.52978515625,0,0,3
1767765372.3524644,9124707774134530792,0,18,16,52,13,0,2,3,2,90794,4866.3095703125,0,0,3
1767765372.3524644,9124707774134530792,0,19,20,0,17,0,0,4,1,0,4957.805258860812,0,0,1
1767765372.3524644,9124707774134530792,0,20,0,0,0,0,0,0,0,0,0.0,0,0,0
1767765372.3524644,9124707774134530792,0,21,0,0,0,0,0,0,0,0,0.0,0,0,0
1767765377.373207,9124707774134530792,0,0,9,52,9,2,2,3,2,90228,4836.7119140625,0,0,3
1767765377.373207,9124707774134530792,0,1,8,52,10,4,2,3,2,90281,4833.1015625,0,0,3
1767765377.373207,9124707774134530792,0,2,13,52,12,0,2,3,2,90199,4847.78955078125,0,0,3
1767765377.373207,9124707774134530792,0,3,6,52,8,8,2,3,2,89789,4806.34765625,0,0,3
1767765377.373207,9124707774134530792,0,4,4,52,3,12,2,3,2,89495,4793.0673828125,0,0,3
1767765377.373207,9124707774134530792,0,5,15,52,20,0,2,3,2,90532,4854.94970703125,0,0,3
1767765377.373207,9124707774134530792,0,6,10,52,15,1,2,3,2,90300,4840.35888671875,0,0,3
1767765377.373207,9124707774134530792,0,7,18,51,19,0,3,3,2,90725,4799.23828125,0,0,4
1767765377.373207,9124707774134530792,0,8,3,52,1,15,2,3,2,89213,4792.3017578125,0,0,3
1767765377.373207,9124707774134530792,0,9,14,52,16,0,2,3,2,90412,4852.21533203125,0,0,3
1767765377.373207,9124707774134530792,0,10,1,52,6,25,2,3,2,89254,4777.759765625,0,0,3
1767765377.373207,9124707774134530792,0,11,19,38,4,0,2,4,3,90429,3625.40576171875,0,0,3
1767765377.373207,9124707774134530792,0,12,12,52,14,0,2,3,2,90043,4847.08447265625,0,0,3
1767765377.373207,9124707774134530792,0,13,2,52,5,18,2,3,2,89567,4786.0625,0,0,3
1767765377.373207,9124707774134530792,0,14,17,51,11,0,2,3,2,90849,4779.8515625,0,0,3
1767765377.373207,9124707774134530792,0,15,11,52,18,0,2,3,2,89968,4841.6103515625,0,0,3
1767765377.373207,9124707774134530792,0,16,5,52,2,10,2,3,2,89630,4798.53369140625,0,0,3
1767765377.373207,9124707774134530792,0,17,7,52,7,6,2,3,2,89520,4809.52978515625,0,0,3
1767765377.373207,9124707774134530792,0,18,16,52,13,0,2,3,2,90794,4866.3095703125,0,0,3
1767765377.373207,9124707774134530792,0,19,20,0,17,0,0,4,1,0,4957.805258860812,0,0,1
1767765377.373207,9124707774134530792,0,20,0,0,0,0,0,0,0,0,0.0,0,0,0
1767765377.373207,9124707774134530792,0,21,0,0,0,0,0,0,0,0,0.0,0,0,0
1767765382.3909643,9124707774134530792,0,0,9,52,9,2,2,3,2,90228,4836.7119140625,0,0,3
1767765382.3909643,9124707774134530792,0,1,8,52,10,4,2,3,2,90281,4833.1015625,0,0,3
1767765382.3909643,9124707774134530792,0,2,13,52,12,0,2,3,2,90199,4847.78955078125,0,0,3
1767765382.3909643,9124707774134530792,0,3,6,52,8,8,2,3,2,89789,4806.34765625,0,0,3
1767765382.3909643,9124707774134530792,0,4,4,52,3,12,2,3,2,89495,4793.0673828125,0,0,3
1767765382.3909643,9124707774134530792,0,5,15,52,20,0,2,3,2,90532,4854.94970703125,0,0,3
1767765382.3909643,9124707774134530792,0,6,10,52,15,1,2,3,2,90300,4840.35888671875,0,0,3
1767765382.3909643,9124707774134530792,0,7,18,51,19,0,3,3,2,90725,4799.23828125,0,0,4
1767765382.3909643,9124707774134530792,0,8,3,52,1,15,2,3,2,89213,4792.3017578125,0,0,3
1767765382.3909643,9124707774134530792,0,9,14,52,16,0,2,3,2,90412,4852.21533203125,0,0,3
1767765382.3909643,9124707774134530792,0,10,1,52,6,25,2,3,2,89254,4777.759765625,0,0,3
1767765382.3909643,9124707774134530792,0,11,19,38,4,0,2,4,3,90429,3625.40576171875,0,0,3
1767765382.3909643,9124707774134530792,0,12,12,52,14,0,2,3,2,90043,4847.08447265625,0,0,3
1767765382.3909643,9124707774134530792,0,13,2,52,5,18,2,3,2,89567,4786.0625,0,0,3
1767765382.3909643,9124707774134530792,0,14,17,51,11,0,2,3,2,90849,4779.8515625,0,0,3
1767765382.3909643,9124707774134530792,0,15,11,52,18,0,2,3,2,89968,4841.6103515625,0,0,3
1767765382.3909643,9124707774134530792,0,16,5,52,2,10,2,3,2,89630,4798.53369140625,0,0,3
1767765382.3909643,9124707774134530792,0,17,7,52,7,6,2,3,2,89520,4809.52978515625,0,0,3
1767765382.3909643,9124707774134530792,0,18,16,52,13,0,2,3,2,90794,4866.3095703125,0,0,3
1767765382.3909643,9124707774134530792,0,19,20,0,17,0,0,4,1,0,4957.805258860812,0,0,1
1767765382.3909643,9124707774134530792,0,20,0,0,0,0,0,0,0,0,0.0,0,0,0
1767765382.3909643,9124707774134530792,0,21,0,0,0,0,0,0,0,0,0.0,0,0,0
1767765387.4042442,9124707774134530792,0,0,9,52,9,2,2,3,2,90228,4836.7119140625,0,0,3
1767765387.4042442,9124707774134530792,0,1,8,52,10,4,2,3,2,90281,4833.1015625,0,0,3
1767765387.4042442,9124707774134530792,0,2,13,52,12,0,2,3,2,90199,4847.78955078125,0,0,3
1767765387.4042442,9124707774134530792,0,3,6,52,8,8,2,3,2,89789,4806.34765625,0,0,3
1767765387.4042442,9124707774134530792,0,4,4,52,3,12,2,3,2,89495,4793.0673828125,0,0,3
1767765387.4042442,9124707774134530792,0,5,15,52,20,0,2,3,2,90532,4854.94970703125,0,0,3
1767765387.4042442,9124707774134530792,0,6,10,52,15,1,2,3,2,90300,4840.35888671875,0,0,3
1767765387.4042442,9124707774134530792,0,7,18,51,19,0,3,3,2,90725,4799.23828125,0,0,4
1767765387.4042442,9124707774134530792,0,8,3,52,1,15,2,3,2,89213,4792.3017578125,0,0,3
1767765387.4042442,9124707774134530792,0,9,14,52,16,0,2,3,2,90412,4852.21533203125,0,0,3
1767765387.4042442,9124707774134530792,0,10,1,52,6,25,2,3,2,89254,4777.759765625,0,0,3
1767765387.4042442,9124707774134530792,0,11,19,38,4,0,2,4,3,90429,3625.40576171875,0,0,3
1767765387.4042442,9124707774134530792,0,12,12,52,14,0,2,3,2,90043,4847.08447265625,0,0,3
1767765387.4042442,9124707774134530792,0,13,2,52,5,18,2,3,2,89567,4786.0625,0,0,3
1767765387.4042442,9124707774134530792,0,14,17,51,11,0,2,3,2,90849,4779.8515625,0,0,3
1767765387.4042442,9124707774134530792,0,15,11,52,18,0,2,3,2,89968,4841.6103515625,0,0,3
1767765387.4042442,9124707774134530792,0,16,5,52,2,10,2,3,2,89630,4798.53369140625,0,0,3
1767765387.4042442,9124707774134530792,0,17,7,52,7,6,2,3,2,89520,4809.52978515625,0,0,3
1767765387.4042442,9124707774134530792,0,18,16,52,13,0,2,3,2,90794,4866.3095703125,0,0,3
1767765387.4042442,9124707774134530792,0,19,20,0,17,0,0,4,1,0,4957.805258860812,0,0,1
1767765387.4042442,9124707774134530792,0,20,0,0,0,0,0,0,0,0,0.0,0,0,0
1767765387.4042442,9124707774134530792,0,21,0,0,0,0,0,0,0,0,0.0,0,0,0
1767765392.4217381,9124707774134530792,0,0,9,52,9,2,2,3,2,90228,4836.7119140625,0,0,3
1767765392.4217381,9124707774134530792,0,1,8,52,10,4,2,3,2,90281,4833.1015625,0,0,3
1767765392.4217381,9124707774134530792,0,2,13,52,12,0,2,3,2,90199,4847.78955078125,0,0,3
1767765392.4217381,9124707774134530792,0,3,6,52,8,8,2,3,2,89789,4806.34765625,0,0,3
1767765392.4217381,9124707774134530792,0,4,4,52,3,12,2,3,2,89495,4793.0673828125,0,0,3
1767765392.4217381,9124707774134530792,0,5,15,52,20,0,2,3,2,90532,4854.94970703125,0,0,3
1767765392.4217381,9124707774134530792,0,6,10,52,15,1,2,3,2,90300,4840.35888671875,0,0,3
1767765392.4217381,9124707774134530792,0,7,18,51,19,0,3,3,2,90725,4799.23828125,0,0,4
1767765392.4217381,9124707774134530792,0,8,3,52,1,15,2,3,2,89213,4792.3017578125,0,0,3
1767765392.4217381,9124707774134530792,0,9,14,52,16,0,2,3,2,90412,4852.21533203125,0,0,3
1767765392.4217381,9124707774134530792,0,10,1,52,6,25,2,3,2,89254,4777.759765625,0,0,3
1767765392.4217381,9124707774134530792,0,11,19,38,4,0,2,4,3,90429,3625.40576171875,0,0,3
1767765392.4217381,9124707774134530792,0,12,12,52,14,0,2,3,2,90043,4847.08447265625,0,0,3
1767765392.4217381,9124707774134530792,0,13,2,52,5,18,2,3,2,89567,4786.0625,0,0,3
1767765392.4217381,9124707774134530792,0,14,17,51,11,0,2,3,2,90849,4779.8515625,0,0,3
1767765392.4217381,9124707774134530792,0,15,11,52,18,0,2,3,2,89968,4841.6103515625,0,0,3
1767765392.4217381,9124707774134530792,0,16,5,52,2,10,2,3,2,89630,4798.53369140625,0,0,3
1767765392.4217381,9124707774134530792,0,17,7,52,7,6,2,3,2,89520,4809.52978515625,0,0,3
1767765392.4217381,9124707774134530792,0,18,16,52,13,0,2,3,2,90794,4866.3095703125,0,0,3
1767765392.4217381,9124707774134530792,0,19,20,0,17,0,0,4,1,0,4957.805258860812,0,0,1
1767765392.4217381,9124707774134530792,0,20,0,0,0,0,0,0,0,0,0.0,0,0,0
1767765392.4217381,9124707774134530792,0,21,0,0,0,0,0,0,0,0,0.0,0,0,0
1767765397.4400988,9124707774134530792,0,0,9,52,9,2,2,3,2,90228,4836.7119140625,0,0,3
1767765397.4400988,9124707774134530792,0,1,8,52,10,4,2,3,2,90281,4833.1015625,0,0,3
1767765397.4400988,9124707774134530792,0,2,13,52,12,0,2,3,2,90199,4847.78955078125,0,0,3
1767765397.4400988,9124707774134530792,0,3,6,52,8,8,2,3,2,89789,4806.34765625,0,0,3
1767765397.4400988,9124707774134530792,0,4,4,52,3,12,2,3,2,89495,4793.0673828125,0,0,3
1767765397.4400988,9124707774134530792,0,5,15,52,20,0,2,3,2,90532,4854.94970703125,0,0,3
1767765397.4400988,9124707774134530792,0,6,10,52,15,1,2,3,2,90300,4840.35888671875,0,0,3
1767765397.4400988,9124707774134530792,0,7,18,51,19,0,3,3,2,90725,4799.23828125,0,0,4
1767765397.4400988,9124707774134530792,0,8,3,52,1,15,2,3,2,89213,4792.3017578125,0,0,3
1767765397.4400988,9124707774134530792,0,9,14,52,16,0,2,3,2,90412,4852.21533203125,0,0,3
1767765397.4400988,9124707774134530792,0,10,1,52,6,25,2,3,2,89254,4777.759765625,0,0,3
1767765397.4400988,9124707774134530792,0,11,19,38,4,0,2,4,3,90429,3625.40576171875,0,0,3
1767765397.4400988,9124707774134530792,0,12,12,52,14,0,2,3,2,90043,4847.08447265625,0,0,3
1767765397.4400988,9124707774134530792,0,13,2,52,5,18,2,3,2,89567,4786.0625,0,0,3
1767765397.4400988,9124707774134530792,0,14,17,51,11,0,2,3,2,90849,4779.8515625,0,0,3
1767765397.4400988,9124707774134530792,0,15,11,52,18,0,2,3,2,89968,4841.6103515625,0,0,3
1767765397.4400988,9124707774134530792,0,16,5,52,2,10,2,3,2,89630,4798.53369140625,0,0,3
1767765397.4400988,9124707774134530792,0,17,7,52,7,6,2,3,2,89520,4809.52978515625,0,0,3
1767765397.4400988,9124707774134530792,0,18,16,52,13,0,2,3,2,90794,4866.3095703125,0,0,3
1767765397.4400988,9124707774134530792,0,19,20,0,17,0,0,4,1,0,4957.805258860812,0,0,1
1767765397.4400988,9124707774134530792,0,20,0,0,0,0,0,0,0,0,0.0,0,0,0
1767765397.4400988,9124707774134530792,0,21,0,0,0,0,0,0,0,0,0.0,0,0,0
1767765402.4576132,9124707774134530792,0,0,9,52,9,2,2,3,2,90228,4836.7119140625,0,0,3
1767765402.4576132,9124707774134530792,0,1,8,52,10,4,2,3,2,90281,4833.1015625,0,0,3
1767765402.4576132,9124707774134530792,0,2,13,52,12,0,2,3,2,90199,4847.78955078125,0,0,3
1767765402.4576132,9124707774134530792,0,3,6,52,8,8,2,3,2,89789,4806.34765625,0,0,3
1767765402.4576132,9124707774134530792,0,4,4,52,3,12,2,3,2,89495,4793.0673828125,0,0,3
1767765402.4576132,9124707774134530792,0,5,15,52,20,0,2,3,2,90532,4854.94970703125,0,0,3
1767765402.4576132,9124707774134530792,0,6,10,52,15,1,2,3,2,90300,4840.35888671875,0,0,3
1767765402.4576132,9124707774134530792,0,7,18,51,19,0,3,3,2,90725,4799.23828125,0,0,4
1767765402.4576132,9124707774134530792,0,8,3,52,1,15,2,3,2,89213,4792.3017578125,0,0,3
1767765402.4576132,9124707774134530792,0,9,14,52,16,0,2,3,2,90412,4852.21533203125,0,0,3
1767765402.4576132,9124707774134530792,0,10,1,52,6,25,2,3,2,89254,4777.759765625,0,0,3
1767765402.4576132,9124707774134530792,0,11,19,38,4,0,2,4,3,90429,3625.40576171875,0,0,3
1767765402.4576132,9124707774134530792,0,12,12,52,14,0,2,3,2,90043,4847.08447265625,0,0,3
1767765402.4576132,9124707774134530792,0,13,2,52,5,18,2,3,2,89567,4786.0625,0,0,3
1767765402.4576132,9124707774134530792,0,14,17,51,11,0,2,3,2,90849,4779.8515625,0,0,3
1767765402.4576132,9124707774134530792,0,15,11,52,18,0,2,3,2,89968,4841.6103515625,0,0,3
1767765402.4576132,9124707774134530792,0,16,5,52,2,10,2,3,2,89630,4798.53369140625,0,0,3
1767765402.4576132,9124707774134530792,0,17,7,52,7,6,2,3,2,89520,4809.52978515625,0,0,3
1767765402.4576132,9124707774134530792,0,18,16,52,13,0,2,3,2,90794,4866.3095703125,0,0,3
1767765402.4576132,9124707774134530792,0,19,20,0,17,0,0,4,1,0,4957.805258860812,0,0,1
1767765402.4576132,9124707774134530792,0,20,0,0,0,0,0,0,0,0,0.0,0,0,0
1767765402.4576132,9124707774134530792,0,21,0,0,0,0,0,0,0,0,0.0,0,0,0
1767765407.475983,9124707774134530792,0,0,9,52,9,2,2,3,2,90228,4836.7119140625,0,0,3
1767765407.475983,9124707774134530792,0,1,8,52,10,4,2,3,2,90281,4833.1015625,0,0,3
1767765407.475983,9124707774134530792,0,2,13,52,12,0,2,3,2,90199,4847.78955078125,0,0,3
1767765407.475983,9124707774134530792,0,3,6,52,8,8,2,3,2,89789,4806.34765625,0,0,3
1767765407.475983,9124707774134530792,0,4,4,52,3,12,2,3,2,89495,4793.0673828125,0,0,3
1767765407.475983,9124707774134530792,0,5,15,52,20,0,2,3,2,90532,4854.94970703125,0,0,3
1767765407.475983,9124707774134530792,0,6,10,52,15,1,2,3,2,90300,4840.35888671875,0,0,3
1767765407.475983,9124707774134530792,0,7,18,51,19,0,3,3,2,90725,4799.23828125,0,0,4
1767765407.475983,9124707774134530792,0,8,3,52,1,15,2,3,2,89213,4792.3017578125,0,0,3
1767765407.475983,9124707774134530792,0,9,14,52,16,0,2,3,2,90412,4852.21533203125,0,0,3
1767765407.475983,9124707774134530792,0,10,1,52,6,25,2,3,2,89254,4777.759765625,0,0,3
1767765407.475983,9124707774134530792,0,11,19,38,4,0,2,4,3,90429,3625.40576171875,0,0,3
1767765407.475983,9124707774134530792,0,12,12,52,14,0,2,3,2,90043,4847.08447265625,0,0,3
1767765407.475983,9124707774134530792,0,13,2,52,5,18,2,3,2,89567,4786.0625,0,0,3
1767765407.475983,9124707774134530792,0,14,17,51,11,0,2,3,2,90849,4779.8515625,0,0,3
1767765407.475983,9124707774134530792,0,15,11,52,18,0,2,3,2,89968,4841.6103515625,0,0,3
1767765407.475983,9124707774134530792,0,16,5,52,2,10,2,3,2,89630,4798.53369140625,0,0,3
1767765407.475983,9124707774134530792,0,17,7,52,7,6,2,3,2,89520,4809.52978515625,0,0,3
1767765407.475983,9124707774134530792,0,18,16,52,13,0,2,3,2,90794,4866.3095703125,0,0,3
1767765407.475983,9124707774134530792,0,19,20,0,17,0,0,4,1,0,4957.805258860812,0,0,1
1767765407.475983,9124707774134530792,0,20,0,0,0,0,0,0,0,0,0.0,0,0,0
1767765407.475983,9124707774134530792,0,21,0,0,0,0,0,0,0,0,0.0,0,0,0
1767765412.4924226,9124707774134530792,0,0,9,52,9,2,2,3,2,90228,4836.7119140625,0,0,3
1767765412.4924226,9124707774134530792,0,1,8,52,10,4,2,3,2,90281,4833.1015625,0,0,3
1767765412.4924226,9124707774134530792,0,2,13,52,12,0,2,3,2,90199,4847.78955078125,0,0,3
1767765412.4924226,9124707774134530792,0,3,6,52,8,8,2,3,2,89789,4806.34765625,0,0,3
1767765412.4924226,9124707774134530792,0,4,4,52,3,12,2,3,2,89495,4793.0673828125,0,0,3
1767765412.4924226,9124707774134530792,0,5,15,52,20,0,2,3,2,90532,4854.94970703125,0,0,3
1767765412.4924226,9124707774134530792,0,6,10,52,15,1,2,3,2,90300,4840.35888671875,0,0,3
1767765412.4924226,9124707774134530792,0,7,18,51,19,0,3,3,2,90725,4799.23828125,0,0,4
1767765412.4924226,9124707774134530792,0,8,3,52,1,15,2,3,2,89213,4792.3017578125,0,0,3
1767765412.4924226,9124707774134530792,0,9,14,52,16,0,2,3,2,90412,4852.21533203125,0,0,3
1767765412.4924226,9124707774134530792,0,10,1,52,6,25,2,3,2,89254,4777.759765625,0,0,3
1767765412.4924226,9124707774134530792,0,11,19,38,4,0,2,4,3,90429,3625.40576171875,0,0,3
1767765412.4924226,9124707774134530792,0,12,12,52,14,0,2,3,2,90043,4847.08447265625,0,0,3
1767765412.4924226,9124707774134530792,0,13,2,52,5,18,2,3,2,89567,4786.0625,0,0,3
1767765412.4924226,9124707774134530792,0,14,17,51,11,0,2,3,2,90849,4779.8515625,0,0,3
1767765412.4924226,9124707774134530792,0,15,11,52,18,0,2,3,2,89968,4841.6103515625,0,0,3
1767765412.4924226,9124707774134530792,0,16,5,52,2,10,2,3,2,89630,4798.53369140625,0,0,3
1767765412.4924226,9124707774134530792,0,17,7,52,7,6,2,3,2,89520,4809.52978515625,0,0,3
1767765412.4924226,9124707774134530792,0,18,16,52,13,0,2,3,2,90794,4866.3095703125,0,0,3
1767765412.4924226,9124707774134530792,0,19,20,0,17,0,0,4,1,0,4957.805258860812,0,0,1
1767765412.4924226,9124707774134530792,0,20,0,0,0,0,0,0,0,0,0.0,0,0,0
1767765412.4924226,9124707774134530792,0,21,0,0,0,0,0,0,0,0,0.0,0,0,0
1767765417.5092182,9124707774134530792,0,0,9,52,9,2,2,3,2,90228,4836.7119140625,0,0,3
1767765417.5092182,9124707774134530792,0,1,8,52,10,4,2,3,2,90281,4833.1015625,0,0,3
1767765417.5092182,9124707774134530792,0,2,13,52,12,0,2,3,2,90199,4847.78955078125,0,0,3
1767765417.5092182,9124707774134530792,0,3,6,52,8,8,2,3,2,89789,4806.34765625,0,0,3
1767765417.5092182,9124707774134530792,0,4,4,52,3,12,2,3,2,89495,4793.0673828125,0,0,3
1767765417.5092182,9124707774134530792,0,5,15,52,20,0,2,3,2,90532,4854.94970703125,0,0,3
1767765417.5092182,9124707774134530792,0,6,10,52,15,1,2,3,2,90300,4840.35888671875,0,0,3
1767765417.5092182,9124707774134530792,0,7,18,51,19,0,3,3,2,90725,4799.23828125,0,0,4
1767765417.5092182,9124707774134530792,0,8,3,52,1,15,2,3,2,89213,4792.3017578125,0,0,3
1767765417.5092182,9124707774134530792,0,9,14,52,16,0,2,3,2,90412,4852.21533203125,0,0,3
1767765417.5092182,9124707774134530792,0,10,1,52,6,25,2,3,2,89254,4777.759765625,0,0,3
1767765417.5092182,9124707774134530792,0,11,19,38,4,0,2,4,3,90429,3625.40576171875,0,0,3
1767765417.5092182,9124707774134530792,0,12,12,52,14,0,2,3,2,90043,4847.08447265625,0,0,3
1767765417.5092182,9124707774134530792,0,13,2,52,5,18,2,3,2,89567,4786.0625,0,0,3
1767765417.5092182,9124707774134530792,0,14,17,51,11,0,2,3,2,90849,4779.8515625,0,0,3
1767765417.5092182,9124707774134530792,0,15,11,52,18,0,2,3,2,89968,4841.6103515625,0,0,3
1767765417.5092182,9124707774134530792,0,16,5,52,2,10,2,3,2,89630,4798.53369140625,0,0,3
1767765417.5092182,9124707774134530792,0,17,7,52,7,6,2,3,2,89520,4809.52978515625,0,0,3
1767765417.5092182,9124707774134530792,0,18,16,52,13,0,2,3,2,90794,4866.3095703125,0,0,3
1767765417.5092182,9124707774134530792,0,19,20,0,17,0,0,4,1,0,4957.805258860812,0,0,1
1767765417.5092182,9124707774134530792,0,20,0,0,0,0,0,0,0,0,0.0,0,0,0
1767765417.5092182,9124707774134530792,0,21,0,0,0,0,0,0,0,0,0.0,0,0,0
1767765422.5280411,9124707774134530792,0,0,9,52,9,2,2,3,2,90228,4836.7119140625,0,0,3
1767765422.5280411,9124707774134530792,0,1,8,52,10,4,2,3,2,90281,4833.1015625,0,0,3
1767765422.5280411,9124707774134530792,0,2,13,52,12,0,2,3,2,90199,4847.78955078125,0,0,3
1767765422.5280411,9124707774134530792,0,3,6,52,8,8,2,3,2,89789,4806.34765625,0,0,3
1767765422.5280411,9124707774134530792,0,4,4,52,3,12,2,3,2,89495,4793.0673828125,0,0,3
1767765422.5280411,9124707774134530792,0,5,15,52,20,0,2,3,2,90532,4854.94970703125,0,0,3
1767765422.5280411,9124707774134530792,0,6,10,52,15,1,2,3,2,90300,4840.35888671875,0,0,3
1767765422.5280411,9124707774134530792,0,7,18,51,19,0,3,3,2,90725,4799.23828125,0,0,4
1767765422.5280411,9124707774134530792,0,8,3,52,1,15,2,3,2,89213,4792.3017578125,0,0,3
1767765422.5280411,9124707774134530792,0,9,14,52,16,0,2,3,2,90412,4852.21533203125,0,0,3
1767765422.5280411,9124707774134530792,0,10,1,52,6,25,2,3,2,89254,4777.759765625,0,0,3
1767765422.5280411,9124707774134530792,0,11,19,38,4,0,2,4,3,90429,3625.40576171875,0,0,3
1767765422.5280411,9124707774134530792,0,12,12,52,14,0,2,3,2,90043,4847.08447265625,0,0,3
1767765422.5280411,9124707774134530792,0,13,2,52,5,18,2,3,2,89567,4786.0625,0,0,3
1767765422.5280411,9124707774134530792,0,14,17,51,11,0,2,3,2,90849,4779.8515625,0,0,3
1767765422.5280411,9124707774134530792,0,15,11,52,18,0,2,3,2,89968,4841.6103515625,0,0,3
1767765422.5280411,9124707774134530792,0,16,5,52,2,10,2,3,2,89630,4798.53369140625,0,0,3
1767765422.5280411,9124707774134530792,0,17,7,52,7,6,2,3,2,89520,4809.52978515625,0,0,3
1767765422.5280411,9124707774134530792,0,18,16,52,13,0,2,3,2,90794,4866.3095703125,0,0,3
1767765422.5280411,9124707774134530792,0,19,20,0,17,0,0,4,1,0,4957.805258860812,0,0,1
1767765422.5280411,9124707774134530792,0,20,0,0,0,0,0,0,0,0,0.0,0,0,0
1767765422.5280411,9124707774134530792,0,21,0,0,0,0,0,0,0,0,0.0,0,0,0
1767765427.5411363,9124707774134530792,0,0,9,52,9,2,2,3,2,90228,4836.7119140625,0,0,3
1767765427.5411363,9124707774134530792,0,1,8,52,10,4,2,3,2,90281,4833.1015625,0,0,3
1767765427.5411363,9124707774134530792,0,2,13,52,12,0,2,3,2,90199,4847.78955078125,0,0,3
1767765427.5411363,9124707774134530792,0,3,6,52,8,8,2,3,2,89789,4806.34765625,0,0,3
1767765427.5411363,9124707774134530792,0,4,4,52,3,12,2,3,2,89495,4793.0673828125,0,0,3
1767765427.5411363,9124707774134530792,0,5,15,52,20,0,2,3,2,90532,4854.94970703125,0,0,3
1767765427.5411363,9124707774134530792,0,6,10,52,15,1,2,3,2,90300,4840.35888671875,0,0,3
1767765427.5411363,9124707774134530792,0,7,18,51,19,0,3,3,2,90725,4799.23828125,0,0,4
1767765427.5411363,9124707774134530792,0,8,3,52,1,15,2,3,2,89213,4792.3017578125,0,0,3
1767765427.5411363,9124707774134530792,0,9,14,52,16,0,2,3,2,90412,4852.21533203125,0,0,3
1767765427.5411363,9124707774134530792,0,10,1,52,6,25,2,3,2,89254,4777.759765625,0,0,3
1767765427.5411363,9124707774134530792,0,11,19,38,4,0,2,4,3,90429,3625.40576171875,0,0,3
1767765427.5411363,9124707774134530792,0,12,12,52,14,0,2,3,2,90043,4847.08447265625,0,0,3
1767765427.5411363,9124707774134530792,0,13,2,52,5,18,2,3,2,89567,4786.0625,0,0,3
1767765427.5411363,9124707774134530792,0,14,17,51,11,0,2,3,2,90849,4779.8515625,0,0,3
1767765427.5411363,9124707774134530792,0,15,11,52,18,0,2,3,2,89968,4841.6103515625,0,0,3
1767765427.5411363,9124707774134530792,0,16,5,52,2,10,2,3,2,89630,4798.53369140625,0,0,3
1767765427.5411363,9124707774134530792,0,17,7,52,7,6,2,3,2,89520,4809.52978515625,0,0,3
1767765427.5411363,9124707774134530792,0,18,16,52,13,0,2,3,2,90794,4866.3095703125,0,0,3
1767765427.5411363,9124707774134530792,0,19,20,0,17,0,0,4,1,0,4957.805258860812,0,0,1
1767765427.5411363,9124707774134530792,0,20,0,0,0,0,0,0,0,0,0.0,0,0,0
1767765427.5411363,9124707774134530792,0,21,0,0,0,0,0,0,0,0,0.0,0,0,0
1767765432.5545504,9124707774134530792,0,0,9,52,9,2,2,3,2,90228,4836.7119140625,0,0,3
1767765432.5545504,9124707774134530792,0,1,8,52,10,4,2,3,2,90281,4833.1015625,0,0,3
1767765432.5545504,9124707774134530792,0,2,13,52,12,0,2,3,2,90199,4847.78955078125,0,0,3
1767765432.5545504,9124707774134530792,0,3,6,52,8,8,2,3,2,89789,4806.34765625,0,0,3
1767765432.5545504,9124707774134530792,0,4,4,52,3,12,2,3,2,89495,4793.0673828125,0,0,3
1767765432.5545504,9124707774134530792,0,5,15,52,20,0,2,3,2,90532,4854.94970703125,0,0,3
1767765432.5545504,9124707774134530792,0,6,10,52,15,1,2,3,2,90300,4840.35888671875,0,0,3
1767765432.5545504,9124707774134530792,0,7,18,51,19,0,3,3,2,90725,4799.23828125,0,0,4
1767765432.5545504,9124707774134530792,0,8,3,52,1,15,2,3,2,89213,4792.3017578125,0,0,3
1767765432.5545504,9124707774134530792,0,9,14,52,16,0,2,3,2,90412,4852.21533203125,0,0,3
1767765432.5545504,9124707774134530792,0,10,1,52,6,25,2,3,2,89254,4777.759765625,0,0,3
1767765432.5545504,9124707774134530792,0,11,19,38,4,0,2,4,3,90429,3625.40576171875,0,0,3
1767765432.5545504,9124707774134530792,0,12,12,52,14,0,2,3,2,90043,4847.08447265625,0,0,3
1767765432.5545504,9124707774134530792,0,13,2,52,5,18,2,3,2,89567,4786.0625,0,0,3
1767765432.5545504,9124707774134530792,0,14,17,51,11,0,2,3,2,90849,4779.8515625,0,0,3
1767765432.5545504,9124707774134530792,0,15,11,52,18,0,2,3,2,89968,4841.6103515625,0,0,3
1767765432.5545504,9124707774134530792,0,16,5,52,2,10,2,3,2,89630,4798.53369140625,0,0,3
1767765432.5545504,9124707774134530792,0,17,7,52,7,6,2,3,2,89520,4809.52978515625,0,0,3
1767765432.5545504,9124707774134530792,0,18,16,52,13,0,2,3,2,90794,4866.3095703125,0,0,3
1767765432.5545504,9124707774134530792,0,19,20,0,17,0,0,4,1,0,4957.805258860812,0,0,1
1767765432.5545504,9124707774134530792,0,20,0,0,0,0,0,0,0,0,0.0,0,0,0
1767765432.5545504,9124707774134530792,0,21,0,0,0,0,0,0,0,0,0.0,0,0,0
1767765437.5708854,9124707774134530792,0,0,9,52,9,2,2,3,2,90228,4836.7119140625,0,0,3
1767765437.5708854,9124707774134530792,0,1,8,52,10,4,2,3,2,90281,4833.1015625,0,0,3
1767765437.5708854,9124707774134530792,0,2,13,52,12,0,2,3,2,90199,4847.78955078125,0,0,3
1767765437.5708854,9124707774134530792,0,3,6,52,8,8,2,3,2,89789,4806.34765625,0,0,3
1767765437.5708854,9124707774134530792,0,4,4,52,3,12,2,3,2,89495,4793.0673828125,0,0,3
1767765437.5708854,9124707774134530792,0,5,15,52,20,0,2,3,2,90532,4854.94970703125,0,0,3
1767765437.5708854,9124707774134530792,0,6,10,52,15,1,2,3,2,90300,4840.35888671875,0,0,3
1767765437.5708854,9124707774134530792,0,7,18,51,19,0,3,3,2,90725,4799.23828125,0,0,4
1767765437.5708854,9124707774134530792,0,8,3,52,1,15,2,3,2,89213,4792.3017578125,0,0,3
1767765437.5708854,9124707774134530792,0,9,14,52,16,0,2,3,2,90412,4852.21533203125,0,0,3
1767765437.5708854,9124707774134530792,0,10,1,52,6,25,2,3,2,89254,4777.759765625,0,0,3
1767765437.5708854,9124707774134530792,0,11,19,38,4,0,2,4,3,90429,3625.40576171875,0,0,3
1767765437.5708854,9124707774134530792,0,12,12,52,14,0,2,3,2,90043,4847.08447265625,0,0,3
1767765437.5708854,9124707774134530792,0,13,2,52,5,18,2,3,2,89567,4786.0625,0,0,3
1767765437.5708854,9124707774134530792,0,14,17,51,11,0,2,3,2,90849,4779.8515625,0,0,3
1767765437.5708854,9124707774134530792,0,15,11,52,18,0,2,3,2,89968,4841.6103515625,0,0,3
1767765437.5708854,9124707774134530792,0,16,5,52,2,10,2,3,2,89630,4798.53369140625,0,0,3
1767765437.5708854,9124707774134530792,0,17,7,52,7,6,2,3,2,89520,4809.52978515625,0,0,3
1767765437.5708854,9124707774134530792,0,18,16,52,13,0,2,3,2,90794,4866.3095703125,0,0,3
1767765437.5708854,9124707774134530792,0,19,20,0,17,0,0,4,1,0,4957.805258860812,0,0,1
1767765437.5708854,9124707774134530792,0,20,0,0,0,0,0,0,0,0,0.0,0,0,0
1767765437.5708854,9124707774134530792,0,21,0,0,0,0,0,0,0,0,0.0,0,0,0
1767765442.5734801,9124707774134530792,0,0,9,52,9,2,2,3,2,90228,4836.7119140625,0,0,3
1767765442.5734801,9124707774134530792,0,1,8,52,10,4,2,3,2,90281,4833.1015625,0,0,3
1767765442.5734801,9124707774134530792,0,2,13,52,12,0,2,3,2,90199,4847.78955078125,0,0,3
1767765442.5734801,9124707774134530792,0,3,6,52,8,8,2,3,2,89789,4806.34765625,0,0,3
1767765442.5734801,9124707774134530792,0,4,4,52,3,12,2,3,2,89495,4793.0673828125,0,0,3
1767765442.5734801,9124707774134530792,0,5,15,52,20,0,2,3,2,90532,4854.94970703125,0,0,3
1767765442.5734801,9124707774134530792,0,6,10,52,15,1,2,3,2,90300,4840.35888671875,0,0,3
1767765442.5734801,9124707774134530792,0,7,18,51,19,0,3,3,2,90725,4799.23828125,0,0,4
1767765442.5734801,9124707774134530792,0,8,3,52,1,15,2,3,2,89213,4792.3017578125,0,0,3
1767765442.5734801,9124707774134530792,0,9,14,52,16,0,2,3,2,90412,4852.21533203125,0,0,3
1767765442.5734801,9124707774134530792,0,10,1,52,6,25,2,3,2,89254,4777.759765625,0,0,3
1767765442.5734801,9124707774134530792,0,11,19,38,4,0,2,4,3,90429,3625.40576171875,0,0,3
1767765442.5734801,9124707774134530792,0,12,12,52,14,0,2,3,2,90043,4847.08447265625,0,0,3
1767765442.5734801,9124707774134530792,0,13,2,52,5,18,2,3,2,89567,4786.0625,0,0,3
1767765442.5734801,9124707774134530792,0,14,17,51,11,0,2,3,2,90849,4779.8515625,0,0,3
1767765442.5734801,9124707774134530792,0,15,11,52,18,0,2,3,2,89968,4841.6103515625,0,0,3
1767765442.5734801,9124707774134530792,0,16,5,52,2,10,2,3,2,89630,4798.53369140625,0,0,3
1767765442.5734801,9124707774134530792,0,17,7,52,7,6,2,3,2,89520,4809.52978515625,0,0,3
1767765442.5734801,9124707774134530792,0,18,16,52,13,0,2,3,2,90794,4866.3095703125,0,0,3
1767765442.5734801,9124707774134530792,0,19,20,0,17,0,0,4,1,0,4957.805258860812,0,0,1
1767765442.5734801,9124707774134530792,0,20,0,0,0,0,0,0,0,0,0.0,0,0,0
1767765442.5734801,9124707774134530792,0,21,0,0,0,0,0,0,0,0,0.0,0,0,0
1767765447.5886412,9124707774134530792,0,0,9,52,9,2,2,3,2,90228,4836.7119140625,0,0,3
1767765447.5886412,9124707774134530792,0,1,8,52,10,4,2,3,2,90281,4833.1015625,0,0,3
1767765447.5886412,9124707774134530792,0,2,13,52,12,0,2,3,2,90199,4847.78955078125,0,0,3
1767765447.5886412,9124707774134530792,0,3,6,52,8,8,2,3,2,89789,4806.34765625,0,0,3
1767765447.5886412,9124707774134530792,0,4,4,52,3,12,2,3,2,89495,4793.0673828125,0,0,3
1767765447.5886412,9124707774134530792,0,5,15,52,20,0,2,3,2,90532,4854.94970703125,0,0,3
1767765447.5886412,9124707774134530792,0,6,10,52,15,1,2,3,2,90300,4840.35888671875,0,0,3
1767765447.5886412,9124707774134530792,0,7,18,51,19,0,3,3,2,90725,4799.23828125,0,0,4
1767765447.5886412,9124707774134530792,0,8,3,52,1,15,2,3,2,89213,4792.3017578125,0,0,3
1767765447.5886412,9124707774134530792,0,9,14,52,16,0,2,3,2,90412,4852.21533203125,0,0,3
1767765447.5886412,9124707774134530792,0,10,1,52,6,25,2,3,2,89254,4777.759765625,0,0,3
1767765447.5886412,9124707774134530792,0,11,19,38,4,0,2,4,3,90429,3625.40576171875,0,0,3
1767765447.5886412,9124707774134530792,0,12,12,52,14,0,2,3,2,90043,4847.08447265625,0,0,3
1767765447.5886412,9124707774134530792,0,13,2,52,5,18,2,3,2,89567,4786.0625,0,0,3
1767765447.5886412,9124707774134530792,0,14,17,51,11,0,2,3,2,90849,4779.8515625,0,0,3
1767765447.5886412,9124707774134530792,0,15,11,52,18,0,2,3,2,89968,4841.6103515625,0,0,3
1767765447.5886412,9124707774134530792,0,16,5,52,2,10,2,3,2,89630,4798.53369140625,0,0,3
1767765447.5886412,9124707774134530792,0,17,7,52,7,6,2,3,2,89520,4809.52978515625,0,0,3
1767765447.5886412,9124707774134530792,0,18,16,52,13,0,2,3,2,90794,4866.3095703125,0,0,3
1767765447.5886412,9124707774134530792,0,19,20,0,17,0,0,4,1,0,4957.805258860812,0,0,1
1767765447.5886412,9124707774134530792,0,20,0,0,0,0,0,0,0,0,0.0,0,0,0
1767765447.5886412,9124707774134530792,0,21,0,0,0,0,0,0,0,0,0.0,0,0,0
1767765452.6087184,9124707774134530792,0,0,9,52,9,2,2,3,2,90228,4836.7119140625,0,0,3
1767765452.6087184,9124707774134530792,0,1,8,52,10,4,2,3,2,90281,4833.1015625,0,0,3
1767765452.6087184,9124707774134530792,0,2,13,52,12,0,2,3,2,90199,4847.78955078125,0,0,3
1767765452.6087184,9124707774134530792,0,3,6,52,8,8,2,3,2,89789,4806.34765625,0,0,3
1767765452.6087184,9124707774134530792,0,4,4,52,3,12,2,3,2,89495,4793.0673828125,0,0,3
1767765452.6087184,9124707774134530792,0,5,15,52,20,0,2,3,2,90532,4854.94970703125,0,0,3
1767765452.6087184,9124707774134530792,0,6,10,52,15,1,2,3,2,90300,4840.35888671875,0,0,3
1767765452.6087184,9124707774134530792,0,7,18,51,19,0,3,3,2,90725,4799.23828125,0,0,4
1767765452.6087184,9124707774134530792,0,8,3,52,1,15,2,3,2,89213,4792.3017578125,0,0,3
1767765452.6087184,9124707774134530792,0,9,14,52,16,0,2,3,2,90412,4852.21533203125,0,0,3
1767765452.6087184,9124707774134530792,0,10,1,52,6,25,2,3,2,89254,4777.759765625,0,0,3
1767765452.6087184,9124707774134530792,0,11,19,38,4,0,2,4,3,90429,3625.40576171875,0,0,3
1767765452.6087184,9124707774134530792,0,12,12,52,14,0,2,3,2,90043,4847.08447265625,0,0,3
1767765452.6087184,9124707774134530792,0,13,2,52,5,18,2,3,2,89567,4786.0625,0,0,3
1767765452.6087184,9124707774134530792,0,14,17,51,11,0,2,3,2,90849,4779.8515625,0,0,3
1767765452.6087184,9124707774134530792,0,15,11,52,18,0,2,3,2,89968,4841.6103515625,0,0,3
1767765452.6087184,9124707774134530792,0,16,5,52,2,10,2,3,2,89630,4798.53369140625,0,0,3
1767765452.6087184,9124707774134530792,0,17,7,52,7,6,2,3,2,89520,4809.52978515625,0,0,3
1767765452.6087184,9124707774134530792,0,18,16,52,13,0,2,3,2,90794,4866.3095703125,0,0,3
1767765452.6087184,9124707774134530792,0,19,20,0,17,0,0,4,1,0,4957.805258860812,0,0,1
1767765452.6087184,9124707774134530792,0,20,0,0,0,0,0,0,0,0,0.0,0,0,0
1767765452.6087184,9124707774134530792,0,21,0,0,0,0,0,0,0,0,0.0,0,0,0
1767765457.624381,9124707774134530792,0,0,9,52,9,2,2,3,2,90228,4836.7119140625,0,0,3
1767765457.624381,9124707774134530792,0,1,8,52,10,4,2,3,2,90281,4833.1015625,0,0,3
1767765457.624381,9124707774134530792,0,2,13,52,12,0,2,3,2,90199,4847.78955078125,0,0,3
1767765457.624381,9124707774134530792,0,3,6,52,8,8,2,3,2,89789,4806.34765625,0,0,3
1767765457.624381,9124707774134530792,0,4,4,52,3,12,2,3,2,89495,4793.0673828125,0,0,3
1767765457.624381,9124707774134530792,0,5,15,52,20,0,2,3,2,90532,4854.94970703125,0,0,3
1767765457.624381,9124707774134530792,0,6,10,52,15,1,2,3,2,90300,4840.35888671875,0,0,3
1767765457.624381,9124707774134530792,0,7,18,51,19,0,3,3,2,90725,4799.23828125,0,0,4
1767765457.624381,9124707774134530792,0,8,3,52,1,15,2,3,2,89213,4792.3017578125,0,0,3
1767765457.624381,9124707774134530792,0,9,14,52,16,0,2,3,2,90412,4852.21533203125,0,0,3
1767765457.624381,9124707774134530792,0,10,1,52,6,25,2,3,2,89254,4777.759765625,0,0,3
1767765457.624381,9124707774134530792,0,11,19,38,4,0,2,4,3,90429,3625.40576171875,0,0,3
1767765457.624381,9124707774134530792,0,12,12,52,14,0,2,3,2,90043,4847.08447265625,0,0,3
1767765457.624381,9124707774134530792,0,13,2,52,5,18,2,3,2,89567,4786.0625,0,0,3
1767765457.624381,9124707774134530792,0,14,17,51,11,0,2,3,2,90849,4779.8515625,0,0,3
1767765457.624381,9124707774134530792,0,15,11,52,18,0,2,3,2,89968,4841.6103515625,0,0,3
1767765457.624381,9124707774134530792,0,16,5,52,2,10,2,3,2,89630,4798.53369140625,0,0,3
1767765457.624381,9124707774134530792,0,17,7,52,7,6,2,3,2,89520,4809.52978515625,0,0,3
1767765457.624381,9124707774134530792,0,18,16,52,13,0,2,3,2,90794,4866.3095703125,0,0,3
1767765457.624381,9124707774134530792,0,19,20,0,17,0,0,4,1,0,4957.805258860812,0,0,1
1767765457.624381,9124707774134530792,0,20,0,0,0,0,0,0,0,0,0.0,0,0,0
1767765457.624381,9124707774134530792,0,21,0,0,0,0,0,0,0,0,0.0,0,0,0
1767765462.6431174,9124707774134530792,0,0,9,52,9,2,2,3,2,90228,4836.7119140625,0,0,3
1767765462.6431174,9124707774134530792,0,1,8,52,10,4,2,3,2,90281,4833.1015625,0,0,3
1767765462.6431174,9124707774134530792,0,2,13,52,12,0,2,3,2,90199,4847.78955078125,0,0,3
1767765462.6431174,9124707774134530792,0,3,6,52,8,8,2,3,2,89789,4806.34765625,0,0,3
1767765462.6431174,9124707774134530792,0,4,4,52,3,12,2,3,2,89495,4793.0673828125,0,0,3
1767765462.6431174,9124707774134530792,0,5,15,52,20,0,2,3,2,90532,4854.94970703125,0,0,3
1767765462.6431174,9124707774134530792,0,6,10,52,15,1,2,3,2,90300,4840.35888671875,0,0,3
1767765462.6431174,9124707774134530792,0,7,18,51,19,0,3,3,2,90725,4799.23828125,0,0,4
1767765462.6431174,9124707774134530792,0,8,3,52,1,15,2,3,2,89213,4792.3017578125,0,0,3
1767765462.6431174,9124707774134530792,0,9,14,52,16,0,2,3,2,90412,4852.21533203125,0,0,3
1767765462.6431174,9124707774134530792,0,10,1,52,6,25,2,3,2,89254,4777.759765625,0,0,3
1767765462.6431174,9124707774134530792,0,11,19,38,4,0,2,4,3,90429,3625.40576171875,0,0,3
1767765462.6431174,9124707774134530792,0,12,12,52,14,0,2,3,2,90043,4847.08447265625,0,0,3
1767765462.6431174,9124707774134530792,0,13,2,52,5,18,2,3,2,89567,4786.0625,0,0,3
1767765462.6431174,9124707774134530792,0,14,17,51,11,0,2,3,2,90849,4779.8515625,0,0,3
1767765462.6431174,9124707774134530792,0,15,11,52,18,0,2,3,2,89968,4841.6103515625,0,0,3
1767765462.6431174,9124707774134530792,0,16,5,52,2,10,2,3,2,89630,4798.53369140625,0,0,3
1767765462.6431174,9124707774134530792,0,17,7,52,7,6,2,3,2,89520,4809.52978515625,0,0,3
1767765462.6431174,9124707774134530792,0,18,16,52,13,0,2,3,2,90794,4866.3095703125,0,0,3
1767765462.6431174,9124707774134530792,0,19,20,0,17,0,0,4,1,0,4957.805258860812,0,0,1
1767765462.6431174,9124707774134530792,0,20,0,0,0,0,0,0,0,0,0.0,0,0,0
1767765462.6431174,9124707774134530792,0,21,0,0,0,0,0,0,0,0,0.0,0,0,0
1767765467.644616,9124707774134530792,0,0,9,52,9,2,2,3,2,90228,4836.7119140625,0,0,3
1767765467.644616,9124707774134530792,0,1,8,52,10,4,2,3,2,90281,4833.1015625,0,0,3
1767765467.644616,9124707774134530792,0,2,13,52,12,0,2,3,2,90199,4847.78955078125,0,0,3
1767765467.644616,9124707774134530792,0,3,6,52,8,8,2,3,2,89789,4806.34765625,0,0,3
1767765467.644616,9124707774134530792,0,4,4,52,3,12,2,3,2,89495,4793.0673828125,0,0,3
1767765467.644616,9124707774134530792,0,5,15,52,20,0,2,3,2,90532,4854.94970703125,0,0,3
1767765467.644616,9124707774134530792,0,6,10,52,15,1,2,3,2,90300,4840.35888671875,0,0,3
1767765467.644616,9124707774134530792,0,7,18,51,19,0,3,3,2,90725,4799.23828125,0,0,4
1767765467.644616,9124707774134530792,0,8,3,52,1,15,2,3,2,89213,4792.3017578125,0,0,3
1767765467.644616,9124707774134530792,0,9,14,52,16,0,2,3,2,90412,4852.21533203125,0,0,3
1767765467.644616,9124707774134530792,0,10,1,52,6,25,2,3,2,89254,4777.759765625,0,0,3
1767765467.644616,9124707774134530792,0,11,19,38,4,0,2,4,3,90429,3625.40576171875,0,0,3
1767765467.644616,9124707774134530792,0,12,12,52,14,0,2,3,2,90043,4847.08447265625,0,0,3
1767765467.644616,9124707774134530792,0,13,2,52,5,18,2,3,2,89567,4786.0625,0,0,3
1767765467.644616,9124707774134530792,0,14,17,51,11,0,2,3,2,90849,4779.8515625,0,0,3
1767765467.644616,9124707774134530792,0,15,11,52,18,0,2,3,2,89968,4841.6103515625,0,0,3
1767765467.644616,9124707774134530792,0,16,5,52,2,10,2,3,2,89630,4798.53369140625,0,0,3
1767765467.644616,9124707774134530792,0,17,7,52,7,6,2,3,2,89520,4809.52978515625,0,0,3
1767765467.644616,9124707774134530792,0,18,16,52,13,0,2,3,2,90794,4866.3095703125,0,0,3
1767765467.644616,9124707774134530792,0,19,20,0,17,0,0,4,1,0,4957.805258860812,0,0,1
1767765467.644616,9124707774134530792,0,20,0,0,0,0,0,0,0,0,0.0,0,0,0
1767765467.644616,9124707774134530792,0,21,0,0,0,0,0,0,0,0,0.0,0,0,0
1767765472.6626875,9124707774134530792,0,0,9,52,9,2,2,3,2,90228,4836.7119140625,0,0,3
1767765472.6626875,9124707774134530792,0,1,8,52,10,4,2,3,2,90281,4833.1015625,0,0,3
1767765472.6626875,9124707774134530792,0,2,13,52,12,0,2,3,2,90199,4847.78955078125,0,0,3
1767765472.6626875,9124707774134530792,0,3,6,52,8,8,2,3,2,89789,4806.34765625,0,0,3
1767765472.6626875,9124707774134530792,0,4,4,52,3,12,2,3,2,89495,4793.0673828125,0,0,3
1767765472.6626875,9124707774134530792,0,5,15,52,20,0,2,3,2,90532,4854.94970703125,0,0,3
1767765472.6626875,9124707774134530792,0,6,10,52,15,1,2,3,2,90300,4840.35888671875,0,0,3
1767765472.6626875,9124707774134530792,0,7,18,51,19,0,3,3,2,90725,4799.23828125,0,0,4
1767765472.6626875,9124707774134530792,0,8,3,52,1,15,2,3,2,89213,4792.3017578125,0,0,3
1767765472.6626875,9124707774134530792,0,9,14,52,16,0,2,3,2,90412,4852.21533203125,0,0,3
1767765472.6626875,9124707774134530792,0,10,1,52,6,25,2,3,2,89254,4777.759765625,0,0,3
1767765472.6626875,9124707774134530792,0,11,19,38,4,0,2,4,3,90429,3625.40576171875,0,0,3
1767765472.6626875,9124707774134530792,0,12,12,52,14,0,2,3,2,90043,4847.08447265625,0,0,3
1767765472.6626875,9124707774134530792,0,13,2,52,5,18,2,3,2,89567,4786.0625,0,0,3
1767765472.6626875,9124707774134530792,0,14,17,51,11,0,2,3,2,90849,4779.8515625,0,0,3
1767765472.6626875,9124707774134530792,0,15,11,52,18,0,2,3,2,89968,4841.6103515625,0,0,3
1767765472.6626875,9124707774134530792,0,16,5,52,2,10,2,3,2,89630,4798.53369140625,0,0,3
1767765472.6626875,9124707774134530792,0,17,7,52,7,6,2,3,2,89520,4809.52978515625,0,0,3
1767765472.6626875,9124707774134530792,0,18,16,52,13,0,2,3,2,90794,4866.3095703125,0,0,3
1767765472.6626875,9124707774134530792,0,19,20,0,17,0,0,4,1,0,4957.805258860812,0,0,1
1767765472.6626875,9124707774134530792,0,20,0,0,0,0,0,0,0,0,0.0,0,0,0
1767765472.6626875,9124707774134530792,0,21,0,0,0,0,0,0,0,0,0.0,0,0,0
1767765477.6804037,9124707774134530792,0,0,9,52,9,2,2,3,2,90228,4836.7119140625,0,0,3
1767765477.6804037,9124707774134530792,0,1,8,52,10,4,2,3,2,90281,4833.1015625,0,0,3
1767765477.6804037,9124707774134530792,0,2,13,52,12,0,2,3,2,90199,4847.78955078125,0,0,3
1767765477.6804037,9124707774134530792,0,3,6,52,8,8,2,3,2,89789,4806.34765625,0,0,3
1767765477.6804037,9124707774134530792,0,4,4,52,3,12,2,3,2,89495,4793.0673828125,0,0,3
1767765477.6804037,9124707774134530792,0,5,15,52,20,0,2,3,2,90532,4854.94970703125,0,0,3
1767765477.6804037,9124707774134530792,0,6,10,52,15,1,2,3,2,90300,4840.35888671875,0,0,3
1767765477.6804037,9124707774134530792,0,7,18,51,19,0,3,3,2,90725,4799.23828125,0,0,4
1767765477.6804037,9124707774134530792,0,8,3,52,1,15,2,3,2,89213,4792.3017578125,0,0,3
1767765477.6804037,9124707774134530792,0,9,14,52,16,0,2,3,2,90412,4852.21533203125,0,0,3
1767765477.6804037,9124707774134530792,0,10,1,52,6,25,2,3,2,89254,4777.759765625,0,0,3
1767765477.6804037,9124707774134530792,0,11,19,38,4,0,2,4,3,90429,3625.40576171875,0,0,3
1767765477.6804037,9124707774134530792,0,12,12,52,14,0,2,3,2,90043,4847.08447265625,0,0,3
1767765477.6804037,9124707774134530792,0,13,2,52,5,18,2,3,2,89567,4786.0625,0,0,3
1767765477.6804037,9124707774134530792,0,14,17,51,11,0,2,3,2,90849,4779.8515625,0,0,3
1767765477.6804037,9124707774134530792,0,15,11,52,18,0,2,3,2,89968,4841.6103515625,0,0,3
1767765477.6804037,9124707774134530792,0,16,5,52,2,10,2,3,2,89630,4798.53369140625,0,0,3
1767765477.6804037,9124707774134530792,0,17,7,52,7,6,2,3,2,89520,4809.52978515625,0,0,3
1767765477.6804037,9124707774134530792,0,18,16,52,13,0,2,3,2,90794,4866.3095703125,0,0,3
1767765477.6804037,9124707774134530792,0,19,20,0,17,0,0,4,1,0,4957.805258860812,0,0,1
1767765477.6804037,9124707774134530792,0,20,0,0,0,0,0,0,0,0,0.0,0,0,0
1767765477.6804037,9124707774134530792,0,21,0,0,0,0,0,0,0,0,0.0,0,0,0
1767765482.698867,9124707774134530792,0,0,9,52,9,2,2,3,2,90228,4836.7119140625,0,0,3
1767765482.698867,9124707774134530792,0,1,8,52,10,4,2,3,2,90281,4833.1015625,0,0,3
1767765482.698867,9124707774134530792,0,2,13,52,12,0,2,3,2,90199,4847.78955078125,0,0,3
1767765482.698867,9124707774134530792,0,3,6,52,8,8,2,3,2,89789,4806.34765625,0,0,3
1767765482.698867,9124707774134530792,0,4,4,52,3,12,2,3,2,89495,4793.0673828125,0,0,3
1767765482.698867,9124707774134530792,0,5,15,52,20,0,2,3,2,90532,4854.94970703125,0,0,3
1767765482.698867,9124707774134530792,0,6,10,52,15,1,2,3,2,90300,4840.35888671875,0,0,3
1767765482.698867,9124707774134530792,0,7,18,51,19,0,3,3,2,90725,4799.23828125,0,0,4
1767765482.698867,9124707774134530792,0,8,3,52,1,15,2,3,2,89213,4792.3017578125,0,0,3
1767765482.698867,9124707774134530792,0,9,14,52,16,0,2,3,2,90412,4852.21533203125,0,0,3
1767765482.698867,9124707774134530792,0,10,1,52,6,25,2,3,2,89254,4777.759765625,0,0,3
1767765482.698867,9124707774134530792,0,11,19,38,4,0,2,4,3,90429,3625.40576171875,0,0,3
1767765482.698867,9124707774134530792,0,12,12,52,14,0,2,3,2,90043,4847.08447265625,0,0,3
1767765482.698867,9124707774134530792,0,13,2,52,5,18,2,3,2,89567,4786.0625,0,0,3
1767765482.698867,9124707774134530792,0,14,17,51,11,0,2,3,2,90849,4779.8515625,0,0,3
1767765482.698867,9124707774134530792,0,15,11,52,18,0,2,3,2,89968,4841.6103515625,0,0,3
1767765482.698867,9124707774134530792,0,16,5,52,2,10,2,3,2,89630,4798.53369140625,0,0,3
1767765482.698867,9124707774134530792,0,17,7,52,7,6,2,3,2,89520,4809.52978515625,0,0,3
1767765482.698867,9124707774134530792,0,18,16,52,13,0,2,3,2,90794,4866.3095703125,0,0,3
1767765482.698867,9124707774134530792,0,19,20,0,17,0,0,4,1,0,4957.805258860812,0,0,1
1767765482.698867,9124707774134530792,0,20,0,0,0,0,0,0,0,0,0.0,0,0,0
1767765482.698867,9124707774134530792,0,21,0,0,0,0,0,0,0,0,0.0,0,0,0
1767765487.7171383,9124707774134530792,0,0,9,52,9,2,2,3,2,90228,4836.7119140625,0,0,3
1767765487.7171383,9124707774134530792,0,1,8,52,10,4,2,3,2,90281,4833.1015625,0,0,3
1767765487.7171383,9124707774134530792,0,2,13,52,12,0,2,3,2,90199,4847.78955078125,0,0,3
1767765487.7171383,9124707774134530792,0,3,6,52,8,8,2,3,2,89789,4806.34765625,0,0,3
1767765487.7171383,9124707774134530792,0,4,4,52,3,12,2,3,2,89495,4793.0673828125,0,0,3
1767765487.7171383,9124707774134530792,0,5,15,52,20,0,2,3,2,90532,4854.94970703125,0,0,3
1767765487.7171383,9124707774134530792,0,6,10,52,15,1,2,3,2,90300,4840.35888671875,0,0,3
1767765487.7171383,9124707774134530792,0,7,18,51,19,0,3,3,2,90725,4799.23828125,0,0,4
1767765487.7171383,9124707774134530792,0,8,3,52,1,15,2,3,2,89213,4792.3017578125,0,0,3
1767765487.7171383,9124707774134530792,0,9,14,52,16,0,2,3,2,90412,4852.21533203125,0,0,3
1767765487.7171383,9124707774134530792,0,10,1,52,6,25,2,3,2,89254,4777.759765625,0,0,3
1767765487.7171383,9124707774134530792,0,11,19,38,4,0,2,4,3,90429,3625.40576171875,0,0,3
1767765487.7171383,9124707774134530792,0,12,12,52,14,0,2,3,2,90043,4847.08447265625,0,0,3
1767765487.7171383,9124707774134530792,0,13,2,52,5,18,2,3,2,89567,4786.0625,0,0,3
1767765487.7171383,9124707774134530792,0,14,17,51,11,0,2,3,2,90849,4779.8515625,0,0,3
1767765487.7171383,9124707774134530792,0,15,11,52,18,0,2,3,2,89968,4841.6103515625,0,0,3
1767765487.7171383,9124707774134530792,0,16,5,52,2,10,2,3,2,89630,4798.53369140625,0,0,3
1767765487.7171383,9124707774134530792,0,17,7,52,7,6,2,3,2,89520,4809.52978515625,0,0,3
1767765487.7171383,9124707774134530792,0,18,16,52,13,0,2,3,2,90794,4866.3095703125,0,0,3
1767765487.7171383,9124707774134530792,0,19,20,0,17,0,0,4,1,0,4957.805258860812,0,0,1
1767765487.7171383,9124707774134530792,0,20,0,0,0,0,0,0,0,0,0.0,0,0,0
1767765487.7171383,9124707774134530792,0,21,0,0,0,0,0,0,0,0,0.0,0,0,0
1767765492.7346413,9124707774134530792,0,0,9,52,9,2,2,3,2,90228,4836.7119140625,0,0,3
1767765492.7346413,9124707774134530792,0,1,8,52,10,4,2,3,2,90281,4833.1015625,0,0,3
1767765492.7346413,9124707774134530792,0,2,13,52,12,0,2,3,2,90199,4847.78955078125,0,0,3
1767765492.7346413,9124707774134530792,0,3,6,52,8,8,2,3,2,89789,4806.34765625,0,0,3
1767765492.7346413,9124707774134530792,0,4,4,52,3,12,2,3,2,89495,4793.0673828125,0,0,3
1767765492.7346413,9124707774134530792,0,5,15,52,20,0,2,3,2,90532,4854.94970703125,0,0,3
1767765492.7346413,9124707774134530792,0,6,10,52,15,1,2,3,2,90300,4840.35888671875,0,0,3
1767765492.7346413,9124707774134530792,0,7,18,51,19,0,3,3,2,90725,4799.23828125,0,0,4
1767765492.7346413,9124707774134530792,0,8,3,52,1,15,2,3,2,89213,4792.3017578125,0,0,3
1767765492.7346413,9124707774134530792,0,9,14,52,16,0,2,3,2,90412,4852.21533203125,0,0,3
1767765492.7346413,9124707774134530792,0,10,1,52,6,25,2,3,2,89254,4777.759765625,0,0,3
1767765492.7346413,9124707774134530792,0,11,19,38,4,0,2,4,3,90429,3625.40576171875,0,0,3
1767765492.7346413,9124707774134530792,0,12,12,52,14,0,2,3,2,90043,4847.08447265625,0,0,3
1767765492.7346413,9124707774134530792,0,13,2,52,5,18,2,3,2,89567,4786.0625,0,0,3
1767765492.7346413,9124707774134530792,0,14,17,51,11,0,2,3,2,90849,4779.8515625,0,0,3
1767765492.7346413,9124707774134530792,0,15,11,52,18,0,2,3,2,89968,4841.6103515625,0,0,3
1767765492.7346413,9124707774134530792,0,16,5,52,2,10,2,3,2,89630,4798.53369140625,0,0,3
1767765492.7346413,9124707774134530792,0,17,7,52,7,6,2,3,2,89520,4809.52978515625,0,0,3
1767765492.7346413,9124707774134530792,0,18,16,52,13,0,2,3,2,90794,4866.3095703125,0,0,3
1767765492.7346413,9124707774134530792,0,19,20,0,17,0,0,4,1,0,4957.805258860812,0,0,1
1767765492.7346413,9124707774134530792,0,20,0,0,0,0,0,0,0,0,0.0,0,0,0
1767765492.7346413,9124707774134530792,0,21,0,0,0,0,0,0,0,0,0.0,0,0,0
1767765497.7525587,9124707774134530792,0,0,9,52,9,2,2,3,2,90228,4836.7119140625,0,0,3
1767765497.7525587,9124707774134530792,0,1,8,52,10,4,2,3,2,90281,4833.1015625,0,0,3
1767765497.7525587,9124707774134530792,0,2,13,52,12,0,2,3,2,90199,4847.78955078125,0,0,3
1767765497.7525587,9124707774134530792,0,3,6,52,8,8,2,3,2,89789,4806.34765625,0,0,3
1767765497.7525587,9124707774134530792,0,4,4,52,3,12,2,3,2,89495,4793.0673828125,0,0,3
1767765497.7525587,9124707774134530792,0,5,15,52,20,0,2,3,2,90532,4854.94970703125,0,0,3
1767765497.7525587,9124707774134530792,0,6,10,52,15,1,2,3,2,90300,4840.35888671875,0,0,3
1767765497.7525587,9124707774134530792,0,7,18,51,19,0,3,3,2,90725,4799.23828125,0,0,4
1767765497.7525587,9124707774134530792,0,8,3,52,1,15,2,3,2,89213,4792.3017578125,0,0,3
1767765497.7525587,9124707774134530792,0,9,14,52,16,0,2,3,2,90412,4852.21533203125,0,0,3
1767765497.7525587,9124707774134530792,0,10,1,52,6,25,2,3,2,89254,4777.759765625,0,0,3
1767765497.7525587,9124707774134530792,0,11,19,38,4,0,2,4,3,90429,3625.40576171875,0,0,3
1767765497.7525587,9124707774134530792,0,12,12,52,14,0,2,3,2,90043,4847.08447265625,0,0,3
1767765497.7525587,9124707774134530792,0,13,2,52,5,18,2,3,2,89567,4786.0625,0,0,3
1767765497.7525587,9124707774134530792,0,14,17,51,11,0,2,3,2,90849,4779.8515625,0,0,3
1767765497.7525587,9124707774134530792,0,15,11,52,18,0,2,3,2,89968,4841.6103515625,0,0,3
1767765497.7525587,9124707774134530792,0,16,5,52,2,10,2,3,2,89630,4798.53369140625,0,0,3
1767765497.7525587,9124707774134530792,0,17,7,52,7,6,2,3,2,89520,4809.52978515625,0,0,3
1767765497.7525587,9124707774134530792,0,18,16,52,13,0,2,3,2,90794,4866.3095703125,0,0,3
1767765497.7525587,9124707774134530792,0,19,20,0,17,0,0,4,1,0,4957.805258860812,0,0,1
1767765497.7525587,9124707774134530792,0,20,0,0,0,0,0,0,0,0,0.0,0,0,0
1767765497.7525587,9124707774134530792,0,21,0,0,0,0,0,0,0,0,0.0,0,0,0
1767765502.7688165,9124707774134530792,0,0,9,52,9,2,2,3,2,90228,4836.7119140625,0,0,3
1767765502.7688165,9124707774134530792,0,1,8,52,10,4,2,3,2,90281,4833.1015625,0,0,3
1767765502.7688165,9124707774134530792,0,2,13,52,12,0,2,3,2,90199,4847.78955078125,0,0,3
1767765502.7688165,9124707774134530792,0,3,6,52,8,8,2,3,2,89789,4806.34765625,0,0,3
1767765502.7688165,9124707774134530792,0,4,4,52,3,12,2,3,2,89495,4793.0673828125,0,0,3
1767765502.7688165,9124707774134530792,0,5,15,52,20,0,2,3,2,90532,4854.94970703125,0,0,3
1767765502.7688165,9124707774134530792,0,6,10,52,15,1,2,3,2,90300,4840.35888671875,0,0,3
1767765502.7688165,9124707774134530792,0,7,18,51,19,0,3,3,2,90725,4799.23828125,0,0,4
1767765502.7688165,9124707774134530792,0,8,3,52,1,15,2,3,2,89213,4792.3017578125,0,0,3
1767765502.7688165,9124707774134530792,0,9,14,52,16,0,2,3,2,90412,4852.21533203125,0,0,3
1767765502.7688165,9124707774134530792,0,10,1,52,6,25,2,3,2,89254,4777.759765625,0,0,3
1767765502.7688165,9124707774134530792,0,11,19,38,4,0,2,4,3,90429,3625.40576171875,0,0,3
1767765502.7688165,9124707774134530792,0,12,12,52,14,0,2,3,2,90043,4847.08447265625,0,0,3
1767765502.7688165,9124707774134530792,0,13,2,52,5,18,2,3,2,89567,4786.0625,0,0,3
1767765502.7688165,9124707774134530792,0,14,17,51,11,0,2,3,2,90849,4779.8515625,0,0,3
1767765502.7688165,9124707774134530792,0,15,11,52,18,0,2,3,2,89968,4841.6103515625,0,0,3
1767765502.7688165,9124707774134530792,0,16,5,52,2,10,2,3,2,89630,4798.53369140625,0,0,3
1767765502.7688165,9124707774134530792,0,17,7,52,7,6,2,3,2,89520,4809.52978515625,0,0,3
1767765502.7688165,9124707774134530792,0,18,16,52,13,0,2,3,2,90794,4866.3095703125,0,0,3
1767765502.7688165,9124707774134530792,0,19,20,0,17,0,0,4,1,0,4957.805258860812,0,0,1
1767765502.7688165,9124707774134530792,0,20,0,0,0,0,0,0,0,0,0.0,0,0,0
1767765502.7688165,9124707774134530792,0,21,0,0,0,0,0,0,0,0,0.0,0,0,0
1767765507.7858152,9124707774134530792,0,0,9,52,9,2,2,3,2,90228,4836.7119140625,0,0,3
1767765507.7858152,9124707774134530792,0,1,8,52,10,4,2,3,2,90281,4833.1015625,0,0,3
1767765507.7858152,9124707774134530792,0,2,13,52,12,0,2,3,2,90199,4847.78955078125,0,0,3
1767765507.7858152,9124707774134530792,0,3,6,52,8,8,2,3,2,89789,4806.34765625,0,0,3
1767765507.7858152,9124707774134530792,0,4,4,52,3,12,2,3,2,89495,4793.0673828125,0,0,3
1767765507.7858152,9124707774134530792,0,5,15,52,20,0,2,3,2,90532,4854.94970703125,0,0,3
1767765507.7858152,9124707774134530792,0,6,10,52,15,1,2,3,2,90300,4840.35888671875,0,0,3
1767765507.7858152,9124707774134530792,0,7,18,51,19,0,3,3,2,90725,4799.23828125,0,0,4
1767765507.7858152,9124707774134530792,0,8,3,52,1,15,2,3,2,89213,4792.3017578125,0,0,3
1767765507.7858152,9124707774134530792,0,9,14,52,16,0,2,3,2,90412,4852.21533203125,0,0,3
1767765507.7858152,9124707774134530792,0,10,1,52,6,25,2,3,2,89254,4777.759765625,0,0,3
1767765507.7858152,9124707774134530792,0,11,19,38,4,0,2,4,3,90429,3625.40576171875,0,0,3
1767765507.7858152,9124707774134530792,0,12,12,52,14,0,2,3,2,90043,4847.08447265625,0,0,3
1767765507.7858152,9124707774134530792,0,13,2,52,5,18,2,3,2,89567,4786.0625,0,0,3
1767765507.7858152,9124707774134530792,0,14,17,51,11,0,2,3,2,90849,4779.8515625,0,0,3
1767765507.7858152,9124707774134530792,0,15,11,52,18,0,2,3,2,89968,4841.6103515625,0,0,3
1767765507.7858152,9124707774134530792,0,16,5,52,2,10,2,3,2,89630,4798.53369140625,0,0,3
1767765507.7858152,9124707774134530792,0,17,7,52,7,6,2,3,2,89520,4809.52978515625,0,0,3
1767765507.7858152,9124707774134530792,0,18,16,52,13,0,2,3,2,90794,4866.3095703125,0,0,3
1767765507.7858152,9124707774134530792,0,19,20,0,17,0,0,4,1,0,4957.805258860812,0,0,1
1767765507.7858152,9124707774134530792,0,20,0,0,0,0,0,0,0,0,0.0,0,0,0
1767765507.7858152,9124707774134530792,0,21,0,0,0,0,0,0,0,0,0.0,0,0,0
1767765512.8016956,9124707774134530792,0,0,9,52,9,2,2,3,2,90228,4836.7119140625,0,0,3
1767765512.8016956,9124707774134530792,0,1,8,52,10,4,2,3,2,90281,4833.1015625,0,0,3
1767765512.8016956,9124707774134530792,0,2,13,52,12,0,2,3,2,90199,4847.78955078125,0,0,3
1767765512.8016956,9124707774134530792,0,3,6,52,8,8,2,3,2,89789,4806.34765625,0,0,3
1767765512.8016956,9124707774134530792,0,4,4,52,3,12,2,3,2,89495,4793.0673828125,0,0,3
1767765512.8016956,9124707774134530792,0,5,15,52,20,0,2,3,2,90532,4854.94970703125,0,0,3
1767765512.8016956,9124707774134530792,0,6,10,52,15,1,2,3,2,90300,4840.35888671875,0,0,3
1767765512.8016956,9124707774134530792,0,7,18,51,19,0,3,3,2,90725,4799.23828125,0,0,4
1767765512.8016956,9124707774134530792,0,8,3,52,1,15,2,3,2,89213,4792.3017578125,0,0,3
1767765512.8016956,9124707774134530792,0,9,14,52,16,0,2,3,2,90412,4852.21533203125,0,0,3
1767765512.8016956,9124707774134530792,0,10,1,52,6,25,2,3,2,89254,4777.759765625,0,0,3
1767765512.8016956,9124707774134530792,0,11,19,38,4,0,2,4,3,90429,3625.40576171875,0,0,3
1767765512.8016956,9124707774134530792,0,12,12,52,14,0,2,3,2,90043,4847.08447265625,0,0,3
1767765512.8016956,9124707774134530792,0,13,2,52,5,18,2,3,2,89567,4786.0625,0,0,3
1767765512.8016956,9124707774134530792,0,14,17,51,11,0,2,3,2,90849,4779.8515625,0,0,3
1767765512.8016956,9124707774134530792,0,15,11,52,18,0,2,3,2,89968,4841.6103515625,0,0,3
1767765512.8016956,9124707774134530792,0,16,5,52,2,10,2,3,2,89630,4798.53369140625,0,0,3
1767765512.8016956,9124707774134530792,0,17,7,52,7,6,2,3,2,89520,4809.52978515625,0,0,3
1767765512.8016956,9124707774134530792,0,18,16,52,13,0,2,3,2,90794,4866.3095703125,0,0,3
1767765512.8016956,9124707774134530792,0,19,20,0,17,0,0,4,1,0,4957.805258860812,0,0,1
1767765512.8016956,9124707774134530792,0,20,0,0,0,0,0,0,0,0,0.0,0,0,0
1767765512.8016956,9124707774134530792,0,21,0,0,0,0,0,0,0,0,0.0,0,0,0
1767765517.8178618,9124707774134530792,0,0,9,52,9,2,2,3,2,90228,4836.7119140625,0,0,3
1767765517.8178618,9124707774134530792,0,1,8,52,10,4,2,3,2,90281,4833.1015625,0,0,3
1767765517.8178618,9124707774134530792,0,2,13,52,12,0,2,3,2,90199,4847.78955078125,0,0,3
1767765517.8178618,9124707774134530792,0,3,6,52,8,8,2,3,2,89789,4806.34765625,0,0,3
1767765517.8178618,9124707774134530792,0,4,4,52,3,12,2,3,2,89495,4793.0673828125,0,0,3
1767765517.8178618,9124707774134530792,0,5,15,52,20,0,2,3,2,90532,4854.94970703125,0,0,3
1767765517.8178618,9124707774134530792,0,6,10,52,15,1,2,3,2,90300,4840.35888671875,0,0,3
1767765517.8178618,9124707774134530792,0,7,18,51,19,0,3,3,2,90725,4799.23828125,0,0,4
1767765517.8178618,9124707774134530792,0,8,3,52,1,15,2,3,2,89213,4792.3017578125,0,0,3
1767765517.8178618,9124707774134530792,0,9,14,52,16,0,2,3,2,90412,4852.21533203125,0,0,3
1767765517.8178618,9124707774134530792,0,10,1,52,6,25,2,3,2,89254,4777.759765625,0,0,3
1767765517.8178618,9124707774134530792,0,11,19,38,4,0,2,4,3,90429,3625.40576171875,0,0,3
1767765517.8178618,9124707774134530792,0,12,12,52,14,0,2,3,2,90043,4847.08447265625,0,0,3
1767765517.8178618,9124707774134530792,0,13,2,52,5,18,2,3,2,89567,4786.0625,0,0,3
1767765517.8178618,9124707774134530792,0,14,17,51,11,0,2,3,2,90849,4779.8515625,0,0,3
1767765517.8178618,9124707774134530792,0,15,11,52,18,0,2,3,2,89968,4841.6103515625,0,0,3
1767765517.8178618,9124707774134530792,0,16,5,52,2,10,2,3,2,89630,4798.53369140625,0,0,3
1767765517.8178618,9124707774134530792,0,17,7,52,7,6,2,3,2,89520,4809.52978515625,0,0,3
1767765517.8178618,9124707774134530792,0,18,16,52,13,0,2,3,2,90794,4866.3095703125,0,0,3
1767765517.8178618,9124707774134530792,0,19,20,0,17,0,0,4,1,0,4957.805258860812,0,0,1
1767765517.8178618,9124707774134530792,0,20,0,0,0,0,0,0,0,0,0.0,0,0,0
1767765517.8178618,9124707774134530792,0,21,0,0,0,0,0,0,0,0,0.0,0,0,0
1767765522.8294713,9124707774134530792,0,0,9,52,9,2,2,3,2,90228,4836.7119140625,0,0,3
1767765522.8294713,9124707774134530792,0,1,8,52,10,4,2,3,2,90281,4833.1015625,0,0,3
1767765522.8294713,9124707774134530792,0,2,13,52,12,0,2,3,2,90199,4847.78955078125,0,0,3
1767765522.8294713,9124707774134530792,0,3,6,52,8,8,2,3,2,89789,4806.34765625,0,0,3
1767765522.8294713,9124707774134530792,0,4,4,52,3,12,2,3,2,89495,4793.0673828125,0,0,3
1767765522.8294713,9124707774134530792,0,5,15,52,20,0,2,3,2,90532,4854.94970703125,0,0,3
1767765522.8294713,9124707774134530792,0,6,10,52,15,1,2,3,2,90300,4840.35888671875,0,0,3
1767765522.8294713,9124707774134530792,0,7,18,51,19,0,3,3,2,90725,4799.23828125,0,0,4
1767765522.8294713,9124707774134530792,0,8,3,52,1,15,2,3,2,89213,4792.3017578125,0,0,3
1767765522.8294713,9124707774134530792,0,9,14,52,16,0,2,3,2,90412,4852.21533203125,0,0,3
1767765522.8294713,9124707774134530792,0,10,1,52,6,25,2,3,2,89254,4777.759765625,0,0,3
1767765522.8294713,9124707774134530792,0,11,19,38,4,0,2,4,3,90429,3625.40576171875,0,0,3
1767765522.8294713,9124707774134530792,0,12,12,52,14,0,2,3,2,90043,4847.08447265625,0,0,3
1767765522.8294713,9124707774134530792,0,13,2,52,5,18,2,3,2,89567,4786.0625,0,0,3
1767765522.8294713,9124707774134530792,0,14,17,51,11,0,2,3,2,90849,4779.8515625,0,0,3
1767765522.8294713,9124707774134530792,0,15,11,52,18,0,2,3,2,89968,4841.6103515625,0,0,3
1767765522.8294713,9124707774134530792,0,16,5,52,2,10,2,3,2,89630,4798.53369140625,0,0,3
1767765522.8294713,9124707774134530792,0,17,7,52,7,6,2,3,2,89520,4809.52978515625,0,0,3
1767765522.8294713,9124707774134530792,0,18,16,52,13,0,2,3,2,90794,4866.3095703125,0,0,3
1767765522.8294713,9124707774134530792,0,19,20,0,17,0,0,4,1,0,4957.805258860812,0,0,1
1767765522.8294713,9124707774134530792,0,20,0,0,0,0,0,0,0,0,0.0,0,0,0
1767765522.8294713,9124707774134530792,0,21,0,0,0,0,0,0,0,0,0.0,0,0,0
