timestamp,session_uid,frame,weather,track_temperature,air_temperature,total_laps,track_length,session_type,track_id,formula,session_time_left,session_duration,pit_speed_limit,safety_car_status,network_game
1767759355.0195394,9124707774134530792,0,0,36,24,52,5890,15,7,0,7200,7200,60,0,1
1767759356.0338545,9124707774134530792,20,0,36,24,52,5890,15,7,0,7200,7200,60,255,1
1767759357.5326488,9124707774134530792,50,0,34,23,52,5890,15,7,0,7200,7200,60,255,1
1767759359.0227156,9124707774134530792,80,0,34,23,52,5890,15,7,0,7200,7200,60,255,1
1767759360.5300143,9124707774134530792,110,0,34,23,52,5890,15,7,0,7199,7200,60,255,1
1767759362.028569,9124707774134530792,140,0,34,23,52,5890,15,7,0,7198,7200,60,255,1
1767759363.530589,9124707774134530792,170,0,34,23,52,5890,15,7,0,7196,7200,60,255,1
1767759364.5312824,9124707774134530792,190,0,34,23,52,5890,15,7,0,7195,7200,60,255,1
1767759366.0194333,9124707774134530792,220,0,34,23,52,5890,15,7,0,7194,7200,60,255,1
1767759367.0232344,9124707774134530792,240,0,34,23,52,5890,15,7,0,7193,7200,60,255,1
1767759368.0252638,9124707774134530792,260,0,34,23,52,5890,15,7,0,7192,7200,60,255,1
1767759369.0259416,9124707774134530792,280,0,34,23,52,5890,15,7,0,7191,7200,60,255,1
1767759370.030306,9124707774134530792,300,0,34,23,52,5890,15,7,0,7190,7200,60,255,1
1767759371.527921,9124707774134530792,330,0,34,23,52,5890,15,7,0,7188,7200,60,255,1
1767759373.0309985,9124707774134530792,360,0,34,23,52,5890,15,7,0,7187,7200,60,255,1
1767759374.5283985,9124707774134530792,390,0,34,23,52,5890,15,7,0,7185,7200,60,255,1
1767759376.03278,9124707774134530792,421,0,34,23,52,5890,15,7,0,7184,7200,60,255,1
1767759377.5239038,9124707774134530792,451,0,34,23,52,5890,15,7,0,7182,7200,60,255,1
1767759378.5279377,9124707774134530792,471,0,34,23,52,5890,15,7,0,7181,7200,60,255,1
1767759379.5331223,9124707774134530792,491,0,34,23,52,5890,15,7,0,7180,7200,60,255,1
1767759381.018742,9124707774134530792,521,0,34,23,52,5890,15,7,0,7179,7200,60,255,1
1767759382.0327473,9124707774134530792,542,0,34,23,52,5890,15,7,0,7178,7200,60,255,1
1767759383.5239465,9124707774134530792,572,0,34,23,52,5890,15,7,0,7176,7200,60,255,1
1767759384.5279636,9124707774134530792,592,0,34,23,52,5890,15,7,0,7175,7200,60,255,1
1767759386.0297291,9124707774134530792,622,0,34,23,52,5890,15,7,0,7174,7200,60,255,1
1767759387.5264635,9124707774134530792,652,0,34,23,52,5890,15,7,0,7172,7200,60,255,1
1767759389.034127,9124707774134530792,682,0,34,23,52,5890,15,7,0,7171,7200,60,255,1
1767759390.5304549,9124707774134530792,712,0,34,23,52,5890,15,7,0,7169,7200,60,255,1
1767759391.5366921,9124707774134530792,732,0,34,23,52,5890,15,7,0,7168,7200,60,255,1
1767759392.5371368,9124707774134530792,752,0,34,23,52,5890,15,7,0,7167,7200,60,255,1
1767759394.03155,9124707774134530792,782,0,34,23,52,5890,15,7,0,7166,7200,60,255,1
1767759395.5312674,9124707774134530792,812,0,34,23,52,5890,15,7,0,7164,7200,60,255,1
1767759397.0228856,9124707774134530792,842,0,34,23,52,5890,15,7,0,7163,7200,60,255,1
1767759398.0316498,9124707774134530792,863,0,34,23,52,5890,15,7,0,7162,7200,60,255,1
1767759399.534742,9124707774134530792,893,0,34,23,52,5890,15,7,0,7160,7200,60,255,1
1767759401.0189085,9124707774134530792,923,0,34,23,52,5890,15,7,0,7159,7200,60,255,1
1767759402.0286229,9124707774134530792,944,0,34,23,52,5890,15,7,0,7158,7200,60,255,1
1767759403.530645,9124707774134530792,975,0,34,23,52,5890,15,7,0,7156,7200,60,255,1
1767759405.0264902,9124707774134530792,1005,0,34,23,52,5890,15,7,0,7155,7200,60,255,1
1767759406.5231886,9124707774134530792,1035,0,34,23,52,5890,15,7,0,7153,7200,60,255,1
1767759407.5295756,9124707774134530792,1055,0,34,23,52,5890,15,7,0,7152,7200,60,255,1
1767759409.021119,9124707774134530792,1086,0,34,23,52,5890,15,7,0,7151,7200,60,255,1
1767759410.0279908,9124707774134530792,1106,0,34,23,52,5890,15,7,0,7150,7200,60,255,1
1767759411.0326807,9124707774134530792,1126,0,34,23,52,5890,15,7,0,7149,7200,60,255,1
1767759412.5225365,9124707774134530792,1156,0,34,23,52,5890,15,7,0,7147,7200,60,255,1
1767759419.1836784,9124707774134530792,1172,0,34,23,52,5890,15,7,0,7147,7200,60,255,1
1767759420.1960022,9124707774134530792,1192,0,34,23,52,5890,15,7,0,7146,7200,60,255,1
1767759421.1978793,9124707774134530792,1212,0,34,23,52,5890,15,7,0,7145,7200,60,255,1
1767759422.6906252,9124707774134530792,1242,0,34,23,52,5890,15,7,0,7143,7200,60,255,1
1767759424.1984127,9124707774134530792,1272,0,34,23,52,5890,15,7,0,7142,7200,60,255,1
1767759425.690379,9124707774134530792,1302,0,34,23,52,5890,15,7,0,7140,7200,60,255,1
1767759426.6987355,9124707774134530792,1322,0,34,23,52,5890,15,7,0,7139,7200,60,255,1
1767759428.1879158,9124707774134530792,1352,0,34,23,52,5890,15,7,0,7138,7200,60,255,1
1767759429.190817,9124707774134530792,1372,0,34,23,52,5890,15,7,0,7137,7200,60,255,1
1767759430.195552,9124707774134530792,1392,0,34,23,52,5890,15,7,0,7136,7200,60,255,1
1767759431.1976323,9124707774134530792,1412,0,34,23,52,5890,15,7,0,7135,7200,60,255,1
1767759432.68675,9124707774134530792,1442,0,34,23,52,5890,15,7,0,7133,7200,60,255,1
1767759433.6920612,9124707774134530792,1462,0,34,23,52,5890,15,7,0,7132,7200,60,255,1
1767759434.7005587,9124707774134530792,1482,0,34,23,52,5890,15,7,0,7131,7200,60,255,1
1767759436.1906364,9124707774134530792,1512,0,34,23,52,5890,15,7,0,7130,7200,60,255,1
1767759437.1942384,9124707774134530792,1532,0,34,23,52,5890,15,7,0,7129,7200,60,255,1
1767759438.6996834,9124707774134530792,1562,0,34,23,52,5890,15,7,0,7127,7200,60,255,1
1767759440.1931198,9124707774134530792,1592,0,34,23,52,5890,15,7,0,7126,7200,60,255,1
1767759441.6969478,9124707774134530792,1622,0,34,23,52,5890,15,7,0,7124,7200,60,255,1
1767759443.1861947,9124707774134530792,1652,0,34,23,52,5890,15,7,0,7123,7200,60,255,1
1767759444.1877544,9124707774134530792,1672,0,34,23,52,5890,15,7,0,7122,7200,60,255,1
1767759445.6916764,9124707774134530792,1702,0,34,23,52,5890,15,7,0,7120,7200,60,255,1
1767759447.1930203,9124707774134530792,1732,0,34,23,52,5890,15,7,0,7119,7200,60,255,1
1767759448.6933713,9124707774134530792,1762,0,34,23,52,5890,15,7,0,7117,7200,60,255,1
1767759450.19767,9124707774134530792,1792,0,34,23,52,5890,15,7,0,7116,7200,60,255,1
1767759451.6838882,9124707774134530792,1822,0,34,23,52,5890,15,7,0,7114,7200,60,255,1
1767759452.6975982,9124707774134530792,1843,0,34,23,52,5890,15,7,0,7113,7200,60,255,1
1767759454.1854775,9124707774134530792,1873,0,34,23,52,5890,15,7,0,7112,7200,60,255,1
1767759455.1988282,9124707774134530792,1893,0,34,23,52,5890,15,7,0,7111,7200,60,255,1
1767759456.6935742,9124707774134530792,1923,0,34,23,52,5890,15,7,0,7109,7200,60,255,1
1767759458.189056,9124707774134530792,1953,0,34,23,52,5890,15,7,0,7108,7200,60,255,1
1767759459.1958394,9124707774134530792,1973,0,34,23,52,5890,15,7,0,7107,7200,60,255,1
1767759460.6931694,9124707774134530792,2003,0,34,23,52,5890,15,7,0,7105,7200,60,255,1
1767759462.191826,9124707774134530792,2034,0,34,23,52,5890,15,7,0,7104,7200,60,255,1
1767759463.1988282,9124707774134530792,2054,0,34,23,52,5890,15,7,0,7103,7200,60,255,1
1767759464.6870418,9124707774134530792,2084,0,34,23,52,5890,15,7,0,7101,7200,60,255,1
1767759465.6918454,9124707774134530792,2104,0,34,23,52,5890,15,7,0,7100,7200,60,255,1
1767759466.699168,9124707774134530792,2124,0,34,23,52,5890,15,7,0,7099,7200,60,255,1
1767759468.1987565,9124707774134530792,2154,0,34,23,52,5890,15,7,0,7098,7200,60,255,1
1767759469.698981,9124707774134530792,2184,0,34,23,52,5890,15,7,0,7096,7200,60,255,1
1767759471.1903226,9124707774134530792,2215,0,34,23,52,5890,15,7,0,7095,7200,60,255,1
1767759472.1960607,9124707774134530792,2235,0,34,23,52,5890,15,7,0,7094,7200,60,255,1
1767759473.6903007,9124707774134530792,2265,0,34,23,52,5890,15,7,0,7092,7200,60,255,1
1767759475.1879375,9124707774134530792,2295,0,34,23,52,5890,15,7,0,7091,7200,60,255,1
1767759476.6958175,9124707774134530792,2326,0,34,23,52,5890,15,7,0,7089,7200,60,255,1
1767759478.199643,9124707774134530792,2356,0,34,23,52,5890,15,7,0,7088,7200,60,255,1
1767759479.6925695,9124707774134530792,2386,0,34,23,52,5890,15,7,0,7086,7200,60,255,1
1767759480.69664,9124707774134530792,2406,0,34,23,52,5890,15,7,0,7085,7200,60,255,1
1767759482.1939583,9124707774134530792,2437,0,34,23,52,5890,15,7,0,7084,7200,60,255,1
1767759483.1962018,9124707774134530792,2457,0,34,23,52,5890,15,7,0,7083,7200,60,255,1
1767759484.6875656,9124707774134530792,2488,0,34,23,52,5890,15,7,0,7081,7200,60,255,1
1767759486.1987154,9124707774134530792,2518,0,34,23,52,5890,15,7,0,7080,7200,60,255,1
1767759487.6939087,9124707774134530792,2548,0,34,23,52,5890,15,7,0,7078,7200,60,255,1
1767759489.1964967,9124707774134530792,2578,0,34,23,52,5890,15,7,0,7077,7200,60,255,1
1767759490.692811,9124707774134530792,2608,0,34,23,52,5890,15,7,0,7075,7200,60,255,1
1767759492.1957924,9124707774134530792,2638,0,34,23,52,5890,15,7,0,7074,7200,60,255,1
1767759493.1962306,9124707774134530792,2658,0,34,23,52,5890,15,7,0,7073,7200,60,255,1
1767759494.6940029,9124707774134530792,2688,0,34,23,52,5890,15,7,0,7071,7200,60,255,1
1767759495.6955836,9124707774134530792,2708,0,34,23,52,5890,15,7,0,7070,7200,60,255,1
1767759496.6979568,9124707774134530792,2728,0,34,23,52,5890,15,7,0,7069,7200,60,255,1
1767759498.1886942,9124707774134530792,2758,0,34,23,52,5890,15,7,0,7068,7200,60,255,1
1767759499.1982837,9124707774134530792,2778,0,34,23,52,5890,15,7,0,7067,7200,60,255,1
1767759500.6887965,9124707774134530792,2808,0,34,23,52,5890,15,7,0,7065,7200,60,255,1
1767759501.6902583,9124707774134530792,2828,0,34,23,52,5890,15,7,0,7064,7200,60,255,1
1767759502.692803,9124707774134530792,2848,0,34,23,52,5890,15,7,0,7063,7200,60,255,1
1767759504.1903794,9124707774134530792,2879,0,34,23,52,5890,15,7,0,7062,7200,60,255,1
1767759505.6978943,9124707774134530792,2909,0,34,23,52,5890,15,7,0,7060,7200,60,255,1
1767759507.1976335,9124707774134530792,2940,0,34,23,52,5890,15,7,0,7059,7200,60,255,1
1767759508.1988199,9124707774134530792,2960,0,34,23,52,5890,15,7,0,7058,7200,60,255,1
1767759509.6962957,9124707774134530792,2990,0,34,23,52,5890,15,7,0,7056,7200,60,255,1
1767759511.1976333,9124707774134530792,3020,0,34,23,52,5890,15,7,0,7055,7200,60,255,1
1767759512.1988895,9124707774134530792,3040,0,34,23,52,5890,15,7,0,7054,7200,60,255,1
1767759513.6919482,9124707774134530792,3070,0,34,23,52,5890,15,7,0,7052,7200,60,255,1
1767759514.6981995,9124707774134530792,3090,0,34,23,52,5890,15,7,0,7051,7200,60,255,1
1767759516.1886003,9124707774134530792,3120,0,34,23,52,5890,15,7,0,7050,7200,60,255,1
1767759517.1890147,9124707774134530792,3140,0,34,23,52,5890,15,7,0,7049,7200,60,255,1
1767759518.1902742,9124707774134530792,3160,0,34,23,52,5890,15,7,0,7048,7200,60,255,1
1767759519.6890047,9124707774134530792,3191,0,34,23,52,5890,15,7,0,7046,7200,60,255,1
1767759520.689279,9124707774134530792,3211,0,34,23,52,5890,15,7,0,7045,7200,60,255,1
1767759521.6904943,9124707774134530792,3231,0,34,23,52,5890,15,7,0,7044,7200,60,255,1
1767759522.6915135,9124707774134530792,3251,0,34,23,52,5890,15,7,0,7043,7200,60,255,1
1767759523.6948,9124707774134530792,3271,0,34,23,52,5890,15,7,0,7042,7200,60,255,1
1767759524.6994288,9124707774134530792,3292,0,34,23,52,5890,15,7,0,7041,7200,60,255,1
1767759526.1960146,9124707774134530792,3322,0,34,23,52,5890,15,7,0,7040,7200,60,255,1
1767759527.1990604,9124707774134530792,3342,0,34,23,52,5890,15,7,0,7039,7200,60,255,1
1767759528.7004519,9124707774134530792,3372,0,34,23,52,5890,15,7,0,7037,7200,60,255,1
1767759530.1957679,9124707774134530792,3402,0,34,23,52,5890,15,7,0,7036,7200,60,255,1
1767759531.19863,9124707774134530792,3422,0,34,23,52,5890,15,7,0,7035,7200,60,255,1
1767759532.6950893,9124707774134530792,3452,0,34,23,52,5890,15,7,0,7033,7200,60,255,1
1767759533.6966476,9124707774134530792,3472,0,34,23,52,5890,15,7,0,7032,7200,60,255,1
1767759534.6980805,9124707774134530792,3492,0,34,23,52,5890,15,7,0,7031,7200,60,255,1
1767759535.6981065,9124707774134530792,3512,0,34,23,52,5890,15,7,0,7030,7200,60,255,1
1767759537.1878388,9124707774134530792,3542,0,34,23,52,5890,15,7,0,7029,7200,60,255,1
1767759538.6932266,9124707774134530792,3572,0,34,23,52,5890,15,7,0,7027,7200,60,255,1
1767759539.6964362,9124707774134530792,3593,0,34,23,52,5890,15,7,0,7026,7200,60,255,1
1767759541.185709,9124707774134530792,3623,0,34,23,52,5890,15,7,0,7025,7200,60,255,1
1767759542.1991167,9124707774134530792,3643,0,34,23,52,5890,15,7,0,7024,7200,60,255,1
1767759543.6905036,9124707774134530792,3674,0,34,23,52,5890,15,7,0,7022,7200,60,255,1
1767759544.6992335,9124707774134530792,3694,0,34,23,52,5890,15,7,0,7021,7200,60,255,1
1767759546.188923,9124707774134530792,3726,0,34,23,52,5890,15,7,0,7020,7200,60,255,1
1767759547.1894877,9124707774134530792,3746,0,34,23,52,5890,15,7,0,7019,7200,60,255,1
1767759548.6920834,9124707774134530792,3776,0,34,23,52,5890,15,7,0,7017,7200,60,255,1
1767759550.1926925,9124707774134530792,3806,0,34,23,52,5890,15,7,0,7016,7200,60,255,1
1767759551.193881,9124707774134530792,3826,0,34,23,52,5890,15,7,0,7015,7200,60,255,1
1767759552.6988685,9124707774134530792,3856,0,34,23,52,5890,15,7,0,7013,7200,60,255,1
1767759553.7003744,9124707774134530792,3876,0,34,23,52,5890,15,7,0,7012,7200,60,255,1
1767759555.192758,9124707774134530792,3908,0,34,23,52,5890,15,7,0,7011,7200,60,255,1
1767759556.6987867,9124707774134530792,3938,0,34,23,52,5890,15,7,0,7009,7200,60,255,1
1767759558.196418,9124707774134530792,3969,0,34,23,52,5890,15,7,0,7008,7200,60,255,1
1767759559.6979246,9124707774134530792,3999,0,34,23,52,5890,15,7,0,7006,7200,60,255,1
1767759561.1891396,9124707774134530792,4029,0,34,23,52,5890,15,7,0,7005,7200,60,255,1
1767759562.1904004,9124707774134530792,4049,0,34,23,52,5890,15,7,0,7004,7200,60,255,1
1767759563.191963,9124707774134530792,4069,0,34,23,52,5890,15,7,0,7003,7200,60,255,1
1767759564.1979563,9124707774134530792,4090,0,34,23,52,5890,15,7,0,7002,7200,60,255,1
1767759565.6906939,9124707774134530792,4120,0,34,23,52,5890,15,7,0,7000,7200,60,255,1
1767759566.6934166,9124707774134530792,4140,0,34,23,52,5890,15,7,0,6999,7200,60,255,1
1767759567.6975434,9124707774134530792,4160,0,34,23,52,5890,15,7,0,6998,7200,60,255,1
1767759569.1867595,9124707774134530792,4190,0,34,23,52,5890,15,7,0,6997,7200,60,255,1
1767759570.1918833,9124707774134530792,4211,0,34,23,52,5890,15,7,0,6996,7200,60,255,1
1767759571.1975799,9124707774134530792,4231,0,34,23,52,5890,15,7,0,6995,7200,60,255,1
1767759572.6904378,9124707774134530792,4262,0,34,23,52,5890,15,7,0,6993,7200,60,255,1
1767759573.6907027,9124707774134530792,4282,0,34,23,52,5890,15,7,0,6992,7200,60,255,1
1767759574.6963928,9124707774134530792,4302,0,34,23,52,5890,15,7,0,6991,7200,60,255,1
1767759576.188946,9124707774134530792,4332,0,34,23,52,5890,15,7,0,6990,7200,60,255,1
1767759577.693787,9124707774134530792,4362,0,34,23,52,5890,15,7,0,6988,7200,60,255,1
1767759579.1878965,9124707774134530792,4392,0,34,23,52,5890,15,7,0,6987,7200,60,255,1
1767759580.1889193,9124707774134530792,4412,0,34,23,52,5890,15,7,0,6986,7200,60,255,1
1767759581.6925044,9124707774134530792,4442,0,34,23,52,5890,15,7,0,6984,7200,60,255,1
1767759583.1978788,9124707774134530792,4472,0,34,23,52,5890,15,7,0,6983,7200,60,255,1
1767759584.691982,9124707774134530792,4502,0,34,23,52,5890,15,7,0,6981,7200,60,255,1
1767759586.199,9124707774134530792,4532,0,34,23,52,5890,15,7,0,6980,7200,60,255,1
1767759587.6931987,9124707774134530792,4562,0,34,23,52,5890,15,7,0,6978,7200,60,255,1
1767759589.1867638,9124707774134530792,4592,0,34,23,52,5890,15,7,0,6977,7200,60,255,1
1767759590.6918223,9124707774134530792,4622,0,34,23,52,5890,15,7,0,6975,7200,60,255,1
1767759591.6936135,9124707774134530792,4642,0,34,23,52,5890,15,7,0,6974,7200,60,255,1
1767759593.1982799,9124707774134530792,4672,0,34,23,52,5890,15,7,0,6973,7200,60,255,1
1767759594.6906722,9124707774134530792,4702,0,34,23,52,5890,15,7,0,6971,7200,60,255,1
1767759596.1949215,9124707774134530792,4732,0,34,23,52,5890,15,7,0,6970,7200,60,255,1
1767759597.6964543,9124707774134530792,4763,0,34,23,52,5890,15,7,0,6968,7200,60,255,1
1767759599.188149,9124707774134530792,4794,0,34,23,52,5890,15,7,0,6967,7200,60,255,1
1767759600.6970513,9124707774134530792,4824,0,34,23,52,5890,15,7,0,6965,7200,60,255,1
1767759602.1990244,9124707774134530792,4854,0,34,23,52,5890,15,7,0,6964,7200,60,255,1
1767759603.6850832,9124707774134530792,4884,0,34,23,52,5890,15,7,0,6962,7200,60,255,1
1767759604.6964025,9124707774134530792,4904,0,34,23,52,5890,15,7,0,6961,7200,60,255,1
1767759605.698183,9124707774134530792,4924,0,34,23,52,5890,15,7,0,6960,7200,60,255,1
1767759607.1914418,9124707774134530792,4954,0,34,23,52,5890,15,7,0,6959,7200,60,255,1
1767759608.194244,9124707774134530792,4974,0,34,23,52,5890,15,7,0,6958,7200,60,255,1
1767759609.6930606,9124707774134530792,5005,0,34,23,52,5890,15,7,0,6956,7200,60,255,1
1767759610.696837,9124707774134530792,5025,0,34,23,52,5890,15,7,0,6955,7200,60,255,1
1767759612.1839123,9124707774134530792,5055,0,34,23,52,5890,15,7,0,6954,7200,60,255,1
1767759613.1912773,9124707774134530792,5076,0,34,23,52,5890,15,7,0,6953,7200,60,255,1
1767759614.6950736,9124707774134530792,5106,0,34,23,52,5890,15,7,0,6951,7200,60,255,1
1767759615.6981876,9124707774134530792,5126,0,34,23,52,5890,15,7,0,6950,7200,60,255,1
1767759616.7003267,9124707774134530792,5146,0,34,23,52,5890,15,7,0,6949,7200,60,255,1
1767759618.1954432,9124707774134530792,5176,0,34,23,52,5890,15,7,0,6948,7200,60,255,1
1767759619.6951756,9124707774134530792,5206,0,34,23,52,5890,15,7,0,6946,7200,60,255,1
1767759620.6975904,9124707774134530792,5227,0,34,23,52,5890,15,7,0,6945,7200,60,255,1
1767759621.6989646,9124707774134530792,5247,0,34,23,52,5890,15,7,0,6944,7200,60,255,1
1767759623.1939094,9124707774134530792,5277,0,34,23,52,5890,15,7,0,6943,7200,60,255,1
1767759624.6941106,9124707774134530792,5307,0,34,23,52,5890,15,7,0,6941,7200,60,255,1
1767759625.6978056,9124707774134530792,5327,0,34,23,52,5890,15,7,0,6940,7200,60,255,1
1767759626.7015386,9124707774134530792,5347,0,34,23,52,5890,15,7,0,6939,7200,60,255,1
1767759628.1904078,9124707774134530792,5378,0,34,23,52,5890,15,7,0,6938,7200,60,255,1
1767759629.1989539,9124707774134530792,5398,0,34,23,52,5890,15,7,0,6937,7200,60,255,1
1767759630.6960127,9124707774134530792,5428,0,34,23,52,5890,15,7,0,6935,7200,60,255,1
1767759631.700518,9124707774134530792,5448,0,34,23,52,5890,15,7,0,6934,7200,60,255,1
1767759633.191765,9124707774134530792,5479,0,34,23,52,5890,15,7,0,6933,7200,60,255,1
1767759634.6966298,9124707774134530792,5509,0,34,23,52,5890,15,7,0,6931,7200,60,255,1
1767759635.7005568,9124707774134530792,5529,0,34,23,52,5890,15,7,0,6930,7200,60,255,1
1767759637.1962051,9124707774134530792,5560,0,34,23,52,5890,15,7,0,6929,7200,60,255,1
1767759638.6945772,9124707774134530792,5590,0,34,23,52,5890,15,7,0,6927,7200,60,255,1
1767759639.7002323,9124707774134530792,5610,0,34,23,52,5890,15,7,0,6926,7200,60,255,1
1767759641.1966429,9124707774134530792,5641,0,34,23,52,5890,15,7,0,6925,7200,60,255,1
1767759642.1979053,9124707774134530792,5661,0,34,23,52,5890,15,7,0,6924,7200,60,255,1
1767759643.2005408,9124707774134530792,5682,0,34,23,52,5890,15,7,0,6923,7200,60,255,1
1767759644.6952405,9124707774134530792,5713,0,34,23,52,5890,15,7,0,6921,7200,60,255,1
1767759645.695364,9124707774134530792,5734,0,34,23,52,5890,15,7,0,6920,7200,60,255,1
1767759647.1908607,9124707774134530792,5764,0,34,23,52,5890,15,7,0,6919,7200,60,255,1
1767759648.6891327,9124707774134530792,5795,0,34,23,52,5890,15,7,0,6917,7200,60,255,1
1767759650.1937065,9124707774134530792,5826,0,34,23,52,5890,15,7,0,6916,7200,60,255,1
1767759651.1940405,9124707774134530792,5846,0,34,23,52,5890,15,7,0,6915,7200,60,255,1
1767759652.6952357,9124707774134530792,5877,0,34,23,52,5890,15,7,0,6913,7200,60,255,1
1767759654.1876671,9124707774134530792,5907,0,34,23,52,5890,15,7,0,6912,7200,60,255,1
1767759655.1965294,9124707774134530792,5927,0,34,23,52,5890,15,7,0,6911,7200,60,255,1
1767759656.2004569,9124707774134530792,5947,0,34,23,52,5890,15,7,0,6910,7200,60,255,1
1767759657.6960363,9124707774134530792,5977,0,34,23,52,5890,15,7,0,6908,7200,60,255,1
1767759659.18791,9124707774134530792,6007,0,34,23,52,5890,15,7,0,6907,7200,60,255,1
1767759660.1976354,9124707774134530792,6027,0,34,23,52,5890,15,7,0,6906,7200,60,255,1
1767759661.6990178,9124707774134530792,6057,0,34,23,52,5890,15,7,0,6904,7200,60,255,1
1767759663.191606,9124707774134530792,6087,0,34,23,52,5890,15,7,0,6903,7200,60,255,1
1767759664.1976979,9124707774134530792,6107,0,34,23,52,5890,15,7,0,6902,7200,60,255,1
1767759665.6881554,9124707774134530792,6137,0,34,23,52,5890,15,7,0,6900,7200,60,255,1
1767759666.6905742,9124707774134530792,6158,0,34,23,52,5890,15,7,0,6899,7200,60,255,1
1767759667.7015138,9124707774134530792,6178,0,34,23,52,5890,15,7,0,6898,7200,60,255,1
1767759669.1842422,9124707774134530792,6209,0,34,23,52,5890,15,7,0,6897,7200,60,255,1
1767759670.1951313,9124707774134530792,6230,0,34,23,52,5890,15,7,0,6896,7200,60,255,1
1767759671.695004,9124707774134530792,6261,0,34,23,52,5890,15,7,0,6894,7200,60,255,1
1767759673.195453,9124707774134530792,6292,0,34,23,52,5890,15,7,0,6893,7200,60,255,1
1767759674.6989317,9124707774134530792,6323,0,34,23,52,5890,15,7,0,6891,7200,60,255,1
1767759676.1877413,9124707774134530792,6353,0,34,23,52,5890,15,7,0,6890,7200,60,255,1
1767759677.1951501,9124707774134530792,6373,0,34,23,52,5890,15,7,0,6889,7200,60,255,1
1767759678.6960583,9124707774134530792,6404,0,34,23,52,5890,15,7,0,6887,7200,60,255,1
1767759679.6989553,9124707774134530792,6424,0,34,23,52,5890,15,7,0,6886,7200,60,255,1
1767759681.1926017,9124707774134530792,6454,0,34,23,52,5890,15,7,0,6885,7200,60,255,1
1767759682.1979752,9124707774134530792,6474,0,34,23,52,5890,15,7,0,6884,7200,60,255,1
1767759683.6905813,9124707774134530792,6504,0,34,23,52,5890,15,7,0,6882,7200,60,255,1
1767759685.1890838,9124707774134530792,6535,0,34,23,52,5890,15,7,0,6881,7200,60,255,1
1767759686.199103,9124707774134530792,6556,0,34,23,52,5890,15,7,0,6880,7200,60,255,1
1767759687.6904387,9124707774134530792,6586,0,34,23,52,5890,15,7,0,6878,7200,60,255,1
1767759688.6961234,9124707774134530792,6606,0,34,23,52,5890,15,7,0,6877,7200,60,255,1
1767759690.1944473,9124707774134530792,6637,0,34,23,52,5890,15,7,0,6876,7200,60,255,1
1767759691.6877232,9124707774134530792,6668,0,34,23,52,5890,15,7,0,6874,7200,60,255,1
1767759692.6979573,9124707774134530792,6688,0,34,23,52,5890,15,7,0,6873,7200,60,255,1
1767759694.1905937,9124707774134530792,6718,0,34,23,52,5890,15,7,0,6872,7200,60,255,1
1767759695.6906514,9124707774134530792,6748,0,34,23,52,5890,15,7,0,6870,7200,60,255,1
1767759696.6967661,9124707774134530792,6768,0,34,23,52,5890,15,7,0,6869,7200,60,255,1
1767759698.1905205,9124707774134530792,6798,0,34,23,52,5890,15,7,0,6868,7200,60,255,1
1767759699.6957605,9124707774134530792,6828,0,34,23,52,5890,15,7,0,6866,7200,60,255,1
1767759701.1978614,9124707774134530792,6858,0,34,23,52,5890,15,7,0,6865,7200,60,255,1
1767759702.689129,9124707774134530792,6888,0,34,23,52,5890,15,7,0,6863,7200,60,255,1
1767759704.1940892,9124707774134530792,6918,0,34,23,52,5890,15,7,0,6862,7200,60,255,1
1767759705.6958342,9124707774134530792,6948,0,34,23,52,5890,15,7,0,6860,7200,60,255,1
1767759706.6976204,9124707774134530792,6968,0,34,23,52,5890,15,7,0,6859,7200,60,255,1
1767759707.6990871,9124707774134530792,6988,0,34,23,52,5890,15,7,0,6858,7200,60,255,1
1767759708.7004025,9124707774134530792,7008,0,34,23,52,5890,15,7,0,6857,7200,60,255,1
1767759710.1908414,9124707774134530792,7038,0,34,23,52,5890,15,7,0,6856,7200,60,255,1
1767759711.1978645,9124707774134530792,7060,0,34,23,52,5890,15,7,0,6855,7200,60,255,1
1767759712.7003708,9124707774134530792,7090,0,34,23,52,5890,15,7,0,6853,7200,60,255,1
1767759714.1919167,9124707774134530792,7120,0,34,23,52,5890,15,7,0,6852,7200,60,255,1
1767759715.6854632,9124707774134530792,7150,0,34,23,52,5890,15,7,0,6850,7200,60,255,1
1767759716.692379,9124707774134530792,7172,0,34,23,52,5890,15,7,0,6849,7200,60,255,1
1767759717.7003105,9124707774134530792,7192,0,34,23,52,5890,15,7,0,6848,7200,60,255,1
1767759719.1845744,9124707774134530792,7222,0,34,23,52,5890,15,7,0,6847,7200,60,255,1
1767759720.1927738,9124707774134530792,7243,0,34,23,52,5890,15,7,0,6846,7200,60,255,1
1767759721.1948428,9124707774134530792,7263,0,34,23,52,5890,15,7,0,6845,7200,60,255,1
1767759722.1952293,9124707774134530792,7283,0,34,23,52,5890,15,7,0,6844,7200,60,255,1
1767759723.6955252,9124707774134530792,7313,0,34,23,52,5890,15,7,0,6842,7200,60,255,1
1767759724.6979067,9124707774134530792,7334,0,34,23,52,5890,15,7,0,6841,7200,60,255,1
1767759726.1934988,9124707774134530792,7364,0,34,23,52,5890,15,7,0,6840,7200,60,255,1
1767759727.195305,9124707774134530792,7384,0,34,23,52,5890,15,7,0,6839,7200,60,255,1
1767759728.1993773,9124707774134530792,7404,0,34,23,52,5890,15,7,0,6838,7200,60,255,1
1767759729.6958525,9124707774134530792,7434,0,34,23,52,5890,15,7,0,6836,7200,60,255,1
1767759731.1902387,9124707774134530792,7466,0,34,23,52,5890,15,7,0,6835,7200,60,255,1
1767759732.196412,9124707774134530792,7486,0,34,23,52,5890,15,7,0,6834,7200,60,255,1
1767759733.687952,9124707774134530792,7517,0,34,23,52,5890,15,7,0,6832,7200,60,255,1
1767759735.1967595,9124707774134530792,7548,0,34,23,52,5890,15,7,0,6831,7200,60,255,1
1767759736.7001877,9124707774134530792,7579,0,34,23,52,5890,15,7,0,6829,7200,60,255,1
1767759738.187947,9124707774134530792,7609,0,34,23,52,5890,15,7,0,6828,7200,60,255,1
1767759739.1976094,9124707774134530792,7629,0,34,23,52,5890,15,7,0,6827,7200,60,255,1
1767759740.6924567,9124707774134530792,7660,0,34,23,52,5890,15,7,0,6825,7200,60,255,1
1767759742.1868482,9124707774134530792,7691,0,34,23,52,5890,15,7,0,6824,7200,60,255,1
1767759743.1990266,9124707774134530792,7711,0,34,23,52,5890,15,7,0,6823,7200,60,255,1
1767759744.6975663,9124707774134530792,7741,0,34,23,52,5890,15,7,0,6821,7200,60,255,1
1767759746.193682,9124707774134530792,7771,0,34,23,52,5890,15,7,0,6820,7200,60,255,1
1767759747.6876936,9124707774134530792,7801,0,34,23,52,5890,15,7,0,6818,7200,60,255,1
1767759748.697648,9124707774134530792,7822,0,34,23,52,5890,15,7,0,6817,7200,60,255,1
1767759749.6978495,9124707774134530792,7842,0,34,23,52,5890,15,7,0,6816,7200,60,255,1
1767759751.1926923,9124707774134530792,7873,0,34,23,52,5890,15,7,0,6815,7200,60,255,1
1767759752.6879704,9124707774134530792,7903,0,34,23,52,5890,15,7,0,6813,7200,60,255,1
1767759754.184008,9124707774134530792,7934,0,34,23,52,5890,15,7,0,6812,7200,60,255,1
1767759755.1859818,9124707774134530792,7955,0,34,23,52,5890,15,7,0,6811,7200,60,255,1
1767759756.1937385,9124707774134530792,7975,0,34,23,52,5890,15,7,0,6810,7200,60,255,1
1767759757.6858914,9124707774134530792,8005,0,34,23,52,5890,15,7,0,6808,7200,60,255,1
1767759758.6977699,9124707774134530792,8025,0,34,23,52,5890,15,7,0,6807,7200,60,255,1
1767759760.1940258,9124707774134530792,8056,0,34,23,52,5890,15,7,0,6806,7200,60,255,1
1767759761.6847029,9124707774134530792,8086,0,34,23,52,5890,15,7,0,6804,7200,60,255,1
1767759762.69429,9124707774134530792,8108,0,34,23,52,5890,15,7,0,6803,7200,60,255,1
1767759764.1978574,9124707774134530792,8138,0,34,23,52,5890,15,7,0,6802,7200,60,255,1
1767759765.6908085,9124707774134530792,8168,0,34,23,52,5890,15,7,0,6800,7200,60,255,1
1767759767.1880097,9124707774134530792,8198,0,34,23,52,5890,15,7,0,6799,7200,60,255,1
1767759768.1988509,9124707774134530792,8219,0,34,23,52,5890,15,7,0,6798,7200,60,255,1
1767759769.6911657,9124707774134530792,8250,0,34,23,52,5890,15,7,0,6796,7200,60,255,1
1767759771.1964939,9124707774134530792,8281,0,34,23,52,5890,15,7,0,6795,7200,60,255,1
1767759772.698892,9124707774134530792,8311,0,34,23,52,5890,15,7,0,6793,7200,60,255,1
1767759774.187574,9124707774134530792,8341,0,34,23,52,5890,15,7,0,6792,7200,60,255,1
1767759775.1988354,9124707774134530792,8361,0,34,23,52,5890,15,7,0,6791,7200,60,255,1
1767759776.690169,9124707774134530792,8391,0,34,23,52,5890,15,7,0,6789,7200,60,255,1
1767759777.698885,9124707774134530792,8411,0,34,23,52,5890,15,7,0,6788,7200,60,255,1
1767759779.192124,9124707774134530792,8441,0,34,23,52,5890,15,7,0,6787,7200,60,255,1
1767759780.7007425,9124707774134530792,8471,0,34,23,52,5890,15,7,0,6785,7200,60,255,1
1767759782.1880958,9124707774134530792,8501,0,34,23,52,5890,15,7,0,6784,7200,60,255,1
1767759783.19628,9124707774134530792,8521,0,34,23,52,5890,15,7,0,6783,7200,60,255,1
1767759784.6955118,9124707774134530792,8552,0,34,23,52,5890,15,7,0,6781,7200,60,255,1
1767759786.1987429,9124707774134530792,8582,0,34,23,52,5890,15,7,0,6780,7200,60,255,1
1767759787.6902304,9124707774134530792,8612,0,34,23,52,5890,15,7,0,6778,7200,60,255,1
1767759788.6991858,9124707774134530792,8632,0,34,23,52,5890,15,7,0,6777,7200,60,255,1
1767759790.1886866,9124707774134530792,8662,0,34,23,52,5890,15,7,0,6776,7200,60,255,1
1767759791.6960356,9124707774134530792,8694,0,34,23,52,5890,15,7,0,6774,7200,60,255,1
1767759793.1861591,9124707774134530792,8724,0,34,23,52,5890,15,7,0,6773,7200,60,255,1
1767759794.1914058,9124707774134530792,8745,0,34,23,52,5890,15,7,0,6772,7200,60,255,1
1767759795.1996527,9124707774134530792,8765,0,34,23,52,5890,15,7,0,6771,7200,60,255,1
1767759796.6887121,9124707774134530792,8796,0,34,23,52,5890,15,7,0,6769,7200,60,255,1
1767759797.6978238,9124707774134530792,8817,0,34,23,52,5890,15,7,0,6768,7200,60,255,1
1767759799.1908605,9124707774134530792,8847,0,34,23,52,5890,15,7,0,6767,7200,60,255,1
1767759800.1958003,9124707774134530792,8867,0,34,23,52,5890,15,7,0,6766,7200,60,255,1
1767759801.687455,9124707774134530792,8897,0,34,23,52,5890,15,7,0,6764,7200,60,255,1
1767759802.6962469,9124707774134530792,8919,0,34,23,52,5890,15,7,0,6763,7200,60,255,1
1767759804.1884723,9124707774134530792,8949,0,34,23,52,5890,15,7,0,6762,7200,60,255,1
1767759805.6989708,9124707774134530792,8979,0,34,23,52,5890,15,7,0,6760,7200,60,255,1
1767759807.1865978,9124707774134530792,9009,0,34,23,52,5890,15,7,0,6759,7200,60,255,1
1767759808.197629,9124707774134530792,9029,0,34,23,52,5890,15,7,0,6758,7200,60,255,1
1767759809.6904757,9124707774134530792,9061,0,34,23,52,5890,15,7,0,6756,7200,60,255,1
1767759810.6977768,9124707774134530792,9081,0,34,23,52,5890,15,7,0,6755,7200,60,255,1
1767759812.1869917,9124707774134530792,9111,0,34,23,52,5890,15,7,0,6754,7200,60,255,1
1767759813.1904309,9124707774134530792,9131,0,34,23,52,5890,15,7,0,6753,7200,60,255,1
1767759814.1969106,9124707774134530792,9151,0,34,23,52,5890,15,7,0,6752,7200,60,255,1
1767759815.6875155,9124707774134530792,9182,0,34,23,52,5890,15,7,0,6750,7200,60,255,1
1767759816.69654,9124707774134530792,9203,0,34,23,52,5890,15,7,0,6749,7200,60,255,1
1767759818.1993592,9124707774134530792,9234,0,34,23,52,5890,15,7,0,6748,7200,60,255,1
1767759819.6904109,9124707774134530792,9264,0,34,23,52,5890,15,7,0,6746,7200,60,255,1
1767759820.6990256,9124707774134530792,9285,0,34,23,52,5890,15,7,0,6745,7200,60,255,1
1767759822.1893253,9124707774134530792,9315,0,34,23,52,5890,15,7,0,6744,7200,60,255,1
1767759823.1957564,9124707774134530792,9338,0,34,23,52,5890,15,7,0,6743,7200,60,255,1
1767759824.6891217,9124707774134530792,9368,0,34,23,52,5890,15,7,0,6741,7200,60,255,1
1767759825.6977813,9124707774134530792,9388,0,34,23,52,5890,15,7,0,6740,7200,60,255,1
1767759827.1901371,9124707774134530792,9418,0,34,23,52,5890,15,7,0,6739,7200,60,255,1
1767759828.1976068,9124707774134530792,9438,0,34,23,52,5890,15,7,0,6738,7200,60,255,1
1767759829.6984308,9124707774134530792,9468,0,34,23,52,5890,15,7,0,6736,7200,60,255,1
1767759831.1904612,9124707774134530792,9499,0,34,23,52,5890,15,7,0,6735,7200,60,255,1
1767759832.6889536,9124707774134530792,9529,0,34,23,52,5890,15,7,0,6733,7200,60,255,1
1767759834.1905067,9124707774134530792,9559,0,34,23,52,5890,15,7,0,6732,7200,60,255,1
1767759835.6961544,9124707774134530792,9589,0,34,23,52,5890,15,7,0,6730,7200,60,255,1
1767759837.1969736,9124707774134530792,9620,0,34,23,52,5890,15,7,0,6729,7200,60,255,1
1767759838.6979012,9124707774134530792,9650,0,34,23,52,5890,15,7,0,6727,7200,60,255,1
1767759839.6989782,9124707774134530792,9670,0,34,23,52,5890,15,7,0,6726,7200,60,255,1
1767759841.1995113,9124707774134530792,9700,0,34,23,52,5890,15,7,0,6725,7200,60,255,1
1767759842.69939,9124707774134530792,9731,0,34,23,52,5890,15,7,0,6723,7200,60,255,1
1767759844.1989276,9124707774134530792,9762,0,34,23,52,5890,15,7,0,6722,7200,60,255,1
1767759845.6949067,9124707774134530792,9794,0,34,23,52,5890,15,7,0,6720,7200,60,255,1
1767759846.6969378,9124707774134530792,9814,0,34,23,52,5890,15,7,0,6719,7200,60,255,1
1767759847.6989558,9124707774134530792,9834,0,34,23,52,5890,15,7,0,6718,7200,60,255,1
1767759849.1961381,9124707774134530792,9864,0,34,23,52,5890,15,7,0,6717,7200,60,255,1
1767759850.6957557,9124707774134530792,9895,0,34,23,52,5890,15,7,0,6715,7200,60,255,1
1767759851.697901,9124707774134530792,9915,0,34,23,52,5890,15,7,0,6714,7200,60,255,1
1767759852.7005014,9124707774134530792,9935,0,34,23,52,5890,15,7,0,6713,7200,60,255,1
1767759854.1960583,9124707774134530792,9965,0,34,23,52,5890,15,7,0,6712,7200,60,255,1
1767759855.691449,9124707774134530792,9995,0,34,23,52,5890,15,7,0,6710,7200,60,255,1
1767759856.7002287,9124707774134530792,10015,0,34,23,52,5890,15,7,0,6709,7200,60,255,1
1767759858.1978216,9124707774134530792,10047,0,34,23,52,5890,15,7,0,6708,7200,60,255,1
1767759859.6881588,9124707774134530792,10077,0,34,23,52,5890,15,7,0,6706,7200,60,255,1
1767759861.1975756,9124707774134530792,10107,0,34,23,52,5890,15,7,0,6705,7200,60,255,1
1767759862.6877646,9124707774134530792,10137,0,34,23,52,5890,15,7,0,6703,7200,60,255,1
1767759863.7005599,9124707774134530792,10157,0,34,23,52,5890,15,7,0,6702,7200,60,255,1
1767759865.1941116,9124707774134530792,10188,0,34,23,52,5890,15,7,0,6701,7200,60,255,1
1767759866.1988273,9124707774134530792,10208,0,34,23,52,5890,15,7,0,6700,7200,60,255,1
1767759867.6956446,9124707774134530792,10238,0,34,23,52,5890,15,7,0,6698,7200,60,255,1
1767759869.1991088,9124707774134530792,10271,0,34,23,52,5890,15,7,0,6697,7200,60,255,1
1767759870.693589,9124707774134530792,10302,0,34,23,52,5890,15,7,0,6695,7200,60,255,1
1767759872.1858706,9124707774134530792,10333,0,34,23,52,5890,15,7,0,6694,7200,60,255,1
1767759873.2000105,9124707774134530792,10353,0,34,23,52,5890,15,7,0,6693,7200,60,255,1
1767759874.699056,9124707774134530792,10384,0,34,23,52,5890,15,7,0,6691,7200,60,255,1
1767759876.1865776,9124707774134530792,10415,0,34,23,52,5890,15,7,0,6690,7200,60,255,1
1767759877.1976433,9124707774134530792,10435,0,34,23,52,5890,15,7,0,6689,7200,60,255,1
1767759878.695948,9124707774134530792,10467,0,34,23,52,5890,15,7,0,6687,7200,60,255,1
1767759880.1850748,9124707774134530792,10497,0,34,23,52,5890,15,7,0,6686,7200,60,255,1
1767759881.194041,9124707774134530792,10518,0,34,23,52,5890,15,7,0,6685,7200,60,255,1
1767759882.6946747,9124707774134530792,10549,0,34,23,52,5890,15,7,0,6683,7200,60,255,1
1767759884.191478,9124707774134530792,10581,0,34,23,52,5890,15,7,0,6682,7200,60,255,1
1767759885.697543,9124707774134530792,10613,0,34,23,52,5890,15,7,0,6680,7200,60,255,1
1767759887.1989486,9124707774134530792,10644,0,34,23,52,5890,15,7,0,6679,7200,60,255,1
1767759888.6868844,9124707774134530792,10674,0,34,23,52,5890,15,7,0,6677,7200,60,255,1
1767759889.700027,9124707774134530792,10694,0,34,23,52,5890,15,7,0,6676,7200,60,255,1
1767759891.1883454,9124707774134530792,10724,0,34,23,52,5890,15,7,0,6675,7200,60,255,1
1767759892.1997187,9124707774134530792,10744,0,34,23,52,5890,15,7,0,6674,7200,60,255,1
1767759893.6850414,9124707774134530792,10775,0,34,23,52,5890,15,7,0,6672,7200,60,255,1
1767759894.6965027,9124707774134530792,10798,0,34,23,52,5890,15,7,0,6671,7200,60,255,1
1767759896.1864357,9124707774134530792,10829,0,34,23,52,5890,15,7,0,6670,7200,60,255,1
1767759897.1988683,9124707774134530792,10850,0,34,23,52,5890,15,7,0,6669,7200,60,255,1
1767759898.6903894,9124707774134530792,10882,0,34,23,52,5890,15,7,0,6667,7200,60,255,1
1767759899.692555,9124707774134530792,10902,0,34,23,52,5890,15,7,0,6666,7200,60,255,1
1767759900.6989167,9124707774134530792,10923,0,34,23,52,5890,15,7,0,6665,7200,60,255,1
1767759902.1946642,9124707774134530792,10954,0,34,23,52,5890,15,7,0,6664,7200,60,255,1
1767759903.6867268,9124707774134530792,10985,0,34,23,52,5890,15,7,0,6662,7200,60,255,1
1767759904.6869283,9124707774134530792,11006,0,34,23,52,5890,15,7,0,6661,7200,60,255,1
1767759905.700046,9124707774134530792,11027,0,34,23,52,5890,15,7,0,6660,7200,60,255,1
1767759907.1897793,9124707774134530792,11057,0,34,23,52,5890,15,7,0,6659,7200,60,255,1
1767759908.6861215,9124707774134530792,11088,0,34,23,52,5890,15,7,0,6657,7200,60,255,1
1767759910.1887226,9124707774134530792,11119,0,34,23,52,5890,15,7,0,6656,7200,60,255,1
1767759911.6850064,9124707774134530792,11150,0,34,23,52,5890,15,7,0,6654,7200,60,255,1
1767759912.6991754,9124707774134530792,11172,0,34,23,52,5890,15,7,0,6653,7200,60,255,1
1767759914.1939974,9124707774134530792,11203,0,34,23,52,5890,15,7,0,6652,7200,60,255,1
1767759915.1969478,9124707774134530792,11223,0,34,23,52,5890,15,7,0,6651,7200,60,255,1
1767759916.690125,9124707774134530792,11254,0,34,23,52,5890,15,7,0,6649,7200,60,255,1
1767759917.6946743,9124707774134530792,11274,0,34,23,52,5890,15,7,0,6648,7200,60,255,1
1767759919.1913579,9124707774134530792,11304,0,34,23,52,5890,15,7,0,6647,7200,60,255,1
1767759920.1968107,9124707774134530792,11325,0,34,23,52,5890,15,7,0,6646,7200,60,255,1
1767759921.693784,9124707774134530792,11355,0,34,23,52,5890,15,7,0,6644,7200,60,255,1
1767759923.190567,9124707774134530792,11386,0,34,23,52,5890,15,7,0,6643,7200,60,255,1
1767759924.194006,9124707774134530792,11406,0,34,23,52,5890,15,7,0,6642,7200,60,255,1
1767759925.7015593,9124707774134530792,11437,0,34,23,52,5890,15,7,0,6640,7200,60,255,1
1767759927.1848912,9124707774134530792,11468,0,34,23,52,5890,15,7,0,6639,7200,60,255,1
1767759928.6987324,9124707774134530792,11501,0,34,23,52,5890,15,7,0,6637,7200,60,255,1
1767759930.192435,9124707774134530792,11531,0,34,23,52,5890,15,7,0,6636,7200,60,255,1
1767759931.6904047,9124707774134530792,11561,0,34,23,52,5890,15,7,0,6634,7200,60,255,1
1767759932.6916785,9124707774134530792,11581,0,34,23,52,5890,15,7,0,6633,7200,60,255,1
1767759934.1913807,9124707774134530792,11611,0,34,23,52,5890,15,7,0,6632,7200,60,255,1
1767759935.1938097,9124707774134530792,11634,0,34,23,52,5890,15,7,0,6631,7200,60,255,1
1767759936.1945932,9124707774134530792,11655,0,34,23,52,5890,15,7,0,6630,7200,60,255,1
1767759937.1948843,9124707774134530792,11676,0,34,23,52,5890,15,7,0,6629,7200,60,255,1
1767759938.6915317,9124707774134530792,11706,0,34,23,52,5890,15,7,0,6627,7200,60,255,1
1767759939.6939957,9124707774134530792,11727,0,34,23,52,5890,15,7,0,6626,7200,60,255,1
1767759940.698962,9124707774134530792,11747,0,34,23,52,5890,15,7,0,6625,7200,60,255,1
1767759941.6991544,9124707774134530792,11767,0,34,23,52,5890,15,7,0,6624,7200,60,255,1
1767759943.1859224,9124707774134530792,11797,0,34,23,52,5890,15,7,0,6623,7200,60,255,1
1767759944.1859953,9124707774134530792,11818,0,34,23,52,5890,15,7,0,6622,7200,60,255,1
1767759945.6864505,9124707774134530792,11849,0,34,23,52,5890,15,7,0,6620,7200,60,255,1
1767759946.7002027,9124707774134530792,11869,0,34,23,52,5890,15,7,0,6619,7200,60,255,1
1767759948.1988075,9124707774134530792,11901,0,34,23,52,5890,15,7,0,6618,7200,60,255,1
1767759949.6949446,9124707774134530792,11932,0,34,23,52,5890,15,7,0,6616,7200,60,255,1
1767759951.1867425,9124707774134530792,11963,0,34,23,52,5890,15,7,0,6615,7200,60,255,1
1767759952.6853743,9124707774134530792,11993,0,34,23,52,5890,15,7,0,6613,7200,60,255,1
1767759954.1968887,9124707774134530792,12025,0,34,23,52,5890,15,7,0,6612,7200,60,255,1
1767759955.684313,9124707774134530792,12057,0,34,23,52,5890,15,7,0,6610,7200,60,255,1
1767759956.690429,9124707774134530792,12078,0,34,23,52,5890,15,7,0,6609,7200,60,255,1
1767759957.6976137,9124707774134530792,12099,0,34,23,52,5890,15,7,0,6608,7200,60,255,1
1767759959.1951094,9124707774134530792,12131,0,34,23,52,5890,15,7,0,6607,7200,60,255,1
1767759960.698383,9124707774134530792,12163,0,34,23,52,5890,15,7,0,6605,7200,60,255,1
1767759962.1971812,9124707774134530792,12193,0,34,23,52,5890,15,7,0,6604,7200,60,255,1
1767759963.6955419,9124707774134530792,12224,0,34,23,52,5890,15,7,0,6602,7200,60,255,1
1767759964.699936,9124707774134530792,12244,0,34,23,52,5890,15,7,0,6601,7200,60,255,1
1767759966.184893,9124707774134530792,12276,0,34,23,52,5890,15,7,0,6600,7200,60,255,1
1767759967.1927648,9124707774134530792,12297,0,34,23,52,5890,15,7,0,6599,7200,60,255,1
1767759968.6957824,9124707774134530792,12328,0,34,23,52,5890,15,7,0,6597,7200,60,255,1
1767759970.1924915,9124707774134530792,12359,0,34,23,52,5890,15,7,0,6596,7200,60,255,1
1767759971.6970766,9124707774134530792,12390,0,34,23,52,5890,15,7,0,6594,7200,60,255,1
1767759973.1879997,9124707774134530792,12421,0,34,23,52,5890,15,7,0,6593,7200,60,255,1
1767759974.1962926,9124707774134530792,12444,0,34,23,52,5890,15,7,0,6592,7200,60,255,1
1767759975.200315,9124707774134530792,12464,0,34,23,52,5890,15,7,0,6591,7200,60,255,1
1767759976.6947455,9124707774134530792,12495,0,34,23,52,5890,15,7,0,6589,7200,60,255,1
1767759978.1867778,9124707774134530792,12525,0,34,23,52,5890,15,7,0,6588,7200,60,255,1
1767759979.186875,9124707774134530792,12545,0,34,23,52,5890,15,7,0,6587,7200,60,255,1
1767759980.6988604,9124707774134530792,12576,0,34,23,52,5890,15,7,0,6585,7200,60,255,1
1767759982.1912618,9124707774134530792,12606,0,34,23,52,5890,15,7,0,6584,7200,60,255,1
1767759983.1989021,9124707774134530792,12627,0,34,23,52,5890,15,7,0,6583,7200,60,255,1
1767759984.6905832,9124707774134530792,12657,0,34,23,52,5890,15,7,0,6581,7200,60,255,1
1767759986.190253,9124707774134530792,12687,0,34,23,52,5890,15,7,0,6580,7200,60,255,1
1767759987.20028,9124707774134530792,12708,0,34,23,52,5890,15,7,0,6579,7200,60,255,1
1767759988.6968615,9124707774134530792,12739,0,34,23,52,5890,15,7,0,6577,7200,60,255,1
1767759990.18915,9124707774134530792,12769,0,34,23,52,5890,15,7,0,6576,7200,60,255,1
1767759991.1986294,9124707774134530792,12789,0,34,23,52,5890,15,7,0,6575,7200,60,255,1
1767759992.6952558,9124707774134530792,12820,0,34,23,52,5890,15,7,0,6573,7200,60,255,1
1767759994.1936624,9124707774134530792,12851,0,34,23,52,5890,15,7,0,6572,7200,60,255,1
1767759995.693624,9124707774134530792,12882,0,34,23,52,5890,15,7,0,6570,7200,60,255,1
1767759996.6976779,9124707774134530792,12902,0,34,23,52,5890,15,7,0,6569,7200,60,255,1
1767759998.1869984,9124707774134530792,12935,0,34,23,52,5890,15,7,0,6568,7200,60,255,1
1767759999.2001176,9124707774134530792,12955,0,34,23,52,5890,15,7,0,6567,7200,60,255,1
1767760000.6849165,9124707774134530792,12985,0,34,23,52,5890,15,7,0,6565,7200,60,255,1
1767760001.694433,9124707774134530792,13006,0,34,23,52,5890,15,7,0,6564,7200,60,255,1
1767760003.189288,9124707774134530792,13038,0,34,23,52,5890,15,7,0,6563,7200,60,255,1
1767760004.1989532,9124707774134530792,13059,0,34,23,52,5890,15,7,0,6562,7200,60,255,1
1767760005.6848567,9124707774134530792,13089,0,34,23,52,5890,15,7,0,6560,7200,60,255,1
1767760006.6940725,9124707774134530792,13110,0,34,23,52,5890,15,7,0,6559,7200,60,255,1
1767760008.1939461,9124707774134530792,13141,0,34,23,52,5890,15,7,0,6558,7200,60,255,1
1767760009.697831,9124707774134530792,13172,0,34,23,52,5890,15,7,0,6556,7200,60,255,1
1767760011.1879883,9124707774134530792,13203,0,34,23,52,5890,15,7,0,6555,7200,60,255,1
1767760012.1986732,9124707774134530792,13223,0,34,23,52,5890,15,7,0,6554,7200,60,255,1
1767760013.6988485,9124707774134530792,13253,0,34,23,52,5890,15,7,0,6552,7200,60,255,1
1767760015.2003267,9124707774134530792,13284,0,34,23,52,5890,15,7,0,6551,7200,60,255,1
1767760016.6954699,9124707774134530792,13315,0,34,23,52,5890,15,7,0,6549,7200,60,255,1
1767760018.1949747,9124707774134530792,13345,0,34,23,52,5890,15,7,0,6548,7200,60,255,1
1767760019.197902,9124707774134530792,13365,0,34,23,52,5890,15,7,0,6547,7200,60,255,1
1767760020.6931608,9124707774134530792,13395,0,34,23,52,5890,15,7,0,6545,7200,60,255,1
1767760022.1986167,9124707774134530792,13426,0,34,23,52,5890,15,7,0,6544,7200,60,255,1
1767760023.686593,9124707774134530792,13456,0,34,23,52,5890,15,7,0,6542,7200,60,255,1
1767760024.6946552,9124707774134530792,13477,0,34,23,52,5890,15,7,0,6541,7200,60,255,1
1767760026.1891148,9124707774134530792,13507,0,34,23,52,5890,15,7,0,6540,7200,60,255,1
1767760027.69608,9124707774134530792,13538,0,34,23,52,5890,15,7,0,6538,7200,60,255,1
1767760029.1988451,9124707774134530792,13568,0,34,23,52,5890,15,7,0,6537,7200,60,255,1
1767760030.6924589,9124707774134530792,13598,0,34,23,52,5890,15,7,0,6535,7200,60,255,1
1767760031.6976717,9124707774134530792,13620,0,34,23,52,5890,15,7,0,6534,7200,60,255,1
1767760033.1964204,9124707774134530792,13650,0,34,23,52,5890,15,7,0,6533,7200,60,255,1
1767760034.6913283,9124707774134530792,13680,0,34,23,52,5890,15,7,0,6531,7200,60,255,1
1767760035.6958644,9124707774134530792,13701,0,34,23,52,5890,15,7,0,6530,7200,60,255,1
1767760037.1913862,9124707774134530792,13731,0,34,23,52,5890,15,7,0,6529,7200,60,255,1
1767760038.6891406,9124707774134530792,13762,0,34,23,52,5890,15,7,0,6527,7200,60,255,1
1767760040.1956284,9124707774134530792,13792,0,34,23,52,5890,15,7,0,6526,7200,60,255,1
1767760041.6924787,9124707774134530792,13822,0,34,23,52,5890,15,7,0,6524,7200,60,255,1
1767760042.692739,9124707774134530792,13842,0,34,23,52,5890,15,7,0,6523,7200,60,255,1
1767760044.1850095,9124707774134530792,13872,0,34,23,52,5890,15,7,0,6522,7200,60,255,1
1767760045.1977992,9124707774134530792,13892,0,34,23,52,5890,15,7,0,6521,7200,60,255,1
1767760046.6949534,9124707774134530792,13923,0,34,23,52,5890,15,7,0,6519,7200,60,255,1
1767760047.696858,9124707774134530792,13943,0,34,23,52,5890,15,7,0,6518,7200,60,255,1
1767760048.6987555,9124707774134530792,13963,0,34,23,52,5890,15,7,0,6517,7200,60,255,1
1767760050.197606,9124707774134530792,13995,0,34,23,52,5890,15,7,0,6516,7200,60,255,1
1767760051.6966283,9124707774134530792,14027,0,34,23,52,5890,15,7,0,6514,7200,60,255,1
1767760052.6976824,9124707774134530792,14049,0,34,23,52,5890,15,7,0,6513,7200,60,255,1
1767760054.1864645,9124707774134530792,14079,0,34,23,52,5890,15,7,0,6512,7200,60,255,1
1767760055.2000427,9124707774134530792,14101,0,34,23,52,5890,15,7,0,6511,7200,60,255,1
1767760056.6964464,9124707774134530792,14132,0,34,23,52,5890,15,7,0,6509,7200,60,255,1
1767760057.699084,9124707774134530792,14153,0,34,23,52,5890,15,7,0,6508,7200,60,255,1
1767760059.1942892,9124707774134530792,14183,0,34,23,52,5890,15,7,0,6507,7200,60,255,1
1767760060.6914198,9124707774134530792,14213,0,34,23,52,5890,15,7,0,6505,7200,60,255,1
1767760062.1886733,9124707774134530792,14245,0,34,23,52,5890,15,7,0,6504,7200,60,255,1
1767760063.20025,9124707774134530792,14265,0,34,23,52,5890,15,7,0,6503,7200,60,255,1
1767760064.6977823,9124707774134530792,14295,0,34,23,52,5890,15,7,0,6501,7200,60,255,1
1767760066.1946244,9124707774134530792,14326,0,34,23,52,5890,15,7,0,6500,7200,60,255,1
1767760067.6986885,9124707774134530792,14358,0,34,23,52,5890,15,7,0,6498,7200,60,255,1
1767760069.1939087,9124707774134530792,14390,0,34,23,52,5890,15,7,0,6497,7200,60,255,1
1767760070.200088,9124707774134530792,14410,0,34,23,52,5890,15,7,0,6496,7200,60,255,1
1767760071.6942556,9124707774134530792,14441,0,34,23,52,5890,15,7,0,6494,7200,60,255,1
1767760073.1927185,9124707774134530792,14471,0,34,23,52,5890,15,7,0,6493,7200,60,255,1
1767760074.1943917,9124707774134530792,14492,0,34,23,52,5890,15,7,0,6492,7200,60,255,1
1767760075.6948237,9124707774134530792,14523,0,34,23,52,5890,15,7,0,6490,7200,60,255,1
1767760076.6991308,9124707774134530792,14545,0,34,23,52,5890,15,7,0,6489,7200,60,255,1
1767760078.1959748,9124707774134530792,14576,0,34,23,52,5890,15,7,0,6488,7200,60,255,1
1767760079.1980228,9124707774134530792,14596,0,34,23,52,5890,15,7,0,6487,7200,60,255,1
1767760080.2065814,9124707774134530792,14616,0,34,23,52,5890,15,7,0,6486,7200,60,255,1
1767760081.6845102,9124707774134530792,14648,0,34,23,52,5890,15,7,0,6484,7200,60,255,1
1767760082.685827,9124707774134530792,14669,0,34,23,52,5890,15,7,0,6483,7200,60,255,1
1767760083.6870363,9124707774134530792,14690,0,34,23,52,5890,15,7,0,6482,7200,60,255,1
1767760084.6889813,9124707774134530792,14710,0,34,23,52,5890,15,7,0,6481,7200,60,255,1
1767760085.6966097,9124707774134530792,14731,0,34,23,52,5890,15,7,0,6480,7200,60,255,1
1767760086.6991222,9124707774134530792,14751,0,34,23,52,5890,15,7,0,6479,7200,60,255,1
1767760088.1948786,9124707774134530792,14783,0,34,23,52,5890,15,7,0,6478,7200,60,255,1
1767760089.1967142,9124707774134530792,14804,0,34,23,52,5890,15,7,0,6477,7200,60,255,1
1767760090.1989424,9124707774134530792,14825,0,34,23,52,5890,15,7,0,6476,7200,60,255,1
1767760091.6978204,9124707774134530792,14856,0,34,23,52,5890,15,7,0,6474,7200,60,255,1
1767760092.6991858,9124707774134530792,14876,0,34,23,52,5890,15,7,0,6473,7200,60,255,1
1767760094.1957765,9124707774134530792,14906,0,34,23,52,5890,15,7,0,6472,7200,60,255,1
1767760095.1959429,9124707774134530792,14926,0,34,23,52,5890,15,7,0,6471,7200,60,255,1
1767760096.6953077,9124707774134530792,14957,0,34,23,52,5890,15,7,0,6469,7200,60,255,1
1767760097.6981297,9124707774134530792,14978,0,34,23,52,5890,15,7,0,6468,7200,60,255,1
1767760098.6990902,9124707774134530792,14999,0,34,23,52,5890,15,7,0,6467,7200,60,255,1
1767760100.1940768,9124707774134530792,15030,0,34,23,52,5890,15,7,0,6466,7200,60,255,1
1767760101.2002451,9124707774134530792,15052,0,34,23,52,5890,15,7,0,6465,7200,60,255,1
1767760102.697692,9124707774134530792,15082,0,34,23,52,5890,15,7,0,6463,7200,60,255,1
1767760104.1867998,9124707774134530792,15112,0,34,23,52,5890,15,7,0,6462,7200,60,255,1
1767760105.1998823,9124707774134530792,15132,0,34,23,52,5890,15,7,0,6461,7200,60,255,1
1767760106.6956398,9124707774134530792,15163,0,34,23,52,5890,15,7,0,6459,7200,60,255,1
1767760108.1848989,9124707774134530792,15194,0,34,23,52,5890,15,7,0,6458,7200,60,255,1
1767760109.1987605,9124707774134530792,15215,0,34,23,52,5890,15,7,0,6457,7200,60,255,1
1767760110.7003348,9124707774134530792,15245,0,34,23,52,5890,15,7,0,6455,7200,60,255,1
1767760111.7005246,9124707774134530792,15266,0,34,23,52,5890,15,7,0,6454,7200,60,255,1
1767760113.1940517,9124707774134530792,15297,0,34,23,52,5890,15,7,0,6453,7200,60,255,1
1767760114.1960871,9124707774134530792,15317,0,34,23,52,5890,15,7,0,6452,7200,60,255,1
1767760115.6900275,9124707774134530792,15348,0,34,23,52,5890,15,7,0,6450,7200,60,255,1
1767760117.1934626,9124707774134530792,15379,0,34,23,52,5890,15,7,0,6449,7200,60,255,1
1767760118.194607,9124707774134530792,15400,0,34,23,52,5890,15,7,0,6448,7200,60,255,1
1767760119.6849449,9124707774134530792,15431,0,34,23,52,5890,15,7,0,6446,7200,60,255,1
1767760120.6875648,9124707774134530792,15452,0,34,23,52,5890,15,7,0,6445,7200,60,255,1
1767760122.1945066,9124707774134530792,15485,0,34,23,52,5890,15,7,0,6444,7200,60,255,1
1767760123.1989717,9124707774134530792,15507,0,34,23,52,5890,15,7,0,6443,7200,60,255,1
1767760124.2002506,9124707774134530792,15527,0,34,23,52,5890,15,7,0,6442,7200,60,255,1
1767760125.6924143,9124707774134530792,15558,0,34,23,52,5890,15,7,0,6440,7200,60,255,1
1767760126.6945605,9124707774134530792,15579,0,34,23,52,5890,15,7,0,6439,7200,60,255,1
1767760128.185913,9124707774134530792,15609,0,34,23,52,5890,15,7,0,6438,7200,60,255,1
1767760129.6930115,9124707774134530792,15639,0,34,23,52,5890,15,7,0,6436,7200,60,255,1
1767760130.6949198,9124707774134530792,15660,0,34,23,52,5890,15,7,0,6435,7200,60,255,1
1767760132.1998546,9124707774134530792,15691,0,34,23,52,5890,15,7,0,6434,7200,60,255,1
1767760133.6855042,9124707774134530792,15722,0,34,23,52,5890,15,7,0,6432,7200,60,255,1
1767760134.6865873,9124707774134530792,15742,0,34,23,52,5890,15,7,0,6431,7200,60,255,1
1767760135.689866,9124707774134530792,15763,0,34,23,52,5890,15,7,0,6430,7200,60,255,1
1767760137.1933866,9124707774134530792,15794,0,34,23,52,5890,15,7,0,6429,7200,60,255,1
1767760138.6946778,9124707774134530792,15826,0,34,23,52,5890,15,7,0,6427,7200,60,255,1
1767760140.1974702,9124707774134530792,15858,0,34,23,52,5890,15,7,0,6426,7200,60,255,1
1767760141.68592,9124707774134530792,15888,0,34,23,52,5890,15,7,0,6424,7200,60,255,1
1767760142.6976628,9124707774134530792,15909,0,34,23,52,5890,15,7,0,6423,7200,60,255,1
1767760144.1863077,9124707774134530792,15940,0,34,23,52,5890,15,7,0,6422,7200,60,255,1
1767760145.1987798,9124707774134530792,15961,0,34,23,52,5890,15,7,0,6421,7200,60,255,1
1767760146.1990018,9124707774134530792,15982,0,34,23,52,5890,15,7,0,6420,7200,60,255,1
1767760147.6998138,9124707774134530792,16013,0,34,23,52,5890,15,7,0,6418,7200,60,255,1
1767760149.1861045,9124707774134530792,16044,0,34,23,52,5890,15,7,0,6417,7200,60,255,1
1767760150.6899893,9124707774134530792,16077,0,34,23,52,5890,15,7,0,6415,7200,60,255,1
1767760151.7000034,9124707774134530792,16099,0,34,23,52,5890,15,7,0,6414,7200,60,255,1
1767760153.198623,9124707774134530792,16129,0,34,23,52,5890,15,7,0,6413,7200,60,255,1
1767760154.697879,9124707774134530792,16160,0,34,23,52,5890,15,7,0,6411,7200,60,255,1
1767760156.1859815,9124707774134530792,16190,0,34,23,52,5890,15,7,0,6410,7200,60,255,1
1767760157.195837,9124707774134530792,16211,0,34,23,52,5890,15,7,0,6409,7200,60,255,1
1767760158.6979666,9124707774134530792,16241,0,34,23,52,5890,15,7,0,6407,7200,60,255,1
1767760160.1976442,9124707774134530792,16272,0,34,23,52,5890,15,7,0,6406,7200,60,255,1
1767760161.686103,9124707774134530792,16302,0,34,23,52,5890,15,7,0,6404,7200,60,255,1
1767760162.6969235,9124707774134530792,16322,0,34,23,52,5890,15,7,0,6403,7200,60,255,1
1767760164.1849732,9124707774134530792,16352,0,34,23,52,5890,15,7,0,6402,7200,60,255,1
1767760165.1939962,9124707774134530792,16374,0,34,23,52,5890,15,7,0,6401,7200,60,255,1
1767760166.700196,9124707774134530792,16405,0,34,23,52,5890,15,7,0,6399,7200,60,255,1
1767760168.1841955,9124707774134530792,16436,0,34,23,52,5890,15,7,0,6398,7200,60,255,1
1767760169.1928542,9124707774134530792,16458,0,34,23,52,5890,15,7,0,6397,7200,60,255,1
1767760170.7003088,9124707774134530792,16490,0,34,23,52,5890,15,7,0,6395,7200,60,255,1
1767760172.2001848,9124707774134530792,16520,0,34,23,52,5890,15,7,0,6394,7200,60,255,1
1767760173.7006733,9124707774134530792,16551,0,34,23,52,5890,15,7,0,6392,7200,60,255,1
1767760175.186739,9124707774134530792,16581,0,34,23,52,5890,15,7,0,6391,7200,60,255,1
1767760176.2010307,9124707774134530792,16601,0,34,23,52,5890,15,7,0,6390,7200,60,255,1
1767760177.686421,9124707774134530792,16632,0,34,23,52,5890,15,7,0,6388,7200,60,255,1
1767760178.7002485,9124707774134530792,16653,0,34,23,52,5890,15,7,0,6387,7200,60,255,1
1767760180.1847723,9124707774134530792,16683,0,34,23,52,5890,15,7,0,6386,7200,60,255,1
1767760181.1985576,9124707774134530792,16705,0,34,23,52,5890,15,7,0,6385,7200,60,255,1
1767760182.699911,9124707774134530792,16736,0,34,23,52,5890,15,7,0,6383,7200,60,255,1
1767760184.1863954,9124707774134530792,16767,0,34,23,52,5890,15,7,0,6382,7200,60,255,1
1767760185.1987765,9124707774134530792,16788,0,34,23,52,5890,15,7,0,6381,7200,60,255,1
1767760186.6862404,9124707774134530792,16818,0,34,23,52,5890,15,7,0,6379,7200,60,255,1
1767760187.6965206,9124707774134530792,16840,0,34,23,52,5890,15,7,0,6378,7200,60,255,1
1767760189.1936548,9124707774134530792,16872,0,34,23,52,5890,15,7,0,6377,7200,60,255,1
1767760190.6987844,9124707774134530792,16902,0,34,23,52,5890,15,7,0,6375,7200,60,255,1
1767760192.1849926,9124707774134530792,16932,0,34,23,52,5890,15,7,0,6374,7200,60,255,1
1767760193.1958337,9124707774134530792,16954,0,34,23,52,5890,15,7,0,6373,7200,60,255,1
1767760194.6958845,9124707774134530792,16985,0,34,23,52,5890,15,7,0,6371,7200,60,255,1
1767760196.1887972,9124707774134530792,17016,0,34,23,52,5890,15,7,0,6370,7200,60,255,1
1767760197.1945746,9124707774134530792,17037,0,34,23,52,5890,15,7,0,6369,7200,60,255,1
1767760198.694303,9124707774134530792,17068,0,34,23,52,5890,15,7,0,6367,7200,60,255,1
1767760200.196534,9124707774134530792,17099,0,34,23,52,5890,15,7,0,6366,7200,60,255,1
1767760201.6879826,9124707774134530792,17129,0,34,23,52,5890,15,7,0,6364,7200,60,255,1
1767760202.6951623,9124707774134530792,17151,0,34,23,52,5890,15,7,0,6363,7200,60,255,1
1767760204.1957102,9124707774134530792,17181,0,34,23,52,5890,15,7,0,6362,7200,60,255,1
1767760205.685471,9124707774134530792,17212,0,34,23,52,5890,15,7,0,6360,7200,60,255,1
1767760206.6945832,9124707774134530792,17234,0,34,23,52,5890,15,7,0,6359,7200,60,255,1
1767760208.195873,9124707774134530792,17266,0,34,23,52,5890,15,7,0,6358,7200,60,255,1
1767760209.6998384,9124707774134530792,17297,0,34,23,52,5890,15,7,0,6356,7200,60,255,1
1767760211.1881,9124707774134530792,17327,0,34,23,52,5890,15,7,0,6355,7200,60,255,1
1767760212.195662,9124707774134530792,17347,0,34,23,52,5890,15,7,0,6354,7200,60,255,1
1767760213.699021,9124707774134530792,17378,0,34,23,52,5890,15,7,0,6352,7200,60,255,1
1767760215.1892738,9124707774134530792,17408,0,34,23,52,5890,15,7,0,6351,7200,60,255,1
1767760216.199877,9124707774134530792,17430,0,34,23,52,5890,15,7,0,6350,7200,60,255,1
1767760217.686055,9124707774134530792,17460,0,34,23,52,5890,15,7,0,6348,7200,60,255,1
1767760218.6953478,9124707774134530792,17481,0,34,23,52,5890,15,7,0,6347,7200,60,255,1
1767760220.199955,9124707774134530792,17513,0,34,23,52,5890,15,7,0,6346,7200,60,255,1
1767760221.6937163,9124707774134530792,17544,0,34,23,52,5890,15,7,0,6344,7200,60,255,1
1767760223.1989622,9124707774134530792,17574,0,34,23,52,5890,15,7,0,6343,7200,60,255,1
1767760224.6892715,9124707774134530792,17604,0,34,23,52,5890,15,7,0,6341,7200,60,255,1
1767760226.19769,9124707774134530792,17637,0,34,23,52,5890,15,7,0,6340,7200,60,255,1
1767760227.6988027,9124707774134530792,17669,0,34,23,52,5890,15,7,0,6338,7200,60,255,1
1767760229.1878166,9124707774134530792,17700,0,34,23,52,5890,15,7,0,6337,7200,60,255,1
1767760230.198391,9124707774134530792,17720,0,34,23,52,5890,15,7,0,6336,7200,60,255,1
1767760231.2006497,9124707774134530792,17740,0,34,23,52,5890,15,7,0,6335,7200,60,255,1
1767760232.6853201,9124707774134530792,17770,0,34,23,52,5890,15,7,0,6333,7200,60,255,1
1767760233.6987448,9124707774134530792,17791,0,34,23,52,5890,15,7,0,6332,7200,60,255,1
1767760235.1850073,9124707774134530792,17822,0,34,23,52,5890,15,7,0,6331,7200,60,255,1
1767760236.6908913,9124707774134530792,17854,0,34,23,52,5890,15,7,0,6329,7200,60,255,1
1767760238.192322,9124707774134530792,17886,0,34,23,52,5890,15,7,0,6328,7200,60,255,1
1767760239.692216,9124707774134530792,17916,0,34,23,52,5890,15,7,0,6326,7200,60,255,1
1767760241.1985946,9124707774134530792,17946,0,34,23,52,5890,15,7,0,6325,7200,60,255,1
1767760242.698945,9124707774134530792,17976,0,34,23,52,5890,15,7,0,6323,7200,60,255,1
1767760244.1892276,9124707774134530792,18007,0,34,23,52,5890,15,7,0,6322,7200,60,255,1
1767760245.6900685,9124707774134530792,18038,0,34,23,52,5890,15,7,0,6320,7200,60,255,1
1767760247.197583,9124707774134530792,18069,0,34,23,52,5890,15,7,0,6319,7200,60,255,1
1767760248.1978226,9124707774134530792,18090,0,34,23,52,5890,15,7,0,6318,7200,60,255,1
1767760249.687623,9124707774134530792,18121,0,34,23,52,5890,15,7,0,6316,7200,60,255,1
1767760250.6989126,9124707774134530792,18141,0,34,23,52,5890,15,7,0,6315,7200,60,255,1
1767760252.1913176,9124707774134530792,18173,0,34,23,52,5890,15,7,0,6314,7200,60,255,1
1767760253.695589,9124707774134530792,18206,0,34,23,52,5890,15,7,0,6312,7200,60,255,1
1767760255.1977386,9124707774134530792,18237,0,34,23,52,5890,15,7,0,6311,7200,60,255,1
1767760256.2002356,9124707774134530792,18259,0,34,23,52,5890,15,7,0,6310,7200,60,255,1
1767760257.6862504,9124707774134530792,18289,0,34,23,52,5890,15,7,0,6308,7200,60,255,1
1767760259.192985,9124707774134530792,18321,0,34,23,52,5890,15,7,0,6307,7200,60,255,1
1767760260.692645,9124707774134530792,18351,0,34,23,52,5890,15,7,0,6305,7200,60,255,1
1767760261.69419,9124707774134530792,18371,0,34,23,52,5890,15,7,0,6304,7200,60,255,1
1767760263.199954,9124707774134530792,18402,0,34,23,52,5890,15,7,0,6303,7200,60,255,1
1767760264.6852562,9124707774134530792,18433,0,34,23,52,5890,15,7,0,6301,7200,60,255,1
1767760266.19643,9124707774134530792,18467,0,34,23,52,5890,15,7,0,6300,7200,60,255,1
1767760267.699031,9124707774134530792,18499,0,34,23,52,5890,15,7,0,6298,7200,60,255,1
1767760269.1840074,9124707774134530792,18529,0,34,23,52,5890,15,7,0,6297,7200,60,255,1
1767760270.1957395,9124707774134530792,18551,0,34,23,52,5890,15,7,0,6296,7200,60,255,1
1767760271.6924875,9124707774134530792,18582,0,34,23,52,5890,15,7,0,6294,7200,60,255,1
1767760273.19708,9124707774134530792,18613,0,34,23,52,5890,15,7,0,6293,7200,60,255,1
1767760274.69869,9124707774134530792,18646,0,34,23,52,5890,15,7,0,6291,7200,60,255,1
1767760276.186889,9124707774134530792,18677,0,34,23,52,5890,15,7,0,6290,7200,60,255,1
1767760277.1902556,9124707774134530792,18697,0,34,23,52,5890,15,7,0,6289,7200,60,255,1
1767760278.1997545,9124707774134530792,18717,0,34,23,52,5890,15,7,0,6288,7200,60,255,1
1767760279.6868656,9124707774134530792,18747,0,34,23,52,5890,15,7,0,6286,7200,60,255,1
1767760280.696288,9124707774134530792,18767,0,34,23,52,5890,15,7,0,6285,7200,60,255,1
1767760281.6975958,9124707774134530792,18789,0,34,23,52,5890,15,7,0,6284,7200,60,255,1
1767760283.1860325,9124707774134530792,18820,0,34,23,52,5890,15,7,0,6283,7200,60,255,1
1767760284.197801,9124707774134530792,18842,0,34,23,52,5890,15,7,0,6282,7200,60,255,1
1767760285.6986582,9124707774134530792,18874,0,34,23,52,5890,15,7,0,6280,7200,60,255,1
1767760287.188561,9124707774134530792,18906,0,34,23,52,5890,15,7,0,6279,7200,60,255,1
1767760288.200162,9124707774134530792,18929,0,34,23,52,5890,15,7,0,6278,7200,60,255,1
1767760289.684728,9124707774134530792,18960,0,34,23,52,5890,15,7,0,6276,7200,60,255,1
1767760290.6959767,9124707774134530792,18982,0,34,23,52,5890,15,7,0,6275,7200,60,255,1
1767760291.6971922,9124707774134530792,19003,0,34,23,52,5890,15,7,0,6274,7200,60,255,1
1767760293.1852868,9124707774134530792,19035,0,34,23,52,5890,15,7,0,6273,7200,60,255,1
1767760294.1990876,9124707774134530792,19056,0,34,23,52,5890,15,7,0,6272,7200,60,255,1
1767760295.6911163,9124707774134530792,19087,0,34,23,52,5890,15,7,0,6270,7200,60,255,1
1767760296.6947124,9124707774134530792,19107,0,34,23,52,5890,15,7,0,6269,7200,60,255,1
1767760298.187731,9124707774134530792,19138,0,34,23,52,5890,15,7,0,6268,7200,60,255,1
1767760299.6948712,9124707774134530792,19170,0,34,23,52,5890,15,7,0,6266,7200,60,255,1
1767760301.185527,9124707774134530792,19201,0,34,23,52,5890,15,7,0,6265,7200,60,255,1
1767760302.1991963,9124707774134530792,19223,0,34,23,52,5890,15,7,0,6264,7200,60,255,1
1767760303.6854677,9124707774134530792,19254,0,34,23,52,5890,15,7,0,6262,7200,60,255,1
1767760304.6986766,9124707774134530792,19277,0,34,23,52,5890,15,7,0,6261,7200,60,255,1
1767760306.1940238,9124707774134530792,19307,0,34,23,52,5890,15,7,0,6260,7200,60,255,1
1767760307.1941192,9124707774134530792,19328,0,34,23,52,5890,15,7,0,6259,7200,60,255,1
1767760308.68907,9124707774134530792,19360,0,34,23,52,5890,15,7,0,6257,7200,60,255,1
1767760310.1903732,9124707774134530792,19392,0,34,23,52,5890,15,7,0,6256,7200,60,255,1
1767760311.1921806,9124707774134530792,19413,0,34,23,52,5890,15,7,0,6255,7200,60,255,1
1767760312.1940644,9124707774134530792,19434,0,34,23,52,5890,15,7,0,6254,7200,60,255,1
1767760313.6840925,9124707774134530792,19466,0,34,23,52,5890,15,7,0,6252,7200,60,255,1
1767760314.6852467,9124707774134530792,19487,0,34,23,52,5890,15,7,0,6251,7200,60,255,1
1767760315.686025,9124707774134530792,19508,0,34,23,52,5890,15,7,0,6250,7200,60,255,1
1767760316.689124,9124707774134530792,19529,0,34,23,52,5890,15,7,0,6249,7200,60,255,1
1767760318.193664,9124707774134530792,19561,0,34,23,52,5890,15,7,0,6248,7200,60,255,1
1767760319.1944768,9124707774134530792,19582,0,34,23,52,5890,15,7,0,6247,7200,60,255,1
1767760320.6858475,9124707774134530792,19613,0,34,23,52,5890,15,7,0,6245,7200,60,255,1
1767760321.688867,9124707774134530792,19635,0,34,23,52,5890,15,7,0,6244,7200,60,255,1
1767760323.1912334,9124707774134530792,19666,0,34,23,52,5890,15,7,0,6243,7200,60,255,1
1767760324.694782,9124707774134530792,19697,0,34,23,52,5890,15,7,0,6241,7200,60,255,1
1767760326.1885996,9124707774134530792,19728,0,34,23,52,5890,15,7,0,6240,7200,60,255,1
1767760327.6924121,9124707774134530792,19759,0,34,23,52,5890,15,7,0,6238,7200,60,255,1
1767760329.1971948,9124707774134530792,19789,0,34,23,52,5890,15,7,0,6237,7200,60,255,1
1767760330.6857271,9124707774134530792,19819,0,34,23,52,5890,15,7,0,6235,7200,60,255,1
1767760331.6876063,9124707774134530792,19840,0,34,23,52,5890,15,7,0,6234,7200,60,255,1
1767760332.6999552,9124707774134530792,19862,0,34,23,52,5890,15,7,0,6233,7200,60,255,1
1767760334.1863093,9124707774134530792,19892,0,34,23,52,5890,15,7,0,6232,7200,60,255,1
1767760335.1989768,9124707774134530792,19912,0,34,23,52,5890,15,7,0,6231,7200,60,255,1
1767760336.691287,9124707774134530792,19945,0,34,23,52,5890,15,7,0,6229,7200,60,255,1
1767760338.1958065,9124707774134530792,19976,0,34,23,52,5890,15,7,0,6228,7200,60,255,1
1767760339.6998887,9124707774134530792,20007,0,34,23,52,5890,15,7,0,6226,7200,60,255,1
1767760341.192471,9124707774134530792,20038,0,34,23,52,5890,15,7,0,6225,7200,60,255,1
1767760342.694371,9124707774134530792,20070,0,34,23,52,5890,15,7,0,6223,7200,60,255,1
1767760344.1986227,9124707774134530792,20102,0,34,23,52,5890,15,7,0,6222,7200,60,255,1
1767760345.6849563,9124707774134530792,20132,0,34,23,52,5890,15,7,0,6220,7200,60,255,1
1767760347.1897943,9124707774134530792,20165,0,34,23,52,5890,15,7,0,6219,7200,60,255,1
1767760348.6946332,9124707774134530792,20195,0,34,23,52,5890,15,7,0,6217,7200,60,255,1
1767760350.1998806,9124707774134530792,20227,0,34,23,52,5890,15,7,0,6216,7200,60,255,1
1767760351.6920745,9124707774134530792,20259,0,34,23,52,5890,15,7,0,6214,7200,60,255,1
1767760353.195642,9124707774134530792,20289,0,34,23,52,5890,15,7,0,6213,7200,60,255,1
1767760354.6844957,9124707774134530792,20320,0,34,23,52,5890,15,7,0,6211,7200,60,255,1
1767760355.6958702,9124707774134530792,20342,0,34,23,52,5890,15,7,0,6210,7200,60,255,1
1767760356.6972244,9124707774134530792,20362,0,34,23,52,5890,15,7,0,6209,7200,60,255,1
1767760358.1991909,9124707774134530792,20392,0,34,23,52,5890,15,7,0,6208,7200,60,255,1
1767760359.6858127,9124707774134530792,20422,0,34,23,52,5890,15,7,0,6206,7200,60,255,1
1767760360.7007756,9124707774134530792,20443,0,34,23,52,5890,15,7,0,6205,7200,60,255,1
1767760362.1918495,9124707774134530792,20473,0,34,23,52,5890,15,7,0,6204,7200,60,255,1
1767760363.6975293,9124707774134530792,20504,0,34,23,52,5890,15,7,0,6202,7200,60,255,1
1767760365.1861382,9124707774134530792,20535,0,34,23,52,5890,15,7,0,6201,7200,60,255,1
1767760366.18969,9124707774134530792,20555,0,34,23,52,5890,15,7,0,6200,7200,60,255,1
1767760367.691857,9124707774134530792,20587,0,34,23,52,5890,15,7,0,6198,7200,60,255,1
1767760369.1960642,9124707774134530792,20618,0,34,23,52,5890,15,7,0,6197,7200,60,255,1
1767760370.1968868,9124707774134530792,20639,0,34,23,52,5890,15,7,0,6196,7200,60,255,1
1767760371.1975768,9124707774134530792,20660,0,34,23,52,5890,15,7,0,6195,7200,60,255,1
1767760372.6979628,9124707774134530792,20690,0,34,23,52,5890,15,7,0,6193,7200,60,255,1
1767760374.1887589,9124707774134530792,20721,0,34,23,52,5890,15,7,0,6192,7200,60,255,1
1767760375.690835,9124707774134530792,20753,0,34,23,52,5890,15,7,0,6190,7200,60,255,1
1767760376.6922386,9124707774134530792,20775,0,34,23,52,5890,15,7,0,6189,7200,60,255,1
1767760378.195591,9124707774134530792,20806,0,34,23,52,5890,15,7,0,6188,7200,60,255,1
1767760379.6940708,9124707774134530792,20838,0,34,23,52,5890,15,7,0,6186,7200,60,255,1
1767760381.1856117,9124707774134530792,20869,0,34,23,52,5890,15,7,0,6185,7200,60,255,1
1767760382.1953425,9124707774134530792,20891,0,34,23,52,5890,15,7,0,6184,7200,60,255,1
1767760383.6976075,9124707774134530792,20922,0,34,23,52,5890,15,7,0,6182,7200,60,255,1
1767760385.1998067,9124707774134530792,20952,0,34,23,52,5890,15,7,0,6181,7200,60,255,1
1767760386.6931548,9124707774134530792,20982,0,34,23,52,5890,15,7,0,6179,7200,60,255,1
1767760388.1979313,9124707774134530792,21014,0,34,23,52,5890,15,7,0,6178,7200,60,255,1
1767760389.6863296,9124707774134530792,21045,0,34,23,52,5890,15,7,0,6176,7200,60,255,1
1767760390.6878564,9124707774134530792,21065,0,34,23,52,5890,15,7,0,6175,7200,60,255,1
1767760391.6898227,9124707774134530792,21086,0,34,23,52,5890,15,7,0,6174,7200,60,255,1
1767760393.193541,9124707774134530792,21117,0,34,23,52,5890,15,7,0,6173,7200,60,255,1
1767760394.694471,9124707774134530792,21150,0,34,23,52,5890,15,7,0,6171,7200,60,255,1
1767760396.1846368,9124707774134530792,21181,0,34,23,52,5890,15,7,0,6170,7200,60,255,1
1767760397.198194,9124707774134530792,21203,0,34,23,52,5890,15,7,0,6169,7200,60,255,1
1767760398.686579,9124707774134530792,21234,0,34,23,52,5890,15,7,0,6167,7200,60,255,1
1767760400.1933124,9124707774134530792,21266,0,34,23,52,5890,15,7,0,6166,7200,60,255,1
1767760401.1948552,9124707774134530792,21287,0,34,23,52,5890,15,7,0,6165,7200,60,255,1
1767760402.6857598,9124707774134530792,21319,0,34,23,52,5890,15,7,0,6163,7200,60,255,1
1767760404.191123,9124707774134530792,21351,0,34,23,52,5890,15,7,0,6162,7200,60,255,1
1767760405.1930332,9124707774134530792,21372,0,34,23,52,5890,15,7,0,6161,7200,60,255,1
1767760406.198243,9124707774134530792,21393,0,34,23,52,5890,15,7,0,6160,7200,60,255,1
1767760407.6879544,9124707774134530792,21424,0,34,23,52,5890,15,7,0,6158,7200,60,255,1
1767760409.1987739,9124707774134530792,21455,0,34,23,52,5890,15,7,0,6157,7200,60,255,1
1767760410.6879556,9124707774134530792,21485,0,34,23,52,5890,15,7,0,6155,7200,60,255,1
1767760412.1997092,9124707774134530792,21518,0,34,23,52,5890,15,7,0,6154,7200,60,255,1
1767760413.6888335,9124707774134530792,21548,0,34,23,52,5890,15,7,0,6152,7200,60,255,1
1767760414.6980696,9124707774134530792,21570,0,34,23,52,5890,15,7,0,6151,7200,60,255,1
1767760416.191057,9124707774134530792,21601,0,34,23,52,5890,15,7,0,6150,7200,60,255,1
1767760417.1991808,9124707774134530792,21623,0,34,23,52,5890,15,7,0,6149,7200,60,255,1
1767760418.6855717,9124707774134530792,21653,0,34,23,52,5890,15,7,0,6147,7200,60,255,1
1767760419.6933413,9124707774134530792,21675,0,34,23,52,5890,15,7,0,6146,7200,60,255,1
1767760420.70033,9124707774134530792,21695,0,34,23,52,5890,15,7,0,6145,7200,60,255,1
1767760422.1979725,9124707774134530792,21726,0,34,23,52,5890,15,7,0,6144,7200,60,255,1
1767760423.6990688,9124707774134530792,21757,0,34,23,52,5890,15,7,0,6142,7200,60,255,1
1767760425.1845803,9124707774134530792,21788,0,34,23,52,5890,15,7,0,6141,7200,60,255,1
1767760426.1855965,9124707774134530792,21809,0,34,23,52,5890,15,7,0,6140,7200,60,255,1
1767760427.1999476,9124707774134530792,21831,0,34,23,52,5890,15,7,0,6139,7200,60,255,1
1767760428.689975,9124707774134530792,21862,0,34,23,52,5890,15,7,0,6137,7200,60,255,1
1767760430.197821,9124707774134530792,21894,0,34,23,52,5890,15,7,0,6136,7200,60,255,1
1767760431.6949742,9124707774134530792,21925,0,34,23,52,5890,15,7,0,6134,7200,60,255,1
1767760432.699621,9124707774134530792,21945,0,34,23,52,5890,15,7,0,6133,7200,60,255,1
1767760434.1866815,9124707774134530792,21977,0,34,23,52,5890,15,7,0,6132,7200,60,255,1
1767760435.1933699,9124707774134530792,21997,0,34,23,52,5890,15,7,0,6131,7200,60,255,1
1767760436.6868212,9124707774134530792,22030,0,34,23,52,5890,15,7,0,6129,7200,60,255,1
1767760437.68957,9124707774134530792,22050,0,34,23,52,5890,15,7,0,6128,7200,60,255,1
1767760438.6936185,9124707774134530792,22070,0,34,23,52,5890,15,7,0,6127,7200,60,255,1
1767760439.694965,9124707774134530792,22090,0,34,23,52,5890,15,7,0,6126,7200,60,255,1
1767760441.1875994,9124707774134530792,22121,0,34,23,52,5890,15,7,0,6125,7200,60,255,1
1767760442.196694,9124707774134530792,22142,0,34,23,52,5890,15,7,0,6124,7200,60,255,1
1767760443.6879923,9124707774134530792,22172,0,34,23,52,5890,15,7,0,6122,7200,60,255,1
1767760444.6997514,9124707774134530792,22194,0,34,23,52,5890,15,7,0,6121,7200,60,255,1
1767760446.193463,9124707774134530792,22224,0,34,23,52,5890,15,7,0,6120,7200,60,255,1
1767760447.6978385,9124707774134530792,22255,0,34,23,52,5890,15,7,0,6118,7200,60,255,1
1767760449.1860065,9124707774134530792,22285,0,34,23,52,5890,15,7,0,6117,7200,60,255,1
1767760450.1960094,9124707774134530792,22307,0,34,23,52,5890,15,7,0,6116,7200,60,255,1
1767760451.1964133,9124707774134530792,22327,0,34,23,52,5890,15,7,0,6115,7200,60,255,1
1767760452.685188,9124707774134530792,22357,0,34,23,52,5890,15,7,0,6113,7200,60,255,1
1767760453.6931717,9124707774134530792,22378,0,34,23,52,5890,15,7,0,6112,7200,60,255,1
1767760455.184348,9124707774134530792,22409,0,34,23,52,5890,15,7,0,6111,7200,60,255,1
1767760456.2001631,9124707774134530792,22430,0,34,23,52,5890,15,7,0,6110,7200,60,255,1
1767760457.688865,9124707774134530792,22460,0,34,23,52,5890,15,7,0,6108,7200,60,255,1
1767760458.698564,9124707774134530792,22482,0,34,23,52,5890,15,7,0,6107,7200,60,255,1
1767760460.1851826,9124707774134530792,22512,0,34,23,52,5890,15,7,0,6106,7200,60,255,1
1767760461.2016504,9124707774134530792,22535,0,34,23,52,5890,15,7,0,6105,7200,60,255,1
1767760462.687545,9124707774134530792,22565,0,34,23,52,5890,15,7,0,6103,7200,60,255,1
1767760463.6996753,9124707774134530792,22588,0,34,23,52,5890,15,7,0,6102,7200,60,255,1
1767760465.1912248,9124707774134530792,22618,0,34,23,52,5890,15,7,0,6101,7200,60,255,1
1767760466.1979945,9124707774134530792,22640,0,34,23,52,5890,15,7,0,6100,7200,60,255,1
1767760467.6944737,9124707774134530792,22671,0,34,23,52,5890,15,7,0,6098,7200,60,255,1
1767760469.186467,9124707774134530792,22701,0,34,23,52,5890,15,7,0,6097,7200,60,255,1
1767760470.197793,9124707774134530792,22724,0,34,23,52,5890,15,7,0,6096,7200,60,255,1
1767760471.6921747,9124707774134530792,22754,0,34,23,52,5890,15,7,0,6094,7200,60,255,1
1767760473.1990676,9124707774134530792,22787,0,34,23,52,5890,15,7,0,6093,7200,60,255,1
1767760474.6892388,9124707774134530792,22817,0,34,23,52,5890,15,7,0,6091,7200,60,255,1
1767760475.6981807,9124707774134530792,22838,0,34,23,52,5890,15,7,0,6090,7200,60,255,1
1767760477.1944587,9124707774134530792,22868,0,34,23,52,5890,15,7,0,6089,7200,60,255,1
1767760478.6850328,9124707774134530792,22898,0,34,23,52,5890,15,7,0,6087,7200,60,255,1
1767760479.6988127,9124707774134530792,22923,0,34,23,52,5890,15,7,0,6086,7200,60,255,1
1767760481.1947868,9124707774134530792,22953,0,34,23,52,5890,15,7,0,6085,7200,60,255,1
1767760482.1955009,9124707774134530792,22973,0,34,23,52,5890,15,7,0,6084,7200,60,255,1
1767760483.6889307,9124707774134530792,23003,0,34,23,52,5890,15,7,0,6082,7200,60,255,1
1767760484.701191,9124707774134530792,23024,0,34,23,52,5890,15,7,0,6081,7200,60,255,1
1767760486.1924062,9124707774134530792,23054,0,34,23,52,5890,15,7,0,6080,7200,60,255,1
1767760487.6865978,9124707774134530792,23084,0,34,23,52,5890,15,7,0,6078,7200,60,255,1
1767760488.6935785,9124707774134530792,23106,0,34,23,52,5890,15,7,0,6077,7200,60,255,1
1767760490.1862566,9124707774134530792,23136,0,34,23,52,5890,15,7,0,6076,7200,60,255,1
1767760491.1954257,9124707774134530792,23157,0,34,23,52,5890,15,7,0,6075,7200,60,255,1
1767760492.6882918,9124707774134530792,23187,0,34,23,52,5890,15,7,0,6073,7200,60,255,1
1767760493.6998627,9124707774134530792,23211,0,34,23,52,5890,15,7,0,6072,7200,60,255,1
1767760495.1948242,9124707774134530792,23241,0,34,23,52,5890,15,7,0,6071,7200,60,255,1
1767760496.6954224,9124707774134530792,23271,0,34,23,52,5890,15,7,0,6069,7200,60,255,1
1767760498.1945827,9124707774134530792,23301,0,34,23,52,5890,15,7,0,6068,7200,60,255,1
1767760499.6951814,9124707774134530792,23331,0,34,23,52,5890,15,7,0,6066,7200,60,255,1
1767760500.6952229,9124707774134530792,23352,0,34,23,52,5890,15,7,0,6065,7200,60,255,1
1767760501.6960354,9124707774134530792,23374,0,34,23,52,5890,15,7,0,6064,7200,60,255,1
1767760503.1998582,9124707774134530792,23405,0,34,23,52,5890,15,7,0,6063,7200,60,255,1
1767760504.684271,9124707774134530792,23437,0,34,23,52,5890,15,7,0,6061,7200,60,255,1
1767760505.6981962,9124707774134530792,23458,0,34,23,52,5890,15,7,0,6060,7200,60,255,1
1767760507.1915445,9124707774134530792,23489,0,34,23,52,5890,15,7,0,6059,7200,60,255,1
1767760508.6952739,9124707774134530792,23520,0,34,23,52,5890,15,7,0,6057,7200,60,255,1
1767760510.1982718,9124707774134530792,23553,0,34,23,52,5890,15,7,0,6056,7200,60,255,1
1767760511.6858013,9124707774134530792,23584,0,34,23,52,5890,15,7,0,6054,7200,60,255,1
1767760512.696157,9124707774134530792,23605,0,34,23,52,5890,15,7,0,6053,7200,60,255,1
1767760514.1946328,9124707774134530792,23636,0,34,23,52,5890,15,7,0,6052,7200,60,255,1
1767760515.6920137,9124707774134530792,23668,0,34,23,52,5890,15,7,0,6050,7200,60,255,1
1767760516.6948235,9124707774134530792,23688,0,34,23,52,5890,15,7,0,6049,7200,60,255,1
1767760518.1898842,9124707774134530792,23719,0,34,23,52,5890,15,7,0,6048,7200,60,255,1
1767760519.6897762,9124707774134530792,23750,0,34,23,52,5890,15,7,0,6046,7200,60,255,1
1767760520.6999102,9124707774134530792,23772,0,34,23,52,5890,15,7,0,6045,7200,60,255,1
1767760522.1898458,9124707774134530792,23804,0,34,23,52,5890,15,7,0,6044,7200,60,255,1
1767760523.6913939,9124707774134530792,23836,0,34,23,52,5890,15,7,0,6042,7200,60,255,1
1767760525.1897154,9124707774134530792,23867,0,34,23,52,5890,15,7,0,6041,7200,60,255,1
1767760526.6948895,9124707774134530792,23898,0,34,23,52,5890,15,7,0,6039,7200,60,255,1
1767760528.1953194,9124707774134530792,23930,0,34,23,52,5890,15,7,0,6038,7200,60,255,1
1767760529.6974847,9124707774134530792,23961,0,34,23,52,5890,15,7,0,6036,7200,60,255,1
1767760531.197889,9124707774134530792,23993,0,34,23,52,5890,15,7,0,6035,7200,60,255,1
1767760532.6883283,9124707774134530792,24024,0,34,23,52,5890,15,7,0,6033,7200,60,255,1
1767760533.6895652,9124707774134530792,24045,0,34,23,52,5890,15,7,0,6032,7200,60,255,1
1767760534.698546,9124707774134530792,24067,0,34,23,52,5890,15,7,0,6031,7200,60,255,1
1767760536.189919,9124707774134530792,24098,0,34,23,52,5890,15,7,0,6030,7200,60,255,1
1767760537.1977546,9124707774134530792,24118,0,34,23,52,5890,15,7,0,6029,7200,60,255,1
1767760538.2001157,9124707774134530792,24138,0,34,23,52,5890,15,7,0,6028,7200,60,255,1
1767760539.6879764,9124707774134530792,24171,0,34,23,52,5890,15,7,0,6026,7200,60,255,1
1767760540.6901495,9124707774134530792,24191,0,34,23,52,5890,15,7,0,6025,7200,60,255,1
1767760541.6948955,9124707774134530792,24211,0,34,23,52,5890,15,7,0,6024,7200,60,255,1
1767760542.6969304,9124707774134530792,24231,0,34,23,52,5890,15,7,0,6023,7200,60,255,1
1767760543.6990063,9124707774134530792,24251,0,34,23,52,5890,15,7,0,6022,7200,60,255,1
1767760544.6992288,9124707774134530792,24271,0,34,23,52,5890,15,7,0,6021,7200,60,255,1
1767760546.1856496,9124707774134530792,24305,0,34,23,52,5890,15,7,0,6020,7200,60,255,1
1767760547.191616,9124707774134530792,24327,0,34,23,52,5890,15,7,0,6019,7200,60,255,1
1767760548.1922545,9124707774134530792,24347,0,34,23,52,5890,15,7,0,6018,7200,60,255,1
1767760549.1951196,9124707774134530792,24367,0,34,23,52,5890,15,7,0,6017,7200,60,255,1
1767760550.19617,9124707774134530792,24387,0,34,23,52,5890,15,7,0,6016,7200,60,255,1
1767760551.1980252,9124707774134530792,24407,0,34,23,52,5890,15,7,0,6015,7200,60,255,1
1767760552.688103,9124707774134530792,24437,0,34,23,52,5890,15,7,0,6013,7200,60,255,1
1767760553.6909578,9124707774134530792,24457,0,34,23,52,5890,15,7,0,6012,7200,60,255,1
1767760554.6989994,9124707774134530792,24477,0,34,23,52,5890,15,7,0,6011,7200,60,255,1
1767760556.2011607,9124707774134530792,24508,0,34,23,52,5890,15,7,0,6010,7200,60,255,1
1767760557.6899576,9124707774134530792,24538,0,34,23,52,5890,15,7,0,6008,7200,60,255,1
1767760558.6927378,9124707774134530792,24558,0,34,23,52,5890,15,7,0,6007,7200,60,255,1
1767760559.6948524,9124707774134530792,24578,0,34,23,52,5890,15,7,0,6006,7200,60,255,1
1767760560.6950085,9124707774134530792,24598,0,34,23,52,5890,15,7,0,6005,7200,60,255,1
1767760562.1875296,9124707774134530792,24631,0,34,23,52,5890,15,7,0,6004,7200,60,255,1
1767760563.1890738,9124707774134530792,24651,0,34,23,52,5890,15,7,0,6003,7200,60,255,1
1767760564.1982348,9124707774134530792,24673,0,34,23,52,5890,15,7,0,6002,7200,60,255,1
1767760565.6966076,9124707774134530792,24704,0,34,23,52,5890,15,7,0,6000,7200,60,255,1
1767760567.1854699,9124707774134530792,24734,0,34,23,52,5890,15,7,0,5999,7200,60,255,1
1767760568.1952531,9124707774134530792,24756,0,34,23,52,5890,15,7,0,5998,7200,60,255,1
1767760569.6986291,9124707774134530792,24788,0,34,23,52,5890,15,7,0,5996,7200,60,255,1
1767760571.1849701,9124707774134530792,24820,0,34,23,52,5890,15,7,0,5995,7200,60,255,1
1767760572.199571,9124707774134530792,24842,0,34,23,52,5890,15,7,0,5994,7200,60,255,1
1767760573.685852,9124707774134530792,24872,0,34,23,52,5890,15,7,0,5992,7200,60,255,1
1767760574.692794,9124707774134530792,24893,0,34,23,52,5890,15,7,0,5991,7200,60,255,1
1767760575.699451,9124707774134530792,24915,0,34,23,52,5890,15,7,0,5990,7200,60,255,1
1767760577.194449,9124707774134530792,24945,0,34,23,52,5890,15,7,0,5989,7200,60,255,1
1767760578.6965244,9124707774134530792,24975,0,34,23,52,5890,15,7,0,5987,7200,60,255,1
1767760580.1998622,9124707774134530792,25006,0,34,23,52,5890,15,7,0,5986,7200,60,255,1
1767760581.6909206,9124707774134530792,25036,0,34,23,52,5890,15,7,0,5984,7200,60,255,1
1767760583.1977873,9124707774134530792,25070,0,34,23,52,5890,15,7,0,5983,7200,60,255,1
1767760584.685188,9124707774134530792,25101,0,34,23,52,5890,15,7,0,5981,7200,60,255,1
1767760585.6919196,9124707774134530792,25122,0,34,23,52,5890,15,7,0,5980,7200,60,255,1
1767760587.188011,9124707774134530792,25152,0,34,23,52,5890,15,7,0,5979,7200,60,255,1
1767760588.1978803,9124707774134530792,25177,0,34,23,52,5890,15,7,0,5978,7200,60,255,1
1767760589.6906419,9124707774134530792,25207,0,34,23,52,5890,15,7,0,5976,7200,60,255,1
1767760591.1857433,9124707774134530792,25244,0,34,23,52,5890,15,7,0,5975,7200,60,255,1
1767760592.696726,9124707774134530792,25279,0,34,23,52,5890,15,7,0,5973,7200,60,255,1
1767760594.1897004,9124707774134530792,25309,0,34,23,52,5890,15,7,0,5972,7200,60,255,1
1767760595.1984665,9124707774134530792,25331,0,34,23,52,5890,15,7,0,5971,7200,60,255,1
1767760596.6935928,9124707774134530792,25361,0,34,23,52,5890,15,7,0,5969,7200,60,255,1
1767760598.1995413,9124707774134530792,25392,0,34,23,52,5890,15,7,0,5968,7200,60,255,1
1767760599.6907167,9124707774134530792,25422,0,34,23,52,5890,15,7,0,5966,7200,60,255,1
1767760600.699521,9124707774134530792,25444,0,34,23,52,5890,15,7,0,5965,7200,60,255,1
1767760602.1931398,9124707774134530792,25474,0,34,23,52,5890,15,7,0,5964,7200,60,255,1
1767760603.698853,9124707774134530792,25506,0,34,23,52,5890,15,7,0,5962,7200,60,255,1
1767760605.1884208,9124707774134530792,25536,0,34,23,52,5890,15,7,0,5961,7200,60,255,1
1767760606.1965253,9124707774134530792,25559,0,34,23,52,5890,15,7,0,5960,7200,60,255,1
1767760607.6880143,9124707774134530792,25589,0,34,23,52,5890,15,7,0,5958,7200,60,255,1
1767760608.6978076,9124707774134530792,25610,0,34,23,52,5890,15,7,0,5957,7200,60,255,1
1767760610.1994438,9124707774134530792,25641,0,34,23,52,5890,15,7,0,5956,7200,60,255,1
1767760611.6932385,9124707774134530792,25671,0,34,23,52,5890,15,7,0,5954,7200,60,255,1
1767760613.1977932,9124707774134530792,25704,0,34,23,52,5890,15,7,0,5953,7200,60,255,1
1767760614.685836,9124707774134530792,25736,0,34,23,52,5890,15,7,0,5951,7200,60,255,1
1767760615.6918402,9124707774134530792,25757,0,34,23,52,5890,15,7,0,5950,7200,60,255,1
1767760617.1860251,9124707774134530792,25789,0,34,23,52,5890,15,7,0,5949,7200,60,255,1
1767760618.1923916,9124707774134530792,25810,0,34,23,52,5890,15,7,0,5948,7200,60,255,1
1767760619.1991017,9124707774134530792,25832,0,34,23,52,5890,15,7,0,5947,7200,60,255,1
1767760620.6853704,9124707774134530792,25863,0,34,23,52,5890,15,7,0,5945,7200,60,255,1
1767760621.6954727,9124707774134530792,25884,0,34,23,52,5890,15,7,0,5944,7200,60,255,1
1767760623.1978192,9124707774134530792,25917,0,34,23,52,5890,15,7,0,5943,7200,60,255,1
1767760624.6853948,9124707774134530792,25947,0,34,23,52,5890,15,7,0,5941,7200,60,255,1
1767760625.6921623,9124707774134530792,25968,0,34,23,52,5890,15,7,0,5940,7200,60,255,1
1767760627.184566,9124707774134530792,25999,0,34,23,52,5890,15,7,0,5939,7200,60,255,1
1767760628.193935,9124707774134530792,26020,0,34,23,52,5890,15,7,0,5938,7200,60,255,1
1767760629.69775,9124707774134530792,26052,0,34,23,52,5890,15,7,0,5936,7200,60,255,1
1767760631.184709,9124707774134530792,26083,0,34,23,52,5890,15,7,0,5935,7200,60,255,1
1767760632.195331,9124707774134530792,26105,0,34,23,52,5890,15,7,0,5934,7200,60,255,1
1767760633.699588,9124707774134530792,26137,0,34,23,52,5890,15,7,0,5932,7200,60,255,1
1767760635.1863277,9124707774134530792,26167,0,34,23,52,5890,15,7,0,5931,7200,60,255,1
1767760636.1949546,9124707774134530792,26188,0,34,23,52,5890,15,7,0,5930,7200,60,255,1
1767760637.6879766,9124707774134530792,26218,0,34,23,52,5890,15,7,0,5928,7200,60,255,1
1767760638.6968231,9124707774134530792,26239,0,34,23,52,5890,15,7,0,5927,7200,60,255,1
1767760640.1979728,9124707774134530792,26271,0,34,23,52,5890,15,7,0,5926,7200,60,255,1
1767760641.6909587,9124707774134530792,26301,0,34,23,52,5890,15,7,0,5924,7200,60,255,1
1767760642.6995833,9124707774134530792,26324,0,34,23,52,5890,15,7,0,5923,7200,60,255,1
1767760644.189439,9124707774134530792,26354,0,34,23,52,5890,15,7,0,5922,7200,60,255,1
1767760645.1982338,9124707774134530792,26375,0,34,23,52,5890,15,7,0,5921,7200,60,255,1
1767760646.6964364,9124707774134530792,26407,0,34,23,52,5890,15,7,0,5919,7200,60,255,1
1767760648.1851308,9124707774134530792,26442,0,34,23,52,5890,15,7,0,5918,7200,60,255,1
1767760649.1965861,9124707774134530792,26463,0,34,23,52,5890,15,7,0,5917,7200,60,255,1
1767760650.6940672,9124707774134530792,26493,0,34,23,52,5890,15,7,0,5915,7200,60,255,1
1767760652.1898534,9124707774134530792,26523,0,34,23,52,5890,15,7,0,5914,7200,60,255,1
1767760653.6844342,9124707774134530792,26556,0,34,23,52,5890,15,7,0,5912,7200,60,255,1
1767760654.6962478,9124707774134530792,26577,0,34,23,52,5890,15,7,0,5911,7200,60,255,1
1767760656.1897588,9124707774134530792,26607,0,34,23,52,5890,15,7,0,5910,7200,60,255,1
1767760657.6861768,9124707774134530792,26637,0,34,23,52,5890,15,7,0,5908,7200,60,255,1
1767760658.6976547,9124707774134530792,26659,0,34,23,52,5890,15,7,0,5907,7200,60,255,1
1767760660.192011,9124707774134530792,26689,0,34,23,52,5890,15,7,0,5906,7200,60,255,1
1767760661.6980834,9124707774134530792,26721,0,34,23,52,5890,15,7,0,5904,7200,60,255,1
1767760663.1933427,9124707774134530792,26751,0,34,23,52,5890,15,7,0,5903,7200,60,255,1
1767760664.689813,9124707774134530792,26781,0,34,23,52,5890,15,7,0,5901,7200,60,255,1
1767760666.1875978,9124707774134530792,26811,0,34,23,52,5890,15,7,0,5900,7200,60,255,1
1767760667.7008088,9124707774134530792,26846,0,34,23,52,5890,15,7,0,5898,7200,60,255,1
1767760669.1948752,9124707774134530792,26876,0,34,23,52,5890,15,7,0,5897,7200,60,255,1
1767760670.69117,9124707774134530792,26906,0,34,23,52,5890,15,7,0,5895,7200,60,255,1
1767760672.1886833,9124707774134530792,26937,0,34,23,52,5890,15,7,0,5894,7200,60,255,1
1767760673.2017262,9124707774134530792,26959,0,34,23,52,5890,15,7,0,5893,7200,60,255,1
1767760674.6956367,9124707774134530792,26989,0,34,23,52,5890,15,7,0,5891,7200,60,255,1
1767760676.186635,9124707774134530792,27019,0,34,23,52,5890,15,7,0,5890,7200,60,255,1
1767760677.1877656,9124707774134530792,27042,0,34,23,52,5890,15,7,0,5889,7200,60,255,1
1767760678.1986594,9124707774134530792,27066,0,34,23,52,5890,15,7,0,5888,7200,60,255,1
1767760679.6905637,9124707774134530792,27096,0,34,23,52,5890,15,7,0,5886,7200,60,255,1
1767760681.184504,9124707774134530792,27129,0,34,23,52,5890,15,7,0,5885,7200,60,255,1
1767760682.186936,9124707774134530792,27150,0,34,23,52,5890,15,7,0,5884,7200,60,255,1
1767760683.6845422,9124707774134530792,27189,0,34,23,52,5890,15,7,0,5882,7200,60,255,1
1767760684.6978338,9124707774134530792,27210,0,34,23,52,5890,15,7,0,5881,7200,60,255,1
1767760686.1917946,9124707774134530792,27240,0,34,23,52,5890,15,7,0,5880,7200,60,255,1
1767760687.1938274,9124707774134530792,27260,0,34,23,52,5890,15,7,0,5879,7200,60,255,1
1767760688.689749,9124707774134530792,27290,0,34,23,52,5890,15,7,0,5877,7200,60,255,1
1767760690.1865115,9124707774134530792,27321,0,34,23,52,5890,15,7,0,5876,7200,60,255,1
1767760691.685305,9124707774134530792,27358,0,34,23,52,5890,15,7,0,5874,7200,60,255,1
1767760693.2007434,9124707774134530792,27392,0,34,23,52,5890,15,7,0,5873,7200,60,255,1
1767760694.6957445,9124707774134530792,27422,0,34,23,52,5890,15,7,0,5871,7200,60,255,1
1767760696.1945186,9124707774134530792,27452,0,34,23,52,5890,15,7,0,5870,7200,60,255,1
1767760697.1953712,9124707774134530792,27472,0,34,23,52,5890,15,7,0,5869,7200,60,255,1
1767760698.6895604,9124707774134530792,27502,0,34,23,52,5890,15,7,0,5867,7200,60,255,1
1767760700.1998608,9124707774134530792,27535,0,34,23,52,5890,15,7,0,5866,7200,60,255,1
1767760701.694117,9124707774134530792,27565,0,34,23,52,5890,15,7,0,5864,7200,60,255,1
1767760703.1908114,9124707774134530792,27595,0,34,23,52,5890,15,7,0,5863,7200,60,255,1
1767760704.6848574,9124707774134530792,27632,0,34,23,52,5890,15,7,0,5861,7200,60,255,1
1767760705.6977572,9124707774134530792,27655,0,34,23,52,5890,15,7,0,5860,7200,60,255,1
1767760707.1984048,9124707774134530792,27685,0,34,23,52,5890,15,7,0,5859,7200,60,255,1
1767760708.6876602,9124707774134530792,27715,0,34,23,52,5890,15,7,0,5857,7200,60,255,1
1767760709.6995497,9124707774134530792,27737,0,34,23,52,5890,15,7,0,5856,7200,60,255,1
1767760711.1941144,9124707774134530792,27767,0,34,23,52,5890,15,7,0,5855,7200,60,255,1
1767760712.6889217,9124707774134530792,27797,0,34,23,52,5890,15,7,0,5853,7200,60,255,1
1767760713.6997514,9124707774134530792,27822,0,34,23,52,5890,15,7,0,5852,7200,60,255,1
1767760715.1941593,9124707774134530792,27853,0,34,23,52,5890,15,7,0,5851,7200,60,255,1
1767760716.1952426,9124707774134530792,27873,0,34,23,52,5890,15,7,0,5850,7200,60,255,1
1767760717.1989133,9124707774134530792,27893,0,34,23,52,5890,15,7,0,5849,7200,60,255,1
1767760718.6958153,9124707774134530792,27926,0,34,23,52,5890,15,7,0,5847,7200,60,255,1
1767760719.697761,9124707774134530792,27946,0,34,23,52,5890,15,7,0,5846,7200,60,255,1
1767760721.1844616,9124707774134530792,27979,0,34,23,52,5890,15,7,0,5845,7200,60,255,1
1767760722.184936,9124707774134530792,28001,0,34,23,52,5890,15,7,0,5844,7200,60,255,1
1767760723.1948154,9124707774134530792,28022,0,34,23,52,5890,15,7,0,5843,7200,60,255,1
1767760724.6865025,9124707774134530792,28054,0,34,23,52,5890,15,7,0,5841,7200,60,255,1
1767760725.7016559,9124707774134530792,28078,0,34,23,52,5890,15,7,0,5840,7200,60,255,1
1767760727.1976762,9124707774134530792,28108,0,34,23,52,5890,15,7,0,5839,7200,60,255,1
1767760728.687019,9124707774134530792,28138,0,34,23,52,5890,15,7,0,5837,7200,60,255,1
1767760729.6987698,9124707774134530792,28162,0,34,23,52,5890,15,7,0,5836,7200,60,255,1
1767760731.1908882,9124707774134530792,28192,0,34,23,52,5890,15,7,0,5835,7200,60,255,1
1767760732.6844935,9124707774134530792,28227,0,34,23,52,5890,15,7,0,5833,7200,60,255,1
1767760733.6970615,9124707774134530792,28248,0,34,23,52,5890,15,7,0,5832,7200,60,255,1
1767760735.1878946,9124707774134530792,28278,0,34,23,52,5890,15,7,0,5831,7200,60,255,1
1767760736.1979485,9124707774134530792,28301,0,34,23,52,5890,15,7,0,5830,7200,60,255,1
1767760737.694435,9124707774134530792,28331,0,34,23,52,5890,15,7,0,5828,7200,60,255,1
1767760739.1889822,9124707774134530792,28361,0,34,23,52,5890,15,7,0,5827,7200,60,255,1
1767760740.1963649,9124707774134530792,28383,0,34,23,52,5890,15,7,0,5826,7200,60,255,1
1767760741.6896567,9124707774134530792,28413,0,34,23,52,5890,15,7,0,5824,7200,60,255,1
1767760743.1880298,9124707774134530792,28443,0,34,23,52,5890,15,7,0,5823,7200,60,255,1
1767760744.1962838,9124707774134530792,28465,0,34,23,52,5890,15,7,0,5822,7200,60,255,1
1767760745.6873865,9124707774134530792,28495,0,34,23,52,5890,15,7,0,5820,7200,60,255,1
1767760746.6980858,9124707774134530792,28520,0,34,23,52,5890,15,7,0,5819,7200,60,255,1
1767760748.1939816,9124707774134530792,28551,0,34,23,52,5890,15,7,0,5818,7200,60,255,1
1767760749.6850216,9124707774134530792,28584,0,34,23,52,5890,15,7,0,5816,7200,60,255,1
1767760750.6943555,9124707774134530792,28605,0,34,23,52,5890,15,7,0,5815,7200,60,255,1
1767760752.1906765,9124707774134530792,28636,0,34,23,52,5890,15,7,0,5814,7200,60,255,1
1767760753.196278,9124707774134530792,28660,0,34,23,52,5890,15,7,0,5813,7200,60,255,1
1767760754.6870823,9124707774134530792,28690,0,34,23,52,5890,15,7,0,5811,7200,60,255,1
1767760755.6973598,9124707774134530792,28710,0,34,23,52,5890,15,7,0,5810,7200,60,255,1
1767760757.192131,9124707774134530792,28740,0,34,23,52,5890,15,7,0,5809,7200,60,255,1
1767760758.6864815,9124707774134530792,28770,0,34,23,52,5890,15,7,0,5807,7200,60,255,1
1767760759.699434,9124707774134530792,28796,0,34,23,52,5890,15,7,0,5806,7200,60,255,1
1767760761.1929584,9124707774134530792,28826,0,34,23,52,5890,15,7,0,5805,7200,60,255,1
1767760762.193929,9124707774134530792,28846,0,34,23,52,5890,15,7,0,5804,7200,60,255,1
1767760763.687748,9124707774134530792,28876,0,34,23,52,5890,15,7,0,5802,7200,60,255,1
1767760764.7020679,9124707774134530792,28900,0,34,23,52,5890,15,7,0,5801,7200,60,255,1
1767760766.1953614,9124707774134530792,28930,0,34,23,52,5890,15,7,0,5800,7200,60,255,1
1767760767.6897397,9124707774134530792,28960,0,34,23,52,5890,15,7,0,5798,7200,60,255,1
1767760769.1974103,9124707774134530792,28995,0,34,23,52,5890,15,7,0,5797,7200,60,255,1
1767760770.6879914,9124707774134530792,29025,0,34,23,52,5890,15,7,0,5795,7200,60,255,1
1767760771.69893,9124707774134530792,29048,0,34,23,52,5890,15,7,0,5794,7200,60,255,1
1767760773.194418,9124707774134530792,29078,0,34,23,52,5890,15,7,0,5793,7200,60,255,1
1767760774.6877797,9124707774134530792,29108,0,34,23,52,5890,15,7,0,5791,7200,60,255,1
1767760775.6977024,9124707774134530792,29131,0,34,23,52,5890,15,7,0,5790,7200,60,255,1
1767760777.1965787,9124707774134530792,29161,0,34,23,52,5890,15,7,0,5789,7200,60,255,1
1767760778.6917372,9124707774134530792,29191,0,34,23,52,5890,15,7,0,5787,7200,60,255,1
1767760780.1864326,9124707774134530792,29222,0,34,23,52,5890,15,7,0,5786,7200,60,255,1
1767760781.1979814,9124707774134530792,29245,0,34,23,52,5890,15,7,0,5785,7200,60,255,1
1767760782.7005398,9124707774134530792,29277,0,34,23,52,5890,15,7,0,5783,7200,60,255,1
1767760784.1977074,9124707774134530792,29307,0,34,23,52,5890,15,7,0,5782,7200,60,255,1
1767760785.6905499,9124707774134530792,29337,0,34,23,52,5890,15,7,0,5780,7200,60,255,1
1767760787.186004,9124707774134530792,29370,0,34,23,52,5890,15,7,0,5779,7200,60,255,1
1767760788.1980505,9124707774134530792,29392,0,34,23,52,5890,15,7,0,5778,7200,60,255,1
1767760789.6878257,9124707774134530792,29422,0,34,23,52,5890,15,7,0,5776,7200,60,255,1
1767760791.1853957,9124707774134530792,29454,0,34,23,52,5890,15,7,0,5775,7200,60,255,1
1767760792.2008505,9124707774134530792,29476,0,34,23,52,5890,15,7,0,5774,7200,60,255,1
1767760793.689457,9124707774134530792,29506,0,34,23,52,5890,15,7,0,5772,7200,60,255,1
1767760794.701732,9124707774134530792,29529,0,34,23,52,5890,15,7,0,5771,7200,60,255,1
1767760796.192944,9124707774134530792,29559,0,34,23,52,5890,15,7,0,5770,7200,60,255,1
1767760797.686191,9124707774134530792,29591,0,34,23,52,5890,15,7,0,5768,7200,60,255,1
1767760798.6937985,9124707774134530792,29612,0,34,23,52,5890,15,7,0,5767,7200,60,255,1
1767760800.186652,9124707774134530792,29644,0,34,23,52,5890,15,7,0,5766,7200,60,255,1
1767760801.1956434,9124707774134530792,29665,0,34,23,52,5890,15,7,0,5765,7200,60,255,1
1767760802.6927478,9124707774134530792,29695,0,34,23,52,5890,15,7,0,5763,7200,60,255,1
1767760804.2005365,9124707774134530792,29727,0,34,23,52,5890,15,7,0,5762,7200,60,255,1
1767760805.68863,9124707774134530792,29757,0,34,23,52,5890,15,7,0,5760,7200,60,255,1
1767760806.6986551,9124707774134530792,29779,0,34,23,52,5890,15,7,0,5759,7200,60,255,1
1767760808.1899745,9124707774134530792,29810,0,34,23,52,5890,15,7,0,5758,7200,60,255,1
1767760809.6976461,9124707774134530792,29844,0,34,23,52,5890,15,7,0,5756,7200,60,255,1
1767760811.1936646,9124707774134530792,29874,0,34,23,52,5890,15,7,0,5755,7200,60,255,1
1767760812.6869984,9124707774134530792,29907,0,34,23,52,5890,15,7,0,5753,7200,60,255,1
1767760813.6977787,9124707774134530792,29928,0,34,23,52,5890,15,7,0,5752,7200,60,255,1
1767760815.1850915,9124707774134530792,29958,0,34,23,52,5890,15,7,0,5751,7200,60,255,1
1767760816.7009249,9124707774134530792,29993,0,34,23,52,5890,15,7,0,5749,7200,60,255,1
1767760818.1961684,9124707774134530792,30024,0,34,23,52,5890,15,7,0,5748,7200,60,255,1
1767760819.689344,9124707774134530792,30054,0,34,23,52,5890,15,7,0,5746,7200,60,255,1
1767760820.6985226,9124707774134530792,30076,0,34,23,52,5890,15,7,0,5745,7200,60,255,1
1767760822.1943476,9124707774134530792,30106,0,34,23,52,5890,15,7,0,5744,7200,60,255,1
1767760823.6862504,9124707774134530792,30137,0,34,23,52,5890,15,7,0,5742,7200,60,255,1
1767760824.6987157,9124707774134530792,30160,0,34,23,52,5890,15,7,0,5741,7200,60,255,1
1767760826.1905463,9124707774134530792,30190,0,34,23,52,5890,15,7,0,5740,7200,60,255,1
1767760827.1919076,9124707774134530792,30210,0,34,23,52,5890,15,7,0,5739,7200,60,255,1
1767760828.6995492,9124707774134530792,30241,0,34,23,52,5890,15,7,0,5737,7200,60,255,1
1767760830.195388,9124707774134530792,30271,0,34,23,52,5890,15,7,0,5736,7200,60,255,1
1767760831.687786,9124707774134530792,30302,0,34,23,52,5890,15,7,0,5734,7200,60,255,1
1767760833.199616,9124707774134530792,30337,0,34,23,52,5890,15,7,0,5733,7200,60,255,1
1767760834.6893182,9124707774134530792,30367,0,34,23,52,5890,15,7,0,5731,7200,60,255,1
1767760835.699572,9124707774134530792,30389,0,34,23,52,5890,15,7,0,5730,7200,60,255,1
1767760837.1976337,9124707774134530792,30419,0,34,23,52,5890,15,7,0,5729,7200,60,255,1
1767760838.6873326,9124707774134530792,30449,0,34,23,52,5890,15,7,0,5727,7200,60,255,1
1767760839.6955395,9124707774134530792,30471,0,34,23,52,5890,15,7,0,5726,7200,60,255,1
1767760841.1879117,9124707774134530792,30501,0,34,23,52,5890,15,7,0,5725,7200,60,255,1
1767760842.1897147,9124707774134530792,30526,0,34,23,52,5890,15,7,0,5724,7200,60,255,1
1767760843.6979084,9124707774134530792,30559,0,34,23,52,5890,15,7,0,5722,7200,60,255,1
1767760845.1917565,9124707774134530792,30589,0,34,23,52,5890,15,7,0,5721,7200,60,255,1
1767760846.1993525,9124707774134530792,30611,0,34,23,52,5890,15,7,0,5720,7200,60,255,1
1767760847.6995769,9124707774134530792,30641,0,34,23,52,5890,15,7,0,5718,7200,60,255,1
1767760849.1887655,9124707774134530792,30675,0,34,23,52,5890,15,7,0,5717,7200,60,255,1
1767760850.194059,9124707774134530792,30695,0,34,23,52,5890,15,7,0,5716,7200,60,255,1
1767760851.1994815,9124707774134530792,30715,0,34,23,52,5890,15,7,0,5715,7200,60,255,1
1767760852.6933055,9124707774134530792,30749,0,34,23,52,5890,15,7,0,5713,7200,60,255,1
1767760853.6978884,9124707774134530792,30769,0,34,23,52,5890,15,7,0,5712,7200,60,255,1
1767760855.192114,9124707774134530792,30802,0,34,23,52,5890,15,7,0,5711,7200,60,255,1
1767760856.1979585,9124707774134530792,30822,0,34,23,52,5890,15,7,0,5710,7200,60,255,1
1767760857.6938734,9124707774134530792,30854,0,34,23,52,5890,15,7,0,5708,7200,60,255,1
1767760858.697678,9124707774134530792,30874,0,34,23,52,5890,15,7,0,5707,7200,60,255,1
1767760860.189738,9124707774134530792,30908,0,34,23,52,5890,15,7,0,5706,7200,60,255,1
1767760861.1963308,9124707774134530792,30928,0,34,23,52,5890,15,7,0,5705,7200,60,255,1
1767760862.693886,9124707774134530792,30961,0,34,23,52,5890,15,7,0,5703,7200,60,255,1
1767760863.699451,9124707774134530792,30981,0,34,23,52,5890,15,7,0,5702,7200,60,255,1
1767760865.187915,9124707774134530792,31012,0,34,23,52,5890,15,7,0,5701,7200,60,255,1
1767760866.1942017,9124707774134530792,31032,0,34,23,52,5890,15,7,0,5700,7200,60,255,1
1767760867.6906104,9124707774134530792,31063,0,34,23,52,5890,15,7,0,5698,7200,60,255,1
1767760868.696895,9124707774134530792,31083,0,34,23,52,5890,15,7,0,5697,7200,60,255,1
1767760870.1903405,9124707774134530792,31116,0,34,23,52,5890,15,7,0,5696,7200,60,255,1
1767760871.1962724,9124707774134530792,31136,0,34,23,52,5890,15,7,0,5695,7200,60,255,1
1767760872.200782,9124707774134530792,31156,0,34,23,52,5890,15,7,0,5694,7200,60,255,1
1767760873.69807,9124707774134530792,31186,0,34,23,52,5890,15,7,0,5692,7200,60,255,1
1767760875.187851,9124707774134530792,31218,0,34,23,52,5890,15,7,0,5691,7200,60,255,1
1767760876.1931894,9124707774134530792,31238,0,34,23,52,5890,15,7,0,5690,7200,60,255,1
1767760877.1983435,9124707774134530792,31258,0,34,23,52,5890,15,7,0,5689,7200,60,255,1
1767760878.695157,9124707774134530792,31291,0,34,23,52,5890,15,7,0,5687,7200,60,255,1
1767760879.6980374,9124707774134530792,31311,0,34,23,52,5890,15,7,0,5686,7200,60,255,1
1767760881.1903872,9124707774134530792,31344,0,34,23,52,5890,15,7,0,5685,7200,60,255,1
1767760882.1977184,9124707774134530792,31364,0,34,23,52,5890,15,7,0,5684,7200,60,255,1
1767760883.6932573,9124707774134530792,31397,0,34,23,52,5890,15,7,0,5682,7200,60,255,1
1767760884.6994607,9124707774134530792,31417,0,34,23,52,5890,15,7,0,5681,7200,60,255,1
1767760886.191975,9124707774134530792,31450,0,34,23,52,5890,15,7,0,5680,7200,60,255,1
1767760887.1957371,9124707774134530792,31470,0,34,23,52,5890,15,7,0,5679,7200,60,255,1
1767760888.6904614,9124707774134530792,31502,0,34,23,52,5890,15,7,0,5677,7200,60,255,1
1767760889.6959028,9124707774134530792,31522,0,34,23,52,5890,15,7,0,5676,7200,60,255,1
1767760890.7005575,9124707774134530792,31542,0,34,23,52,5890,15,7,0,5675,7200,60,255,1
1767760892.1928654,9124707774134530792,31574,0,34,23,52,5890,15,7,0,5674,7200,60,255,1
1767760893.6858687,9124707774134530792,31605,0,34,23,52,5890,15,7,0,5672,7200,60,255,1
1767760894.6918004,9124707774134530792,31626,0,34,23,52,5890,15,7,0,5671,7200,60,255,1
1767760895.6978052,9124707774134530792,31646,0,34,23,52,5890,15,7,0,5670,7200,60,255,1
1767760897.1893723,9124707774134530792,31678,0,34,23,52,5890,15,7,0,5669,7200,60,255,1
1767760898.1995213,9124707774134530792,31698,0,34,23,52,5890,15,7,0,5668,7200,60,255,1
1767760899.690705,9124707774134530792,31731,0,34,23,52,5890,15,7,0,5666,7200,60,255,1
1767760900.693808,9124707774134530792,31751,0,34,23,52,5890,15,7,0,5665,7200,60,255,1
1767760901.6978273,9124707774134530792,31771,0,34,23,52,5890,15,7,0,5664,7200,60,255,1
1767760903.1907692,9124707774134530792,31801,0,34,23,52,5890,15,7,0,5663,7200,60,255,1
1767760904.195575,9124707774134530792,31821,0,34,23,52,5890,15,7,0,5662,7200,60,255,1
1767760905.686636,9124707774134530792,31855,0,34,23,52,5890,15,7,0,5660,7200,60,255,1
1767760906.6928966,9124707774134530792,31876,0,34,23,52,5890,15,7,0,5659,7200,60,255,1
1767760908.188025,9124707774134530792,31910,0,34,23,52,5890,15,7,0,5658,7200,60,255,1
1767760909.1931105,9124707774134530792,31930,0,34,23,52,5890,15,7,0,5657,7200,60,255,1
1767760910.199717,9124707774134530792,31950,0,34,23,52,5890,15,7,0,5656,7200,60,255,1
1767760911.6901047,9124707774134530792,31984,0,34,23,52,5890,15,7,0,5654,7200,60,255,1
1767760912.6979828,9124707774134530792,32004,0,34,23,52,5890,15,7,0,5653,7200,60,255,1
1767760914.18968,9124707774134530792,32036,0,34,23,52,5890,15,7,0,5652,7200,60,255,1
1767760915.1944823,9124707774134530792,32056,0,34,23,52,5890,15,7,0,5651,7200,60,255,1
1767760916.1995492,9124707774134530792,32076,0,34,23,52,5890,15,7,0,5650,7200,60,255,1
1767760917.6979089,9124707774134530792,32109,0,34,23,52,5890,15,7,0,5648,7200,60,255,1
1767760919.187815,9124707774134530792,32142,0,34,23,52,5890,15,7,0,5647,7200,60,255,1
1767760920.192883,9124707774134530792,32162,0,34,23,52,5890,15,7,0,5646,7200,60,255,1
1767760921.6977825,9124707774134530792,32194,0,34,23,52,5890,15,7,0,5644,7200,60,255,1
1767760923.187839,9124707774134530792,32224,0,34,23,52,5890,15,7,0,5643,7200,60,255,1
1767760924.1952467,9124707774134530792,32245,0,34,23,52,5890,15,7,0,5642,7200,60,255,1
1767760925.6920187,9124707774134530792,32275,0,34,23,52,5890,15,7,0,5640,7200,60,255,1
1767760927.1894913,9124707774134530792,32305,0,34,23,52,5890,15,7,0,5639,7200,60,255,1
1767760928.1928537,9124707774134530792,32325,0,34,23,52,5890,15,7,0,5638,7200,60,255,1
1767760929.6879575,9124707774134530792,32355,0,34,23,52,5890,15,7,0,5636,7200,60,255,1
1767760931.1876118,9124707774134530792,32386,0,34,23,52,5890,15,7,0,5635,7200,60,255,1
1767760932.697859,9124707774134530792,32425,0,34,23,52,5890,15,7,0,5633,7200,60,255,1
1767760933.6979103,9124707774134530792,32447,0,34,23,52,5890,15,7,0,5632,7200,60,255,1
1767760935.185577,9124707774134530792,32480,0,34,23,52,5890,15,7,0,5631,7200,60,255,1
1767760936.201835,9124707774134530792,32502,0,34,23,52,5890,15,7,0,5630,7200,60,255,1
1767760937.695131,9124707774134530792,32533,0,34,23,52,5890,15,7,0,5628,7200,60,255,1
1767760939.1995583,9124707774134530792,32565,0,34,23,52,5890,15,7,0,5627,7200,60,255,1
1767760940.6878557,9124707774134530792,32596,0,34,23,52,5890,15,7,0,5625,7200,60,255,1
1767760941.697927,9124707774134530792,32619,0,34,23,52,5890,15,7,0,5624,7200,60,255,1
1767760943.1951013,9124707774134530792,32649,0,34,23,52,5890,15,7,0,5623,7200,60,255,1
1767760944.68617,9124707774134530792,32679,0,34,23,52,5890,15,7,0,5621,7200,60,255,1
1767760945.697861,9124707774134530792,32702,0,34,23,52,5890,15,7,0,5620,7200,60,255,1
1767760947.190312,9124707774134530792,32732,0,34,23,52,5890,15,7,0,5619,7200,60,255,1
1767760948.687062,9124707774134530792,32762,0,34,23,52,5890,15,7,0,5617,7200,60,255,1
1767760949.698038,9124707774134530792,32785,0,34,23,52,5890,15,7,0,5616,7200,60,255,1
1767760951.1878343,9124707774134530792,32815,0,34,23,52,5890,15,7,0,5615,7200,60,255,1
1767760952.198106,9124707774134530792,32837,0,34,23,52,5890,15,7,0,5614,7200,60,255,1
1767760953.6953242,9124707774134530792,32868,0,34,23,52,5890,15,7,0,5612,7200,60,255,1
1767760955.1849413,9124707774134530792,32900,0,34,23,52,5890,15,7,0,5611,7200,60,255,1
1767760956.1955073,9124707774134530792,32921,0,34,23,52,5890,15,7,0,5610,7200,60,255,1
1767760957.6921628,9124707774134530792,32951,0,34,23,52,5890,15,7,0,5608,7200,60,255,1
1767760959.1998963,9124707774134530792,32983,0,34,23,52,5890,15,7,0,5607,7200,60,255,1
1767760960.6906176,9124707774134530792,33013,0,34,23,52,5890,15,7,0,5605,7200,60,255,1
1767760962.186365,9124707774134530792,33046,0,34,23,52,5890,15,7,0,5604,7200,60,255,1
1767760963.1880448,9124707774134530792,33069,0,34,23,52,5890,15,7,0,5603,7200,60,255,1
1767760964.1980464,9124707774134530792,33094,0,34,23,52,5890,15,7,0,5602,7200,60,255,1
1767760965.6915176,9124707774134530792,33124,0,34,23,52,5890,15,7,0,5600,7200,60,255,1
1767760967.198724,9124707774134530792,33157,0,34,23,52,5890,15,7,0,5599,7200,60,255,1
1767760968.6969392,9124707774134530792,33189,0,34,23,52,5890,15,7,0,5597,7200,60,255,1
1767760970.1869113,9124707774134530792,33219,0,34,23,52,5890,15,7,0,5596,7200,60,255,1
1767760971.1984463,9124707774134530792,33243,0,34,23,52,5890,15,7,0,5595,7200,60,255,1
1767760972.6980183,9124707774134530792,33273,0,34,23,52,5890,15,7,0,5593,7200,60,255,1
1767760974.1906738,9124707774134530792,33303,0,34,23,52,5890,15,7,0,5592,7200,60,255,1
1767760975.6849003,9124707774134530792,33338,0,34,23,52,5890,15,7,0,5590,7200,60,255,1
1767760976.692845,9124707774134530792,33359,0,34,23,52,5890,15,7,0,5589,7200,60,255,1
1767760978.1860266,9124707774134530792,33390,0,34,23,52,5890,15,7,0,5588,7200,60,255,1
1767760979.1977801,9124707774134530792,33413,0,34,23,52,5890,15,7,0,5587,7200,60,255,1
1767760980.686697,9124707774134530792,33445,0,34,23,52,5890,15,7,0,5585,7200,60,255,1
1767760981.698042,9124707774134530792,33467,0,34,23,52,5890,15,7,0,5584,7200,60,255,1
1767760982.6981394,9124707774134530792,33487,0,34,23,52,5890,15,7,0,5583,7200,60,255,1
1767760984.1864817,9124707774134530792,33517,0,34,23,52,5890,15,7,0,5582,7200,60,255,1
1767760985.1965666,9124707774134530792,33538,0,34,23,52,5890,15,7,0,5581,7200,60,255,1
1767760986.6894097,9124707774134530792,33568,0,34,23,52,5890,15,7,0,5579,7200,60,255,1
1767760988.1972897,9124707774134530792,33601,0,34,23,52,5890,15,7,0,5578,7200,60,255,1
1767760989.6878655,9124707774134530792,33631,0,34,23,52,5890,15,7,0,5576,7200,60,255,1
1767760990.6993375,9124707774134530792,33655,0,34,23,52,5890,15,7,0,5575,7200,60,255,1
1767760992.1916223,9124707774134530792,33685,0,34,23,52,5890,15,7,0,5574,7200,60,255,1
1767760993.1917627,9124707774134530792,33705,0,34,23,52,5890,15,7,0,5573,7200,60,255,1
1767760994.6993709,9124707774134530792,33739,0,34,23,52,5890,15,7,0,5571,7200,60,255,1
1767760996.1909997,9124707774134530792,33769,0,34,23,52,5890,15,7,0,5570,7200,60,255,1
1767760997.6878743,9124707774134530792,33802,0,34,23,52,5890,15,7,0,5568,7200,60,255,1
1767760998.6975884,9124707774134530792,33826,0,34,23,52,5890,15,7,0,5567,7200,60,255,1
1767761000.188127,9124707774134530792,33856,0,34,23,52,5890,15,7,0,5566,7200,60,255,1
1767761001.1997502,9124707774134530792,33880,0,34,23,52,5890,15,7,0,5565,7200,60,255,1
1767761002.6966457,9124707774134530792,33910,0,34,23,52,5890,15,7,0,5563,7200,60,255,1
1767761004.1877398,9124707774134530792,33940,0,34,23,52,5890,15,7,0,5562,7200,60,255,1
1767761005.1977744,9124707774134530792,33962,0,34,23,52,5890,15,7,0,5561,7200,60,255,1
1767761006.6904097,9124707774134530792,33992,0,34,23,52,5890,15,7,0,5559,7200,60,255,1
1767761007.690484,9124707774134530792,34018,0,34,23,52,5890,15,7,0,5558,7200,60,255,1
1767761009.199557,9124707774134530792,34054,0,34,23,52,5890,15,7,0,5557,7200,60,255,1
1767761010.6904774,9124707774134530792,34084,0,34,23,52,5890,15,7,0,5555,7200,60,255,1
1767761012.1978676,9124707774134530792,34118,0,34,23,52,5890,15,7,0,5554,7200,60,255,1
1767761013.6993825,9124707774134530792,34151,0,34,23,52,5890,15,7,0,5552,7200,60,255,1
1767761014.70057,9124707774134530792,34173,0,34,23,52,5890,15,7,0,5551,7200,60,255,1
1767761016.196184,9124707774134530792,34204,0,34,23,52,5890,15,7,0,5550,7200,60,255,1
1767761017.197877,9124707774134530792,34225,0,34,23,52,5890,15,7,0,5549,7200,60,255,1
1767761018.6946816,9124707774134530792,34257,0,34,23,52,5890,15,7,0,5547,7200,60,255,1
1767761020.1905348,9124707774134530792,34289,0,34,23,52,5890,15,7,0,5546,7200,60,255,1
1767761021.1976426,9124707774134530792,34309,0,34,23,52,5890,15,7,0,5545,7200,60,255,1
1767761022.6950386,9124707774134530792,34342,0,34,23,52,5890,15,7,0,5543,7200,60,255,1
1767761024.1895568,9124707774134530792,34373,0,34,23,52,5890,15,7,0,5542,7200,60,255,1
1767761025.1976757,9124707774134530792,34393,0,34,23,52,5890,15,7,0,5541,7200,60,255,1
1767761026.6953547,9124707774134530792,34425,0,34,23,52,5890,15,7,0,5539,7200,60,255,1
1767761028.1916,9124707774134530792,34455,0,34,23,52,5890,15,7,0,5538,7200,60,255,1
1767761029.1979449,9124707774134530792,34475,0,34,23,52,5890,15,7,0,5537,7200,60,255,1
1767761030.6930737,9124707774134530792,34508,0,34,23,52,5890,15,7,0,5535,7200,60,255,1
1767761031.6977215,9124707774134530792,34528,0,34,23,52,5890,15,7,0,5534,7200,60,255,1
1767761033.197823,9124707774134530792,34560,0,34,23,52,5890,15,7,0,5533,7200,60,255,1
1767761034.6932304,9124707774134530792,34592,0,34,23,52,5890,15,7,0,5531,7200,60,255,1
1767761035.701011,9124707774134530792,34612,0,34,23,52,5890,15,7,0,5530,7200,60,255,1
1767761037.1946952,9124707774134530792,34644,0,34,23,52,5890,15,7,0,5529,7200,60,255,1
1767761038.6895957,9124707774134530792,34678,0,34,23,52,5890,15,7,0,5527,7200,60,255,1
1767761039.6951425,9124707774134530792,34698,0,34,23,52,5890,15,7,0,5526,7200,60,255,1
1767761041.199282,9124707774134530792,34731,0,34,23,52,5890,15,7,0,5525,7200,60,255,1
1767761042.6978538,9124707774134530792,34762,0,34,23,52,5890,15,7,0,5523,7200,60,255,1
1767761044.1942086,9124707774134530792,34794,0,34,23,52,5890,15,7,0,5522,7200,60,255,1
1767761045.6918583,9124707774134530792,34828,0,34,23,52,5890,15,7,0,5520,7200,60,255,1
1767761047.1894867,9124707774134530792,34860,0,34,23,52,5890,15,7,0,5519,7200,60,255,1
1767761048.1906114,9124707774134530792,34882,0,34,23,52,5890,15,7,0,5518,7200,60,255,1
1767761049.1991498,9124707774134530792,34902,0,34,23,52,5890,15,7,0,5517,7200,60,255,1
1767761050.6979373,9124707774134530792,34933,0,34,23,52,5890,15,7,0,5515,7200,60,255,1
1767761052.1958575,9124707774134530792,34965,0,34,23,52,5890,15,7,0,5514,7200,60,255,1
1767761053.7003498,9124707774134530792,34995,0,34,23,52,5890,15,7,0,5512,7200,60,255,1
1767761055.1840186,9124707774134530792,35028,0,34,23,52,5890,15,7,0,5511,7200,60,255,1
1767761056.1964974,9124707774134530792,35050,0,34,23,52,5890,15,7,0,5510,7200,60,255,1
1767761057.6863828,9124707774134530792,35082,0,34,23,52,5890,15,7,0,5508,7200,60,255,1
1767761059.1954794,9124707774134530792,35115,0,34,23,52,5890,15,7,0,5507,7200,60,255,1
1767761060.6852384,9124707774134530792,35148,0,34,23,52,5890,15,7,0,5505,7200,60,255,1
1767761061.6854193,9124707774134530792,35170,0,34,23,52,5890,15,7,0,5504,7200,60,255,1
1767761062.70202,9124707774134530792,35193,0,34,23,52,5890,15,7,0,5503,7200,60,255,1
1767761064.191715,9124707774134530792,35223,0,34,23,52,5890,15,7,0,5502,7200,60,255,1
1767761065.6950538,9124707774134530792,35254,0,34,23,52,5890,15,7,0,5500,7200,60,255,1
1767761067.199289,9124707774134530792,35287,0,34,23,52,5890,15,7,0,5499,7200,60,255,1
1767761068.6870248,9124707774134530792,35319,0,34,23,52,5890,15,7,0,5497,7200,60,255,1
1767761069.6903105,9124707774134530792,35340,0,34,23,52,5890,15,7,0,5496,7200,60,255,1
1767761070.6947029,9124707774134530792,35360,0,34,23,52,5890,15,7,0,5495,7200,60,255,1
1767761071.697799,9124707774134530792,35380,0,34,23,52,5890,15,7,0,5494,7200,60,255,1
1767761073.1993241,9124707774134530792,35413,0,34,23,52,5890,15,7,0,5493,7200,60,255,1
1767761074.6904097,9124707774134530792,35448,0,34,23,52,5890,15,7,0,5491,7200,60,255,1
1767761075.694098,9124707774134530792,35468,0,34,23,52,5890,15,7,0,5490,7200,60,255,1
1767761076.7004182,9124707774134530792,35488,0,34,23,52,5890,15,7,0,5489,7200,60,255,1
1767761077.7007382,9124707774134530792,35508,0,34,23,52,5890,15,7,0,5488,7200,60,255,1
1767761079.1950047,9124707774134530792,35538,0,34,23,52,5890,15,7,0,5487,7200,60,255,1
1767761080.2005363,9124707774134530792,35558,0,34,23,52,5890,15,7,0,5486,7200,60,255,1
1767761081.6916943,9124707774134530792,35591,0,34,23,52,5890,15,7,0,5484,7200,60,255,1
1767761082.696673,9124707774134530792,35611,0,34,23,52,5890,15,7,0,5483,7200,60,255,1
1767761084.192731,9124707774134530792,35645,0,34,23,52,5890,15,7,0,5482,7200,60,255,1
1767761085.199529,9124707774134530792,35665,0,34,23,52,5890,15,7,0,5481,7200,60,255,1
1767761086.6992064,9124707774134530792,35698,0,34,23,52,5890,15,7,0,5479,7200,60,255,1
1767761088.19608,9124707774134530792,35732,0,34,23,52,5890,15,7,0,5478,7200,60,255,1
1767761089.1962504,9124707774134530792,35752,0,34,23,52,5890,15,7,0,5477,7200,60,255,1
1767761090.2003868,9124707774134530792,35772,0,34,23,52,5890,15,7,0,5476,7200,60,255,1
1767761091.686338,9124707774134530792,35803,0,34,23,52,5890,15,7,0,5474,7200,60,255,1
1767761092.6906261,9124707774134530792,35824,0,34,23,52,5890,15,7,0,5473,7200,60,255,1
1767761093.6992626,9124707774134530792,35844,0,34,23,52,5890,15,7,0,5472,7200,60,255,1
1767761095.1885476,9124707774134530792,35880,0,34,23,52,5890,15,7,0,5471,7200,60,255,1
1767761096.1938734,9124707774134530792,35900,0,34,23,52,5890,15,7,0,5470,7200,60,255,1
1767761097.1963308,9124707774134530792,35920,0,34,23,52,5890,15,7,0,5469,7200,60,255,1
1767761098.6902294,9124707774134530792,35950,0,34,23,52,5890,15,7,0,5467,7200,60,255,1
1767761099.6917846,9124707774134530792,35970,0,34,23,52,5890,15,7,0,5466,7200,60,255,1
1767761101.1941383,9124707774134530792,36000,0,34,23,52,5890,15,7,0,5465,7200,60,255,1
1767761102.6925554,9124707774134530792,36030,0,34,23,52,5890,15,7,0,5463,7200,60,255,1
1767761103.6992567,9124707774134530792,36050,0,34,23,52,5890,15,7,0,5462,7200,60,255,1
1767761105.1861422,9124707774134530792,36085,0,34,23,52,5890,15,7,0,5461,7200,60,255,1
1767761106.1864133,9124707774134530792,36115,0,34,23,52,5890,15,7,0,5460,7200,60,255,1
1767761107.189135,9124707774134530792,36139,0,34,23,52,5890,15,7,0,5459,7200,60,255,1
1767761108.1943033,9124707774134530792,36159,0,34,23,52,5890,15,7,0,5458,7200,60,255,1
1767761109.1949341,9124707774134530792,36179,0,34,23,52,5890,15,7,0,5457,7200,60,255,1
1767761110.1952994,9124707774134530792,36199,0,34,23,52,5890,15,7,0,5456,7200,60,255,1
1767761111.197167,9124707774134530792,36219,0,34,23,52,5890,15,7,0,5455,7200,60,255,1
1767761112.6858606,9124707774134530792,36250,0,34,23,52,5890,15,7,0,5453,7200,60,255,1
1767761113.6928585,9124707774134530792,36271,0,34,23,52,5890,15,7,0,5452,7200,60,255,1
1767761114.6963167,9124707774134530792,36291,0,34,23,52,5890,15,7,0,5451,7200,60,255,1
1767761115.6976948,9124707774134530792,36311,0,34,23,52,5890,15,7,0,5450,7200,60,255,1
1767761117.1872523,9124707774134530792,36348,0,34,23,52,5890,15,7,0,5449,7200,60,255,1
1767761118.1925347,9124707774134530792,36376,0,34,23,52,5890,15,7,0,5448,7200,60,255,1
1767761119.1930804,9124707774134530792,36396,0,34,23,52,5890,15,7,0,5447,7200,60,255,1
1767761120.1940935,9124707774134530792,36416,0,34,23,52,5890,15,7,0,5446,7200,60,255,1
1767761121.6952415,9124707774134530792,36446,0,34,23,52,5890,15,7,0,5444,7200,60,255,1
1767761122.6964543,9124707774134530792,36466,0,34,23,52,5890,15,7,0,5443,7200,60,255,1
1767761124.1912842,9124707774134530792,36499,0,34,23,52,5890,15,7,0,5442,7200,60,255,1
1767761125.1926007,9124707774134530792,36519,0,34,23,52,5890,15,7,0,5441,7200,60,255,1
1767761126.692906,9124707774134530792,36549,0,34,23,52,5890,15,7,0,5439,7200,60,255,1
1767761127.693935,9124707774134530792,36569,0,34,23,52,5890,15,7,0,5438,7200,60,255,1
1767761128.6993575,9124707774134530792,36589,0,34,23,52,5890,15,7,0,5437,7200,60,255,1
1767761129.7007132,9124707774134530792,36609,0,34,23,52,5890,15,7,0,5436,7200,60,255,1
1767761131.189516,9124707774134530792,36643,0,34,23,52,5890,15,7,0,5435,7200,60,255,1
1767761132.194015,9124707774134530792,36664,0,34,23,52,5890,15,7,0,5434,7200,60,255,1
1767761133.690642,9124707774134530792,36695,0,34,23,52,5890,15,7,0,5432,7200,60,255,1
1767761134.6930919,9124707774134530792,36716,0,34,23,52,5890,15,7,0,5431,7200,60,255,1
1767761135.6982298,9124707774134530792,36736,0,34,23,52,5890,15,7,0,5430,7200,60,255,1
1767761137.1894903,9124707774134530792,36770,0,34,23,52,5890,15,7,0,5429,7200,60,255,1
1767761138.1961086,9124707774134530792,36790,0,34,23,52,5890,15,7,0,5428,7200,60,255,1
1767761139.1997535,9124707774134530792,36810,0,34,23,52,5890,15,7,0,5427,7200,60,255,1
1767761140.690974,9124707774134530792,36844,0,34,23,52,5890,15,7,0,5425,7200,60,255,1
1767761141.695776,9124707774134530792,36864,0,34,23,52,5890,15,7,0,5424,7200,60,255,1
1767761142.6992052,9124707774134530792,36884,0,34,23,52,5890,15,7,0,5423,7200,60,255,1
1767761144.1927583,9124707774134530792,36915,0,34,23,52,5890,15,7,0,5422,7200,60,255,1
1767761145.692698,9124707774134530792,36946,0,34,23,52,5890,15,7,0,5420,7200,60,255,1
1767761146.6963868,9124707774134530792,36967,0,34,23,52,5890,15,7,0,5419,7200,60,255,1
1767761148.1905434,9124707774134530792,36998,0,34,23,52,5890,15,7,0,5418,7200,60,255,1
1767761149.1936145,9124707774134530792,37019,0,34,23,52,5890,15,7,0,5417,7200,60,255,1
1767761150.195142,9124707774134530792,37040,0,34,23,52,5890,15,7,0,5416,7200,60,255,1
1767761151.7014804,9124707774134530792,37071,0,34,23,52,5890,15,7,0,5414,7200,60,255,1
1767761153.1962767,9124707774134530792,37103,0,34,23,52,5890,15,7,0,5413,7200,60,255,1
1767761154.196534,9124707774134530792,37125,0,34,23,52,5890,15,7,0,5412,7200,60,255,1
1767761155.6979084,9124707774134530792,37157,0,34,23,52,5890,15,7,0,5410,7200,60,255,1
1767761157.1841404,9124707774134530792,37189,0,34,23,52,5890,15,7,0,5409,7200,60,255,1
1767761158.194798,9124707774134530792,37210,0,34,23,52,5890,15,7,0,5408,7200,60,255,1
1767761159.1995316,9124707774134530792,37232,0,34,23,52,5890,15,7,0,5407,7200,60,255,1
1767761160.6985247,9124707774134530792,37264,0,34,23,52,5890,15,7,0,5405,7200,60,255,1
1767761161.6995194,9124707774134530792,37284,0,34,23,52,5890,15,7,0,5404,7200,60,255,1
1767761163.1996644,9124707774134530792,37317,0,34,23,52,5890,15,7,0,5403,7200,60,255,1
1767761164.6862378,9124707774134530792,37350,0,34,23,52,5890,15,7,0,5401,7200,60,255,1
1767761165.6883538,9124707774134530792,37371,0,34,23,52,5890,15,7,0,5400,7200,60,255,1
1767761166.6930716,9124707774134530792,37392,0,34,23,52,5890,15,7,0,5399,7200,60,255,1
1767761167.6993644,9124707774134530792,37413,0,34,23,52,5890,15,7,0,5398,7200,60,255,1
1767761169.1850958,9124707774134530792,37449,0,34,23,52,5890,15,7,0,5397,7200,60,255,1
1767761170.195278,9124707774134530792,37470,0,34,23,52,5890,15,7,0,5396,7200,60,255,1
1767761171.6902695,9124707774134530792,37500,0,34,23,52,5890,15,7,0,5394,7200,60,255,1
1767761173.185247,9124707774134530792,37533,0,34,23,52,5890,15,7,0,5393,7200,60,255,1
1767761174.200444,9124707774134530792,37554,0,34,23,52,5890,15,7,0,5392,7200,60,255,1
1767761175.6925771,9124707774134530792,37584,0,34,23,52,5890,15,7,0,5390,7200,60,255,1
1767761177.1851816,9124707774134530792,37616,0,34,23,52,5890,15,7,0,5389,7200,60,255,1
1767761178.1977797,9124707774134530792,37637,0,34,23,52,5890,15,7,0,5388,7200,60,255,1
1767761179.6894262,9124707774134530792,37667,0,34,23,52,5890,15,7,0,5386,7200,60,255,1
1767761181.1859484,9124707774134530792,37702,0,34,23,52,5890,15,7,0,5385,7200,60,255,1
1767761182.200217,9124707774134530792,37725,0,34,23,52,5890,15,7,0,5384,7200,60,255,1
1767761183.6951053,9124707774134530792,37755,0,34,23,52,5890,15,7,0,5382,7200,60,255,1
1767761184.6979196,9124707774134530792,37775,0,34,23,52,5890,15,7,0,5381,7200,60,255,1
1767761186.186253,9124707774134530792,37807,0,34,23,52,5890,15,7,0,5380,7200,60,255,1
1767761187.1951592,9124707774134530792,37831,0,34,23,52,5890,15,7,0,5379,7200,60,255,1
1767761188.6959724,9124707774134530792,37861,0,34,23,52,5890,15,7,0,5377,7200,60,255,1
1767761189.7012606,9124707774134530792,37882,0,34,23,52,5890,15,7,0,5376,7200,60,255,1
1767761191.199057,9124707774134530792,37914,0,34,23,52,5890,15,7,0,5375,7200,60,255,1
1767761192.6948242,9124707774134530792,37946,0,34,23,52,5890,15,7,0,5373,7200,60,255,1
1767761193.6955347,9124707774134530792,37966,0,34,23,52,5890,15,7,0,5372,7200,60,255,1
1767761195.1952167,9124707774134530792,37999,0,34,23,52,5890,15,7,0,5371,7200,60,255,1
1767761196.689461,9124707774134530792,38030,0,34,23,52,5890,15,7,0,5369,7200,60,255,1
1767761197.6977267,9124707774134530792,38050,0,34,23,52,5890,15,7,0,5368,7200,60,255,1
1767761199.1918404,9124707774134530792,38082,0,34,23,52,5890,15,7,0,5367,7200,60,255,1
1767761200.1948571,9124707774134530792,38104,0,34,23,52,5890,15,7,0,5366,7200,60,255,1
1767761201.1958199,9124707774134530792,38125,0,34,23,52,5890,15,7,0,5365,7200,60,255,1
1767761202.6878924,9124707774134530792,38157,0,34,23,52,5890,15,7,0,5363,7200,60,255,1
1767761203.6902728,9124707774134530792,38179,0,34,23,52,5890,15,7,0,5362,7200,60,255,1
1767761204.6906896,9124707774134530792,38200,0,34,23,52,5890,15,7,0,5361,7200,60,255,1
1767761206.1977558,9124707774134530792,38231,0,34,23,52,5890,15,7,0,5360,7200,60,255,1
1767761207.6868384,9124707774134530792,38263,0,34,23,52,5890,15,7,0,5358,7200,60,255,1
1767761208.6906097,9124707774134530792,38284,0,34,23,52,5890,15,7,0,5357,7200,60,255,1
1767761210.1960173,9124707774134530792,38314,0,34,23,52,5890,15,7,0,5356,7200,60,255,1
1767761211.6851463,9124707774134530792,38346,0,34,23,52,5890,15,7,0,5354,7200,60,255,1
1767761212.7005558,9124707774134530792,38368,0,34,23,52,5890,15,7,0,5353,7200,60,255,1
1767761214.1939416,9124707774134530792,38401,0,34,23,52,5890,15,7,0,5352,7200,60,255,1
1767761215.1940317,9124707774134530792,38422,0,34,23,52,5890,15,7,0,5351,7200,60,255,1
1767761216.697951,9124707774134530792,38455,0,34,23,52,5890,15,7,0,5349,7200,60,255,1
1767761217.700429,9124707774134530792,38476,0,34,23,52,5890,15,7,0,5348,7200,60,255,1
1767761219.1967504,9124707774134530792,38507,0,34,23,52,5890,15,7,0,5347,7200,60,255,1
1767761220.6867578,9124707774134530792,38539,0,34,23,52,5890,15,7,0,5345,7200,60,255,1
1767761221.6878004,9124707774134530792,38560,0,34,23,52,5890,15,7,0,5344,7200,60,255,1
1767761222.6878724,9124707774134530792,38580,0,34,23,52,5890,15,7,0,5343,7200,60,255,1
1767761223.692254,9124707774134530792,38600,0,34,23,52,5890,15,7,0,5342,7200,60,255,1
1767761224.693156,9124707774134530792,38621,0,34,23,52,5890,15,7,0,5341,7200,60,255,1
1767761226.1841855,9124707774134530792,38652,0,34,23,52,5890,15,7,0,5340,7200,60,255,1
1767761227.2017088,9124707774134530792,38674,0,34,23,52,5890,15,7,0,5339,7200,60,255,1
1767761228.6951475,9124707774134530792,38707,0,34,23,52,5890,15,7,0,5337,7200,60,255,1
1767761230.1859553,9124707774134530792,38738,0,34,23,52,5890,15,7,0,5336,7200,60,255,1
1767761231.200448,9124707774134530792,38760,0,34,23,52,5890,15,7,0,5335,7200,60,255,1
1767761232.6904676,9124707774134530792,38792,0,34,23,52,5890,15,7,0,5333,7200,60,255,1
1767761233.6950583,9124707774134530792,38813,0,34,23,52,5890,15,7,0,5332,7200,60,255,1
1767761235.1967742,9124707774134530792,38846,0,34,23,52,5890,15,7,0,5331,7200,60,255,1
1767761236.20187,9124707774134530792,38866,0,34,23,52,5890,15,7,0,5330,7200,60,255,1
1767761237.6882558,9124707774134530792,38903,0,34,23,52,5890,15,7,0,5328,7200,60,255,1
1767761238.6992042,9124707774134530792,38923,0,34,23,52,5890,15,7,0,5327,7200,60,255,1
1767761240.1933923,9124707774134530792,38957,0,34,23,52,5890,15,7,0,5326,7200,60,255,1
1767761241.195132,9124707774134530792,38977,0,34,23,52,5890,15,7,0,5325,7200,60,255,1
1767761242.69461,9124707774134530792,39007,0,34,23,52,5890,15,7,0,5323,7200,60,255,1
1767761244.1945307,9124707774134530792,39037,0,34,23,52,5890,15,7,0,5322,7200,60,255,1
1767761245.6980124,9124707774134530792,39069,0,34,23,52,5890,15,7,0,5320,7200,60,255,1
1767761247.1992142,9124707774134530792,39103,0,34,23,52,5890,15,7,0,5319,7200,60,255,1
1767761248.7005532,9124707774134530792,39134,0,34,23,52,5890,15,7,0,5317,7200,60,255,1
1767761250.1952608,9124707774134530792,39166,0,34,23,52,5890,15,7,0,5316,7200,60,255,1
1767761251.1977887,9124707774134530792,39187,0,34,23,52,5890,15,7,0,5315,7200,60,255,1
1767761252.6977377,9124707774134530792,39219,0,34,23,52,5890,15,7,0,5313,7200,60,255,1
1767761254.1972592,9124707774134530792,39250,0,34,23,52,5890,15,7,0,5312,7200,60,255,1
1767761255.200751,9124707774134530792,39271,0,34,23,52,5890,15,7,0,5311,7200,60,255,1
1767761256.6962917,9124707774134530792,39303,0,34,23,52,5890,15,7,0,5309,7200,60,255,1
1767761257.6978984,9124707774134530792,39323,0,34,23,52,5890,15,7,0,5308,7200,60,255,1
1767761259.1849518,9124707774134530792,39354,0,34,23,52,5890,15,7,0,5307,7200,60,255,1
1767761260.1893227,9124707774134530792,39375,0,34,23,52,5890,15,7,0,5306,7200,60,255,1
1767761261.1926563,9124707774134530792,39397,0,34,23,52,5890,15,7,0,5305,7200,60,255,1
1767761262.196127,9124707774134530792,39419,0,34,23,52,5890,15,7,0,5304,7200,60,255,1
1767761263.7005959,9124707774134530792,39451,0,34,23,52,5890,15,7,0,5302,7200,60,255,1
1767761265.1994407,9124707774134530792,39482,0,34,23,52,5890,15,7,0,5301,7200,60,255,1
1767761266.7004821,9124707774134530792,39513,0,34,23,52,5890,15,7,0,5299,7200,60,255,1
1767761268.1876616,9124707774134530792,39545,0,34,23,52,5890,15,7,0,5298,7200,60,255,1
1767761269.193486,9124707774134530792,39566,0,34,23,52,5890,15,7,0,5297,7200,60,255,1
1767761270.1992848,9124707774134530792,39587,0,34,23,52,5890,15,7,0,5296,7200,60,255,1
1767761271.6976445,9124707774134530792,39618,0,34,23,52,5890,15,7,0,5294,7200,60,255,1
1767761273.1978357,9124707774134530792,39651,0,34,23,52,5890,15,7,0,5293,7200,60,255,1
1767761274.6841803,9124707774134530792,39683,0,34,23,52,5890,15,7,0,5291,7200,60,255,1
1767761275.6997235,9124707774134530792,39704,0,34,23,52,5890,15,7,0,5290,7200,60,255,1
1767761277.1954308,9124707774134530792,39734,0,34,23,52,5890,15,7,0,5289,7200,60,255,1
1767761278.1961398,9124707774134530792,39754,0,34,23,52,5890,15,7,0,5288,7200,60,255,1
1767761279.6886067,9124707774134530792,39784,0,34,23,52,5890,15,7,0,5286,7200,60,255,1
1767761281.187673,9124707774134530792,39815,0,34,23,52,5890,15,7,0,5285,7200,60,255,1
1767761282.6978688,9124707774134530792,39849,0,34,23,52,5890,15,7,0,5283,7200,60,255,1
1767761283.7006345,9124707774134530792,39869,0,34,23,52,5890,15,7,0,5282,7200,60,255,1
1767761285.1923957,9124707774134530792,39899,0,34,23,52,5890,15,7,0,5281,7200,60,255,1
1767761286.6851215,9124707774134530792,39931,0,34,23,52,5890,15,7,0,5279,7200,60,255,1
1767761287.6990325,9124707774134530792,39952,0,34,23,52,5890,15,7,0,5278,7200,60,255,1
1767761289.19815,9124707774134530792,39983,0,34,23,52,5890,15,7,0,5277,7200,60,255,1
1767761290.6903179,9124707774134530792,40013,0,34,23,52,5890,15,7,0,5275,7200,60,255,1
1767761292.184774,9124707774134530792,40047,0,34,23,52,5890,15,7,0,5274,7200,60,255,1
1767761293.6976683,9124707774134530792,40079,0,34,23,52,5890,15,7,0,5272,7200,60,255,1
1767761295.1918745,9124707774134530792,40109,0,34,23,52,5890,15,7,0,5271,7200,60,255,1
1767761296.688068,9124707774134530792,40139,0,34,23,52,5890,15,7,0,5269,7200,60,255,1
1767761297.7007544,9124707774134530792,40162,0,34,23,52,5890,15,7,0,5268,7200,60,255,1
1767761299.1965628,9124707774134530792,40193,0,34,23,52,5890,15,7,0,5267,7200,60,255,1
1767761300.6861203,9124707774134530792,40224,0,34,23,52,5890,15,7,0,5265,7200,60,255,1
1767761301.7003798,9124707774134530792,40245,0,34,23,52,5890,15,7,0,5264,7200,60,255,1
1767761303.186781,9124707774134530792,40275,0,34,23,52,5890,15,7,0,5263,7200,60,255,1
1767761304.197674,9124707774134530792,40296,0,34,23,52,5890,15,7,0,5262,7200,60,255,1
1767761305.6878204,9124707774134530792,40326,0,34,23,52,5890,15,7,0,5260,7200,60,255,1
1767761306.7010183,9124707774134530792,40350,0,34,23,52,5890,15,7,0,5259,7200,60,255,1
1767761308.2038496,9124707774134530792,40380,0,34,23,52,5890,15,7,0,5258,7200,60,255,1
1767761309.699379,9124707774134530792,40411,0,34,23,52,5890,15,7,0,5256,7200,60,255,1
1767761311.1961432,9124707774134530792,40441,0,34,23,52,5890,15,7,0,5255,7200,60,255,1
1767761312.6918876,9124707774134530792,40471,0,34,23,52,5890,15,7,0,5253,7200,60,255,1
1767761313.6929061,9124707774134530792,40491,0,34,23,52,5890,15,7,0,5252,7200,60,255,1
1767761315.188054,9124707774134530792,40521,0,34,23,52,5890,15,7,0,5251,7200,60,255,1
1767761316.2008998,9124707774134530792,40548,0,34,23,52,5890,15,7,0,5250,7200,60,255,1
1767761317.6977093,9124707774134530792,40578,0,34,23,52,5890,15,7,0,5248,7200,60,255,1
1767761318.69909,9124707774134530792,40598,0,34,23,52,5890,15,7,0,5247,7200,60,255,1
1767761320.192626,9124707774134530792,40628,0,34,23,52,5890,15,7,0,5246,7200,60,255,1
1767761321.1929045,9124707774134530792,40648,0,34,23,52,5890,15,7,0,5245,7200,60,255,1
1767761322.7017846,9124707774134530792,40684,0,34,23,52,5890,15,7,0,5243,7200,60,255,1
1767761324.197895,9124707774134530792,40714,0,34,23,52,5890,15,7,0,5242,7200,60,255,1
1767761325.6915686,9124707774134530792,40744,0,34,23,52,5890,15,7,0,5240,7200,60,255,1
1767761327.1860292,9124707774134530792,40781,0,34,23,52,5890,15,7,0,5239,7200,60,255,1
1767761328.199233,9124707774134530792,40804,0,34,23,52,5890,15,7,0,5238,7200,60,255,1
1767761329.7002542,9124707774134530792,40842,0,34,23,52,5890,15,7,0,5236,7200,60,255,1
1767761331.1980574,9124707774134530792,40872,0,34,23,52,5890,15,7,0,5235,7200,60,255,1
1767761332.692691,9124707774134530792,40902,0,34,23,52,5890,15,7,0,5233,7200,60,255,1
1767761333.694514,9124707774134530792,40922,0,34,23,52,5890,15,7,0,5232,7200,60,255,1
1767761335.1879294,9124707774134530792,40953,0,34,23,52,5890,15,7,0,5231,7200,60,255,1
1767761336.1992443,9124707774134530792,40978,0,34,23,52,5890,15,7,0,5230,7200,60,255,1
1767761337.6949286,9124707774134530792,41008,0,34,23,52,5890,15,7,0,5228,7200,60,255,1
1767761338.700527,9124707774134530792,41028,0,34,23,52,5890,15,7,0,5227,7200,60,255,1
1767761340.1951401,9124707774134530792,41058,0,34,23,52,5890,15,7,0,5226,7200,60,255,1
1767761341.6894898,9124707774134530792,41088,0,34,23,52,5890,15,7,0,5224,7200,60,255,1
1767761343.2003622,9124707774134530792,41120,0,34,23,52,5890,15,7,0,5223,7200,60,255,1
1767761344.695023,9124707774134530792,41152,0,34,23,52,5890,15,7,0,5221,7200,60,255,1
1767761346.1915882,9124707774134530792,41182,0,34,23,52,5890,15,7,0,5220,7200,60,255,1
1767761347.6845057,9124707774134530792,41218,0,34,23,52,5890,15,7,0,5218,7200,60,255,1
1767761348.685895,9124707774134530792,41242,0,34,23,52,5890,15,7,0,5217,7200,60,255,1
1767761349.6957202,9124707774134530792,41263,0,34,23,52,5890,15,7,0,5216,7200,60,255,1
1767761351.1904404,9124707774134530792,41293,0,34,23,52,5890,15,7,0,5215,7200,60,255,1
1767761352.7004957,9124707774134530792,41326,0,34,23,52,5890,15,7,0,5213,7200,60,255,1
1767761354.184965,9124707774134530792,41360,0,34,23,52,5890,15,7,0,5212,7200,60,255,1
1767761355.1991494,9124707774134530792,41383,0,34,23,52,5890,15,7,0,5211,7200,60,255,1
1767761356.1995444,9124707774134530792,41403,0,34,23,52,5890,15,7,0,5210,7200,60,255,1
1767761357.6932247,9124707774134530792,41433,0,34,23,52,5890,15,7,0,5208,7200,60,255,1
1767761358.6979296,9124707774134530792,41453,0,34,23,52,5890,15,7,0,5207,7200,60,255,1
1767761359.6991684,9124707774134530792,41473,0,34,23,52,5890,15,7,0,5206,7200,60,255,1
1767761361.1930594,9124707774134530792,41503,0,34,23,52,5890,15,7,0,5205,7200,60,255,1
1767761362.1935253,9124707774134530792,41523,0,34,23,52,5890,15,7,0,5204,7200,60,255,1
1767761363.6952674,9124707774134530792,41553,0,34,23,52,5890,15,7,0,5202,7200,60,255,1
1767761365.191498,9124707774134530792,41583,0,34,23,52,5890,15,7,0,5201,7200,60,255,1
1767761366.6868453,9124707774134530792,41614,0,34,23,52,5890,15,7,0,5199,7200,60,255,1
1767761367.6981213,9124707774134530792,41636,0,34,23,52,5890,15,7,0,5198,7200,60,255,1
1767761369.196246,9124707774134530792,41666,0,34,23,52,5890,15,7,0,5197,7200,60,255,1
1767761370.6930547,9124707774134530792,41696,0,34,23,52,5890,15,7,0,5195,7200,60,255,1
1767761372.1876802,9124707774134530792,41726,0,34,23,52,5890,15,7,0,5194,7200,60,255,1
1767761373.2012565,9124707774134530792,41751,0,34,23,52,5890,15,7,0,5193,7200,60,255,1
1767761374.6989002,9124707774134530792,41787,0,34,23,52,5890,15,7,0,5191,7200,60,255,1
1767761376.1918237,9124707774134530792,41817,0,34,23,52,5890,15,7,0,5190,7200,60,255,1
1767761377.6994185,9124707774134530792,41852,0,34,23,52,5890,15,7,0,5188,7200,60,255,1
1767761379.1954908,9124707774134530792,41882,0,34,23,52,5890,15,7,0,5187,7200,60,255,1
1767761380.68591,9124707774134530792,41915,0,34,23,52,5890,15,7,0,5185,7200,60,255,1
1767761381.6988764,9124707774134530792,41936,0,34,23,52,5890,15,7,0,5184,7200,60,255,1
1767761383.1917374,9124707774134530792,41966,0,34,23,52,5890,15,7,0,5183,7200,60,255,1
1767761384.1938555,9124707774134530792,41986,0,34,23,52,5890,15,7,0,5182,7200,60,255,1
1767761385.685738,9124707774134530792,42019,0,34,23,52,5890,15,7,0,5180,7200,60,255,1
1767761386.6977074,9124707774134530792,42040,0,34,23,52,5890,15,7,0,5179,7200,60,255,1
1767761388.1911495,9124707774134530792,42070,0,34,23,52,5890,15,7,0,5178,7200,60,255,1
1767761389.6867852,9124707774134530792,42101,0,34,23,52,5890,15,7,0,5176,7200,60,255,1
1767761390.6981266,9124707774134530792,42125,0,34,23,52,5890,15,7,0,5175,7200,60,255,1
1767761392.1888735,9124707774134530792,42155,0,34,23,52,5890,15,7,0,5174,7200,60,255,1
1767761393.1994708,9124707774134530792,42179,0,34,23,52,5890,15,7,0,5173,7200,60,255,1
1767761394.6944191,9124707774134530792,42209,0,34,23,52,5890,15,7,0,5171,7200,60,255,1
1767761396.188186,9124707774134530792,42239,0,34,23,52,5890,15,7,0,5170,7200,60,255,1
1767761397.200217,9124707774134530792,42262,0,34,23,52,5890,15,7,0,5169,7200,60,255,1
1767761398.6979003,9124707774134530792,42292,0,34,23,52,5890,15,7,0,5167,7200,60,255,1
1767761400.1930974,9124707774134530792,42322,0,34,23,52,5890,15,7,0,5166,7200,60,255,1
1767761401.690896,9124707774134530792,42352,0,34,23,52,5890,15,7,0,5164,7200,60,255,1
1767761403.185359,9124707774134530792,42390,0,34,23,52,5890,15,7,0,5163,7200,60,255,1
1767761404.1893487,9124707774134530792,42411,0,34,23,52,5890,15,7,0,5162,7200,60,255,1
1767761405.6849098,9124707774134530792,42445,0,34,23,52,5890,15,7,0,5160,7200,60,255,1
1767761406.697037,9124707774134530792,42466,0,34,23,52,5890,15,7,0,5159,7200,60,255,1
1767761408.1913893,9124707774134530792,42496,0,34,23,52,5890,15,7,0,5158,7200,60,255,1
1767761409.1929743,9124707774134530792,42516,0,34,23,52,5890,15,7,0,5157,7200,60,255,1
1767761410.687054,9124707774134530792,42546,0,34,23,52,5890,15,7,0,5155,7200,60,255,1
1767761411.6871364,9124707774134530792,42572,0,34,23,52,5890,15,7,0,5154,7200,60,255,1
1767761412.7001896,9124707774134530792,42595,0,34,23,52,5890,15,7,0,5153,7200,60,255,1
1767761414.1961908,9124707774134530792,42625,0,34,23,52,5890,15,7,0,5152,7200,60,255,1
1767761415.6916692,9124707774134530792,42655,0,34,23,52,5890,15,7,0,5150,7200,60,255,1
1767761417.19918,9124707774134530792,42688,0,34,23,52,5890,15,7,0,5149,7200,60,255,1
1767761418.6995459,9124707774134530792,42718,0,34,23,52,5890,15,7,0,5147,7200,60,255,1
1767761420.1976092,9124707774134530792,42748,0,34,23,52,5890,15,7,0,5146,7200,60,255,1
1767761421.6926348,9124707774134530792,42778,0,34,23,52,5890,15,7,0,5144,7200,60,255,1
1767761423.18897,9124707774134530792,42808,0,34,23,52,5890,15,7,0,5143,7200,60,255,1
1767761424.1890607,9124707774134530792,42830,0,34,23,52,5890,15,7,0,5142,7200,60,255,1
1767761425.6841495,9124707774134530792,42871,0,34,23,52,5890,15,7,0,5140,7200,60,255,1
1767761426.6971023,9124707774134530792,42892,0,34,23,52,5890,15,7,0,5139,7200,60,255,1
1767761428.1907027,9124707774134530792,42922,0,34,23,52,5890,15,7,0,5138,7200,60,255,1
1767761429.1942115,9124707774134530792,42942,0,34,23,52,5890,15,7,0,5137,7200,60,255,1
1767761430.6861572,9124707774134530792,42974,0,34,23,52,5890,15,7,0,5135,7200,60,255,1
1767761431.7002096,9124707774134530792,43000,0,34,23,52,5890,15,7,0,5134,7200,60,255,1
1767761433.1950731,9124707774134530792,43030,0,34,23,52,5890,15,7,0,5133,7200,60,255,1
1767761434.6928275,9124707774134530792,43060,0,34,23,52,5890,15,7,0,5131,7200,60,255,1
1767761436.186456,9124707774134530792,43092,0,34,23,52,5890,15,7,0,5130,7200,60,255,1
1767761437.1981113,9124707774134530792,43113,0,34,23,52,5890,15,7,0,5129,7200,60,255,1
1767761438.697622,9124707774134530792,43143,0,34,23,52,5890,15,7,0,5127,7200,60,255,1
1767761440.1936357,9124707774134530792,43173,0,34,23,52,5890,15,7,0,5126,7200,60,255,1
1767761441.6877437,9124707774134530792,43204,0,34,23,52,5890,15,7,0,5124,7200,60,255,1
1767761442.6981218,9124707774134530792,43228,0,34,23,52,5890,15,7,0,5123,7200,60,255,1
1767761443.6991808,9124707774134530792,43248,0,34,23,52,5890,15,7,0,5122,7200,60,255,1
1767761445.1980586,9124707774134530792,43278,0,34,23,52,5890,15,7,0,5121,7200,60,255,1
1767761446.6971445,9124707774134530792,43308,0,34,23,52,5890,15,7,0,5119,7200,60,255,1
1767761448.1953344,9124707774134530792,43338,0,34,23,52,5890,15,7,0,5118,7200,60,255,1
1767761449.1968994,9124707774134530792,43358,0,34,23,52,5890,15,7,0,5117,7200,60,255,1
1767761450.6961482,9124707774134530792,43388,0,34,23,52,5890,15,7,0,5115,7200,60,255,1
1767761452.1935554,9124707774134530792,43418,0,34,23,52,5890,15,7,0,5114,7200,60,255,1
1767761453.6940358,9124707774134530792,43448,0,34,23,52,5890,15,7,0,5112,7200,60,255,1
1767761455.1902676,9124707774134530792,43478,0,34,23,52,5890,15,7,0,5111,7200,60,255,1
1767761456.1903305,9124707774134530792,43498,0,34,23,52,5890,15,7,0,5110,7200,60,255,1
1767761457.701557,9124707774134530792,43534,0,34,23,52,5890,15,7,0,5108,7200,60,255,1
1767761459.1853168,9124707774134530792,43567,0,34,23,52,5890,15,7,0,5107,7200,60,255,1
1767761460.1977901,9124707774134530792,43588,0,34,23,52,5890,15,7,0,5106,7200,60,255,1
1767761461.696417,9124707774134530792,43618,0,34,23,52,5890,15,7,0,5104,7200,60,255,1
1767761463.1904266,9124707774134530792,43648,0,34,23,52,5890,15,7,0,5103,7200,60,255,1
1767761464.6876552,9124707774134530792,43679,0,34,23,52,5890,15,7,0,5101,7200,60,255,1
1767761466.2002275,9124707774134530792,43714,0,34,23,52,5890,15,7,0,5100,7200,60,255,1
1767761467.6942725,9124707774134530792,43744,0,34,23,52,5890,15,7,0,5098,7200,60,255,1
1767761469.1902618,9124707774134530792,43774,0,34,23,52,5890,15,7,0,5097,7200,60,255,1
1767761470.6862109,9124707774134530792,43810,0,34,23,52,5890,15,7,0,5095,7200,60,255,1
1767761471.6969728,9124707774134530792,43831,0,34,23,52,5890,15,7,0,5094,7200,60,255,1
1767761473.1914933,9124707774134530792,43861,0,34,23,52,5890,15,7,0,5093,7200,60,255,1
1767761474.1918628,9124707774134530792,43881,0,34,23,52,5890,15,7,0,5092,7200,60,255,1
1767761475.6848218,9124707774134530792,43916,0,34,23,52,5890,15,7,0,5090,7200,60,255,1
1767761476.6953397,9124707774134530792,43937,0,34,23,52,5890,15,7,0,5089,7200,60,255,1
1767761478.1903918,9124707774134530792,43967,0,34,23,52,5890,15,7,0,5088,7200,60,255,1
1767761479.6892586,9124707774134530792,43997,0,34,23,52,5890,15,7,0,5086,7200,60,255,1
1767761481.185979,9124707774134530792,44034,0,34,23,52,5890,15,7,0,5085,7200,60,255,1
1767761482.199536,9124707774134530792,44056,0,34,23,52,5890,15,7,0,5084,7200,60,255,1
1767761483.6950722,9124707774134530792,44086,0,34,23,52,5890,15,7,0,5082,7200,60,255,1
1767761485.19561,9124707774134530792,44116,0,34,23,52,5890,15,7,0,5081,7200,60,255,1
1767761486.687093,9124707774134530792,44147,0,34,23,52,5890,15,7,0,5079,7200,60,255,1
1767761487.7004485,9124707774134530792,44169,0,34,23,52,5890,15,7,0,5078,7200,60,255,1
1767761488.700712,9124707774134530792,44189,0,34,23,52,5890,15,7,0,5077,7200,60,255,1
1767761490.1925592,9124707774134530792,44219,0,34,23,52,5890,15,7,0,5076,7200,60,255,1
1767761491.6870484,9124707774134530792,44251,0,34,23,52,5890,15,7,0,5074,7200,60,255,1
1767761493.1853065,9124707774134530792,44289,0,34,23,52,5890,15,7,0,5073,7200,60,255,1
1767761494.186486,9124707774134530792,44313,0,34,23,52,5890,15,7,0,5072,7200,60,255,1
1767761495.2013652,9124707774134530792,44336,0,34,23,52,5890,15,7,0,5071,7200,60,255,1
1767761496.6955469,9124707774134530792,44366,0,34,23,52,5890,15,7,0,5069,7200,60,255,1
1767761498.1865613,9124707774134530792,44398,0,34,23,52,5890,15,7,0,5068,7200,60,255,1
1767761499.1911945,9124707774134530792,44423,0,34,23,52,5890,15,7,0,5067,7200,60,255,1
1767761500.6845212,9124707774134530792,44459,0,34,23,52,5890,15,7,0,5065,7200,60,255,1
1767761501.6968448,9124707774134530792,44480,0,34,23,52,5890,15,7,0,5064,7200,60,255,1
1767761503.1944096,9124707774134530792,44510,0,34,23,52,5890,15,7,0,5063,7200,60,255,1
1767761504.6909795,9124707774134530792,44540,0,34,23,52,5890,15,7,0,5061,7200,60,255,1
1767761506.1841257,9124707774134530792,44573,0,34,23,52,5890,15,7,0,5060,7200,60,255,1
1767761507.198089,9124707774134530792,44594,0,34,23,52,5890,15,7,0,5059,7200,60,255,1
1767761508.6980157,9124707774134530792,44624,0,34,23,52,5890,15,7,0,5057,7200,60,255,1
1767761509.6988342,9124707774134530792,44644,0,34,23,52,5890,15,7,0,5056,7200,60,255,1
1767761511.197245,9124707774134530792,44674,0,34,23,52,5890,15,7,0,5055,7200,60,255,1
1767761512.69584,9124707774134530792,44704,0,34,23,52,5890,15,7,0,5053,7200,60,255,1
1767761513.6989834,9124707774134530792,44724,0,34,23,52,5890,15,7,0,5052,7200,60,255,1
1767761515.1942852,9124707774134530792,44754,0,34,23,52,5890,15,7,0,5051,7200,60,255,1
1767761516.6889076,9124707774134530792,44784,0,34,23,52,5890,15,7,0,5049,7200,60,255,1
1767761518.185031,9124707774134530792,44818,0,34,23,52,5890,15,7,0,5048,7200,60,255,1
1767761519.1867695,9124707774134530792,44843,0,34,23,52,5890,15,7,0,5047,7200,60,255,1
1767761520.687783,9124707774134530792,44880,0,34,23,52,5890,15,7,0,5045,7200,60,255,1
1767761522.1845727,9124707774134530792,44922,0,34,23,52,5890,15,7,0,5044,7200,60,255,1
1767761523.1988766,9124707774134530792,44943,0,34,23,52,5890,15,7,0,5043,7200,60,255,1
1767761524.686006,9124707774134530792,44984,0,34,23,52,5890,15,7,0,5041,7200,60,255,1
1767761526.1853416,9124707774134530792,45020,0,34,23,52,5890,15,7,0,5040,7200,60,255,1
1767761527.2004554,9124707774134530792,45042,0,34,23,52,5890,15,7,0,5039,7200,60,255,1
1767761528.6892881,9124707774134530792,45072,0,34,23,52,5890,15,7,0,5037,7200,60,255,1
1767761530.1860235,9124707774134530792,45110,0,34,23,52,5890,15,7,0,5036,7200,60,255,1
1767761531.1993356,9124707774134530792,45131,0,34,23,52,5890,15,7,0,5035,7200,60,255,1
1767761532.6938293,9124707774134530792,45161,0,34,23,52,5890,15,7,0,5033,7200,60,255,1
1767761534.1976683,9124707774134530792,45191,0,34,23,52,5890,15,7,0,5032,7200,60,255,1
1767761535.694711,9124707774134530792,45221,0,34,23,52,5890,15,7,0,5030,7200,60,255,1
1767761537.1939855,9124707774134530792,45251,0,34,23,52,5890,15,7,0,5029,7200,60,255,1
1767761538.1945755,9124707774134530792,45271,0,34,23,52,5890,15,7,0,5028,7200,60,255,1
1767761539.197749,9124707774134530792,45291,0,34,23,52,5890,15,7,0,5027,7200,60,255,1
1767761540.1978903,9124707774134530792,45311,0,34,23,52,5890,15,7,0,5026,7200,60,255,1
1767761541.697024,9124707774134530792,45341,0,34,23,52,5890,15,7,0,5024,7200,60,255,1
1767761543.197611,9124707774134530792,45371,0,34,23,52,5890,15,7,0,5023,7200,60,255,1
1767761544.6846066,9124707774134530792,45402,0,34,23,52,5890,15,7,0,5021,7200,60,255,1
1767761545.685812,9124707774134530792,45423,0,34,23,52,5890,15,7,0,5020,7200,60,255,1
1767761547.1843956,9124707774134530792,45456,0,34,23,52,5890,15,7,0,5019,7200,60,255,1
1767761548.1988378,9124707774134530792,45477,0,34,23,52,5890,15,7,0,5018,7200,60,255,1
1767761549.6854868,9124707774134530792,45510,0,34,23,52,5890,15,7,0,5016,7200,60,255,1
1767761550.6998134,9124707774134530792,45532,0,34,23,52,5890,15,7,0,5015,7200,60,255,1
1767761552.1979659,9124707774134530792,45562,0,34,23,52,5890,15,7,0,5014,7200,60,255,1
1767761553.1980429,9124707774134530792,45582,0,34,23,52,5890,15,7,0,5013,7200,60,255,1
1767761554.1990597,9124707774134530792,45602,0,34,23,52,5890,15,7,0,5012,7200,60,255,1
1767761555.6934638,9124707774134530792,45632,0,34,23,52,5890,15,7,0,5010,7200,60,255,1
1767761557.1920233,9124707774134530792,45662,0,34,23,52,5890,15,7,0,5009,7200,60,255,1
1767761558.686534,9124707774134530792,45693,0,34,23,52,5890,15,7,0,5007,7200,60,255,1
1767761559.6878011,9124707774134530792,45715,0,34,23,52,5890,15,7,0,5006,7200,60,255,1
1767761560.7003007,9124707774134530792,45740,0,34,23,52,5890,15,7,0,5005,7200,60,255,1
1767761562.1967797,9124707774134530792,45770,0,34,23,52,5890,15,7,0,5004,7200,60,255,1
1767761563.6903927,9124707774134530792,45800,0,34,23,52,5890,15,7,0,5002,7200,60,255,1
1767761564.696334,9124707774134530792,45820,0,34,23,52,5890,15,7,0,5001,7200,60,255,1
1767761566.1920745,9124707774134530792,45850,0,34,23,52,5890,15,7,0,5000,7200,60,255,1
1767761567.6862335,9124707774134530792,45884,0,34,23,52,5890,15,7,0,4998,7200,60,255,1
1767761568.7004514,9124707774134530792,45905,0,34,23,52,5890,15,7,0,4997,7200,60,255,1
1767761570.199179,9124707774134530792,45939,0,34,23,52,5890,15,7,0,4996,7200,60,255,1
1767761571.6981306,9124707774134530792,45969,0,34,23,52,5890,15,7,0,4994,7200,60,255,1
1767761573.1951604,9124707774134530792,45999,0,34,23,52,5890,15,7,0,4993,7200,60,255,1
1767761574.1964195,9124707774134530792,46019,0,34,23,52,5890,15,7,0,4992,7200,60,255,1
1767761575.6916888,9124707774134530792,46049,0,34,23,52,5890,15,7,0,4990,7200,60,255,1
1767761577.186011,9124707774134530792,46085,0,34,23,52,5890,15,7,0,4989,7200,60,255,1
1767761578.2004082,9124707774134530792,46107,0,34,23,52,5890,15,7,0,4988,7200,60,255,1
1767761579.6976068,9124707774134530792,46137,0,34,23,52,5890,15,7,0,4986,7200,60,255,1
1767761581.1930308,9124707774134530792,46167,0,34,23,52,5890,15,7,0,4985,7200,60,255,1
1767761582.6889553,9124707774134530792,46197,0,34,23,52,5890,15,7,0,4983,7200,60,255,1
1767761584.192022,9124707774134530792,46231,0,34,23,52,5890,15,7,0,4982,7200,60,255,1
1767761585.6845164,9124707774134530792,46265,0,34,23,52,5890,15,7,0,4980,7200,60,255,1
1767761586.6977096,9124707774134530792,46286,0,34,23,52,5890,15,7,0,4979,7200,60,255,1
1767761588.1925647,9124707774134530792,46316,0,34,23,52,5890,15,7,0,4978,7200,60,255,1
1767761589.691439,9124707774134530792,46346,0,34,23,52,5890,15,7,0,4976,7200,60,255,1
1767761591.185759,9124707774134530792,46379,0,34,23,52,5890,15,7,0,4975,7200,60,255,1
1767761592.200703,9124707774134530792,46402,0,34,23,52,5890,15,7,0,4974,7200,60,255,1
1767761593.6989996,9124707774134530792,46434,0,34,23,52,5890,15,7,0,4972,7200,60,255,1
1767761595.200852,9124707774134530792,46466,0,34,23,52,5890,15,7,0,4971,7200,60,255,1
1767761596.6964045,9124707774134530792,46496,0,34,23,52,5890,15,7,0,4969,7200,60,255,1
1767761597.6977715,9124707774134530792,46516,0,34,23,52,5890,15,7,0,4968,7200,60,255,1
1767761599.1977816,9124707774134530792,46546,0,34,23,52,5890,15,7,0,4967,7200,60,255,1
1767761600.6941302,9124707774134530792,46576,0,34,23,52,5890,15,7,0,4965,7200,60,255,1
1767761602.1949515,9124707774134530792,46606,0,34,23,52,5890,15,7,0,4964,7200,60,255,1
1767761603.6920397,9124707774134530792,46636,0,34,23,52,5890,15,7,0,4962,7200,60,255,1
1767761604.6935713,9124707774134530792,46656,0,34,23,52,5890,15,7,0,4961,7200,60,255,1
1767761606.1881878,9124707774134530792,46689,0,34,23,52,5890,15,7,0,4960,7200,60,255,1
1767761607.200264,9124707774134530792,46715,0,34,23,52,5890,15,7,0,4959,7200,60,255,1
1767761608.6970692,9124707774134530792,46745,0,34,23,52,5890,15,7,0,4957,7200,60,255,1
1767761609.6991487,9124707774134530792,46766,0,34,23,52,5890,15,7,0,4956,7200,60,255,1
1767761611.1968775,9124707774134530792,46796,0,34,23,52,5890,15,7,0,4955,7200,60,255,1
1767761612.6965733,9124707774134530792,46826,0,34,23,52,5890,15,7,0,4953,7200,60,255,1
1767761614.1946027,9124707774134530792,46856,0,34,23,52,5890,15,7,0,4952,7200,60,255,1
1767761615.6894965,9124707774134530792,46886,0,34,23,52,5890,15,7,0,4950,7200,60,255,1
1767761617.1891317,9124707774134530792,46923,0,34,23,52,5890,15,7,0,4949,7200,60,255,1
1767761618.6866813,9124707774134530792,46962,0,34,23,52,5890,15,7,0,4947,7200,60,255,1
1767761619.6869302,9124707774134530792,46984,0,34,23,52,5890,15,7,0,4946,7200,60,255,1
1767761621.2011886,9124707774134530792,47022,0,34,23,52,5890,15,7,0,4945,7200,60,255,1
1767761622.6921816,9124707774134530792,47052,0,34,23,52,5890,15,7,0,4943,7200,60,255,1
1767761624.193586,9124707774134530792,47082,0,34,23,52,5890,15,7,0,4942,7200,60,255,1
1767761625.6918218,9124707774134530792,47112,0,34,23,52,5890,15,7,0,4940,7200,60,255,1
1767761627.192145,9124707774134530792,47142,0,34,23,52,5890,15,7,0,4939,7200,60,255,1
1767761628.6878886,9124707774134530792,47175,0,34,23,52,5890,15,7,0,4937,7200,60,255,1
1767761629.6913927,9124707774134530792,47197,0,34,23,52,5890,15,7,0,4936,7200,60,255,1
1767761630.6924026,9124707774134530792,47217,0,34,23,52,5890,15,7,0,4935,7200,60,255,1
1767761631.6926327,9124707774134530792,47237,0,34,23,52,5890,15,7,0,4934,7200,60,255,1
1767761633.1917555,9124707774134530792,47267,0,34,23,52,5890,15,7,0,4933,7200,60,255,1
1767761634.1960764,9124707774134530792,47287,0,34,23,52,5890,15,7,0,4932,7200,60,255,1
1767761635.695198,9124707774134530792,47317,0,34,23,52,5890,15,7,0,4930,7200,60,255,1
1767761637.1947756,9124707774134530792,47347,0,34,23,52,5890,15,7,0,4929,7200,60,255,1
1767761638.1960514,9124707774134530792,47367,0,34,23,52,5890,15,7,0,4928,7200,60,255,1
1767761639.1967626,9124707774134530792,47387,0,34,23,52,5890,15,7,0,4927,7200,60,255,1
1767761640.6950016,9124707774134530792,47417,0,34,23,52,5890,15,7,0,4925,7200,60,255,1
1767761642.1947281,9124707774134530792,47447,0,34,23,52,5890,15,7,0,4924,7200,60,255,1
1767761643.2002442,9124707774134530792,47467,0,34,23,52,5890,15,7,0,4923,7200,60,255,1
1767761644.6859534,9124707774134530792,47501,0,34,23,52,5890,15,7,0,4921,7200,60,255,1
1767761646.2000976,9124707774134530792,47534,0,34,23,52,5890,15,7,0,4920,7200,60,255,1
1767761647.6976311,9124707774134530792,47564,0,34,23,52,5890,15,7,0,4918,7200,60,255,1
1767761648.698992,9124707774134530792,47584,0,34,23,52,5890,15,7,0,4917,7200,60,255,1
1767761650.2012248,9124707774134530792,47617,0,34,23,52,5890,15,7,0,4916,7200,60,255,1
1767761651.6988628,9124707774134530792,47647,0,34,23,52,5890,15,7,0,4914,7200,60,255,1
1767761653.1977894,9124707774134530792,47679,0,34,23,52,5890,15,7,0,4913,7200,60,255,1
1767761654.6966898,9124707774134530792,47712,0,34,23,52,5890,15,7,0,4911,7200,60,255,1
1767761655.7004724,9124707774134530792,47733,0,34,23,52,5890,15,7,0,4910,7200,60,255,1
1767761657.1934993,9124707774134530792,47766,0,34,23,52,5890,15,7,0,4909,7200,60,255,1
1767761658.1965299,9124707774134530792,47788,0,34,23,52,5890,15,7,0,4908,7200,60,255,1
1767761659.1986263,9124707774134530792,47810,0,34,23,52,5890,15,7,0,4907,7200,60,255,1
1767761660.2015908,9124707774134530792,47831,0,34,23,52,5890,15,7,0,4906,7200,60,255,1
1767761661.6946588,9124707774134530792,47863,0,34,23,52,5890,15,7,0,4904,7200,60,255,1
1767761662.6991835,9124707774134530792,47883,0,34,23,52,5890,15,7,0,4903,7200,60,255,1
1767761664.1943004,9124707774134530792,47915,0,34,23,52,5890,15,7,0,4902,7200,60,255,1
1767761665.1946442,9124707774134530792,47936,0,34,23,52,5890,15,7,0,4901,7200,60,255,1
1767761666.1976814,9124707774134530792,47957,0,34,23,52,5890,15,7,0,4900,7200,60,255,1
1767761667.1978877,9124707774134530792,47978,0,34,23,52,5890,15,7,0,4899,7200,60,255,1
1767761668.2001064,9124707774134530792,47999,0,34,23,52,5890,15,7,0,4898,7200,60,255,1
1767761669.6886845,9124707774134530792,48032,0,34,23,52,5890,15,7,0,4896,7200,60,255,1
1767761670.694653,9124707774134530792,48053,0,34,23,52,5890,15,7,0,4895,7200,60,255,1
1767761672.1854315,9124707774134530792,48086,0,34,23,52,5890,15,7,0,4894,7200,60,255,1
1767761673.6957452,9124707774134530792,48119,0,34,23,52,5890,15,7,0,4892,7200,60,255,1
1767761675.1935954,9124707774134530792,48151,0,34,23,52,5890,15,7,0,4891,7200,60,255,1
1767761676.6954527,9124707774134530792,48183,0,34,23,52,5890,15,7,0,4889,7200,60,255,1
1767761678.1847284,9124707774134530792,48217,0,34,23,52,5890,15,7,0,4888,7200,60,255,1
1767761679.1854815,9124707774134530792,48242,0,34,23,52,5890,15,7,0,4887,7200,60,255,1
1767761680.2010655,9124707774134530792,48264,0,34,23,52,5890,15,7,0,4886,7200,60,255,1
1767761681.6979997,9124707774134530792,48294,0,34,23,52,5890,15,7,0,4884,7200,60,255,1
1767761682.6989765,9124707774134530792,48314,0,34,23,52,5890,15,7,0,4883,7200,60,255,1
1767761683.6990488,9124707774134530792,48334,0,34,23,52,5890,15,7,0,4882,7200,60,255,1
1767761684.6998382,9124707774134530792,48354,0,34,23,52,5890,15,7,0,4881,7200,60,255,1
1767761685.7001653,9124707774134530792,48375,0,34,23,52,5890,15,7,0,4880,7200,60,255,1
1767761687.2016027,9124707774134530792,48405,0,34,23,52,5890,15,7,0,4879,7200,60,255,1
1767761688.697613,9124707774134530792,48435,0,34,23,52,5890,15,7,0,4877,7200,60,255,1
1767761690.2014074,9124707774134530792,48467,0,34,23,52,5890,15,7,0,4876,7200,60,255,1
1767761691.6994803,9124707774134530792,48497,0,34,23,52,5890,15,7,0,4874,7200,60,255,1
1767761693.2001936,9124707774134530792,48527,0,34,23,52,5890,15,7,0,4873,7200,60,255,1
1767761694.6887074,9124707774134530792,48563,0,34,23,52,5890,15,7,0,4871,7200,60,255,1
1767761695.6891978,9124707774134530792,48585,0,34,23,52,5890,15,7,0,4870,7200,60,255,1
1767761697.186037,9124707774134530792,48619,0,34,23,52,5890,15,7,0,4869,7200,60,255,1
1767761698.1865394,9124707774134530792,48648,0,34,23,52,5890,15,7,0,4868,7200,60,255,1
1767761699.187959,9124707774134530792,48671,0,34,23,52,5890,15,7,0,4867,7200,60,255,1
1767761700.1888778,9124707774134530792,48691,0,34,23,52,5890,15,7,0,4866,7200,60,255,1
1767761701.6848614,9124707774134530792,48727,0,34,23,52,5890,15,7,0,4864,7200,60,255,1
1767761702.698884,9124707774134530792,48748,0,34,23,52,5890,15,7,0,4863,7200,60,255,1
1767761704.1890173,9124707774134530792,48780,0,34,23,52,5890,15,7,0,4862,7200,60,255,1
1767761705.68761,9124707774134530792,48814,0,34,23,52,5890,15,7,0,4860,7200,60,255,1
1767761707.1865146,9124707774134530792,48856,0,34,23,52,5890,15,7,0,4859,7200,60,255,1
1767761708.685884,9124707774134530792,48890,0,34,23,52,5890,15,7,0,4857,7200,60,255,1
1767761709.6876864,9124707774134530792,48914,0,34,23,52,5890,15,7,0,4856,7200,60,255,1
1767761711.185441,9124707774134530792,48955,0,34,23,52,5890,15,7,0,4855,7200,60,255,1
1767761712.1990793,9124707774134530792,48976,0,34,23,52,5890,15,7,0,4854,7200,60,255,1
1767761713.6948574,9124707774134530792,49006,0,34,23,52,5890,15,7,0,4852,7200,60,255,1
1767761714.6979506,9124707774134530792,49026,0,34,23,52,5890,15,7,0,4851,7200,60,255,1
1767761716.193089,9124707774134530792,49056,0,34,23,52,5890,15,7,0,4850,7200,60,255,1
1767761717.6901095,9124707774134530792,49086,0,34,23,52,5890,15,7,0,4848,7200,60,255,1
1767761719.191527,9124707774134530792,49124,0,34,23,52,5890,15,7,0,4847,7200,60,255,1
1767761720.686103,9124707774134530792,49160,0,34,23,52,5890,15,7,0,4845,7200,60,255,1
1767761721.688666,9124707774134530792,49191,0,34,23,52,5890,15,7,0,4844,7200,60,255,1
1767761722.6902487,9124707774134530792,49213,0,34,23,52,5890,15,7,0,4843,7200,60,255,1
1767761724.1918972,9124707774134530792,49245,0,34,23,52,5890,15,7,0,4842,7200,60,255,1
1767761725.6924777,9124707774134530792,49275,0,34,23,52,5890,15,7,0,4840,7200,60,255,1
1767761726.6928527,9124707774134530792,49295,0,34,23,52,5890,15,7,0,4839,7200,60,255,1
1767761728.1911175,9124707774134530792,49325,0,34,23,52,5890,15,7,0,4838,7200,60,255,1
1767761729.1962292,9124707774134530792,49347,0,34,23,52,5890,15,7,0,4837,7200,60,255,1
1767761730.6951685,9124707774134530792,49377,0,34,23,52,5890,15,7,0,4835,7200,60,255,1
1767761732.1924496,9124707774134530792,49407,0,34,23,52,5890,15,7,0,4834,7200,60,255,1
1767761733.690439,9124707774134530792,49437,0,34,23,52,5890,15,7,0,4832,7200,60,255,1
1767761734.6951013,9124707774134530792,49457,0,34,23,52,5890,15,7,0,4831,7200,60,255,1
1767761736.1908634,9124707774134530792,49487,0,34,23,52,5890,15,7,0,4830,7200,60,255,1
1767761737.6883178,9124707774134530792,49519,0,34,23,52,5890,15,7,0,4828,7200,60,255,1
1767761739.191734,9124707774134530792,49564,0,34,23,52,5890,15,7,0,4827,7200,60,255,1
1767761740.6845384,9124707774134530792,49595,0,34,23,52,5890,15,7,0,4825,7200,60,255,1
1767761741.692294,9124707774134530792,49618,0,34,23,52,5890,15,7,0,4824,7200,60,255,1
1767761742.7009604,9124707774134530792,49639,0,34,23,52,5890,15,7,0,4823,7200,60,255,1
1767761744.1876388,9124707774134530792,49672,0,34,23,52,5890,15,7,0,4822,7200,60,255,1
1767761745.1931705,9124707774134530792,49694,0,34,23,52,5890,15,7,0,4821,7200,60,255,1
1767761746.1986444,9124707774134530792,49715,0,34,23,52,5890,15,7,0,4820,7200,60,255,1
1767761747.6975985,9124707774134530792,49747,0,34,23,52,5890,15,7,0,4818,7200,60,255,1
1767761749.204885,9124707774134530792,49777,0,34,23,52,5890,15,7,0,4817,7200,60,255,1
1767761750.702053,9124707774134530792,49809,0,34,23,52,5890,15,7,0,4815,7200,60,255,1
1767761752.1853201,9124707774134530792,49841,0,34,23,52,5890,15,7,0,4814,7200,60,255,1
1767761753.1929355,9124707774134530792,49862,0,34,23,52,5890,15,7,0,4813,7200,60,255,1
1767761754.1990154,9124707774134530792,49886,0,34,23,52,5890,15,7,0,4812,7200,60,255,1
1767761755.6847076,9124707774134530792,49917,0,34,23,52,5890,15,7,0,4810,7200,60,255,1
1767761756.6890602,9124707774134530792,49938,0,34,23,52,5890,15,7,0,4809,7200,60,255,1
1767761757.6936984,9124707774134530792,49959,0,34,23,52,5890,15,7,0,4808,7200,60,255,1
1767761758.6977487,9124707774134530792,49980,0,34,23,52,5890,15,7,0,4807,7200,60,255,1
1767761760.1866589,9124707774134530792,50012,0,34,23,52,5890,15,7,0,4806,7200,60,255,1
1767761761.1907883,9124707774134530792,50033,0,34,23,52,5890,15,7,0,4805,7200,60,255,1
1767761762.1910248,9124707774134530792,50055,0,34,23,52,5890,15,7,0,4804,7200,60,255,1
1767761763.1980753,9124707774134530792,50078,0,34,23,52,5890,15,7,0,4803,7200,60,255,1
1767761764.6992955,9124707774134530792,50112,0,34,23,52,5890,15,7,0,4801,7200,60,255,1
1767761766.1900644,9124707774134530792,50143,0,34,23,52,5890,15,7,0,4800,7200,60,255,1
1767761767.2000759,9124707774134530792,50164,0,34,23,52,5890,15,7,0,4799,7200,60,255,1
1767761768.6854553,9124707774134530792,50196,0,34,23,52,5890,15,7,0,4797,7200,60,255,1
1767761769.6978037,9124707774134530792,50219,0,34,23,52,5890,15,7,0,4796,7200,60,255,1
1767761771.2001908,9124707774134530792,50251,0,34,23,52,5890,15,7,0,4795,7200,60,255,1
1767761772.6926963,9124707774134530792,50282,0,34,23,52,5890,15,7,0,4793,7200,60,255,1
1767761773.6975608,9124707774134530792,50304,0,34,23,52,5890,15,7,0,4792,7200,60,255,1
1767761775.1899238,9124707774134530792,50334,0,34,23,52,5890,15,7,0,4791,7200,60,255,1
1767761776.1977396,9124707774134530792,50357,0,34,23,52,5890,15,7,0,4790,7200,60,255,1
1767761777.6978135,9124707774134530792,50389,0,34,23,52,5890,15,7,0,4788,7200,60,255,1
1767761779.2003927,9124707774134530792,50422,0,34,23,52,5890,15,7,0,4787,7200,60,255,1
1767761780.6842337,9124707774134530792,50452,0,34,23,52,5890,15,7,0,4785,7200,60,255,1
1767761781.6955836,9124707774134530792,50476,0,34,23,52,5890,15,7,0,4784,7200,60,255,1
1767761783.1964083,9124707774134530792,50507,0,34,23,52,5890,15,7,0,4783,7200,60,255,1
1767761784.7001016,9124707774134530792,50539,0,34,23,52,5890,15,7,0,4781,7200,60,255,1
1767761786.2002134,9124707774134530792,50571,0,34,23,52,5890,15,7,0,4780,7200,60,255,1
1767761787.699861,9124707774134530792,50603,0,34,23,52,5890,15,7,0,4778,7200,60,255,1
1767761789.1979449,9124707774134530792,50635,0,34,23,52,5890,15,7,0,4777,7200,60,255,1
1767761790.6989572,9124707774134530792,50667,0,34,23,52,5890,15,7,0,4775,7200,60,255,1
1767761792.1970985,9124707774134530792,50701,0,34,23,52,5890,15,7,0,4774,7200,60,255,1
1767761793.6965294,9124707774134530792,50733,0,34,23,52,5890,15,7,0,4772,7200,60,255,1
1767761794.6965408,9124707774134530792,50755,0,34,23,52,5890,15,7,0,4771,7200,60,255,1
1767761796.1987393,9124707774134530792,50786,0,34,23,52,5890,15,7,0,4770,7200,60,255,1
1767761797.6999059,9124707774134530792,50820,0,34,23,52,5890,15,7,0,4768,7200,60,255,1
1767761799.198617,9124707774134530792,50853,0,34,23,52,5890,15,7,0,4767,7200,60,255,1
1767761800.2000086,9124707774134530792,50873,0,34,23,52,5890,15,7,0,4766,7200,60,255,1
1767761801.6987622,9124707774134530792,50904,0,34,23,52,5890,15,7,0,4764,7200,60,255,1
1767761803.1954908,9124707774134530792,50937,0,34,23,52,5890,15,7,0,4763,7200,60,255,1
1767761804.6958945,9124707774134530792,50970,0,34,23,52,5890,15,7,0,4761,7200,60,255,1
1767761806.1936076,9124707774134530792,51002,0,34,23,52,5890,15,7,0,4760,7200,60,255,1
1767761807.6911724,9124707774134530792,51034,0,34,23,52,5890,15,7,0,4758,7200,60,255,1
1767761809.1925008,9124707774134530792,51066,0,34,23,52,5890,15,7,0,4757,7200,60,255,1
1767761810.691648,9124707774134530792,51098,0,34,23,52,5890,15,7,0,4755,7200,60,255,1
1767761812.1898687,9124707774134530792,51130,0,34,23,52,5890,15,7,0,4754,7200,60,255,1
1767761813.2000012,9124707774134530792,51150,0,34,23,52,5890,15,7,0,4753,7200,60,255,1
1767761814.6899917,9124707774134530792,51182,0,34,23,52,5890,15,7,0,4751,7200,60,255,1
1767761816.191227,9124707774134530792,51215,0,34,23,52,5890,15,7,0,4750,7200,60,255,1
1767761817.68976,9124707774134530792,51248,0,34,23,52,5890,15,7,0,4748,7200,60,255,1
1767761819.1900403,9124707774134530792,51282,0,34,23,52,5890,15,7,0,4747,7200,60,255,1
1767761820.6947646,9124707774134530792,51313,0,34,23,52,5890,15,7,0,4745,7200,60,255,1
1767761822.1937404,9124707774134530792,51347,0,34,23,52,5890,15,7,0,4744,7200,60,255,1
1767761823.6924329,9124707774134530792,51378,0,34,23,52,5890,15,7,0,4742,7200,60,255,1
1767761825.195667,9124707774134530792,51409,0,34,23,52,5890,15,7,0,4741,7200,60,255,1
1767761826.6947904,9124707774134530792,51442,0,34,23,52,5890,15,7,0,4739,7200,60,255,1
1767761828.1911352,9124707774134530792,51474,0,34,23,52,5890,15,7,0,4738,7200,60,255,1
1767761829.2013836,9124707774134530792,51494,0,34,23,52,5890,15,7,0,4737,7200,60,255,1
1767761830.684865,9124707774134530792,51524,0,34,23,52,5890,15,7,0,4735,7200,60,255,1
1767761831.6947095,9124707774134530792,51546,0,34,23,52,5890,15,7,0,4734,7200,60,255,1
1767761833.1944277,9124707774134530792,51578,0,34,23,52,5890,15,7,0,4733,7200,60,255,1
1767761834.6977103,9124707774134530792,51609,0,34,23,52,5890,15,7,0,4731,7200,60,255,1
1767761836.1910975,9124707774134530792,51642,0,34,23,52,5890,15,7,0,4730,7200,60,255,1
1767761837.2000926,9124707774134530792,51662,0,34,23,52,5890,15,7,0,4729,7200,60,255,1
1767761838.6953378,9124707774134530792,51696,0,34,23,52,5890,15,7,0,4727,7200,60,255,1
1767761840.1901839,9124707774134530792,51728,0,34,23,52,5890,15,7,0,4726,7200,60,255,1
1767761841.6955247,9124707774134530792,51761,0,34,23,52,5890,15,7,0,4724,7200,60,255,1
1767761843.1944053,9124707774134530792,51795,0,34,23,52,5890,15,7,0,4723,7200,60,255,1
1767761844.6954966,9124707774134530792,51828,0,34,23,52,5890,15,7,0,4721,7200,60,255,1
1767761846.1901474,9124707774134530792,51861,0,34,23,52,5890,15,7,0,4720,7200,60,255,1
1767761847.1985967,9124707774134530792,51881,0,34,23,52,5890,15,7,0,4719,7200,60,255,1
1767761848.6953256,9124707774134530792,51915,0,34,23,52,5890,15,7,0,4717,7200,60,255,1
1767761850.1979501,9124707774134530792,51945,0,34,23,52,5890,15,7,0,4716,7200,60,255,1
1767761851.6934364,9124707774134530792,51980,0,34,23,52,5890,15,7,0,4714,7200,60,255,1
1767761853.1912637,9124707774134530792,52012,0,34,23,52,5890,15,7,0,4713,7200,60,255,1
1767761854.198832,9124707774134530792,52032,0,34,23,52,5890,15,7,0,4712,7200,60,255,1
1767761855.6997812,9124707774134530792,52062,0,34,23,52,5890,15,7,0,4710,7200,60,255,1
1767761857.1951332,9124707774134530792,52095,0,34,23,52,5890,15,7,0,4709,7200,60,255,1
1767761858.6963902,9124707774134530792,52127,0,34,23,52,5890,15,7,0,4707,7200,60,255,1
1767761860.1990027,9124707774134530792,52158,0,34,23,52,5890,15,7,0,4706,7200,60,255,1
1767761861.6978285,9124707774134530792,52190,0,34,23,52,5890,15,7,0,4704,7200,60,255,1
1767761863.196177,9124707774134530792,52223,0,34,23,52,5890,15,7,0,4703,7200,60,255,1
1767761864.6960769,9124707774134530792,52256,0,34,23,52,5890,15,7,0,4701,7200,60,255,1
1767761866.1933079,9124707774134530792,52290,0,34,23,52,5890,15,7,0,4700,7200,60,255,1
1767761867.6932428,9124707774134530792,52322,0,34,23,52,5890,15,7,0,4698,7200,60,255,1
1767761869.1923037,9124707774134530792,52354,0,34,23,52,5890,15,7,0,4697,7200,60,255,1
1767761870.6943512,9124707774134530792,52388,0,34,23,52,5890,15,7,0,4695,7200,60,255,1
1767761872.1915207,9124707774134530792,52421,0,34,23,52,5890,15,7,0,4694,7200,60,255,1
1767761873.6890385,9124707774134530792,52453,0,34,23,52,5890,15,7,0,4692,7200,60,255,1
1767761875.1944952,9124707774134530792,52485,0,34,23,52,5890,15,7,0,4691,7200,60,255,1
1767761876.6948168,9124707774134530792,52517,0,34,23,52,5890,15,7,0,4689,7200,60,255,1
1767761878.192356,9124707774134530792,52549,0,34,23,52,5890,15,7,0,4688,7200,60,255,1
1767761879.6964865,9124707774134530792,52582,0,34,23,52,5890,15,7,0,4686,7200,60,255,1
1767761881.1934707,9124707774134530792,52614,0,34,23,52,5890,15,7,0,4685,7200,60,255,1
1767761882.687823,9124707774134530792,52646,0,34,23,52,5890,15,7,0,4683,7200,60,255,1
1767761883.6938083,9124707774134530792,52667,0,34,23,52,5890,15,7,0,4682,7200,60,255,1
1767761885.1980765,9124707774134530792,52698,0,34,23,52,5890,15,7,0,4681,7200,60,255,1
1767761886.6962934,9124707774134530792,52731,0,34,23,52,5890,15,7,0,4679,7200,60,255,1
1767761888.200042,9124707774134530792,52763,0,34,23,52,5890,15,7,0,4678,7200,60,255,1
1767761889.6986055,9124707774134530792,52796,0,34,23,52,5890,15,7,0,4676,7200,60,255,1
1767761891.1931581,9124707774134530792,52829,0,34,23,52,5890,15,7,0,4675,7200,60,255,1
1767761892.1998026,9124707774134530792,52849,0,34,23,52,5890,15,7,0,4674,7200,60,255,1
1767761893.6940737,9124707774134530792,52882,0,34,23,52,5890,15,7,0,4672,7200,60,255,1
1767761895.1939096,9124707774134530792,52912,0,34,23,52,5890,15,7,0,4671,7200,60,255,1
1767761896.6907454,9124707774134530792,52946,0,34,23,52,5890,15,7,0,4669,7200,60,255,1
1767761897.7001903,9124707774134530792,52966,0,34,23,52,5890,15,7,0,4668,7200,60,255,1
1767761899.1975076,9124707774134530792,52999,0,34,23,52,5890,15,7,0,4667,7200,60,255,1
1767761900.7000659,9124707774134530792,53029,0,34,23,52,5890,15,7,0,4665,7200,60,255,1
1767761902.1989224,9124707774134530792,53061,0,34,23,52,5890,15,7,0,4664,7200,60,255,1
1767761903.6975274,9124707774134530792,53094,0,34,23,52,5890,15,7,0,4662,7200,60,255,1
1767761905.1998217,9124707774134530792,53127,0,34,23,52,5890,15,7,0,4661,7200,60,255,1
1767761906.7000895,9124707774134530792,53158,0,34,23,52,5890,15,7,0,4659,7200,60,255,1
1767761908.1976793,9124707774134530792,53191,0,34,23,52,5890,15,7,0,4658,7200,60,255,1
1767761909.6999102,9124707774134530792,53222,0,34,23,52,5890,15,7,0,4656,7200,60,255,1
1767761911.202124,9124707774134530792,53254,0,34,23,52,5890,15,7,0,4655,7200,60,255,1
1767761912.687805,9124707774134530792,53288,0,34,23,52,5890,15,7,0,4653,7200,60,255,1
1767761913.7003274,9124707774134530792,53311,0,34,23,52,5890,15,7,0,4652,7200,60,255,1
1767761915.1860929,9124707774134530792,53343,0,34,23,52,5890,15,7,0,4651,7200,60,255,1
1767761916.196232,9124707774134530792,53366,0,34,23,52,5890,15,7,0,4650,7200,60,255,1
1767761917.6943963,9124707774134530792,53399,0,34,23,52,5890,15,7,0,4648,7200,60,255,1
1767761919.1942139,9124707774134530792,53432,0,34,23,52,5890,15,7,0,4647,7200,60,255,1
1767761920.694642,9124707774134530792,53468,0,34,23,52,5890,15,7,0,4645,7200,60,255,1
1767761922.190815,9124707774134530792,53501,0,34,23,52,5890,15,7,0,4644,7200,60,255,1
1767761923.1992123,9124707774134530792,53521,0,34,23,52,5890,15,7,0,4643,7200,60,255,1
1767761924.6842382,9124707774134530792,53553,0,34,23,52,5890,15,7,0,4641,7200,60,255,1
1767761925.6958895,9124707774134530792,53576,0,34,23,52,5890,15,7,0,4640,7200,60,255,1
1767761927.1954052,9124707774134530792,53607,0,34,23,52,5890,15,7,0,4639,7200,60,255,1
1767761928.6902537,9124707774134530792,53642,0,34,23,52,5890,15,7,0,4637,7200,60,255,1
1767761929.6919467,9124707774134530792,53662,0,34,23,52,5890,15,7,0,4636,7200,60,255,1
1767761930.6984696,9124707774134530792,53682,0,34,23,52,5890,15,7,0,4635,7200,60,255,1
1767761932.1937768,9124707774134530792,53714,0,34,23,52,5890,15,7,0,4634,7200,60,255,1
1767761933.6907625,9124707774134530792,53748,0,34,23,52,5890,15,7,0,4632,7200,60,255,1
1767761935.1905816,9124707774134530792,53782,0,34,23,52,5890,15,7,0,4631,7200,60,255,1
1767761936.197771,9124707774134530792,53802,0,34,23,52,5890,15,7,0,4630,7200,60,255,1
1767761937.6932616,9124707774134530792,53837,0,34,23,52,5890,15,7,0,4628,7200,60,255,1
1767761939.1902528,9124707774134530792,53872,0,34,23,52,5890,15,7,0,4627,7200,60,255,1
1767761940.694681,9124707774134530792,53905,0,34,23,52,5890,15,7,0,4625,7200,60,255,1
1767761942.1922927,9124707774134530792,53937,0,34,23,52,5890,15,7,0,4624,7200,60,255,1
1767761943.2001188,9124707774134530792,53957,0,34,23,52,5890,15,7,0,4623,7200,60,255,1
1767761944.7001975,9124707774134530792,53989,0,34,23,52,5890,15,7,0,4621,7200,60,255,1
1767761946.1853313,9124707774134530792,54020,0,34,23,52,5890,15,7,0,4620,7200,60,255,1
1767761947.1950557,9124707774134530792,54043,0,34,23,52,5890,15,7,0,4619,7200,60,255,1
1767761948.691235,9124707774134530792,54076,0,34,23,52,5890,15,7,0,4617,7200,60,255,1
1767761949.6997375,9124707774134530792,54096,0,34,23,52,5890,15,7,0,4616,7200,60,255,1
1767761951.18529,9124707774134530792,54127,0,34,23,52,5890,15,7,0,4615,7200,60,255,1
1767761952.1955404,9124707774134530792,54150,0,34,23,52,5890,15,7,0,4614,7200,60,255,1
1767761953.6932724,9124707774134530792,54182,0,34,23,52,5890,15,7,0,4612,7200,60,255,1
1767761955.1988292,9124707774134530792,54214,0,34,23,52,5890,15,7,0,4611,7200,60,255,1
1767761956.7010992,9124707774134530792,54248,0,34,23,52,5890,15,7,0,4609,7200,60,255,1
1767761958.1912742,9124707774134530792,54281,0,34,23,52,5890,15,7,0,4608,7200,60,255,1
1767761959.1962812,9124707774134530792,54303,0,34,23,52,5890,15,7,0,4607,7200,60,255,1
1767761960.7001684,9124707774134530792,54337,0,34,23,52,5890,15,7,0,4605,7200,60,255,1
1767761962.1984832,9124707774134530792,54368,0,34,23,52,5890,15,7,0,4604,7200,60,255,1
1767761963.6965773,9124707774134530792,54401,0,34,23,52,5890,15,7,0,4602,7200,60,255,1
1767761964.7013006,9124707774134530792,54422,0,34,23,52,5890,15,7,0,4601,7200,60,255,1
1767761966.192243,9124707774134530792,54455,0,34,23,52,5890,15,7,0,4600,7200,60,255,1
1767761967.2002573,9124707774134530792,54478,0,34,23,52,5890,15,7,0,4599,7200,60,255,1
1767761968.6864622,9124707774134530792,54509,0,34,23,52,5890,15,7,0,4597,7200,60,255,1
1767761969.6962543,9124707774134530792,54531,0,34,23,52,5890,15,7,0,4596,7200,60,255,1
1767761971.1999302,9124707774134530792,54563,0,34,23,52,5890,15,7,0,4595,7200,60,255,1
1767761972.6984744,9124707774134530792,54595,0,34,23,52,5890,15,7,0,4593,7200,60,255,1
1767761973.6988883,9124707774134530792,54616,0,34,23,52,5890,15,7,0,4592,7200,60,255,1
1767761975.1933596,9124707774134530792,54647,0,34,23,52,5890,15,7,0,4591,7200,60,255,1
1767761976.1954153,9124707774134530792,54669,0,34,23,52,5890,15,7,0,4590,7200,60,255,1
1767761977.689712,9124707774134530792,54701,0,34,23,52,5890,15,7,0,4588,7200,60,255,1
1767761978.6956294,9124707774134530792,54723,0,34,23,52,5890,15,7,0,4587,7200,60,255,1
1767761979.6978798,9124707774134530792,54745,0,34,23,52,5890,15,7,0,4586,7200,60,255,1
1767761981.2002013,9124707774134530792,54777,0,34,23,52,5890,15,7,0,4585,7200,60,255,1
1767761982.6855037,9124707774134530792,54811,0,34,23,52,5890,15,7,0,4583,7200,60,255,1
1767761983.6932068,9124707774134530792,54833,0,34,23,52,5890,15,7,0,4582,7200,60,255,1
1767761984.6977224,9124707774134530792,54854,0,34,23,52,5890,15,7,0,4581,7200,60,255,1
1767761986.2002656,9124707774134530792,54886,0,34,23,52,5890,15,7,0,4580,7200,60,255,1
1767761987.697743,9124707774134530792,54917,0,34,23,52,5890,15,7,0,4578,7200,60,255,1
1767761989.1959333,9124707774134530792,54950,0,34,23,52,5890,15,7,0,4577,7200,60,255,1
1767761990.6987057,9124707774134530792,54983,0,34,23,52,5890,15,7,0,4575,7200,60,255,1
1767761992.2003217,9124707774134530792,55016,0,34,23,52,5890,15,7,0,4574,7200,60,255,1
1767761993.6853478,9124707774134530792,55048,0,34,23,52,5890,15,7,0,4572,7200,60,255,1
1767761994.6933532,9124707774134530792,55072,0,34,23,52,5890,15,7,0,4571,7200,60,255,1
1767761996.194166,9124707774134530792,55105,0,34,23,52,5890,15,7,0,4570,7200,60,255,1
1767761997.6966388,9124707774134530792,55138,0,34,23,52,5890,15,7,0,4568,7200,60,255,1
1767761999.1984901,9124707774134530792,55170,0,34,23,52,5890,15,7,0,4567,7200,60,255,1
1767762000.6887543,9124707774134530792,55201,0,34,23,52,5890,15,7,0,4565,7200,60,255,1
1767762001.699148,9124707774134530792,55224,0,34,23,52,5890,15,7,0,4564,7200,60,255,1
1767762003.2022655,9124707774134530792,55257,0,34,23,52,5890,15,7,0,4563,7200,60,255,1
1767762004.6865714,9124707774134530792,55288,0,34,23,52,5890,15,7,0,4561,7200,60,255,1
1767762005.6987288,9124707774134530792,55311,0,34,23,52,5890,15,7,0,4560,7200,60,255,1
1767762007.1852353,9124707774134530792,55343,0,34,23,52,5890,15,7,0,4559,7200,60,255,1
1767762008.1925337,9124707774134530792,55365,0,34,23,52,5890,15,7,0,4558,7200,60,255,1
1767762009.198691,9124707774134530792,55386,0,34,23,52,5890,15,7,0,4557,7200,60,255,1
1767762010.6858044,9124707774134530792,55418,0,34,23,52,5890,15,7,0,4555,7200,60,255,1
1767762011.6930084,9124707774134530792,55440,0,34,23,52,5890,15,7,0,4554,7200,60,255,1
1767762012.698639,9124707774134530792,55462,0,34,23,52,5890,15,7,0,4553,7200,60,255,1
1767762014.2013595,9124707774134530792,55494,0,34,23,52,5890,15,7,0,4552,7200,60,255,1
1767762015.6878388,9124707774134530792,55525,0,34,23,52,5890,15,7,0,4550,7200,60,255,1
1767762016.6935308,9124707774134530792,55547,0,34,23,52,5890,15,7,0,4549,7200,60,255,1
1767762017.7021713,9124707774134530792,55568,0,34,23,52,5890,15,7,0,4548,7200,60,255,1
1767762019.1868043,9124707774134530792,55599,0,34,23,52,5890,15,7,0,4547,7200,60,255,1
1767762020.1919093,9124707774134530792,55620,0,34,23,52,5890,15,7,0,4546,7200,60,255,1
1767762021.1986768,9124707774134530792,55644,0,34,23,52,5890,15,7,0,4545,7200,60,255,1
1767762022.6856883,9124707774134530792,55676,0,34,23,52,5890,15,7,0,4543,7200,60,255,1
1767762024.1973042,9124707774134530792,55708,0,34,23,52,5890,15,7,0,4542,7200,60,255,1
1767762025.1999357,9124707774134530792,55729,0,34,23,52,5890,15,7,0,4541,7200,60,255,1
1767762026.6904137,9124707774134530792,55763,0,34,23,52,5890,15,7,0,4539,7200,60,255,1
1767762027.6913779,9124707774134530792,55785,0,34,23,52,5890,15,7,0,4538,7200,60,255,1
1767762029.198892,9124707774134530792,55817,0,34,23,52,5890,15,7,0,4537,7200,60,255,1
1767762030.6957614,9124707774134530792,55850,0,34,23,52,5890,15,7,0,4535,7200,60,255,1
1767762032.1863272,9124707774134530792,55882,0,34,23,52,5890,15,7,0,4534,7200,60,255,1
1767762033.1885242,9124707774134530792,55906,0,34,23,52,5890,15,7,0,4533,7200,60,255,1
1767762034.696506,9124707774134530792,55938,0,34,23,52,5890,15,7,0,4531,7200,60,255,1
1767762036.1912231,9124707774134530792,55971,0,34,23,52,5890,15,7,0,4530,7200,60,255,1
1767762037.1929789,9124707774134530792,55993,0,34,23,52,5890,15,7,0,4529,7200,60,255,1
1767762038.1940136,9124707774134530792,56015,0,34,23,52,5890,15,7,0,4528,7200,60,255,1
1767762039.1956344,9124707774134530792,56037,0,34,23,52,5890,15,7,0,4527,7200,60,255,1
1767762040.2000237,9124707774134530792,56059,0,34,23,52,5890,15,7,0,4526,7200,60,255,1
1767762041.6895618,9124707774134530792,56093,0,34,23,52,5890,15,7,0,4524,7200,60,255,1
1767762042.6929333,9124707774134530792,56114,0,34,23,52,5890,15,7,0,4523,7200,60,255,1
1767762043.6935077,9124707774134530792,56134,0,34,23,52,5890,15,7,0,4522,7200,60,255,1
1767762044.6959543,9124707774134530792,56157,0,34,23,52,5890,15,7,0,4521,7200,60,255,1
1767762045.697774,9124707774134530792,56178,0,34,23,52,5890,15,7,0,4520,7200,60,255,1
1767762046.698464,9124707774134530792,56199,0,34,23,52,5890,15,7,0,4519,7200,60,255,1
1767762048.1888578,9124707774134530792,56232,0,34,23,52,5890,15,7,0,4518,7200,60,255,1
1767762049.1898243,9124707774134530792,56252,0,34,23,52,5890,15,7,0,4517,7200,60,255,1
1767762050.1945076,9124707774134530792,56272,0,34,23,52,5890,15,7,0,4516,7200,60,255,1
1767762051.1948605,9124707774134530792,56294,0,34,23,52,5890,15,7,0,4515,7200,60,255,1
1767762052.1962,9124707774134530792,56316,0,34,23,52,5890,15,7,0,4514,7200,60,255,1
1767762053.197546,9124707774134530792,56338,0,34,23,52,5890,15,7,0,4513,7200,60,255,1
1767762054.1978989,9124707774134530792,56360,0,34,23,52,5890,15,7,0,4512,7200,60,255,1
1767762055.6936154,9124707774134530792,56395,0,34,23,52,5890,15,7,0,4510,7200,60,255,1
1767762056.6943567,9124707774134530792,56417,0,34,23,52,5890,15,7,0,4509,7200,60,255,1
1767762057.6983993,9124707774134530792,56438,0,34,23,52,5890,15,7,0,4508,7200,60,255,1
1767762059.1945612,9124707774134530792,56472,0,34,23,52,5890,15,7,0,4507,7200,60,255,1
1767762060.1986828,9124707774134530792,56493,0,34,23,52,5890,15,7,0,4506,7200,60,255,1
1767762061.6988478,9124707774134530792,56526,0,34,23,52,5890,15,7,0,4504,7200,60,255,1
1767762063.1977885,9124707774134530792,56558,0,34,23,52,5890,15,7,0,4503,7200,60,255,1
1767762064.6861875,9124707774134530792,56589,0,34,23,52,5890,15,7,0,4501,7200,60,255,1
1767762065.6886578,9124707774134530792,56613,0,34,23,52,5890,15,7,0,4500,7200,60,255,1
1767762067.1930075,9124707774134530792,56645,0,34,23,52,5890,15,7,0,4499,7200,60,255,1
1767762068.6932802,9124707774134530792,56677,0,34,23,52,5890,15,7,0,4497,7200,60,255,1
1767762070.1986032,9124707774134530792,56709,0,34,23,52,5890,15,7,0,4496,7200,60,255,1
1767762071.686455,9124707774134530792,56741,0,34,23,52,5890,15,7,0,4494,7200,60,255,1
1767762072.6997814,9124707774134530792,56763,0,34,23,52,5890,15,7,0,4493,7200,60,255,1
1767762074.200255,9124707774134530792,56796,0,34,23,52,5890,15,7,0,4492,7200,60,255,1
1767762075.6894228,9124707774134530792,56831,0,34,23,52,5890,15,7,0,4490,7200,60,255,1
1767762076.7009811,9124707774134530792,56851,0,34,23,52,5890,15,7,0,4489,7200,60,255,1
1767762078.1998346,9124707774134530792,56885,0,34,23,52,5890,15,7,0,4488,7200,60,255,1
1767762079.6861124,9124707774134530792,56917,0,34,23,52,5890,15,7,0,4486,7200,60,255,1
1767762080.700975,9124707774134530792,56940,0,34,23,52,5890,15,7,0,4485,7200,60,255,1
1767762082.1958778,9124707774134530792,56973,0,34,23,52,5890,15,7,0,4484,7200,60,255,1
1767762083.6952438,9124707774134530792,57005,0,34,23,52,5890,15,7,0,4482,7200,60,255,1
1767762085.2012265,9124707774134530792,57037,0,34,23,52,5890,15,7,0,4481,7200,60,255,1
1767762086.700986,9124707774134530792,57069,0,34,23,52,5890,15,7,0,4479,7200,60,255,1
1767762088.199096,9124707774134530792,57101,0,34,23,52,5890,15,7,0,4478,7200,60,255,1
1767762089.6852443,9124707774134530792,57133,0,34,23,52,5890,15,7,0,4476,7200,60,255,1
1767762090.6865366,9124707774134530792,57156,0,34,23,52,5890,15,7,0,4475,7200,60,255,1
1767762091.6983895,9124707774134530792,57178,0,34,23,52,5890,15,7,0,4474,7200,60,255,1
1767762093.2006228,9124707774134530792,57211,0,34,23,52,5890,15,7,0,4473,7200,60,255,1
1767762094.692191,9124707774134530792,57246,0,34,23,52,5890,15,7,0,4471,7200,60,255,1
1767762095.6940713,9124707774134530792,57268,0,34,23,52,5890,15,7,0,4470,7200,60,255,1
1767762097.1978025,9124707774134530792,57299,0,34,23,52,5890,15,7,0,4469,7200,60,255,1
1767762098.7017043,9124707774134530792,57332,0,34,23,52,5890,15,7,0,4467,7200,60,255,1
1767762100.1930742,9124707774134530792,57365,0,34,23,52,5890,15,7,0,4466,7200,60,255,1
1767762101.6941729,9124707774134530792,57398,0,34,23,52,5890,15,7,0,4464,7200,60,255,1
1767762103.2000635,9124707774134530792,57431,0,34,23,52,5890,15,7,0,4463,7200,60,255,1
1767762104.6852453,9124707774134530792,57462,0,34,23,52,5890,15,7,0,4461,7200,60,255,1
1767762106.1930082,9124707774134530792,57499,0,34,23,52,5890,15,7,0,4460,7200,60,255,1
1767762107.6968105,9124707774134530792,57531,0,34,23,52,5890,15,7,0,4458,7200,60,255,1
1767762109.1992307,9124707774134530792,57564,0,34,23,52,5890,15,7,0,4457,7200,60,255,1
1767762110.6887074,9124707774134530792,57598,0,34,23,52,5890,15,7,0,4455,7200,60,255,1
1767762112.188832,9124707774134530792,57632,0,34,23,52,5890,15,7,0,4454,7200,60,255,1
1767762113.6922233,9124707774134530792,57667,0,34,23,52,5890,15,7,0,4452,7200,60,255,1
1767762115.1975822,9124707774134530792,57699,0,34,23,52,5890,15,7,0,4451,7200,60,255,1
1767762116.700265,9124707774134530792,57732,0,34,23,52,5890,15,7,0,4449,7200,60,255,1
1767762118.2017324,9124707774134530792,57764,0,34,23,52,5890,15,7,0,4448,7200,60,255,1
1767762119.7010844,9124707774134530792,57796,0,34,23,52,5890,15,7,0,4446,7200,60,255,1
1767762121.1885946,9124707774134530792,57828,0,34,23,52,5890,15,7,0,4445,7200,60,255,1
1767762122.1986737,9124707774134530792,57849,0,34,23,52,5890,15,7,0,4444,7200,60,255,1
1767762123.6976354,9124707774134530792,57883,0,34,23,52,5890,15,7,0,4442,7200,60,255,1
1767762125.1876466,9124707774134530792,57916,0,34,23,52,5890,15,7,0,4441,7200,60,255,1
1767762126.199765,9124707774134530792,57937,0,34,23,52,5890,15,7,0,4440,7200,60,255,1
1767762127.6856449,9124707774134530792,57969,0,34,23,52,5890,15,7,0,4438,7200,60,255,1
1767762128.695062,9124707774134530792,57993,0,34,23,52,5890,15,7,0,4437,7200,60,255,1
1767762130.193068,9124707774134530792,58026,0,34,23,52,5890,15,7,0,4436,7200,60,255,1
1767762131.691786,9124707774134530792,58060,0,34,23,52,5890,15,7,0,4434,7200,60,255,1
1767762133.1905417,9124707774134530792,58094,0,34,23,52,5890,15,7,0,4433,7200,60,255,1
1767762134.6929698,9124707774134530792,58126,0,34,23,52,5890,15,7,0,4431,7200,60,255,1
1767762136.1955793,9124707774134530792,58160,0,34,23,52,5890,15,7,0,4430,7200,60,255,1
1767762137.696327,9124707774134530792,58193,0,34,23,52,5890,15,7,0,4428,7200,60,255,1
1767762139.1955347,9124707774134530792,58224,0,34,23,52,5890,15,7,0,4427,7200,60,255,1
1767762140.1964765,9124707774134530792,58246,0,34,23,52,5890,15,7,0,4426,7200,60,255,1
1767762141.6974638,9124707774134530792,58278,0,34,23,52,5890,15,7,0,4424,7200,60,255,1
1767762143.1860876,9124707774134530792,58310,0,34,23,52,5890,15,7,0,4423,7200,60,255,1
1767762144.197766,9124707774134530792,58333,0,34,23,52,5890,15,7,0,4422,7200,60,255,1
1767762145.1994495,9124707774134530792,58355,0,34,23,52,5890,15,7,0,4421,7200,60,255,1
1767762146.7020793,9124707774134530792,58387,0,34,23,52,5890,15,7,0,4419,7200,60,255,1
1767762148.1883402,9124707774134530792,58422,0,34,23,52,5890,15,7,0,4418,7200,60,255,1
1767762149.6918209,9124707774134530792,58456,0,34,23,52,5890,15,7,0,4416,7200,60,255,1
1767762150.6931856,9124707774134530792,58478,0,34,23,52,5890,15,7,0,4415,7200,60,255,1
1767762152.1987605,9124707774134530792,58509,0,34,23,52,5890,15,7,0,4414,7200,60,255,1
1767762153.6994243,9124707774134530792,58540,0,34,23,52,5890,15,7,0,4412,7200,60,255,1
1767762155.1894388,9124707774134530792,58571,0,34,23,52,5890,15,7,0,4411,7200,60,255,1
1767762156.2020705,9124707774134530792,58591,0,34,23,52,5890,15,7,0,4410,7200,60,255,1
1767762157.690279,9124707774134530792,58625,0,34,23,52,5890,15,7,0,4408,7200,60,255,1
1767762159.1962464,9124707774134530792,58657,0,34,23,52,5890,15,7,0,4407,7200,60,255,1
1767762160.7014163,9124707774134530792,58691,0,34,23,52,5890,15,7,0,4405,7200,60,255,1
1767762162.1845775,9124707774134530792,58723,0,34,23,52,5890,15,7,0,4404,7200,60,255,1
1767762163.1849418,9124707774134530792,58747,0,34,23,52,5890,15,7,0,4403,7200,60,255,1
1767762164.1983798,9124707774134530792,58769,0,34,23,52,5890,15,7,0,4402,7200,60,255,1
1767762165.1996174,9124707774134530792,58791,0,34,23,52,5890,15,7,0,4401,7200,60,255,1
1767762166.701158,9124707774134530792,58823,0,34,23,52,5890,15,7,0,4399,7200,60,255,1
1767762168.184887,9124707774134530792,58855,0,34,23,52,5890,15,7,0,4398,7200,60,255,1
1767762169.1951876,9124707774134530792,58880,0,34,23,52,5890,15,7,0,4397,7200,60,255,1
1767762170.1974943,9124707774134530792,58903,0,34,23,52,5890,15,7,0,4396,7200,60,255,1
1767762171.698329,9124707774134530792,58936,0,34,23,52,5890,15,7,0,4394,7200,60,255,1
1767762173.1849194,9124707774134530792,58968,0,34,23,52,5890,15,7,0,4393,7200,60,255,1
1767762174.1999917,9124707774134530792,58991,0,34,23,52,5890,15,7,0,4392,7200,60,255,1
1767762175.691314,9124707774134530792,59024,0,34,23,52,5890,15,7,0,4390,7200,60,255,1
1767762177.1913903,9124707774134530792,59058,0,34,23,52,5890,15,7,0,4389,7200,60,255,1
1767762178.6938963,9124707774134530792,59090,0,34,23,52,5890,15,7,0,4387,7200,60,255,1
1767762180.1958776,9124707774134530792,59122,0,34,23,52,5890,15,7,0,4386,7200,60,255,1
1767762181.2001328,9124707774134530792,59143,0,34,23,52,5890,15,7,0,4385,7200,60,255,1
1767762182.6857285,9124707774134530792,59176,0,34,23,52,5890,15,7,0,4383,7200,60,255,1
1767762183.6996593,9124707774134530792,59200,0,34,23,52,5890,15,7,0,4382,7200,60,255,1
1767762185.201087,9124707774134530792,59233,0,34,23,52,5890,15,7,0,4381,7200,60,255,1
1767762186.6933033,9124707774134530792,59265,0,34,23,52,5890,15,7,0,4379,7200,60,255,1
1767762188.1954331,9124707774134530792,59298,0,34,23,52,5890,15,7,0,4378,7200,60,255,1
1767762189.6966636,9124707774134530792,59331,0,34,23,52,5890,15,7,0,4376,7200,60,255,1
1767762190.7008822,9124707774134530792,59352,0,34,23,52,5890,15,7,0,4375,7200,60,255,1
1767762192.1874497,9124707774134530792,59386,0,34,23,52,5890,15,7,0,4374,7200,60,255,1
1767762193.1983798,9124707774134530792,59408,0,34,23,52,5890,15,7,0,4373,7200,60,255,1
1767762194.7009563,9124707774134530792,59439,0,34,23,52,5890,15,7,0,4371,7200,60,255,1
1767762196.1918788,9124707774134530792,59475,0,34,23,52,5890,15,7,0,4370,7200,60,255,1
1767762197.6955533,9124707774134530792,59507,0,34,23,52,5890,15,7,0,4368,7200,60,255,1
1767762199.1976235,9124707774134530792,59540,0,34,23,52,5890,15,7,0,4367,7200,60,255,1
1767762200.6854222,9124707774134530792,59573,0,34,23,52,5890,15,7,0,4365,7200,60,255,1
1767762201.6973166,9124707774134530792,59595,0,34,23,52,5890,15,7,0,4364,7200,60,255,1
1767762203.1983044,9124707774134530792,59628,0,34,23,52,5890,15,7,0,4363,7200,60,255,1
1767762204.6874163,9124707774134530792,59660,0,34,23,52,5890,15,7,0,4361,7200,60,255,1
1767762205.6885655,9124707774134530792,59684,0,34,23,52,5890,15,7,0,4360,7200,60,255,1
1767762206.7009625,9124707774134530792,59705,0,34,23,52,5890,15,7,0,4359,7200,60,255,1
1767762208.1876473,9124707774134530792,59738,0,34,23,52,5890,15,7,0,4358,7200,60,255,1
1767762209.196113,9124707774134530792,59760,0,34,23,52,5890,15,7,0,4357,7200,60,255,1
1767762210.7006633,9124707774134530792,59792,0,34,23,52,5890,15,7,0,4355,7200,60,255,1
1767762212.1994948,9124707774134530792,59826,0,34,23,52,5890,15,7,0,4354,7200,60,255,1
1767762213.6997793,9124707774134530792,59858,0,34,23,52,5890,15,7,0,4352,7200,60,255,1
1767762215.1983063,9124707774134530792,59891,0,34,23,52,5890,15,7,0,4351,7200,60,255,1
1767762216.6861281,9124707774134530792,59923,0,34,23,52,5890,15,7,0,4349,7200,60,255,1
1767762217.6975646,9124707774134530792,59947,0,34,23,52,5890,15,7,0,4348,7200,60,255,1
1767762219.1973996,9124707774134530792,59981,0,34,23,52,5890,15,7,0,4347,7200,60,255,1
1767762220.685702,9124707774134530792,60015,0,34,23,52,5890,15,7,0,4345,7200,60,255,1
1767762221.6976514,9124707774134530792,60039,0,34,23,52,5890,15,7,0,4344,7200,60,255,1
1767762223.196493,9124707774134530792,60072,0,34,23,52,5890,15,7,0,4343,7200,60,255,1
1767762224.695381,9124707774134530792,60105,0,34,23,52,5890,15,7,0,4341,7200,60,255,1
1767762226.1848462,9124707774134530792,60135,0,34,23,52,5890,15,7,0,4340,7200,60,255,1
1767762227.196393,9124707774134530792,60159,0,34,23,52,5890,15,7,0,4339,7200,60,255,1
1767762228.6945114,9124707774134530792,60192,0,34,23,52,5890,15,7,0,4337,7200,60,255,1
1767762230.1955237,9124707774134530792,60226,0,34,23,52,5890,15,7,0,4336,7200,60,255,1
1767762231.1966171,9124707774134530792,60247,0,34,23,52,5890,15,7,0,4335,7200,60,255,1
1767762232.6985195,9124707774134530792,60279,0,34,23,52,5890,15,7,0,4333,7200,60,255,1
1767762234.1976726,9124707774134530792,60312,0,34,23,52,5890,15,7,0,4332,7200,60,255,1
1767762235.6858747,9124707774134530792,60345,0,34,23,52,5890,15,7,0,4330,7200,60,255,1
1767762236.6974258,9124707774134530792,60368,0,34,23,52,5890,15,7,0,4329,7200,60,255,1
1767762238.1963062,9124707774134530792,60402,0,34,23,52,5890,15,7,0,4328,7200,60,255,1
1767762239.6998596,9124707774134530792,60434,0,34,23,52,5890,15,7,0,4326,7200,60,255,1
1767762241.1882591,9124707774134530792,60466,0,34,23,52,5890,15,7,0,4325,7200,60,255,1
1767762242.693533,9124707774134530792,60500,0,34,23,52,5890,15,7,0,4323,7200,60,255,1
1767762244.1968167,9124707774134530792,60532,0,34,23,52,5890,15,7,0,4322,7200,60,255,1
1767762245.6850586,9124707774134530792,60566,0,34,23,52,5890,15,7,0,4320,7200,60,255,1
1767762246.6991105,9124707774134530792,60588,0,34,23,52,5890,15,7,0,4319,7200,60,255,1
1767762248.1852403,9124707774134530792,60621,0,34,23,52,5890,15,7,0,4318,7200,60,255,1
1767762249.1964777,9124707774134530792,60643,0,34,23,52,5890,15,7,0,4317,7200,60,255,1
1767762250.6874578,9124707774134530792,60677,0,34,23,52,5890,15,7,0,4315,7200,60,255,1
1767762251.6999745,9124707774134530792,60698,0,34,23,52,5890,15,7,0,4314,7200,60,255,1
1767762253.183882,9124707774134530792,60730,0,34,23,52,5890,15,7,0,4313,7200,60,255,1
1767762254.1985989,9124707774134530792,60753,0,34,23,52,5890,15,7,0,4312,7200,60,255,1
1767762255.69066,9124707774134530792,60788,0,34,23,52,5890,15,7,0,4310,7200,60,255,1
1767762257.1920466,9124707774134530792,60820,0,34,23,52,5890,15,7,0,4309,7200,60,255,1
1767762258.6937203,9124707774134530792,60852,0,34,23,52,5890,15,7,0,4307,7200,60,255,1
1767762260.1975296,9124707774134530792,60886,0,34,23,52,5890,15,7,0,4306,7200,60,255,1
1767762261.6863945,9124707774134530792,60916,0,34,23,52,5890,15,7,0,4304,7200,60,255,1
1767762262.7008271,9124707774134530792,60938,0,34,23,52,5890,15,7,0,4303,7200,60,255,1
1767762264.1859274,9124707774134530792,60971,0,34,23,52,5890,15,7,0,4302,7200,60,255,1
1767762265.1983669,9124707774134530792,60995,0,34,23,52,5890,15,7,0,4301,7200,60,255,1
1767762266.1986341,9124707774134530792,61015,0,34,23,52,5890,15,7,0,4300,7200,60,255,1
1767762267.684717,9124707774134530792,61048,0,34,23,52,5890,15,7,0,4298,7200,60,255,1
1767762268.6975226,9124707774134530792,61072,0,34,23,52,5890,15,7,0,4297,7200,60,255,1
1767762270.2001076,9124707774134530792,61104,0,34,23,52,5890,15,7,0,4296,7200,60,255,1
1767762271.2005916,9124707774134530792,61124,0,34,23,52,5890,15,7,0,4295,7200,60,255,1
1767762272.6854303,9124707774134530792,61156,0,34,23,52,5890,15,7,0,4293,7200,60,255,1
1767762273.6983542,9124707774134530792,61179,0,34,23,52,5890,15,7,0,4292,7200,60,255,1
1767762275.1993663,9124707774134530792,61213,0,34,23,52,5890,15,7,0,4291,7200,60,255,1
1767762276.6876538,9124707774134530792,61245,0,34,23,52,5890,15,7,0,4289,7200,60,255,1
1767762278.189974,9124707774134530792,61281,0,34,23,52,5890,15,7,0,4288,7200,60,255,1
1767762279.6956902,9124707774134530792,61312,0,34,23,52,5890,15,7,0,4286,7200,60,255,1
1767762280.696731,9124707774134530792,61335,0,34,23,52,5890,15,7,0,4285,7200,60,255,1
1767762282.20118,9124707774134530792,61368,0,34,23,52,5890,15,7,0,4284,7200,60,255,1
1767762283.6876872,9124707774134530792,61401,0,34,23,52,5890,15,7,0,4282,7200,60,255,1
1767762284.699931,9124707774134530792,61423,0,34,23,52,5890,15,7,0,4281,7200,60,255,1
1767762286.1890664,9124707774134530792,61456,0,34,23,52,5890,15,7,0,4280,7200,60,255,1
1767762287.1997087,9124707774134530792,61478,0,34,23,52,5890,15,7,0,4279,7200,60,255,1
1767762288.6898158,9124707774134530792,61513,0,34,23,52,5890,15,7,0,4277,7200,60,255,1
1767762290.1934419,9124707774134530792,61545,0,34,23,52,5890,15,7,0,4276,7200,60,255,1
1767762291.697464,9124707774134530792,61577,0,34,23,52,5890,15,7,0,4274,7200,60,255,1
1767762293.1996665,9124707774134530792,61609,0,34,23,52,5890,15,7,0,4273,7200,60,255,1
1767762294.685583,9124707774134530792,61640,0,34,23,52,5890,15,7,0,4271,7200,60,255,1
1767762295.701002,9124707774134530792,61664,0,34,23,52,5890,15,7,0,4270,7200,60,255,1
1767762297.1886475,9124707774134530792,61697,0,34,23,52,5890,15,7,0,4269,7200,60,255,1
1767762298.6924496,9124707774134530792,61732,0,34,23,52,5890,15,7,0,4267,7200,60,255,1
1767762300.1920764,9124707774134530792,61766,0,34,23,52,5890,15,7,0,4266,7200,60,255,1
1767762301.700527,9124707774134530792,61799,0,34,23,52,5890,15,7,0,4264,7200,60,255,1
1767762303.2020829,9124707774134530792,61832,0,34,23,52,5890,15,7,0,4263,7200,60,255,1
1767762304.7016196,9124707774134530792,61865,0,34,23,52,5890,15,7,0,4261,7200,60,255,1
1767762306.1865308,9124707774134530792,61897,0,34,23,52,5890,15,7,0,4260,7200,60,255,1
1767762307.1958442,9124707774134530792,61921,0,34,23,52,5890,15,7,0,4259,7200,60,255,1
1767762308.6943386,9124707774134530792,61956,0,34,23,52,5890,15,7,0,4257,7200,60,255,1
1767762310.1947098,9124707774134530792,61988,0,34,23,52,5890,15,7,0,4256,7200,60,255,1
1767762311.1975403,9124707774134530792,62008,0,34,23,52,5890,15,7,0,4255,7200,60,255,1
1767762312.6997452,9124707774134530792,62039,0,34,23,52,5890,15,7,0,4253,7200,60,255,1
1767762314.1856186,9124707774134530792,62071,0,34,23,52,5890,15,7,0,4252,7200,60,255,1
1767762315.1958737,9124707774134530792,62094,0,34,23,52,5890,15,7,0,4251,7200,60,255,1
1767762316.2008815,9124707774134530792,62114,0,34,23,52,5890,15,7,0,4250,7200,60,255,1
1767762317.6869152,9124707774134530792,62146,0,34,23,52,5890,15,7,0,4248,7200,60,255,1
1767762318.694945,9124707774134530792,62168,0,34,23,52,5890,15,7,0,4247,7200,60,255,1
1767762320.1995275,9124707774134530792,62201,0,34,23,52,5890,15,7,0,4246,7200,60,255,1
1767762321.6905236,9124707774134530792,62235,0,34,23,52,5890,15,7,0,4244,7200,60,255,1
1767762322.696252,9124707774134530792,62258,0,34,23,52,5890,15,7,0,4243,7200,60,255,1
1767762324.200937,9124707774134530792,62290,0,34,23,52,5890,15,7,0,4242,7200,60,255,1
1767762325.689782,9124707774134530792,62324,0,34,23,52,5890,15,7,0,4240,7200,60,255,1
1767762326.698578,9124707774134530792,62346,0,34,23,52,5890,15,7,0,4239,7200,60,255,1
1767762328.2006571,9124707774134530792,62380,0,34,23,52,5890,15,7,0,4238,7200,60,255,1
1767762329.6855512,9124707774134530792,62412,0,34,23,52,5890,15,7,0,4236,7200,60,255,1
1767762330.6983852,9124707774134530792,62435,0,34,23,52,5890,15,7,0,4235,7200,60,255,1
1767762332.1863441,9124707774134530792,62467,0,34,23,52,5890,15,7,0,4234,7200,60,255,1
1767762333.1937823,9124707774134530792,62490,0,34,23,52,5890,15,7,0,4233,7200,60,255,1
1767762334.6984174,9124707774134530792,62523,0,34,23,52,5890,15,7,0,4231,7200,60,255,1
1767762336.1930687,9124707774134530792,62555,0,34,23,52,5890,15,7,0,4230,7200,60,255,1
1767762337.2007504,9124707774134530792,62576,0,34,23,52,5890,15,7,0,4229,7200,60,255,1
1767762338.6881866,9124707774134530792,62608,0,34,23,52,5890,15,7,0,4227,7200,60,255,1
1767762339.6974652,9124707774134530792,62630,0,34,23,52,5890,15,7,0,4226,7200,60,255,1
1767762341.1885588,9124707774134530792,62662,0,34,23,52,5890,15,7,0,4225,7200,60,255,1
1767762342.1967156,9124707774134530792,62685,0,34,23,52,5890,15,7,0,4224,7200,60,255,1
1767762343.6982057,9124707774134530792,62718,0,34,23,52,5890,15,7,0,4222,7200,60,255,1
1767762345.1846223,9124707774134530792,62750,0,34,23,52,5890,15,7,0,4221,7200,60,255,1
1767762346.1958644,9124707774134530792,62774,0,34,23,52,5890,15,7,0,4220,7200,60,255,1
1767762347.6845546,9124707774134530792,62807,0,34,23,52,5890,15,7,0,4218,7200,60,255,1
1767762348.6917796,9124707774134530792,62830,0,34,23,52,5890,15,7,0,4217,7200,60,255,1
1767762349.6982915,9124707774134530792,62852,0,34,23,52,5890,15,7,0,4216,7200,60,255,1
1767762351.1874568,9124707774134530792,62883,0,34,23,52,5890,15,7,0,4215,7200,60,255,1
1767762352.1953535,9124707774134530792,62905,0,34,23,52,5890,15,7,0,4214,7200,60,255,1
1767762353.6984954,9124707774134530792,62937,0,34,23,52,5890,15,7,0,4212,7200,60,255,1
1767762355.2023606,9124707774134530792,62969,0,34,23,52,5890,15,7,0,4211,7200,60,255,1
1767762356.6900969,9124707774134530792,63003,0,34,23,52,5890,15,7,0,4209,7200,60,255,1
1767762357.7005672,9124707774134530792,63025,0,34,23,52,5890,15,7,0,4208,7200,60,255,1
1767762359.1868603,9124707774134530792,63057,0,34,23,52,5890,15,7,0,4207,7200,60,255,1
1767762360.1919556,9124707774134530792,63080,0,34,23,52,5890,15,7,0,4206,7200,60,255,1
1767762361.699062,9124707774134530792,63112,0,34,23,52,5890,15,7,0,4204,7200,60,255,1
1767762363.201921,9124707774134530792,63144,0,34,23,52,5890,15,7,0,4203,7200,60,255,1
1767762364.6839595,9124707774134530792,63176,0,34,23,52,5890,15,7,0,4201,7200,60,255,1
1767762365.6930275,9124707774134530792,63199,0,34,23,52,5890,15,7,0,4200,7200,60,255,1
1767762367.2008257,9124707774134530792,63231,0,34,23,52,5890,15,7,0,4199,7200,60,255,1
1767762368.690697,9124707774134530792,63262,0,34,23,52,5890,15,7,0,4197,7200,60,255,1
1767762369.6980054,9124707774134530792,63283,0,34,23,52,5890,15,7,0,4196,7200,60,255,1
1767762371.1903796,9124707774134530792,63316,0,34,23,52,5890,15,7,0,4195,7200,60,255,1
1767762372.1997786,9124707774134530792,63338,0,34,23,52,5890,15,7,0,4194,7200,60,255,1
1767762373.6869364,9124707774134530792,63371,0,34,23,52,5890,15,7,0,4192,7200,60,255,1
1767762374.6964564,9124707774134530792,63393,0,34,23,52,5890,15,7,0,4191,7200,60,255,1
1767762376.1906252,9124707774134530792,63426,0,34,23,52,5890,15,7,0,4190,7200,60,255,1
1767762377.2006977,9124707774134530792,63447,0,34,23,52,5890,15,7,0,4189,7200,60,255,1
1767762378.6881373,9124707774134530792,63479,0,34,23,52,5890,15,7,0,4187,7200,60,255,1
1767762379.6984897,9124707774134530792,63502,0,34,23,52,5890,15,7,0,4186,7200,60,255,1
1767762381.1907728,9124707774134530792,63537,0,34,23,52,5890,15,7,0,4185,7200,60,255,1
1767762382.1994965,9124707774134530792,63559,0,34,23,52,5890,15,7,0,4184,7200,60,255,1
1767762383.6863527,9124707774134530792,63591,0,34,23,52,5890,15,7,0,4182,7200,60,255,1
1767762384.6935353,9124707774134530792,63613,0,34,23,52,5890,15,7,0,4181,7200,60,255,1
1767762386.1847997,9124707774134530792,63646,0,34,23,52,5890,15,7,0,4180,7200,60,255,1
1767762387.1932437,9124707774134530792,63669,0,34,23,52,5890,15,7,0,4179,7200,60,255,1
1767762388.7008097,9124707774134530792,63701,0,34,23,52,5890,15,7,0,4177,7200,60,255,1
1767762390.1906426,9124707774134530792,63735,0,34,23,52,5890,15,7,0,4176,7200,60,255,1
1767762391.6994793,9124707774134530792,63767,0,34,23,52,5890,15,7,0,4174,7200,60,255,1
1767762393.1883335,9124707774134530792,63800,0,34,23,52,5890,15,7,0,4173,7200,60,255,1
1767762394.197314,9124707774134530792,63822,0,34,23,52,5890,15,7,0,4172,7200,60,255,1
1767762395.701387,9124707774134530792,63854,0,34,23,52,5890,15,7,0,4170,7200,60,255,1
1767762397.1908278,9124707774134530792,63886,0,34,23,52,5890,15,7,0,4169,7200,60,255,1
1767762398.2006345,9124707774134530792,63907,0,34,23,52,5890,15,7,0,4168,7200,60,255,1
1767762399.6883564,9124707774134530792,63939,0,34,23,52,5890,15,7,0,4166,7200,60,255,1
1767762400.69782,9124707774134530792,63961,0,34,23,52,5890,15,7,0,4165,7200,60,255,1
1767762402.190114,9124707774134530792,63993,0,34,23,52,5890,15,7,0,4164,7200,60,255,1
1767762403.701895,9124707774134530792,64027,0,34,23,52,5890,15,7,0,4162,7200,60,255,1
1767762405.1895664,9124707774134530792,64061,0,34,23,52,5890,15,7,0,4161,7200,60,255,1
1767762406.6997995,9124707774134530792,64097,0,34,23,52,5890,15,7,0,4159,7200,60,255,1
1767762408.1875253,9124707774134530792,64130,0,34,23,52,5890,15,7,0,4158,7200,60,255,1
1767762409.1966538,9124707774134530792,64152,0,34,23,52,5890,15,7,0,4157,7200,60,255,1
1767762410.700719,9124707774134530792,64184,0,34,23,52,5890,15,7,0,4155,7200,60,255,1
1767762412.1859264,9124707774134530792,64216,0,34,23,52,5890,15,7,0,4154,7200,60,255,1
1767762413.1991577,9124707774134530792,64239,0,34,23,52,5890,15,7,0,4153,7200,60,255,1
1767762414.6993089,9124707774134530792,64271,0,34,23,52,5890,15,7,0,4151,7200,60,255,1
1767762416.191697,9124707774134530792,64304,0,34,23,52,5890,15,7,0,4150,7200,60,255,1
1767762417.6942484,9124707774134530792,64337,0,34,23,52,5890,15,7,0,4148,7200,60,255,1
1767762419.1944704,9124707774134530792,64370,0,34,23,52,5890,15,7,0,4147,7200,60,255,1
1767762420.6983652,9124707774134530792,64403,0,34,23,52,5890,15,7,0,4145,7200,60,255,1
1767762422.1898854,9124707774134530792,64435,0,34,23,52,5890,15,7,0,4144,7200,60,255,1
1767762423.1987329,9124707774134530792,64457,0,34,23,52,5890,15,7,0,4143,7200,60,255,1
1767762424.6854346,9124707774134530792,64489,0,34,23,52,5890,15,7,0,4141,7200,60,255,1
1767762425.6937852,9124707774134530792,64512,0,34,23,52,5890,15,7,0,4140,7200,60,255,1
1767762427.1857088,9124707774134530792,64544,0,34,23,52,5890,15,7,0,4139,7200,60,255,1
1767762428.1918008,9124707774134530792,64567,0,34,23,52,5890,15,7,0,4138,7200,60,255,1
1767762429.2014244,9124707774134530792,64589,0,34,23,52,5890,15,7,0,4137,7200,60,255,1
1767762430.6861632,9124707774134530792,64621,0,34,23,52,5890,15,7,0,4135,7200,60,255,1
1767762431.6995902,9124707774134530792,64645,0,34,23,52,5890,15,7,0,4134,7200,60,255,1
1767762433.1874993,9124707774134530792,64678,0,34,23,52,5890,15,7,0,4133,7200,60,255,1
1767762434.193474,9124707774134530792,64701,0,34,23,52,5890,15,7,0,4132,7200,60,255,1
1767762435.6974568,9124707774134530792,64734,0,34,23,52,5890,15,7,0,4130,7200,60,255,1
1767762437.1862884,9124707774134530792,64765,0,34,23,52,5890,15,7,0,4129,7200,60,255,1
1767762438.1935043,9124707774134530792,64789,0,34,23,52,5890,15,7,0,4128,7200,60,255,1
1767762439.6975093,9124707774134530792,64822,0,34,23,52,5890,15,7,0,4126,7200,60,255,1
1767762441.1874602,9124707774134530792,64853,0,34,23,52,5890,15,7,0,4125,7200,60,255,1
1767762442.1950655,9124707774134530792,64875,0,34,23,52,5890,15,7,0,4124,7200,60,255,1
1767762443.6973255,9124707774134530792,64908,0,34,23,52,5890,15,7,0,4122,7200,60,255,1
1767762445.200368,9124707774134530792,64941,0,34,23,52,5890,15,7,0,4121,7200,60,255,1
1767762446.6906338,9124707774134530792,64973,0,34,23,52,5890,15,7,0,4119,7200,60,255,1
1767762447.6993668,9124707774134530792,64995,0,34,23,52,5890,15,7,0,4118,7200,60,255,1
1767762449.1853237,9124707774134530792,65027,0,34,23,52,5890,15,7,0,4117,7200,60,255,1
1767762450.1942904,9124707774134530792,65050,0,34,23,52,5890,15,7,0,4116,7200,60,255,1
1767762451.6852677,9124707774134530792,65082,0,34,23,52,5890,15,7,0,4114,7200,60,255,1
1767762452.692457,9124707774134530792,65105,0,34,23,52,5890,15,7,0,4113,7200,60,255,1
1767762453.700552,9124707774134530792,65126,0,34,23,52,5890,15,7,0,4112,7200,60,255,1
1767762455.1865354,9124707774134530792,65158,0,34,23,52,5890,15,7,0,4111,7200,60,255,1
1767762456.1996663,9124707774134530792,65181,0,34,23,52,5890,15,7,0,4110,7200,60,255,1
1767762457.6861608,9124707774134530792,65213,0,34,23,52,5890,15,7,0,4108,7200,60,255,1
1767762458.6950881,9124707774134530792,65237,0,34,23,52,5890,15,7,0,4107,7200,60,255,1
1767762460.2004452,9124707774134530792,65269,0,34,23,52,5890,15,7,0,4106,7200,60,255,1
1767762461.692088,9124707774134530792,65303,0,34,23,52,5890,15,7,0,4104,7200,60,255,1
1767762463.1974332,9124707774134530792,65337,0,34,23,52,5890,15,7,0,4103,7200,60,255,1
1767762464.685807,9124707774134530792,65369,0,34,23,52,5890,15,7,0,4101,7200,60,255,1
1767762465.6931958,9124707774134530792,65392,0,34,23,52,5890,15,7,0,4100,7200,60,255,1
1767762467.1861606,9124707774134530792,65423,0,34,23,52,5890,15,7,0,4099,7200,60,255,1
1767762468.1947026,9124707774134530792,65446,0,34,23,52,5890,15,7,0,4098,7200,60,255,1
1767762469.6974723,9124707774134530792,65479,0,34,23,52,5890,15,7,0,4096,7200,60,255,1
1767762471.1869767,9124707774134530792,65511,0,34,23,52,5890,15,7,0,4095,7200,60,255,1
1767762472.1957297,9124707774134530792,65534,0,34,23,52,5890,15,7,0,4094,7200,60,255,1
1767762473.6983523,9124707774134530792,65568,0,34,23,52,5890,15,7,0,4092,7200,60,255,1
1767762475.2021773,9124707774134530792,65601,0,34,23,52,5890,15,7,0,4091,7200,60,255,1
1767762476.6883974,9124707774134530792,65634,0,34,23,52,5890,15,7,0,4089,7200,60,255,1
1767762477.6959276,9124707774134530792,65656,0,34,23,52,5890,15,7,0,4088,7200,60,255,1
1767762479.1986125,9124707774134530792,65689,0,34,23,52,5890,15,7,0,4087,7200,60,255,1
1767762480.700664,9124707774134530792,65722,0,34,23,52,5890,15,7,0,4085,7200,60,255,1
1767762482.190514,9124707774134530792,65756,0,34,23,52,5890,15,7,0,4084,7200,60,255,1
1767762483.2003102,9124707774134530792,65777,0,34,23,52,5890,15,7,0,4083,7200,60,255,1
1767762484.6857743,9124707774134530792,65809,0,34,23,52,5890,15,7,0,4081,7200,60,255,1
1767762485.694983,9124707774134530792,65833,0,34,23,52,5890,15,7,0,4080,7200,60,255,1
1767762487.1883953,9124707774134530792,65864,0,34,23,52,5890,15,7,0,4079,7200,60,255,1
1767762488.195925,9124707774134530792,65887,0,34,23,52,5890,15,7,0,4078,7200,60,255,1
1767762489.6999702,9124707774134530792,65921,0,34,23,52,5890,15,7,0,4076,7200,60,255,1
1767762491.1935265,9124707774134530792,65953,0,34,23,52,5890,15,7,0,4075,7200,60,255,1
1767762492.6981664,9124707774134530792,65987,0,34,23,52,5890,15,7,0,4073,7200,60,255,1
1767762494.2007484,9124707774134530792,66019,0,34,23,52,5890,15,7,0,4072,7200,60,255,1
1767762495.687438,9124707774134530792,66051,0,34,23,52,5890,15,7,0,4070,7200,60,255,1
1767762496.6995409,9124707774134530792,66073,0,34,23,52,5890,15,7,0,4069,7200,60,255,1
1767762498.1873791,9124707774134530792,66105,0,34,23,52,5890,15,7,0,4068,7200,60,255,1
1767762499.1957166,9124707774134530792,66128,0,34,23,52,5890,15,7,0,4067,7200,60,255,1
1767762500.686016,9124707774134530792,66161,0,34,23,52,5890,15,7,0,4065,7200,60,255,1
1767762501.6994615,9124707774134530792,66185,0,34,23,52,5890,15,7,0,4064,7200,60,255,1
1767762503.187263,9124707774134530792,66218,0,34,23,52,5890,15,7,0,4063,7200,60,255,1
1767762504.1959832,9124707774134530792,66240,0,34,23,52,5890,15,7,0,4062,7200,60,255,1
1767762505.6842186,9124707774134530792,66272,0,34,23,52,5890,15,7,0,4060,7200,60,255,1
1767762506.696167,9124707774134530792,66296,0,34,23,52,5890,15,7,0,4059,7200,60,255,1
1767762508.1998372,9124707774134530792,66330,0,34,23,52,5890,15,7,0,4058,7200,60,255,1
1767762509.6884632,9124707774134530792,66362,0,34,23,52,5890,15,7,0,4056,7200,60,255,1
1767762510.6976461,9124707774134530792,66384,0,34,23,52,5890,15,7,0,4055,7200,60,255,1
1767762512.191464,9124707774134530792,66417,0,34,23,52,5890,15,7,0,4054,7200,60,255,1
1767762513.7001605,9124707774134530792,66450,0,34,23,52,5890,15,7,0,4052,7200,60,255,1
1767762515.188376,9124707774134530792,66482,0,34,23,52,5890,15,7,0,4051,7200,60,255,1
1767762516.200913,9124707774134530792,66504,0,34,23,52,5890,15,7,0,4050,7200,60,255,1
1767762517.6888156,9124707774134530792,66539,0,34,23,52,5890,15,7,0,4048,7200,60,255,1
1767762518.6982348,9124707774134530792,66562,0,34,23,52,5890,15,7,0,4047,7200,60,255,1
1767762520.1864936,9124707774134530792,66593,0,34,23,52,5890,15,7,0,4046,7200,60,255,1
1767762521.6983008,9124707774134530792,66629,0,34,23,52,5890,15,7,0,4044,7200,60,255,1
1767762523.1851044,9124707774134530792,66661,0,34,23,52,5890,15,7,0,4043,7200,60,255,1
1767762524.19479,9124707774134530792,66683,0,34,23,52,5890,15,7,0,4042,7200,60,255,1
1767762525.7013566,9124707774134530792,66715,0,34,23,52,5890,15,7,0,4040,7200,60,255,1
1767762527.1940165,9124707774134530792,66748,0,34,23,52,5890,15,7,0,4039,7200,60,255,1
1767762528.6994336,9124707774134530792,66781,0,34,23,52,5890,15,7,0,4037,7200,60,255,1
1767762530.1864254,9124707774134530792,66813,0,34,23,52,5890,15,7,0,4036,7200,60,255,1
1767762531.1927054,9124707774134530792,66836,0,34,23,52,5890,15,7,0,4035,7200,60,255,1
1767762532.6988335,9124707774134530792,66870,0,34,23,52,5890,15,7,0,4033,7200,60,255,1
1767762534.1993272,9124707774134530792,66904,0,34,23,52,5890,15,7,0,4032,7200,60,255,1
1767762535.6875987,9124707774134530792,66936,0,34,23,52,5890,15,7,0,4030,7200,60,255,1
1767762536.6882517,9124707774134530792,66960,0,34,23,52,5890,15,7,0,4029,7200,60,255,1
1767762537.7005074,9124707774134530792,66981,0,34,23,52,5890,15,7,0,4028,7200,60,255,1
1767762539.184293,9124707774134530792,67013,0,34,23,52,5890,15,7,0,4027,7200,60,255,1
1767762540.1982455,9124707774134530792,67036,0,34,23,52,5890,15,7,0,4026,7200,60,255,1
1767762541.201235,9124707774134530792,67058,0,34,23,52,5890,15,7,0,4025,7200,60,255,1
1767762542.6849208,9124707774134530792,67091,0,34,23,52,5890,15,7,0,4023,7200,60,255,1
1767762543.6984355,9124707774134530792,67115,0,34,23,52,5890,15,7,0,4022,7200,60,255,1
1767762545.1994987,9124707774134530792,67147,0,34,23,52,5890,15,7,0,4021,7200,60,255,1
1767762546.6896584,9124707774134530792,67179,0,34,23,52,5890,15,7,0,4019,7200,60,255,1
1767762547.6950824,9124707774134530792,67201,0,34,23,52,5890,15,7,0,4018,7200,60,255,1
1767762549.1977172,9124707774134530792,67235,0,34,23,52,5890,15,7,0,4017,7200,60,255,1
1767762550.7017362,9124707774134530792,67267,0,34,23,52,5890,15,7,0,4015,7200,60,255,1
1767762552.1912568,9124707774134530792,67300,0,34,23,52,5890,15,7,0,4014,7200,60,255,1
1767762553.1984868,9124707774134530792,67322,0,34,23,52,5890,15,7,0,4013,7200,60,255,1
1767762554.7017636,9124707774134530792,67355,0,34,23,52,5890,15,7,0,4011,7200,60,255,1
1767762556.1916466,9124707774134530792,67387,0,34,23,52,5890,15,7,0,4010,7200,60,255,1
1767762557.1996276,9124707774134530792,67408,0,34,23,52,5890,15,7,0,4009,7200,60,255,1
1767762558.6872706,9124707774134530792,67440,0,34,23,52,5890,15,7,0,4007,7200,60,255,1
1767762559.6973367,9124707774134530792,67463,0,34,23,52,5890,15,7,0,4006,7200,60,255,1
1767762560.7010844,9124707774134530792,67484,0,34,23,52,5890,15,7,0,4005,7200,60,255,1
1767762562.1931574,9124707774134530792,67518,0,34,23,52,5890,15,7,0,4004,7200,60,255,1
1767762563.2017722,9124707774134530792,67540,0,34,23,52,5890,15,7,0,4003,7200,60,255,1
1767762564.6846275,9124707774134530792,67573,0,34,23,52,5890,15,7,0,4001,7200,60,255,1
1767762565.6908562,9124707774134530792,67598,0,34,23,52,5890,15,7,0,4000,7200,60,255,1
1767762567.199695,9124707774134530792,67630,0,34,23,52,5890,15,7,0,3999,7200,60,255,1
1767762568.7006962,9124707774134530792,67662,0,34,23,52,5890,15,7,0,3997,7200,60,255,1
1767762570.185589,9124707774134530792,67695,0,34,23,52,5890,15,7,0,3996,7200,60,255,1
1767762571.1995175,9124707774134530792,67718,0,34,23,52,5890,15,7,0,3995,7200,60,255,1
1767762572.684884,9124707774134530792,67751,0,34,23,52,5890,15,7,0,3993,7200,60,255,1
1767762573.6922357,9124707774134530792,67773,0,34,23,52,5890,15,7,0,3992,7200,60,255,1
1767762574.7013521,9124707774134530792,67794,0,34,23,52,5890,15,7,0,3991,7200,60,255,1
1767762576.1930134,9124707774134530792,67826,0,34,23,52,5890,15,7,0,3990,7200,60,255,1
1767762577.2007203,9124707774134530792,67848,0,34,23,52,5890,15,7,0,3989,7200,60,255,1
1767762578.687229,9124707774134530792,67880,0,34,23,52,5890,15,7,0,3987,7200,60,255,1
1767762579.6958861,9124707774134530792,67902,0,34,23,52,5890,15,7,0,3986,7200,60,255,1
1767762581.1891427,9124707774134530792,67934,0,34,23,52,5890,15,7,0,3985,7200,60,255,1
1767762582.1982749,9124707774134530792,67957,0,34,23,52,5890,15,7,0,3984,7200,60,255,1
1767762583.684961,9124707774134530792,67990,0,34,23,52,5890,15,7,0,3982,7200,60,255,1
1767762584.693741,9124707774134530792,68013,0,34,23,52,5890,15,7,0,3981,7200,60,255,1
1767762586.186278,9124707774134530792,68045,0,34,23,52,5890,15,7,0,3980,7200,60,255,1
1767762587.1915467,9124707774134530792,68068,0,34,23,52,5890,15,7,0,3979,7200,60,255,1
1767762588.1994705,9124707774134530792,68089,0,34,23,52,5890,15,7,0,3978,7200,60,255,1
1767762589.6894755,9124707774134530792,68121,0,34,23,52,5890,15,7,0,3976,7200,60,255,1
1767762590.6974862,9124707774134530792,68144,0,34,23,52,5890,15,7,0,3975,7200,60,255,1
1767762592.1879783,9124707774134530792,68177,0,34,23,52,5890,15,7,0,3974,7200,60,255,1
1767762593.197654,9124707774134530792,68199,0,34,23,52,5890,15,7,0,3973,7200,60,255,1
1767762594.7008057,9124707774134530792,68231,0,34,23,52,5890,15,7,0,3971,7200,60,255,1
1767762596.1931956,9124707774134530792,68264,0,34,23,52,5890,15,7,0,3970,7200,60,255,1
1767762597.2014337,9124707774134530792,68285,0,34,23,52,5890,15,7,0,3969,7200,60,255,1
1767762598.6919146,9124707774134530792,68316,0,34,23,52,5890,15,7,0,3967,7200,60,255,1
1767762599.6981387,9124707774134530792,68339,0,34,23,52,5890,15,7,0,3966,7200,60,255,1
1767762601.2055771,9124707774134530792,68373,0,34,23,52,5890,15,7,0,3965,7200,60,255,1
1767762602.6894062,9124707774134530792,68406,0,34,23,52,5890,15,7,0,3963,7200,60,255,1
1767762603.6958086,9124707774134530792,68429,0,34,23,52,5890,15,7,0,3962,7200,60,255,1
1767762605.200465,9124707774134530792,68462,0,34,23,52,5890,15,7,0,3961,7200,60,255,1
1767762606.6941824,9124707774134530792,68495,0,34,23,52,5890,15,7,0,3959,7200,60,255,1
1767762608.2006319,9124707774134530792,68527,0,34,23,52,5890,15,7,0,3958,7200,60,255,1
1767762609.6891744,9124707774134530792,68561,0,34,23,52,5890,15,7,0,3956,7200,60,255,1
1767762610.698073,9124707774134530792,68583,0,34,23,52,5890,15,7,0,3955,7200,60,255,1
1767762612.18817,9124707774134530792,68617,0,34,23,52,5890,15,7,0,3954,7200,60,255,1
1767762613.197668,9124707774134530792,68639,0,34,23,52,5890,15,7,0,3953,7200,60,255,1
1767762614.685098,9124707774134530792,68672,0,34,23,52,5890,15,7,0,3951,7200,60,255,1
1767762615.6928463,9124707774134530792,68697,0,34,23,52,5890,15,7,0,3950,7200,60,255,1
1767762617.2013085,9124707774134530792,68729,0,34,23,52,5890,15,7,0,3949,7200,60,255,1
1767762618.6888144,9124707774134530792,68763,0,34,23,52,5890,15,7,0,3947,7200,60,255,1
1767762619.697296,9124707774134530792,68785,0,34,23,52,5890,15,7,0,3946,7200,60,255,1
1767762621.186369,9124707774134530792,68816,0,34,23,52,5890,15,7,0,3945,7200,60,255,1
1767762622.2001982,9124707774134530792,68839,0,34,23,52,5890,15,7,0,3944,7200,60,255,1
1767762623.6873658,9124707774134530792,68872,0,34,23,52,5890,15,7,0,3942,7200,60,255,1
1767762624.6972897,9124707774134530792,68895,0,34,23,52,5890,15,7,0,3941,7200,60,255,1
1767762626.185529,9124707774134530792,68926,0,34,23,52,5890,15,7,0,3940,7200,60,255,1
1767762627.2016077,9124707774134530792,68948,0,34,23,52,5890,15,7,0,3939,7200,60,255,1
1767762628.688949,9124707774134530792,68981,0,34,23,52,5890,15,7,0,3937,7200,60,255,1
1767762629.6991055,9124707774134530792,69004,0,34,23,52,5890,15,7,0,3936,7200,60,255,1
1767762631.1880689,9124707774134530792,69037,0,34,23,52,5890,15,7,0,3935,7200,60,255,1
1767762632.7011542,9124707774134530792,69071,0,34,23,52,5890,15,7,0,3933,7200,60,255,1
1767762634.1918766,9124707774134530792,69104,0,34,23,52,5890,15,7,0,3932,7200,60,255,1
1767762635.6984146,9124707774134530792,69136,0,34,23,52,5890,15,7,0,3930,7200,60,255,1
1767762637.1891212,9124707774134530792,69168,0,34,23,52,5890,15,7,0,3929,7200,60,255,1
1767762638.2014115,9124707774134530792,69190,0,34,23,52,5890,15,7,0,3928,7200,60,255,1
1767762639.686641,9124707774134530792,69222,0,34,23,52,5890,15,7,0,3926,7200,60,255,1
1767762640.700138,9124707774134530792,69244,0,34,23,52,5890,15,7,0,3925,7200,60,255,1
1767762642.188408,9124707774134530792,69277,0,34,23,52,5890,15,7,0,3924,7200,60,255,1
1767762643.6936073,9124707774134530792,69310,0,34,23,52,5890,15,7,0,3922,7200,60,255,1
1767762645.1959538,9124707774134530792,69341,0,34,23,52,5890,15,7,0,3921,7200,60,255,1
1767762646.68544,9124707774134530792,69373,0,34,23,52,5890,15,7,0,3919,7200,60,255,1
1767762647.7009425,9124707774134530792,69396,0,34,23,52,5890,15,7,0,3918,7200,60,255,1
1767762649.18736,9124707774134530792,69427,0,34,23,52,5890,15,7,0,3917,7200,60,255,1
1767762650.2003345,9124707774134530792,69450,0,34,23,52,5890,15,7,0,3916,7200,60,255,1
1767762651.6891077,9124707774134530792,69482,0,34,23,52,5890,15,7,0,3914,7200,60,255,1
1767762652.6952968,9124707774134530792,69506,0,34,23,52,5890,15,7,0,3913,7200,60,255,1
1767762654.1976178,9124707774134530792,69540,0,34,23,52,5890,15,7,0,3912,7200,60,255,1
1767762655.6839156,9124707774134530792,69571,0,34,23,52,5890,15,7,0,3910,7200,60,255,1
1767762656.6947017,9124707774134530792,69595,0,34,23,52,5890,15,7,0,3909,7200,60,255,1
1767762658.199428,9124707774134530792,69630,0,34,23,52,5890,15,7,0,3908,7200,60,255,1
1767762659.7006834,9124707774134530792,69662,0,34,23,52,5890,15,7,0,3906,7200,60,255,1
1767762661.188743,9124707774134530792,69693,0,34,23,52,5890,15,7,0,3905,7200,60,255,1
1767762662.69934,9124707774134530792,69726,0,34,23,52,5890,15,7,0,3903,7200,60,255,1
1767762664.1851895,9124707774134530792,69757,0,34,23,52,5890,15,7,0,3902,7200,60,255,1
1767762665.1949954,9124707774134530792,69781,0,34,23,52,5890,15,7,0,3901,7200,60,255,1
1767762666.685011,9124707774134530792,69815,0,34,23,52,5890,15,7,0,3899,7200,60,255,1
1767762667.6946137,9124707774134530792,69838,0,34,23,52,5890,15,7,0,3898,7200,60,255,1
1767762669.1975164,9124707774134530792,69871,0,34,23,52,5890,15,7,0,3897,7200,60,255,1
1767762670.684257,9124707774134530792,69903,0,34,23,52,5890,15,7,0,3895,7200,60,255,1
1767762671.6979778,9124707774134530792,69925,0,34,23,52,5890,15,7,0,3894,7200,60,255,1
1767762673.1993952,9124707774134530792,69957,0,34,23,52,5890,15,7,0,3893,7200,60,255,1
1767762674.688357,9124707774134530792,69990,0,34,23,52,5890,15,7,0,3891,7200,60,255,1
1767762675.6964922,9124707774134530792,70012,0,34,23,52,5890,15,7,0,3890,7200,60,255,1
1767762677.190109,9124707774134530792,70044,0,34,23,52,5890,15,7,0,3889,7200,60,255,1
1767762678.1994903,9124707774134530792,70066,0,34,23,52,5890,15,7,0,3888,7200,60,255,1
1767762679.7021337,9124707774134530792,70098,0,34,23,52,5890,15,7,0,3886,7200,60,255,1
1767762681.1981301,9124707774134530792,70131,0,34,23,52,5890,15,7,0,3885,7200,60,255,1
1767762682.690641,9124707774134530792,70164,0,34,23,52,5890,15,7,0,3883,7200,60,255,1
1767762684.1938913,9124707774134530792,70197,0,34,23,52,5890,15,7,0,3882,7200,60,255,1
1767762685.6938288,9124707774134530792,70231,0,34,23,52,5890,15,7,0,3880,7200,60,255,1
1767762687.1972642,9124707774134530792,70262,0,34,23,52,5890,15,7,0,3879,7200,60,255,1
1767762688.7019703,9124707774134530792,70295,0,34,23,52,5890,15,7,0,3877,7200,60,255,1
1767762690.1872504,9124707774134530792,70327,0,34,23,52,5890,15,7,0,3876,7200,60,255,1
1767762691.2017815,9124707774134530792,70350,0,34,23,52,5890,15,7,0,3875,7200,60,255,1
1767762692.6916156,9124707774134530792,70383,0,34,23,52,5890,15,7,0,3873,7200,60,255,1
1767762694.1939578,9124707774134530792,70416,0,34,23,52,5890,15,7,0,3872,7200,60,255,1
1767762695.6945717,9124707774134530792,70449,0,34,23,52,5890,15,7,0,3870,7200,60,255,1
1767762696.6967251,9124707774134530792,70471,0,34,23,52,5890,15,7,0,3869,7200,60,255,1
1767762698.2015822,9124707774134530792,70502,0,34,23,52,5890,15,7,0,3868,7200,60,255,1
1767762699.6879332,9124707774134530792,70535,0,34,23,52,5890,15,7,0,3866,7200,60,255,1
1767762700.702649,9124707774134530792,70557,0,34,23,52,5890,15,7,0,3865,7200,60,255,1
1767762702.192856,9124707774134530792,70593,0,34,23,52,5890,15,7,0,3864,7200,60,255,1
1767762703.6954854,9124707774134530792,70626,0,34,23,52,5890,15,7,0,3862,7200,60,255,1
1767762705.1960564,9124707774134530792,70657,0,34,23,52,5890,15,7,0,3861,7200,60,255,1
1767762706.687282,9124707774134530792,70691,0,34,23,52,5890,15,7,0,3859,7200,60,255,1
1767762707.700738,9124707774134530792,70713,0,34,23,52,5890,15,7,0,3858,7200,60,255,1
1767762709.1991546,9124707774134530792,70745,0,34,23,52,5890,15,7,0,3857,7200,60,255,1
1767762710.6862922,9124707774134530792,70778,0,34,23,52,5890,15,7,0,3855,7200,60,255,1
1767762712.1981494,9124707774134530792,70813,0,34,23,52,5890,15,7,0,3854,7200,60,255,1
1767762713.6862094,9124707774134530792,70845,0,34,23,52,5890,15,7,0,3852,7200,60,255,1
1767762714.6982331,9124707774134530792,70868,0,34,23,52,5890,15,7,0,3851,7200,60,255,1
1767762716.1874716,9124707774134530792,70900,0,34,23,52,5890,15,7,0,3850,7200,60,255,1
1767762717.18915,9124707774134530792,70924,0,34,23,52,5890,15,7,0,3849,7200,60,255,1
1767762718.1997943,9124707774134530792,70946,0,34,23,52,5890,15,7,0,3848,7200,60,255,1
1767762719.688211,9124707774134530792,70978,0,34,23,52,5890,15,7,0,3846,7200,60,255,1
1767762721.1960201,9124707774134530792,71012,0,34,23,52,5890,15,7,0,3845,7200,60,255,1
1767762722.198379,9124707774134530792,71032,0,34,23,52,5890,15,7,0,3844,7200,60,255,1
1767762723.6845212,9124707774134530792,71064,0,34,23,52,5890,15,7,0,3842,7200,60,255,1
1767762724.6973114,9124707774134530792,71087,0,34,23,52,5890,15,7,0,3841,7200,60,255,1
1767762726.200888,9124707774134530792,71119,0,34,23,52,5890,15,7,0,3840,7200,60,255,1
1767762727.6905313,9124707774134530792,71153,0,34,23,52,5890,15,7,0,3838,7200,60,255,1
1767762729.1940517,9124707774134530792,71185,0,34,23,52,5890,15,7,0,3837,7200,60,255,1
1767762730.697277,9124707774134530792,71217,0,34,23,52,5890,15,7,0,3835,7200,60,255,1
1767762731.6979797,9124707774134530792,71242,0,34,23,52,5890,15,7,0,3834,7200,60,255,1
1767762733.1993036,9124707774134530792,71277,0,34,23,52,5890,15,7,0,3833,7200,60,255,1
1767762734.687197,9124707774134530792,71310,0,34,23,52,5890,15,7,0,3831,7200,60,255,1
1767762736.1905353,9124707774134530792,71346,0,34,23,52,5890,15,7,0,3830,7200,60,255,1
1767762737.1920452,9124707774134530792,71370,0,34,23,52,5890,15,7,0,3829,7200,60,255,1
1767762738.7004542,9124707774134530792,71401,0,34,23,52,5890,15,7,0,3827,7200,60,255,1
1767762740.1882691,9124707774134530792,71433,0,34,23,52,5890,15,7,0,3826,7200,60,255,1
1767762741.201534,9124707774134530792,71456,0,34,23,52,5890,15,7,0,3825,7200,60,255,1
1767762742.2018914,9124707774134530792,71479,0,34,23,52,5890,15,7,0,3824,7200,60,255,1
1767762743.6873374,9124707774134530792,71513,0,34,23,52,5890,15,7,0,3822,7200,60,255,1
1767762744.699719,9124707774134530792,71536,0,34,23,52,5890,15,7,0,3821,7200,60,255,1
1767762746.1861253,9124707774134530792,71568,0,34,23,52,5890,15,7,0,3820,7200,60,255,1
1767762747.1880605,9124707774134530792,71593,0,34,23,52,5890,15,7,0,3819,7200,60,255,1
1767762748.2019918,9124707774134530792,71615,0,34,23,52,5890,15,7,0,3818,7200,60,255,1
1767762749.7013466,9124707774134530792,71648,0,34,23,52,5890,15,7,0,3816,7200,60,255,1
1767762751.190513,9124707774134530792,71680,0,34,23,52,5890,15,7,0,3815,7200,60,255,1
1767762752.1926758,9124707774134530792,71704,0,34,23,52,5890,15,7,0,3814,7200,60,255,1
1767762753.6972463,9124707774134530792,71736,0,34,23,52,5890,15,7,0,3812,7200,60,255,1
1767762755.1990623,9124707774134530792,71769,0,34,23,52,5890,15,7,0,3811,7200,60,255,1
1767762756.6926627,9124707774134530792,71801,0,34,23,52,5890,15,7,0,3809,7200,60,255,1
1767762758.1991038,9124707774134530792,71833,0,34,23,52,5890,15,7,0,3808,7200,60,255,1
1767762759.6882117,9124707774134530792,71866,0,34,23,52,5890,15,7,0,3806,7200,60,255,1
1767762761.1961067,9124707774134530792,71900,0,34,23,52,5890,15,7,0,3805,7200,60,255,1
1767762762.197181,9124707774134530792,71921,0,34,23,52,5890,15,7,0,3804,7200,60,255,1
1767762763.6842997,9124707774134530792,71954,0,34,23,52,5890,15,7,0,3802,7200,60,255,1
1767762764.6980383,9124707774134530792,71978,0,34,23,52,5890,15,7,0,3801,7200,60,255,1
1767762766.1874418,9124707774134530792,72011,0,34,23,52,5890,15,7,0,3800,7200,60,255,1
1767762767.18832,9124707774134530792,72036,0,34,23,52,5890,15,7,0,3799,7200,60,255,1
1767762768.6939235,9124707774134530792,72069,0,34,23,52,5890,15,7,0,3797,7200,60,255,1
1767762770.197263,9124707774134530792,72101,0,34,23,52,5890,15,7,0,3796,7200,60,255,1
1767762771.6872175,9124707774134530792,72133,0,34,23,52,5890,15,7,0,3794,7200,60,255,1
1767762772.6875682,9124707774134530792,72154,0,34,23,52,5890,15,7,0,3793,7200,60,255,1
1767762774.189236,9124707774134530792,72189,0,34,23,52,5890,15,7,0,3792,7200,60,255,1
1767762775.6931503,9124707774134530792,72224,0,34,23,52,5890,15,7,0,3790,7200,60,255,1
1767762777.200953,9124707774134530792,72255,0,34,23,52,5890,15,7,0,3789,7200,60,255,1
1767762778.6880145,9124707774134530792,72287,0,34,23,52,5890,15,7,0,3787,7200,60,255,1
1767762780.1951346,9124707774134530792,72320,0,34,23,52,5890,15,7,0,3786,7200,60,255,1
1767762781.6992984,9124707774134530792,72354,0,34,23,52,5890,15,7,0,3784,7200,60,255,1
1767762782.6993737,9124707774134530792,72377,0,34,23,52,5890,15,7,0,3783,7200,60,255,1
1767762784.1845703,9124707774134530792,72409,0,34,23,52,5890,15,7,0,3782,7200,60,255,1
1767762785.198203,9124707774134530792,72432,0,34,23,52,5890,15,7,0,3781,7200,60,255,1
1767762786.7018213,9124707774134530792,72464,0,34,23,52,5890,15,7,0,3779,7200,60,255,1
1767762788.1930866,9124707774134530792,72496,0,34,23,52,5890,15,7,0,3778,7200,60,255,1
1767762789.695797,9124707774134530792,72529,0,34,23,52,5890,15,7,0,3776,7200,60,255,1
1767762791.1853359,9124707774134530792,72561,0,34,23,52,5890,15,7,0,3775,7200,60,255,1
1767762792.691455,9124707774134530792,72599,0,34,23,52,5890,15,7,0,3773,7200,60,255,1
1767762794.1941583,9124707774134530792,72631,0,34,23,52,5890,15,7,0,3772,7200,60,255,1
1767762795.6978958,9124707774134530792,72663,0,34,23,52,5890,15,7,0,3770,7200,60,255,1
1767762797.1876788,9124707774134530792,72695,0,34,23,52,5890,15,7,0,3769,7200,60,255,1
1767762798.6924014,9124707774134530792,72731,0,34,23,52,5890,15,7,0,3767,7200,60,255,1
1767762800.1932762,9124707774134530792,72765,0,34,23,52,5890,15,7,0,3766,7200,60,255,1
1767762801.6973453,9124707774134530792,72797,0,34,23,52,5890,15,7,0,3764,7200,60,255,1
1767762802.6991806,9124707774134530792,72820,0,34,23,52,5890,15,7,0,3763,7200,60,255,1
1767762804.1872563,9124707774134530792,72851,0,34,23,52,5890,15,7,0,3762,7200,60,255,1
1767762805.6943095,9124707774134530792,72887,0,34,23,52,5890,15,7,0,3760,7200,60,255,1
1767762807.200739,9124707774134530792,72919,0,34,23,52,5890,15,7,0,3759,7200,60,255,1
1767762808.686372,9124707774134530792,72950,0,34,23,52,5890,15,7,0,3757,7200,60,255,1
1767762809.6994267,9124707774134530792,72973,0,34,23,52,5890,15,7,0,3756,7200,60,255,1
1767762811.1889193,9124707774134530792,73005,0,34,23,52,5890,15,7,0,3755,7200,60,255,1
1767762812.1905327,9124707774134530792,73028,0,34,23,52,5890,15,7,0,3754,7200,60,255,1
1767762813.695033,9124707774134530792,73061,0,34,23,52,5890,15,7,0,3752,7200,60,255,1
1767762815.1957161,9124707774134530792,73093,0,34,23,52,5890,15,7,0,3751,7200,60,255,1
1767762816.6943977,9124707774134530792,73125,0,34,23,52,5890,15,7,0,3749,7200,60,255,1
1767762817.6961336,9124707774134530792,73146,0,34,23,52,5890,15,7,0,3748,7200,60,255,1
1767762819.1956747,9124707774134530792,73181,0,34,23,52,5890,15,7,0,3747,7200,60,255,1
1767762820.6960216,9124707774134530792,73215,0,34,23,52,5890,15,7,0,3745,7200,60,255,1
1767762822.1999278,9124707774134530792,73247,0,34,23,52,5890,15,7,0,3744,7200,60,255,1
1767762823.7003715,9124707774134530792,73280,0,34,23,52,5890,15,7,0,3742,7200,60,255,1
1767762825.2014685,9124707774134530792,73313,0,34,23,52,5890,15,7,0,3741,7200,60,255,1
1767762826.6881027,9124707774134530792,73345,0,34,23,52,5890,15,7,0,3739,7200,60,255,1
1767762828.1948693,9124707774134530792,73380,0,34,23,52,5890,15,7,0,3738,7200,60,255,1
1767762829.6989238,9124707774134530792,73413,0,34,23,52,5890,15,7,0,3736,7200,60,255,1
1767762831.199019,9124707774134530792,73445,0,34,23,52,5890,15,7,0,3735,7200,60,255,1
1767762832.2008572,9124707774134530792,73467,0,34,23,52,5890,15,7,0,3734,7200,60,255,1
1767762833.6990974,9124707774134530792,73500,0,34,23,52,5890,15,7,0,3732,7200,60,255,1
1767762835.1852365,9124707774134530792,73533,0,34,23,52,5890,15,7,0,3731,7200,60,255,1
1767762836.1974657,9124707774134530792,73557,0,34,23,52,5890,15,7,0,3730,7200,60,255,1
1767762837.6847634,9124707774134530792,73589,0,34,23,52,5890,15,7,0,3728,7200,60,255,1
1767762838.6999328,9124707774134530792,73612,0,34,23,52,5890,15,7,0,3727,7200,60,255,1
1767762840.1846995,9124707774134530792,73645,0,34,23,52,5890,15,7,0,3726,7200,60,255,1
1767762841.1966994,9124707774134530792,73669,0,34,23,52,5890,15,7,0,3725,7200,60,255,1
1767762842.685823,9124707774134530792,73701,0,34,23,52,5890,15,7,0,3723,7200,60,255,1
1767762843.6991258,9124707774134530792,73724,0,34,23,52,5890,15,7,0,3722,7200,60,255,1
1767762845.1997974,9124707774134530792,73757,0,34,23,52,5890,15,7,0,3721,7200,60,255,1
1767762846.7005472,9124707774134530792,73790,0,34,23,52,5890,15,7,0,3719,7200,60,255,1
1767762848.1916292,9124707774134530792,73824,0,34,23,52,5890,15,7,0,3718,7200,60,255,1
1767762849.6961563,9124707774134530792,73856,0,34,23,52,5890,15,7,0,3716,7200,60,255,1
1767762851.19809,9124707774134530792,73890,0,34,23,52,5890,15,7,0,3715,7200,60,255,1
1767762852.6860073,9124707774134530792,73924,0,34,23,52,5890,15,7,0,3713,7200,60,255,1
1767762854.191148,9124707774134530792,73961,0,34,23,52,5890,15,7,0,3712,7200,60,255,1
1767762855.6903837,9124707774134530792,73996,0,34,23,52,5890,15,7,0,3710,7200,60,255,1
1767762857.1993673,9124707774134530792,74029,0,34,23,52,5890,15,7,0,3709,7200,60,255,1
1767762858.6908145,9124707774134530792,74063,0,34,23,52,5890,15,7,0,3707,7200,60,255,1
1767762859.6964493,9124707774134530792,74083,0,34,23,52,5890,15,7,0,3706,7200,60,255,1
1767762860.7005172,9124707774134530792,74105,0,34,23,52,5890,15,7,0,3705,7200,60,255,1
1767762862.196807,9124707774134530792,74139,0,34,23,52,5890,15,7,0,3704,7200,60,255,1
1767762863.1977575,9124707774134530792,74160,0,34,23,52,5890,15,7,0,3703,7200,60,255,1
1767762864.1978116,9124707774134530792,74182,0,34,23,52,5890,15,7,0,3702,7200,60,255,1
1767762865.198061,9124707774134530792,74204,0,34,23,52,5890,15,7,0,3701,7200,60,255,1
1767762866.6912374,9124707774134530792,74237,0,34,23,52,5890,15,7,0,3699,7200,60,255,1
1767762867.6961899,9124707774134530792,74259,0,34,23,52,5890,15,7,0,3698,7200,60,255,1
1767762868.6972647,9124707774134530792,74282,0,34,23,52,5890,15,7,0,3697,7200,60,255,1
1767762870.189184,9124707774134530792,74314,0,34,23,52,5890,15,7,0,3696,7200,60,255,1
1767762871.1914258,9124707774134530792,74337,0,34,23,52,5890,15,7,0,3695,7200,60,255,1
1767762872.1934845,9124707774134530792,74357,0,34,23,52,5890,15,7,0,3694,7200,60,255,1
1767762873.701083,9124707774134530792,74390,0,34,23,52,5890,15,7,0,3692,7200,60,255,1
1767762874.7013905,9124707774134530792,74412,0,34,23,52,5890,15,7,0,3691,7200,60,255,1
1767762876.1902926,9124707774134530792,74446,0,34,23,52,5890,15,7,0,3690,7200,60,255,1
1767762877.1960263,9124707774134530792,74466,0,34,23,52,5890,15,7,0,3689,7200,60,255,1
1767762878.689201,9124707774134530792,74499,0,34,23,52,5890,15,7,0,3687,7200,60,255,1
1767762879.69034,9124707774134530792,74521,0,34,23,52,5890,15,7,0,3686,7200,60,255,1
1767762881.1985455,9124707774134530792,74554,0,34,23,52,5890,15,7,0,3685,7200,60,255,1
1767762882.694952,9124707774134530792,74587,0,34,23,52,5890,15,7,0,3683,7200,60,255,1
1767762883.695027,9124707774134530792,74609,0,34,23,52,5890,15,7,0,3682,7200,60,255,1
1767762884.6950579,9124707774134530792,74632,0,34,23,52,5890,15,7,0,3681,7200,60,255,1
1767762885.6958544,9124707774134530792,74655,0,34,23,52,5890,15,7,0,3680,7200,60,255,1
1767762887.19033,9124707774134530792,74690,0,34,23,52,5890,15,7,0,3679,7200,60,255,1
1767762888.6981485,9124707774134530792,74723,0,34,23,52,5890,15,7,0,3677,7200,60,255,1
1767762889.6990454,9124707774134530792,74744,0,34,23,52,5890,15,7,0,3676,7200,60,255,1
1767762891.1879659,9124707774134530792,74777,0,34,23,52,5890,15,7,0,3675,7200,60,255,1
1767762892.192816,9124707774134530792,74799,0,34,23,52,5890,15,7,0,3674,7200,60,255,1
1767762893.7020745,9124707774134530792,74831,0,34,23,52,5890,15,7,0,3672,7200,60,255,1
1767762895.1974747,9124707774134530792,74864,0,34,23,52,5890,15,7,0,3671,7200,60,255,1
1767762896.197942,9124707774134530792,74886,0,34,23,52,5890,15,7,0,3670,7200,60,255,1
1767762897.6947434,9124707774134530792,74921,0,34,23,52,5890,15,7,0,3668,7200,60,255,1
1767762899.201612,9124707774134530792,74954,0,34,23,52,5890,15,7,0,3667,7200,60,255,1
1767762900.6982095,9124707774134530792,74987,0,34,23,52,5890,15,7,0,3665,7200,60,255,1
1767762901.700024,9124707774134530792,75010,0,34,23,52,5890,15,7,0,3664,7200,60,255,1
1767762903.1956425,9124707774134530792,75042,0,34,23,52,5890,15,7,0,3663,7200,60,255,1
1767762904.196181,9124707774134530792,75064,0,34,23,52,5890,15,7,0,3662,7200,60,255,1
1767762905.1990209,9124707774134530792,75086,0,34,23,52,5890,15,7,0,3661,7200,60,255,1
1767762906.1994462,9124707774134530792,75109,0,34,23,52,5890,15,7,0,3660,7200,60,255,1
1767762907.202225,9124707774134530792,75131,0,34,23,52,5890,15,7,0,3659,7200,60,255,1
1767762908.6923907,9124707774134530792,75165,0,34,23,52,5890,15,7,0,3657,7200,60,255,1
1767762909.6926587,9124707774134530792,75187,0,34,23,52,5890,15,7,0,3656,7200,60,255,1
1767762910.6943762,9124707774134530792,75210,0,34,23,52,5890,15,7,0,3655,7200,60,255,1
1767762912.1906285,9124707774134530792,75244,0,34,23,52,5890,15,7,0,3654,7200,60,255,1
1767762913.6978252,9124707774134530792,75277,0,34,23,52,5890,15,7,0,3652,7200,60,255,1
1767762915.1881046,9124707774134530792,75309,0,34,23,52,5890,15,7,0,3651,7200,60,255,1
1767762916.1892045,9124707774134530792,75330,0,34,23,52,5890,15,7,0,3650,7200,60,255,1
1767762917.1956875,9124707774134530792,75352,0,34,23,52,5890,15,7,0,3649,7200,60,255,1
1767762918.1958153,9124707774134530792,75374,0,34,23,52,5890,15,7,0,3648,7200,60,255,1
1767762919.6856086,9124707774134530792,75407,0,34,23,52,5890,15,7,0,3646,7200,60,255,1
1767762920.702307,9124707774134530792,75429,0,34,23,52,5890,15,7,0,3645,7200,60,255,1
1767762922.195796,9124707774134530792,75461,0,34,23,52,5890,15,7,0,3644,7200,60,255,1
1767762923.6863894,9124707774134530792,75493,0,34,23,52,5890,15,7,0,3642,7200,60,255,1
1767762925.1922064,9124707774134530792,75528,0,34,23,52,5890,15,7,0,3641,7200,60,255,1
1767762926.698845,9124707774134530792,75560,0,34,23,52,5890,15,7,0,3639,7200,60,255,1
1767762928.1935632,9124707774134530792,75592,0,34,23,52,5890,15,7,0,3638,7200,60,255,1
1767762929.19463,9124707774134530792,75615,0,34,23,52,5890,15,7,0,3637,7200,60,255,1
1767762930.701853,9124707774134530792,75647,0,34,23,52,5890,15,7,0,3635,7200,60,255,1
1767762932.1988196,9124707774134530792,75681,0,34,23,52,5890,15,7,0,3634,7200,60,255,1
1767762933.198853,9124707774134530792,75703,0,34,23,52,5890,15,7,0,3633,7200,60,255,1
1767762934.6888807,9124707774134530792,75735,0,34,23,52,5890,15,7,0,3631,7200,60,255,1
1767762936.193908,9124707774134530792,75769,0,34,23,52,5890,15,7,0,3630,7200,60,255,1
1767762937.2015042,9124707774134530792,75791,0,34,23,52,5890,15,7,0,3629,7200,60,255,1
1767762938.2015178,9124707774134530792,75813,0,34,23,52,5890,15,7,0,3628,7200,60,255,1
1767762939.6982849,9124707774134530792,75848,0,34,23,52,5890,15,7,0,3626,7200,60,255,1
1767762940.6999822,9124707774134530792,75869,0,34,23,52,5890,15,7,0,3625,7200,60,255,1
1767762941.7022202,9124707774134530792,75891,0,34,23,52,5890,15,7,0,3624,7200,60,255,1
1767762943.196407,9124707774134530792,75927,0,34,23,52,5890,15,7,0,3623,7200,60,255,1
1767762944.19671,9124707774134530792,75949,0,34,23,52,5890,15,7,0,3622,7200,60,255,1
1767762945.6877723,9124707774134530792,75980,0,34,23,52,5890,15,7,0,3620,7200,60,255,1
1767762946.6890574,9124707774134530792,76002,0,34,23,52,5890,15,7,0,3619,7200,60,255,1
1767762947.6949606,9124707774134530792,76025,0,34,23,52,5890,15,7,0,3618,7200,60,255,1
1767762948.7000458,9124707774134530792,76047,0,34,23,52,5890,15,7,0,3617,7200,60,255,1
1767762950.1959305,9124707774134530792,76081,0,34,23,52,5890,15,7,0,3616,7200,60,255,1
1767762951.1988873,9124707774134530792,76103,0,34,23,52,5890,15,7,0,3615,7200,60,255,1
1767762952.6988158,9124707774134530792,76138,0,34,23,52,5890,15,7,0,3613,7200,60,255,1
1767762954.1939695,9124707774134530792,76174,0,34,23,52,5890,15,7,0,3612,7200,60,255,1
1767762955.196164,9124707774134530792,76197,0,34,23,52,5890,15,7,0,3611,7200,60,255,1
1767762956.196806,9124707774134530792,76219,0,34,23,52,5890,15,7,0,3610,7200,60,255,1
1767762957.6931326,9124707774134530792,76254,0,34,23,52,5890,15,7,0,3608,7200,60,255,1
1767762958.6945965,9124707774134530792,76277,0,34,23,52,5890,15,7,0,3607,7200,60,255,1
1767762959.6953309,9124707774134530792,76301,0,34,23,52,5890,15,7,0,3606,7200,60,255,1
1767762960.697519,9124707774134530792,76324,0,34,23,52,5890,15,7,0,3605,7200,60,255,1
1767762961.6982057,9124707774134530792,76346,0,34,23,52,5890,15,7,0,3604,7200,60,255,1
1767762963.1964653,9124707774134530792,76379,0,34,23,52,5890,15,7,0,3603,7200,60,255,1
1767762964.1965635,9124707774134530792,76401,0,34,23,52,5890,15,7,0,3602,7200,60,255,1
1767762965.6853604,9124707774134530792,76434,0,34,23,52,5890,15,7,0,3600,7200,60,255,1
1767762966.7004714,9124707774134530792,76457,0,34,23,52,5890,15,7,0,3599,7200,60,255,1
1767762968.1963258,9124707774134530792,76492,0,34,23,52,5890,15,7,0,3598,7200,60,255,1
1767762969.1968958,9124707774134530792,76514,0,34,23,52,5890,15,7,0,3597,7200,60,255,1
1767762970.6881232,9124707774134530792,76546,0,34,23,52,5890,15,7,0,3595,7200,60,255,1
1767762971.6881304,9124707774134530792,76568,0,34,23,52,5890,15,7,0,3594,7200,60,255,1
1767762972.6913667,9124707774134530792,76592,0,34,23,52,5890,15,7,0,3593,7200,60,255,1
1767762974.1981475,9124707774134530792,76624,0,34,23,52,5890,15,7,0,3592,7200,60,255,1
1767762975.68917,9124707774134530792,76656,0,34,23,52,5890,15,7,0,3590,7200,60,255,1
1767762977.1976845,9124707774134530792,76689,0,34,23,52,5890,15,7,0,3589,7200,60,255,1
1767762978.6941764,9124707774134530792,76725,0,34,23,52,5890,15,7,0,3587,7200,60,255,1
1767762980.1851006,9124707774134530792,76758,0,34,23,52,5890,15,7,0,3586,7200,60,255,1
1767762981.2024727,9124707774134530792,76780,0,34,23,52,5890,15,7,0,3585,7200,60,255,1
1767762982.698934,9124707774134530792,76814,0,34,23,52,5890,15,7,0,3583,7200,60,255,1
1767762983.699965,9124707774134530792,76836,0,34,23,52,5890,15,7,0,3582,7200,60,255,1
1767762984.7012942,9124707774134530792,76858,0,34,23,52,5890,15,7,0,3581,7200,60,255,1
1767762985.7020128,9124707774134530792,76881,0,34,23,52,5890,15,7,0,3580,7200,60,255,1
1767762987.19339,9124707774134530792,76916,0,34,23,52,5890,15,7,0,3579,7200,60,255,1
1767762988.1937945,9124707774134530792,76939,0,34,23,52,5890,15,7,0,3578,7200,60,255,1
1767762989.20037,9124707774134530792,76961,0,34,23,52,5890,15,7,0,3577,7200,60,255,1
1767762990.6989434,9124707774134530792,76995,0,34,23,52,5890,15,7,0,3575,7200,60,255,1
1767762992.1973195,9124707774134530792,77027,0,34,23,52,5890,15,7,0,3574,7200,60,255,1
1767762993.2003548,9124707774134530792,77051,0,34,23,52,5890,15,7,0,3573,7200,60,255,1
1767762994.6956296,9124707774134530792,77084,0,34,23,52,5890,15,7,0,3571,7200,60,255,1
1767762996.1949327,9124707774134530792,77117,0,34,23,52,5890,15,7,0,3570,7200,60,255,1
1767762997.6957977,9124707774134530792,77152,0,34,23,52,5890,15,7,0,3568,7200,60,255,1
1767762999.1920922,9124707774134530792,77185,0,34,23,52,5890,15,7,0,3567,7200,60,255,1
1767763000.687622,9124707774134530792,77216,0,34,23,52,5890,15,7,0,3565,7200,60,255,1
1767763001.7002735,9124707774134530792,77239,0,34,23,52,5890,15,7,0,3564,7200,60,255,1
1767763002.7021534,9124707774134530792,77260,0,34,23,52,5890,15,7,0,3563,7200,60,255,1
1767763004.1973524,9124707774134530792,77293,0,34,23,52,5890,15,7,0,3562,7200,60,255,1
1767763005.6932507,9124707774134530792,77326,0,34,23,52,5890,15,7,0,3560,7200,60,255,1
1767763007.1878405,9124707774134530792,77359,0,34,23,52,5890,15,7,0,3559,7200,60,255,1
1767763008.6861413,9124707774134530792,77392,0,34,23,52,5890,15,7,0,3557,7200,60,255,1
1767763009.701211,9124707774134530792,77415,0,34,23,52,5890,15,7,0,3556,7200,60,255,1
1767763011.1949003,9124707774134530792,77449,0,34,23,52,5890,15,7,0,3555,7200,60,255,1
1767763012.6909835,9124707774134530792,77482,0,34,23,52,5890,15,7,0,3553,7200,60,255,1
1767763014.2016776,9124707774134530792,77516,0,34,23,52,5890,15,7,0,3552,7200,60,255,1
1767763015.6913047,9124707774134530792,77549,0,34,23,52,5890,15,7,0,3550,7200,60,255,1
1767763017.1856744,9124707774134530792,77581,0,34,23,52,5890,15,7,0,3549,7200,60,255,1
1767763018.1902432,9124707774134530792,77602,0,34,23,52,5890,15,7,0,3548,7200,60,255,1
1767763019.7015986,9124707774134530792,77634,0,34,23,52,5890,15,7,0,3546,7200,60,255,1
1767763021.1957097,9124707774134530792,77667,0,34,23,52,5890,15,7,0,3545,7200,60,255,1
1767763022.7004063,9124707774134530792,77700,0,34,23,52,5890,15,7,0,3543,7200,60,255,1
1767763024.1925936,9124707774134530792,77732,0,34,23,52,5890,15,7,0,3542,7200,60,255,1
1767763025.1944761,9124707774134530792,77754,0,34,23,52,5890,15,7,0,3541,7200,60,255,1
1767763026.1949372,9124707774134530792,77777,0,34,23,52,5890,15,7,0,3540,7200,60,255,1
1767763027.1969929,9124707774134530792,77799,0,34,23,52,5890,15,7,0,3539,7200,60,255,1
1767763028.69772,9124707774134530792,77832,0,34,23,52,5890,15,7,0,3537,7200,60,255,1
1767763029.7011416,9124707774134530792,77854,0,34,23,52,5890,15,7,0,3536,7200,60,255,1
1767763031.1954668,9124707774134530792,77888,0,34,23,52,5890,15,7,0,3535,7200,60,255,1
1767763032.1965554,9124707774134530792,77911,0,34,23,52,5890,15,7,0,3534,7200,60,255,1
1767763033.201731,9124707774134530792,77932,0,34,23,52,5890,15,7,0,3533,7200,60,255,1
1767763034.6945925,9124707774134530792,77968,0,34,23,52,5890,15,7,0,3531,7200,60,255,1
1767763035.6949005,9124707774134530792,77991,0,34,23,52,5890,15,7,0,3530,7200,60,255,1
1767763036.6962807,9124707774134530792,78013,0,34,23,52,5890,15,7,0,3529,7200,60,255,1
1767763037.7002602,9124707774134530792,78036,0,34,23,52,5890,15,7,0,3528,7200,60,255,1
1767763039.1976979,9124707774134530792,78069,0,34,23,52,5890,15,7,0,3527,7200,60,255,1
1767763040.2011852,9124707774134530792,78091,0,34,23,52,5890,15,7,0,3526,7200,60,255,1
1767763041.6960769,9124707774134530792,78126,0,34,23,52,5890,15,7,0,3524,7200,60,255,1
1767763042.7013435,9124707774134530792,78148,0,34,23,52,5890,15,7,0,3523,7200,60,255,1
1767763044.1964817,9124707774134530792,78183,0,34,23,52,5890,15,7,0,3522,7200,60,255,1
1767763045.1968157,9124707774134530792,78205,0,34,23,52,5890,15,7,0,3521,7200,60,255,1
1767763046.198855,9124707774134530792,78227,0,34,23,52,5890,15,7,0,3520,7200,60,255,1
1767763047.2001867,9124707774134530792,78248,0,34,23,52,5890,15,7,0,3519,7200,60,255,1
1767763048.6976836,9124707774134530792,78280,0,34,23,52,5890,15,7,0,3517,7200,60,255,1
1767763050.187981,9124707774134530792,78313,0,34,23,52,5890,15,7,0,3516,7200,60,255,1
1767763051.6971521,9124707774134530792,78347,0,34,23,52,5890,15,7,0,3514,7200,60,255,1
1767763053.1965764,9124707774134530792,78382,0,34,23,52,5890,15,7,0,3513,7200,60,255,1
1767763054.1980412,9124707774134530792,78404,0,34,23,52,5890,15,7,0,3512,7200,60,255,1
1767763055.688745,9124707774134530792,78436,0,34,23,52,5890,15,7,0,3510,7200,60,255,1
1767763056.6888154,9124707774134530792,78459,0,34,23,52,5890,15,7,0,3509,7200,60,255,1
1767763057.6911652,9124707774134530792,78482,0,34,23,52,5890,15,7,0,3508,7200,60,255,1
1767763059.1951897,9124707774134530792,78515,0,34,23,52,5890,15,7,0,3507,7200,60,255,1
1767763060.688118,9124707774134530792,78548,0,34,23,52,5890,15,7,0,3505,7200,60,255,1
1767763061.688778,9124707774134530792,78570,0,34,23,52,5890,15,7,0,3504,7200,60,255,1
1767763062.694629,9124707774134530792,78591,0,34,23,52,5890,15,7,0,3503,7200,60,255,1
1767763064.2000866,9124707774134530792,78625,0,34,23,52,5890,15,7,0,3502,7200,60,255,1
1767763065.2012143,9124707774134530792,78647,0,34,23,52,5890,15,7,0,3501,7200,60,255,1
1767763066.6910374,9124707774134530792,78681,0,34,23,52,5890,15,7,0,3499,7200,60,255,1
1767763067.694713,9124707774134530792,78701,0,34,23,52,5890,15,7,0,3498,7200,60,255,1
1767763068.6951497,9124707774134530792,78724,0,34,23,52,5890,15,7,0,3497,7200,60,255,1
1767763070.1852753,9124707774134530792,78758,0,34,23,52,5890,15,7,0,3496,7200,60,255,1
1767763071.1877997,9124707774134530792,78781,0,34,23,52,5890,15,7,0,3495,7200,60,255,1
1767763072.1894615,9124707774134530792,78803,0,34,23,52,5890,15,7,0,3494,7200,60,255,1
1767763073.19235,9124707774134530792,78827,0,34,23,52,5890,15,7,0,3493,7200,60,255,1
1767763074.1932216,9124707774134530792,78849,0,34,23,52,5890,15,7,0,3492,7200,60,255,1
1767763075.6846354,9124707774134530792,78882,0,34,23,52,5890,15,7,0,3490,7200,60,255,1
1767763076.684637,9124707774134530792,78907,0,34,23,52,5890,15,7,0,3489,7200,60,255,1
1767763077.6901062,9124707774134530792,78930,0,34,23,52,5890,15,7,0,3488,7200,60,255,1
1767763078.6901162,9124707774134530792,78952,0,34,23,52,5890,15,7,0,3487,7200,60,255,1
1767763079.691215,9124707774134530792,78974,0,34,23,52,5890,15,7,0,3486,7200,60,255,1
1767763080.6940894,9124707774134530792,78995,0,34,23,52,5890,15,7,0,3485,7200,60,255,1
1767763081.6953151,9124707774134530792,79019,0,34,23,52,5890,15,7,0,3484,7200,60,255,1
1767763082.7012405,9124707774134530792,79041,0,34,23,52,5890,15,7,0,3483,7200,60,255,1
1767763084.1966944,9124707774134530792,79075,0,34,23,52,5890,15,7,0,3482,7200,60,255,1
1767763085.1979182,9124707774134530792,79096,0,34,23,52,5890,15,7,0,3481,7200,60,255,1
1767763086.2012951,9124707774134530792,79117,0,34,23,52,5890,15,7,0,3480,7200,60,255,1
1767763087.697809,9124707774134530792,79150,0,34,23,52,5890,15,7,0,3478,7200,60,255,1
1767763089.1890433,9124707774134530792,79183,0,34,23,52,5890,15,7,0,3477,7200,60,255,1
1767763090.190309,9124707774134530792,79206,0,34,23,52,5890,15,7,0,3476,7200,60,255,1
1767763091.190918,9124707774134530792,79228,0,34,23,52,5890,15,7,0,3475,7200,60,255,1
1767763092.6879866,9124707774134530792,79261,0,34,23,52,5890,15,7,0,3473,7200,60,255,1
1767763093.6891153,9124707774134530792,79283,0,34,23,52,5890,15,7,0,3472,7200,60,255,1
1767763095.1975334,9124707774134530792,79317,0,34,23,52,5890,15,7,0,3471,7200,60,255,1
1767763096.200104,9124707774134530792,79338,0,34,23,52,5890,15,7,0,3470,7200,60,255,1
1767763097.2009788,9124707774134530792,79360,0,34,23,52,5890,15,7,0,3469,7200,60,255,1
1767763098.6969242,9124707774134530792,79393,0,34,23,52,5890,15,7,0,3467,7200,60,255,1
1767763100.1960266,9124707774134530792,79427,0,34,23,52,5890,15,7,0,3466,7200,60,255,1
1767763101.1962028,9124707774134530792,79449,0,34,23,52,5890,15,7,0,3465,7200,60,255,1
1767763102.1976585,9124707774134530792,79471,0,34,23,52,5890,15,7,0,3464,7200,60,255,1
1767763103.6942458,9124707774134530792,79505,0,34,23,52,5890,15,7,0,3462,7200,60,255,1
1767763105.201567,9124707774134530792,79539,0,34,23,52,5890,15,7,0,3461,7200,60,255,1
1767763106.6936662,9124707774134530792,79575,0,34,23,52,5890,15,7,0,3459,7200,60,255,1
1767763107.6967776,9124707774134530792,79598,0,34,23,52,5890,15,7,0,3458,7200,60,255,1
1767763109.186655,9124707774134530792,79630,0,34,23,52,5890,15,7,0,3457,7200,60,255,1
1767763110.2024722,9124707774134530792,79653,0,34,23,52,5890,15,7,0,3456,7200,60,255,1
1767763111.691257,9124707774134530792,79687,0,34,23,52,5890,15,7,0,3454,7200,60,255,1
1767763112.6954057,9124707774134530792,79708,0,34,23,52,5890,15,7,0,3453,7200,60,255,1
1767763114.189034,9124707774134530792,79742,0,34,23,52,5890,15,7,0,3452,7200,60,255,1
1767763115.6987507,9124707774134530792,79778,0,34,23,52,5890,15,7,0,3450,7200,60,255,1
1767763117.1933603,9124707774134530792,79812,0,34,23,52,5890,15,7,0,3449,7200,60,255,1
1767763118.1934395,9124707774134530792,79833,0,34,23,52,5890,15,7,0,3448,7200,60,255,1
1767763119.687792,9124707774134530792,79865,0,34,23,52,5890,15,7,0,3446,7200,60,255,1
1767763121.1846876,9124707774134530792,79900,0,34,23,52,5890,15,7,0,3445,7200,60,255,1
1767763122.2011073,9124707774134530792,79922,0,34,23,52,5890,15,7,0,3444,7200,60,255,1
1767763123.6963868,9124707774134530792,79954,0,34,23,52,5890,15,7,0,3442,7200,60,255,1
1767763125.1890738,9124707774134530792,79986,0,34,23,52,5890,15,7,0,3441,7200,60,255,1
1767763126.699471,9124707774134530792,80021,0,34,23,52,5890,15,7,0,3439,7200,60,255,1
1767763127.7000957,9124707774134530792,80043,0,34,23,52,5890,15,7,0,3438,7200,60,255,1
1767763129.1941328,9124707774134530792,80075,0,34,23,52,5890,15,7,0,3437,7200,60,255,1
1767763130.6910594,9124707774134530792,80108,0,34,23,52,5890,15,7,0,3435,7200,60,255,1
1767763131.6912267,9124707774134530792,80129,0,34,23,52,5890,15,7,0,3434,7200,60,255,1
1767763132.6931593,9124707774134530792,80151,0,34,23,52,5890,15,7,0,3433,7200,60,255,1
1767763134.187538,9124707774134530792,80182,0,34,23,52,5890,15,7,0,3432,7200,60,255,1
1767763135.7007442,9124707774134530792,80218,0,34,23,52,5890,15,7,0,3430,7200,60,255,1
1767763137.1957302,9124707774134530792,80252,0,34,23,52,5890,15,7,0,3429,7200,60,255,1
1767763138.1962817,9124707774134530792,80274,0,34,23,52,5890,15,7,0,3428,7200,60,255,1
1767763139.6912706,9124707774134530792,80307,0,34,23,52,5890,15,7,0,3426,7200,60,255,1
1767763141.2010586,9124707774134530792,80341,0,34,23,52,5890,15,7,0,3425,7200,60,255,1
1767763142.6922646,9124707774134530792,80377,0,34,23,52,5890,15,7,0,3423,7200,60,255,1
1767763143.6952538,9124707774134530792,80400,0,34,23,52,5890,15,7,0,3422,7200,60,255,1
1767763144.7001345,9124707774134530792,80421,0,34,23,52,5890,15,7,0,3421,7200,60,255,1
1767763146.1984825,9124707774134530792,80456,0,34,23,52,5890,15,7,0,3420,7200,60,255,1
1767763147.6887815,9124707774134530792,80488,0,34,23,52,5890,15,7,0,3418,7200,60,255,1
1767763148.6934783,9124707774134530792,80513,0,34,23,52,5890,15,7,0,3417,7200,60,255,1
1767763150.1861417,9124707774134530792,80546,0,34,23,52,5890,15,7,0,3416,7200,60,255,1
1767763151.1863413,9124707774134530792,80570,0,34,23,52,5890,15,7,0,3415,7200,60,255,1
1767763152.2023203,9124707774134530792,80595,0,34,23,52,5890,15,7,0,3414,7200,60,255,1
1767763153.699102,9124707774134530792,80629,0,34,23,52,5890,15,7,0,3412,7200,60,255,1
1767763155.1914823,9124707774134530792,80662,0,34,23,52,5890,15,7,0,3411,7200,60,255,1
1767763156.1922433,9124707774134530792,80684,0,34,23,52,5890,15,7,0,3410,7200,60,255,1
1767763157.7004178,9124707774134530792,80717,0,34,23,52,5890,15,7,0,3408,7200,60,255,1
1767763159.1937032,9124707774134530792,80751,0,34,23,52,5890,15,7,0,3407,7200,60,255,1
1767763160.1942928,9124707774134530792,80775,0,34,23,52,5890,15,7,0,3406,7200,60,255,1
1767763161.6853468,9124707774134530792,80808,0,34,23,52,5890,15,7,0,3404,7200,60,255,1
1767763163.2007306,9124707774134530792,80842,0,34,23,52,5890,15,7,0,3403,7200,60,255,1
1767763164.2016783,9124707774134530792,80865,0,34,23,52,5890,15,7,0,3402,7200,60,255,1
1767763165.6887298,9124707774134530792,80897,0,34,23,52,5890,15,7,0,3400,7200,60,255,1
1767763167.1990225,9124707774134530792,80931,0,34,23,52,5890,15,7,0,3399,7200,60,255,1
1767763168.694642,9124707774134530792,80965,0,34,23,52,5890,15,7,0,3397,7200,60,255,1
1767763170.1863542,9124707774134530792,80998,0,34,23,52,5890,15,7,0,3396,7200,60,255,1
1767763171.1876132,9124707774134530792,81022,0,34,23,52,5890,15,7,0,3395,7200,60,255,1
1767763172.694069,9124707774134530792,81057,0,34,23,52,5890,15,7,0,3393,7200,60,255,1
1767763173.700083,9124707774134530792,81079,0,34,23,52,5890,15,7,0,3392,7200,60,255,1
1767763175.1926205,9124707774134530792,81112,0,34,23,52,5890,15,7,0,3391,7200,60,255,1
1767763176.1976838,9124707774134530792,81134,0,34,23,52,5890,15,7,0,3390,7200,60,255,1
1767763177.1978166,9124707774134530792,81155,0,34,23,52,5890,15,7,0,3389,7200,60,255,1
1767763178.6945043,9124707774134530792,81191,0,34,23,52,5890,15,7,0,3387,7200,60,255,1
1767763180.1867616,9124707774134530792,81224,0,34,23,52,5890,15,7,0,3386,7200,60,255,1
1767763181.6931264,9124707774134530792,81260,0,34,23,52,5890,15,7,0,3384,7200,60,255,1
1767763183.1901083,9124707774134530792,81292,0,34,23,52,5890,15,7,0,3383,7200,60,255,1
1767763184.6967976,9124707774134530792,81326,0,34,23,52,5890,15,7,0,3381,7200,60,255,1
1767763186.1889372,9124707774134530792,81359,0,34,23,52,5890,15,7,0,3380,7200,60,255,1
1767763187.1915684,9124707774134530792,81382,0,34,23,52,5890,15,7,0,3379,7200,60,255,1
1767763188.1943338,9124707774134530792,81402,0,34,23,52,5890,15,7,0,3378,7200,60,255,1
1767763189.7012262,9124707774134530792,81436,0,34,23,52,5890,15,7,0,3376,7200,60,255,1
1767763190.7017345,9124707774134530792,81459,0,34,23,52,5890,15,7,0,3375,7200,60,255,1
1767763192.1899738,9124707774134530792,81491,0,34,23,52,5890,15,7,0,3374,7200,60,255,1
1767763193.1933055,9124707774134530792,81514,0,34,23,52,5890,15,7,0,3373,7200,60,255,1
1767763194.7011178,9124707774134530792,81546,0,34,23,52,5890,15,7,0,3371,7200,60,255,1
1767763196.1913822,9124707774134530792,81581,0,34,23,52,5890,15,7,0,3370,7200,60,255,1
1767763197.6978126,9124707774134530792,81613,0,34,23,52,5890,15,7,0,3368,7200,60,255,1
1767763199.1933134,9124707774134530792,81648,0,34,23,52,5890,15,7,0,3367,7200,60,255,1
1767763200.700255,9124707774134530792,81680,0,34,23,52,5890,15,7,0,3365,7200,60,255,1
1767763202.1938772,9124707774134530792,81715,0,34,23,52,5890,15,7,0,3364,7200,60,255,1
1767763203.1975527,9124707774134530792,81736,0,34,23,52,5890,15,7,0,3363,7200,60,255,1
1767763204.6879907,9124707774134530792,81769,0,34,23,52,5890,15,7,0,3361,7200,60,255,1
1767763205.6891649,9124707774134530792,81792,0,34,23,52,5890,15,7,0,3360,7200,60,255,1
1767763206.6899886,9124707774134530792,81815,0,34,23,52,5890,15,7,0,3359,7200,60,255,1
1767763208.1990352,9124707774134530792,81849,0,34,23,52,5890,15,7,0,3358,7200,60,255,1
1767763209.694657,9124707774134530792,81883,0,34,23,52,5890,15,7,0,3356,7200,60,255,1
1767763211.201608,9124707774134530792,81916,0,34,23,52,5890,15,7,0,3355,7200,60,255,1
1767763212.6934404,9124707774134530792,81953,0,34,23,52,5890,15,7,0,3353,7200,60,255,1
1767763213.6978765,9124707774134530792,81976,0,34,23,52,5890,15,7,0,3352,7200,60,255,1
1767763214.698207,9124707774134530792,81997,0,34,23,52,5890,15,7,0,3351,7200,60,255,1
1767763215.699729,9124707774134530792,82019,0,34,23,52,5890,15,7,0,3350,7200,60,255,1
1767763217.1892583,9124707774134530792,82051,0,34,23,52,5890,15,7,0,3349,7200,60,255,1
1767763218.1941845,9124707774134530792,82073,0,34,23,52,5890,15,7,0,3348,7200,60,255,1
1767763219.194467,9124707774134530792,82096,0,34,23,52,5890,15,7,0,3347,7200,60,255,1
1767763220.1961174,9124707774134530792,82119,0,34,23,52,5890,15,7,0,3346,7200,60,255,1
1767763221.2011995,9124707774134530792,82141,0,34,23,52,5890,15,7,0,3345,7200,60,255,1
1767763222.6923404,9124707774134530792,82173,0,34,23,52,5890,15,7,0,3343,7200,60,255,1
1767763223.6979997,9124707774134530792,82197,0,34,23,52,5890,15,7,0,3342,7200,60,255,1
1767763224.6991713,9124707774134530792,82219,0,34,23,52,5890,15,7,0,3341,7200,60,255,1
1767763225.7004466,9124707774134530792,82240,0,34,23,52,5890,15,7,0,3340,7200,60,255,1
1767763227.1947944,9124707774134530792,82276,0,34,23,52,5890,15,7,0,3339,7200,60,255,1
1767763228.200222,9124707774134530792,82298,0,34,23,52,5890,15,7,0,3338,7200,60,255,1
1767763229.691387,9124707774134530792,82333,0,34,23,52,5890,15,7,0,3336,7200,60,255,1
1767763230.6922257,9124707774134530792,82355,0,34,23,52,5890,15,7,0,3335,7200,60,255,1
1767763231.6932251,9124707774134530792,82378,0,34,23,52,5890,15,7,0,3334,7200,60,255,1
1767763232.694333,9124707774134530792,82400,0,34,23,52,5890,15,7,0,3333,7200,60,255,1
1767763233.7000444,9124707774134530792,82423,0,34,23,52,5890,15,7,0,3332,7200,60,255,1
1767763234.7013457,9124707774134530792,82445,0,34,23,52,5890,15,7,0,3331,7200,60,255,1
1767763236.1939714,9124707774134530792,82478,0,34,23,52,5890,15,7,0,3330,7200,60,255,1
1767763237.7002625,9124707774134530792,82510,0,34,23,52,5890,15,7,0,3328,7200,60,255,1
1767763239.1953232,9124707774134530792,82543,0,34,23,52,5890,15,7,0,3327,7200,60,255,1
1767763240.6864307,9124707774134530792,82575,0,34,23,52,5890,15,7,0,3325,7200,60,255,1
1767763241.686437,9124707774134530792,82599,0,34,23,52,5890,15,7,0,3324,7200,60,255,1
1767763242.687706,9124707774134530792,82621,0,34,23,52,5890,15,7,0,3323,7200,60,255,1
1767763243.693001,9124707774134530792,82648,0,34,23,52,5890,15,7,0,3322,7200,60,255,1
1767763244.6947317,9124707774134530792,82671,0,34,23,52,5890,15,7,0,3321,7200,60,255,1
1767763245.6954596,9124707774134530792,82694,0,34,23,52,5890,15,7,0,3320,7200,60,255,1
1767763247.1856673,9124707774134530792,82727,0,34,23,52,5890,15,7,0,3319,7200,60,255,1
1767763248.187789,9124707774134530792,82750,0,34,23,52,5890,15,7,0,3318,7200,60,255,1
1767763249.188216,9124707774134530792,82772,0,34,23,52,5890,15,7,0,3317,7200,60,255,1
1767763250.6952434,9124707774134530792,82807,0,34,23,52,5890,15,7,0,3315,7200,60,255,1
1767763251.6962204,9124707774134530792,82829,0,34,23,52,5890,15,7,0,3314,7200,60,255,1
1767763252.6967437,9124707774134530792,82850,0,34,23,52,5890,15,7,0,3313,7200,60,255,1
1767763253.7000768,9124707774134530792,82870,0,34,23,52,5890,15,7,0,3312,7200,60,255,1
1767763255.1917582,9124707774134530792,82905,0,34,23,52,5890,15,7,0,3311,7200,60,255,1
1767763256.69901,9124707774134530792,82938,0,34,23,52,5890,15,7,0,3309,7200,60,255,1
1767763258.1962426,9124707774134530792,82972,0,34,23,52,5890,15,7,0,3308,7200,60,255,1
1767763259.68899,9124707774134530792,83007,0,34,23,52,5890,15,7,0,3306,7200,60,255,1
1767763260.6902642,9124707774134530792,83031,0,34,23,52,5890,15,7,0,3305,7200,60,255,1
1767763261.6905432,9124707774134530792,83053,0,34,23,52,5890,15,7,0,3304,7200,60,255,1
1767763262.6912942,9124707774134530792,83075,0,34,23,52,5890,15,7,0,3303,7200,60,255,1
1767763263.6964974,9124707774134530792,83097,0,34,23,52,5890,15,7,0,3302,7200,60,255,1
1767763264.6988342,9124707774134530792,83119,0,34,23,52,5890,15,7,0,3301,7200,60,255,1
1767763265.6990557,9124707774134530792,83142,0,34,23,52,5890,15,7,0,3300,7200,60,255,1
1767763266.6993434,9124707774134530792,83165,0,34,23,52,5890,15,7,0,3299,7200,60,255,1
1767763268.1931834,9124707774134530792,83197,0,34,23,52,5890,15,7,0,3298,7200,60,255,1
1767763269.195366,9124707774134530792,83219,0,34,23,52,5890,15,7,0,3297,7200,60,255,1
1767763270.1956987,9124707774134530792,83241,0,34,23,52,5890,15,7,0,3296,7200,60,255,1
1767763271.6857,9124707774134530792,83274,0,34,23,52,5890,15,7,0,3294,7200,60,255,1
1767763272.7011008,9124707774134530792,83298,0,34,23,52,5890,15,7,0,3293,7200,60,255,1
1767763274.193489,9124707774134530792,83332,0,34,23,52,5890,15,7,0,3292,7200,60,255,1
1767763275.7003312,9124707774134530792,83364,0,34,23,52,5890,15,7,0,3290,7200,60,255,1
1767763276.7012284,9124707774134530792,83387,0,34,23,52,5890,15,7,0,3289,7200,60,255,1
1767763278.1965895,9124707774134530792,83421,0,34,23,52,5890,15,7,0,3288,7200,60,255,1
1767763279.685628,9124707774134530792,83455,0,34,23,52,5890,15,7,0,3286,7200,60,255,1
1767763280.6877558,9124707774134530792,83478,0,34,23,52,5890,15,7,0,3285,7200,60,255,1
1767763282.1958356,9124707774134530792,83514,0,34,23,52,5890,15,7,0,3284,7200,60,255,1
1767763283.1989493,9124707774134530792,83538,0,34,23,52,5890,15,7,0,3283,7200,60,255,1
1767763284.688693,9124707774134530792,83572,0,34,23,52,5890,15,7,0,3281,7200,60,255,1
1767763286.1950097,9124707774134530792,83609,0,34,23,52,5890,15,7,0,3280,7200,60,255,1
1767763287.6988218,9124707774134530792,83641,0,34,23,52,5890,15,7,0,3278,7200,60,255,1
1767763289.1954422,9124707774134530792,83675,0,34,23,52,5890,15,7,0,3277,7200,60,255,1
1767763290.1964705,9124707774134530792,83697,0,34,23,52,5890,15,7,0,3276,7200,60,255,1
1767763291.6879566,9124707774134530792,83729,0,34,23,52,5890,15,7,0,3274,7200,60,255,1
1767763293.202566,9124707774134530792,83763,0,34,23,52,5890,15,7,0,3273,7200,60,255,1
1767763294.695901,9124707774134530792,83798,0,34,23,52,5890,15,7,0,3271,7200,60,255,1
1767763295.697535,9124707774134530792,83820,0,34,23,52,5890,15,7,0,3270,7200,60,255,1
1767763297.1877487,9124707774134530792,83853,0,34,23,52,5890,15,7,0,3269,7200,60,255,1
1767763298.1900384,9124707774134530792,83876,0,34,23,52,5890,15,7,0,3268,7200,60,255,1
1767763299.1924365,9124707774134530792,83899,0,34,23,52,5890,15,7,0,3267,7200,60,255,1
1767763300.1936562,9124707774134530792,83921,0,34,23,52,5890,15,7,0,3266,7200,60,255,1
1767763301.1960986,9124707774134530792,83944,0,34,23,52,5890,15,7,0,3265,7200,60,255,1
1767763302.1987033,9124707774134530792,83966,0,34,23,52,5890,15,7,0,3264,7200,60,255,1
1767763303.69882,9124707774134530792,84000,0,34,23,52,5890,15,7,0,3262,7200,60,255,1
1767763304.6990924,9124707774134530792,84021,0,34,23,52,5890,15,7,0,3261,7200,60,255,1
1767763306.190079,9124707774134530792,84055,0,34,23,52,5890,15,7,0,3260,7200,60,255,1
1767763307.1902652,9124707774134530792,84076,0,34,23,52,5890,15,7,0,3259,7200,60,255,1
1767763308.195815,9124707774134530792,84099,0,34,23,52,5890,15,7,0,3258,7200,60,255,1
1767763309.1968882,9124707774134530792,84122,0,34,23,52,5890,15,7,0,3257,7200,60,255,1
1767763310.1980727,9124707774134530792,84144,0,34,23,52,5890,15,7,0,3256,7200,60,255,1
1767763311.202396,9124707774134530792,84167,0,34,23,52,5890,15,7,0,3255,7200,60,255,1
1767763312.6975608,9124707774134530792,84198,0,34,23,52,5890,15,7,0,3253,7200,60,255,1
1767763314.1973805,9124707774134530792,84231,0,34,23,52,5890,15,7,0,3252,7200,60,255,1
1767763315.6891246,9124707774134530792,84264,0,34,23,52,5890,15,7,0,3250,7200,60,255,1
1767763316.691894,9124707774134530792,84287,0,34,23,52,5890,15,7,0,3249,7200,60,255,1
1767763317.6924572,9124707774134530792,84309,0,34,23,52,5890,15,7,0,3248,7200,60,255,1
1767763318.6989613,9124707774134530792,84331,0,34,23,52,5890,15,7,0,3247,7200,60,255,1
1767763319.7000973,9124707774134530792,84353,0,34,23,52,5890,15,7,0,3246,7200,60,255,1
1767763320.7011576,9124707774134530792,84377,0,34,23,52,5890,15,7,0,3245,7200,60,255,1
1767763322.1910288,9124707774134530792,84411,0,34,23,52,5890,15,7,0,3244,7200,60,255,1
1767763323.1952662,9124707774134530792,84434,0,34,23,52,5890,15,7,0,3243,7200,60,255,1
1767763324.197679,9124707774134530792,84456,0,34,23,52,5890,15,7,0,3242,7200,60,255,1
1767763325.1998734,9124707774134530792,84479,0,34,23,52,5890,15,7,0,3241,7200,60,255,1
1767763326.2015226,9124707774134530792,84500,0,34,23,52,5890,15,7,0,3240,7200,60,255,1
1767763327.2022166,9124707774134530792,84523,0,34,23,52,5890,15,7,0,3239,7200,60,255,1
1767763328.69925,9124707774134530792,84555,0,34,23,52,5890,15,7,0,3237,7200,60,255,1
1767763329.70007,9124707774134530792,84577,0,34,23,52,5890,15,7,0,3236,7200,60,255,1
1767763331.1935735,9124707774134530792,84613,0,34,23,52,5890,15,7,0,3235,7200,60,255,1
1767763332.193621,9124707774134530792,84635,0,34,23,52,5890,15,7,0,3234,7200,60,255,1
1767763333.1998875,9124707774134530792,84657,0,34,23,52,5890,15,7,0,3233,7200,60,255,1
1767763334.6950142,9124707774134530792,84692,0,34,23,52,5890,15,7,0,3231,7200,60,255,1
1767763336.185096,9124707774134530792,84725,0,34,23,52,5890,15,7,0,3230,7200,60,255,1
1767763337.2014446,9124707774134530792,84749,0,34,23,52,5890,15,7,0,3229,7200,60,255,1
1767763338.6958702,9124707774134530792,84784,0,34,23,52,5890,15,7,0,3227,7200,60,255,1
1767763339.6987588,9124707774134530792,84806,0,34,23,52,5890,15,7,0,3226,7200,60,255,1
1767763341.1901422,9124707774134530792,84842,0,34,23,52,5890,15,7,0,3225,7200,60,255,1
1767763342.1959693,9124707774134530792,84866,0,34,23,52,5890,15,7,0,3224,7200,60,255,1
1767763343.6937573,9124707774134530792,84901,0,34,23,52,5890,15,7,0,3222,7200,60,255,1
1767763345.199919,9124707774134530792,84933,0,34,23,52,5890,15,7,0,3221,7200,60,255,1
1767763346.6909556,9124707774134530792,84967,0,34,23,52,5890,15,7,0,3219,7200,60,255,1
1767763347.6913662,9124707774134530792,84989,0,34,23,52,5890,15,7,0,3218,7200,60,255,1
1767763348.6942863,9124707774134530792,85012,0,34,23,52,5890,15,7,0,3217,7200,60,255,1
1767763349.6947644,9124707774134530792,85035,0,34,23,52,5890,15,7,0,3216,7200,60,255,1
1767763351.2022102,9124707774134530792,85069,0,34,23,52,5890,15,7,0,3215,7200,60,255,1
1767763352.6938565,9124707774134530792,85104,0,34,23,52,5890,15,7,0,3213,7200,60,255,1
1767763353.6999075,9124707774134530792,85124,0,34,23,52,5890,15,7,0,3212,7200,60,255,1
1767763354.70188,9124707774134530792,85146,0,34,23,52,5890,15,7,0,3211,7200,60,255,1
1767763355.7020571,9124707774134530792,85167,0,34,23,52,5890,15,7,0,3210,7200,60,255,1
1767763357.1947389,9124707774134530792,85203,0,34,23,52,5890,15,7,0,3209,7200,60,255,1
1767763358.1982203,9124707774134530792,85225,0,34,23,52,5890,15,7,0,3208,7200,60,255,1
1767763359.6999402,9124707774134530792,85261,0,34,23,52,5890,15,7,0,3206,7200,60,255,1
1767763360.7010462,9124707774134530792,85283,0,34,23,52,5890,15,7,0,3205,7200,60,255,1
1767763361.7021222,9124707774134530792,85306,0,34,23,52,5890,15,7,0,3204,7200,60,255,1
1767763363.1963224,9124707774134530792,85341,0,34,23,52,5890,15,7,0,3203,7200,60,255,1
1767763364.6937873,9124707774134530792,85375,0,34,23,52,5890,15,7,0,3201,7200,60,255,1
1767763365.695939,9124707774134530792,85397,0,34,23,52,5890,15,7,0,3200,7200,60,255,1
1767763366.699075,9124707774134530792,85420,0,34,23,52,5890,15,7,0,3199,7200,60,255,1
1767763368.1952252,9124707774134530792,85453,0,34,23,52,5890,15,7,0,3198,7200,60,255,1
1767763369.199763,9124707774134530792,85475,0,34,23,52,5890,15,7,0,3197,7200,60,255,1
1767763370.692067,9124707774134530792,85508,0,34,23,52,5890,15,7,0,3195,7200,60,255,1
1767763372.2001443,9124707774134530792,85540,0,34,23,52,5890,15,7,0,3194,7200,60,255,1
1767763373.2002864,9124707774134530792,85562,0,34,23,52,5890,15,7,0,3193,7200,60,255,1
1767763374.6945012,9124707774134530792,85599,0,34,23,52,5890,15,7,0,3191,7200,60,255,1
1767763376.1855798,9124707774134530792,85632,0,34,23,52,5890,15,7,0,3190,7200,60,255,1
1767763377.185968,9124707774134530792,85655,0,34,23,52,5890,15,7,0,3189,7200,60,255,1
1767763378.1866813,9124707774134530792,85678,0,34,23,52,5890,15,7,0,3188,7200,60,255,1
1767763379.192257,9124707774134530792,85701,0,34,23,52,5890,15,7,0,3187,7200,60,255,1
1767763380.7002392,9124707774134530792,85734,0,34,23,52,5890,15,7,0,3185,7200,60,255,1
1767763381.7021804,9124707774134530792,85756,0,34,23,52,5890,15,7,0,3184,7200,60,255,1
1767763383.192036,9124707774134530792,85789,0,34,23,52,5890,15,7,0,3183,7200,60,255,1
1767763384.1976984,9124707774134530792,85812,0,34,23,52,5890,15,7,0,3182,7200,60,255,1
1767763385.6887188,9124707774134530792,85844,0,34,23,52,5890,15,7,0,3180,7200,60,255,1
1767763386.6888885,9124707774134530792,85867,0,34,23,52,5890,15,7,0,3179,7200,60,255,1
1767763387.689061,9124707774134530792,85889,0,34,23,52,5890,15,7,0,3178,7200,60,255,1
1767763388.6918857,9124707774134530792,85913,0,34,23,52,5890,15,7,0,3177,7200,60,255,1
1767763390.1979003,9124707774134530792,85945,0,34,23,52,5890,15,7,0,3176,7200,60,255,1
1767763391.689741,9124707774134530792,85977,0,34,23,52,5890,15,7,0,3174,7200,60,255,1
1767763392.6923487,9124707774134530792,86000,0,34,23,52,5890,15,7,0,3173,7200,60,255,1
1767763393.6940627,9124707774134530792,86020,0,34,23,52,5890,15,7,0,3172,7200,60,255,1
1767763394.6979432,9124707774134530792,86042,0,34,23,52,5890,15,7,0,3171,7200,60,255,1
1767763395.7020361,9124707774134530792,86063,0,34,23,52,5890,15,7,0,3170,7200,60,255,1
1767763397.1926708,9124707774134530792,86097,0,34,23,52,5890,15,7,0,3169,7200,60,255,1
1767763398.689121,9124707774134530792,86130,0,34,23,52,5890,15,7,0,3167,7200,60,255,1
1767763399.690357,9124707774134530792,86153,0,34,23,52,5890,15,7,0,3166,7200,60,255,1
1767763400.6906183,9124707774134530792,86174,0,34,23,52,5890,15,7,0,3165,7200,60,255,1
1767763402.1988578,9124707774134530792,86208,0,34,23,52,5890,15,7,0,3164,7200,60,255,1
1767763403.201166,9124707774134530792,86230,0,34,23,52,5890,15,7,0,3163,7200,60,255,1
1767763404.7001019,9124707774134530792,86261,0,34,23,52,5890,15,7,0,3161,7200,60,255,1
1767763405.7014399,9124707774134530792,86284,0,34,23,52,5890,15,7,0,3160,7200,60,255,1
1767763407.197947,9124707774134530792,86318,0,34,23,52,5890,15,7,0,3159,7200,60,255,1
1767763408.1981654,9124707774134530792,86341,0,34,23,52,5890,15,7,0,3158,7200,60,255,1
1767763409.6961641,9124707774134530792,86375,0,34,23,52,5890,15,7,0,3156,7200,60,255,1
1767763410.6965563,9124707774134530792,86397,0,34,23,52,5890,15,7,0,3155,7200,60,255,1
1767763412.188591,9124707774134530792,86430,0,34,23,52,5890,15,7,0,3154,7200,60,255,1
1767763413.188918,9124707774134530792,86454,0,34,23,52,5890,15,7,0,3153,7200,60,255,1
1767763414.1922064,9124707774134530792,86478,0,34,23,52,5890,15,7,0,3152,7200,60,255,1
1767763415.7011418,9124707774134530792,86510,0,34,23,52,5890,15,7,0,3150,7200,60,255,1
1767763417.1922011,9124707774134530792,86546,0,34,23,52,5890,15,7,0,3149,7200,60,255,1
1767763418.1932275,9124707774134530792,86570,0,34,23,52,5890,15,7,0,3148,7200,60,255,1
1767763419.2010703,9124707774134530792,86592,0,34,23,52,5890,15,7,0,3147,7200,60,255,1
1767763420.6899688,9124707774134530792,86626,0,34,23,52,5890,15,7,0,3145,7200,60,255,1
1767763421.6917663,9124707774134530792,86649,0,34,23,52,5890,15,7,0,3144,7200,60,255,1
1767763423.195943,9124707774134530792,86681,0,34,23,52,5890,15,7,0,3143,7200,60,255,1
1767763424.6978724,9124707774134530792,86715,0,34,23,52,5890,15,7,0,3141,7200,60,255,1
1767763425.698983,9124707774134530792,86738,0,34,23,52,5890,15,7,0,3140,7200,60,255,1
1767763426.70154,9124707774134530792,86760,0,34,23,52,5890,15,7,0,3139,7200,60,255,1
1767763428.1934385,9124707774134530792,86796,0,34,23,52,5890,15,7,0,3138,7200,60,255,1
1767763429.1967347,9124707774134530792,86818,0,34,23,52,5890,15,7,0,3137,7200,60,255,1
1767763430.687623,9124707774134530792,86852,0,34,23,52,5890,15,7,0,3135,7200,60,255,1
1767763431.6911669,9124707774134530792,86875,0,34,23,52,5890,15,7,0,3134,7200,60,255,1
1767763432.6926394,9124707774134530792,86896,0,34,23,52,5890,15,7,0,3133,7200,60,255,1
1767763433.697986,9124707774134530792,86916,0,34,23,52,5890,15,7,0,3132,7200,60,255,1
1767763435.1899922,9124707774134530792,86948,0,34,23,52,5890,15,7,0,3131,7200,60,255,1
1767763436.6978786,9124707774134530792,86981,0,34,23,52,5890,15,7,0,3129,7200,60,255,1
1767763437.6989343,9124707774134530792,87002,0,34,23,52,5890,15,7,0,3128,7200,60,255,1
1767763439.1959739,9124707774134530792,87036,0,34,23,52,5890,15,7,0,3127,7200,60,255,1
1767763440.1965938,9124707774134530792,87059,0,34,23,52,5890,15,7,0,3126,7200,60,255,1
1767763441.2017815,9124707774134530792,87081,0,34,23,52,5890,15,7,0,3125,7200,60,255,1
1767763442.6955404,9124707774134530792,87116,0,34,23,52,5890,15,7,0,3123,7200,60,255,1
1767763443.6989827,9124707774134530792,87139,0,34,23,52,5890,15,7,0,3122,7200,60,255,1
1767763445.1946385,9124707774134530792,87174,0,34,23,52,5890,15,7,0,3121,7200,60,255,1
1767763446.1974373,9124707774134530792,87197,0,34,23,52,5890,15,7,0,3120,7200,60,255,1
1767763447.1979547,9124707774134530792,87220,0,34,23,52,5890,15,7,0,3119,7200,60,255,1
1767763448.2001376,9124707774134530792,87242,0,34,23,52,5890,15,7,0,3118,7200,60,255,1
1767763449.6946058,9124707774134530792,87276,0,34,23,52,5890,15,7,0,3116,7200,60,255,1
1767763450.6969056,9124707774134530792,87299,0,34,23,52,5890,15,7,0,3115,7200,60,255,1
1767763451.6990523,9124707774134530792,87321,0,34,23,52,5890,15,7,0,3114,7200,60,255,1
1767763452.7000034,9124707774134530792,87342,0,34,23,52,5890,15,7,0,3113,7200,60,255,1
1767763454.1975036,9124707774134530792,87377,0,34,23,52,5890,15,7,0,3112,7200,60,255,1
1767763455.199061,9124707774134530792,87400,0,34,23,52,5890,15,7,0,3111,7200,60,255,1
1767763456.2011645,9124707774134530792,87422,0,34,23,52,5890,15,7,0,3110,7200,60,255,1
1767763457.6980805,9124707774134530792,87456,0,34,23,52,5890,15,7,0,3108,7200,60,255,1
1767763459.1933315,9124707774134530792,87493,0,34,23,52,5890,15,7,0,3107,7200,60,255,1
1767763460.1949227,9124707774134530792,87515,0,34,23,52,5890,15,7,0,3106,7200,60,255,1
1767763461.1978288,9124707774134530792,87538,0,34,23,52,5890,15,7,0,3105,7200,60,255,1
1767763462.2002723,9124707774134530792,87560,0,34,23,52,5890,15,7,0,3104,7200,60,255,1
1767763463.2011545,9124707774134530792,87582,0,34,23,52,5890,15,7,0,3103,7200,60,255,1
1767763464.697544,9124707774134530792,87615,0,34,23,52,5890,15,7,0,3101,7200,60,255,1
1767763465.6978726,9124707774134530792,87637,0,34,23,52,5890,15,7,0,3100,7200,60,255,1
1767763467.1899412,9124707774134530792,87672,0,34,23,52,5890,15,7,0,3099,7200,60,255,1
1767763468.7019389,9124707774134530792,87706,0,34,23,52,5890,15,7,0,3097,7200,60,255,1
1767763469.702183,9124707774134530792,87728,0,34,23,52,5890,15,7,0,3096,7200,60,255,1
1767763471.1913006,9124707774134530792,87762,0,34,23,52,5890,15,7,0,3095,7200,60,255,1
1767763472.19228,9124707774134530792,87785,0,34,23,52,5890,15,7,0,3094,7200,60,255,1
1767763473.1931763,9124707774134530792,87807,0,34,23,52,5890,15,7,0,3093,7200,60,255,1
1767763474.198688,9124707774134530792,87829,0,34,23,52,5890,15,7,0,3092,7200,60,255,1
1767763475.6927361,9124707774134530792,87865,0,34,23,52,5890,15,7,0,3090,7200,60,255,1
1767763477.1859596,9124707774134530792,87899,0,34,23,52,5890,15,7,0,3089,7200,60,255,1
1767763478.1865723,9124707774134530792,87921,0,34,23,52,5890,15,7,0,3088,7200,60,255,1
1767763479.1912484,9124707774134530792,87947,0,34,23,52,5890,15,7,0,3087,7200,60,255,1
1767763480.1930594,9124707774134530792,87971,0,34,23,52,5890,15,7,0,3086,7200,60,255,1
1767763481.1957078,9124707774134530792,87994,0,34,23,52,5890,15,7,0,3085,7200,60,255,1
1767763482.198194,9124707774134530792,88016,0,34,23,52,5890,15,7,0,3084,7200,60,255,1
1767763483.695699,9124707774134530792,88048,0,34,23,52,5890,15,7,0,3082,7200,60,255,1
1767763484.6977398,9124707774134530792,88071,0,34,23,52,5890,15,7,0,3081,7200,60,255,1
1767763485.699984,9124707774134530792,88092,0,34,23,52,5890,15,7,0,3080,7200,60,255,1
1767763486.7013044,9124707774134530792,88114,0,34,23,52,5890,15,7,0,3079,7200,60,255,1
1767763488.1943145,9124707774134530792,88150,0,34,23,52,5890,15,7,0,3078,7200,60,255,1
1767763489.2012289,9124707774134530792,88172,0,34,23,52,5890,15,7,0,3077,7200,60,255,1
1767763490.6944668,9124707774134530792,88209,0,34,23,52,5890,15,7,0,3075,7200,60,255,1
1767763491.6985564,9124707774134530792,88232,0,34,23,52,5890,15,7,0,3074,7200,60,255,1
1767763493.1953938,9124707774134530792,88266,0,34,23,52,5890,15,7,0,3073,7200,60,255,1
1767763494.6973765,9124707774134530792,88299,0,34,23,52,5890,15,7,0,3071,7200,60,255,1
1767763495.6978893,9124707774134530792,88322,0,34,23,52,5890,15,7,0,3070,7200,60,255,1
1767763497.1946027,9124707774134530792,88356,0,34,23,52,5890,15,7,0,3069,7200,60,255,1
1767763498.197788,9124707774134530792,88380,0,34,23,52,5890,15,7,0,3068,7200,60,255,1
1767763499.698873,9124707774134530792,88414,0,34,23,52,5890,15,7,0,3066,7200,60,255,1
1767763500.7007241,9124707774134530792,88437,0,34,23,52,5890,15,7,0,3065,7200,60,255,1
1767763502.1922846,9124707774134530792,88471,0,34,23,52,5890,15,7,0,3064,7200,60,255,1
1767763503.192342,9124707774134530792,88493,0,34,23,52,5890,15,7,0,3063,7200,60,255,1
1767763504.1960287,9124707774134530792,88515,0,34,23,52,5890,15,7,0,3062,7200,60,255,1
1767763505.1964903,9124707774134530792,88538,0,34,23,52,5890,15,7,0,3061,7200,60,255,1
1767763506.6856437,9124707774134530792,88571,0,34,23,52,5890,15,7,0,3059,7200,60,255,1
1767763507.6879883,9124707774134530792,88594,0,34,23,52,5890,15,7,0,3058,7200,60,255,1
1767763508.6955535,9124707774134530792,88618,0,34,23,52,5890,15,7,0,3057,7200,60,255,1
1767763509.6978374,9124707774134530792,88640,0,34,23,52,5890,15,7,0,3056,7200,60,255,1
1767763510.6989014,9124707774134530792,88661,0,34,23,52,5890,15,7,0,3055,7200,60,255,1
1767763511.7002494,9124707774134530792,88683,0,34,23,52,5890,15,7,0,3054,7200,60,255,1
1767763513.1906967,9124707774134530792,88717,0,34,23,52,5890,15,7,0,3053,7200,60,255,1
1767763514.1976917,9124707774134530792,88740,0,34,23,52,5890,15,7,0,3052,7200,60,255,1
1767763515.2012918,9124707774134530792,88762,0,34,23,52,5890,15,7,0,3051,7200,60,255,1
1767763516.6958811,9124707774134530792,88798,0,34,23,52,5890,15,7,0,3049,7200,60,255,1
1767763517.697919,9124707774134530792,88821,0,34,23,52,5890,15,7,0,3048,7200,60,255,1
1767763519.194495,9124707774134530792,88857,0,34,23,52,5890,15,7,0,3047,7200,60,255,1
1767763520.196536,9124707774134530792,88879,0,34,23,52,5890,15,7,0,3046,7200,60,255,1
1767763521.197829,9124707774134530792,88901,0,34,23,52,5890,15,7,0,3045,7200,60,255,1
1767763522.1988435,9124707774134530792,88923,0,34,23,52,5890,15,7,0,3044,7200,60,255,1
1767763523.6941464,9124707774134530792,88956,0,34,23,52,5890,15,7,0,3042,7200,60,255,1
1767763524.6947525,9124707774134530792,88979,0,34,23,52,5890,15,7,0,3041,7200,60,255,1
1767763525.6956441,9124707774134530792,89002,0,34,23,52,5890,15,7,0,3040,7200,60,255,1
1767763527.1857266,9124707774134530792,89034,0,34,23,52,5890,15,7,0,3039,7200,60,255,1
1767763528.700087,9124707774134530792,89071,0,34,23,52,5890,15,7,0,3037,7200,60,255,1
1767763529.702145,9124707774134530792,89092,0,34,23,52,5890,15,7,0,3036,7200,60,255,1
1767763531.1945622,9124707774134530792,89127,0,34,23,52,5890,15,7,0,3035,7200,60,255,1
1767763532.197817,9124707774134530792,89150,0,34,23,52,5890,15,7,0,3034,7200,60,255,1
1767763533.2000878,9124707774134530792,89171,0,34,23,52,5890,15,7,0,3033,7200,60,255,1
1767763534.6978312,9124707774134530792,89205,0,34,23,52,5890,15,7,0,3031,7200,60,255,1
1767763535.7000291,9124707774134530792,89228,0,34,23,52,5890,15,7,0,3030,7200,60,255,1
1767763537.1936922,9124707774134530792,89262,0,34,23,52,5890,15,7,0,3029,7200,60,255,1
1767763538.1953795,9124707774134530792,89285,0,34,23,52,5890,15,7,0,3028,7200,60,255,1
1767763539.1998937,9124707774134530792,89306,0,34,23,52,5890,15,7,0,3027,7200,60,255,1
1767763540.6904228,9124707774134530792,89340,0,34,23,52,5890,15,7,0,3025,7200,60,255,1
1767763541.6912384,9124707774134530792,89362,0,34,23,52,5890,15,7,0,3024,7200,60,255,1
1767763543.1977148,9124707774134530792,89396,0,34,23,52,5890,15,7,0,3023,7200,60,255,1
1767763544.69656,9124707774134530792,89431,0,34,23,52,5890,15,7,0,3021,7200,60,255,1
1767763546.1875243,9124707774134530792,89464,0,34,23,52,5890,15,7,0,3020,7200,60,255,1
1767763547.1910357,9124707774134530792,89489,0,34,23,52,5890,15,7,0,3019,7200,60,255,1
1767763548.1935964,9124707774134530792,89512,0,34,23,52,5890,15,7,0,3018,7200,60,255,1
1767763549.2011213,9124707774134530792,89533,0,34,23,52,5890,15,7,0,3017,7200,60,255,1
1767763550.6933615,9124707774134530792,89568,0,34,23,52,5890,15,7,0,3015,7200,60,255,1
1767763551.6959307,9124707774134530792,89590,0,34,23,52,5890,15,7,0,3014,7200,60,255,1
1767763552.6966248,9124707774134530792,89612,0,34,23,52,5890,15,7,0,3013,7200,60,255,1
1767763553.6972835,9124707774134530792,89634,0,34,23,52,5890,15,7,0,3012,7200,60,255,1
1767763555.1933467,9124707774134530792,89670,0,34,23,52,5890,15,7,0,3011,7200,60,255,1
1767763556.1947148,9124707774134530792,89692,0,34,23,52,5890,15,7,0,3010,7200,60,255,1
1767763557.1957273,9124707774134530792,89715,0,34,23,52,5890,15,7,0,3009,7200,60,255,1
1767763558.6875668,9124707774134530792,89748,0,34,23,52,5890,15,7,0,3007,7200,60,255,1
1767763559.6921656,9124707774134530792,89772,0,34,23,52,5890,15,7,0,3006,7200,60,255,1
1767763560.692501,9124707774134530792,89794,0,34,23,52,5890,15,7,0,3005,7200,60,255,1
1767763561.6930642,9124707774134530792,89819,0,34,23,52,5890,15,7,0,3004,7200,60,255,1
1767763563.1980526,9124707774134530792,89852,0,34,23,52,5890,15,7,0,3003,7200,60,255,1
1767763564.6956706,9124707774134530792,89888,0,34,23,52,5890,15,7,0,3001,7200,60,255,1
1767763566.1865087,9124707774134530792,89921,0,34,23,52,5890,15,7,0,3000,7200,60,255,1
1767763567.6946537,9124707774134530792,89958,0,34,23,52,5890,15,7,0,2998,7200,60,255,1
1767763569.1888778,9124707774134530792,89994,0,34,23,52,5890,15,7,0,2997,7200,60,255,1
1767763570.1923263,9124707774134530792,90017,0,34,23,52,5890,15,7,0,2996,7200,60,255,1
1767763571.1931264,9124707774134530792,90039,0,34,23,52,5890,15,7,0,2995,7200,60,255,1
1767763572.1941059,9124707774134530792,90062,0,34,23,52,5890,15,7,0,2994,7200,60,255,1
1767763573.197544,9124707774134530792,90085,0,34,23,52,5890,15,7,0,2993,7200,60,255,1
1767763574.695448,9124707774134530792,90121,0,34,23,52,5890,15,7,0,2991,7200,60,255,1
1767763575.69562,9124707774134530792,90145,0,34,23,52,5890,15,7,0,2990,7200,60,255,1
1767763576.6989486,9124707774134530792,90167,0,34,23,52,5890,15,7,0,2989,7200,60,255,1
1767763577.700069,9124707774134530792,90188,0,34,23,52,5890,15,7,0,2988,7200,60,255,1
1767763579.2000585,9124707774134530792,90220,0,34,23,52,5890,15,7,0,2987,7200,60,255,1
1767763580.691083,9124707774134530792,90253,0,34,23,52,5890,15,7,0,2985,7200,60,255,1
1767763581.6927536,9124707774134530792,90276,0,34,23,52,5890,15,7,0,2984,7200,60,255,1
1767763582.6941602,9124707774134530792,90298,0,34,23,52,5890,15,7,0,2983,7200,60,255,1
1767763583.6980946,9124707774134530792,90321,0,34,23,52,5890,15,7,0,2982,7200,60,255,1
1767763585.2011416,9124707774134530792,90354,0,34,23,52,5890,15,7,0,2981,7200,60,255,1
1767763586.6957154,9124707774134530792,90389,0,34,23,52,5890,15,7,0,2979,7200,60,255,1
1767763588.187569,9124707774134530792,90421,0,34,23,52,5890,15,7,0,2978,7200,60,255,1
1767763589.192515,9124707774134530792,90446,0,34,23,52,5890,15,7,0,2977,7200,60,255,1
1767763590.197642,9124707774134530792,90468,0,34,23,52,5890,15,7,0,2976,7200,60,255,1
1767763591.200211,9124707774134530792,90489,0,34,23,52,5890,15,7,0,2975,7200,60,255,1
1767763592.6944249,9124707774134530792,90526,0,34,23,52,5890,15,7,0,2973,7200,60,255,1
1767763593.695453,9124707774134530792,90549,0,34,23,52,5890,15,7,0,2972,7200,60,255,1
1767763594.701231,9124707774134530792,90571,0,34,23,52,5890,15,7,0,2971,7200,60,255,1
1767763595.7017734,9124707774134530792,90593,0,34,23,52,5890,15,7,0,2970,7200,60,255,1
1767763597.195792,9124707774134530792,90629,0,34,23,52,5890,15,7,0,2969,7200,60,255,1
1767763598.686823,9124707774134530792,90662,0,34,23,52,5890,15,7,0,2967,7200,60,255,1
1767763599.6930826,9124707774134530792,90685,0,34,23,52,5890,15,7,0,2966,7200,60,255,1
1767763600.6972318,9124707774134530792,90708,0,34,23,52,5890,15,7,0,2965,7200,60,255,1
1767763601.7008755,9124707774134530792,90730,0,34,23,52,5890,15,7,0,2964,7200,60,255,1
1767763603.1927733,9124707774134530792,90766,0,34,23,52,5890,15,7,0,2963,7200,60,255,1
1767763604.1986117,9124707774134530792,90786,0,34,23,52,5890,15,7,0,2962,7200,60,255,1
1767763605.6889966,9124707774134530792,90818,0,34,23,52,5890,15,7,0,2960,7200,60,255,1
1767763606.6933472,9124707774134530792,90843,0,34,23,52,5890,15,7,0,2959,7200,60,255,1
1767763607.6972337,9124707774134530792,90867,0,34,23,52,5890,15,7,0,2958,7200,60,255,1
1767763608.701034,9124707774134530792,90889,0,34,23,52,5890,15,7,0,2957,7200,60,255,1
1767763610.2000864,9124707774134530792,90921,0,34,23,52,5890,15,7,0,2956,7200,60,255,1
1767763611.199696,9124707774134530792,90943,0,34,23,52,5890,15,7,0,2955,7200,60,255,1
1767763612.6955466,9124707774134530792,90977,0,34,23,52,5890,15,7,0,2953,7200,60,255,1
1767763613.698867,9124707774134530792,90999,0,34,23,52,5890,15,7,0,2952,7200,60,255,1
1767763615.1978,9124707774134530792,91032,0,34,23,52,5890,15,7,0,2951,7200,60,255,1
1767763616.6897435,9124707774134530792,91065,0,34,23,52,5890,15,7,0,2949,7200,60,255,1
1767763617.6916106,9124707774134530792,91088,0,34,23,52,5890,15,7,0,2948,7200,60,255,1
1767763619.1910517,9124707774134530792,91122,0,34,23,52,5890,15,7,0,2947,7200,60,255,1
1767763620.1911798,9124707774134530792,91143,0,34,23,52,5890,15,7,0,2946,7200,60,255,1
1767763621.1918871,9124707774134530792,91165,0,34,23,52,5890,15,7,0,2945,7200,60,255,1
1767763622.1920202,9124707774134530792,91189,0,34,23,52,5890,15,7,0,2944,7200,60,255,1
1767763623.1922798,9124707774134530792,91211,0,34,23,52,5890,15,7,0,2943,7200,60,255,1
1767763624.1975448,9124707774134530792,91233,0,34,23,52,5890,15,7,0,2942,7200,60,255,1
1767763625.1979141,9124707774134530792,91255,0,34,23,52,5890,15,7,0,2941,7200,60,255,1
1767763626.1988978,9124707774134530792,91276,0,34,23,52,5890,15,7,0,2940,7200,60,255,1
1767763627.6959429,9124707774134530792,91311,0,34,23,52,5890,15,7,0,2938,7200,60,255,1
1767763628.6969798,9124707774134530792,91334,0,34,23,52,5890,15,7,0,2937,7200,60,255,1
1767763629.7024088,9124707774134530792,91356,0,34,23,52,5890,15,7,0,2936,7200,60,255,1
1767763631.1945403,9124707774134530792,91391,0,34,23,52,5890,15,7,0,2935,7200,60,255,1
1767763632.1974094,9124707774134530792,91413,0,34,23,52,5890,15,7,0,2934,7200,60,255,1
1767763633.1980085,9124707774134530792,91435,0,34,23,52,5890,15,7,0,2933,7200,60,255,1
1767763634.693075,9124707774134530792,91470,0,34,23,52,5890,15,7,0,2931,7200,60,255,1
1767763635.694105,9124707774134530792,91491,0,34,23,52,5890,15,7,0,2930,7200,60,255,1
1767763636.694988,9124707774134530792,91513,0,34,23,52,5890,15,7,0,2929,7200,60,255,1
1767763637.6957262,9124707774134530792,91537,0,34,23,52,5890,15,7,0,2928,7200,60,255,1
1767763638.6958456,9124707774134530792,91560,0,34,23,52,5890,15,7,0,2927,7200,60,255,1
1767763640.1945996,9124707774134530792,91592,0,34,23,52,5890,15,7,0,2926,7200,60,255,1
1767763641.1953743,9124707774134530792,91615,0,34,23,52,5890,15,7,0,2925,7200,60,255,1
1767763642.197174,9124707774134530792,91638,0,34,23,52,5890,15,7,0,2924,7200,60,255,1
1767763643.197677,9124707774134530792,91661,0,34,23,52,5890,15,7,0,2923,7200,60,255,1
1767763644.6932487,9124707774134530792,91698,0,34,23,52,5890,15,7,0,2921,7200,60,255,1
1767763645.6944249,9124707774134530792,91721,0,34,23,52,5890,15,7,0,2920,7200,60,255,1
1767763647.2016137,9124707774134530792,91754,0,34,23,52,5890,15,7,0,2919,7200,60,255,1
1767763648.6888328,9124707774134530792,91788,0,34,23,52,5890,15,7,0,2917,7200,60,255,1
1767763649.6923335,9124707774134530792,91814,0,34,23,52,5890,15,7,0,2916,7200,60,255,1
1767763650.6944716,9124707774134530792,91837,0,34,23,52,5890,15,7,0,2915,7200,60,255,1
1767763651.6960986,9124707774134530792,91860,0,34,23,52,5890,15,7,0,2914,7200,60,255,1
1767763652.6973095,9124707774134530792,91882,0,34,23,52,5890,15,7,0,2913,7200,60,255,1
1767763654.192869,9124707774134530792,91915,0,34,23,52,5890,15,7,0,2912,7200,60,255,1
1767763655.1949592,9124707774134530792,91938,0,34,23,52,5890,15,7,0,2911,7200,60,255,1
1767763656.19547,9124707774134530792,91961,0,34,23,52,5890,15,7,0,2910,7200,60,255,1
1767763657.1977968,9124707774134530792,91983,0,34,23,52,5890,15,7,0,2909,7200,60,255,1
1767763658.695585,9124707774134530792,92017,0,34,23,52,5890,15,7,0,2907,7200,60,255,1
1767763660.1946485,9124707774134530792,92052,0,34,23,52,5890,15,7,0,2906,7200,60,255,1
1767763661.194778,9124707774134530792,92076,0,34,23,52,5890,15,7,0,2905,7200,60,255,1
1767763662.2000134,9124707774134530792,92098,0,34,23,52,5890,15,7,0,2904,7200,60,255,1
1767763663.2011588,9124707774134530792,92120,0,34,23,52,5890,15,7,0,2903,7200,60,255,1
1767763664.7000022,9124707774134530792,92154,0,34,23,52,5890,15,7,0,2901,7200,60,255,1
1767763665.7013066,9124707774134530792,92175,0,34,23,52,5890,15,7,0,2900,7200,60,255,1
1767763667.1939979,9124707774134530792,92209,0,34,23,52,5890,15,7,0,2899,7200,60,255,1
1767763668.1977696,9124707774134530792,92231,0,34,23,52,5890,15,7,0,2898,7200,60,255,1
1767763669.6958418,9124707774134530792,92266,0,34,23,52,5890,15,7,0,2896,7200,60,255,1
1767763670.6965468,9124707774134530792,92288,0,34,23,52,5890,15,7,0,2895,7200,60,255,1
1767763671.7014513,9124707774134530792,92311,0,34,23,52,5890,15,7,0,2894,7200,60,255,1
1767763673.195482,9124707774134530792,92347,0,34,23,52,5890,15,7,0,2893,7200,60,255,1
1767763674.6959445,9124707774134530792,92383,0,34,23,52,5890,15,7,0,2891,7200,60,255,1
1767763675.7004583,9124707774134530792,92405,0,34,23,52,5890,15,7,0,2890,7200,60,255,1
1767763677.2014275,9124707774134530792,92438,0,34,23,52,5890,15,7,0,2889,7200,60,255,1
1767763678.697452,9124707774134530792,92472,0,34,23,52,5890,15,7,0,2887,7200,60,255,1
1767763680.1964602,9124707774134530792,92504,0,34,23,52,5890,15,7,0,2886,7200,60,255,1
1767763681.1975563,9124707774134530792,92526,0,34,23,52,5890,15,7,0,2885,7200,60,255,1
1767763682.2012446,9124707774134530792,92549,0,34,23,52,5890,15,7,0,2884,7200,60,255,1
1767763683.6962824,9124707774134530792,92583,0,34,23,52,5890,15,7,0,2882,7200,60,255,1
1767763685.1938496,9124707774134530792,92617,0,34,23,52,5890,15,7,0,2881,7200,60,255,1
1767763686.195584,9124707774134530792,92640,0,34,23,52,5890,15,7,0,2880,7200,60,255,1
1767763687.1979587,9124707774134530792,92662,0,34,23,52,5890,15,7,0,2879,7200,60,255,1
1767763688.2013745,9124707774134530792,92684,0,34,23,52,5890,15,7,0,2878,7200,60,255,1
1767763689.696615,9124707774134530792,92719,0,34,23,52,5890,15,7,0,2876,7200,60,255,1
1767763690.6990585,9124707774134530792,92742,0,34,23,52,5890,15,7,0,2875,7200,60,255,1
1767763692.194929,9124707774134530792,92777,0,34,23,52,5890,15,7,0,2874,7200,60,255,1
1767763693.1981914,9124707774134530792,92800,0,34,23,52,5890,15,7,0,2873,7200,60,255,1
1767763694.695114,9124707774134530792,92835,0,34,23,52,5890,15,7,0,2871,7200,60,255,1
1767763695.7009299,9124707774134530792,92858,0,34,23,52,5890,15,7,0,2870,7200,60,255,1
1767763697.1917536,9124707774134530792,92892,0,34,23,52,5890,15,7,0,2869,7200,60,255,1
1767763698.194901,9124707774134530792,92916,0,34,23,52,5890,15,7,0,2868,7200,60,255,1
1767763699.1983764,9124707774134530792,92940,0,34,23,52,5890,15,7,0,2867,7200,60,255,1
1767763700.2018688,9124707774134530792,92963,0,34,23,52,5890,15,7,0,2866,7200,60,255,1
1767763701.6964157,9124707774134530792,92997,0,34,23,52,5890,15,7,0,2864,7200,60,255,1
1767763702.7011492,9124707774134530792,93018,0,34,23,52,5890,15,7,0,2863,7200,60,255,1
1767763704.1987565,9124707774134530792,93052,0,34,23,52,5890,15,7,0,2862,7200,60,255,1
1767763705.6904678,9124707774134530792,93084,0,34,23,52,5890,15,7,0,2860,7200,60,255,1
1767763706.6926744,9124707774134530792,93107,0,34,23,52,5890,15,7,0,2859,7200,60,255,1
1767763707.6954763,9124707774134530792,93130,0,34,23,52,5890,15,7,0,2858,7200,60,255,1
1767763708.6965027,9124707774134530792,93154,0,34,23,52,5890,15,7,0,2857,7200,60,255,1
1767763710.1980557,9124707774134530792,93187,0,34,23,52,5890,15,7,0,2856,7200,60,255,1
1767763711.6910756,9124707774134530792,93221,0,34,23,52,5890,15,7,0,2854,7200,60,255,1
1767763712.6912258,9124707774134530792,93244,0,34,23,52,5890,15,7,0,2853,7200,60,255,1
1767763713.695439,9124707774134530792,93267,0,34,23,52,5890,15,7,0,2852,7200,60,255,1
1767763715.1957295,9124707774134530792,93300,0,34,23,52,5890,15,7,0,2851,7200,60,255,1
1767763716.6900878,9124707774134530792,93334,0,34,23,52,5890,15,7,0,2849,7200,60,255,1
1767763717.6944423,9124707774134530792,93357,0,34,23,52,5890,15,7,0,2848,7200,60,255,1
1767763718.6961439,9124707774134530792,93380,0,34,23,52,5890,15,7,0,2847,7200,60,255,1
1767763719.701336,9124707774134530792,93401,0,34,23,52,5890,15,7,0,2846,7200,60,255,1
1767763721.193935,9124707774134530792,93436,0,34,23,52,5890,15,7,0,2845,7200,60,255,1
1767763722.6944015,9124707774134530792,93470,0,34,23,52,5890,15,7,0,2843,7200,60,255,1
1767763723.6950731,9124707774134530792,93493,0,34,23,52,5890,15,7,0,2842,7200,60,255,1
1767763724.69993,9124707774134530792,93514,0,34,23,52,5890,15,7,0,2841,7200,60,255,1
1767763725.7003942,9124707774134530792,93535,0,34,23,52,5890,15,7,0,2840,7200,60,255,1
1767763727.1947196,9124707774134530792,93571,0,34,23,52,5890,15,7,0,2839,7200,60,255,1
1767763728.6874537,9124707774134530792,93605,0,34,23,52,5890,15,7,0,2837,7200,60,255,1
1767763729.6936753,9124707774134530792,93629,0,34,23,52,5890,15,7,0,2836,7200,60,255,1
1767763730.6958244,9124707774134530792,93652,0,34,23,52,5890,15,7,0,2835,7200,60,255,1
1767763731.6987658,9124707774134530792,93674,0,34,23,52,5890,15,7,0,2834,7200,60,255,1
1767763732.7001767,9124707774134530792,93696,0,34,23,52,5890,15,7,0,2833,7200,60,255,1
1767763733.7016711,9124707774134530792,93719,0,34,23,52,5890,15,7,0,2832,7200,60,255,1
1767763735.2012746,9124707774134530792,93754,0,34,23,52,5890,15,7,0,2831,7200,60,255,1
1767763736.6928563,9124707774134530792,93789,0,34,23,52,5890,15,7,0,2829,7200,60,255,1
1767763737.6959078,9124707774134530792,93811,0,34,23,52,5890,15,7,0,2828,7200,60,255,1
1767763738.6976964,9124707774134530792,93834,0,34,23,52,5890,15,7,0,2827,7200,60,255,1
1767763740.1940334,9124707774134530792,93866,0,34,23,52,5890,15,7,0,2826,7200,60,255,1
1767763741.7022405,9124707774134530792,93900,0,34,23,52,5890,15,7,0,2824,7200,60,255,1
1767763743.1931074,9124707774134530792,93934,0,34,23,52,5890,15,7,0,2823,7200,60,255,1
1767763744.1955688,9124707774134530792,93955,0,34,23,52,5890,15,7,0,2822,7200,60,255,1
1767763745.1961024,9124707774134530792,93979,0,34,23,52,5890,15,7,0,2821,7200,60,255,1
1767763746.6871412,9124707774134530792,94012,0,34,23,52,5890,15,7,0,2819,7200,60,255,1
1767763747.6872673,9124707774134530792,94035,0,34,23,52,5890,15,7,0,2818,7200,60,255,1
1767763749.1975193,9124707774134530792,94072,0,34,23,52,5890,15,7,0,2817,7200,60,255,1
1767763750.6873267,9124707774134530792,94106,0,34,23,52,5890,15,7,0,2815,7200,60,255,1
1767763752.1964474,9124707774134530792,94143,0,34,23,52,5890,15,7,0,2814,7200,60,255,1
1767763753.6860518,9124707774134530792,94176,0,34,23,52,5890,15,7,0,2812,7200,60,255,1
1767763754.6912081,9124707774134530792,94201,0,34,23,52,5890,15,7,0,2811,7200,60,255,1
1767763755.6919804,9124707774134530792,94225,0,34,23,52,5890,15,7,0,2810,7200,60,255,1
1767763756.692575,9124707774134530792,94248,0,34,23,52,5890,15,7,0,2809,7200,60,255,1
1767763758.2002814,9124707774134530792,94282,0,34,23,52,5890,15,7,0,2808,7200,60,255,1
1767763759.698986,9124707774134530792,94317,0,34,23,52,5890,15,7,0,2806,7200,60,255,1
1767763760.7014067,9124707774134530792,94339,0,34,23,52,5890,15,7,0,2805,7200,60,255,1
1767763762.1934032,9124707774134530792,94372,0,34,23,52,5890,15,7,0,2804,7200,60,255,1
1767763763.7016964,9124707774134530792,94405,0,34,23,52,5890,15,7,0,2802,7200,60,255,1
1767763765.199925,9124707774134530792,94440,0,34,23,52,5890,15,7,0,2801,7200,60,255,1
1767763766.6954484,9124707774134530792,94475,0,34,23,52,5890,15,7,0,2799,7200,60,255,1
1767763767.6989183,9124707774134530792,94497,0,34,23,52,5890,15,7,0,2798,7200,60,255,1
1767763769.2002718,9124707774134530792,94531,0,34,23,52,5890,15,7,0,2797,7200,60,255,1
1767763770.693296,9124707774134530792,94565,0,34,23,52,5890,15,7,0,2795,7200,60,255,1
1767763771.6945386,9124707774134530792,94587,0,34,23,52,5890,15,7,0,2794,7200,60,255,1
1767763772.6985698,9124707774134530792,94608,0,34,23,52,5890,15,7,0,2793,7200,60,255,1
1767763773.698962,9124707774134530792,94631,0,34,23,52,5890,15,7,0,2792,7200,60,255,1
1767763775.1976678,9124707774134530792,94665,0,34,23,52,5890,15,7,0,2791,7200,60,255,1
1767763776.6898255,9124707774134530792,94697,0,34,23,52,5890,15,7,0,2789,7200,60,255,1
1767763777.690266,9124707774134530792,94719,0,34,23,52,5890,15,7,0,2788,7200,60,255,1
1767763779.1878843,9124707774134530792,94752,0,34,23,52,5890,15,7,0,2787,7200,60,255,1
1767763780.188711,9124707774134530792,94775,0,34,23,52,5890,15,7,0,2786,7200,60,255,1
1767763781.190336,9124707774134530792,94797,0,34,23,52,5890,15,7,0,2785,7200,60,255,1
1767763782.1935668,9124707774134530792,94820,0,34,23,52,5890,15,7,0,2784,7200,60,255,1
1767763783.1959264,9124707774134530792,94845,0,34,23,52,5890,15,7,0,2783,7200,60,255,1
1767763784.6945553,9124707774134530792,94879,0,34,23,52,5890,15,7,0,2781,7200,60,255,1
1767763785.697203,9124707774134530792,94903,0,34,23,52,5890,15,7,0,2780,7200,60,255,1
1767763786.6976898,9124707774134530792,94925,0,34,23,52,5890,15,7,0,2779,7200,60,255,1
1767763787.6978974,9124707774134530792,94948,0,34,23,52,5890,15,7,0,2778,7200,60,255,1
1767763788.6986635,9124707774134530792,94970,0,34,23,52,5890,15,7,0,2777,7200,60,255,1
1767763790.1979501,9124707774134530792,95004,0,34,23,52,5890,15,7,0,2776,7200,60,255,1
1767763791.6945944,9124707774134530792,95039,0,34,23,52,5890,15,7,0,2774,7200,60,255,1
1767763792.6954367,9124707774134530792,95062,0,34,23,52,5890,15,7,0,2773,7200,60,255,1
1767763793.6976924,9124707774134530792,95084,0,34,23,52,5890,15,7,0,2772,7200,60,255,1
1767763795.194678,9124707774134530792,95116,0,34,23,52,5890,15,7,0,2771,7200,60,255,1
1767763796.197251,9124707774134530792,95139,0,34,23,52,5890,15,7,0,2770,7200,60,255,1
1767763797.1987813,9124707774134530792,95161,0,34,23,52,5890,15,7,0,2769,7200,60,255,1
1767763798.2003448,9124707774134530792,95184,0,34,23,52,5890,15,7,0,2768,7200,60,255,1
1767763799.6987677,9124707774134530792,95216,0,34,23,52,5890,15,7,0,2766,7200,60,255,1
1767763801.1889503,9124707774134530792,95248,0,34,23,52,5890,15,7,0,2765,7200,60,255,1
1767763802.192251,9124707774134530792,95273,0,34,23,52,5890,15,7,0,2764,7200,60,255,1
1767763803.1954994,9124707774134530792,95295,0,34,23,52,5890,15,7,0,2763,7200,60,255,1
1767763804.1997375,9124707774134530792,95316,0,34,23,52,5890,15,7,0,2762,7200,60,255,1
1767763805.6880364,9124707774134530792,95350,0,34,23,52,5890,15,7,0,2760,7200,60,255,1
1767763806.6977396,9124707774134530792,95373,0,34,23,52,5890,15,7,0,2759,7200,60,255,1
1767763808.1982164,9124707774134530792,95407,0,34,23,52,5890,15,7,0,2758,7200,60,255,1
1767763809.700426,9124707774134530792,95441,0,34,23,52,5890,15,7,0,2756,7200,60,255,1
1767763811.1989968,9124707774134530792,95475,0,34,23,52,5890,15,7,0,2755,7200,60,255,1
1767763812.6979165,9124707774134530792,95511,0,34,23,52,5890,15,7,0,2753,7200,60,255,1
1767763813.7023473,9124707774134530792,95533,0,34,23,52,5890,15,7,0,2752,7200,60,255,1
1767763815.1888072,9124707774134530792,95566,0,34,23,52,5890,15,7,0,2751,7200,60,255,1
1767763816.1934094,9124707774134530792,95592,0,34,23,52,5890,15,7,0,2750,7200,60,255,1
1767763817.1987634,9124707774134530792,95615,0,34,23,52,5890,15,7,0,2749,7200,60,255,1
1767763818.697683,9124707774134530792,95651,0,34,23,52,5890,15,7,0,2747,7200,60,255,1
1767763820.1874213,9124707774134530792,95683,0,34,23,52,5890,15,7,0,2746,7200,60,255,1
1767763821.1927247,9124707774134530792,95707,0,34,23,52,5890,15,7,0,2745,7200,60,255,1
1767763822.201512,9124707774134530792,95729,0,34,23,52,5890,15,7,0,2744,7200,60,255,1
1767763823.6874897,9124707774134530792,95762,0,34,23,52,5890,15,7,0,2742,7200,60,255,1
1767763824.6976676,9124707774134530792,95786,0,34,23,52,5890,15,7,0,2741,7200,60,255,1
1767763826.1963172,9124707774134530792,95821,0,34,23,52,5890,15,7,0,2740,7200,60,255,1
1767763827.2000623,9124707774134530792,95842,0,34,23,52,5890,15,7,0,2739,7200,60,255,1
1767763828.695397,9124707774134530792,95879,0,34,23,52,5890,15,7,0,2737,7200,60,255,1
1767763830.1994345,9124707774134530792,95913,0,34,23,52,5890,15,7,0,2736,7200,60,255,1
1767763831.6976235,9124707774134530792,95949,0,34,23,52,5890,15,7,0,2734,7200,60,255,1
1767763832.701248,9124707774134530792,95971,0,34,23,52,5890,15,7,0,2733,7200,60,255,1
1767763834.2008014,9124707774134530792,96004,0,34,23,52,5890,15,7,0,2732,7200,60,255,1
1767763835.6857436,9124707774134530792,96036,0,34,23,52,5890,15,7,0,2730,7200,60,255,1
1767763836.6905012,9124707774134530792,96060,0,34,23,52,5890,15,7,0,2729,7200,60,255,1
1767763837.696349,9124707774134530792,96084,0,34,23,52,5890,15,7,0,2728,7200,60,255,1
1767763838.6990082,9124707774134530792,96106,0,34,23,52,5890,15,7,0,2727,7200,60,255,1
1767763840.1876655,9124707774134530792,96139,0,34,23,52,5890,15,7,0,2726,7200,60,255,1
1767763841.1929183,9124707774134530792,96163,0,34,23,52,5890,15,7,0,2725,7200,60,255,1
1767763842.1964352,9124707774134530792,96186,0,34,23,52,5890,15,7,0,2724,7200,60,255,1
1767763843.201386,9124707774134530792,96208,0,34,23,52,5890,15,7,0,2723,7200,60,255,1
1767763844.6901038,9124707774134530792,96243,0,34,23,52,5890,15,7,0,2721,7200,60,255,1
1767763845.6987529,9124707774134530792,96267,0,34,23,52,5890,15,7,0,2720,7200,60,255,1
1767763847.1970117,9124707774134530792,96302,0,34,23,52,5890,15,7,0,2719,7200,60,255,1
1767763848.2010965,9124707774134530792,96325,0,34,23,52,5890,15,7,0,2718,7200,60,255,1
1767763849.6873164,9124707774134530792,96360,0,34,23,52,5890,15,7,0,2716,7200,60,255,1
1767763850.6942537,9124707774134530792,96384,0,34,23,52,5890,15,7,0,2715,7200,60,255,1
1767763851.6970298,9124707774134530792,96407,0,34,23,52,5890,15,7,0,2714,7200,60,255,1
1767763853.1977973,9124707774134530792,96442,0,34,23,52,5890,15,7,0,2713,7200,60,255,1
1767763854.6854663,9124707774134530792,96476,0,34,23,52,5890,15,7,0,2711,7200,60,255,1
1767763855.6925006,9124707774134530792,96501,0,34,23,52,5890,15,7,0,2710,7200,60,255,1
1767763856.7006366,9124707774134530792,96524,0,34,23,52,5890,15,7,0,2709,7200,60,255,1
1767763858.1849031,9124707774134530792,96556,0,34,23,52,5890,15,7,0,2708,7200,60,255,1
1767763859.1923516,9124707774134530792,96579,0,34,23,52,5890,15,7,0,2707,7200,60,255,1
1767763860.6978707,9124707774134530792,96614,0,34,23,52,5890,15,7,0,2705,7200,60,255,1
1767763862.1949277,9124707774134530792,96650,0,34,23,52,5890,15,7,0,2704,7200,60,255,1
1767763863.6972241,9124707774134530792,96684,0,34,23,52,5890,15,7,0,2702,7200,60,255,1
1767763865.1988933,9124707774134530792,96717,0,34,23,52,5890,15,7,0,2701,7200,60,255,1
1767763866.698723,9124707774134530792,96753,0,34,23,52,5890,15,7,0,2699,7200,60,255,1
1767763868.1999764,9124707774134530792,96787,0,34,23,52,5890,15,7,0,2698,7200,60,255,1
1767763869.685505,9124707774134530792,96821,0,34,23,52,5890,15,7,0,2696,7200,60,255,1
1767763870.6918705,9124707774134530792,96845,0,34,23,52,5890,15,7,0,2695,7200,60,255,1
1767763871.694662,9124707774134530792,96869,0,34,23,52,5890,15,7,0,2694,7200,60,255,1
1767763872.6991413,9124707774134530792,96892,0,34,23,52,5890,15,7,0,2693,7200,60,255,1
1767763874.2002099,9124707774134530792,96926,0,34,23,52,5890,15,7,0,2692,7200,60,255,1
1767763875.6900315,9124707774134530792,96959,0,34,23,52,5890,15,7,0,2690,7200,60,255,1
1767763876.6951392,9124707774134530792,96982,0,34,23,52,5890,15,7,0,2689,7200,60,255,1
1767763877.701478,9124707774134530792,97004,0,34,23,52,5890,15,7,0,2688,7200,60,255,1
1767763879.201469,9124707774134530792,97038,0,34,23,52,5890,15,7,0,2687,7200,60,255,1
1767763880.6903062,9124707774134530792,97071,0,34,23,52,5890,15,7,0,2685,7200,60,255,1
1767763881.6977978,9124707774134530792,97095,0,34,23,52,5890,15,7,0,2684,7200,60,255,1
1767763883.1948628,9124707774134530792,97130,0,34,23,52,5890,15,7,0,2683,7200,60,255,1
1767763884.1979525,9124707774134530792,97153,0,34,23,52,5890,15,7,0,2682,7200,60,255,1
1767763885.7015913,9124707774134530792,97186,0,34,23,52,5890,15,7,0,2680,7200,60,255,1
1767763887.2016,9124707774134530792,97220,0,34,23,52,5890,15,7,0,2679,7200,60,255,1
1767763888.6979277,9124707774134530792,97254,0,34,23,52,5890,15,7,0,2677,7200,60,255,1
1767763890.1875763,9124707774134530792,97287,0,34,23,52,5890,15,7,0,2676,7200,60,255,1
1767763891.193397,9124707774134530792,97312,0,34,23,52,5890,15,7,0,2675,7200,60,255,1
1767763892.198253,9124707774134530792,97334,0,34,23,52,5890,15,7,0,2674,7200,60,255,1
1767763893.2009683,9124707774134530792,97356,0,34,23,52,5890,15,7,0,2673,7200,60,255,1
1767763894.6879692,9124707774134530792,97390,0,34,23,52,5890,15,7,0,2671,7200,60,255,1
1767763895.6946929,9124707774134530792,97415,0,34,23,52,5890,15,7,0,2670,7200,60,255,1
1767763896.6998475,9124707774134530792,97437,0,34,23,52,5890,15,7,0,2669,7200,60,255,1
1767763898.1909924,9124707774134530792,97470,0,34,23,52,5890,15,7,0,2668,7200,60,255,1
1767763899.197318,9124707774134530792,97494,0,34,23,52,5890,15,7,0,2667,7200,60,255,1
1767763900.685353,9124707774134530792,97527,0,34,23,52,5890,15,7,0,2665,7200,60,255,1
1767763901.6904058,9124707774134530792,97551,0,34,23,52,5890,15,7,0,2664,7200,60,255,1
1767763903.189797,9124707774134530792,97585,0,34,23,52,5890,15,7,0,2663,7200,60,255,1
1767763904.192355,9124707774134530792,97608,0,34,23,52,5890,15,7,0,2662,7200,60,255,1
1767763905.2011194,9124707774134530792,97629,0,34,23,52,5890,15,7,0,2661,7200,60,255,1
1767763906.6879518,9124707774134530792,97665,0,34,23,52,5890,15,7,0,2659,7200,60,255,1
1767763907.6901784,9124707774134530792,97688,0,34,23,52,5890,15,7,0,2658,7200,60,255,1
1767763908.6917987,9124707774134530792,97711,0,34,23,52,5890,15,7,0,2657,7200,60,255,1
1767763909.6954982,9124707774134530792,97734,0,34,23,52,5890,15,7,0,2656,7200,60,255,1
1767763910.6980789,9124707774134530792,97756,0,34,23,52,5890,15,7,0,2655,7200,60,255,1
1767763911.6985407,9124707774134530792,97778,0,34,23,52,5890,15,7,0,2654,7200,60,255,1
1767763912.7014425,9124707774134530792,97800,0,34,23,52,5890,15,7,0,2653,7200,60,255,1
1767763914.185639,9124707774134530792,97836,0,34,23,52,5890,15,7,0,2652,7200,60,255,1
1767763915.191333,9124707774134530792,97859,0,34,23,52,5890,15,7,0,2651,7200,60,255,1
1767763916.6917639,9124707774134530792,97893,0,34,23,52,5890,15,7,0,2649,7200,60,255,1
1767763917.6952147,9124707774134530792,97916,0,34,23,52,5890,15,7,0,2648,7200,60,255,1
1767763919.1958027,9124707774134530792,97951,0,34,23,52,5890,15,7,0,2647,7200,60,255,1
1767763920.2012644,9124707774134530792,97974,0,34,23,52,5890,15,7,0,2646,7200,60,255,1
1767763921.699885,9124707774134530792,98008,0,34,23,52,5890,15,7,0,2644,7200,60,255,1
1767763923.1988492,9124707774134530792,98043,0,34,23,52,5890,15,7,0,2643,7200,60,255,1
1767763924.7016103,9124707774134530792,98077,0,34,23,52,5890,15,7,0,2641,7200,60,255,1
1767763926.1997566,9124707774134530792,98111,0,34,23,52,5890,15,7,0,2640,7200,60,255,1
1767763927.6980102,9124707774134530792,98146,0,34,23,52,5890,15,7,0,2638,7200,60,255,1
1767763929.198962,9124707774134530792,98180,0,34,23,52,5890,15,7,0,2637,7200,60,255,1
1767763930.6870031,9124707774134530792,98217,0,34,23,52,5890,15,7,0,2635,7200,60,255,1
1767763931.6885133,9124707774134530792,98240,0,34,23,52,5890,15,7,0,2634,7200,60,255,1
1767763933.1989233,9124707774134530792,98276,0,34,23,52,5890,15,7,0,2633,7200,60,255,1
1767763934.2013981,9124707774134530792,98298,0,34,23,52,5890,15,7,0,2632,7200,60,255,1
1767763935.6884623,9124707774134530792,98331,0,34,23,52,5890,15,7,0,2630,7200,60,255,1
1767763936.6933038,9124707774134530792,98356,0,34,23,52,5890,15,7,0,2629,7200,60,255,1
1767763937.697648,9124707774134530792,98379,0,34,23,52,5890,15,7,0,2628,7200,60,255,1
1767763938.7002537,9124707774134530792,98400,0,34,23,52,5890,15,7,0,2627,7200,60,255,1
1767763940.1846802,9124707774134530792,98433,0,34,23,52,5890,15,7,0,2626,7200,60,255,1
1767763941.190866,9124707774134530792,98456,0,34,23,52,5890,15,7,0,2625,7200,60,255,1
1767763942.193137,9124707774134530792,98480,0,34,23,52,5890,15,7,0,2624,7200,60,255,1
1767763943.1987216,9124707774134530792,98503,0,34,23,52,5890,15,7,0,2623,7200,60,255,1
1767763944.7017193,9124707774134530792,98538,0,34,23,52,5890,15,7,0,2621,7200,60,255,1
1767763946.2005596,9124707774134530792,98572,0,34,23,52,5890,15,7,0,2620,7200,60,255,1
1767763947.6975296,9124707774134530792,98607,0,34,23,52,5890,15,7,0,2618,7200,60,255,1
1767763948.701951,9124707774134530792,98628,0,34,23,52,5890,15,7,0,2617,7200,60,255,1
1767763950.1907468,9124707774134530792,98662,0,34,23,52,5890,15,7,0,2616,7200,60,255,1
1767763951.1962926,9124707774134530792,98684,0,34,23,52,5890,15,7,0,2615,7200,60,255,1
1767763952.2010696,9124707774134530792,98706,0,34,23,52,5890,15,7,0,2614,7200,60,255,1
1767763953.7013733,9124707774134530792,98739,0,34,23,52,5890,15,7,0,2612,7200,60,255,1
1767763955.189046,9124707774134530792,98770,0,34,23,52,5890,15,7,0,2611,7200,60,255,1
1767763956.1932292,9124707774134530792,98794,0,34,23,52,5890,15,7,0,2610,7200,60,255,1
1767763957.1963124,9124707774134530792,98817,0,34,23,52,5890,15,7,0,2609,7200,60,255,1
1767763958.200128,9124707774134530792,98839,0,34,23,52,5890,15,7,0,2608,7200,60,255,1
1767763959.2008839,9124707774134530792,98862,0,34,23,52,5890,15,7,0,2607,7200,60,255,1
1767763960.70001,9124707774134530792,98896,0,34,23,52,5890,15,7,0,2605,7200,60,255,1
1767763962.1973004,9124707774134530792,98932,0,34,23,52,5890,15,7,0,2604,7200,60,255,1
1767763963.201418,9124707774134530792,98953,0,34,23,52,5890,15,7,0,2603,7200,60,255,1
1767763964.6876967,9124707774134530792,98987,0,34,23,52,5890,15,7,0,2601,7200,60,255,1
1767763965.6928945,9124707774134530792,99011,0,34,23,52,5890,15,7,0,2600,7200,60,255,1
1767763966.6955178,9124707774134530792,99034,0,34,23,52,5890,15,7,0,2599,7200,60,255,1
1767763967.697693,9124707774134530792,99056,0,34,23,52,5890,15,7,0,2598,7200,60,255,1
1767763968.7007372,9124707774134530792,99078,0,34,23,52,5890,15,7,0,2597,7200,60,255,1
1767763970.1871674,9124707774134530792,99110,0,34,23,52,5890,15,7,0,2596,7200,60,255,1
1767763971.1904097,9124707774134530792,99133,0,34,23,52,5890,15,7,0,2595,7200,60,255,1
1767763972.194226,9124707774134530792,99158,0,34,23,52,5890,15,7,0,2594,7200,60,255,1
1767763973.1979074,9124707774134530792,99180,0,34,23,52,5890,15,7,0,2593,7200,60,255,1
1767763974.2003953,9124707774134530792,99203,0,34,23,52,5890,15,7,0,2592,7200,60,255,1
1767763975.6997755,9124707774134530792,99238,0,34,23,52,5890,15,7,0,2590,7200,60,255,1
1767763977.1949003,9124707774134530792,99273,0,34,23,52,5890,15,7,0,2589,7200,60,255,1
1767763978.1984925,9124707774134530792,99295,0,34,23,52,5890,15,7,0,2588,7200,60,255,1
1767763979.6946898,9124707774134530792,99331,0,34,23,52,5890,15,7,0,2586,7200,60,255,1
1767763981.1963356,9124707774134530792,99365,0,34,23,52,5890,15,7,0,2585,7200,60,255,1
1767763982.200152,9124707774134530792,99386,0,34,23,52,5890,15,7,0,2584,7200,60,255,1
1767763983.201437,9124707774134530792,99408,0,34,23,52,5890,15,7,0,2583,7200,60,255,1
1767763984.6972642,9124707774134530792,99444,0,34,23,52,5890,15,7,0,2581,7200,60,255,1
1767763986.199939,9124707774134530792,99478,0,34,23,52,5890,15,7,0,2580,7200,60,255,1
1767763987.6963603,9124707774134530792,99514,0,34,23,52,5890,15,7,0,2578,7200,60,255,1
1767763988.7005622,9124707774134530792,99536,0,34,23,52,5890,15,7,0,2577,7200,60,255,1
1767763990.2016985,9124707774134530792,99569,0,34,23,52,5890,15,7,0,2576,7200,60,255,1
1767763991.6976607,9124707774134530792,99606,0,34,23,52,5890,15,7,0,2574,7200,60,255,1
1767763993.193312,9124707774134530792,99640,0,34,23,52,5890,15,7,0,2573,7200,60,255,1
1767763994.197185,9124707774134530792,99663,0,34,23,52,5890,15,7,0,2572,7200,60,255,1
1767763995.699779,9124707774134530792,99696,0,34,23,52,5890,15,7,0,2570,7200,60,255,1
1767763997.1988535,9124707774134530792,99730,0,34,23,52,5890,15,7,0,2569,7200,60,255,1
1767763998.699129,9124707774134530792,99764,0,34,23,52,5890,15,7,0,2567,7200,60,255,1
1767764000.2021365,9124707774134530792,99798,0,34,23,52,5890,15,7,0,2566,7200,60,255,1
1767764001.6981184,9124707774134530792,99834,0,34,23,52,5890,15,7,0,2564,7200,60,255,1
1767764002.7004309,9124707774134530792,99856,0,34,23,52,5890,15,7,0,2563,7200,60,255,1
1767764004.1989763,9124707774134530792,99891,0,34,23,52,5890,15,7,0,2562,7200,60,255,1
1767764005.698819,9124707774134530792,99924,0,34,23,52,5890,15,7,0,2560,7200,60,255,1
1767764006.7009773,9124707774134530792,99945,0,34,23,52,5890,15,7,0,2559,7200,60,255,1
1767764008.1978977,9124707774134530792,99980,0,34,23,52,5890,15,7,0,2558,7200,60,255,1
1767764009.1990604,9124707774134530792,100001,0,34,23,52,5890,15,7,0,2557,7200,60,255,1
1767764010.7017124,9124707774134530792,100034,0,34,23,52,5890,15,7,0,2555,7200,60,255,1
1767764012.197577,9124707774134530792,100071,0,34,23,52,5890,15,7,0,2554,7200,60,255,1
1767764013.2006881,9124707774134530792,100094,0,34,23,52,5890,15,7,0,2553,7200,60,255,1
1767764014.6945596,9124707774134530792,100130,0,34,23,52,5890,15,7,0,2551,7200,60,255,1
1767764016.1941133,9124707774134530792,100166,0,34,23,52,5890,15,7,0,2550,7200,60,255,1
1767764017.1960511,9124707774134530792,100189,0,34,23,52,5890,15,7,0,2549,7200,60,255,1
1767764018.1977975,9124707774134530792,100211,0,34,23,52,5890,15,7,0,2548,7200,60,255,1
1767764019.2018428,9124707774134530792,100234,0,34,23,52,5890,15,7,0,2547,7200,60,255,1
1767764020.6857765,9124707774134530792,100269,0,34,23,52,5890,15,7,0,2545,7200,60,255,1
1767764021.6915498,9124707774134530792,100293,0,34,23,52,5890,15,7,0,2544,7200,60,255,1
1767764022.6942773,9124707774134530792,100316,0,34,23,52,5890,15,7,0,2543,7200,60,255,1
1767764023.7001374,9124707774134530792,100338,0,34,23,52,5890,15,7,0,2542,7200,60,255,1
1767764025.1857762,9124707774134530792,100372,0,34,23,52,5890,15,7,0,2541,7200,60,255,1
1767764026.1900086,9124707774134530792,100396,0,34,23,52,5890,15,7,0,2540,7200,60,255,1
1767764027.196029,9124707774134530792,100420,0,34,23,52,5890,15,7,0,2539,7200,60,255,1
1767764028.2003906,9124707774134530792,100442,0,34,23,52,5890,15,7,0,2538,7200,60,255,1
1767764029.7013893,9124707774134530792,100477,0,34,23,52,5890,15,7,0,2536,7200,60,255,1
1767764031.1999454,9124707774134530792,100510,0,34,23,52,5890,15,7,0,2535,7200,60,255,1
1767764032.6993318,9124707774134530792,100546,0,34,23,52,5890,15,7,0,2533,7200,60,255,1
1767764034.1969483,9124707774134530792,100582,0,34,23,52,5890,15,7,0,2532,7200,60,255,1
1767764035.7018907,9124707774134530792,100615,0,34,23,52,5890,15,7,0,2530,7200,60,255,1
1767764037.1990879,9124707774134530792,100648,0,34,23,52,5890,15,7,0,2529,7200,60,255,1
1767764038.6978369,9124707774134530792,100685,0,34,23,52,5890,15,7,0,2527,7200,60,255,1
1767764040.1860137,9124707774134530792,100718,0,34,23,52,5890,15,7,0,2526,7200,60,255,1
1767764041.1926677,9124707774134530792,100742,0,34,23,52,5890,15,7,0,2525,7200,60,255,1
1767764042.196995,9124707774134530792,100764,0,34,23,52,5890,15,7,0,2524,7200,60,255,1
1767764043.7005603,9124707774134530792,100799,0,34,23,52,5890,15,7,0,2522,7200,60,255,1
1767764045.186978,9124707774134530792,100833,0,34,23,52,5890,15,7,0,2521,7200,60,255,1
1767764046.1956742,9124707774134530792,100857,0,34,23,52,5890,15,7,0,2520,7200,60,255,1
1767764047.2002368,9124707774134530792,100878,0,34,23,52,5890,15,7,0,2519,7200,60,255,1
1767764048.700871,9124707774134530792,100912,0,34,23,52,5890,15,7,0,2517,7200,60,255,1
1767764050.1841068,9124707774134530792,100947,0,34,23,52,5890,15,7,0,2516,7200,60,255,1
1767764051.1878746,9124707774134530792,100971,0,34,23,52,5890,15,7,0,2515,7200,60,255,1
1767764052.1924446,9124707774134530792,100994,0,34,23,52,5890,15,7,0,2514,7200,60,255,1
1767764053.1989684,9124707774134530792,101017,0,34,23,52,5890,15,7,0,2513,7200,60,255,1
1767764054.6977198,9124707774134530792,101053,0,34,23,52,5890,15,7,0,2511,7200,60,255,1
1767764056.200474,9124707774134530792,101086,0,34,23,52,5890,15,7,0,2510,7200,60,255,1
1767764057.6975539,9124707774134530792,101120,0,34,23,52,5890,15,7,0,2508,7200,60,255,1
1767764059.197035,9124707774134530792,101158,0,34,23,52,5890,15,7,0,2507,7200,60,255,1
1767764060.6980953,9124707774134530792,101193,0,34,23,52,5890,15,7,0,2505,7200,60,255,1
1767764062.1986141,9124707774134530792,101228,0,34,23,52,5890,15,7,0,2504,7200,60,255,1
1767764063.2022328,9124707774134530792,101249,0,34,23,52,5890,15,7,0,2503,7200,60,255,1
1767764064.7013159,9124707774134530792,101283,0,34,23,52,5890,15,7,0,2501,7200,60,255,1
1767764066.1861527,9124707774134530792,101317,0,34,23,52,5890,15,7,0,2500,7200,60,255,1
1767764067.189381,9124707774134530792,101340,0,34,23,52,5890,15,7,0,2499,7200,60,255,1
1767764068.1944716,9124707774134530792,101365,0,34,23,52,5890,15,7,0,2498,7200,60,255,1
1767764069.1979625,9124707774134530792,101387,0,34,23,52,5890,15,7,0,2497,7200,60,255,1
1767764070.686241,9124707774134530792,101423,0,34,23,52,5890,15,7,0,2495,7200,60,255,1
1767764071.6902454,9124707774134530792,101445,0,34,23,52,5890,15,7,0,2494,7200,60,255,1
1767764072.693287,9124707774134530792,101469,0,34,23,52,5890,15,7,0,2493,7200,60,255,1
1767764073.6976197,9124707774134530792,101492,0,34,23,52,5890,15,7,0,2492,7200,60,255,1
1767764074.7018235,9124707774134530792,101514,0,34,23,52,5890,15,7,0,2491,7200,60,255,1
1767764076.189944,9124707774134530792,101546,0,34,23,52,5890,15,7,0,2490,7200,60,255,1
1767764077.1934383,9124707774134530792,101571,0,34,23,52,5890,15,7,0,2489,7200,60,255,1
1767764078.1968713,9124707774134530792,101594,0,34,23,52,5890,15,7,0,2488,7200,60,255,1
1767764079.6972706,9124707774134530792,101629,0,34,23,52,5890,15,7,0,2486,7200,60,255,1
1767764081.2003615,9124707774134530792,101662,0,34,23,52,5890,15,7,0,2485,7200,60,255,1
1767764082.7025042,9124707774134530792,101694,0,34,23,52,5890,15,7,0,2483,7200,60,255,1
1767764084.199036,9124707774134530792,101728,0,34,23,52,5890,15,7,0,2482,7200,60,255,1
1767764085.6849892,9124707774134530792,101762,0,34,23,52,5890,15,7,0,2480,7200,60,255,1
1767764086.6890864,9124707774134530792,101785,0,34,23,52,5890,15,7,0,2479,7200,60,255,1
1767764087.6912632,9124707774134530792,101809,0,34,23,52,5890,15,7,0,2478,7200,60,255,1
1767764088.6971657,9124707774134530792,101835,0,34,23,52,5890,15,7,0,2477,7200,60,255,1
1767764089.7025468,9124707774134530792,101856,0,34,23,52,5890,15,7,0,2476,7200,60,255,1
1767764091.1872087,9124707774134530792,101890,0,34,23,52,5890,15,7,0,2475,7200,60,255,1
1767764092.1890862,9124707774134530792,101914,0,34,23,52,5890,15,7,0,2474,7200,60,255,1
1767764093.1950502,9124707774134530792,101938,0,34,23,52,5890,15,7,0,2473,7200,60,255,1
1767764094.1991045,9124707774134530792,101960,0,34,23,52,5890,15,7,0,2472,7200,60,255,1
1767764095.7005026,9124707774134530792,101996,0,34,23,52,5890,15,7,0,2470,7200,60,255,1
1767764097.2000227,9124707774134530792,102030,0,34,23,52,5890,15,7,0,2469,7200,60,255,1
1767764098.6975667,9124707774134530792,102065,0,34,23,52,5890,15,7,0,2467,7200,60,255,1
1767764099.7021573,9124707774134530792,102088,0,34,23,52,5890,15,7,0,2466,7200,60,255,1
1767764101.1991177,9124707774134530792,102122,0,34,23,52,5890,15,7,0,2465,7200,60,255,1
1767764102.2007234,9124707774134530792,102145,0,34,23,52,5890,15,7,0,2464,7200,60,255,1
1767764103.694241,9124707774134530792,102179,0,34,23,52,5890,15,7,0,2462,7200,60,255,1
1767764104.6993022,9124707774134530792,102202,0,34,23,52,5890,15,7,0,2461,7200,60,255,1
1767764106.2012808,9124707774134530792,102234,0,34,23,52,5890,15,7,0,2460,7200,60,255,1
1767764107.6938317,9124707774134530792,102268,0,34,23,52,5890,15,7,0,2458,7200,60,255,1
1767764108.6957333,9124707774134530792,102292,0,34,23,52,5890,15,7,0,2457,7200,60,255,1
1767764109.6972375,9124707774134530792,102316,0,34,23,52,5890,15,7,0,2456,7200,60,255,1
1767764111.1954114,9124707774134530792,102350,0,34,23,52,5890,15,7,0,2455,7200,60,255,1
1767764112.1956851,9124707774134530792,102374,0,34,23,52,5890,15,7,0,2454,7200,60,255,1
1767764113.200808,9124707774134530792,102396,0,34,23,52,5890,15,7,0,2453,7200,60,255,1
1767764114.2024536,9124707774134530792,102420,0,34,23,52,5890,15,7,0,2452,7200,60,255,1
1767764115.6856825,9124707774134530792,102455,0,34,23,52,5890,15,7,0,2450,7200,60,255,1
1767764116.6868715,9124707774134530792,102478,0,34,23,52,5890,15,7,0,2449,7200,60,255,1
1767764117.6911461,9124707774134530792,102502,0,34,23,52,5890,15,7,0,2448,7200,60,255,1
1767764118.6950665,9124707774134530792,102525,0,34,23,52,5890,15,7,0,2447,7200,60,255,1
1767764119.6971989,9124707774134530792,102548,0,34,23,52,5890,15,7,0,2446,7200,60,255,1
1767764121.1989138,9124707774134530792,102581,0,34,23,52,5890,15,7,0,2445,7200,60,255,1
1767764122.201409,9124707774134530792,102603,0,34,23,52,5890,15,7,0,2444,7200,60,255,1
1767764123.696955,9124707774134530792,102638,0,34,23,52,5890,15,7,0,2442,7200,60,255,1
1767764124.7000358,9124707774134530792,102660,0,34,23,52,5890,15,7,0,2441,7200,60,255,1
1767764126.1874344,9124707774134530792,102694,0,34,23,52,5890,15,7,0,2440,7200,60,255,1
1767764127.1899197,9124707774134530792,102718,0,34,23,52,5890,15,7,0,2439,7200,60,255,1
1767764128.1930728,9124707774134530792,102742,0,34,23,52,5890,15,7,0,2438,7200,60,255,1
1767764129.194556,9124707774134530792,102765,0,34,23,52,5890,15,7,0,2437,7200,60,255,1
1767764130.6949546,9124707774134530792,102801,0,34,23,52,5890,15,7,0,2435,7200,60,255,1
1767764131.6992412,9124707774134530792,102823,0,34,23,52,5890,15,7,0,2434,7200,60,255,1
1767764133.193157,9124707774134530792,102859,0,34,23,52,5890,15,7,0,2433,7200,60,255,1
1767764134.197796,9124707774134530792,102882,0,34,23,52,5890,15,7,0,2432,7200,60,255,1
1767764135.6958454,9124707774134530792,102917,0,34,23,52,5890,15,7,0,2430,7200,60,255,1
1767764136.6999345,9124707774134530792,102939,0,34,23,52,5890,15,7,0,2429,7200,60,255,1
1767764138.1985688,9124707774134530792,102974,0,34,23,52,5890,15,7,0,2428,7200,60,255,1
1767764139.6956146,9124707774134530792,103009,0,34,23,52,5890,15,7,0,2426,7200,60,255,1
1767764141.1951895,9124707774134530792,103042,0,34,23,52,5890,15,7,0,2425,7200,60,255,1
1767764142.1969733,9124707774134530792,103066,0,34,23,52,5890,15,7,0,2424,7200,60,255,1
1767764143.1999257,9124707774134530792,103087,0,34,23,52,5890,15,7,0,2423,7200,60,255,1
1767764144.2008615,9124707774134530792,103109,0,34,23,52,5890,15,7,0,179,7200,60,255,1
1767764145.6997716,9124707774134530792,103144,0,34,23,52,5890,15,7,0,178,7200,60,255,1
1767764147.185462,9124707774134530792,103179,0,34,23,52,5890,15,7,0,176,7200,60,255,1
1767764148.1870074,9124707774134530792,103203,0,34,23,52,5890,15,7,0,175,7200,60,255,1
1767764149.1871867,9124707774134530792,103227,0,34,23,52,5890,15,7,0,174,7200,60,255,1
1767764150.193849,9124707774134530792,103251,0,34,23,52,5890,15,7,0,173,7200,60,255,1
1767764151.1946292,9124707774134530792,103274,0,34,23,52,5890,15,7,0,172,7200,60,255,1
1767764152.194792,9124707774134530792,103296,0,34,23,52,5890,15,7,0,171,7200,60,255,1
1767764153.1959236,9124707774134530792,103318,0,34,23,52,5890,15,7,0,170,7200,60,255,1
1767764154.694475,9124707774134530792,103353,0,34,23,52,5890,15,7,0,169,7200,60,255,1
1767764155.7005138,9124707774134530792,103375,0,34,23,52,5890,15,7,0,168,7200,60,255,1
1767764157.1846485,9124707774134530792,103408,0,34,23,52,5890,15,7,0,166,7200,60,255,1
1767764158.1853878,9124707774134530792,103433,0,34,23,52,5890,15,7,0,165,7200,60,255,1
1767764159.187644,9124707774134530792,103457,0,34,23,52,5890,15,7,0,164,7200,60,255,1
1767764160.1934774,9124707774134530792,103481,0,34,23,52,5890,15,7,0,163,7200,60,255,1
1767764161.6920722,9124707774134530792,103515,0,34,23,52,5890,15,7,0,162,7200,60,255,1
1767764162.6923447,9124707774134530792,103537,0,34,23,52,5890,15,7,0,161,7200,60,255,1
1767764163.69278,9124707774134530792,103560,0,34,23,52,5890,15,7,0,160,7200,60,255,1
1767764165.1911802,9124707774134530792,103593,0,34,23,52,5890,15,7,0,158,7200,60,255,1
1767764166.199481,9124707774134530792,103616,0,34,23,52,5890,15,7,0,157,7200,60,255,1
1767764167.1997032,9124707774134530792,103639,0,34,23,52,5890,15,7,0,156,7200,60,255,1
1767764168.6844747,9124707774134530792,103674,0,34,23,52,5890,15,7,0,155,7200,60,255,1
1767764169.6855528,9124707774134530792,103699,0,34,23,52,5890,15,7,0,154,7200,60,255,1
1767764170.6934261,9124707774134530792,103723,0,34,23,52,5890,15,7,0,153,7200,60,255,1
1767764171.6962078,9124707774134530792,103746,0,34,23,52,5890,15,7,0,152,7200,60,255,1
1767764172.6978335,9124707774134530792,103768,0,34,23,52,5890,15,7,0,151,7200,60,255,1
1767764173.700502,9124707774134530792,103790,0,34,23,52,5890,15,7,0,150,7200,60,255,1
1767764174.700589,9124707774134530792,103812,0,34,23,52,5890,15,7,0,149,7200,60,255,1
1767764176.1928027,9124707774134530792,103846,0,34,23,52,5890,15,7,0,147,7200,60,255,1
1767764177.1948683,9124707774134530792,103868,0,34,23,52,5890,15,7,0,146,7200,60,255,1
1767764178.1958368,9124707774134530792,103890,0,34,23,52,5890,15,7,0,145,7200,60,255,1
1767764179.6977782,9124707774134530792,103923,0,34,23,52,5890,15,7,0,144,7200,60,255,1
1767764181.187673,9124707774134530792,103958,0,34,23,52,5890,15,7,0,142,7200,60,255,1
1767764182.1886876,9124707774134530792,103982,0,34,23,52,5890,15,7,0,141,7200,60,255,1
1767764183.1920736,9124707774134530792,104005,0,34,23,52,5890,15,7,0,140,7200,60,255,1
1767764184.6959252,9124707774134530792,104040,0,34,23,52,5890,15,7,0,139,7200,60,255,1
1767764186.1969655,9124707774134530792,104074,0,34,23,52,5890,15,7,0,137,7200,60,255,1
1767764187.1990016,9124707774134530792,104097,0,34,23,52,5890,15,7,0,136,7200,60,255,1
1767764188.6952991,9124707774134530792,104132,0,34,23,52,5890,15,7,0,135,7200,60,255,1
1767764189.7011483,9124707774134530792,104155,0,34,23,52,5890,15,7,0,134,7200,60,255,1
1767764191.1871452,9124707774134530792,104189,0,34,23,52,5890,15,7,0,132,7200,60,255,1
1767764192.1876786,9124707774134530792,104213,0,34,23,52,5890,15,7,0,131,7200,60,255,1
1767764193.1901853,9124707774134530792,104236,0,34,23,52,5890,15,7,0,130,7200,60,255,1
1767764194.1932366,9124707774134530792,104260,0,34,23,52,5890,15,7,0,129,7200,60,255,1
1767764195.1935153,9124707774134530792,104283,0,34,23,52,5890,15,7,0,128,7200,60,255,1
1767764196.199971,9124707774134530792,104306,0,34,23,52,5890,15,7,0,127,7200,60,255,1
1767764197.202385,9124707774134530792,104328,0,34,23,52,5890,15,7,0,126,7200,60,255,1
1767764198.6969662,9124707774134530792,104365,0,34,23,52,5890,15,7,0,125,7200,60,255,1
1767764199.6980805,9124707774134530792,104387,0,34,23,52,5890,15,7,0,124,7200,60,255,1
1767764201.197523,9124707774134530792,104421,0,34,23,52,5890,15,7,0,122,7200,60,255,1
1767764202.2005434,9124707774134530792,104443,0,34,23,52,5890,15,7,0,121,7200,60,255,1
1767764203.697966,9124707774134530792,104478,0,34,23,52,5890,15,7,0,120,7200,60,255,1
1767764204.6994562,9124707774134530792,104500,0,34,23,52,5890,15,7,0,119,7200,60,255,1
1767764206.2009318,9124707774134530792,104534,0,34,23,52,5890,15,7,0,117,7200,60,255,1
1767764207.6971846,9124707774134530792,104568,0,34,23,52,5890,15,7,0,116,7200,60,255,1
1767764208.7015831,9124707774134530792,104590,0,34,23,52,5890,15,7,0,115,7200,60,255,1
1767764210.1988795,9124707774134530792,104626,0,34,23,52,5890,15,7,0,113,7200,60,255,1
1767764211.7002451,9124707774134530792,104660,0,34,23,52,5890,15,7,0,112,7200,60,255,1
1767764213.199078,9124707774134530792,104696,0,34,23,52,5890,15,7,0,110,7200,60,255,1
1767764214.200042,9124707774134530792,104719,0,34,23,52,5890,15,7,0,109,7200,60,255,1
1767764215.699833,9124707774134530792,104752,0,34,23,52,5890,15,7,0,108,7200,60,255,1
1767764217.1977613,9124707774134530792,104787,0,34,23,52,5890,15,7,0,106,7200,60,255,1
1767764218.2025752,9124707774134530792,104809,0,34,23,52,5890,15,7,0,105,7200,60,255,1
1767764219.6972268,9124707774134530792,104845,0,34,23,52,5890,15,7,0,104,7200,60,255,1
1767764221.1976032,9124707774134530792,104881,0,34,23,52,5890,15,7,0,102,7200,60,255,1
1767764222.2020044,9124707774134530792,104904,0,34,23,52,5890,15,7,0,101,7200,60,255,1
1767764223.6991017,9124707774134530792,104939,0,34,23,52,5890,15,7,0,100,7200,60,255,1
1767764224.7016776,9124707774134530792,104961,0,34,23,52,5890,15,7,0,99,7200,60,255,1
1767764226.2021556,9124707774134530792,104997,0,34,23,52,5890,15,7,0,97,7200,60,255,1
1767764227.6964185,9124707774134530792,105033,0,34,23,52,5890,15,7,0,96,7200,60,255,1
1767764228.6986961,9124707774134530792,105056,0,34,23,52,5890,15,7,0,95,7200,60,255,1
1767764230.1954136,9124707774134530792,105092,0,34,23,52,5890,15,7,0,93,7200,60,255,1
1767764231.2013412,9124707774134530792,105115,0,34,23,52,5890,15,7,0,92,7200,60,255,1
1767764232.6959276,9124707774134530792,105151,0,34,23,52,5890,15,7,0,91,7200,60,255,1
1767764233.6977952,9124707774134530792,105173,0,34,23,52,5890,15,7,0,90,7200,60,255,1
1767764234.7000349,9124707774134530792,105196,0,34,23,52,5890,15,7,0,89,7200,60,255,1
1767764236.1987891,9124707774134530792,105230,0,34,23,52,5890,15,7,0,87,7200,60,255,1
1767764237.2016964,9124707774134530792,105252,0,34,23,52,5890,15,7,0,86,7200,60,255,1
1767764238.6977165,9124707774134530792,105287,0,34,23,52,5890,15,7,0,85,7200,60,255,1
1767764239.6990612,9124707774134530792,105309,0,34,23,52,5890,15,7,0,84,7200,60,255,1
1767764241.2006567,9124707774134530792,105343,0,34,23,52,5890,15,7,0,82,7200,60,255,1
1767764242.6976807,9124707774134530792,105378,0,34,23,52,5890,15,7,0,81,7200,60,255,1
1767764243.701345,9124707774134530792,105400,0,34,23,52,5890,15,7,0,80,7200,60,255,1
1767764245.1925685,9124707774134530792,105435,0,34,23,52,5890,15,7,0,78,7200,60,255,1
1767764246.1993968,9124707774134530792,105459,0,34,23,52,5890,15,7,0,77,7200,60,255,1
1767764247.2006664,9124707774134530792,105482,0,34,23,52,5890,15,7,0,76,7200,60,255,1
1767764248.2022607,9124707774134530792,105504,0,34,23,52,5890,15,7,0,75,7200,60,255,1
1767764249.6951616,9124707774134530792,105539,0,34,23,52,5890,15,7,0,74,7200,60,255,1
1767764251.197082,9124707774134530792,105573,0,34,23,52,5890,15,7,0,72,7200,60,255,1
1767764252.19892,9124707774134530792,105594,0,34,23,52,5890,15,7,0,71,7200,60,255,1
1767764253.6943986,9124707774134530792,105629,0,34,23,52,5890,15,7,0,70,7200,60,255,1
1767764254.695755,9124707774134530792,105654,0,34,23,52,5890,15,7,0,69,7200,60,255,1
1767764256.1952314,9124707774134530792,105689,0,34,23,52,5890,15,7,0,67,7200,60,255,1
1767764257.1971397,9124707774134530792,105713,0,34,23,52,5890,15,7,0,66,7200,60,255,1
1767764258.6939485,9124707774134530792,105749,0,34,23,52,5890,15,7,0,65,7200,60,255,1
1767764259.6948395,9124707774134530792,105772,0,34,23,52,5890,15,7,0,64,7200,60,255,1
1767764260.7013173,9124707774134530792,105794,0,34,23,52,5890,15,7,0,63,7200,60,255,1
1767764262.195321,9124707774134530792,105829,0,34,23,52,5890,15,7,0,61,7200,60,255,1
1767764263.1963463,9124707774134530792,105853,0,34,23,52,5890,15,7,0,60,7200,60,255,1
1767764264.1977437,9124707774134530792,105875,0,34,23,52,5890,15,7,0,59,7200,60,255,1
1767764265.1986163,9124707774134530792,105898,0,34,23,52,5890,15,7,0,58,7200,60,255,1
1767764266.6966934,9124707774134530792,105933,0,34,23,52,5890,15,7,0,57,7200,60,255,1
1767764267.6981251,9124707774134530792,105956,0,34,23,52,5890,15,7,0,56,7200,60,255,1
1767764268.7001522,9124707774134530792,105978,0,34,23,52,5890,15,7,0,55,7200,60,255,1
1767764270.1852403,9124707774134530792,106013,0,34,23,52,5890,15,7,0,53,7200,60,255,1
1767764271.1878688,9124707774134530792,106038,0,34,23,52,5890,15,7,0,52,7200,60,255,1
1767764272.6876676,9124707774134530792,106074,0,34,23,52,5890,15,7,0,51,7200,60,255,1
1767764274.1867843,9124707774134530792,106110,0,34,23,52,5890,15,7,0,49,7200,60,255,1
1767764275.1870184,9124707774134530792,106134,0,34,23,52,5890,15,7,0,48,7200,60,255,1
1767764276.1919932,9124707774134530792,106159,0,34,23,52,5890,15,7,0,47,7200,60,255,1
1767764277.1923938,9124707774134530792,106182,0,34,23,52,5890,15,7,0,46,7200,60,255,1
1767764278.6932273,9124707774134530792,106216,0,34,23,52,5890,15,7,0,45,7200,60,255,1
1767764279.6937509,9124707774134530792,106239,0,34,23,52,5890,15,7,0,44,7200,60,255,1
1767764280.6984074,9124707774134530792,106262,0,34,23,52,5890,15,7,0,43,7200,60,255,1
1767764281.6994739,9124707774134530792,106285,0,34,23,52,5890,15,7,0,42,7200,60,255,1
1767764282.7002828,9124707774134530792,106309,0,34,23,52,5890,15,7,0,41,7200,60,255,1
1767764283.7003307,9124707774134530792,106332,0,34,23,52,5890,15,7,0,40,7200,60,255,1
1767764284.701143,9124707774134530792,106354,0,34,23,52,5890,15,7,0,39,7200,60,255,1
1767764286.1905065,9124707774134530792,106390,0,34,23,52,5890,15,7,0,37,7200,60,255,1
1767764287.1927757,9124707774134530792,106412,0,34,23,52,5890,15,7,0,36,7200,60,255,1
1767764288.195916,9124707774134530792,106435,0,34,23,52,5890,15,7,0,35,7200,60,255,1
1767764289.197744,9124707774134530792,106457,0,34,23,52,5890,15,7,0,34,7200,60,255,1
1767764290.201563,9124707774134530792,106479,0,34,23,52,5890,15,7,0,33,7200,60,255,1
1767764291.6939077,9124707774134530792,106515,0,34,23,52,5890,15,7,0,32,7200,60,255,1
1767764292.697186,9124707774134530792,106538,0,34,23,52,5890,15,7,0,31,7200,60,255,1
1767764293.700702,9124707774134530792,106559,0,34,23,52,5890,15,7,0,30,7200,60,255,1
1767764295.1855776,9124707774134530792,106593,0,34,23,52,5890,15,7,0,28,7200,60,255,1
1767764296.1917684,9124707774134530792,106616,0,34,23,52,5890,15,7,0,27,7200,60,255,1
1767764297.6899478,9124707774134530792,106650,0,34,23,52,5890,15,7,0,26,7200,60,255,1
1767764298.6911607,9124707774134530792,106672,0,34,23,52,5890,15,7,0,25,7200,60,255,1
1767764299.693322,9124707774134530792,106695,0,34,23,52,5890,15,7,0,24,7200,60,255,1
1767764300.697911,9124707774134530792,106716,0,34,23,52,5890,15,7,0,23,7200,60,255,1
1767764301.6988823,9124707774134530792,106738,0,34,23,52,5890,15,7,0,22,7200,60,255,1
1767764303.2003095,9124707774134530792,106772,0,34,23,52,5890,15,7,0,20,7200,60,255,1
1767764304.6952605,9124707774134530792,106808,0,34,23,52,5890,15,7,0,19,7200,60,255,1
1767764306.195305,9124707774134530792,106844,0,34,23,52,5890,15,7,0,17,7200,60,255,1
1767764307.6878557,9124707774134530792,106877,0,34,23,52,5890,15,7,0,16,7200,60,255,1
1767764308.691409,9124707774134530792,106900,0,34,23,52,5890,15,7,0,15,7200,60,255,1
1767764309.692317,9124707774134530792,106924,0,34,23,52,5890,15,7,0,14,7200,60,255,1
1767764311.195179,9124707774134530792,106961,0,34,23,52,5890,15,7,0,12,7200,60,255,1
1767764312.1986442,9124707774134530792,106983,0,34,23,52,5890,15,7,0,11,7200,60,255,1
1767764313.695037,9124707774134530792,107020,0,34,23,52,5890,15,7,0,10,7200,60,255,1
1767764314.6954064,9124707774134530792,107043,0,34,23,52,5890,15,7,0,9,7200,60,255,1
1767764316.1977804,9124707774134530792,107078,0,34,23,52,5890,15,7,0,7,7200,60,255,1
1767764317.1992204,9124707774134530792,107100,0,34,23,52,5890,15,7,0,6,7200,60,255,1
1767764318.2016087,9124707774134530792,107122,0,34,23,52,5890,15,7,0,5,7200,60,255,1
1767764319.69776,9124707774134530792,107157,0,34,23,52,5890,15,7,0,4,7200,60,255,1
1767764321.1981697,9124707774134530792,107193,0,34,23,52,5890,15,7,0,2,7200,60,255,1
1767764322.1999736,9124707774134530792,107215,0,34,23,52,5890,15,7,0,1,7200,60,255,1
1767764323.6985917,9124707774134530792,107250,0,34,23,52,5890,15,7,0,0,7200,60,255,1
