timestamp,session_uid,frame,weather,track_temperature,air_temperature,total_laps,track_length,session_type,track_id,formula,session_time_left,session_duration,pit_speed_limit,safety_car_status,network_game
1763360921.5195515,3139107394136596315,0,0,19,15,50,6200,15,31,0,7200,7200,80,0,1
1763360922.5228553,3139107394136596315,20,0,19,15,50,6200,15,31,0,7200,7200,80,255,1
1763360923.5229993,3139107394136596315,40,0,15,12,50,6200,15,31,0,7200,7200,80,255,1
1763360924.5277758,3139107394136596315,60,0,15,12,50,6200,15,31,0,7200,7200,80,255,1
1763360926.030352,3139107394136596315,90,0,15,12,50,6200,15,31,0,7200,7200,80,255,1
1763360927.5188637,3139107394136596315,120,0,15,12,50,6200,15,31,0,7200,7200,80,255,1
1763360928.5265253,3139107394136596315,140,0,15,12,50,6200,15,31,0,7200,7200,80,255,1
1763360929.530148,3139107394136596315,160,0,15,12,50,6200,15,31,0,7199,7200,80,255,1
1763360931.017248,3139107394136596315,190,0,15,12,50,6200,15,31,0,7197,7200,80,255,1
1763360932.5226336,3139107394136596315,220,0,15,12,50,6200,15,31,0,7196,7200,80,255,1
1763360933.527791,3139107394136596315,240,0,15,12,50,6200,15,31,0,7195,7200,80,255,1
1763360934.5310075,3139107394136596315,260,0,15,12,50,6200,15,31,0,7194,7200,80,255,1
1763360936.0228333,3139107394136596315,290,0,15,12,50,6200,15,31,0,7192,7200,80,255,1
1763360937.0251932,3139107394136596315,310,0,15,12,50,6200,15,31,0,7191,7200,80,255,1
1763360938.0307093,3139107394136596315,330,0,15,12,50,6200,15,31,0,7190,7200,80,255,1
1763360939.5181425,3139107394136596315,360,0,15,12,50,6200,15,31,0,7189,7200,80,255,1
1763360940.5216646,3139107394136596315,380,0,15,12,50,6200,15,31,0,7188,7200,80,255,1
1763360942.024309,3139107394136596315,410,0,15,12,50,6200,15,31,0,7186,7200,80,255,1
1763360943.5267348,3139107394136596315,441,0,15,12,50,6200,15,31,0,7185,7200,80,255,1
1763360945.0301557,3139107394136596315,471,0,15,12,50,6200,15,31,0,7183,7200,80,255,1
1763360947.2738075,3139107394136596315,493,0,15,12,50,6200,15,31,0,7182,7200,80,255,1
1763360948.2818027,3139107394136596315,513,0,15,12,50,6200,15,31,0,7181,7200,80,255,1
1763360949.7824497,3139107394136596315,543,0,15,12,50,6200,15,31,0,7180,7200,80,255,1
1763360951.2852056,3139107394136596315,573,0,15,12,50,6200,15,31,0,7178,7200,80,255,1
1763360952.7812603,3139107394136596315,603,0,15,12,50,6200,15,31,0,7177,7200,80,255,1
1763360954.2828636,3139107394136596315,633,0,15,12,50,6200,15,31,0,7175,7200,80,255,1
1763360956.2230203,3139107394136596315,654,0,15,12,50,6200,15,31,0,7174,7200,80,255,1
1763360957.224193,3139107394136596315,674,0,15,12,50,6200,15,31,0,7173,7200,80,255,1
1763360958.724153,3139107394136596315,704,0,15,12,50,6200,15,31,0,7172,7200,80,255,1
1763360959.7316074,3139107394136596315,724,0,15,12,50,6200,15,31,0,7171,7200,80,255,1
1763360961.2265348,3139107394136596315,754,0,15,12,50,6200,15,31,0,7169,7200,80,255,1
1763360962.2274318,3139107394136596315,774,0,15,12,50,6200,15,31,0,7168,7200,80,255,1
1763360963.23841,3139107394136596315,794,0,15,12,50,6200,15,31,0,7167,7200,80,255,1
1763360964.7354858,3139107394136596315,824,0,15,12,50,6200,15,31,0,7166,7200,80,255,1
1763360966.2249684,3139107394136596315,854,0,15,12,50,6200,15,31,0,7164,7200,80,255,1
1763360967.2353776,3139107394136596315,874,0,15,12,50,6200,15,31,0,7163,7200,80,255,1
1763360968.7372823,3139107394136596315,904,0,15,12,50,6200,15,31,0,7162,7200,80,255,1
1763360970.231884,3139107394136596315,934,0,15,12,50,6200,15,31,0,7160,7200,80,255,1
1763360971.2352607,3139107394136596315,954,0,15,12,50,6200,15,31,0,7159,7200,80,255,1
1763360972.7239535,3139107394136596315,984,0,15,12,50,6200,15,31,0,7158,7200,80,255,1
1763360973.7315817,3139107394136596315,1004,0,15,12,50,6200,15,31,0,7157,7200,80,255,1
1763360974.7328424,3139107394136596315,1024,0,15,12,50,6200,15,31,0,7156,7200,80,255,1
1763360976.2328036,3139107394136596315,1054,0,15,12,50,6200,15,31,0,7154,7200,80,255,1
1763360977.2375357,3139107394136596315,1074,0,15,12,50,6200,15,31,0,7153,7200,80,255,1
1763360978.7243304,3139107394136596315,1104,0,15,12,50,6200,15,31,0,7152,7200,80,255,1
1763360979.7288115,3139107394136596315,1124,0,15,12,50,6200,15,31,0,7151,7200,80,255,1
1763360980.7389505,3139107394136596315,1144,0,15,12,50,6200,15,31,0,7150,7200,80,255,1
1763360982.2346265,3139107394136596315,1174,0,15,12,50,6200,15,31,0,7148,7200,80,255,1
1763360983.726229,3139107394136596315,1204,0,15,12,50,6200,15,31,0,7147,7200,80,255,1
1763360984.7355285,3139107394136596315,1224,0,15,12,50,6200,15,31,0,7146,7200,80,255,1
1763360986.2329009,3139107394136596315,1254,0,15,12,50,6200,15,31,0,7144,7200,80,255,1
1763360987.7367468,3139107394136596315,1284,0,15,12,50,6200,15,31,0,7143,7200,80,255,1
1763360989.232763,3139107394136596315,1314,0,15,12,50,6200,15,31,0,7141,7200,80,255,1
1763360990.2374823,3139107394136596315,1334,0,15,12,50,6200,15,31,0,7140,7200,80,255,1
1763360991.7265084,3139107394136596315,1364,0,15,12,50,6200,15,31,0,7139,7200,80,255,1
1763360992.7390904,3139107394136596315,1384,0,15,12,50,6200,15,31,0,7138,7200,80,255,1
1763360994.2267423,3139107394136596315,1414,0,15,12,50,6200,15,31,0,7136,7200,80,255,1
1763360995.2311447,3139107394136596315,1434,0,15,12,50,6200,15,31,0,7135,7200,80,255,1
1763360996.2340543,3139107394136596315,1454,0,15,12,50,6200,15,31,0,7134,7200,80,255,1
1763360997.2388833,3139107394136596315,1474,0,15,12,50,6200,15,31,0,7133,7200,80,255,1
1763360998.7263741,3139107394136596315,1504,0,15,12,50,6200,15,31,0,7132,7200,80,255,1
1763361000.2269151,3139107394136596315,1534,0,15,12,50,6200,15,31,0,7130,7200,80,255,1
1763361001.234203,3139107394136596315,1554,0,15,12,50,6200,15,31,0,7129,7200,80,255,1
1763361002.2354362,3139107394136596315,1574,0,15,12,50,6200,15,31,0,7128,7200,80,255,1
1763361003.7300308,3139107394136596315,1604,0,15,12,50,6200,15,31,0,7127,7200,80,255,1
1763361005.224101,3139107394136596315,1634,0,15,12,50,6200,15,31,0,7125,7200,80,255,1
1763361006.2350698,3139107394136596315,1654,0,15,12,50,6200,15,31,0,7124,7200,80,255,1
1763361007.7251942,3139107394136596315,1684,0,15,12,50,6200,15,31,0,7123,7200,80,255,1
1763361008.734215,3139107394136596315,1704,0,15,12,50,6200,15,31,0,7122,7200,80,255,1
1763361010.2309113,3139107394136596315,1734,0,15,12,50,6200,15,31,0,7120,7200,80,255,1
1763361011.7279882,3139107394136596315,1764,0,15,12,50,6200,15,31,0,7119,7200,80,255,1
1763361013.2297766,3139107394136596315,1794,0,15,12,50,6200,15,31,0,7117,7200,80,255,1
1763361014.2363832,3139107394136596315,1814,0,15,12,50,6200,15,31,0,7116,7200,80,255,1
1763361015.7264192,3139107394136596315,1844,0,15,12,50,6200,15,31,0,7115,7200,80,255,1
1763361016.732617,3139107394136596315,1864,0,15,12,50,6200,15,31,0,7114,7200,80,255,1
1763361017.7378676,3139107394136596315,1884,0,15,12,50,6200,15,31,0,7113,7200,80,255,1
1763361019.2315862,3139107394136596315,1914,0,15,12,50,6200,15,31,0,7111,7200,80,255,1
1763361020.7263072,3139107394136596315,1944,0,15,12,50,6200,15,31,0,7110,7200,80,255,1
1763361021.7274113,3139107394136596315,1964,0,15,12,50,6200,15,31,0,7109,7200,80,255,1
1763361023.228483,3139107394136596315,1994,0,15,12,50,6200,15,31,0,7107,7200,80,255,1
1763361024.7243083,3139107394136596315,2024,0,15,12,50,6200,15,31,0,7106,7200,80,255,1
1763361025.7361941,3139107394136596315,2044,0,15,12,50,6200,15,31,0,7105,7200,80,255,1
1763361027.2311726,3139107394136596315,2074,0,15,12,50,6200,15,31,0,7103,7200,80,255,1
1763361028.2365348,3139107394136596315,2094,0,15,12,50,6200,15,31,0,7102,7200,80,255,1
1763361029.2367325,3139107394136596315,2114,0,15,12,50,6200,15,31,0,7101,7200,80,255,1
1763361030.7303534,3139107394136596315,2144,0,15,12,50,6200,15,31,0,7100,7200,80,255,1
1763361031.7327192,3139107394136596315,2164,0,15,12,50,6200,15,31,0,7099,7200,80,255,1
1763361033.2261026,3139107394136596315,2194,0,15,12,50,6200,15,31,0,7097,7200,80,255,1
1763361034.2342958,3139107394136596315,2214,0,15,12,50,6200,15,31,0,7096,7200,80,255,1
1763361035.734985,3139107394136596315,2244,0,15,12,50,6200,15,31,0,7095,7200,80,255,1
1763361037.22624,3139107394136596315,2274,0,15,12,50,6200,15,31,0,7093,7200,80,255,1
1763361038.2264085,3139107394136596315,2294,0,15,12,50,6200,15,31,0,7092,7200,80,255,1
1763361039.737349,3139107394136596315,2324,0,15,12,50,6200,15,31,0,7091,7200,80,255,1
1763361041.228585,3139107394136596315,2354,0,15,12,50,6200,15,31,0,7089,7200,80,255,1
1763361042.2341888,3139107394136596315,2375,0,15,12,50,6200,15,31,0,7088,7200,80,255,1
1763361043.7239878,3139107394136596315,2405,0,15,12,50,6200,15,31,0,7087,7200,80,255,1
1763361044.7371998,3139107394136596315,2425,0,15,12,50,6200,15,31,0,7086,7200,80,255,1
1763361046.2353823,3139107394136596315,2456,0,15,12,50,6200,15,31,0,7084,7200,80,255,1
1763361047.734543,3139107394136596315,2486,0,15,12,50,6200,15,31,0,7083,7200,80,255,1
1763361049.2375734,3139107394136596315,2516,0,15,12,50,6200,15,31,0,7081,7200,80,255,1
1763361050.728471,3139107394136596315,2547,0,15,12,50,6200,15,31,0,7080,7200,80,255,1
1763361051.734002,3139107394136596315,2567,0,15,12,50,6200,15,31,0,7079,7200,80,255,1
1763361052.7363994,3139107394136596315,2587,0,15,12,50,6200,15,31,0,7078,7200,80,255,1
1763361054.2305012,3139107394136596315,2617,0,15,12,50,6200,15,31,0,7076,7200,80,255,1
1763361055.733,3139107394136596315,2647,0,15,12,50,6200,15,31,0,7075,7200,80,255,1
1763361056.7354963,3139107394136596315,2667,0,15,12,50,6200,15,31,0,7074,7200,80,255,1
1763361058.2330604,3139107394136596315,2697,0,15,12,50,6200,15,31,0,7072,7200,80,255,1
1763361059.735493,3139107394136596315,2728,0,15,12,50,6200,15,31,0,7071,7200,80,255,1
1763361061.2259603,3139107394136596315,2758,0,15,12,50,6200,15,31,0,7069,7200,80,255,1
1763361062.235391,3139107394136596315,2778,0,15,12,50,6200,15,31,0,7068,7200,80,255,1
1763361063.7252357,3139107394136596315,2808,0,15,12,50,6200,15,31,0,7067,7200,80,255,1
1763361064.7345705,3139107394136596315,2828,0,15,12,50,6200,15,31,0,7066,7200,80,255,1
1763361066.2363923,3139107394136596315,2859,0,15,12,50,6200,15,31,0,7064,7200,80,255,1
1763361067.7375832,3139107394136596315,2889,0,15,12,50,6200,15,31,0,7063,7200,80,255,1
1763361069.2240233,3139107394136596315,2920,0,15,12,50,6200,15,31,0,7061,7200,80,255,1
1763361070.234979,3139107394136596315,2940,0,15,12,50,6200,15,31,0,7060,7200,80,255,1
1763361071.731176,3139107394136596315,2970,0,15,12,50,6200,15,31,0,7059,7200,80,255,1
1763361073.2308254,3139107394136596315,3000,0,15,12,50,6200,15,31,0,7057,7200,80,255,1
1763361074.734351,3139107394136596315,3030,0,15,12,50,6200,15,31,0,7056,7200,80,255,1
1763361076.2355556,3139107394136596315,3060,0,15,12,50,6200,15,31,0,7054,7200,80,255,1
1763361077.7313907,3139107394136596315,3090,0,15,12,50,6200,15,31,0,7053,7200,80,255,1
1763361079.232669,3139107394136596315,3120,0,15,12,50,6200,15,31,0,7051,7200,80,255,1
1763361080.7376838,3139107394136596315,3150,0,15,12,50,6200,15,31,0,7050,7200,80,255,1
1763361082.2378616,3139107394136596315,3180,0,15,12,50,6200,15,31,0,7048,7200,80,255,1
1763361083.7362735,3139107394136596315,3210,0,15,12,50,6200,15,31,0,7047,7200,80,255,1
1763361085.2369292,3139107394136596315,3240,0,15,12,50,6200,15,31,0,7045,7200,80,255,1
1763361086.7341301,3139107394136596315,3270,0,15,12,50,6200,15,31,0,7044,7200,80,255,1
1763361088.237247,3139107394136596315,3300,0,15,12,50,6200,15,31,0,7042,7200,80,255,1
1763361089.7227316,3139107394136596315,3330,0,15,12,50,6200,15,31,0,7041,7200,80,255,1
1763361090.7277045,3139107394136596315,3350,0,15,12,50,6200,15,31,0,7040,7200,80,255,1
1763361091.7309074,3139107394136596315,3370,0,15,12,50,6200,15,31,0,7039,7200,80,255,1
1763361093.2320023,3139107394136596315,3400,0,15,12,50,6200,15,31,0,7037,7200,80,255,1
1763361094.732637,3139107394136596315,3430,0,15,12,50,6200,15,31,0,7036,7200,80,255,1
1763361096.2327251,3139107394136596315,3460,0,15,12,50,6200,15,31,0,7034,7200,80,255,1
1763361097.732544,3139107394136596315,3490,0,15,12,50,6200,15,31,0,7033,7200,80,255,1
1763361099.232841,3139107394136596315,3520,0,15,12,50,6200,15,31,0,7031,7200,80,255,1
1763361100.236636,3139107394136596315,3540,0,15,12,50,6200,15,31,0,7030,7200,80,255,1
1763361101.724154,3139107394136596315,3570,0,15,12,50,6200,15,31,0,7029,7200,80,255,1
1763361102.7366517,3139107394136596315,3590,0,15,12,50,6200,15,31,0,7028,7200,80,255,1
1763361104.2308526,3139107394136596315,3620,0,15,12,50,6200,15,31,0,7026,7200,80,255,1
1763361105.73104,3139107394136596315,3650,0,15,12,50,6200,15,31,0,7025,7200,80,255,1
1763361107.2299943,3139107394136596315,3680,0,15,12,50,6200,15,31,0,7023,7200,80,255,1
1763361108.2327223,3139107394136596315,3700,0,15,12,50,6200,15,31,0,7022,7200,80,255,1
1763361109.7388072,3139107394136596315,3730,0,15,12,50,6200,15,31,0,7021,7200,80,255,1
1763361111.2299497,3139107394136596315,3760,0,15,12,50,6200,15,31,0,7019,7200,80,255,1
1763361112.7365465,3139107394136596315,3790,0,15,12,50,6200,15,31,0,7018,7200,80,255,1
1763361114.229423,3139107394136596315,3821,0,15,12,50,6200,15,31,0,7016,7200,80,255,1
1763361115.7264888,3139107394136596315,3851,0,15,12,50,6200,15,31,0,7015,7200,80,255,1
1763361117.2261667,3139107394136596315,3881,0,15,12,50,6200,15,31,0,7013,7200,80,255,1
1763361118.7291946,3139107394136596315,3911,0,15,12,50,6200,15,31,0,7012,7200,80,255,1
1763361120.2329097,3139107394136596315,3941,0,15,12,50,6200,15,31,0,7010,7200,80,255,1
1763361121.7310247,3139107394136596315,3972,0,15,12,50,6200,15,31,0,7009,7200,80,255,1
1763361123.2318287,3139107394136596315,4002,0,15,12,50,6200,15,31,0,7007,7200,80,255,1
1763361124.7328544,3139107394136596315,4032,0,15,12,50,6200,15,31,0,7006,7200,80,255,1
1763361125.7339013,3139107394136596315,4052,0,15,12,50,6200,15,31,0,7005,7200,80,255,1
1763361126.7368202,3139107394136596315,4072,0,15,12,50,6200,15,31,0,7004,7200,80,255,1
1763361128.2250686,3139107394136596315,4102,0,15,12,50,6200,15,31,0,7002,7200,80,255,1
1763361129.2368686,3139107394136596315,4122,0,15,12,50,6200,15,31,0,7001,7200,80,255,1
1763361130.724357,3139107394136596315,4152,0,15,12,50,6200,15,31,0,7000,7200,80,255,1
1763361131.7372105,3139107394136596315,4172,0,15,12,50,6200,15,31,0,6999,7200,80,255,1
1763361133.2272654,3139107394136596315,4202,0,15,12,50,6200,15,31,0,6997,7200,80,255,1
1763361134.73513,3139107394136596315,4232,0,15,12,50,6200,15,31,0,6996,7200,80,255,1
1763361136.2310405,3139107394136596315,4262,0,15,12,50,6200,15,31,0,6994,7200,80,255,1
1763361137.2317815,3139107394136596315,4282,0,15,12,50,6200,15,31,0,6993,7200,80,255,1
1763361138.726702,3139107394136596315,4314,0,15,12,50,6200,15,31,0,6992,7200,80,255,1
1763361139.7327418,3139107394136596315,4334,0,15,12,50,6200,15,31,0,6991,7200,80,255,1
1763361141.2371054,3139107394136596315,4364,0,15,12,50,6200,15,31,0,6989,7200,80,255,1
1763361142.7225995,3139107394136596315,4394,0,15,12,50,6200,15,31,0,6988,7200,80,255,1
1763361143.7305844,3139107394136596315,4414,0,15,12,50,6200,15,31,0,6987,7200,80,255,1
1763361144.7317204,3139107394136596315,4434,0,15,12,50,6200,15,31,0,6986,7200,80,255,1
1763361145.735216,3139107394136596315,4454,0,15,12,50,6200,15,31,0,6985,7200,80,255,1
1763361147.225367,3139107394136596315,4484,0,15,12,50,6200,15,31,0,6983,7200,80,255,1
1763361148.235614,3139107394136596315,4504,0,15,12,50,6200,15,31,0,6982,7200,80,255,1
1763361149.733906,3139107394136596315,4534,0,15,12,50,6200,15,31,0,6981,7200,80,255,1
1763361151.2351918,3139107394136596315,4564,0,15,12,50,6200,15,31,0,6979,7200,80,255,1
1763361152.738367,3139107394136596315,4594,0,15,12,50,6200,15,31,0,6978,7200,80,255,1
1763361154.2241716,3139107394136596315,4624,0,15,12,50,6200,15,31,0,6976,7200,80,255,1
1763361155.2339342,3139107394136596315,4645,0,15,12,50,6200,15,31,0,6975,7200,80,255,1
1763361156.73604,3139107394136596315,4675,0,15,12,50,6200,15,31,0,6974,7200,80,255,1
1763361158.2258182,3139107394136596315,4705,0,15,12,50,6200,15,31,0,6972,7200,80,255,1
1763361159.2312956,3139107394136596315,4725,0,15,12,50,6200,15,31,0,6971,7200,80,255,1
1763361160.23157,3139107394136596315,4746,0,15,12,50,6200,15,31,0,6970,7200,80,255,1
1763361161.7313464,3139107394136596315,4776,0,15,12,50,6200,15,31,0,6969,7200,80,255,1
1763361163.225975,3139107394136596315,4806,0,15,12,50,6200,15,31,0,6967,7200,80,255,1
1763361164.2376013,3139107394136596315,4826,0,15,12,50,6200,15,31,0,6966,7200,80,255,1
1763361165.2378116,3139107394136596315,4846,0,15,12,50,6200,15,31,0,6965,7200,80,255,1
1763361166.7227728,3139107394136596315,4876,0,15,12,50,6200,15,31,0,6964,7200,80,255,1
1763361167.7339761,3139107394136596315,4898,0,15,12,50,6200,15,31,0,6963,7200,80,255,1
1763361169.235864,3139107394136596315,4929,0,15,12,50,6200,15,31,0,6961,7200,80,255,1
1763361170.7274122,3139107394136596315,4959,0,15,12,50,6200,15,31,0,6960,7200,80,255,1
1763361172.2317576,3139107394136596315,4989,0,15,12,50,6200,15,31,0,6958,7200,80,255,1
1763361173.23873,3139107394136596315,5009,0,15,12,50,6200,15,31,0,6957,7200,80,255,1
1763361174.7243543,3139107394136596315,5039,0,15,12,50,6200,15,31,0,6956,7200,80,255,1
1763361175.734057,3139107394136596315,5059,0,15,12,50,6200,15,31,0,6955,7200,80,255,1
1763361177.2353146,3139107394136596315,5089,0,15,12,50,6200,15,31,0,6953,7200,80,255,1
1763361178.7347252,3139107394136596315,5119,0,15,12,50,6200,15,31,0,6952,7200,80,255,1
1763361180.236326,3139107394136596315,5149,0,15,12,50,6200,15,31,0,6950,7200,80,255,1
1763361181.732966,3139107394136596315,5180,0,15,12,50,6200,15,31,0,6949,7200,80,255,1
1763361183.2362583,3139107394136596315,5210,0,15,12,50,6200,15,31,0,6947,7200,80,255,1
1763361184.7244062,3139107394136596315,5240,0,15,12,50,6200,15,31,0,6946,7200,80,255,1
1763361185.7354248,3139107394136596315,5260,0,15,12,50,6200,15,31,0,6945,7200,80,255,1
1763361187.2267568,3139107394136596315,5291,0,15,12,50,6200,15,31,0,6943,7200,80,255,1
1763361188.2338078,3139107394136596315,5311,0,15,12,50,6200,15,31,0,6942,7200,80,255,1
1763361189.7375507,3139107394136596315,5341,0,15,12,50,6200,15,31,0,6941,7200,80,255,1
1763361191.2239928,3139107394136596315,5371,0,15,12,50,6200,15,31,0,6939,7200,80,255,1
1763361192.236292,3139107394136596315,5391,0,15,12,50,6200,15,31,0,6938,7200,80,255,1
1763361193.2367773,3139107394136596315,5411,0,15,12,50,6200,15,31,0,6937,7200,80,255,1
1763361194.7364483,3139107394136596315,5442,0,15,12,50,6200,15,31,0,6936,7200,80,255,1
1763361196.230801,3139107394136596315,5472,0,15,12,50,6200,15,31,0,6934,7200,80,255,1
1763361197.2310855,3139107394136596315,5492,0,15,12,50,6200,15,31,0,6933,7200,80,255,1
1763361198.7386327,3139107394136596315,5522,0,15,12,50,6200,15,31,0,6932,7200,80,255,1
1763361200.2282894,3139107394136596315,5552,0,15,12,50,6200,15,31,0,6930,7200,80,255,1
1763361201.7326713,3139107394136596315,5583,0,15,12,50,6200,15,31,0,6929,7200,80,255,1
1763361203.230435,3139107394136596315,5613,0,15,12,50,6200,15,31,0,6927,7200,80,255,1
1763361204.7363827,3139107394136596315,5643,0,15,12,50,6200,15,31,0,6926,7200,80,255,1
1763361206.2301812,3139107394136596315,5673,0,15,12,50,6200,15,31,0,6924,7200,80,255,1
1763361207.7314377,3139107394136596315,5704,0,15,12,50,6200,15,31,0,6923,7200,80,255,1
1763361209.2360382,3139107394136596315,5734,0,15,12,50,6200,15,31,0,6921,7200,80,255,1
1763361210.23647,3139107394136596315,5755,0,15,12,50,6200,15,31,0,6920,7200,80,255,1
1763361211.7353785,3139107394136596315,5785,0,15,12,50,6200,15,31,0,6919,7200,80,255,1
1763361213.235311,3139107394136596315,5815,0,15,12,50,6200,15,31,0,6917,7200,80,255,1
1763361214.2353644,3139107394136596315,5835,0,15,12,50,6200,15,31,0,6916,7200,80,255,1
1763361215.7371712,3139107394136596315,5865,0,15,12,50,6200,15,31,0,6915,7200,80,255,1
1763361217.2369957,3139107394136596315,5895,0,15,12,50,6200,15,31,0,6913,7200,80,255,1
1763361218.2371984,3139107394136596315,5915,0,15,12,50,6200,15,31,0,6912,7200,80,255,1
1763361219.725042,3139107394136596315,5945,0,15,12,50,6200,15,31,0,6911,7200,80,255,1
1763361220.732624,3139107394136596315,5965,0,15,12,50,6200,15,31,0,6910,7200,80,255,1
1763361222.2330446,3139107394136596315,5995,0,15,12,50,6200,15,31,0,6908,7200,80,255,1
1763361223.7374105,3139107394136596315,6025,0,15,12,50,6200,15,31,0,6907,7200,80,255,1
1763361225.2269435,3139107394136596315,6055,0,15,12,50,6200,15,31,0,6905,7200,80,255,1
1763361226.2373862,3139107394136596315,6075,0,15,12,50,6200,15,31,0,6904,7200,80,255,1
1763361227.7325468,3139107394136596315,6106,0,15,12,50,6200,15,31,0,6903,7200,80,255,1
1763361229.2360919,3139107394136596315,6136,0,15,12,50,6200,15,31,0,6901,7200,80,255,1
1763361230.7262435,3139107394136596315,6166,0,15,12,50,6200,15,31,0,6900,7200,80,255,1
1763361231.7383857,3139107394136596315,6187,0,15,12,50,6200,15,31,0,6899,7200,80,255,1
1763361233.2312815,3139107394136596315,6217,0,15,12,50,6200,15,31,0,6897,7200,80,255,1
1763361234.2353303,3139107394136596315,6237,0,15,12,50,6200,15,31,0,6896,7200,80,255,1
1763361235.730455,3139107394136596315,6267,0,15,12,50,6200,15,31,0,6895,7200,80,255,1
1763361237.2264357,3139107394136596315,6297,0,15,12,50,6200,15,31,0,6893,7200,80,255,1
1763361238.2272336,3139107394136596315,6317,0,15,12,50,6200,15,31,0,6892,7200,80,255,1
1763361239.232644,3139107394136596315,6337,0,15,12,50,6200,15,31,0,6891,7200,80,255,1
1763361240.7363045,3139107394136596315,6368,0,15,12,50,6200,15,31,0,6890,7200,80,255,1
1763361242.2313912,3139107394136596315,6398,0,15,12,50,6200,15,31,0,6888,7200,80,255,1
1763361243.2343585,3139107394136596315,6418,0,15,12,50,6200,15,31,0,6887,7200,80,255,1
1763361244.7261147,3139107394136596315,6448,0,15,12,50,6200,15,31,0,6886,7200,80,255,1
1763361246.2311325,3139107394136596315,6479,0,15,12,50,6200,15,31,0,6884,7200,80,255,1
1763361247.7363443,3139107394136596315,6509,0,15,12,50,6200,15,31,0,6883,7200,80,255,1
1763361249.2368581,3139107394136596315,6539,0,15,12,50,6200,15,31,0,6881,7200,80,255,1
1763361250.726298,3139107394136596315,6570,0,15,12,50,6200,15,31,0,6880,7200,80,255,1
1763361251.736335,3139107394136596315,6590,0,15,12,50,6200,15,31,0,6879,7200,80,255,1
1763361253.2383933,3139107394136596315,6621,0,15,12,50,6200,15,31,0,6877,7200,80,255,1
1763361254.7259676,3139107394136596315,6652,0,15,12,50,6200,15,31,0,6876,7200,80,255,1
1763361256.2351506,3139107394136596315,6682,0,15,12,50,6200,15,31,0,6874,7200,80,255,1
1763361257.7343185,3139107394136596315,6714,0,15,12,50,6200,15,31,0,6873,7200,80,255,1
1763361259.22272,3139107394136596315,6744,0,15,12,50,6200,15,31,0,6871,7200,80,255,1
1763361260.2327137,3139107394136596315,6765,0,15,12,50,6200,15,31,0,6870,7200,80,255,1
1763361261.724065,3139107394136596315,6795,0,15,12,50,6200,15,31,0,6869,7200,80,255,1
1763361262.7363086,3139107394136596315,6815,0,15,12,50,6200,15,31,0,6868,7200,80,255,1
1763361264.2373185,3139107394136596315,6845,0,15,12,50,6200,15,31,0,6866,7200,80,255,1
1763361265.728103,3139107394136596315,6875,0,15,12,50,6200,15,31,0,6865,7200,80,255,1
1763361267.2337687,3139107394136596315,6905,0,15,12,50,6200,15,31,0,6863,7200,80,255,1
1763361268.236332,3139107394136596315,6925,0,15,12,50,6200,15,31,0,6862,7200,80,255,1
1763361269.237003,3139107394136596315,6945,0,15,12,50,6200,15,31,0,6861,7200,80,255,1
1763361270.732651,3139107394136596315,6976,0,15,12,50,6200,15,31,0,6860,7200,80,255,1
1763361272.2364166,3139107394136596315,7006,0,15,12,50,6200,15,31,0,6858,7200,80,255,1
1763361273.7242162,3139107394136596315,7036,0,15,12,50,6200,15,31,0,6857,7200,80,255,1
1763361274.734957,3139107394136596315,7057,0,15,12,50,6200,15,31,0,6856,7200,80,255,1
1763361276.2269216,3139107394136596315,7088,0,15,12,50,6200,15,31,0,6854,7200,80,255,1
1763361277.226992,3139107394136596315,7109,0,15,12,50,6200,15,31,0,6853,7200,80,255,1
1763361278.2320042,3139107394136596315,7129,0,15,12,50,6200,15,31,0,6852,7200,80,255,1
1763361279.7337108,3139107394136596315,7159,0,15,12,50,6200,15,31,0,6851,7200,80,255,1
1763361281.2338448,3139107394136596315,7189,0,15,12,50,6200,15,31,0,6849,7200,80,255,1
1763361282.735046,3139107394136596315,7219,0,15,12,50,6200,15,31,0,6848,7200,80,255,1
1763361284.2378578,3139107394136596315,7249,0,15,12,50,6200,15,31,0,6846,7200,80,255,1
1763361285.7248535,3139107394136596315,7279,0,15,12,50,6200,15,31,0,6845,7200,80,255,1
1763361286.7361927,3139107394136596315,7300,0,15,12,50,6200,15,31,0,6844,7200,80,255,1
1763361288.236727,3139107394136596315,7330,0,15,12,50,6200,15,31,0,6842,7200,80,255,1
1763361289.722739,3139107394136596315,7360,0,15,12,50,6200,15,31,0,6841,7200,80,255,1
1763361290.729392,3139107394136596315,7381,0,15,12,50,6200,15,31,0,6840,7200,80,255,1
1763361292.2319198,3139107394136596315,7411,0,15,12,50,6200,15,31,0,6838,7200,80,255,1
1763361293.7349055,3139107394136596315,7441,0,15,12,50,6200,15,31,0,6837,7200,80,255,1
1763361295.2365294,3139107394136596315,7473,0,15,12,50,6200,15,31,0,6835,7200,80,255,1
1763361296.7228608,3139107394136596315,7503,0,15,12,50,6200,15,31,0,6834,7200,80,255,1
1763361297.7360504,3139107394136596315,7524,0,15,12,50,6200,15,31,0,6833,7200,80,255,1
1763361299.2350368,3139107394136596315,7554,0,15,12,50,6200,15,31,0,6831,7200,80,255,1
1763361300.7353177,3139107394136596315,7584,0,15,12,50,6200,15,31,0,6830,7200,80,255,1
1763361302.2338371,3139107394136596315,7614,0,15,12,50,6200,15,31,0,6828,7200,80,255,1
1763361303.7293403,3139107394136596315,7644,0,15,12,50,6200,15,31,0,6827,7200,80,255,1
1763361305.230493,3139107394136596315,7675,0,15,12,50,6200,15,31,0,6825,7200,80,255,1
1763361306.7353976,3139107394136596315,7705,0,15,12,50,6200,15,31,0,6824,7200,80,255,1
1763361308.237291,3139107394136596315,7735,0,15,12,50,6200,15,31,0,6822,7200,80,255,1
1763361309.7286398,3139107394136596315,7765,0,15,12,50,6200,15,31,0,6821,7200,80,255,1
1763361310.7340434,3139107394136596315,7785,0,15,12,50,6200,15,31,0,6820,7200,80,255,1
1763361311.734119,3139107394136596315,7805,0,15,12,50,6200,15,31,0,6819,7200,80,255,1
1763361312.7343116,3139107394136596315,7825,0,15,12,50,6200,15,31,0,6818,7200,80,255,1
1763361313.7350051,3139107394136596315,7846,0,15,12,50,6200,15,31,0,6817,7200,80,255,1
1763361315.2313256,3139107394136596315,7876,0,15,12,50,6200,15,31,0,6815,7200,80,255,1
1763361316.734094,3139107394136596315,7906,0,15,12,50,6200,15,31,0,6814,7200,80,255,1
1763361318.230418,3139107394136596315,7936,0,15,12,50,6200,15,31,0,6812,7200,80,255,1
1763361319.2307386,3139107394136596315,7957,0,15,12,50,6200,15,31,0,6811,7200,80,255,1
1763361320.7242057,3139107394136596315,7987,0,15,12,50,6200,15,31,0,6810,7200,80,255,1
1763361321.725202,3139107394136596315,8007,0,15,12,50,6200,15,31,0,6809,7200,80,255,1
1763361322.7313695,3139107394136596315,8027,0,15,12,50,6200,15,31,0,6808,7200,80,255,1
1763361323.7325976,3139107394136596315,8047,0,15,12,50,6200,15,31,0,6807,7200,80,255,1
1763361325.2252903,3139107394136596315,8077,0,15,12,50,6200,15,31,0,6805,7200,80,255,1
1763361326.2272344,3139107394136596315,8097,0,15,12,50,6200,15,31,0,6804,7200,80,255,1
1763361327.2297392,3139107394136596315,8117,0,15,12,50,6200,15,31,0,6803,7200,80,255,1
1763361328.237086,3139107394136596315,8138,0,15,12,50,6200,15,31,0,6802,7200,80,255,1
1763361329.7294848,3139107394136596315,8168,0,15,12,50,6200,15,31,0,6801,7200,80,255,1
1763361330.73583,3139107394136596315,8188,0,15,12,50,6200,15,31,0,6800,7200,80,255,1
1763361332.237075,3139107394136596315,8218,0,15,12,50,6200,15,31,0,6798,7200,80,255,1
1763361333.7355213,3139107394136596315,8248,0,15,12,50,6200,15,31,0,6797,7200,80,255,1
1763361334.737031,3139107394136596315,8268,0,15,12,50,6200,15,31,0,6796,7200,80,255,1
1763361336.22617,3139107394136596315,8298,0,15,12,50,6200,15,31,0,6794,7200,80,255,1
1763361337.236054,3139107394136596315,8318,0,15,12,50,6200,15,31,0,6793,7200,80,255,1
1763361338.7264252,3139107394136596315,8348,0,15,12,50,6200,15,31,0,6792,7200,80,255,1
1763361339.734977,3139107394136596315,8368,0,15,12,50,6200,15,31,0,6791,7200,80,255,1
1763361341.22399,3139107394136596315,8398,0,15,12,50,6200,15,31,0,6789,7200,80,255,1
1763361342.2294655,3139107394136596315,8418,0,15,12,50,6200,15,31,0,6788,7200,80,255,1
1763361343.229676,3139107394136596315,8438,0,15,12,50,6200,15,31,0,6787,7200,80,255,1
1763361344.2370896,3139107394136596315,8459,0,15,12,50,6200,15,31,0,6786,7200,80,255,1
1763361345.7349758,3139107394136596315,8489,0,15,12,50,6200,15,31,0,6785,7200,80,255,1
1763361347.2325563,3139107394136596315,8519,0,15,12,50,6200,15,31,0,6783,7200,80,255,1
1763361348.7309082,3139107394136596315,8549,0,15,12,50,6200,15,31,0,6782,7200,80,255,1
1763361349.7326548,3139107394136596315,8569,0,15,12,50,6200,15,31,0,6781,7200,80,255,1
1763361350.7339354,3139107394136596315,8589,0,15,12,50,6200,15,31,0,6780,7200,80,255,1
1763361351.734134,3139107394136596315,8609,0,15,12,50,6200,15,31,0,6779,7200,80,255,1
1763361353.2274303,3139107394136596315,8639,0,15,12,50,6200,15,31,0,6777,7200,80,255,1
1763361354.7327867,3139107394136596315,8669,0,15,12,50,6200,15,31,0,6776,7200,80,255,1
1763361356.222646,3139107394136596315,8699,0,15,12,50,6200,15,31,0,6774,7200,80,255,1
1763361357.2364352,3139107394136596315,8720,0,15,12,50,6200,15,31,0,6773,7200,80,255,1
1763361358.7275243,3139107394136596315,8751,0,15,12,50,6200,15,31,0,6772,7200,80,255,1
1763361359.7297559,3139107394136596315,8772,0,15,12,50,6200,15,31,0,6771,7200,80,255,1
1763361360.7326095,3139107394136596315,8792,0,15,12,50,6200,15,31,0,6770,7200,80,255,1
1763361362.2270672,3139107394136596315,8822,0,15,12,50,6200,15,31,0,6768,7200,80,255,1
1763361363.730349,3139107394136596315,8852,0,15,12,50,6200,15,31,0,6767,7200,80,255,1
1763361365.2352395,3139107394136596315,8884,0,15,12,50,6200,15,31,0,6765,7200,80,255,1
1763361366.731004,3139107394136596315,8914,0,15,12,50,6200,15,31,0,6764,7200,80,255,1
1763361367.7325175,3139107394136596315,8935,0,15,12,50,6200,15,31,0,6763,7200,80,255,1
1763361368.7325544,3139107394136596315,8955,0,15,12,50,6200,15,31,0,6762,7200,80,255,1
1763361369.7329123,3139107394136596315,8975,0,15,12,50,6200,15,31,0,6761,7200,80,255,1
1763361370.736046,3139107394136596315,8996,0,15,12,50,6200,15,31,0,6760,7200,80,255,1
1763361372.2288954,3139107394136596315,9026,0,15,12,50,6200,15,31,0,6758,7200,80,255,1
1763361373.2290401,3139107394136596315,9046,0,15,12,50,6200,15,31,0,6757,7200,80,255,1
1763361374.7236834,3139107394136596315,9076,0,15,12,50,6200,15,31,0,6756,7200,80,255,1
1763361375.7367182,3139107394136596315,9097,0,15,12,50,6200,15,31,0,6755,7200,80,255,1
1763361377.2314146,3139107394136596315,9127,0,15,12,50,6200,15,31,0,6753,7200,80,255,1
1763361378.2374673,3139107394136596315,9147,0,15,12,50,6200,15,31,0,6752,7200,80,255,1
1763361379.729404,3139107394136596315,9177,0,15,12,50,6200,15,31,0,6751,7200,80,255,1
1763361381.2380438,3139107394136596315,9207,0,15,12,50,6200,15,31,0,6749,7200,80,255,1
1763361382.7290509,3139107394136596315,9237,0,15,12,50,6200,15,31,0,6748,7200,80,255,1
1763361384.2336445,3139107394136596315,9267,0,15,12,50,6200,15,31,0,6746,7200,80,255,1
1763361385.2350929,3139107394136596315,9288,0,15,12,50,6200,15,31,0,6745,7200,80,255,1
1763361386.7264566,3139107394136596315,9319,0,15,12,50,6200,15,31,0,6744,7200,80,255,1
1763361388.2313766,3139107394136596315,9351,0,15,12,50,6200,15,31,0,6742,7200,80,255,1
1763361389.7354443,3139107394136596315,9381,0,15,12,50,6200,15,31,0,6741,7200,80,255,1
1763361391.236117,3139107394136596315,9411,0,15,12,50,6200,15,31,0,6739,7200,80,255,1
1763361392.7280884,3139107394136596315,9441,0,15,12,50,6200,15,31,0,6738,7200,80,255,1
1763361394.2375164,3139107394136596315,9471,0,15,12,50,6200,15,31,0,6736,7200,80,255,1
1763361395.7260945,3139107394136596315,9502,0,15,12,50,6200,15,31,0,6735,7200,80,255,1
1763361396.7371244,3139107394136596315,9522,0,15,12,50,6200,15,31,0,6734,7200,80,255,1
1763361398.2297308,3139107394136596315,9552,0,15,12,50,6200,15,31,0,6732,7200,80,255,1
1763361399.7348278,3139107394136596315,9582,0,15,12,50,6200,15,31,0,6731,7200,80,255,1
1763361401.2296276,3139107394136596315,9612,0,15,12,50,6200,15,31,0,6729,7200,80,255,1
1763361402.7350614,3139107394136596315,9642,0,15,12,50,6200,15,31,0,6728,7200,80,255,1
1763361404.2292824,3139107394136596315,9672,0,15,12,50,6200,15,31,0,6726,7200,80,255,1
1763361405.2304044,3139107394136596315,9692,0,15,12,50,6200,15,31,0,6725,7200,80,255,1
1763361406.2326229,3139107394136596315,9713,0,15,12,50,6200,15,31,0,6724,7200,80,255,1
1763361407.733909,3139107394136596315,9743,0,15,12,50,6200,15,31,0,6723,7200,80,255,1
1763361408.7340086,3139107394136596315,9763,0,15,12,50,6200,15,31,0,6722,7200,80,255,1
1763361409.7384229,3139107394136596315,9783,0,15,12,50,6200,15,31,0,6721,7200,80,255,1
1763361411.2317135,3139107394136596315,9813,0,15,12,50,6200,15,31,0,6719,7200,80,255,1
1763361412.2385168,3139107394136596315,9833,0,15,12,50,6200,15,31,0,6718,7200,80,255,1
1763361413.7328718,3139107394136596315,9863,0,15,12,50,6200,15,31,0,6717,7200,80,255,1
1763361415.2299805,3139107394136596315,9893,0,15,12,50,6200,15,31,0,6715,7200,80,255,1
1763361416.724879,3139107394136596315,9923,0,15,12,50,6200,15,31,0,6714,7200,80,255,1
1763361417.7371695,3139107394136596315,9943,0,15,12,50,6200,15,31,0,6713,7200,80,255,1
1763361419.2306938,3139107394136596315,9974,0,15,12,50,6200,15,31,0,6711,7200,80,255,1
1763361420.2311742,3139107394136596315,9994,0,15,12,50,6200,15,31,0,6710,7200,80,255,1
1763361421.234883,3139107394136596315,10015,0,15,12,50,6200,15,31,0,6709,7200,80,255,1
1763361422.7283626,3139107394136596315,10045,0,15,12,50,6200,15,31,0,6708,7200,80,255,1
1763361423.729672,3139107394136596315,10065,0,15,12,50,6200,15,31,0,6707,7200,80,255,1
1763361424.7361457,3139107394136596315,10086,0,15,12,50,6200,15,31,0,6706,7200,80,255,1
1763361425.736905,3139107394136596315,10106,0,15,12,50,6200,15,31,0,6705,7200,80,255,1
1763361427.2348435,3139107394136596315,10136,0,15,12,50,6200,15,31,0,6703,7200,80,255,1
1763361428.2368977,3139107394136596315,10156,0,15,12,50,6200,15,31,0,6702,7200,80,255,1
1763361429.7305076,3139107394136596315,10187,0,15,12,50,6200,15,31,0,6701,7200,80,255,1
1763361431.2257388,3139107394136596315,10218,0,15,12,50,6200,15,31,0,6699,7200,80,255,1
1763361432.7335908,3139107394136596315,10248,0,15,12,50,6200,15,31,0,6698,7200,80,255,1
1763361434.2338371,3139107394136596315,10279,0,15,12,50,6200,15,31,0,6696,7200,80,255,1
1763361435.7343645,3139107394136596315,10310,0,15,12,50,6200,15,31,0,6695,7200,80,255,1
1763361437.223777,3139107394136596315,10341,0,15,12,50,6200,15,31,0,6693,7200,80,255,1
1763361438.2327838,3139107394136596315,10362,0,15,12,50,6200,15,31,0,6692,7200,80,255,1
1763361439.727609,3139107394136596315,10392,0,15,12,50,6200,15,31,0,6691,7200,80,255,1
1763361440.7283206,3139107394136596315,10412,0,15,12,50,6200,15,31,0,6690,7200,80,255,1
1763361441.7343628,3139107394136596315,10432,0,15,12,50,6200,15,31,0,6689,7200,80,255,1
1763361443.229642,3139107394136596315,10462,0,15,12,50,6200,15,31,0,6687,7200,80,255,1
1763361444.2309577,3139107394136596315,10482,0,15,12,50,6200,15,31,0,6686,7200,80,255,1
1763361445.734186,3139107394136596315,10512,0,15,12,50,6200,15,31,0,6685,7200,80,255,1
1763361447.2263281,3139107394136596315,10542,0,15,12,50,6200,15,31,0,6683,7200,80,255,1
1763361448.7326171,3139107394136596315,10573,0,15,12,50,6200,15,31,0,6682,7200,80,255,1
1763361449.7346687,3139107394136596315,10595,0,15,12,50,6200,15,31,0,6681,7200,80,255,1
1763361450.7351346,3139107394136596315,10615,0,15,12,50,6200,15,31,0,6680,7200,80,255,1
1763361452.2246916,3139107394136596315,10645,0,15,12,50,6200,15,31,0,6678,7200,80,255,1
1763361453.2272575,3139107394136596315,10665,0,15,12,50,6200,15,31,0,6677,7200,80,255,1
1763361454.2300706,3139107394136596315,10685,0,15,12,50,6200,15,31,0,6676,7200,80,255,1
1763361455.724252,3139107394136596315,10715,0,15,12,50,6200,15,31,0,6675,7200,80,255,1
1763361456.7371242,3139107394136596315,10736,0,15,12,50,6200,15,31,0,6674,7200,80,255,1
1763361458.2270153,3139107394136596315,10766,0,15,12,50,6200,15,31,0,6672,7200,80,255,1
1763361459.228403,3139107394136596315,10786,0,15,12,50,6200,15,31,0,6671,7200,80,255,1
1763361460.732421,3139107394136596315,10816,0,15,12,50,6200,15,31,0,6670,7200,80,255,1
1763361462.2341511,3139107394136596315,10846,0,15,12,50,6200,15,31,0,6668,7200,80,255,1
1763361463.2356691,3139107394136596315,10866,0,15,12,50,6200,15,31,0,6667,7200,80,255,1
1763361464.7383802,3139107394136596315,10896,0,15,12,50,6200,15,31,0,6666,7200,80,255,1
1763361466.2249575,3139107394136596315,10926,0,15,12,50,6200,15,31,0,6664,7200,80,255,1
1763361467.228234,3139107394136596315,10946,0,15,12,50,6200,15,31,0,6663,7200,80,255,1
1763361468.7309015,3139107394136596315,10976,0,15,12,50,6200,15,31,0,6662,7200,80,255,1
1763361470.2259831,3139107394136596315,11007,0,15,12,50,6200,15,31,0,6660,7200,80,255,1
1763361471.238004,3139107394136596315,11027,0,15,12,50,6200,15,31,0,6659,7200,80,255,1
1763361472.7362428,3139107394136596315,11057,0,15,12,50,6200,15,31,0,6658,7200,80,255,1
1763361474.2367694,3139107394136596315,11087,0,15,12,50,6200,15,31,0,6656,7200,80,255,1
1763361475.734939,3139107394136596315,11118,0,15,12,50,6200,15,31,0,6655,7200,80,255,1
1763361476.7351396,3139107394136596315,11138,0,15,12,50,6200,15,31,0,6654,7200,80,255,1
1763361478.2283473,3139107394136596315,11168,0,15,12,50,6200,15,31,0,6652,7200,80,255,1
1763361479.2291274,3139107394136596315,11188,0,15,12,50,6200,15,31,0,6651,7200,80,255,1
1763361480.238215,3139107394136596315,11208,0,15,12,50,6200,15,31,0,6650,7200,80,255,1
1763361481.7296119,3139107394136596315,11239,0,15,12,50,6200,15,31,0,6649,7200,80,255,1
1763361482.73161,3139107394136596315,11259,0,15,12,50,6200,15,31,0,6648,7200,80,255,1
1763361484.2350695,3139107394136596315,11289,0,15,12,50,6200,15,31,0,6646,7200,80,255,1
1763361485.237052,3139107394136596315,11309,0,15,12,50,6200,15,31,0,6645,7200,80,255,1
1763361486.7335663,3139107394136596315,11339,0,15,12,50,6200,15,31,0,6644,7200,80,255,1
1763361487.7372258,3139107394136596315,11359,0,15,12,50,6200,15,31,0,6643,7200,80,255,1
1763361489.2318285,3139107394136596315,11389,0,15,12,50,6200,15,31,0,6641,7200,80,255,1
1763361490.2350225,3139107394136596315,11409,0,15,12,50,6200,15,31,0,6640,7200,80,255,1
1763361491.7286468,3139107394136596315,11439,0,15,12,50,6200,15,31,0,6639,7200,80,255,1
1763361493.2359767,3139107394136596315,11469,0,15,12,50,6200,15,31,0,6637,7200,80,255,1
1763361494.7239134,3139107394136596315,11499,0,15,12,50,6200,15,31,0,6636,7200,80,255,1
1763361495.7347717,3139107394136596315,11521,0,15,12,50,6200,15,31,0,6635,7200,80,255,1
1763361497.2288673,3139107394136596315,11552,0,15,12,50,6200,15,31,0,6633,7200,80,255,1
1763361498.2338357,3139107394136596315,11572,0,15,12,50,6200,15,31,0,6632,7200,80,255,1
1763361499.731251,3139107394136596315,11602,0,15,12,50,6200,15,31,0,6631,7200,80,255,1
1763361501.227964,3139107394136596315,11632,0,15,12,50,6200,15,31,0,6629,7200,80,255,1
1763361502.2352202,3139107394136596315,11652,0,15,12,50,6200,15,31,0,6628,7200,80,255,1
1763361503.2352622,3139107394136596315,11672,0,15,12,50,6200,15,31,0,6627,7200,80,255,1
1763361504.730361,3139107394136596315,11702,0,15,12,50,6200,15,31,0,6626,7200,80,255,1
1763361505.7381234,3139107394136596315,11722,0,15,12,50,6200,15,31,0,6625,7200,80,255,1
1763361507.2305324,3139107394136596315,11752,0,15,12,50,6200,15,31,0,6623,7200,80,255,1
1763361508.7260087,3139107394136596315,11782,0,15,12,50,6200,15,31,0,6622,7200,80,255,1
1763361509.7352526,3139107394136596315,11802,0,15,12,50,6200,15,31,0,6621,7200,80,255,1
1763361511.2350006,3139107394136596315,11833,0,15,12,50,6200,15,31,0,6619,7200,80,255,1
1763361512.7359133,3139107394136596315,11864,0,15,12,50,6200,15,31,0,6618,7200,80,255,1
1763361514.2338035,3139107394136596315,11894,0,15,12,50,6200,15,31,0,6616,7200,80,255,1
1763361515.7339275,3139107394136596315,11925,0,15,12,50,6200,15,31,0,6615,7200,80,255,1
1763361516.7362814,3139107394136596315,11947,0,15,12,50,6200,15,31,0,6614,7200,80,255,1
1763361518.2370658,3139107394136596315,11977,0,15,12,50,6200,15,31,0,6612,7200,80,255,1
1763361519.736299,3139107394136596315,12009,0,15,12,50,6200,15,31,0,6611,7200,80,255,1
1763361521.2250829,3139107394136596315,12040,0,15,12,50,6200,15,31,0,6609,7200,80,255,1
1763361522.2295454,3139107394136596315,12060,0,15,12,50,6200,15,31,0,6608,7200,80,255,1
1763361523.7338564,3139107394136596315,12092,0,15,12,50,6200,15,31,0,6607,7200,80,255,1
1763361525.2349663,3139107394136596315,12124,0,15,12,50,6200,15,31,0,6605,7200,80,255,1
1763361526.7382257,3139107394136596315,12154,0,15,12,50,6200,15,31,0,6604,7200,80,255,1
1763361528.2293491,3139107394136596315,12184,0,15,12,50,6200,15,31,0,6602,7200,80,255,1
1763361529.7338092,3139107394136596315,12214,0,15,12,50,6200,15,31,0,6601,7200,80,255,1
1763361531.2239316,3139107394136596315,12244,0,15,12,50,6200,15,31,0,6599,7200,80,255,1
1763361532.232533,3139107394136596315,12265,0,15,12,50,6200,15,31,0,6598,7200,80,255,1
1763361533.2367032,3139107394136596315,12285,0,15,12,50,6200,15,31,0,6597,7200,80,255,1
1763361534.727501,3139107394136596315,12317,0,15,12,50,6200,15,31,0,6596,7200,80,255,1
1763361536.2352297,3139107394136596315,12347,0,15,12,50,6200,15,31,0,6594,7200,80,255,1
1763361537.7381947,3139107394136596315,12377,0,15,12,50,6200,15,31,0,6593,7200,80,255,1
1763361539.2359037,3139107394136596315,12408,0,15,12,50,6200,15,31,0,6591,7200,80,255,1
1763361540.7239833,3139107394136596315,12439,0,15,12,50,6200,15,31,0,6590,7200,80,255,1
1763361541.732822,3139107394136596315,12459,0,15,12,50,6200,15,31,0,6589,7200,80,255,1
1763361542.7381275,3139107394136596315,12479,0,15,12,50,6200,15,31,0,6588,7200,80,255,1
1763361544.2269826,3139107394136596315,12510,0,15,12,50,6200,15,31,0,6586,7200,80,255,1
1763361545.2338629,3139107394136596315,12530,0,15,12,50,6200,15,31,0,6585,7200,80,255,1
1763361546.2360687,3139107394136596315,12550,0,15,12,50,6200,15,31,0,6584,7200,80,255,1
1763361547.7359877,3139107394136596315,12580,0,15,12,50,6200,15,31,0,6583,7200,80,255,1
1763361549.2257965,3139107394136596315,12610,0,15,12,50,6200,15,31,0,6581,7200,80,255,1
1763361550.229434,3139107394136596315,12631,0,15,12,50,6200,15,31,0,6580,7200,80,255,1
1763361551.2350602,3139107394136596315,12651,0,15,12,50,6200,15,31,0,6579,7200,80,255,1
1763361552.2361236,3139107394136596315,12672,0,15,12,50,6200,15,31,0,6578,7200,80,255,1
1763361553.2381346,3139107394136596315,12692,0,15,12,50,6200,15,31,0,6577,7200,80,255,1
1763361554.7362514,3139107394136596315,12722,0,15,12,50,6200,15,31,0,6576,7200,80,255,1
1763361556.2305388,3139107394136596315,12753,0,15,12,50,6200,15,31,0,6574,7200,80,255,1
1763361557.7296858,3139107394136596315,12784,0,15,12,50,6200,15,31,0,6573,7200,80,255,1
1763361558.7350276,3139107394136596315,12805,0,15,12,50,6200,15,31,0,6572,7200,80,255,1
1763361560.2316525,3139107394136596315,12835,0,15,12,50,6200,15,31,0,6570,7200,80,255,1
1763361561.7270448,3139107394136596315,12865,0,15,12,50,6200,15,31,0,6569,7200,80,255,1
1763361562.731118,3139107394136596315,12885,0,15,12,50,6200,15,31,0,6568,7200,80,255,1
1763361564.2380166,3139107394136596315,12915,0,15,12,50,6200,15,31,0,6566,7200,80,255,1
1763361565.736064,3139107394136596315,12945,0,15,12,50,6200,15,31,0,6565,7200,80,255,1
1763361567.2328856,3139107394136596315,12975,0,15,12,50,6200,15,31,0,6563,7200,80,255,1
1763361568.236942,3139107394136596315,12995,0,15,12,50,6200,15,31,0,6562,7200,80,255,1
1763361569.7359774,3139107394136596315,13025,0,15,12,50,6200,15,31,0,6561,7200,80,255,1
1763361570.7361147,3139107394136596315,13045,0,15,12,50,6200,15,31,0,6560,7200,80,255,1
1763361572.2349865,3139107394136596315,13075,0,15,12,50,6200,15,31,0,6558,7200,80,255,1
1763361573.2362514,3139107394136596315,13095,0,15,12,50,6200,15,31,0,6557,7200,80,255,1
1763361574.7304976,3139107394136596315,13125,0,15,12,50,6200,15,31,0,6556,7200,80,255,1
1763361576.2235382,3139107394136596315,13155,0,15,12,50,6200,15,31,0,6554,7200,80,255,1
1763361577.2340276,3139107394136596315,13176,0,15,12,50,6200,15,31,0,6553,7200,80,255,1
1763361578.2344203,3139107394136596315,13197,0,15,12,50,6200,15,31,0,6552,7200,80,255,1
1763361579.2367156,3139107394136596315,13217,0,15,12,50,6200,15,31,0,6551,7200,80,255,1
1763361580.7304163,3139107394136596315,13248,0,15,12,50,6200,15,31,0,6550,7200,80,255,1
1763361582.2351148,3139107394136596315,13279,0,15,12,50,6200,15,31,0,6548,7200,80,255,1
1763361583.7261217,3139107394136596315,13309,0,15,12,50,6200,15,31,0,6547,7200,80,255,1
1763361584.7380521,3139107394136596315,13329,0,15,12,50,6200,15,31,0,6546,7200,80,255,1
1763361585.738247,3139107394136596315,13350,0,15,12,50,6200,15,31,0,6545,7200,80,255,1
1763361587.232566,3139107394136596315,13382,0,15,12,50,6200,15,31,0,6543,7200,80,255,1
1763361588.733548,3139107394136596315,13413,0,15,12,50,6200,15,31,0,6542,7200,80,255,1
1763361590.2257009,3139107394136596315,13444,0,15,12,50,6200,15,31,0,6540,7200,80,255,1
1763361591.2268608,3139107394136596315,13464,0,15,12,50,6200,15,31,0,6539,7200,80,255,1
1763361592.2316334,3139107394136596315,13484,0,15,12,50,6200,15,31,0,6538,7200,80,255,1
1763361593.2382545,3139107394136596315,13505,0,15,12,50,6200,15,31,0,6537,7200,80,255,1
1763361594.7340715,3139107394136596315,13535,0,15,12,50,6200,15,31,0,6536,7200,80,255,1
1763361596.236472,3139107394136596315,13566,0,15,12,50,6200,15,31,0,6534,7200,80,255,1
1763361597.7357216,3139107394136596315,13596,0,15,12,50,6200,15,31,0,6533,7200,80,255,1
1763361598.7371652,3139107394136596315,13616,0,15,12,50,6200,15,31,0,6532,7200,80,255,1
1763361600.2285013,3139107394136596315,13647,0,15,12,50,6200,15,31,0,6530,7200,80,255,1
1763361601.7328756,3139107394136596315,13677,0,15,12,50,6200,15,31,0,6529,7200,80,255,1
1763361602.7380857,3139107394136596315,13698,0,15,12,50,6200,15,31,0,6528,7200,80,255,1
1763361604.2350278,3139107394136596315,13728,0,15,12,50,6200,15,31,0,6526,7200,80,255,1
1763361605.724974,3139107394136596315,13758,0,15,12,50,6200,15,31,0,6525,7200,80,255,1
1763361606.7275653,3139107394136596315,13778,0,15,12,50,6200,15,31,0,6524,7200,80,255,1
1763361608.2363508,3139107394136596315,13809,0,15,12,50,6200,15,31,0,6522,7200,80,255,1
1763361609.7320244,3139107394136596315,13841,0,15,12,50,6200,15,31,0,6521,7200,80,255,1
1763361611.2284021,3139107394136596315,13872,0,15,12,50,6200,15,31,0,6519,7200,80,255,1
1763361612.735071,3139107394136596315,13903,0,15,12,50,6200,15,31,0,6518,7200,80,255,1
1763361613.738792,3139107394136596315,13923,0,15,12,50,6200,15,31,0,6517,7200,80,255,1
1763361615.233571,3139107394136596315,13953,0,15,12,50,6200,15,31,0,6515,7200,80,255,1
1763361616.233678,3139107394136596315,13973,0,15,12,50,6200,15,31,0,6514,7200,80,255,1
1763361617.2363613,3139107394136596315,13993,0,15,12,50,6200,15,31,0,6513,7200,80,255,1
1763361618.7372227,3139107394136596315,14023,0,15,12,50,6200,15,31,0,6512,7200,80,255,1
1763361620.2325609,3139107394136596315,14054,0,15,12,50,6200,15,31,0,6510,7200,80,255,1
1763361621.2383277,3139107394136596315,14075,0,15,12,50,6200,15,31,0,6509,7200,80,255,1
1763361622.7334785,3139107394136596315,14106,0,15,12,50,6200,15,31,0,6508,7200,80,255,1
1763361624.2335079,3139107394136596315,14136,0,15,12,50,6200,15,31,0,6506,7200,80,255,1
1763361625.7349496,3139107394136596315,14166,0,15,12,50,6200,15,31,0,6505,7200,80,255,1
1763361627.2380555,3139107394136596315,14197,0,15,12,50,6200,15,31,0,6503,7200,80,255,1
1763361628.7369375,3139107394136596315,14228,0,15,12,50,6200,15,31,0,6502,7200,80,255,1
1763361630.2382414,3139107394136596315,14258,0,15,12,50,6200,15,31,0,6500,7200,80,255,1
1763361631.7361593,3139107394136596315,14289,0,15,12,50,6200,15,31,0,6499,7200,80,255,1
1763361633.2260473,3139107394136596315,14319,0,15,12,50,6200,15,31,0,6497,7200,80,255,1
1763361634.2284145,3139107394136596315,14339,0,15,12,50,6200,15,31,0,6496,7200,80,255,1
1763361635.2293632,3139107394136596315,14360,0,15,12,50,6200,15,31,0,6495,7200,80,255,1
1763361636.2370143,3139107394136596315,14381,0,15,12,50,6200,15,31,0,6494,7200,80,255,1
1763361637.7303727,3139107394136596315,14411,0,15,12,50,6200,15,31,0,6493,7200,80,255,1
1763361639.2260349,3139107394136596315,14441,0,15,12,50,6200,15,31,0,6491,7200,80,255,1
1763361640.2303627,3139107394136596315,14461,0,15,12,50,6200,15,31,0,6490,7200,80,255,1
1763361641.2304053,3139107394136596315,14481,0,15,12,50,6200,15,31,0,6489,7200,80,255,1
1763361642.232449,3139107394136596315,14502,0,15,12,50,6200,15,31,0,6488,7200,80,255,1
1763361643.7378094,3139107394136596315,14532,0,15,12,50,6200,15,31,0,6487,7200,80,255,1
1763361645.2303936,3139107394136596315,14562,0,15,12,50,6200,15,31,0,6485,7200,80,255,1
1763361646.232868,3139107394136596315,14582,0,15,12,50,6200,15,31,0,6484,7200,80,255,1
1763361647.7293406,3139107394136596315,14612,0,15,12,50,6200,15,31,0,6483,7200,80,255,1
1763361649.2250335,3139107394136596315,14643,0,15,12,50,6200,15,31,0,6481,7200,80,255,1
1763361650.2371097,3139107394136596315,14665,0,15,12,50,6200,15,31,0,6480,7200,80,255,1
1763361651.7274022,3139107394136596315,14695,0,15,12,50,6200,15,31,0,6479,7200,80,255,1
1763361652.7276516,3139107394136596315,14715,0,15,12,50,6200,15,31,0,6478,7200,80,255,1
1763361653.730676,3139107394136596315,14735,0,15,12,50,6200,15,31,0,6477,7200,80,255,1
1763361655.2246442,3139107394136596315,14765,0,15,12,50,6200,15,31,0,6475,7200,80,255,1
1763361656.2359302,3139107394136596315,14785,0,15,12,50,6200,15,31,0,6474,7200,80,255,1
1763361657.7349904,3139107394136596315,14815,0,15,12,50,6200,15,31,0,6473,7200,80,255,1
1763361659.230597,3139107394136596315,14848,0,15,12,50,6200,15,31,0,6471,7200,80,255,1
1763361660.7234461,3139107394136596315,14878,0,15,12,50,6200,15,31,0,6470,7200,80,255,1
1763361661.7252016,3139107394136596315,14900,0,15,12,50,6200,15,31,0,6469,7200,80,255,1
1763361662.7328837,3139107394136596315,14920,0,15,12,50,6200,15,31,0,6468,7200,80,255,1
1763361663.7350538,3139107394136596315,14940,0,15,12,50,6200,15,31,0,6467,7200,80,255,1
1763361665.2312596,3139107394136596315,14971,0,15,12,50,6200,15,31,0,6465,7200,80,255,1
1763361666.2326021,3139107394136596315,14992,0,15,12,50,6200,15,31,0,6464,7200,80,255,1
1763361667.7257814,3139107394136596315,15025,0,15,12,50,6200,15,31,0,6463,7200,80,255,1
1763361669.235856,3139107394136596315,15056,0,15,12,50,6200,15,31,0,6461,7200,80,255,1
1763361670.726762,3139107394136596315,15087,0,15,12,50,6200,15,31,0,6460,7200,80,255,1
1763361671.7369547,3139107394136596315,15107,0,15,12,50,6200,15,31,0,6459,7200,80,255,1
1763361673.2260325,3139107394136596315,15138,0,15,12,50,6200,15,31,0,6457,7200,80,255,1
1763361674.237291,3139107394136596315,15158,0,15,12,50,6200,15,31,0,6456,7200,80,255,1
1763361675.727114,3139107394136596315,15188,0,15,12,50,6200,15,31,0,6455,7200,80,255,1
1763361677.236693,3139107394136596315,15218,0,15,12,50,6200,15,31,0,6453,7200,80,255,1
1763361678.7235773,3139107394136596315,15248,0,15,12,50,6200,15,31,0,6452,7200,80,255,1
1763361679.7384756,3139107394136596315,15269,0,15,12,50,6200,15,31,0,6451,7200,80,255,1
1763361681.2307334,3139107394136596315,15299,0,15,12,50,6200,15,31,0,6449,7200,80,255,1
1763361682.7372708,3139107394136596315,15331,0,15,12,50,6200,15,31,0,6448,7200,80,255,1
1763361684.2302296,3139107394136596315,15361,0,15,12,50,6200,15,31,0,6446,7200,80,255,1
1763361685.7312884,3139107394136596315,15391,0,15,12,50,6200,15,31,0,6445,7200,80,255,1
1763361686.7356157,3139107394136596315,15412,0,15,12,50,6200,15,31,0,6444,7200,80,255,1
1763361688.2279637,3139107394136596315,15443,0,15,12,50,6200,15,31,0,6442,7200,80,255,1
1763361689.2315621,3139107394136596315,15464,0,15,12,50,6200,15,31,0,6441,7200,80,255,1
1763361690.7349203,3139107394136596315,15495,0,15,12,50,6200,15,31,0,6440,7200,80,255,1
1763361691.7356322,3139107394136596315,15516,0,15,12,50,6200,15,31,0,6439,7200,80,255,1
1763361693.229869,3139107394136596315,15546,0,15,12,50,6200,15,31,0,6437,7200,80,255,1
1763361694.2377036,3139107394136596315,15566,0,15,12,50,6200,15,31,0,6436,7200,80,255,1
1763361695.7256203,3139107394136596315,15597,0,15,12,50,6200,15,31,0,6435,7200,80,255,1
1763361696.7349002,3139107394136596315,15617,0,15,12,50,6200,15,31,0,6434,7200,80,255,1
1763361698.2318318,3139107394136596315,15647,0,15,12,50,6200,15,31,0,6432,7200,80,255,1
1763361699.233647,3139107394136596315,15667,0,15,12,50,6200,15,31,0,6431,7200,80,255,1
1763361700.73008,3139107394136596315,15698,0,15,12,50,6200,15,31,0,6430,7200,80,255,1
1763361702.2326608,3139107394136596315,15728,0,15,12,50,6200,15,31,0,6428,7200,80,255,1
1763361703.235549,3139107394136596315,15749,0,15,12,50,6200,15,31,0,6427,7200,80,255,1
1763361704.7283242,3139107394136596315,15781,0,15,12,50,6200,15,31,0,6426,7200,80,255,1
1763361705.7290587,3139107394136596315,15801,0,15,12,50,6200,15,31,0,6425,7200,80,255,1
1763361707.2379487,3139107394136596315,15831,0,15,12,50,6200,15,31,0,6423,7200,80,255,1
1763361708.7329116,3139107394136596315,15862,0,15,12,50,6200,15,31,0,6422,7200,80,255,1
1763361710.23598,3139107394136596315,15892,0,15,12,50,6200,15,31,0,6420,7200,80,255,1
1763361711.7272787,3139107394136596315,15923,0,15,12,50,6200,15,31,0,6419,7200,80,255,1
1763361713.230005,3139107394136596315,15953,0,15,12,50,6200,15,31,0,6417,7200,80,255,1
1763361714.2351284,3139107394136596315,15973,0,15,12,50,6200,15,31,0,6416,7200,80,255,1
1763361715.7290585,3139107394136596315,16004,0,15,12,50,6200,15,31,0,6415,7200,80,255,1
1763361716.7312305,3139107394136596315,16025,0,15,12,50,6200,15,31,0,6414,7200,80,255,1
1763361718.2256658,3139107394136596315,16057,0,15,12,50,6200,15,31,0,6412,7200,80,255,1
1763361719.2261171,3139107394136596315,16077,0,15,12,50,6200,15,31,0,6411,7200,80,255,1
1763361720.7377887,3139107394136596315,16107,0,15,12,50,6200,15,31,0,6410,7200,80,255,1
1763361722.2326982,3139107394136596315,16138,0,15,12,50,6200,15,31,0,6408,7200,80,255,1
1763361723.2369497,3139107394136596315,16158,0,15,12,50,6200,15,31,0,6407,7200,80,255,1
1763361724.7314436,3139107394136596315,16188,0,15,12,50,6200,15,31,0,6406,7200,80,255,1
1763361726.2326105,3139107394136596315,16218,0,15,12,50,6200,15,31,0,6404,7200,80,255,1
1763361727.733472,3139107394136596315,16248,0,15,12,50,6200,15,31,0,6403,7200,80,255,1
1763361728.7366593,3139107394136596315,16268,0,15,12,50,6200,15,31,0,6402,7200,80,255,1
1763361730.235931,3139107394136596315,16298,0,15,12,50,6200,15,31,0,6400,7200,80,255,1
1763361731.7253683,3139107394136596315,16328,0,15,12,50,6200,15,31,0,6399,7200,80,255,1
1763361732.7291305,3139107394136596315,16348,0,15,12,50,6200,15,31,0,6398,7200,80,255,1
1763361733.731062,3139107394136596315,16368,0,15,12,50,6200,15,31,0,6397,7200,80,255,1
1763361734.7382443,3139107394136596315,16389,0,15,12,50,6200,15,31,0,6396,7200,80,255,1
1763361736.2263227,3139107394136596315,16419,0,15,12,50,6200,15,31,0,6394,7200,80,255,1
1763361737.227813,3139107394136596315,16439,0,15,12,50,6200,15,31,0,6393,7200,80,255,1
1763361738.2324314,3139107394136596315,16459,0,15,12,50,6200,15,31,0,6392,7200,80,255,1
1763361739.7314909,3139107394136596315,16490,0,15,12,50,6200,15,31,0,6391,7200,80,255,1
1763361740.7346811,3139107394136596315,16512,0,15,12,50,6200,15,31,0,6390,7200,80,255,1
1763361742.2292128,3139107394136596315,16542,0,15,12,50,6200,15,31,0,6388,7200,80,255,1
1763361743.2301652,3139107394136596315,16563,0,15,12,50,6200,15,31,0,6387,7200,80,255,1
1763361744.2328193,3139107394136596315,16584,0,15,12,50,6200,15,31,0,6386,7200,80,255,1
1763361745.7293086,3139107394136596315,16614,0,15,12,50,6200,15,31,0,6385,7200,80,255,1
1763361747.2271738,3139107394136596315,16645,0,15,12,50,6200,15,31,0,6383,7200,80,255,1
1763361748.2276456,3139107394136596315,16665,0,15,12,50,6200,15,31,0,6382,7200,80,255,1
1763361749.229483,3139107394136596315,16685,0,15,12,50,6200,15,31,0,6381,7200,80,255,1
1763361750.7361262,3139107394136596315,16715,0,15,12,50,6200,15,31,0,6380,7200,80,255,1
1763361751.7370954,3139107394136596315,16736,0,15,12,50,6200,15,31,0,6379,7200,80,255,1
1763361753.2290478,3139107394136596315,16766,0,15,12,50,6200,15,31,0,6377,7200,80,255,1
1763361754.2295964,3139107394136596315,16786,0,15,12,50,6200,15,31,0,6376,7200,80,255,1
1763361755.2301137,3139107394136596315,16806,0,15,12,50,6200,15,31,0,6375,7200,80,255,1
1763361756.7334764,3139107394136596315,16836,0,15,12,50,6200,15,31,0,6374,7200,80,255,1
1763361758.2284324,3139107394136596315,16867,0,15,12,50,6200,15,31,0,6372,7200,80,255,1
1763361759.2292976,3139107394136596315,16887,0,15,12,50,6200,15,31,0,6371,7200,80,255,1
1763361760.2317514,3139107394136596315,16907,0,15,12,50,6200,15,31,0,6370,7200,80,255,1
1763361761.723345,3139107394136596315,16939,0,15,12,50,6200,15,31,0,6369,7200,80,255,1
1763361762.7247627,3139107394136596315,16960,0,15,12,50,6200,15,31,0,6368,7200,80,255,1
1763361763.7268457,3139107394136596315,16981,0,15,12,50,6200,15,31,0,6367,7200,80,255,1
1763361764.7283359,3139107394136596315,17002,0,15,12,50,6200,15,31,0,6366,7200,80,255,1
1763361766.2346704,3139107394136596315,17032,0,15,12,50,6200,15,31,0,6364,7200,80,255,1
1763361767.7375588,3139107394136596315,17062,0,15,12,50,6200,15,31,0,6363,7200,80,255,1
1763361769.2293391,3139107394136596315,17092,0,15,12,50,6200,15,31,0,6361,7200,80,255,1
1763361770.7350926,3139107394136596315,17123,0,15,12,50,6200,15,31,0,6360,7200,80,255,1
1763361772.2277253,3139107394136596315,17154,0,15,12,50,6200,15,31,0,6358,7200,80,255,1
1763361773.7291033,3139107394136596315,17184,0,15,12,50,6200,15,31,0,6357,7200,80,255,1
1763361775.230298,3139107394136596315,17215,0,15,12,50,6200,15,31,0,6355,7200,80,255,1
1763361776.2350104,3139107394136596315,17236,0,15,12,50,6200,15,31,0,6354,7200,80,255,1
1763361777.7259433,3139107394136596315,17266,0,15,12,50,6200,15,31,0,6353,7200,80,255,1
1763361778.7379556,3139107394136596315,17286,0,15,12,50,6200,15,31,0,6352,7200,80,255,1
1763361780.2303262,3139107394136596315,17316,0,15,12,50,6200,15,31,0,6350,7200,80,255,1
1763361781.2312367,3139107394136596315,17336,0,15,12,50,6200,15,31,0,6349,7200,80,255,1
1763361782.7371435,3139107394136596315,17367,0,15,12,50,6200,15,31,0,6348,7200,80,255,1
1763361784.22747,3139107394136596315,17397,0,15,12,50,6200,15,31,0,6346,7200,80,255,1
1763361785.2297668,3139107394136596315,17417,0,15,12,50,6200,15,31,0,6345,7200,80,255,1
1763361786.2315958,3139107394136596315,17437,0,15,12,50,6200,15,31,0,6344,7200,80,255,1
1763361787.7237144,3139107394136596315,17467,0,15,12,50,6200,15,31,0,6343,7200,80,255,1
1763361788.7257998,3139107394136596315,17489,0,15,12,50,6200,15,31,0,6342,7200,80,255,1
1763361789.7296104,3139107394136596315,17509,0,15,12,50,6200,15,31,0,6341,7200,80,255,1
1763361791.23163,3139107394136596315,17539,0,15,12,50,6200,15,31,0,6339,7200,80,255,1
1763361792.2348933,3139107394136596315,17559,0,15,12,50,6200,15,31,0,6338,7200,80,255,1
1763361793.2349277,3139107394136596315,17580,0,15,12,50,6200,15,31,0,6337,7200,80,255,1
1763361794.725041,3139107394136596315,17611,0,15,12,50,6200,15,31,0,6336,7200,80,255,1
1763361795.7325532,3139107394136596315,17632,0,15,12,50,6200,15,31,0,6335,7200,80,255,1
1763361796.736959,3139107394136596315,17653,0,15,12,50,6200,15,31,0,6334,7200,80,255,1
1763361798.2296264,3139107394136596315,17683,0,15,12,50,6200,15,31,0,6332,7200,80,255,1
1763361799.2302003,3139107394136596315,17703,0,15,12,50,6200,15,31,0,6331,7200,80,255,1
1763361800.7336276,3139107394136596315,17734,0,15,12,50,6200,15,31,0,6330,7200,80,255,1
1763361802.2325702,3139107394136596315,17764,0,15,12,50,6200,15,31,0,6328,7200,80,255,1
1763361803.7247083,3139107394136596315,17795,0,15,12,50,6200,15,31,0,6327,7200,80,255,1
1763361804.7345562,3139107394136596315,17816,0,15,12,50,6200,15,31,0,6326,7200,80,255,1
1763361806.2293317,3139107394136596315,17847,0,15,12,50,6200,15,31,0,6324,7200,80,255,1
1763361807.7360868,3139107394136596315,17878,0,15,12,50,6200,15,31,0,6323,7200,80,255,1
1763361809.229745,3139107394136596315,17909,0,15,12,50,6200,15,31,0,6321,7200,80,255,1
1763361810.735257,3139107394136596315,17939,0,15,12,50,6200,15,31,0,6320,7200,80,255,1
1763361812.2279449,3139107394136596315,17969,0,15,12,50,6200,15,31,0,6318,7200,80,255,1
1763361813.229092,3139107394136596315,17989,0,15,12,50,6200,15,31,0,6317,7200,80,255,1
1763361814.2335923,3139107394136596315,18009,0,15,12,50,6200,15,31,0,6316,7200,80,255,1
1763361815.234692,3139107394136596315,18030,0,15,12,50,6200,15,31,0,6315,7200,80,255,1
1763361816.234826,3139107394136596315,18051,0,15,12,50,6200,15,31,0,6314,7200,80,255,1
1763361817.7339158,3139107394136596315,18081,0,15,12,50,6200,15,31,0,6313,7200,80,255,1
1763361818.7346795,3139107394136596315,18101,0,15,12,50,6200,15,31,0,6312,7200,80,255,1
1763361820.2256682,3139107394136596315,18132,0,15,12,50,6200,15,31,0,6310,7200,80,255,1
1763361821.731836,3139107394136596315,18163,0,15,12,50,6200,15,31,0,6309,7200,80,255,1
1763361823.2280467,3139107394136596315,18193,0,15,12,50,6200,15,31,0,6307,7200,80,255,1
1763361824.2346828,3139107394136596315,18214,0,15,12,50,6200,15,31,0,6306,7200,80,255,1
1763361825.7246046,3139107394136596315,18244,0,15,12,50,6200,15,31,0,6305,7200,80,255,1
1763361826.7300694,3139107394136596315,18266,0,15,12,50,6200,15,31,0,6304,7200,80,255,1
1763361827.7345061,3139107394136596315,18286,0,15,12,50,6200,15,31,0,6303,7200,80,255,1
1763361829.228,3139107394136596315,18317,0,15,12,50,6200,15,31,0,6301,7200,80,255,1
1763361830.236644,3139107394136596315,18337,0,15,12,50,6200,15,31,0,6300,7200,80,255,1
1763361831.7379725,3139107394136596315,18368,0,15,12,50,6200,15,31,0,6299,7200,80,255,1
1763361833.2367973,3139107394136596315,18399,0,15,12,50,6200,15,31,0,6297,7200,80,255,1
1763361834.237018,3139107394136596315,18419,0,15,12,50,6200,15,31,0,6296,7200,80,255,1
1763361835.729384,3139107394136596315,18450,0,15,12,50,6200,15,31,0,6295,7200,80,255,1
1763361836.7345874,3139107394136596315,18470,0,15,12,50,6200,15,31,0,6294,7200,80,255,1
1763361838.2313468,3139107394136596315,18500,0,15,12,50,6200,15,31,0,6292,7200,80,255,1
1763361839.7361152,3139107394136596315,18531,0,15,12,50,6200,15,31,0,6291,7200,80,255,1
1763361841.2311292,3139107394136596315,18562,0,15,12,50,6200,15,31,0,6289,7200,80,255,1
1763361842.2348356,3139107394136596315,18584,0,15,12,50,6200,15,31,0,6288,7200,80,255,1
1763361843.7249901,3139107394136596315,18615,0,15,12,50,6200,15,31,0,6287,7200,80,255,1
1763361844.7304566,3139107394136596315,18635,0,15,12,50,6200,15,31,0,6286,7200,80,255,1
1763361846.2271008,3139107394136596315,18665,0,15,12,50,6200,15,31,0,6284,7200,80,255,1
1763361847.2294698,3139107394136596315,18685,0,15,12,50,6200,15,31,0,6283,7200,80,255,1
1763361848.7347245,3139107394136596315,18717,0,15,12,50,6200,15,31,0,6282,7200,80,255,1
1763361850.2299616,3139107394136596315,18748,0,15,12,50,6200,15,31,0,6280,7200,80,255,1
1763361851.737964,3139107394136596315,18778,0,15,12,50,6200,15,31,0,6279,7200,80,255,1
1763361853.23327,3139107394136596315,18809,0,15,12,50,6200,15,31,0,6277,7200,80,255,1
1763361854.7363596,3139107394136596315,18839,0,15,12,50,6200,15,31,0,6276,7200,80,255,1
1763361856.2280126,3139107394136596315,18869,0,15,12,50,6200,15,31,0,6274,7200,80,255,1
1763361857.233642,3139107394136596315,18889,0,15,12,50,6200,15,31,0,6273,7200,80,255,1
1763361858.7236938,3139107394136596315,18919,0,15,12,50,6200,15,31,0,6272,7200,80,255,1
1763361859.737346,3139107394136596315,18940,0,15,12,50,6200,15,31,0,6271,7200,80,255,1
1763361861.2269342,3139107394136596315,18971,0,15,12,50,6200,15,31,0,6269,7200,80,255,1
1763361862.2373998,3139107394136596315,18991,0,15,12,50,6200,15,31,0,6268,7200,80,255,1
1763361863.7295058,3139107394136596315,19022,0,15,12,50,6200,15,31,0,6267,7200,80,255,1
1763361864.7317576,3139107394136596315,19042,0,15,12,50,6200,15,31,0,6266,7200,80,255,1
1763361866.2378733,3139107394136596315,19074,0,15,12,50,6200,15,31,0,6264,7200,80,255,1
1763361867.7278671,3139107394136596315,19104,0,15,12,50,6200,15,31,0,6263,7200,80,255,1
1763361869.2353485,3139107394136596315,19134,0,15,12,50,6200,15,31,0,6261,7200,80,255,1
1763361870.7238817,3139107394136596315,19164,0,15,12,50,6200,15,31,0,6260,7200,80,255,1
1763361871.7246623,3139107394136596315,19185,0,15,12,50,6200,15,31,0,6259,7200,80,255,1
1763361872.731058,3139107394136596315,19205,0,15,12,50,6200,15,31,0,6258,7200,80,255,1
1763361874.223589,3139107394136596315,19235,0,15,12,50,6200,15,31,0,6256,7200,80,255,1
1763361875.2360263,3139107394136596315,19256,0,15,12,50,6200,15,31,0,6255,7200,80,255,1
1763361876.7293339,3139107394136596315,19287,0,15,12,50,6200,15,31,0,6254,7200,80,255,1
1763361877.732353,3139107394136596315,19308,0,15,12,50,6200,15,31,0,6253,7200,80,255,1
1763361879.2347374,3139107394136596315,19338,0,15,12,50,6200,15,31,0,6251,7200,80,255,1
1763361880.7365777,3139107394136596315,19368,0,15,12,50,6200,15,31,0,6250,7200,80,255,1
1763361882.229378,3139107394136596315,19398,0,15,12,50,6200,15,31,0,6248,7200,80,255,1
1763361883.2346394,3139107394136596315,19418,0,15,12,50,6200,15,31,0,6247,7200,80,255,1
1763361884.2379296,3139107394136596315,19439,0,15,12,50,6200,15,31,0,6246,7200,80,255,1
1763361885.7323909,3139107394136596315,19469,0,15,12,50,6200,15,31,0,6245,7200,80,255,1
1763361887.225861,3139107394136596315,19501,0,15,12,50,6200,15,31,0,6243,7200,80,255,1
1763361888.2371767,3139107394136596315,19521,0,15,12,50,6200,15,31,0,6242,7200,80,255,1
1763361889.7300253,3139107394136596315,19552,0,15,12,50,6200,15,31,0,6241,7200,80,255,1
1763361890.7328181,3139107394136596315,19573,0,15,12,50,6200,15,31,0,6240,7200,80,255,1
1763361892.226654,3139107394136596315,19603,0,15,12,50,6200,15,31,0,6238,7200,80,255,1
1763361893.229258,3139107394136596315,19623,0,15,12,50,6200,15,31,0,6237,7200,80,255,1
1763361894.7237153,3139107394136596315,19654,0,15,12,50,6200,15,31,0,6236,7200,80,255,1
1763361895.726139,3139107394136596315,19676,0,15,12,50,6200,15,31,0,6235,7200,80,255,1
1763361897.2304935,3139107394136596315,19706,0,15,12,50,6200,15,31,0,6233,7200,80,255,1
1763361898.7356143,3139107394136596315,19737,0,15,12,50,6200,15,31,0,6232,7200,80,255,1
1763361900.2260187,3139107394136596315,19767,0,15,12,50,6200,15,31,0,6230,7200,80,255,1
1763361901.2279303,3139107394136596315,19787,0,15,12,50,6200,15,31,0,6229,7200,80,255,1
1763361902.2392883,3139107394136596315,19808,0,15,12,50,6200,15,31,0,6228,7200,80,255,1
1763361903.7383978,3139107394136596315,19839,0,15,12,50,6200,15,31,0,6227,7200,80,255,1
1763361905.234712,3139107394136596315,19870,0,15,12,50,6200,15,31,0,6225,7200,80,255,1
1763361906.2358906,3139107394136596315,19891,0,15,12,50,6200,15,31,0,6224,7200,80,255,1
1763361907.7301786,3139107394136596315,19921,0,15,12,50,6200,15,31,0,6223,7200,80,255,1
1763361908.730647,3139107394136596315,19941,0,15,12,50,6200,15,31,0,6222,7200,80,255,1
1763361909.732262,3139107394136596315,19961,0,15,12,50,6200,15,31,0,6221,7200,80,255,1
1763361910.736515,3139107394136596315,19981,0,15,12,50,6200,15,31,0,6220,7200,80,255,1
1763361912.2353365,3139107394136596315,20013,0,15,12,50,6200,15,31,0,6218,7200,80,255,1
1763361913.237663,3139107394136596315,20034,0,15,12,50,6200,15,31,0,6217,7200,80,255,1
1763361914.7243927,3139107394136596315,20064,0,15,12,50,6200,15,31,0,6216,7200,80,255,1
1763361915.7368448,3139107394136596315,20085,0,15,12,50,6200,15,31,0,6215,7200,80,255,1
1763361917.232542,3139107394136596315,20115,0,15,12,50,6200,15,31,0,6213,7200,80,255,1
1763361918.726851,3139107394136596315,20146,0,15,12,50,6200,15,31,0,6212,7200,80,255,1
1763361919.7333562,3139107394136596315,20166,0,15,12,50,6200,15,31,0,6211,7200,80,255,1
1763361920.7360086,3139107394136596315,20186,0,15,12,50,6200,15,31,0,6210,7200,80,255,1
1763361922.2333245,3139107394136596315,20216,0,15,12,50,6200,15,31,0,6208,7200,80,255,1
1763361923.735002,3139107394136596315,20246,0,15,12,50,6200,15,31,0,6207,7200,80,255,1
1763361925.2357438,3139107394136596315,20278,0,15,12,50,6200,15,31,0,6205,7200,80,255,1
1763361926.7356288,3139107394136596315,20310,0,15,12,50,6200,15,31,0,6204,7200,80,255,1
1763361928.2243283,3139107394136596315,20340,0,15,12,50,6200,15,31,0,6202,7200,80,255,1
1763361929.2269046,3139107394136596315,20361,0,15,12,50,6200,15,31,0,6201,7200,80,255,1
1763361930.2337918,3139107394136596315,20382,0,15,12,50,6200,15,31,0,6200,7200,80,255,1
1763361931.2378523,3139107394136596315,20402,0,15,12,50,6200,15,31,0,6199,7200,80,255,1
1763361932.7369688,3139107394136596315,20433,0,15,12,50,6200,15,31,0,6198,7200,80,255,1
1763361933.7372367,3139107394136596315,20454,0,15,12,50,6200,15,31,0,6197,7200,80,255,1
1763361935.223917,3139107394136596315,20486,0,15,12,50,6200,15,31,0,6195,7200,80,255,1
1763361936.236778,3139107394136596315,20508,0,15,12,50,6200,15,31,0,6194,7200,80,255,1
1763361937.7377923,3139107394136596315,20540,0,15,12,50,6200,15,31,0,6193,7200,80,255,1
1763361939.2250402,3139107394136596315,20572,0,15,12,50,6200,15,31,0,6191,7200,80,255,1
1763361940.2255888,3139107394136596315,20593,0,15,12,50,6200,15,31,0,6190,7200,80,255,1
1763361941.2296197,3139107394136596315,20615,0,15,12,50,6200,15,31,0,6189,7200,80,255,1
1763361942.2366166,3139107394136596315,20636,0,15,12,50,6200,15,31,0,6188,7200,80,255,1
1763361943.7354896,3139107394136596315,20667,0,15,12,50,6200,15,31,0,6187,7200,80,255,1
1763361945.2327166,3139107394136596315,20698,0,15,12,50,6200,15,31,0,6185,7200,80,255,1
1763361946.7265275,3139107394136596315,20729,0,15,12,50,6200,15,31,0,6184,7200,80,255,1
1763361947.7275996,3139107394136596315,20749,0,15,12,50,6200,15,31,0,6183,7200,80,255,1
1763361948.7299817,3139107394136596315,20770,0,15,12,50,6200,15,31,0,6182,7200,80,255,1
1763361949.7322783,3139107394136596315,20791,0,15,12,50,6200,15,31,0,6181,7200,80,255,1
1763361950.7366838,3139107394136596315,20812,0,15,12,50,6200,15,31,0,6180,7200,80,255,1
1763361952.2301207,3139107394136596315,20844,0,15,12,50,6200,15,31,0,6178,7200,80,255,1
1763361953.2339923,3139107394136596315,20864,0,15,12,50,6200,15,31,0,6177,7200,80,255,1
1763361954.2362542,3139107394136596315,20885,0,15,12,50,6200,15,31,0,6176,7200,80,255,1
1763361955.7355878,3139107394136596315,20916,0,15,12,50,6200,15,31,0,6175,7200,80,255,1
1763361957.235486,3139107394136596315,20946,0,15,12,50,6200,15,31,0,6173,7200,80,255,1
1763361958.235576,3139107394136596315,20966,0,15,12,50,6200,15,31,0,6172,7200,80,255,1
1763361959.7258263,3139107394136596315,20998,0,15,12,50,6200,15,31,0,6171,7200,80,255,1
1763361960.7357647,3139107394136596315,21018,0,15,12,50,6200,15,31,0,6170,7200,80,255,1
1763361961.7358668,3139107394136596315,21038,0,15,12,50,6200,15,31,0,6169,7200,80,255,1
1763361962.736915,3139107394136596315,21058,0,15,12,50,6200,15,31,0,6168,7200,80,255,1
1763361964.2274816,3139107394136596315,21089,0,15,12,50,6200,15,31,0,6166,7200,80,255,1
1763361965.7296493,3139107394136596315,21119,0,15,12,50,6200,15,31,0,6165,7200,80,255,1
1763361967.2346687,3139107394136596315,21149,0,15,12,50,6200,15,31,0,6163,7200,80,255,1
1763361968.2348077,3139107394136596315,21169,0,15,12,50,6200,15,31,0,6162,7200,80,255,1
1763361969.7378612,3139107394136596315,21202,0,15,12,50,6200,15,31,0,6161,7200,80,255,1
1763361971.229719,3139107394136596315,21232,0,15,12,50,6200,15,31,0,6159,7200,80,255,1
1763361972.7237682,3139107394136596315,21264,0,15,12,50,6200,15,31,0,6158,7200,80,255,1
1763361973.7348506,3139107394136596315,21285,0,15,12,50,6200,15,31,0,6157,7200,80,255,1
1763361975.2255552,3139107394136596315,21315,0,15,12,50,6200,15,31,0,6155,7200,80,255,1
1763361976.2270184,3139107394136596315,21335,0,15,12,50,6200,15,31,0,6154,7200,80,255,1
1763361977.2298656,3139107394136596315,21355,0,15,12,50,6200,15,31,0,6153,7200,80,255,1
1763361978.7379277,3139107394136596315,21386,0,15,12,50,6200,15,31,0,6152,7200,80,255,1
1763361980.233677,3139107394136596315,21417,0,15,12,50,6200,15,31,0,6150,7200,80,255,1
1763361981.7369237,3139107394136596315,21447,0,15,12,50,6200,15,31,0,6149,7200,80,255,1
1763361983.2294278,3139107394136596315,21477,0,15,12,50,6200,15,31,0,6147,7200,80,255,1
1763361984.7357993,3139107394136596315,21508,0,15,12,50,6200,15,31,0,6146,7200,80,255,1
1763361986.2257004,3139107394136596315,21538,0,15,12,50,6200,15,31,0,6144,7200,80,255,1
1763361987.2258716,3139107394136596315,21558,0,15,12,50,6200,15,31,0,6143,7200,80,255,1
1763361988.2306268,3139107394136596315,21578,0,15,12,50,6200,15,31,0,6142,7200,80,255,1
1763361989.2313893,3139107394136596315,21598,0,15,12,50,6200,15,31,0,6141,7200,80,255,1
1763361990.7344453,3139107394136596315,21628,0,15,12,50,6200,15,31,0,6140,7200,80,255,1
1763361992.2244961,3139107394136596315,21659,0,15,12,50,6200,15,31,0,6138,7200,80,255,1
1763361993.2258945,3139107394136596315,21680,0,15,12,50,6200,15,31,0,6137,7200,80,255,1
1763361994.7355042,3139107394136596315,21712,0,15,12,50,6200,15,31,0,6136,7200,80,255,1
1763361996.2264907,3139107394136596315,21743,0,15,12,50,6200,15,31,0,6134,7200,80,255,1
1763361997.2369335,3139107394136596315,21763,0,15,12,50,6200,15,31,0,6133,7200,80,255,1
1763361998.7305212,3139107394136596315,21796,0,15,12,50,6200,15,31,0,6132,7200,80,255,1
1763361999.7333174,3139107394136596315,21816,0,15,12,50,6200,15,31,0,6131,7200,80,255,1
1763362000.7359743,3139107394136596315,21836,0,15,12,50,6200,15,31,0,6130,7200,80,255,1
1763362002.2274618,3139107394136596315,21868,0,15,12,50,6200,15,31,0,6128,7200,80,255,1
1763362003.7303414,3139107394136596315,21900,0,15,12,50,6200,15,31,0,6127,7200,80,255,1
1763362005.231157,3139107394136596315,21930,0,15,12,50,6200,15,31,0,6125,7200,80,255,1
1763362006.2371492,3139107394136596315,21950,0,15,12,50,6200,15,31,0,6124,7200,80,255,1
1763362007.7312224,3139107394136596315,21980,0,15,12,50,6200,15,31,0,6123,7200,80,255,1
1763362008.7323983,3139107394136596315,22000,0,15,12,50,6200,15,31,0,6122,7200,80,255,1
1763362009.7377212,3139107394136596315,22021,0,15,12,50,6200,15,31,0,6121,7200,80,255,1
1763362011.2311943,3139107394136596315,22052,0,15,12,50,6200,15,31,0,6119,7200,80,255,1
1763362012.7288773,3139107394136596315,22084,0,15,12,50,6200,15,31,0,6118,7200,80,255,1
1763362014.2364702,3139107394136596315,22115,0,15,12,50,6200,15,31,0,6116,7200,80,255,1
1763362015.7276928,3139107394136596315,22147,0,15,12,50,6200,15,31,0,6115,7200,80,255,1
1763362017.23696,3139107394136596315,22177,0,15,12,50,6200,15,31,0,6113,7200,80,255,1
1763362018.7326446,3139107394136596315,22208,0,15,12,50,6200,15,31,0,6112,7200,80,255,1
1763362020.236031,3139107394136596315,22240,0,15,12,50,6200,15,31,0,6110,7200,80,255,1
1763362021.737897,3139107394136596315,22270,0,15,12,50,6200,15,31,0,6109,7200,80,255,1
1763362023.2236044,3139107394136596315,22300,0,15,12,50,6200,15,31,0,6107,7200,80,255,1
1763362024.2270818,3139107394136596315,22322,0,15,12,50,6200,15,31,0,6106,7200,80,255,1
1763362025.2343156,3139107394136596315,22342,0,15,12,50,6200,15,31,0,6105,7200,80,255,1
1763362026.732491,3139107394136596315,22372,0,15,12,50,6200,15,31,0,6104,7200,80,255,1
1763362028.2296746,3139107394136596315,22403,0,15,12,50,6200,15,31,0,6102,7200,80,255,1
1763362029.2390254,3139107394136596315,22423,0,15,12,50,6200,15,31,0,6101,7200,80,255,1
1763362030.724531,3139107394136596315,22453,0,15,12,50,6200,15,31,0,6100,7200,80,255,1
1763362031.726784,3139107394136596315,22474,0,15,12,50,6200,15,31,0,6099,7200,80,255,1
1763362032.7337403,3139107394136596315,22494,0,15,12,50,6200,15,31,0,6098,7200,80,255,1
1763362034.23475,3139107394136596315,22525,0,15,12,50,6200,15,31,0,6096,7200,80,255,1
1763362035.7334778,3139107394136596315,22555,0,15,12,50,6200,15,31,0,6095,7200,80,255,1
1763362037.2356544,3139107394136596315,22586,0,15,12,50,6200,15,31,0,6093,7200,80,255,1
1763362038.732435,3139107394136596315,22616,0,15,12,50,6200,15,31,0,6092,7200,80,255,1
1763362040.2278755,3139107394136596315,22647,0,15,12,50,6200,15,31,0,6090,7200,80,255,1
1763362041.7232947,3139107394136596315,22677,0,15,12,50,6200,15,31,0,6089,7200,80,255,1
1763362042.732234,3139107394136596315,22699,0,15,12,50,6200,15,31,0,6088,7200,80,255,1
1763362044.2271924,3139107394136596315,22730,0,15,12,50,6200,15,31,0,6086,7200,80,255,1
1763362045.734681,3139107394136596315,22761,0,15,12,50,6200,15,31,0,6085,7200,80,255,1
1763362047.2376184,3139107394136596315,22791,0,15,12,50,6200,15,31,0,6083,7200,80,255,1
1763362048.729504,3139107394136596315,22821,0,15,12,50,6200,15,31,0,6082,7200,80,255,1
1763362050.2335365,3139107394136596315,22851,0,15,12,50,6200,15,31,0,6080,7200,80,255,1
1763362051.723325,3139107394136596315,22881,0,15,12,50,6200,15,31,0,6079,7200,80,255,1
1763362052.7374475,3139107394136596315,22902,0,15,12,50,6200,15,31,0,6078,7200,80,255,1
1763362053.7376964,3139107394136596315,22922,0,15,12,50,6200,15,31,0,6077,7200,80,255,1
1763362055.2259195,3139107394136596315,22953,0,15,12,50,6200,15,31,0,6075,7200,80,255,1
1763362056.2367487,3139107394136596315,22973,0,15,12,50,6200,15,31,0,6074,7200,80,255,1
1763362057.726913,3139107394136596315,23004,0,15,12,50,6200,15,31,0,6073,7200,80,255,1
1763362058.7314785,3139107394136596315,23025,0,15,12,50,6200,15,31,0,6072,7200,80,255,1
1763362060.2332618,3139107394136596315,23056,0,15,12,50,6200,15,31,0,6070,7200,80,255,1
1763362061.7273593,3139107394136596315,23087,0,15,12,50,6200,15,31,0,6069,7200,80,255,1
1763362062.7289827,3139107394136596315,23108,0,15,12,50,6200,15,31,0,6068,7200,80,255,1
1763362063.7308173,3139107394136596315,23128,0,15,12,50,6200,15,31,0,6067,7200,80,255,1
1763362065.235604,3139107394136596315,23159,0,15,12,50,6200,15,31,0,6065,7200,80,255,1
1763362066.7281458,3139107394136596315,23189,0,15,12,50,6200,15,31,0,6064,7200,80,255,1
1763362068.2368078,3139107394136596315,23220,0,15,12,50,6200,15,31,0,6062,7200,80,255,1
1763362069.7235787,3139107394136596315,23251,0,15,12,50,6200,15,31,0,6061,7200,80,255,1
1763362070.7255826,3139107394136596315,23272,0,15,12,50,6200,15,31,0,6060,7200,80,255,1
1763362071.7262993,3139107394136596315,23292,0,15,12,50,6200,15,31,0,6059,7200,80,255,1
1763362072.7347238,3139107394136596315,23312,0,15,12,50,6200,15,31,0,6058,7200,80,255,1
1763362074.2295249,3139107394136596315,23345,0,15,12,50,6200,15,31,0,6056,7200,80,255,1
1763362075.2345939,3139107394136596315,23365,0,15,12,50,6200,15,31,0,6055,7200,80,255,1
1763362076.737964,3139107394136596315,23395,0,15,12,50,6200,15,31,0,6054,7200,80,255,1
1763362078.229978,3139107394136596315,23426,0,15,12,50,6200,15,31,0,6052,7200,80,255,1
1763362079.7357814,3139107394136596315,23457,0,15,12,50,6200,15,31,0,6051,7200,80,255,1
1763362080.736803,3139107394136596315,23478,0,15,12,50,6200,15,31,0,6050,7200,80,255,1
1763362082.2309294,3139107394136596315,23509,0,15,12,50,6200,15,31,0,6048,7200,80,255,1
1763362083.7260823,3139107394136596315,23539,0,15,12,50,6200,15,31,0,6047,7200,80,255,1
1763362084.7295349,3139107394136596315,23559,0,15,12,50,6200,15,31,0,6046,7200,80,255,1
1763362086.233309,3139107394136596315,23591,0,15,12,50,6200,15,31,0,6044,7200,80,255,1
1763362087.7335784,3139107394136596315,23622,0,15,12,50,6200,15,31,0,6043,7200,80,255,1
1763362089.230617,3139107394136596315,23653,0,15,12,50,6200,15,31,0,6041,7200,80,255,1
1763362090.7360153,3139107394136596315,23683,0,15,12,50,6200,15,31,0,6040,7200,80,255,1
1763362092.2233167,3139107394136596315,23713,0,15,12,50,6200,15,31,0,6038,7200,80,255,1
1763362093.234479,3139107394136596315,23734,0,15,12,50,6200,15,31,0,6037,7200,80,255,1
1763362094.730204,3139107394136596315,23765,0,15,12,50,6200,15,31,0,6036,7200,80,255,1
1763362096.2348127,3139107394136596315,23796,0,15,12,50,6200,15,31,0,6034,7200,80,255,1
1763362097.7294106,3139107394136596315,23827,0,15,12,50,6200,15,31,0,6033,7200,80,255,1
1763362099.2326581,3139107394136596315,23858,0,15,12,50,6200,15,31,0,6031,7200,80,255,1
1763362100.7309434,3139107394136596315,23888,0,15,12,50,6200,15,31,0,6030,7200,80,255,1
1763362101.7381322,3139107394136596315,23909,0,15,12,50,6200,15,31,0,6029,7200,80,255,1
1763362103.2287493,3139107394136596315,23940,0,15,12,50,6200,15,31,0,6027,7200,80,255,1
1763362104.7311602,3139107394136596315,23971,0,15,12,50,6200,15,31,0,6026,7200,80,255,1
1763362106.235443,3139107394136596315,24002,0,15,12,50,6200,15,31,0,6024,7200,80,255,1
1763362107.7265844,3139107394136596315,24033,0,15,12,50,6200,15,31,0,6023,7200,80,255,1
1763362109.2311616,3139107394136596315,24064,0,15,12,50,6200,15,31,0,6021,7200,80,255,1
1763362110.7305033,3139107394136596315,24095,0,15,12,50,6200,15,31,0,6020,7200,80,255,1
1763362112.2369554,3139107394136596315,24125,0,15,12,50,6200,15,31,0,6018,7200,80,255,1
1763362113.7324867,3139107394136596315,24156,0,15,12,50,6200,15,31,0,6017,7200,80,255,1
1763362114.732594,3139107394136596315,24176,0,15,12,50,6200,15,31,0,6016,7200,80,255,1
1763362115.7336082,3139107394136596315,24196,0,15,12,50,6200,15,31,0,6015,7200,80,255,1
1763362117.236883,3139107394136596315,24228,0,15,12,50,6200,15,31,0,6013,7200,80,255,1
1763362118.73615,3139107394136596315,24260,0,15,12,50,6200,15,31,0,6012,7200,80,255,1
1763362120.235574,3139107394136596315,24290,0,15,12,50,6200,15,31,0,6010,7200,80,255,1
1763362121.7333918,3139107394136596315,24320,0,15,12,50,6200,15,31,0,6009,7200,80,255,1
1763362123.2324,3139107394136596315,24350,0,15,12,50,6200,15,31,0,6007,7200,80,255,1
1763362124.2357206,3139107394136596315,24370,0,15,12,50,6200,15,31,0,6006,7200,80,255,1
1763362125.7357998,3139107394136596315,24402,0,15,12,50,6200,15,31,0,6005,7200,80,255,1
1763362126.738597,3139107394136596315,24422,0,15,12,50,6200,15,31,0,6004,7200,80,255,1
1763362128.2345448,3139107394136596315,24452,0,15,12,50,6200,15,31,0,6002,7200,80,255,1
1763362129.727978,3139107394136596315,24482,0,15,12,50,6200,15,31,0,6001,7200,80,255,1
1763362130.7294354,3139107394136596315,24503,0,15,12,50,6200,15,31,0,6000,7200,80,255,1
1763362131.7311094,3139107394136596315,24524,0,15,12,50,6200,15,31,0,5999,7200,80,255,1
1763362132.7370074,3139107394136596315,24545,0,15,12,50,6200,15,31,0,5998,7200,80,255,1
1763362133.7370505,3139107394136596315,24566,0,15,12,50,6200,15,31,0,5997,7200,80,255,1
1763362135.2301102,3139107394136596315,24596,0,15,12,50,6200,15,31,0,5995,7200,80,255,1
1763362136.233277,3139107394136596315,24617,0,15,12,50,6200,15,31,0,5994,7200,80,255,1
1763362137.2335765,3139107394136596315,24638,0,15,12,50,6200,15,31,0,5993,7200,80,255,1
1763362138.2377474,3139107394136596315,24658,0,15,12,50,6200,15,31,0,5992,7200,80,255,1
1763362139.7386487,3139107394136596315,24688,0,15,12,50,6200,15,31,0,5991,7200,80,255,1
1763362141.2334461,3139107394136596315,24718,0,15,12,50,6200,15,31,0,5989,7200,80,255,1
1763362142.7333999,3139107394136596315,24750,0,15,12,50,6200,15,31,0,5988,7200,80,255,1
1763362144.2293005,3139107394136596315,24780,0,15,12,50,6200,15,31,0,5986,7200,80,255,1
1763362145.7376246,3139107394136596315,24812,0,15,12,50,6200,15,31,0,5985,7200,80,255,1
1763362147.2279859,3139107394136596315,24843,0,15,12,50,6200,15,31,0,5983,7200,80,255,1
1763362148.724457,3139107394136596315,24875,0,15,12,50,6200,15,31,0,5982,7200,80,255,1
1763362149.73758,3139107394136596315,24896,0,15,12,50,6200,15,31,0,5981,7200,80,255,1
1763362151.2348077,3139107394136596315,24928,0,15,12,50,6200,15,31,0,5979,7200,80,255,1
1763362152.7346735,3139107394136596315,24958,0,15,12,50,6200,15,31,0,5978,7200,80,255,1
1763362154.2249246,3139107394136596315,24988,0,15,12,50,6200,15,31,0,5976,7200,80,255,1
1763362155.2371025,3139107394136596315,25008,0,15,12,50,6200,15,31,0,5975,7200,80,255,1
1763362156.7259429,3139107394136596315,25038,0,15,12,50,6200,15,31,0,5974,7200,80,255,1
1763362157.7267303,3139107394136596315,25058,0,15,12,50,6200,15,31,0,5973,7200,80,255,1
1763362158.7379048,3139107394136596315,25079,0,15,12,50,6200,15,31,0,5972,7200,80,255,1
1763362160.232418,3139107394136596315,25109,0,15,12,50,6200,15,31,0,5970,7200,80,255,1
1763362161.2369611,3139107394136596315,25130,0,15,12,50,6200,15,31,0,5969,7200,80,255,1
1763362162.727698,3139107394136596315,25161,0,15,12,50,6200,15,31,0,5968,7200,80,255,1
1763362164.233328,3139107394136596315,25192,0,15,12,50,6200,15,31,0,5966,7200,80,255,1
1763362165.7236867,3139107394136596315,25222,0,15,12,50,6200,15,31,0,5965,7200,80,255,1
1763362166.7336154,3139107394136596315,25244,0,15,12,50,6200,15,31,0,5964,7200,80,255,1
1763362167.734696,3139107394136596315,25266,0,15,12,50,6200,15,31,0,5963,7200,80,255,1
1763362169.2256367,3139107394136596315,25297,0,15,12,50,6200,15,31,0,5961,7200,80,255,1
1763362170.2354898,3139107394136596315,25317,0,15,12,50,6200,15,31,0,5960,7200,80,255,1
1763362171.7246494,3139107394136596315,25348,0,15,12,50,6200,15,31,0,5959,7200,80,255,1
1763362172.7273552,3139107394136596315,25371,0,15,12,50,6200,15,31,0,5958,7200,80,255,1
1763362174.2308486,3139107394136596315,25402,0,15,12,50,6200,15,31,0,5956,7200,80,255,1
1763362175.7366028,3139107394136596315,25434,0,15,12,50,6200,15,31,0,5955,7200,80,255,1
1763362176.7367148,3139107394136596315,25454,0,15,12,50,6200,15,31,0,5954,7200,80,255,1
1763362178.2321157,3139107394136596315,25485,0,15,12,50,6200,15,31,0,5952,7200,80,255,1
1763362179.7324183,3139107394136596315,25515,0,15,12,50,6200,15,31,0,5951,7200,80,255,1
1763362180.7348392,3139107394136596315,25536,0,15,12,50,6200,15,31,0,5950,7200,80,255,1
1763362182.2349465,3139107394136596315,25566,0,15,12,50,6200,15,31,0,5948,7200,80,255,1
1763362183.725225,3139107394136596315,25597,0,15,12,50,6200,15,31,0,5947,7200,80,255,1
1763362184.735612,3139107394136596315,25617,0,15,12,50,6200,15,31,0,5946,7200,80,255,1
1763362186.2265348,3139107394136596315,25647,0,15,12,50,6200,15,31,0,5944,7200,80,255,1
1763362187.2359393,3139107394136596315,25667,0,15,12,50,6200,15,31,0,5943,7200,80,255,1
1763362188.7252324,3139107394136596315,25698,0,15,12,50,6200,15,31,0,5942,7200,80,255,1
1763362189.7372952,3139107394136596315,25718,0,15,12,50,6200,15,31,0,5941,7200,80,255,1
1763362191.2272515,3139107394136596315,25748,0,15,12,50,6200,15,31,0,5939,7200,80,255,1
1763362192.230748,3139107394136596315,25768,0,15,12,50,6200,15,31,0,5938,7200,80,255,1
1763362193.7331583,3139107394136596315,25799,0,15,12,50,6200,15,31,0,5937,7200,80,255,1
1763362195.2255728,3139107394136596315,25829,0,15,12,50,6200,15,31,0,5935,7200,80,255,1
1763362196.2380943,3139107394136596315,25849,0,15,12,50,6200,15,31,0,5934,7200,80,255,1
1763362197.7293694,3139107394136596315,25880,0,15,12,50,6200,15,31,0,5933,7200,80,255,1
1763362199.2347698,3139107394136596315,25910,0,15,12,50,6200,15,31,0,5931,7200,80,255,1
1763362200.7323463,3139107394136596315,25940,0,15,12,50,6200,15,31,0,5930,7200,80,255,1
1763362202.2364972,3139107394136596315,25971,0,15,12,50,6200,15,31,0,5928,7200,80,255,1
1763362203.7262802,3139107394136596315,26001,0,15,12,50,6200,15,31,0,5927,7200,80,255,1
1763362204.7290585,3139107394136596315,26022,0,15,12,50,6200,15,31,0,5926,7200,80,255,1
1763362205.7300863,3139107394136596315,26043,0,15,12,50,6200,15,31,0,5925,7200,80,255,1
1763362207.2349813,3139107394136596315,26073,0,15,12,50,6200,15,31,0,5923,7200,80,255,1
1763362208.23802,3139107394136596315,26094,0,15,12,50,6200,15,31,0,5922,7200,80,255,1
1763362209.7297692,3139107394136596315,26124,0,15,12,50,6200,15,31,0,5921,7200,80,255,1
1763362210.734277,3139107394136596315,26145,0,15,12,50,6200,15,31,0,5920,7200,80,255,1
1763362212.2289028,3139107394136596315,26176,0,15,12,50,6200,15,31,0,5918,7200,80,255,1
1763362213.7363098,3139107394136596315,26206,0,15,12,50,6200,15,31,0,5917,7200,80,255,1
1763362215.2367852,3139107394136596315,26236,0,15,12,50,6200,15,31,0,5915,7200,80,255,1
1763362216.736523,3139107394136596315,26267,0,15,12,50,6200,15,31,0,5914,7200,80,255,1
1763362218.2337806,3139107394136596315,26297,0,15,12,50,6200,15,31,0,5912,7200,80,255,1
1763362219.2347314,3139107394136596315,26317,0,15,12,50,6200,15,31,0,5911,7200,80,255,1
1763362220.7343633,3139107394136596315,26349,0,15,12,50,6200,15,31,0,5910,7200,80,255,1
1763362222.2365892,3139107394136596315,26380,0,15,12,50,6200,15,31,0,5908,7200,80,255,1
1763362223.7331896,3139107394136596315,26412,0,15,12,50,6200,15,31,0,5907,7200,80,255,1
1763362225.2235854,3139107394136596315,26443,0,15,12,50,6200,15,31,0,5905,7200,80,255,1
1763362226.2303212,3139107394136596315,26464,0,15,12,50,6200,15,31,0,5904,7200,80,255,1
1763362227.737683,3139107394136596315,26494,0,15,12,50,6200,15,31,0,5903,7200,80,255,1
1763362229.23528,3139107394136596315,26524,0,15,12,50,6200,15,31,0,5901,7200,80,255,1
1763362230.735254,3139107394136596315,26554,0,15,12,50,6200,15,31,0,5900,7200,80,255,1
1763362232.2349186,3139107394136596315,26584,0,15,12,50,6200,15,31,0,5898,7200,80,255,1
1763362233.7244275,3139107394136596315,26615,0,15,12,50,6200,15,31,0,5897,7200,80,255,1
1763362234.7346578,3139107394136596315,26636,0,15,12,50,6200,15,31,0,5896,7200,80,255,1
1763362236.2375553,3139107394136596315,26666,0,15,12,50,6200,15,31,0,5894,7200,80,255,1
1763362237.7288802,3139107394136596315,26696,0,15,12,50,6200,15,31,0,5893,7200,80,255,1
1763362238.7326276,3139107394136596315,26716,0,15,12,50,6200,15,31,0,5892,7200,80,255,1
1763362240.2304454,3139107394136596315,26748,0,15,12,50,6200,15,31,0,5890,7200,80,255,1
1763362241.233262,3139107394136596315,26768,0,15,12,50,6200,15,31,0,5889,7200,80,255,1
1763362242.2378104,3139107394136596315,26789,0,15,12,50,6200,15,31,0,5888,7200,80,255,1
1763362243.7342927,3139107394136596315,26819,0,15,12,50,6200,15,31,0,5887,7200,80,255,1
1763362244.7372131,3139107394136596315,26840,0,15,12,50,6200,15,31,0,5886,7200,80,255,1
1763362246.2365007,3139107394136596315,26871,0,15,12,50,6200,15,31,0,5884,7200,80,255,1
1763362247.2366698,3139107394136596315,26891,0,15,12,50,6200,15,31,0,5883,7200,80,255,1
1763362248.237739,3139107394136596315,26912,0,15,12,50,6200,15,31,0,5882,7200,80,255,1
1763362249.7322793,3139107394136596315,26942,0,15,12,50,6200,15,31,0,5881,7200,80,255,1
1763362250.7353501,3139107394136596315,26962,0,15,12,50,6200,15,31,0,5880,7200,80,255,1
1763362252.2322786,3139107394136596315,26996,0,15,12,50,6200,15,31,0,5878,7200,80,255,1
1763362253.72787,3139107394136596315,27028,0,15,12,50,6200,15,31,0,5877,7200,80,255,1
1763362254.728974,3139107394136596315,27048,0,15,12,50,6200,15,31,0,5876,7200,80,255,1
1763362255.7363327,3139107394136596315,27068,0,15,12,50,6200,15,31,0,5875,7200,80,255,1
1763362257.2286253,3139107394136596315,27100,0,15,12,50,6200,15,31,0,5873,7200,80,255,1
1763362258.7343493,3139107394136596315,27131,0,15,12,50,6200,15,31,0,5872,7200,80,255,1
1763362259.7352953,3139107394136596315,27151,0,15,12,50,6200,15,31,0,5871,7200,80,255,1
1763362261.230352,3139107394136596315,27182,0,15,12,50,6200,15,31,0,5869,7200,80,255,1
1763362262.7381911,3139107394136596315,27213,0,15,12,50,6200,15,31,0,5868,7200,80,255,1
1763362263.7383127,3139107394136596315,27233,0,15,12,50,6200,15,31,0,5867,7200,80,255,1
1763362265.2300916,3139107394136596315,27263,0,15,12,50,6200,15,31,0,5865,7200,80,255,1
1763362266.234345,3139107394136596315,27285,0,15,12,50,6200,15,31,0,5864,7200,80,255,1
1763362267.2360067,3139107394136596315,27306,0,15,12,50,6200,15,31,0,5863,7200,80,255,1
1763362268.7309003,3139107394136596315,27338,0,15,12,50,6200,15,31,0,5862,7200,80,255,1
1763362269.7321343,3139107394136596315,27358,0,15,12,50,6200,15,31,0,5861,7200,80,255,1
1763362271.2258303,3139107394136596315,27389,0,15,12,50,6200,15,31,0,5859,7200,80,255,1
1763362272.2370508,3139107394136596315,27410,0,15,12,50,6200,15,31,0,5858,7200,80,255,1
1763362273.7314663,3139107394136596315,27440,0,15,12,50,6200,15,31,0,5857,7200,80,255,1
1763362274.736536,3139107394136596315,27460,0,15,12,50,6200,15,31,0,5856,7200,80,255,1
1763362275.7368155,3139107394136596315,27480,0,15,12,50,6200,15,31,0,5855,7200,80,255,1
1763362277.2275589,3139107394136596315,27510,0,15,12,50,6200,15,31,0,5853,7200,80,255,1
1763362278.237931,3139107394136596315,27530,0,15,12,50,6200,15,31,0,5852,7200,80,255,1
1763362279.728383,3139107394136596315,27562,0,15,12,50,6200,15,31,0,5851,7200,80,255,1
1763362280.7388625,3139107394136596315,27583,0,15,12,50,6200,15,31,0,5850,7200,80,255,1
1763362282.2285354,3139107394136596315,27613,0,15,12,50,6200,15,31,0,5848,7200,80,255,1
1763362283.7332156,3139107394136596315,27643,0,15,12,50,6200,15,31,0,5847,7200,80,255,1
1763362284.7354872,3139107394136596315,27663,0,15,12,50,6200,15,31,0,5846,7200,80,255,1
1763362286.2270062,3139107394136596315,27694,0,15,12,50,6200,15,31,0,5844,7200,80,255,1
1763362287.2296987,3139107394136596315,27715,0,15,12,50,6200,15,31,0,5843,7200,80,255,1
1763362288.7234335,3139107394136596315,27747,0,15,12,50,6200,15,31,0,5842,7200,80,255,1
1763362289.734237,3139107394136596315,27769,0,15,12,50,6200,15,31,0,5841,7200,80,255,1
1763362290.736402,3139107394136596315,27789,0,15,12,50,6200,15,31,0,5840,7200,80,255,1
1763362292.2263181,3139107394136596315,27819,0,15,12,50,6200,15,31,0,5838,7200,80,255,1
1763362293.7347233,3139107394136596315,27851,0,15,12,50,6200,15,31,0,5837,7200,80,255,1
1763362295.226458,3139107394136596315,27881,0,15,12,50,6200,15,31,0,5835,7200,80,255,1
1763362296.22997,3139107394136596315,27901,0,15,12,50,6200,15,31,0,5834,7200,80,255,1
1763362297.2330406,3139107394136596315,27921,0,15,12,50,6200,15,31,0,5833,7200,80,255,1
1763362298.2344968,3139107394136596315,27941,0,15,12,50,6200,15,31,0,5832,7200,80,255,1
1763362299.7272172,3139107394136596315,27972,0,15,12,50,6200,15,31,0,5831,7200,80,255,1
1763362300.7275238,3139107394136596315,27993,0,15,12,50,6200,15,31,0,5830,7200,80,255,1
1763362301.7324083,3139107394136596315,28014,0,15,12,50,6200,15,31,0,5829,7200,80,255,1
1763362302.7331169,3139107394136596315,28034,0,15,12,50,6200,15,31,0,5828,7200,80,255,1
1763362303.733172,3139107394136596315,28055,0,15,12,50,6200,15,31,0,5827,7200,80,255,1
1763362304.737819,3139107394136596315,28076,0,15,12,50,6200,15,31,0,5826,7200,80,255,1
1763362306.2346509,3139107394136596315,28108,0,15,12,50,6200,15,31,0,5824,7200,80,255,1
1763362307.7323844,3139107394136596315,28140,0,15,12,50,6200,15,31,0,5823,7200,80,255,1
1763362309.2294858,3139107394136596315,28171,0,15,12,50,6200,15,31,0,5821,7200,80,255,1
1763362310.725245,3139107394136596315,28203,0,15,12,50,6200,15,31,0,5820,7200,80,255,1
1763362311.728309,3139107394136596315,28224,0,15,12,50,6200,15,31,0,5819,7200,80,255,1
1763362312.7286632,3139107394136596315,28245,0,15,12,50,6200,15,31,0,5818,7200,80,255,1
1763362313.736786,3139107394136596315,28265,0,15,12,50,6200,15,31,0,5817,7200,80,255,1
1763362315.2241192,3139107394136596315,28297,0,15,12,50,6200,15,31,0,5815,7200,80,255,1
1763362316.230765,3139107394136596315,28318,0,15,12,50,6200,15,31,0,5814,7200,80,255,1
1763362317.7347295,3139107394136596315,28351,0,15,12,50,6200,15,31,0,5813,7200,80,255,1
1763362319.2367196,3139107394136596315,28381,0,15,12,50,6200,15,31,0,5811,7200,80,255,1
1763362320.7346506,3139107394136596315,28411,0,15,12,50,6200,15,31,0,5810,7200,80,255,1
1763362322.2322032,3139107394136596315,28445,0,15,12,50,6200,15,31,0,5808,7200,80,255,1
1763362323.238655,3139107394136596315,28465,0,15,12,50,6200,15,31,0,5807,7200,80,255,1
1763362324.7244105,3139107394136596315,28496,0,15,12,50,6200,15,31,0,5806,7200,80,255,1
1763362325.7259061,3139107394136596315,28518,0,15,12,50,6200,15,31,0,5805,7200,80,255,1
1763362326.7374823,3139107394136596315,28539,0,15,12,50,6200,15,31,0,5804,7200,80,255,1
1763362328.2375848,3139107394136596315,28569,0,15,12,50,6200,15,31,0,5802,7200,80,255,1
1763362329.727818,3139107394136596315,28599,0,15,12,50,6200,15,31,0,5801,7200,80,255,1
1763362330.7332695,3139107394136596315,28619,0,15,12,50,6200,15,31,0,5800,7200,80,255,1
1763362331.7391384,3139107394136596315,28641,0,15,12,50,6200,15,31,0,5799,7200,80,255,1
1763362333.2281458,3139107394136596315,28672,0,15,12,50,6200,15,31,0,5797,7200,80,255,1
1763362334.2357094,3139107394136596315,28693,0,15,12,50,6200,15,31,0,5796,7200,80,255,1
1763362335.7307246,3139107394136596315,28724,0,15,12,50,6200,15,31,0,5795,7200,80,255,1
1763362336.738715,3139107394136596315,28746,0,15,12,50,6200,15,31,0,5794,7200,80,255,1
1763362338.2254825,3139107394136596315,28777,0,15,12,50,6200,15,31,0,5792,7200,80,255,1
1763362339.2297008,3139107394136596315,28798,0,15,12,50,6200,15,31,0,5791,7200,80,255,1
1763362340.2356703,3139107394136596315,28819,0,15,12,50,6200,15,31,0,5790,7200,80,255,1
1763362341.23732,3139107394136596315,28839,0,15,12,50,6200,15,31,0,5789,7200,80,255,1
1763362342.7308242,3139107394136596315,28869,0,15,12,50,6200,15,31,0,5788,7200,80,255,1
1763362344.2281728,3139107394136596315,28901,0,15,12,50,6200,15,31,0,5786,7200,80,255,1
1763362345.7321541,3139107394136596315,28932,0,15,12,50,6200,15,31,0,5785,7200,80,255,1
1763362346.733375,3139107394136596315,28954,0,15,12,50,6200,15,31,0,5784,7200,80,255,1
1763362347.7376404,3139107394136596315,28974,0,15,12,50,6200,15,31,0,5783,7200,80,255,1
1763362349.2353039,3139107394136596315,29004,0,15,12,50,6200,15,31,0,5781,7200,80,255,1
1763362350.7307515,3139107394136596315,29034,0,15,12,50,6200,15,31,0,5780,7200,80,255,1
1763362351.7345212,3139107394136596315,29056,0,15,12,50,6200,15,31,0,5779,7200,80,255,1
1763362353.2323892,3139107394136596315,29087,0,15,12,50,6200,15,31,0,5777,7200,80,255,1
1763362354.233665,3139107394136596315,29110,0,15,12,50,6200,15,31,0,5776,7200,80,255,1
1763362355.2345047,3139107394136596315,29130,0,15,12,50,6200,15,31,0,5775,7200,80,255,1
1763362356.7340288,3139107394136596315,29160,0,15,12,50,6200,15,31,0,5774,7200,80,255,1
1763362357.7376149,3139107394136596315,29181,0,15,12,50,6200,15,31,0,5773,7200,80,255,1
1763362359.2307332,3139107394136596315,29211,0,15,12,50,6200,15,31,0,5771,7200,80,255,1
1763362360.23316,3139107394136596315,29232,0,15,12,50,6200,15,31,0,5770,7200,80,255,1
1763362361.725751,3139107394136596315,29264,0,15,12,50,6200,15,31,0,5769,7200,80,255,1
1763362363.2321522,3139107394136596315,29295,0,15,12,50,6200,15,31,0,5767,7200,80,255,1
1763362364.2358062,3139107394136596315,29317,0,15,12,50,6200,15,31,0,5766,7200,80,255,1
1763362365.7269702,3139107394136596315,29348,0,15,12,50,6200,15,31,0,5765,7200,80,255,1
1763362367.2357793,3139107394136596315,29379,0,15,12,50,6200,15,31,0,5763,7200,80,255,1
1763362368.7302327,3139107394136596315,29411,0,15,12,50,6200,15,31,0,5762,7200,80,255,1
1763362370.2366514,3139107394136596315,29442,0,15,12,50,6200,15,31,0,5760,7200,80,255,1
1763362371.7274034,3139107394136596315,29474,0,15,12,50,6200,15,31,0,5759,7200,80,255,1
1763362373.2366064,3139107394136596315,29506,0,15,12,50,6200,15,31,0,5757,7200,80,255,1
1763362374.7300613,3139107394136596315,29538,0,15,12,50,6200,15,31,0,5756,7200,80,255,1
1763362376.233196,3139107394136596315,29568,0,15,12,50,6200,15,31,0,5754,7200,80,255,1
1763362377.73696,3139107394136596315,29598,0,15,12,50,6200,15,31,0,5753,7200,80,255,1
1763362379.2272792,3139107394136596315,29630,0,15,12,50,6200,15,31,0,5751,7200,80,255,1
1763362380.7322006,3139107394136596315,29662,0,15,12,50,6200,15,31,0,5750,7200,80,255,1
1763362382.2340682,3139107394136596315,29692,0,15,12,50,6200,15,31,0,5748,7200,80,255,1
1763362383.737484,3139107394136596315,29726,0,15,12,50,6200,15,31,0,5747,7200,80,255,1
1763362385.2306309,3139107394136596315,29758,0,15,12,50,6200,15,31,0,5745,7200,80,255,1
1763362386.2355108,3139107394136596315,29778,0,15,12,50,6200,15,31,0,5744,7200,80,255,1
1763362387.7287996,3139107394136596315,29809,0,15,12,50,6200,15,31,0,5743,7200,80,255,1
1763362389.2356212,3139107394136596315,29839,0,15,12,50,6200,15,31,0,5741,7200,80,255,1
1763362390.7299328,3139107394136596315,29871,0,15,12,50,6200,15,31,0,5740,7200,80,255,1
1763362391.7323139,3139107394136596315,29891,0,15,12,50,6200,15,31,0,5739,7200,80,255,1
1763362393.234816,3139107394136596315,29923,0,15,12,50,6200,15,31,0,5737,7200,80,255,1
1763362394.2363422,3139107394136596315,29945,0,15,12,50,6200,15,31,0,5736,7200,80,255,1
1763362395.2363713,3139107394136596315,29966,0,15,12,50,6200,15,31,0,5735,7200,80,255,1
1763362396.7245028,3139107394136596315,29997,0,15,12,50,6200,15,31,0,5734,7200,80,255,1
1763362397.736069,3139107394136596315,30020,0,15,12,50,6200,15,31,0,5733,7200,80,255,1
1763362399.2314372,3139107394136596315,30051,0,15,12,50,6200,15,31,0,5731,7200,80,255,1
1763362400.7282405,3139107394136596315,30083,0,15,12,50,6200,15,31,0,5730,7200,80,255,1
1763362401.7300956,3139107394136596315,30105,0,15,12,50,6200,15,31,0,5729,7200,80,255,1
1763362402.734028,3139107394136596315,30125,0,15,12,50,6200,15,31,0,5728,7200,80,255,1
1763362403.7362099,3139107394136596315,30145,0,15,12,50,6200,15,31,0,5727,7200,80,255,1
1763362404.7379184,3139107394136596315,30166,0,15,12,50,6200,15,31,0,5726,7200,80,255,1
1763362406.2261918,3139107394136596315,30197,0,15,12,50,6200,15,31,0,5724,7200,80,255,1
1763362407.2323925,3139107394136596315,30217,0,15,12,50,6200,15,31,0,5723,7200,80,255,1
1763362408.2326145,3139107394136596315,30237,0,15,12,50,6200,15,31,0,5722,7200,80,255,1
1763362409.738464,3139107394136596315,30268,0,15,12,50,6200,15,31,0,5721,7200,80,255,1
1763362411.2320542,3139107394136596315,30298,0,15,12,50,6200,15,31,0,5719,7200,80,255,1
1763362412.2338462,3139107394136596315,30318,0,15,12,50,6200,15,31,0,5718,7200,80,255,1
1763362413.735258,3139107394136596315,30348,0,15,12,50,6200,15,31,0,5717,7200,80,255,1
1763362415.233026,3139107394136596315,30380,0,15,12,50,6200,15,31,0,5715,7200,80,255,1
1763362416.7290235,3139107394136596315,30410,0,15,12,50,6200,15,31,0,5714,7200,80,255,1
1763362418.2374353,3139107394136596315,30442,0,15,12,50,6200,15,31,0,5712,7200,80,255,1
1763362419.7356129,3139107394136596315,30473,0,15,12,50,6200,15,31,0,5711,7200,80,255,1
1763362421.2329664,3139107394136596315,30505,0,15,12,50,6200,15,31,0,5709,7200,80,255,1
1763362422.2348773,3139107394136596315,30525,0,15,12,50,6200,15,31,0,5708,7200,80,255,1
1763362423.7349038,3139107394136596315,30555,0,15,12,50,6200,15,31,0,5707,7200,80,255,1
1763362425.2331853,3139107394136596315,30587,0,15,12,50,6200,15,31,0,5705,7200,80,255,1
1763362426.734688,3139107394136596315,30619,0,15,12,50,6200,15,31,0,5704,7200,80,255,1
1763362428.2337954,3139107394136596315,30651,0,15,12,50,6200,15,31,0,5702,7200,80,255,1
1763362429.2381606,3139107394136596315,30672,0,15,12,50,6200,15,31,0,5701,7200,80,255,1
1763362430.7356064,3139107394136596315,30702,0,15,12,50,6200,15,31,0,5700,7200,80,255,1
1763362432.2374723,3139107394136596315,30734,0,15,12,50,6200,15,31,0,5698,7200,80,255,1
1763362433.735437,3139107394136596315,30764,0,15,12,50,6200,15,31,0,5697,7200,80,255,1
1763362435.2245703,3139107394136596315,30796,0,15,12,50,6200,15,31,0,5695,7200,80,255,1
1763362436.228505,3139107394136596315,30819,0,15,12,50,6200,15,31,0,5694,7200,80,255,1
1763362437.7239268,3139107394136596315,30849,0,15,12,50,6200,15,31,0,5693,7200,80,255,1
1763362438.736738,3139107394136596315,30870,0,15,12,50,6200,15,31,0,5692,7200,80,255,1
1763362440.2296014,3139107394136596315,30900,0,15,12,50,6200,15,31,0,5690,7200,80,255,1
1763362441.7329671,3139107394136596315,30931,0,15,12,50,6200,15,31,0,5689,7200,80,255,1
1763362442.7358913,3139107394136596315,30951,0,15,12,50,6200,15,31,0,5688,7200,80,255,1
1763362444.22657,3139107394136596315,30982,0,15,12,50,6200,15,31,0,5686,7200,80,255,1
1763362445.230418,3139107394136596315,31004,0,15,12,50,6200,15,31,0,5685,7200,80,255,1
1763362446.2304971,3139107394136596315,31024,0,15,12,50,6200,15,31,0,5684,7200,80,255,1
1763362447.2310796,3139107394136596315,31044,0,15,12,50,6200,15,31,0,5683,7200,80,255,1
1763362448.7369013,3139107394136596315,31077,0,15,12,50,6200,15,31,0,5682,7200,80,255,1
1763362450.2374704,3139107394136596315,31108,0,15,12,50,6200,15,31,0,5680,7200,80,255,1
1763362451.7335865,3139107394136596315,31138,0,15,12,50,6200,15,31,0,5679,7200,80,255,1
1763362453.2282012,3139107394136596315,31169,0,15,12,50,6200,15,31,0,5677,7200,80,255,1
1763362454.7330694,3139107394136596315,31199,0,15,12,50,6200,15,31,0,5676,7200,80,255,1
1763362456.2288463,3139107394136596315,31232,0,15,12,50,6200,15,31,0,5674,7200,80,255,1
1763362457.737233,3139107394136596315,31264,0,15,12,50,6200,15,31,0,5673,7200,80,255,1
1763362459.2257009,3139107394136596315,31296,0,15,12,50,6200,15,31,0,5671,7200,80,255,1
1763362460.7343175,3139107394136596315,31327,0,15,12,50,6200,15,31,0,5670,7200,80,255,1
1763362461.7357824,3139107394136596315,31347,0,15,12,50,6200,15,31,0,5669,7200,80,255,1
1763362463.2294562,3139107394136596315,31379,0,15,12,50,6200,15,31,0,5667,7200,80,255,1
1763362464.7344062,3139107394136596315,31410,0,15,12,50,6200,15,31,0,5666,7200,80,255,1
1763362465.7374313,3139107394136596315,31431,0,15,12,50,6200,15,31,0,5665,7200,80,255,1
1763362466.7377799,3139107394136596315,31454,0,15,12,50,6200,15,31,0,5664,7200,80,255,1
1763362468.2304115,3139107394136596315,31485,0,15,12,50,6200,15,31,0,5662,7200,80,255,1
1763362469.2308655,3139107394136596315,31505,0,15,12,50,6200,15,31,0,5661,7200,80,255,1
1763362470.2311127,3139107394136596315,31525,0,15,12,50,6200,15,31,0,5660,7200,80,255,1
1763362471.725326,3139107394136596315,31556,0,15,12,50,6200,15,31,0,5659,7200,80,255,1
1763362472.737346,3139107394136596315,31578,0,15,12,50,6200,15,31,0,5658,7200,80,255,1
1763362474.2262208,3139107394136596315,31610,0,15,12,50,6200,15,31,0,5656,7200,80,255,1
1763362475.7374244,3139107394136596315,31640,0,15,12,50,6200,15,31,0,5655,7200,80,255,1
1763362477.2302325,3139107394136596315,31670,0,15,12,50,6200,15,31,0,5653,7200,80,255,1
1763362478.7251418,3139107394136596315,31701,0,15,12,50,6200,15,31,0,5652,7200,80,255,1
1763362479.7355034,3139107394136596315,31722,0,15,12,50,6200,15,31,0,5651,7200,80,255,1
1763362481.2289732,3139107394136596315,31752,0,15,12,50,6200,15,31,0,5649,7200,80,255,1
1763362482.229732,3139107394136596315,31774,0,15,12,50,6200,15,31,0,5648,7200,80,255,1
1763362483.7341123,3139107394136596315,31805,0,15,12,50,6200,15,31,0,5647,7200,80,255,1
1763362484.735413,3139107394136596315,31827,0,15,12,50,6200,15,31,0,5646,7200,80,255,1
1763362485.7368572,3139107394136596315,31848,0,15,12,50,6200,15,31,0,5645,7200,80,255,1
1763362487.224573,3139107394136596315,31879,0,15,12,50,6200,15,31,0,5643,7200,80,255,1
1763362488.2333238,3139107394136596315,31901,0,15,12,50,6200,15,31,0,5642,7200,80,255,1
1763362489.2341957,3139107394136596315,31921,0,15,12,50,6200,15,31,0,5641,7200,80,255,1
1763362490.7266593,3139107394136596315,31952,0,15,12,50,6200,15,31,0,5640,7200,80,255,1
1763362492.2331595,3139107394136596315,31984,0,15,12,50,6200,15,31,0,5638,7200,80,255,1
1763362493.7365532,3139107394136596315,32014,0,15,12,50,6200,15,31,0,5637,7200,80,255,1
1763362495.2341087,3139107394136596315,32045,0,15,12,50,6200,15,31,0,5635,7200,80,255,1
1763362496.2351837,3139107394136596315,32066,0,15,12,50,6200,15,31,0,5634,7200,80,255,1
1763362497.7269862,3139107394136596315,32096,0,15,12,50,6200,15,31,0,5633,7200,80,255,1
1763362498.7311928,3139107394136596315,32117,0,15,12,50,6200,15,31,0,5632,7200,80,255,1
1763362499.734283,3139107394136596315,32138,0,15,12,50,6200,15,31,0,5631,7200,80,255,1
1763362501.2366354,3139107394136596315,32168,0,15,12,50,6200,15,31,0,5629,7200,80,255,1
1763362502.725552,3139107394136596315,32201,0,15,12,50,6200,15,31,0,5628,7200,80,255,1
1763362503.7271125,3139107394136596315,32222,0,15,12,50,6200,15,31,0,5627,7200,80,255,1
1763362504.7286353,3139107394136596315,32242,0,15,12,50,6200,15,31,0,5626,7200,80,255,1
1763362505.7307794,3139107394136596315,32263,0,15,12,50,6200,15,31,0,5625,7200,80,255,1
1763362506.737902,3139107394136596315,32283,0,15,12,50,6200,15,31,0,5624,7200,80,255,1
1763362508.2242146,3139107394136596315,32313,0,15,12,50,6200,15,31,0,5622,7200,80,255,1
1763362509.2298865,3139107394136596315,32334,0,15,12,50,6200,15,31,0,5621,7200,80,255,1
1763362510.230658,3139107394136596315,32355,0,15,12,50,6200,15,31,0,5620,7200,80,255,1
1763362511.2360628,3139107394136596315,32377,0,15,12,50,6200,15,31,0,5619,7200,80,255,1
1763362512.7251623,3139107394136596315,32407,0,15,12,50,6200,15,31,0,5618,7200,80,255,1
1763362513.728978,3139107394136596315,32427,0,15,12,50,6200,15,31,0,5617,7200,80,255,1
1763362514.7298,3139107394136596315,32447,0,15,12,50,6200,15,31,0,5616,7200,80,255,1
1763362515.7343552,3139107394136596315,32467,0,15,12,50,6200,15,31,0,5615,7200,80,255,1
1763362517.2363968,3139107394136596315,32497,0,15,12,50,6200,15,31,0,5613,7200,80,255,1
1763362518.7231827,3139107394136596315,32527,0,15,12,50,6200,15,31,0,5612,7200,80,255,1
1763362519.7301886,3139107394136596315,32551,0,15,12,50,6200,15,31,0,5611,7200,80,255,1
1763362520.731238,3139107394136596315,32571,0,15,12,50,6200,15,31,0,5610,7200,80,255,1
1763362521.7376146,3139107394136596315,32591,0,15,12,50,6200,15,31,0,5609,7200,80,255,1
1763362523.2246947,3139107394136596315,32622,0,15,12,50,6200,15,31,0,5607,7200,80,255,1
1763362524.233217,3139107394136596315,32643,0,15,12,50,6200,15,31,0,5606,7200,80,255,1
1763362525.2375567,3139107394136596315,32663,0,15,12,50,6200,15,31,0,5605,7200,80,255,1
1763362526.725705,3139107394136596315,32693,0,15,12,50,6200,15,31,0,5604,7200,80,255,1
1763362528.2367067,3139107394136596315,32725,0,15,12,50,6200,15,31,0,5602,7200,80,255,1
1763362529.7368667,3139107394136596315,32756,0,15,12,50,6200,15,31,0,5601,7200,80,255,1
1763362531.2321157,3139107394136596315,32788,0,15,12,50,6200,15,31,0,5599,7200,80,255,1
1763362532.7365847,3139107394136596315,32818,0,15,12,50,6200,15,31,0,5598,7200,80,255,1
1763362534.2323904,3139107394136596315,32848,0,15,12,50,6200,15,31,0,5596,7200,80,255,1
1763362535.7309234,3139107394136596315,32880,0,15,12,50,6200,15,31,0,5595,7200,80,255,1
1763362537.2321846,3139107394136596315,32912,0,15,12,50,6200,15,31,0,5593,7200,80,255,1
1763362538.7350824,3139107394136596315,32943,0,15,12,50,6200,15,31,0,5592,7200,80,255,1
1763362540.237584,3139107394136596315,32974,0,15,12,50,6200,15,31,0,5590,7200,80,255,1
1763362541.7231843,3139107394136596315,33005,0,15,12,50,6200,15,31,0,5589,7200,80,255,1
1763362542.725085,3139107394136596315,33026,0,15,12,50,6200,15,31,0,5588,7200,80,255,1
1763362543.7291858,3139107394136596315,33047,0,15,12,50,6200,15,31,0,5587,7200,80,255,1
1763362544.736521,3139107394136596315,33068,0,15,12,50,6200,15,31,0,5586,7200,80,255,1
1763362546.2346368,3139107394136596315,33099,0,15,12,50,6200,15,31,0,5584,7200,80,255,1
1763362547.235924,3139107394136596315,33119,0,15,12,50,6200,15,31,0,5583,7200,80,255,1
1763362548.728575,3139107394136596315,33151,0,15,12,50,6200,15,31,0,5582,7200,80,255,1
1763362549.7310119,3139107394136596315,33171,0,15,12,50,6200,15,31,0,5581,7200,80,255,1
1763362550.733077,3139107394136596315,33193,0,15,12,50,6200,15,31,0,5580,7200,80,255,1
1763362551.7358203,3139107394136596315,33213,0,15,12,50,6200,15,31,0,5579,7200,80,255,1
1763362553.23315,3139107394136596315,33243,0,15,12,50,6200,15,31,0,5577,7200,80,255,1
1763362554.7350614,3139107394136596315,33274,0,15,12,50,6200,15,31,0,5576,7200,80,255,1
1763362556.2312818,3139107394136596315,33307,0,15,12,50,6200,15,31,0,5574,7200,80,255,1
1763362557.2360783,3139107394136596315,33327,0,15,12,50,6200,15,31,0,5573,7200,80,255,1
1763362558.7307644,3139107394136596315,33357,0,15,12,50,6200,15,31,0,5572,7200,80,255,1
1763362559.73291,3139107394136596315,33378,0,15,12,50,6200,15,31,0,5571,7200,80,255,1
1763362561.227257,3139107394136596315,33408,0,15,12,50,6200,15,31,0,5569,7200,80,255,1
1763362562.2276022,3139107394136596315,33428,0,15,12,50,6200,15,31,0,5568,7200,80,255,1
1763362563.2280955,3139107394136596315,33450,0,15,12,50,6200,15,31,0,5567,7200,80,255,1
1763362564.7331393,3139107394136596315,33480,0,15,12,50,6200,15,31,0,5566,7200,80,255,1
1763362566.2341928,3139107394136596315,33511,0,15,12,50,6200,15,31,0,5564,7200,80,255,1
1763362567.7306812,3139107394136596315,33541,0,15,12,50,6200,15,31,0,5563,7200,80,255,1
1763362568.7373896,3139107394136596315,33562,0,15,12,50,6200,15,31,0,5562,7200,80,255,1
1763362570.2293124,3139107394136596315,33592,0,15,12,50,6200,15,31,0,5560,7200,80,255,1
1763362571.2312562,3139107394136596315,33613,0,15,12,50,6200,15,31,0,5559,7200,80,255,1
1763362572.7265291,3139107394136596315,33645,0,15,12,50,6200,15,31,0,5558,7200,80,255,1
1763362574.2309318,3139107394136596315,33676,0,15,12,50,6200,15,31,0,5556,7200,80,255,1
1763362575.7357843,3139107394136596315,33707,0,15,12,50,6200,15,31,0,5555,7200,80,255,1
1763362577.2357311,3139107394136596315,33740,0,15,12,50,6200,15,31,0,5553,7200,80,255,1
1763362578.7294981,3139107394136596315,33771,0,15,12,50,6200,15,31,0,5552,7200,80,255,1
1763362579.7299154,3139107394136596315,33792,0,15,12,50,6200,15,31,0,5551,7200,80,255,1
1763362581.236304,3139107394136596315,33823,0,15,12,50,6200,15,31,0,5549,7200,80,255,1
1763362582.728391,3139107394136596315,33856,0,15,12,50,6200,15,31,0,5548,7200,80,255,1
1763362583.7335382,3139107394136596315,33876,0,15,12,50,6200,15,31,0,5547,7200,80,255,1
1763362584.7338889,3139107394136596315,33897,0,15,12,50,6200,15,31,0,5546,7200,80,255,1
1763362585.73424,3139107394136596315,33918,0,15,12,50,6200,15,31,0,5545,7200,80,255,1
1763362586.734722,3139107394136596315,33940,0,15,12,50,6200,15,31,0,5544,7200,80,255,1
1763362587.7356231,3139107394136596315,33962,0,15,12,50,6200,15,31,0,5543,7200,80,255,1
1763362589.230175,3139107394136596315,33993,0,15,12,50,6200,15,31,0,5541,7200,80,255,1
1763362590.7365243,3139107394136596315,34026,0,15,12,50,6200,15,31,0,5540,7200,80,255,1
1763362592.2288368,3139107394136596315,34056,0,15,12,50,6200,15,31,0,5538,7200,80,255,1
1763362593.7365994,3139107394136596315,34087,0,15,12,50,6200,15,31,0,5537,7200,80,255,1
1763362594.737166,3139107394136596315,34107,0,15,12,50,6200,15,31,0,5536,7200,80,255,1
1763362596.2240295,3139107394136596315,34137,0,15,12,50,6200,15,31,0,5534,7200,80,255,1
1763362597.237586,3139107394136596315,34158,0,15,12,50,6200,15,31,0,5533,7200,80,255,1
1763362598.7291183,3139107394136596315,34190,0,15,12,50,6200,15,31,0,5532,7200,80,255,1
1763362599.732517,3139107394136596315,34210,0,15,12,50,6200,15,31,0,5531,7200,80,255,1
1763362600.7344153,3139107394136596315,34233,0,15,12,50,6200,15,31,0,5530,7200,80,255,1
1763362602.23084,3139107394136596315,34264,0,15,12,50,6200,15,31,0,5528,7200,80,255,1
1763362603.2329009,3139107394136596315,34285,0,15,12,50,6200,15,31,0,5527,7200,80,255,1
1763362604.2356675,3139107394136596315,34306,0,15,12,50,6200,15,31,0,5526,7200,80,255,1
1763362605.2364173,3139107394136596315,34326,0,15,12,50,6200,15,31,0,5525,7200,80,255,1
1763362606.728853,3139107394136596315,34357,0,15,12,50,6200,15,31,0,5524,7200,80,255,1
1763362607.7305396,3139107394136596315,34379,0,15,12,50,6200,15,31,0,5523,7200,80,255,1
1763362608.7343693,3139107394136596315,34400,0,15,12,50,6200,15,31,0,5522,7200,80,255,1
1763362610.2253134,3139107394136596315,34432,0,15,12,50,6200,15,31,0,5520,7200,80,255,1
1763362611.2339828,3139107394136596315,34452,0,15,12,50,6200,15,31,0,5519,7200,80,255,1
1763362612.7373586,3139107394136596315,34482,0,15,12,50,6200,15,31,0,5518,7200,80,255,1
1763362614.2238898,3139107394136596315,34512,0,15,12,50,6200,15,31,0,5516,7200,80,255,1
1763362615.227472,3139107394136596315,34534,0,15,12,50,6200,15,31,0,5515,7200,80,255,1
1763362616.2339697,3139107394136596315,34555,0,15,12,50,6200,15,31,0,5514,7200,80,255,1
1763362617.2352846,3139107394136596315,34576,0,15,12,50,6200,15,31,0,5513,7200,80,255,1
1763362618.732355,3139107394136596315,34607,0,15,12,50,6200,15,31,0,5512,7200,80,255,1
1763362619.7352178,3139107394136596315,34627,0,15,12,50,6200,15,31,0,5511,7200,80,255,1
1763362621.230118,3139107394136596315,34658,0,15,12,50,6200,15,31,0,5509,7200,80,255,1
1763362622.7332165,3139107394136596315,34690,0,15,12,50,6200,15,31,0,5508,7200,80,255,1
1763362624.2363353,3139107394136596315,34720,0,15,12,50,6200,15,31,0,5506,7200,80,255,1
1763362625.736267,3139107394136596315,34750,0,15,12,50,6200,15,31,0,5505,7200,80,255,1
1763362627.236464,3139107394136596315,34783,0,15,12,50,6200,15,31,0,5503,7200,80,255,1
1763362628.7343862,3139107394136596315,34813,0,15,12,50,6200,15,31,0,5502,7200,80,255,1
1763362630.2352662,3139107394136596315,34843,0,15,12,50,6200,15,31,0,5500,7200,80,255,1
1763362631.7323565,3139107394136596315,34874,0,15,12,50,6200,15,31,0,5499,7200,80,255,1
1763362632.7351305,3139107394136596315,34894,0,15,12,50,6200,15,31,0,5498,7200,80,255,1
1763362634.2314963,3139107394136596315,34925,0,15,12,50,6200,15,31,0,5496,7200,80,255,1
1763362635.7333467,3139107394136596315,34956,0,15,12,50,6200,15,31,0,5495,7200,80,255,1
1763362637.230703,3139107394136596315,34988,0,15,12,50,6200,15,31,0,5493,7200,80,255,1
1763362638.2320838,3139107394136596315,35011,0,15,12,50,6200,15,31,0,5492,7200,80,255,1
1763362639.2351456,3139107394136596315,35033,0,15,12,50,6200,15,31,0,5491,7200,80,255,1
1763362640.7354932,3139107394136596315,35066,0,15,12,50,6200,15,31,0,5490,7200,80,255,1
1763362642.2342134,3139107394136596315,35098,0,15,12,50,6200,15,31,0,5488,7200,80,255,1
1763362643.2362864,3139107394136596315,35119,0,15,12,50,6200,15,31,0,5487,7200,80,255,1
1763362644.2364168,3139107394136596315,35141,0,15,12,50,6200,15,31,0,5486,7200,80,255,1
1763362645.7250226,3139107394136596315,35171,0,15,12,50,6200,15,31,0,5485,7200,80,255,1
1763362646.7282736,3139107394136596315,35193,0,15,12,50,6200,15,31,0,5484,7200,80,255,1
1763362647.7290766,3139107394136596315,35214,0,15,12,50,6200,15,31,0,5483,7200,80,255,1
1763362648.7314606,3139107394136596315,35236,0,15,12,50,6200,15,31,0,5482,7200,80,255,1
1763362649.7340708,3139107394136596315,35257,0,15,12,50,6200,15,31,0,5481,7200,80,255,1
1763362651.2341285,3139107394136596315,35287,0,15,12,50,6200,15,31,0,5479,7200,80,255,1
1763362652.7314165,3139107394136596315,35317,0,15,12,50,6200,15,31,0,5478,7200,80,255,1
1763362653.737939,3139107394136596315,35338,0,15,12,50,6200,15,31,0,5477,7200,80,255,1
1763362655.2312279,3139107394136596315,35368,0,15,12,50,6200,15,31,0,5475,7200,80,255,1
1763362656.2341583,3139107394136596315,35388,0,15,12,50,6200,15,31,0,5474,7200,80,255,1
1763362657.7261386,3139107394136596315,35418,0,15,12,50,6200,15,31,0,5473,7200,80,255,1
1763362658.726994,3139107394136596315,35438,0,15,12,50,6200,15,31,0,5472,7200,80,255,1
1763362659.738149,3139107394136596315,35459,0,15,12,50,6200,15,31,0,5471,7200,80,255,1
1763362661.2269795,3139107394136596315,35491,0,15,12,50,6200,15,31,0,5469,7200,80,255,1
1763362662.2362301,3139107394136596315,35511,0,15,12,50,6200,15,31,0,5468,7200,80,255,1
1763362663.7313502,3139107394136596315,35541,0,15,12,50,6200,15,31,0,5467,7200,80,255,1
1763362664.7350872,3139107394136596315,35562,0,15,12,50,6200,15,31,0,5466,7200,80,255,1
1763362666.2305205,3139107394136596315,35592,0,15,12,50,6200,15,31,0,5464,7200,80,255,1
1763362667.726294,3139107394136596315,35624,0,15,12,50,6200,15,31,0,5463,7200,80,255,1
1763362669.234994,3139107394136596315,35654,0,15,12,50,6200,15,31,0,5461,7200,80,255,1
1763362670.734907,3139107394136596315,35685,0,15,12,50,6200,15,31,0,5460,7200,80,255,1
1763362672.2241569,3139107394136596315,35716,0,15,12,50,6200,15,31,0,5458,7200,80,255,1
1763362673.2258513,3139107394136596315,35737,0,15,12,50,6200,15,31,0,5457,7200,80,255,1
1763362674.7295082,3139107394136596315,35768,0,15,12,50,6200,15,31,0,5456,7200,80,255,1
1763362675.7305508,3139107394136596315,35788,0,15,12,50,6200,15,31,0,5455,7200,80,255,1
1763362677.2252553,3139107394136596315,35819,0,15,12,50,6200,15,31,0,5453,7200,80,255,1
1763362678.2370276,3139107394136596315,35840,0,15,12,50,6200,15,31,0,5452,7200,80,255,1
1763362679.7284255,3139107394136596315,35870,0,15,12,50,6200,15,31,0,5451,7200,80,255,1
1763362681.2322571,3139107394136596315,35900,0,15,12,50,6200,15,31,0,5449,7200,80,255,1
1763362682.735214,3139107394136596315,35930,0,15,12,50,6200,15,31,0,5448,7200,80,255,1
1763362684.2273545,3139107394136596315,35962,0,15,12,50,6200,15,31,0,5446,7200,80,255,1
1763362685.2288828,3139107394136596315,35982,0,15,12,50,6200,15,31,0,5445,7200,80,255,1
1763362686.2292178,3139107394136596315,36003,0,15,12,50,6200,15,31,0,5444,7200,80,255,1
1763362687.7351575,3139107394136596315,36035,0,15,12,50,6200,15,31,0,5443,7200,80,255,1
1763362688.7377675,3139107394136596315,36056,0,15,12,50,6200,15,31,0,5442,7200,80,255,1
1763362690.2264802,3139107394136596315,36086,0,15,12,50,6200,15,31,0,5440,7200,80,255,1
1763362691.238422,3139107394136596315,36106,0,15,12,50,6200,15,31,0,5439,7200,80,255,1
1763362692.734267,3139107394136596315,36136,0,15,12,50,6200,15,31,0,5438,7200,80,255,1
1763362693.7357984,3139107394136596315,36156,0,15,12,50,6200,15,31,0,5437,7200,80,255,1
1763362695.227332,3139107394136596315,36189,0,15,12,50,6200,15,31,0,5435,7200,80,255,1
1763362696.2371144,3139107394136596315,36209,0,15,12,50,6200,15,31,0,5434,7200,80,255,1
1763362697.7308466,3139107394136596315,36240,0,15,12,50,6200,15,31,0,5433,7200,80,255,1
1763362698.736063,3139107394136596315,36261,0,15,12,50,6200,15,31,0,5432,7200,80,255,1
1763362700.2298305,3139107394136596315,36292,0,15,12,50,6200,15,31,0,5430,7200,80,255,1
1763362701.2298837,3139107394136596315,36313,0,15,12,50,6200,15,31,0,5429,7200,80,255,1
1763362702.2321644,3139107394136596315,36334,0,15,12,50,6200,15,31,0,5428,7200,80,255,1
1763362703.234404,3139107394136596315,36356,0,15,12,50,6200,15,31,0,5427,7200,80,255,1
1763362704.7284749,3139107394136596315,36386,0,15,12,50,6200,15,31,0,5426,7200,80,255,1
1763362706.232181,3139107394136596315,36418,0,15,12,50,6200,15,31,0,5424,7200,80,255,1
1763362707.2340925,3139107394136596315,36438,0,15,12,50,6200,15,31,0,5423,7200,80,255,1
1763362708.2341645,3139107394136596315,36459,0,15,12,50,6200,15,31,0,5422,7200,80,255,1
1763362709.7271686,3139107394136596315,36490,0,15,12,50,6200,15,31,0,5421,7200,80,255,1
1763362710.7285662,3139107394136596315,36511,0,15,12,50,6200,15,31,0,5420,7200,80,255,1
1763362711.7295437,3139107394136596315,36533,0,15,12,50,6200,15,31,0,5419,7200,80,255,1
1763362712.729574,3139107394136596315,36554,0,15,12,50,6200,15,31,0,5418,7200,80,255,1
1763362713.733105,3139107394136596315,36575,0,15,12,50,6200,15,31,0,5417,7200,80,255,1
1763362714.736249,3139107394136596315,36596,0,15,12,50,6200,15,31,0,5416,7200,80,255,1
1763362716.2324812,3139107394136596315,36629,0,15,12,50,6200,15,31,0,5414,7200,80,255,1
1763362717.2373056,3139107394136596315,36651,0,15,12,50,6200,15,31,0,5413,7200,80,255,1
1763362718.7329252,3139107394136596315,36681,0,15,12,50,6200,15,31,0,5412,7200,80,255,1
1763362720.2306678,3139107394136596315,36714,0,15,12,50,6200,15,31,0,5410,7200,80,255,1
1763362721.2328856,3139107394136596315,36736,0,15,12,50,6200,15,31,0,5409,7200,80,255,1
1763362722.2340903,3139107394136596315,36756,0,15,12,50,6200,15,31,0,5408,7200,80,255,1
1763362723.7359753,3139107394136596315,36786,0,15,12,50,6200,15,31,0,5407,7200,80,255,1
1763362725.2352588,3139107394136596315,36817,0,15,12,50,6200,15,31,0,5405,7200,80,255,1
1763362726.7241454,3139107394136596315,36848,0,15,12,50,6200,15,31,0,5404,7200,80,255,1
1763362727.7350366,3139107394136596315,36870,0,15,12,50,6200,15,31,0,5403,7200,80,255,1
1763362729.237379,3139107394136596315,36900,0,15,12,50,6200,15,31,0,5401,7200,80,255,1
1763362730.734052,3139107394136596315,36932,0,15,12,50,6200,15,31,0,5400,7200,80,255,1
1763362732.2264535,3139107394136596315,36966,0,15,12,50,6200,15,31,0,5398,7200,80,255,1
1763362733.2294805,3139107394136596315,36986,0,15,12,50,6200,15,31,0,5397,7200,80,255,1
1763362734.237863,3139107394136596315,37008,0,15,12,50,6200,15,31,0,5396,7200,80,255,1
1763362735.7327669,3139107394136596315,37040,0,15,12,50,6200,15,31,0,5395,7200,80,255,1
1763362736.738212,3139107394136596315,37061,0,15,12,50,6200,15,31,0,5394,7200,80,255,1
1763362738.2240586,3139107394136596315,37094,0,15,12,50,6200,15,31,0,5392,7200,80,255,1
1763362739.2379508,3139107394136596315,37115,0,15,12,50,6200,15,31,0,5391,7200,80,255,1
1763362740.7366927,3139107394136596315,37145,0,15,12,50,6200,15,31,0,5390,7200,80,255,1
1763362742.2313995,3139107394136596315,37176,0,15,12,50,6200,15,31,0,5388,7200,80,255,1
1763362743.731595,3139107394136596315,37209,0,15,12,50,6200,15,31,0,5387,7200,80,255,1
1763362744.7350693,3139107394136596315,37230,0,15,12,50,6200,15,31,0,5386,7200,80,255,1
1763362745.7372258,3139107394136596315,37251,0,15,12,50,6200,15,31,0,5385,7200,80,255,1
1763362747.232969,3139107394136596315,37281,0,15,12,50,6200,15,31,0,5383,7200,80,255,1
1763362748.2362196,3139107394136596315,37303,0,15,12,50,6200,15,31,0,5382,7200,80,255,1
1763362749.729377,3139107394136596315,37335,0,15,12,50,6200,15,31,0,5381,7200,80,255,1
1763362751.2349913,3139107394136596315,37365,0,15,12,50,6200,15,31,0,5379,7200,80,255,1
1763362752.7299914,3139107394136596315,37396,0,15,12,50,6200,15,31,0,5378,7200,80,255,1
1763362754.2352471,3139107394136596315,37427,0,15,12,50,6200,15,31,0,5376,7200,80,255,1
1763362755.235289,3139107394136596315,37447,0,15,12,50,6200,15,31,0,5375,7200,80,255,1
1763362756.236296,3139107394136596315,37470,0,15,12,50,6200,15,31,0,5374,7200,80,255,1
1763362757.727084,3139107394136596315,37502,0,15,12,50,6200,15,31,0,5373,7200,80,255,1
1763362758.736618,3139107394136596315,37522,0,15,12,50,6200,15,31,0,5372,7200,80,255,1
1763362760.2249537,3139107394136596315,37555,0,15,12,50,6200,15,31,0,5370,7200,80,255,1
1763362761.2296474,3139107394136596315,37576,0,15,12,50,6200,15,31,0,5369,7200,80,255,1
1763362762.2302601,3139107394136596315,37597,0,15,12,50,6200,15,31,0,5368,7200,80,255,1
1763362763.2383373,3139107394136596315,37617,0,15,12,50,6200,15,31,0,5367,7200,80,255,1
1763362764.735421,3139107394136596315,37647,0,15,12,50,6200,15,31,0,5366,7200,80,255,1
1763362766.2269366,3139107394136596315,37678,0,15,12,50,6200,15,31,0,5364,7200,80,255,1
1763362767.2271247,3139107394136596315,37699,0,15,12,50,6200,15,31,0,5363,7200,80,255,1
1763362768.732877,3139107394136596315,37732,0,15,12,50,6200,15,31,0,5362,7200,80,255,1
1763362770.224065,3139107394136596315,37762,0,15,12,50,6200,15,31,0,5360,7200,80,255,1
1763362771.2368116,3139107394136596315,37783,0,15,12,50,6200,15,31,0,5359,7200,80,255,1
1763362772.7304006,3139107394136596315,37814,0,15,12,50,6200,15,31,0,5358,7200,80,255,1
1763362773.7305362,3139107394136596315,37835,0,15,12,50,6200,15,31,0,5357,7200,80,255,1
1763362774.7324564,3139107394136596315,37855,0,15,12,50,6200,15,31,0,5356,7200,80,255,1
1763362775.7339823,3139107394136596315,37877,0,15,12,50,6200,15,31,0,5355,7200,80,255,1
1763362777.2248263,3139107394136596315,37909,0,15,12,50,6200,15,31,0,5353,7200,80,255,1
1763362778.2252204,3139107394136596315,37930,0,15,12,50,6200,15,31,0,5352,7200,80,255,1
1763362779.2371187,3139107394136596315,37952,0,15,12,50,6200,15,31,0,5351,7200,80,255,1
1763362780.7315626,3139107394136596315,37985,0,15,12,50,6200,15,31,0,5350,7200,80,255,1
1763362782.224597,3139107394136596315,38016,0,15,12,50,6200,15,31,0,5348,7200,80,255,1
1763362783.2372608,3139107394136596315,38037,0,15,12,50,6200,15,31,0,5347,7200,80,255,1
1763362784.7306223,3139107394136596315,38067,0,15,12,50,6200,15,31,0,5346,7200,80,255,1
1763362786.2362194,3139107394136596315,38098,0,15,12,50,6200,15,31,0,5344,7200,80,255,1
1763362787.7362242,3139107394136596315,38129,0,15,12,50,6200,15,31,0,5343,7200,80,255,1
1763362789.2239249,3139107394136596315,38160,0,15,12,50,6200,15,31,0,5341,7200,80,255,1
1763362790.236504,3139107394136596315,38181,0,15,12,50,6200,15,31,0,5340,7200,80,255,1
1763362791.7273617,3139107394136596315,38214,0,15,12,50,6200,15,31,0,5339,7200,80,255,1
1763362792.734235,3139107394136596315,38235,0,15,12,50,6200,15,31,0,5338,7200,80,255,1
1763362794.2262423,3139107394136596315,38266,0,15,12,50,6200,15,31,0,5336,7200,80,255,1
1763362795.2273738,3139107394136596315,38286,0,15,12,50,6200,15,31,0,5335,7200,80,255,1
1763362796.23743,3139107394136596315,38306,0,15,12,50,6200,15,31,0,5334,7200,80,255,1
1763362797.72809,3139107394136596315,38336,0,15,12,50,6200,15,31,0,5333,7200,80,255,1
1763362799.2370756,3139107394136596315,38368,0,15,12,50,6200,15,31,0,5331,7200,80,255,1
1763362800.2371287,3139107394136596315,38389,0,15,12,50,6200,15,31,0,5330,7200,80,255,1
1763362801.7316213,3139107394136596315,38421,0,15,12,50,6200,15,31,0,5329,7200,80,255,1
1763362803.2330315,3139107394136596315,38453,0,15,12,50,6200,15,31,0,5327,7200,80,255,1
1763362804.726603,3139107394136596315,38485,0,15,12,50,6200,15,31,0,5326,7200,80,255,1
1763362805.7327096,3139107394136596315,38507,0,15,12,50,6200,15,31,0,5325,7200,80,255,1
1763362807.2271972,3139107394136596315,38538,0,15,12,50,6200,15,31,0,5323,7200,80,255,1
1763362808.227454,3139107394136596315,38559,0,15,12,50,6200,15,31,0,5322,7200,80,255,1
1763362809.2281797,3139107394136596315,38580,0,15,12,50,6200,15,31,0,5321,7200,80,255,1
1763362810.2337472,3139107394136596315,38602,0,15,12,50,6200,15,31,0,5320,7200,80,255,1
1763362811.233756,3139107394136596315,38625,0,15,12,50,6200,15,31,0,5319,7200,80,255,1
1763362812.7283108,3139107394136596315,38656,0,15,12,50,6200,15,31,0,5318,7200,80,255,1
1763362814.2230864,3139107394136596315,38687,0,15,12,50,6200,15,31,0,5316,7200,80,255,1
1763362815.2264202,3139107394136596315,38708,0,15,12,50,6200,15,31,0,5315,7200,80,255,1
1763362816.2385032,3139107394136596315,38729,0,15,12,50,6200,15,31,0,5314,7200,80,255,1
1763362817.7351203,3139107394136596315,38760,0,15,12,50,6200,15,31,0,5313,7200,80,255,1
1763362819.227042,3139107394136596315,38790,0,15,12,50,6200,15,31,0,5311,7200,80,255,1
1763362820.2311034,3139107394136596315,38813,0,15,12,50,6200,15,31,0,5310,7200,80,255,1
1763362821.2326257,3139107394136596315,38834,0,15,12,50,6200,15,31,0,5309,7200,80,255,1
1763362822.2349968,3139107394136596315,38856,0,15,12,50,6200,15,31,0,5308,7200,80,255,1
1763362823.736137,3139107394136596315,38886,0,15,12,50,6200,15,31,0,5307,7200,80,255,1
1763362825.2273083,3139107394136596315,38917,0,15,12,50,6200,15,31,0,5305,7200,80,255,1
1763362826.2329366,3139107394136596315,38939,0,15,12,50,6200,15,31,0,5304,7200,80,255,1
1763362827.7362635,3139107394136596315,38970,0,15,12,50,6200,15,31,0,5303,7200,80,255,1
1763362828.738132,3139107394136596315,38990,0,15,12,50,6200,15,31,0,5302,7200,80,255,1
1763362830.2375057,3139107394136596315,39021,0,15,12,50,6200,15,31,0,5300,7200,80,255,1
1763362831.7352579,3139107394136596315,39055,0,15,12,50,6200,15,31,0,5299,7200,80,255,1
1763362833.228446,3139107394136596315,39085,0,15,12,50,6200,15,31,0,5297,7200,80,255,1
1763362834.7341006,3139107394136596315,39117,0,15,12,50,6200,15,31,0,5296,7200,80,255,1
1763362836.2306802,3139107394136596315,39150,0,15,12,50,6200,15,31,0,5294,7200,80,255,1
1763362837.2328033,3139107394136596315,39170,0,15,12,50,6200,15,31,0,5293,7200,80,255,1
1763362838.2352297,3139107394136596315,39192,0,15,12,50,6200,15,31,0,5292,7200,80,255,1
1763362839.7295506,3139107394136596315,39223,0,15,12,50,6200,15,31,0,5291,7200,80,255,1
1763362840.7338216,3139107394136596315,39245,0,15,12,50,6200,15,31,0,5290,7200,80,255,1
1763362841.7361128,3139107394136596315,39266,0,15,12,50,6200,15,31,0,5289,7200,80,255,1
1763362842.736284,3139107394136596315,39287,0,15,12,50,6200,15,31,0,5288,7200,80,255,1
1763362844.2303436,3139107394136596315,39318,0,15,12,50,6200,15,31,0,5286,7200,80,255,1
1763362845.7380147,3139107394136596315,39350,0,15,12,50,6200,15,31,0,5285,7200,80,255,1
1763362847.2310956,3139107394136596315,39383,0,15,12,50,6200,15,31,0,5283,7200,80,255,1
1763362848.726028,3139107394136596315,39413,0,15,12,50,6200,15,31,0,5282,7200,80,255,1
1763362849.7293448,3139107394136596315,39433,0,15,12,50,6200,15,31,0,5281,7200,80,255,1
1763362851.2298067,3139107394136596315,39466,0,15,12,50,6200,15,31,0,5279,7200,80,255,1
1763362852.724847,3139107394136596315,39496,0,15,12,50,6200,15,31,0,5278,7200,80,255,1
1763362853.7261806,3139107394136596315,39518,0,15,12,50,6200,15,31,0,5277,7200,80,255,1
1763362854.7261946,3139107394136596315,39539,0,15,12,50,6200,15,31,0,5276,7200,80,255,1
1763362855.7267487,3139107394136596315,39559,0,15,12,50,6200,15,31,0,5275,7200,80,255,1
1763362856.7381952,3139107394136596315,39580,0,15,12,50,6200,15,31,0,5274,7200,80,255,1
1763362858.2339666,3139107394136596315,39610,0,15,12,50,6200,15,31,0,5272,7200,80,255,1
1763362859.2371817,3139107394136596315,39630,0,15,12,50,6200,15,31,0,5271,7200,80,255,1
1763362860.7304838,3139107394136596315,39662,0,15,12,50,6200,15,31,0,5270,7200,80,255,1
1763362862.2360168,3139107394136596315,39693,0,15,12,50,6200,15,31,0,5268,7200,80,255,1
1763362863.731432,3139107394136596315,39724,0,15,12,50,6200,15,31,0,5267,7200,80,255,1
1763362865.2381818,3139107394136596315,39755,0,15,12,50,6200,15,31,0,5265,7200,80,255,1
1763362866.7305648,3139107394136596315,39788,0,15,12,50,6200,15,31,0,5264,7200,80,255,1
1763362868.2241857,3139107394136596315,39819,0,15,12,50,6200,15,31,0,5262,7200,80,255,1
1763362869.233157,3139107394136596315,39842,0,15,12,50,6200,15,31,0,5261,7200,80,255,1
1763362870.2340984,3139107394136596315,39863,0,15,12,50,6200,15,31,0,5260,7200,80,255,1
1763362871.2362552,3139107394136596315,39884,0,15,12,50,6200,15,31,0,5259,7200,80,255,1
1763362872.7295182,3139107394136596315,39914,0,15,12,50,6200,15,31,0,5258,7200,80,255,1
1763362874.231505,3139107394136596315,39945,0,15,12,50,6200,15,31,0,5256,7200,80,255,1
1763362875.235044,3139107394136596315,39967,0,15,12,50,6200,15,31,0,5255,7200,80,255,1
1763362876.7286236,3139107394136596315,39998,0,15,12,50,6200,15,31,0,5254,7200,80,255,1
1763362878.2361476,3139107394136596315,40030,0,15,12,50,6200,15,31,0,5252,7200,80,255,1
1763362879.2368135,3139107394136596315,40052,0,15,12,50,6200,15,31,0,5251,7200,80,255,1
1763362880.730207,3139107394136596315,40082,0,15,12,50,6200,15,31,0,5250,7200,80,255,1
1763362881.731429,3139107394136596315,40104,0,15,12,50,6200,15,31,0,5249,7200,80,255,1
1763362883.224254,3139107394136596315,40134,0,15,12,50,6200,15,31,0,5247,7200,80,255,1
1763362884.730967,3139107394136596315,40166,0,15,12,50,6200,15,31,0,5246,7200,80,255,1
1763362885.7325387,3139107394136596315,40186,0,15,12,50,6200,15,31,0,5245,7200,80,255,1
1763362887.2357192,3139107394136596315,40216,0,15,12,50,6200,15,31,0,5243,7200,80,255,1
1763362888.7247229,3139107394136596315,40248,0,15,12,50,6200,15,31,0,5242,7200,80,255,1
1763362889.7250953,3139107394136596315,40271,0,15,12,50,6200,15,31,0,5241,7200,80,255,1
1763362890.7261877,3139107394136596315,40293,0,15,12,50,6200,15,31,0,5240,7200,80,255,1
1763362891.7297843,3139107394136596315,40313,0,15,12,50,6200,15,31,0,5239,7200,80,255,1
1763362892.7314594,3139107394136596315,40334,0,15,12,50,6200,15,31,0,5238,7200,80,255,1
1763362894.2260122,3139107394136596315,40366,0,15,12,50,6200,15,31,0,5236,7200,80,255,1
1763362895.7327693,3139107394136596315,40398,0,15,12,50,6200,15,31,0,5235,7200,80,255,1
1763362896.7351713,3139107394136596315,40418,0,15,12,50,6200,15,31,0,5234,7200,80,255,1
1763362898.2269032,3139107394136596315,40450,0,15,12,50,6200,15,31,0,5232,7200,80,255,1
1763362899.2278638,3139107394136596315,40471,0,15,12,50,6200,15,31,0,5231,7200,80,255,1
1763362900.2301416,3139107394136596315,40492,0,15,12,50,6200,15,31,0,5230,7200,80,255,1
1763362901.2311366,3139107394136596315,40515,0,15,12,50,6200,15,31,0,5229,7200,80,255,1
1763362902.7362173,3139107394136596315,40546,0,15,12,50,6200,15,31,0,5228,7200,80,255,1
1763362904.2283094,3139107394136596315,40578,0,15,12,50,6200,15,31,0,5226,7200,80,255,1
1763362905.7336252,3139107394136596315,40609,0,15,12,50,6200,15,31,0,5225,7200,80,255,1
1763362907.2315147,3139107394136596315,40639,0,15,12,50,6200,15,31,0,5223,7200,80,255,1
1763362908.7251327,3139107394136596315,40670,0,15,12,50,6200,15,31,0,5222,7200,80,255,1
1763362909.7260134,3139107394136596315,40692,0,15,12,50,6200,15,31,0,5221,7200,80,255,1
1763362910.726998,3139107394136596315,40713,0,15,12,50,6200,15,31,0,5220,7200,80,255,1
1763362911.7322822,3139107394136596315,40733,0,15,12,50,6200,15,31,0,5219,7200,80,255,1
1763362913.2380311,3139107394136596315,40765,0,15,12,50,6200,15,31,0,5217,7200,80,255,1
1763362914.7285066,3139107394136596315,40796,0,15,12,50,6200,15,31,0,5216,7200,80,255,1
1763362916.23266,3139107394136596315,40827,0,15,12,50,6200,15,31,0,5214,7200,80,255,1
1763362917.234148,3139107394136596315,40848,0,15,12,50,6200,15,31,0,5213,7200,80,255,1
1763362918.23744,3139107394136596315,40868,0,15,12,50,6200,15,31,0,5212,7200,80,255,1
1763362919.2379062,3139107394136596315,40890,0,15,12,50,6200,15,31,0,5211,7200,80,255,1
1763362920.729491,3139107394136596315,40920,0,15,12,50,6200,15,31,0,5210,7200,80,255,1
1763362921.7363882,3139107394136596315,40941,0,15,12,50,6200,15,31,0,5209,7200,80,255,1
1763362922.7372544,3139107394136596315,40963,0,15,12,50,6200,15,31,0,5208,7200,80,255,1
1763362924.2328935,3139107394136596315,40995,0,15,12,50,6200,15,31,0,5206,7200,80,255,1
1763362925.7341194,3139107394136596315,41028,0,15,12,50,6200,15,31,0,5205,7200,80,255,1
1763362927.229561,3139107394136596315,41061,0,15,12,50,6200,15,31,0,5203,7200,80,255,1
1763362928.2354157,3139107394136596315,41082,0,15,12,50,6200,15,31,0,5202,7200,80,255,1
1763362929.2360663,3139107394136596315,41103,0,15,12,50,6200,15,31,0,5201,7200,80,255,1
1763362930.732858,3139107394136596315,41133,0,15,12,50,6200,15,31,0,5200,7200,80,255,1
1763362931.7359693,3139107394136596315,41153,0,15,12,50,6200,15,31,0,5199,7200,80,255,1
1763362933.2326548,3139107394136596315,41185,0,15,12,50,6200,15,31,0,5197,7200,80,255,1
1763362934.235875,3139107394136596315,41209,0,15,12,50,6200,15,31,0,5196,7200,80,255,1
1763362935.7292454,3139107394136596315,41243,0,15,12,50,6200,15,31,0,5195,7200,80,255,1
1763362936.7321246,3139107394136596315,41263,0,15,12,50,6200,15,31,0,5194,7200,80,255,1
1763362937.7373848,3139107394136596315,41284,0,15,12,50,6200,15,31,0,5193,7200,80,255,1
1763362939.236037,3139107394136596315,41315,0,15,12,50,6200,15,31,0,5191,7200,80,255,1
1763362940.7284732,3139107394136596315,41346,0,15,12,50,6200,15,31,0,5190,7200,80,255,1
1763362941.7309918,3139107394136596315,41368,0,15,12,50,6200,15,31,0,5189,7200,80,255,1
1763362942.7312074,3139107394136596315,41388,0,15,12,50,6200,15,31,0,5188,7200,80,255,1
1763362943.73482,3139107394136596315,41409,0,15,12,50,6200,15,31,0,5187,7200,80,255,1
1763362945.2281218,3139107394136596315,41439,0,15,12,50,6200,15,31,0,5185,7200,80,255,1
1763362946.7350898,3139107394136596315,41469,0,15,12,50,6200,15,31,0,5184,7200,80,255,1
1763362948.2361958,3139107394136596315,41499,0,15,12,50,6200,15,31,0,5182,7200,80,255,1
1763362949.2364233,3139107394136596315,41520,0,15,12,50,6200,15,31,0,5181,7200,80,255,1
1763362950.7285867,3139107394136596315,41552,0,15,12,50,6200,15,31,0,5180,7200,80,255,1
1763362952.2348568,3139107394136596315,41584,0,15,12,50,6200,15,31,0,5178,7200,80,255,1
1763362953.7359533,3139107394136596315,41615,0,15,12,50,6200,15,31,0,5177,7200,80,255,1
1763362955.2286751,3139107394136596315,41649,0,15,12,50,6200,15,31,0,5175,7200,80,255,1
1763362956.7362623,3139107394136596315,41681,0,15,12,50,6200,15,31,0,5174,7200,80,255,1
1763362958.2273629,3139107394136596315,41712,0,15,12,50,6200,15,31,0,5172,7200,80,255,1
1763362959.2284462,3139107394136596315,41733,0,15,12,50,6200,15,31,0,5171,7200,80,255,1
1763362960.73491,3139107394136596315,41763,0,15,12,50,6200,15,31,0,5170,7200,80,255,1
1763362962.226851,3139107394136596315,41793,0,15,12,50,6200,15,31,0,5168,7200,80,255,1
1763362963.2369945,3139107394136596315,41813,0,15,12,50,6200,15,31,0,5167,7200,80,255,1
1763362964.7307942,3139107394136596315,41844,0,15,12,50,6200,15,31,0,5166,7200,80,255,1
1763362965.7364287,3139107394136596315,41865,0,15,12,50,6200,15,31,0,5165,7200,80,255,1
1763362967.2270026,3139107394136596315,41897,0,15,12,50,6200,15,31,0,5163,7200,80,255,1
1763362968.2272055,3139107394136596315,41917,0,15,12,50,6200,15,31,0,5162,7200,80,255,1
1763362969.2289412,3139107394136596315,41937,0,15,12,50,6200,15,31,0,5161,7200,80,255,1
1763362970.2330372,3139107394136596315,41957,0,15,12,50,6200,15,31,0,5160,7200,80,255,1
1763362971.7298827,3139107394136596315,41992,0,15,12,50,6200,15,31,0,5159,7200,80,255,1
1763362972.7327104,3139107394136596315,42013,0,15,12,50,6200,15,31,0,5158,7200,80,255,1
1763362974.2366,3139107394136596315,42043,0,15,12,50,6200,15,31,0,5156,7200,80,255,1
1763362975.7295985,3139107394136596315,42075,0,15,12,50,6200,15,31,0,5155,7200,80,255,1
1763362977.229606,3139107394136596315,42107,0,15,12,50,6200,15,31,0,5153,7200,80,255,1
1763362978.2327273,3139107394136596315,42129,0,15,12,50,6200,15,31,0,5152,7200,80,255,1
1763362979.7235682,3139107394136596315,42161,0,15,12,50,6200,15,31,0,5151,7200,80,255,1
1763362980.7363236,3139107394136596315,42182,0,15,12,50,6200,15,31,0,5150,7200,80,255,1
1763362981.7372096,3139107394136596315,42205,0,15,12,50,6200,15,31,0,5149,7200,80,255,1
1763362983.2315826,3139107394136596315,42236,0,15,12,50,6200,15,31,0,5147,7200,80,255,1
1763362984.2338202,3139107394136596315,42258,0,15,12,50,6200,15,31,0,5146,7200,80,255,1
1763362985.7370222,3139107394136596315,42292,0,15,12,50,6200,15,31,0,5145,7200,80,255,1
1763362987.2293077,3139107394136596315,42326,0,15,12,50,6200,15,31,0,5143,7200,80,255,1
1763362988.7349248,3139107394136596315,42359,0,15,12,50,6200,15,31,0,5142,7200,80,255,1
1763362990.2268164,3139107394136596315,42389,0,15,12,50,6200,15,31,0,5140,7200,80,255,1
1763362991.2327545,3139107394136596315,42410,0,15,12,50,6200,15,31,0,5139,7200,80,255,1
1763362992.232796,3139107394136596315,42431,0,15,12,50,6200,15,31,0,5138,7200,80,255,1
1763362993.7357876,3139107394136596315,42461,0,15,12,50,6200,15,31,0,5137,7200,80,255,1
1763362995.237111,3139107394136596315,42492,0,15,12,50,6200,15,31,0,5135,7200,80,255,1
1763362996.7350626,3139107394136596315,42524,0,15,12,50,6200,15,31,0,5134,7200,80,255,1
1763362998.2298932,3139107394136596315,42555,0,15,12,50,6200,15,31,0,5132,7200,80,255,1
1763362999.2341335,3139107394136596315,42576,0,15,12,50,6200,15,31,0,5131,7200,80,255,1
1763363000.2350125,3139107394136596315,42599,0,15,12,50,6200,15,31,0,5130,7200,80,255,1
1763363001.7299333,3139107394136596315,42631,0,15,12,50,6200,15,31,0,5129,7200,80,255,1
1763363002.7370536,3139107394136596315,42651,0,15,12,50,6200,15,31,0,5128,7200,80,255,1
1763363004.2271323,3139107394136596315,42682,0,15,12,50,6200,15,31,0,5126,7200,80,255,1
1763363005.2311084,3139107394136596315,42702,0,15,12,50,6200,15,31,0,5125,7200,80,255,1
1763363006.2337632,3139107394136596315,42724,0,15,12,50,6200,15,31,0,5124,7200,80,255,1
1763363007.7349415,3139107394136596315,42754,0,15,12,50,6200,15,31,0,5123,7200,80,255,1
1763363009.2277782,3139107394136596315,42786,0,15,12,50,6200,15,31,0,5121,7200,80,255,1
1763363010.2281828,3139107394136596315,42807,0,15,12,50,6200,15,31,0,5120,7200,80,255,1
1763363011.2318814,3139107394136596315,42827,0,15,12,50,6200,15,31,0,5119,7200,80,255,1
1763363012.2346575,3139107394136596315,42849,0,15,12,50,6200,15,31,0,5118,7200,80,255,1
1763363013.7288926,3139107394136596315,42881,0,15,12,50,6200,15,31,0,5117,7200,80,255,1
1763363014.7294433,3139107394136596315,42902,0,15,12,50,6200,15,31,0,5116,7200,80,255,1
1763363015.7360365,3139107394136596315,42922,0,15,12,50,6200,15,31,0,5115,7200,80,255,1
1763363016.736198,3139107394136596315,42945,0,15,12,50,6200,15,31,0,5114,7200,80,255,1
1763363018.2308707,3139107394136596315,42979,0,15,12,50,6200,15,31,0,5112,7200,80,255,1
1763363019.7286203,3139107394136596315,43011,0,15,12,50,6200,15,31,0,5111,7200,80,255,1
1763363020.731551,3139107394136596315,43033,0,15,12,50,6200,15,31,0,5110,7200,80,255,1
1763363021.7316318,3139107394136596315,43054,0,15,12,50,6200,15,31,0,5109,7200,80,255,1
1763363023.2240357,3139107394136596315,43086,0,15,12,50,6200,15,31,0,5107,7200,80,255,1
1763363024.2263176,3139107394136596315,43109,0,15,12,50,6200,15,31,0,5106,7200,80,255,1
1763363025.2310107,3139107394136596315,43131,0,15,12,50,6200,15,31,0,5105,7200,80,255,1
1763363026.2315826,3139107394136596315,43152,0,15,12,50,6200,15,31,0,5104,7200,80,255,1
1763363027.2335646,3139107394136596315,43173,0,15,12,50,6200,15,31,0,5103,7200,80,255,1
1763363028.7236936,3139107394136596315,43203,0,15,12,50,6200,15,31,0,5102,7200,80,255,1
1763363029.7271147,3139107394136596315,43224,0,15,12,50,6200,15,31,0,5101,7200,80,255,1
1763363030.7329638,3139107394136596315,43245,0,15,12,50,6200,15,31,0,5100,7200,80,255,1
1763363031.736238,3139107394136596315,43269,0,15,12,50,6200,15,31,0,5099,7200,80,255,1
1763363032.7365363,3139107394136596315,43289,0,15,12,50,6200,15,31,0,5098,7200,80,255,1
1763363034.2350135,3139107394136596315,43319,0,15,12,50,6200,15,31,0,5096,7200,80,255,1
1763363035.7350185,3139107394136596315,43349,0,15,12,50,6200,15,31,0,5095,7200,80,255,1
1763363037.2340596,3139107394136596315,43379,0,15,12,50,6200,15,31,0,5093,7200,80,255,1
1763363038.239403,3139107394136596315,43399,0,15,12,50,6200,15,31,0,5092,7200,80,255,1
1763363039.7353852,3139107394136596315,43430,0,15,12,50,6200,15,31,0,5091,7200,80,255,1
1763363041.23253,3139107394136596315,43460,0,15,12,50,6200,15,31,0,5089,7200,80,255,1
1763363042.7385921,3139107394136596315,43490,0,15,12,50,6200,15,31,0,5088,7200,80,255,1
1763363044.234002,3139107394136596315,43521,0,15,12,50,6200,15,31,0,5086,7200,80,255,1
1763363045.7288961,3139107394136596315,43551,0,15,12,50,6200,15,31,0,5085,7200,80,255,1
1763363046.7303731,3139107394136596315,43573,0,15,12,50,6200,15,31,0,5084,7200,80,255,1
1763363047.7308748,3139107394136596315,43593,0,15,12,50,6200,15,31,0,5083,7200,80,255,1
1763363049.2316475,3139107394136596315,43624,0,15,12,50,6200,15,31,0,5081,7200,80,255,1
1763363050.7377188,3139107394136596315,43658,0,15,12,50,6200,15,31,0,5080,7200,80,255,1
1763363052.2290444,3139107394136596315,43689,0,15,12,50,6200,15,31,0,5078,7200,80,255,1
1763363053.736514,3139107394136596315,43720,0,15,12,50,6200,15,31,0,5077,7200,80,255,1
1763363055.2260041,3139107394136596315,43751,0,15,12,50,6200,15,31,0,5075,7200,80,255,1
1763363056.2360523,3139107394136596315,43771,0,15,12,50,6200,15,31,0,5074,7200,80,255,1
1763363057.2373574,3139107394136596315,43792,0,15,12,50,6200,15,31,0,5073,7200,80,255,1
1763363058.7282903,3139107394136596315,43824,0,15,12,50,6200,15,31,0,5072,7200,80,255,1
1763363059.7326715,3139107394136596315,43845,0,15,12,50,6200,15,31,0,5071,7200,80,255,1
1763363061.227231,3139107394136596315,43876,0,15,12,50,6200,15,31,0,5069,7200,80,255,1
1763363062.2391279,3139107394136596315,43897,0,15,12,50,6200,15,31,0,5068,7200,80,255,1
1763363063.728124,3139107394136596315,43930,0,15,12,50,6200,15,31,0,5067,7200,80,255,1
1763363065.2327363,3139107394136596315,43963,0,15,12,50,6200,15,31,0,5065,7200,80,255,1
1763363066.7379913,3139107394136596315,43995,0,15,12,50,6200,15,31,0,5064,7200,80,255,1
1763363068.2282047,3139107394136596315,44026,0,15,12,50,6200,15,31,0,5062,7200,80,255,1
1763363069.7240903,3139107394136596315,44059,0,15,12,50,6200,15,31,0,5061,7200,80,255,1
1763363070.7348487,3139107394136596315,44080,0,15,12,50,6200,15,31,0,5060,7200,80,255,1
1763363072.225227,3139107394136596315,44111,0,15,12,50,6200,15,31,0,5058,7200,80,255,1
1763363073.2385764,3139107394136596315,44133,0,15,12,50,6200,15,31,0,5057,7200,80,255,1
1763363074.733744,3139107394136596315,44163,0,15,12,50,6200,15,31,0,5056,7200,80,255,1
1763363075.7353141,3139107394136596315,44183,0,15,12,50,6200,15,31,0,5055,7200,80,255,1
1763363077.2281277,3139107394136596315,44214,0,15,12,50,6200,15,31,0,5053,7200,80,255,1
1763363078.7362657,3139107394136596315,44246,0,15,12,50,6200,15,31,0,5052,7200,80,255,1
1763363079.7382011,3139107394136596315,44266,0,15,12,50,6200,15,31,0,5051,7200,80,255,1
1763363080.7384827,3139107394136596315,44286,0,15,12,50,6200,15,31,0,5050,7200,80,255,1
1763363082.2326555,3139107394136596315,44318,0,15,12,50,6200,15,31,0,5048,7200,80,255,1
1763363083.2329483,3139107394136596315,44340,0,15,12,50,6200,15,31,0,5047,7200,80,255,1
1763363084.7382495,3139107394136596315,44373,0,15,12,50,6200,15,31,0,5046,7200,80,255,1
1763363086.2328975,3139107394136596315,44403,0,15,12,50,6200,15,31,0,5044,7200,80,255,1
1763363087.7274024,3139107394136596315,44434,0,15,12,50,6200,15,31,0,5043,7200,80,255,1
1763363089.2242265,3139107394136596315,44464,0,15,12,50,6200,15,31,0,5041,7200,80,255,1
1763363090.7307386,3139107394136596315,44496,0,15,12,50,6200,15,31,0,5040,7200,80,255,1
1763363092.2370644,3139107394136596315,44526,0,15,12,50,6200,15,31,0,5038,7200,80,255,1
1763363093.2372305,3139107394136596315,44548,0,15,12,50,6200,15,31,0,5037,7200,80,255,1
1763363094.7360106,3139107394136596315,44580,0,15,12,50,6200,15,31,0,5036,7200,80,255,1
1763363095.7379386,3139107394136596315,44601,0,15,12,50,6200,15,31,0,5035,7200,80,255,1
1763363097.2267675,3139107394136596315,44631,0,15,12,50,6200,15,31,0,5033,7200,80,255,1
1763363098.23013,3139107394136596315,44651,0,15,12,50,6200,15,31,0,5032,7200,80,255,1
1763363099.7349794,3139107394136596315,44684,0,15,12,50,6200,15,31,0,5031,7200,80,255,1
1763363101.2256606,3139107394136596315,44715,0,15,12,50,6200,15,31,0,5029,7200,80,255,1
1763363102.239226,3139107394136596315,44737,0,15,12,50,6200,15,31,0,5028,7200,80,255,1
1763363103.731502,3139107394136596315,44767,0,15,12,50,6200,15,31,0,5027,7200,80,255,1
1763363104.7326367,3139107394136596315,44788,0,15,12,50,6200,15,31,0,5026,7200,80,255,1
1763363106.2257667,3139107394136596315,44818,0,15,12,50,6200,15,31,0,5024,7200,80,255,1
1763363107.239544,3139107394136596315,44839,0,15,12,50,6200,15,31,0,5023,7200,80,255,1
1763363108.7292597,3139107394136596315,44870,0,15,12,50,6200,15,31,0,5022,7200,80,255,1
1763363109.732664,3139107394136596315,44891,0,15,12,50,6200,15,31,0,5021,7200,80,255,1
1763363110.7336864,3139107394136596315,44913,0,15,12,50,6200,15,31,0,5020,7200,80,255,1
1763363112.224886,3139107394136596315,44944,0,15,12,50,6200,15,31,0,5018,7200,80,255,1
1763363113.239166,3139107394136596315,44965,0,15,12,50,6200,15,31,0,5017,7200,80,255,1
1763363114.7298431,3139107394136596315,44997,0,15,12,50,6200,15,31,0,5016,7200,80,255,1
1763363115.7353463,3139107394136596315,45017,0,15,12,50,6200,15,31,0,5015,7200,80,255,1
1763363117.2350464,3139107394136596315,45048,0,15,12,50,6200,15,31,0,5013,7200,80,255,1
1763363118.7327926,3139107394136596315,45081,0,15,12,50,6200,15,31,0,5012,7200,80,255,1
1763363119.7351227,3139107394136596315,45102,0,15,12,50,6200,15,31,0,5011,7200,80,255,1
1763363121.2260277,3139107394136596315,45134,0,15,12,50,6200,15,31,0,5009,7200,80,255,1
1763363122.2285962,3139107394136596315,45155,0,15,12,50,6200,15,31,0,5008,7200,80,255,1
1763363123.2387857,3139107394136596315,45177,0,15,12,50,6200,15,31,0,5007,7200,80,255,1
1763363124.7318702,3139107394136596315,45208,0,15,12,50,6200,15,31,0,5006,7200,80,255,1
1763363125.7386925,3139107394136596315,45228,0,15,12,50,6200,15,31,0,5005,7200,80,255,1
1763363127.2335083,3139107394136596315,45258,0,15,12,50,6200,15,31,0,5003,7200,80,255,1
1763363128.23856,3139107394136596315,45282,0,15,12,50,6200,15,31,0,5002,7200,80,255,1
1763363129.7293897,3139107394136596315,45314,0,15,12,50,6200,15,31,0,5001,7200,80,255,1
1763363130.7348907,3139107394136596315,45335,0,15,12,50,6200,15,31,0,5000,7200,80,255,1
1763363132.2325723,3139107394136596315,45368,0,15,12,50,6200,15,31,0,4998,7200,80,255,1
1763363133.234994,3139107394136596315,45388,0,15,12,50,6200,15,31,0,4997,7200,80,255,1
1763363134.237981,3139107394136596315,45410,0,15,12,50,6200,15,31,0,4996,7200,80,255,1
1763363135.7298908,3139107394136596315,45441,0,15,12,50,6200,15,31,0,4995,7200,80,255,1
1763363137.2260506,3139107394136596315,45472,0,15,12,50,6200,15,31,0,4993,7200,80,255,1
1763363138.7354214,3139107394136596315,45504,0,15,12,50,6200,15,31,0,4992,7200,80,255,1
1763363140.2261143,3139107394136596315,45534,0,15,12,50,6200,15,31,0,4990,7200,80,255,1
1763363141.2285237,3139107394136596315,45555,0,15,12,50,6200,15,31,0,4989,7200,80,255,1
1763363142.2339315,3139107394136596315,45576,0,15,12,50,6200,15,31,0,4988,7200,80,255,1
1763363143.7350593,3139107394136596315,45608,0,15,12,50,6200,15,31,0,4987,7200,80,255,1
1763363145.2367342,3139107394136596315,45640,0,15,12,50,6200,15,31,0,4985,7200,80,255,1
1763363146.7250957,3139107394136596315,45672,0,15,12,50,6200,15,31,0,4984,7200,80,255,1
1763363147.7372506,3139107394136596315,45694,0,15,12,50,6200,15,31,0,4983,7200,80,255,1
1763363149.2240698,3139107394136596315,45726,0,15,12,50,6200,15,31,0,4981,7200,80,255,1
1763363150.2355244,3139107394136596315,45747,0,15,12,50,6200,15,31,0,4980,7200,80,255,1
1763363151.735911,3139107394136596315,45779,0,15,12,50,6200,15,31,0,4979,7200,80,255,1
1763363152.735946,3139107394136596315,45800,0,15,12,50,6200,15,31,0,4978,7200,80,255,1
1763363154.2349622,3139107394136596315,45831,0,15,12,50,6200,15,31,0,4976,7200,80,255,1
1763363155.7247229,3139107394136596315,45863,0,15,12,50,6200,15,31,0,4975,7200,80,255,1
1763363156.7371397,3139107394136596315,45885,0,15,12,50,6200,15,31,0,4974,7200,80,255,1
1763363158.2269614,3139107394136596315,45918,0,15,12,50,6200,15,31,0,4972,7200,80,255,1
1763363159.2371254,3139107394136596315,45938,0,15,12,50,6200,15,31,0,4971,7200,80,255,1
1763363160.237797,3139107394136596315,45958,0,15,12,50,6200,15,31,0,4970,7200,80,255,1
1763363161.726752,3139107394136596315,45990,0,15,12,50,6200,15,31,0,4969,7200,80,255,1
1763363162.7371824,3139107394136596315,46011,0,15,12,50,6200,15,31,0,4968,7200,80,255,1
1763363164.2335908,3139107394136596315,46041,0,15,12,50,6200,15,31,0,4966,7200,80,255,1
1763363165.7306225,3139107394136596315,46075,0,15,12,50,6200,15,31,0,4965,7200,80,255,1
1763363167.2313275,3139107394136596315,46110,0,15,12,50,6200,15,31,0,4963,7200,80,255,1
1763363168.2318604,3139107394136596315,46131,0,15,12,50,6200,15,31,0,4962,7200,80,255,1
1763363169.7277966,3139107394136596315,46164,0,15,12,50,6200,15,31,0,4961,7200,80,255,1
1763363171.233654,3139107394136596315,46197,0,15,12,50,6200,15,31,0,4959,7200,80,255,1
1763363172.7357898,3139107394136596315,46229,0,15,12,50,6200,15,31,0,4958,7200,80,255,1
1763363174.2373166,3139107394136596315,46260,0,15,12,50,6200,15,31,0,4956,7200,80,255,1
1763363175.7249105,3139107394136596315,46293,0,15,12,50,6200,15,31,0,4955,7200,80,255,1
1763363176.7378752,3139107394136596315,46316,0,15,12,50,6200,15,31,0,4954,7200,80,255,1
1763363178.2356482,3139107394136596315,46346,0,15,12,50,6200,15,31,0,4952,7200,80,255,1
1763363179.2364302,3139107394136596315,46367,0,15,12,50,6200,15,31,0,4951,7200,80,255,1
1763363180.7306612,3139107394136596315,46400,0,15,12,50,6200,15,31,0,4950,7200,80,255,1
1763363181.7313466,3139107394136596315,46421,0,15,12,50,6200,15,31,0,4949,7200,80,255,1
1763363183.2328508,3139107394136596315,46453,0,15,12,50,6200,15,31,0,4947,7200,80,255,1
1763363184.237408,3139107394136596315,46473,0,15,12,50,6200,15,31,0,4946,7200,80,255,1
1763363185.7326822,3139107394136596315,46506,0,15,12,50,6200,15,31,0,4945,7200,80,255,1
1763363187.227784,3139107394136596315,46537,0,15,12,50,6200,15,31,0,4943,7200,80,255,1
1763363188.228904,3139107394136596315,46558,0,15,12,50,6200,15,31,0,4942,7200,80,255,1
1763363189.2310076,3139107394136596315,46580,0,15,12,50,6200,15,31,0,4941,7200,80,255,1
1763363190.7337348,3139107394136596315,46612,0,15,12,50,6200,15,31,0,4940,7200,80,255,1
1763363192.2335107,3139107394136596315,46645,0,15,12,50,6200,15,31,0,4938,7200,80,255,1
1763363193.73282,3139107394136596315,46679,0,15,12,50,6200,15,31,0,4937,7200,80,255,1
1763363195.2249963,3139107394136596315,46709,0,15,12,50,6200,15,31,0,4935,7200,80,255,1
1763363196.7366335,3139107394136596315,46741,0,15,12,50,6200,15,31,0,4934,7200,80,255,1
1763363198.227733,3139107394136596315,46772,0,15,12,50,6200,15,31,0,4932,7200,80,255,1
1763363199.2326765,3139107394136596315,46793,0,15,12,50,6200,15,31,0,4931,7200,80,255,1
1763363200.236908,3139107394136596315,46814,0,15,12,50,6200,15,31,0,4930,7200,80,255,1
1763363201.7242546,3139107394136596315,46845,0,15,12,50,6200,15,31,0,4929,7200,80,255,1
1763363202.7288578,3139107394136596315,46869,0,15,12,50,6200,15,31,0,4928,7200,80,255,1
1763363203.7331119,3139107394136596315,46890,0,15,12,50,6200,15,31,0,4927,7200,80,255,1
1763363205.2359848,3139107394136596315,46922,0,15,12,50,6200,15,31,0,4925,7200,80,255,1
1763363206.7336688,3139107394136596315,46955,0,15,12,50,6200,15,31,0,4924,7200,80,255,1
1763363208.2338967,3139107394136596315,46986,0,15,12,50,6200,15,31,0,4922,7200,80,255,1
1763363209.7367005,3139107394136596315,47017,0,15,12,50,6200,15,31,0,4921,7200,80,255,1
1763363211.2267427,3139107394136596315,47047,0,15,12,50,6200,15,31,0,4919,7200,80,255,1
1763363212.7354703,3139107394136596315,47081,0,15,12,50,6200,15,31,0,4918,7200,80,255,1
1763363214.2346697,3139107394136596315,47112,0,15,12,50,6200,15,31,0,4916,7200,80,255,1
1763363215.7256,3139107394136596315,47143,0,15,12,50,6200,15,31,0,4915,7200,80,255,1
1763363216.7371984,3139107394136596315,47165,0,15,12,50,6200,15,31,0,4914,7200,80,255,1
1763363218.2249897,3139107394136596315,47197,0,15,12,50,6200,15,31,0,4912,7200,80,255,1
1763363219.226425,3139107394136596315,47219,0,15,12,50,6200,15,31,0,4911,7200,80,255,1
1763363220.2291467,3139107394136596315,47240,0,15,12,50,6200,15,31,0,4910,7200,80,255,1
1763363221.2292964,3139107394136596315,47260,0,15,12,50,6200,15,31,0,4909,7200,80,255,1
1763363222.2335918,3139107394136596315,47282,0,15,12,50,6200,15,31,0,4908,7200,80,255,1
1763363223.725912,3139107394136596315,47315,0,15,12,50,6200,15,31,0,4907,7200,80,255,1
1763363225.2339497,3139107394136596315,47347,0,15,12,50,6200,15,31,0,4905,7200,80,255,1
1763363226.7260303,3139107394136596315,47377,0,15,12,50,6200,15,31,0,4904,7200,80,255,1
1763363227.7315273,3139107394136596315,47398,0,15,12,50,6200,15,31,0,4903,7200,80,255,1
1763363228.7349708,3139107394136596315,47419,0,15,12,50,6200,15,31,0,4902,7200,80,255,1
1763363229.7372031,3139107394136596315,47439,0,15,12,50,6200,15,31,0,4901,7200,80,255,1
1763363231.2373092,3139107394136596315,47469,0,15,12,50,6200,15,31,0,4899,7200,80,255,1
1763363232.7356899,3139107394136596315,47500,0,15,12,50,6200,15,31,0,4898,7200,80,255,1
1763363234.230004,3139107394136596315,47533,0,15,12,50,6200,15,31,0,4896,7200,80,255,1
1763363235.2381678,3139107394136596315,47553,0,15,12,50,6200,15,31,0,4895,7200,80,255,1
1763363236.7350051,3139107394136596315,47584,0,15,12,50,6200,15,31,0,4894,7200,80,255,1
1763363237.7381046,3139107394136596315,47606,0,15,12,50,6200,15,31,0,4893,7200,80,255,1
1763363239.2349572,3139107394136596315,47638,0,15,12,50,6200,15,31,0,4891,7200,80,255,1
1763363240.7314217,3139107394136596315,47669,0,15,12,50,6200,15,31,0,4890,7200,80,255,1
1763363242.223921,3139107394136596315,47700,0,15,12,50,6200,15,31,0,4888,7200,80,255,1
1763363243.2259762,3139107394136596315,47722,0,15,12,50,6200,15,31,0,4887,7200,80,255,1
1763363244.2271452,3139107394136596315,47744,0,15,12,50,6200,15,31,0,4886,7200,80,255,1
1763363245.229464,3139107394136596315,47766,0,15,12,50,6200,15,31,0,4885,7200,80,255,1
1763363246.2300022,3139107394136596315,47787,0,15,12,50,6200,15,31,0,4884,7200,80,255,1
1763363247.725816,3139107394136596315,47819,0,15,12,50,6200,15,31,0,4883,7200,80,255,1
1763363248.7378707,3139107394136596315,47841,0,15,12,50,6200,15,31,0,4882,7200,80,255,1
1763363250.2307122,3139107394136596315,47872,0,15,12,50,6200,15,31,0,4880,7200,80,255,1
1763363251.2352357,3139107394136596315,47892,0,15,12,50,6200,15,31,0,4879,7200,80,255,1
1763363252.726141,3139107394136596315,47926,0,15,12,50,6200,15,31,0,4878,7200,80,255,1
1763363253.7282555,3139107394136596315,47950,0,15,12,50,6200,15,31,0,4877,7200,80,255,1
1763363255.2356682,3139107394136596315,47982,0,15,12,50,6200,15,31,0,4875,7200,80,255,1
1763363256.7281165,3139107394136596315,48012,0,15,12,50,6200,15,31,0,4874,7200,80,255,1
1763363258.2363539,3139107394136596315,48044,0,15,12,50,6200,15,31,0,4872,7200,80,255,1
1763363259.7266998,3139107394136596315,48074,0,15,12,50,6200,15,31,0,4871,7200,80,255,1
1763363261.236689,3139107394136596315,48106,0,15,12,50,6200,15,31,0,4869,7200,80,255,1
1763363262.730225,3139107394136596315,48136,0,15,12,50,6200,15,31,0,4868,7200,80,255,1
1763363263.7311983,3139107394136596315,48157,0,15,12,50,6200,15,31,0,4867,7200,80,255,1
1763363265.2362926,3139107394136596315,48189,0,15,12,50,6200,15,31,0,4865,7200,80,255,1
1763363266.7253,3139107394136596315,48221,0,15,12,50,6200,15,31,0,4864,7200,80,255,1
1763363267.727475,3139107394136596315,48244,0,15,12,50,6200,15,31,0,4863,7200,80,255,1
1763363269.232711,3139107394136596315,48278,0,15,12,50,6200,15,31,0,4861,7200,80,255,1
1763363270.7339146,3139107394136596315,48310,0,15,12,50,6200,15,31,0,4860,7200,80,255,1
1763363271.7347922,3139107394136596315,48331,0,15,12,50,6200,15,31,0,4859,7200,80,255,1
1763363272.7353027,3139107394136596315,48354,0,15,12,50,6200,15,31,0,4858,7200,80,255,1
1763363274.2326913,3139107394136596315,48388,0,15,12,50,6200,15,31,0,4856,7200,80,255,1
1763363275.724823,3139107394136596315,48421,0,15,12,50,6200,15,31,0,4855,7200,80,255,1
1763363276.7364478,3139107394136596315,48443,0,15,12,50,6200,15,31,0,4854,7200,80,255,1
1763363278.2267244,3139107394136596315,48476,0,15,12,50,6200,15,31,0,4852,7200,80,255,1
1763363279.2272224,3139107394136596315,48496,0,15,12,50,6200,15,31,0,4851,7200,80,255,1
1763363280.737194,3139107394136596315,48529,0,15,12,50,6200,15,31,0,4850,7200,80,255,1
1763363282.2269242,3139107394136596315,48561,0,15,12,50,6200,15,31,0,4848,7200,80,255,1
1763363283.2277071,3139107394136596315,48583,0,15,12,50,6200,15,31,0,4847,7200,80,255,1
1763363284.228675,3139107394136596315,48603,0,15,12,50,6200,15,31,0,4846,7200,80,255,1
1763363285.7325928,3139107394136596315,48634,0,15,12,50,6200,15,31,0,4845,7200,80,255,1
1763363286.7381682,3139107394136596315,48654,0,15,12,50,6200,15,31,0,4844,7200,80,255,1
1763363288.2328174,3139107394136596315,48687,0,15,12,50,6200,15,31,0,4842,7200,80,255,1
1763363289.2337646,3139107394136596315,48707,0,15,12,50,6200,15,31,0,4841,7200,80,255,1
1763363290.728647,3139107394136596315,48738,0,15,12,50,6200,15,31,0,4840,7200,80,255,1
1763363291.7315109,3139107394136596315,48758,0,15,12,50,6200,15,31,0,4839,7200,80,255,1
1763363293.2350476,3139107394136596315,48789,0,15,12,50,6200,15,31,0,4837,7200,80,255,1
1763363294.7372265,3139107394136596315,48821,0,15,12,50,6200,15,31,0,4836,7200,80,255,1
1763363295.7381535,3139107394136596315,48844,0,15,12,50,6200,15,31,0,4835,7200,80,255,1
1763363297.2307103,3139107394136596315,48875,0,15,12,50,6200,15,31,0,4833,7200,80,255,1
1763363298.2341354,3139107394136596315,48895,0,15,12,50,6200,15,31,0,4832,7200,80,255,1
1763363299.23751,3139107394136596315,48916,0,15,12,50,6200,15,31,0,4831,7200,80,255,1
1763363300.732749,3139107394136596315,48947,0,15,12,50,6200,15,31,0,4830,7200,80,255,1
1763363302.2369523,3139107394136596315,48978,0,15,12,50,6200,15,31,0,4828,7200,80,255,1
1763363303.7312818,3139107394136596315,49010,0,15,12,50,6200,15,31,0,4827,7200,80,255,1
1763363305.2364628,3139107394136596315,49041,0,15,12,50,6200,15,31,0,4825,7200,80,255,1
1763363306.730763,3139107394136596315,49072,0,15,12,50,6200,15,31,0,4824,7200,80,255,1
1763363307.7308736,3139107394136596315,49092,0,15,12,50,6200,15,31,0,4823,7200,80,255,1
1763363309.2271955,3139107394136596315,49124,0,15,12,50,6200,15,31,0,4821,7200,80,255,1
1763363310.227763,3139107394136596315,49144,0,15,12,50,6200,15,31,0,4820,7200,80,255,1
1763363311.229077,3139107394136596315,49165,0,15,12,50,6200,15,31,0,4819,7200,80,255,1
1763363312.2351007,3139107394136596315,49185,0,15,12,50,6200,15,31,0,4818,7200,80,255,1
1763363313.7350054,3139107394136596315,49216,0,15,12,50,6200,15,31,0,4817,7200,80,255,1
1763363315.2290726,3139107394136596315,49253,0,15,12,50,6200,15,31,0,4815,7200,80,255,1
1763363316.2338922,3139107394136596315,49273,0,15,12,50,6200,15,31,0,4814,7200,80,255,1
1763363317.235035,3139107394136596315,49294,0,15,12,50,6200,15,31,0,4813,7200,80,255,1
1763363318.7295973,3139107394136596315,49327,0,15,12,50,6200,15,31,0,4812,7200,80,255,1
1763363320.2348785,3139107394136596315,49358,0,15,12,50,6200,15,31,0,4810,7200,80,255,1
1763363321.2351563,3139107394136596315,49379,0,15,12,50,6200,15,31,0,4809,7200,80,255,1
1763363322.236703,3139107394136596315,49400,0,15,12,50,6200,15,31,0,4808,7200,80,255,1
1763363323.7336626,3139107394136596315,49431,0,15,12,50,6200,15,31,0,4807,7200,80,255,1
1763363325.234007,3139107394136596315,49462,0,15,12,50,6200,15,31,0,4805,7200,80,255,1
1763363326.7305443,3139107394136596315,49494,0,15,12,50,6200,15,31,0,4804,7200,80,255,1
1763363327.7324398,3139107394136596315,49517,0,15,12,50,6200,15,31,0,4803,7200,80,255,1
1763363328.7324622,3139107394136596315,49540,0,15,12,50,6200,15,31,0,4802,7200,80,255,1
1763363329.7362328,3139107394136596315,49561,0,15,12,50,6200,15,31,0,4801,7200,80,255,1
1763363331.2282655,3139107394136596315,49595,0,15,12,50,6200,15,31,0,4799,7200,80,255,1
1763363332.2310946,3139107394136596315,49616,0,15,12,50,6200,15,31,0,4798,7200,80,255,1
1763363333.2359967,3139107394136596315,49638,0,15,12,50,6200,15,31,0,4797,7200,80,255,1
1763363334.7298203,3139107394136596315,49671,0,15,12,50,6200,15,31,0,4796,7200,80,255,1
1763363335.7316184,3139107394136596315,49692,0,15,12,50,6200,15,31,0,4795,7200,80,255,1
1763363337.2237215,3139107394136596315,49724,0,15,12,50,6200,15,31,0,4793,7200,80,255,1
1763363338.237518,3139107394136596315,49746,0,15,12,50,6200,15,31,0,4792,7200,80,255,1
1763363339.7325335,3139107394136596315,49778,0,15,12,50,6200,15,31,0,4791,7200,80,255,1
1763363341.2278159,3139107394136596315,49812,0,15,12,50,6200,15,31,0,4789,7200,80,255,1
1763363342.2280262,3139107394136596315,49833,0,15,12,50,6200,15,31,0,4788,7200,80,255,1
1763363343.732897,3139107394136596315,49865,0,15,12,50,6200,15,31,0,4787,7200,80,255,1
1763363344.7338712,3139107394136596315,49887,0,15,12,50,6200,15,31,0,4786,7200,80,255,1
1763363345.7348862,3139107394136596315,49910,0,15,12,50,6200,15,31,0,4785,7200,80,255,1
1763363347.2359636,3139107394136596315,49942,0,15,12,50,6200,15,31,0,4783,7200,80,255,1
1763363348.7310646,3139107394136596315,49974,0,15,12,50,6200,15,31,0,4782,7200,80,255,1
1763363350.2277331,3139107394136596315,50005,0,15,12,50,6200,15,31,0,4780,7200,80,255,1
1763363351.7351289,3139107394136596315,50037,0,15,12,50,6200,15,31,0,4779,7200,80,255,1
1763363353.2383833,3139107394136596315,50068,0,15,12,50,6200,15,31,0,4777,7200,80,255,1
1763363354.7295268,3139107394136596315,50100,0,15,12,50,6200,15,31,0,4776,7200,80,255,1
1763363355.7326968,3139107394136596315,50121,0,15,12,50,6200,15,31,0,4775,7200,80,255,1
1763363356.7337456,3139107394136596315,50142,0,15,12,50,6200,15,31,0,4774,7200,80,255,1
1763363358.2249632,3139107394136596315,50174,0,15,12,50,6200,15,31,0,4772,7200,80,255,1
1763363359.232942,3139107394136596315,50197,0,15,12,50,6200,15,31,0,4771,7200,80,255,1
1763363360.233714,3139107394136596315,50217,0,15,12,50,6200,15,31,0,4770,7200,80,255,1
1763363361.2348468,3139107394136596315,50238,0,15,12,50,6200,15,31,0,4769,7200,80,255,1
1763363362.7270348,3139107394136596315,50270,0,15,12,50,6200,15,31,0,4768,7200,80,255,1
1763363364.2323172,3139107394136596315,50301,0,15,12,50,6200,15,31,0,4766,7200,80,255,1
1763363365.7361386,3139107394136596315,50333,0,15,12,50,6200,15,31,0,4765,7200,80,255,1
1763363367.2273266,3139107394136596315,50364,0,15,12,50,6200,15,31,0,4763,7200,80,255,1
1763363368.228406,3139107394136596315,50385,0,15,12,50,6200,15,31,0,4762,7200,80,255,1
1763363369.736032,3139107394136596315,50416,0,15,12,50,6200,15,31,0,4761,7200,80,255,1
1763363371.2291546,3139107394136596315,50446,0,15,12,50,6200,15,31,0,4759,7200,80,255,1
1763363372.7361438,3139107394136596315,50476,0,15,12,50,6200,15,31,0,4758,7200,80,255,1
1763363374.229305,3139107394136596315,50508,0,15,12,50,6200,15,31,0,4756,7200,80,255,1
1763363375.737055,3139107394136596315,50540,0,15,12,50,6200,15,31,0,4755,7200,80,255,1
1763363377.2295465,3139107394136596315,50572,0,15,12,50,6200,15,31,0,4753,7200,80,255,1
1763363378.7346816,3139107394136596315,50603,0,15,12,50,6200,15,31,0,4752,7200,80,255,1
1763363379.7358434,3139107394136596315,50625,0,15,12,50,6200,15,31,0,4751,7200,80,255,1
1763363381.2278934,3139107394136596315,50657,0,15,12,50,6200,15,31,0,4749,7200,80,255,1
1763363382.73253,3139107394136596315,50688,0,15,12,50,6200,15,31,0,4748,7200,80,255,1
1763363383.73385,3139107394136596315,50708,0,15,12,50,6200,15,31,0,4747,7200,80,255,1
1763363384.7365806,3139107394136596315,50729,0,15,12,50,6200,15,31,0,4746,7200,80,255,1
1763363385.7371786,3139107394136596315,50749,0,15,12,50,6200,15,31,0,4745,7200,80,255,1
1763363387.2253647,3139107394136596315,50781,0,15,12,50,6200,15,31,0,4743,7200,80,255,1
1763363388.2263155,3139107394136596315,50804,0,15,12,50,6200,15,31,0,4742,7200,80,255,1
1763363389.238333,3139107394136596315,50825,0,15,12,50,6200,15,31,0,4741,7200,80,255,1
1763363390.733495,3139107394136596315,50860,0,15,12,50,6200,15,31,0,4740,7200,80,255,1
1763363392.228054,3139107394136596315,50893,0,15,12,50,6200,15,31,0,4738,7200,80,255,1
1763363393.7352188,3139107394136596315,50923,0,15,12,50,6200,15,31,0,4737,7200,80,255,1
1763363394.7373664,3139107394136596315,50943,0,15,12,50,6200,15,31,0,4736,7200,80,255,1
1763363396.2323585,3139107394136596315,50974,0,15,12,50,6200,15,31,0,4734,7200,80,255,1
1763363397.7338243,3139107394136596315,51006,0,15,12,50,6200,15,31,0,4733,7200,80,255,1
1763363398.735099,3139107394136596315,51027,0,15,12,50,6200,15,31,0,4732,7200,80,255,1
1763363400.2262354,3139107394136596315,51061,0,15,12,50,6200,15,31,0,4730,7200,80,255,1
1763363401.228999,3139107394136596315,51083,0,15,12,50,6200,15,31,0,4729,7200,80,255,1
1763363402.729554,3139107394136596315,51116,0,15,12,50,6200,15,31,0,4728,7200,80,255,1
1763363404.2377908,3139107394136596315,51146,0,15,12,50,6200,15,31,0,4726,7200,80,255,1
1763363405.7314425,3139107394136596315,51180,0,15,12,50,6200,15,31,0,4725,7200,80,255,1
1763363407.2281563,3139107394136596315,51211,0,15,12,50,6200,15,31,0,4723,7200,80,255,1
1763363408.2288594,3139107394136596315,51232,0,15,12,50,6200,15,31,0,4722,7200,80,255,1
1763363409.7377257,3139107394136596315,51262,0,15,12,50,6200,15,31,0,4721,7200,80,255,1
1763363411.2383342,3139107394136596315,51292,0,15,12,50,6200,15,31,0,4719,7200,80,255,1
1763363412.7326212,3139107394136596315,51326,0,15,12,50,6200,15,31,0,4718,7200,80,255,1
1763363413.734511,3139107394136596315,51346,0,15,12,50,6200,15,31,0,4717,7200,80,255,1
1763363415.2295241,3139107394136596315,51381,0,15,12,50,6200,15,31,0,4715,7200,80,255,1
1763363416.2349124,3139107394136596315,51403,0,15,12,50,6200,15,31,0,4714,7200,80,255,1
1763363417.2349956,3139107394136596315,51426,0,15,12,50,6200,15,31,0,4713,7200,80,255,1
1763363418.7307317,3139107394136596315,51456,0,15,12,50,6200,15,31,0,4712,7200,80,255,1
1763363419.7348547,3139107394136596315,51477,0,15,12,50,6200,15,31,0,4711,7200,80,255,1
1763363421.2349455,3139107394136596315,51507,0,15,12,50,6200,15,31,0,4709,7200,80,255,1
1763363422.7235239,3139107394136596315,51537,0,15,12,50,6200,15,31,0,4708,7200,80,255,1
1763363423.7276995,3139107394136596315,51559,0,15,12,50,6200,15,31,0,4707,7200,80,255,1
1763363424.7288897,3139107394136596315,51579,0,15,12,50,6200,15,31,0,4706,7200,80,255,1
1763363425.7337675,3139107394136596315,51599,0,15,12,50,6200,15,31,0,4705,7200,80,255,1
1763363427.225779,3139107394136596315,51631,0,15,12,50,6200,15,31,0,4703,7200,80,255,1
1763363428.2291067,3139107394136596315,51653,0,15,12,50,6200,15,31,0,4702,7200,80,255,1
1763363429.2300048,3139107394136596315,51675,0,15,12,50,6200,15,31,0,4701,7200,80,255,1
1763363430.7259576,3139107394136596315,51708,0,15,12,50,6200,15,31,0,4700,7200,80,255,1
1763363431.7280505,3139107394136596315,51731,0,15,12,50,6200,15,31,0,4699,7200,80,255,1
1763363433.2388904,3139107394136596315,51762,0,15,12,50,6200,15,31,0,4697,7200,80,255,1
1763363434.735964,3139107394136596315,51793,0,15,12,50,6200,15,31,0,4696,7200,80,255,1
1763363436.238956,3139107394136596315,51826,0,15,12,50,6200,15,31,0,4694,7200,80,255,1
1763363437.7349014,3139107394136596315,51861,0,15,12,50,6200,15,31,0,4693,7200,80,255,1
1763363438.73566,3139107394136596315,51884,0,15,12,50,6200,15,31,0,4692,7200,80,255,1
1763363440.2311275,3139107394136596315,51916,0,15,12,50,6200,15,31,0,4690,7200,80,255,1
1763363441.232787,3139107394136596315,51938,0,15,12,50,6200,15,31,0,4689,7200,80,255,1
1763363442.7278314,3139107394136596315,51970,0,15,12,50,6200,15,31,0,4688,7200,80,255,1
1763363444.232495,3139107394136596315,52003,0,15,12,50,6200,15,31,0,4686,7200,80,255,1
1763363445.7310789,3139107394136596315,52035,0,15,12,50,6200,15,31,0,4685,7200,80,255,1
1763363447.2331238,3139107394136596315,52068,0,15,12,50,6200,15,31,0,4683,7200,80,255,1
1763363448.7268817,3139107394136596315,52098,0,15,12,50,6200,15,31,0,4682,7200,80,255,1
1763363449.7378333,3139107394136596315,52122,0,15,12,50,6200,15,31,0,4681,7200,80,255,1
1763363451.225825,3139107394136596315,52152,0,15,12,50,6200,15,31,0,4679,7200,80,255,1
1763363452.228256,3139107394136596315,52173,0,15,12,50,6200,15,31,0,4678,7200,80,255,1
1763363453.7336173,3139107394136596315,52203,0,15,12,50,6200,15,31,0,4677,7200,80,255,1
1763363455.2362466,3139107394136596315,52234,0,15,12,50,6200,15,31,0,4675,7200,80,255,1
1763363456.726419,3139107394136596315,52266,0,15,12,50,6200,15,31,0,4674,7200,80,255,1
1763363457.7385106,3139107394136596315,52286,0,15,12,50,6200,15,31,0,4673,7200,80,255,1
1763363459.2370017,3139107394136596315,52318,0,15,12,50,6200,15,31,0,4671,7200,80,255,1
1763363460.7363014,3139107394136596315,52349,0,15,12,50,6200,15,31,0,4670,7200,80,255,1
1763363462.236198,3139107394136596315,52380,0,15,12,50,6200,15,31,0,4668,7200,80,255,1
1763363463.7367067,3139107394136596315,52411,0,15,12,50,6200,15,31,0,4667,7200,80,255,1
1763363465.2255085,3139107394136596315,52441,0,15,12,50,6200,15,31,0,4665,7200,80,255,1
1763363466.2383034,3139107394136596315,52462,0,15,12,50,6200,15,31,0,4664,7200,80,255,1
1763363467.7266965,3139107394136596315,52493,0,15,12,50,6200,15,31,0,4663,7200,80,255,1
1763363468.7329497,3139107394136596315,52514,0,15,12,50,6200,15,31,0,4662,7200,80,255,1
1763363469.73672,3139107394136596315,52535,0,15,12,50,6200,15,31,0,4661,7200,80,255,1
1763363471.2341294,3139107394136596315,52565,0,15,12,50,6200,15,31,0,4659,7200,80,255,1
1763363472.7371962,3139107394136596315,52598,0,15,12,50,6200,15,31,0,4658,7200,80,255,1
1763363474.2248886,3139107394136596315,52629,0,15,12,50,6200,15,31,0,4656,7200,80,255,1
1763363475.2339442,3139107394136596315,52651,0,15,12,50,6200,15,31,0,4655,7200,80,255,1
1763363476.2351356,3139107394136596315,52673,0,15,12,50,6200,15,31,0,4654,7200,80,255,1
1763363477.7252727,3139107394136596315,52706,0,15,12,50,6200,15,31,0,4653,7200,80,255,1
1763363478.738816,3139107394136596315,52728,0,15,12,50,6200,15,31,0,4652,7200,80,255,1
1763363480.2247133,3139107394136596315,52761,0,15,12,50,6200,15,31,0,4650,7200,80,255,1
1763363481.235907,3139107394136596315,52783,0,15,12,50,6200,15,31,0,4649,7200,80,255,1
1763363482.2378547,3139107394136596315,52803,0,15,12,50,6200,15,31,0,4648,7200,80,255,1
1763363483.238452,3139107394136596315,52823,0,15,12,50,6200,15,31,0,4647,7200,80,255,1
1763363484.7287836,3139107394136596315,52854,0,15,12,50,6200,15,31,0,4646,7200,80,255,1
1763363485.72982,3139107394136596315,52875,0,15,12,50,6200,15,31,0,4645,7200,80,255,1
1763363487.2370179,3139107394136596315,52906,0,15,12,50,6200,15,31,0,4643,7200,80,255,1
1763363488.237833,3139107394136596315,52926,0,15,12,50,6200,15,31,0,4642,7200,80,255,1
1763363489.238562,3139107394136596315,52946,0,15,12,50,6200,15,31,0,4641,7200,80,255,1
1763363490.7305763,3139107394136596315,52980,0,15,12,50,6200,15,31,0,4640,7200,80,255,1
1763363491.732845,3139107394136596315,53000,0,15,12,50,6200,15,31,0,4639,7200,80,255,1
1763363493.2381299,3139107394136596315,53034,0,15,12,50,6200,15,31,0,4637,7200,80,255,1
1763363494.7299986,3139107394136596315,53066,0,15,12,50,6200,15,31,0,4636,7200,80,255,1
1763363496.233927,3139107394136596315,53098,0,15,12,50,6200,15,31,0,4634,7200,80,255,1
1763363497.7238286,3139107394136596315,53129,0,15,12,50,6200,15,31,0,4633,7200,80,255,1
1763363498.736171,3139107394136596315,53151,0,15,12,50,6200,15,31,0,4632,7200,80,255,1
1763363500.2250266,3139107394136596315,53181,0,15,12,50,6200,15,31,0,4630,7200,80,255,1
1763363501.2359803,3139107394136596315,53203,0,15,12,50,6200,15,31,0,4629,7200,80,255,1
1763363502.735977,3139107394136596315,53236,0,15,12,50,6200,15,31,0,4628,7200,80,255,1
1763363504.2293258,3139107394136596315,53269,0,15,12,50,6200,15,31,0,4626,7200,80,255,1
1763363505.2363217,3139107394136596315,53290,0,15,12,50,6200,15,31,0,4625,7200,80,255,1
1763363506.236363,3139107394136596315,53310,0,15,12,50,6200,15,31,0,4624,7200,80,255,1
1763363507.7324734,3139107394136596315,53343,0,15,12,50,6200,15,31,0,4623,7200,80,255,1
1763363508.7373428,3139107394136596315,53364,0,15,12,50,6200,15,31,0,4622,7200,80,255,1
1763363510.2338793,3139107394136596315,53397,0,15,12,50,6200,15,31,0,4620,7200,80,255,1
1763363511.7249315,3139107394136596315,53428,0,15,12,50,6200,15,31,0,4619,7200,80,255,1
1763363512.7257679,3139107394136596315,53450,0,15,12,50,6200,15,31,0,4618,7200,80,255,1
1763363513.7370293,3139107394136596315,53472,0,15,12,50,6200,15,31,0,4617,7200,80,255,1
1763363515.232252,3139107394136596315,53506,0,15,12,50,6200,15,31,0,4615,7200,80,255,1
1763363516.2339044,3139107394136596315,53527,0,15,12,50,6200,15,31,0,4614,7200,80,255,1
1763363517.2351997,3139107394136596315,53550,0,15,12,50,6200,15,31,0,4613,7200,80,255,1
1763363518.7312663,3139107394136596315,53582,0,15,12,50,6200,15,31,0,4612,7200,80,255,1
1763363519.734728,3139107394136596315,53603,0,15,12,50,6200,15,31,0,4611,7200,80,255,1
1763363520.7370176,3139107394136596315,53625,0,15,12,50,6200,15,31,0,4610,7200,80,255,1
1763363521.7378752,3139107394136596315,53645,0,15,12,50,6200,15,31,0,4609,7200,80,255,1
1763363523.2238674,3139107394136596315,53677,0,15,12,50,6200,15,31,0,4607,7200,80,255,1
1763363524.224114,3139107394136596315,53698,0,15,12,50,6200,15,31,0,4606,7200,80,255,1
1763363525.226271,3139107394136596315,53720,0,15,12,50,6200,15,31,0,4605,7200,80,255,1
1763363526.226294,3139107394136596315,53741,0,15,12,50,6200,15,31,0,4604,7200,80,255,1
1763363527.2297428,3139107394136596315,53764,0,15,12,50,6200,15,31,0,4603,7200,80,255,1
1763363528.736154,3139107394136596315,53797,0,15,12,50,6200,15,31,0,4602,7200,80,255,1
1763363530.2313244,3139107394136596315,53829,0,15,12,50,6200,15,31,0,4600,7200,80,255,1
1763363531.725824,3139107394136596315,53861,0,15,12,50,6200,15,31,0,4599,7200,80,255,1
1763363533.2367206,3139107394136596315,53896,0,15,12,50,6200,15,31,0,4597,7200,80,255,1
1763363534.7267885,3139107394136596315,53927,0,15,12,50,6200,15,31,0,4596,7200,80,255,1
1763363535.7361505,3139107394136596315,53949,0,15,12,50,6200,15,31,0,4595,7200,80,255,1
1763363537.2309139,3139107394136596315,53983,0,15,12,50,6200,15,31,0,4593,7200,80,255,1
1763363538.7337832,3139107394136596315,54017,0,15,12,50,6200,15,31,0,4592,7200,80,255,1
1763363540.2236545,3139107394136596315,54048,0,15,12,50,6200,15,31,0,4590,7200,80,255,1
1763363541.2336783,3139107394136596315,54070,0,15,12,50,6200,15,31,0,4589,7200,80,255,1
1763363542.724949,3139107394136596315,54103,0,15,12,50,6200,15,31,0,4588,7200,80,255,1
1763363543.7377799,3139107394136596315,54126,0,15,12,50,6200,15,31,0,4587,7200,80,255,1
1763363545.2310364,3139107394136596315,54158,0,15,12,50,6200,15,31,0,4585,7200,80,255,1
1763363546.73526,3139107394136596315,54191,0,15,12,50,6200,15,31,0,4584,7200,80,255,1
1763363547.7370389,3139107394136596315,54212,0,15,12,50,6200,15,31,0,4583,7200,80,255,1
1763363549.224978,3139107394136596315,54244,0,15,12,50,6200,15,31,0,4581,7200,80,255,1
1763363550.2357035,3139107394136596315,54268,0,15,12,50,6200,15,31,0,4580,7200,80,255,1
1763363551.735706,3139107394136596315,54300,0,15,12,50,6200,15,31,0,4579,7200,80,255,1
1763363553.2269197,3139107394136596315,54331,0,15,12,50,6200,15,31,0,4577,7200,80,255,1
1763363554.2346354,3139107394136596315,54352,0,15,12,50,6200,15,31,0,4576,7200,80,255,1
1763363555.7261646,3139107394136596315,54384,0,15,12,50,6200,15,31,0,4575,7200,80,255,1
1763363556.7335942,3139107394136596315,54405,0,15,12,50,6200,15,31,0,4574,7200,80,255,1
1763363558.2247984,3139107394136596315,54437,0,15,12,50,6200,15,31,0,4572,7200,80,255,1
1763363559.237048,3139107394136596315,54458,0,15,12,50,6200,15,31,0,4571,7200,80,255,1
1763363560.7261744,3139107394136596315,54489,0,15,12,50,6200,15,31,0,4570,7200,80,255,1
1763363561.7274797,3139107394136596315,54511,0,15,12,50,6200,15,31,0,4569,7200,80,255,1
1763363562.7369902,3139107394136596315,54532,0,15,12,50,6200,15,31,0,4568,7200,80,255,1
1763363564.2261076,3139107394136596315,54564,0,15,12,50,6200,15,31,0,4566,7200,80,255,1
1763363565.7299154,3139107394136596315,54598,0,15,12,50,6200,15,31,0,4565,7200,80,255,1
1763363566.7300396,3139107394136596315,54619,0,15,12,50,6200,15,31,0,4564,7200,80,255,1
1763363567.73113,3139107394136596315,54640,0,15,12,50,6200,15,31,0,4563,7200,80,255,1
1763363569.2245736,3139107394136596315,54674,0,15,12,50,6200,15,31,0,4561,7200,80,255,1
1763363570.2251108,3139107394136596315,54696,0,15,12,50,6200,15,31,0,4560,7200,80,255,1
1763363571.2379296,3139107394136596315,54718,0,15,12,50,6200,15,31,0,4559,7200,80,255,1
1763363572.7262928,3139107394136596315,54750,0,15,12,50,6200,15,31,0,4558,7200,80,255,1
1763363574.2314043,3139107394136596315,54783,0,15,12,50,6200,15,31,0,4556,7200,80,255,1
1763363575.735804,3139107394136596315,54814,0,15,12,50,6200,15,31,0,4555,7200,80,255,1
1763363577.2272177,3139107394136596315,54846,0,15,12,50,6200,15,31,0,4553,7200,80,255,1
1763363578.2339,3139107394136596315,54869,0,15,12,50,6200,15,31,0,4552,7200,80,255,1
1763363579.7323916,3139107394136596315,54905,0,15,12,50,6200,15,31,0,4551,7200,80,255,1
1763363580.735744,3139107394136596315,54927,0,15,12,50,6200,15,31,0,4550,7200,80,255,1
1763363582.232636,3139107394136596315,54959,0,15,12,50,6200,15,31,0,4548,7200,80,255,1
1763363583.7299042,3139107394136596315,54991,0,15,12,50,6200,15,31,0,4547,7200,80,255,1
1763363584.7359397,3139107394136596315,55011,0,15,12,50,6200,15,31,0,4546,7200,80,255,1
1763363585.7379425,3139107394136596315,55033,0,15,12,50,6200,15,31,0,4545,7200,80,255,1
1763363587.2373133,3139107394136596315,55068,0,15,12,50,6200,15,31,0,4543,7200,80,255,1
1763363588.2380958,3139107394136596315,55089,0,15,12,50,6200,15,31,0,4542,7200,80,255,1
1763363589.7242646,3139107394136596315,55121,0,15,12,50,6200,15,31,0,4541,7200,80,255,1
1763363590.7348826,3139107394136596315,55142,0,15,12,50,6200,15,31,0,4540,7200,80,255,1
1763363591.7361817,3139107394136596315,55163,0,15,12,50,6200,15,31,0,4539,7200,80,255,1
1763363593.2357445,3139107394136596315,55196,0,15,12,50,6200,15,31,0,4537,7200,80,255,1
1763363594.2360327,3139107394136596315,55219,0,15,12,50,6200,15,31,0,4536,7200,80,255,1
1763363595.736068,3139107394136596315,55249,0,15,12,50,6200,15,31,0,4535,7200,80,255,1
1763363596.7369313,3139107394136596315,55270,0,15,12,50,6200,15,31,0,4534,7200,80,255,1
1763363597.7373266,3139107394136596315,55291,0,15,12,50,6200,15,31,0,4533,7200,80,255,1
1763363599.2328155,3139107394136596315,55324,0,15,12,50,6200,15,31,0,4531,7200,80,255,1
1763363600.2370179,3139107394136596315,55348,0,15,12,50,6200,15,31,0,4530,7200,80,255,1
1763363601.735982,3139107394136596315,55382,0,15,12,50,6200,15,31,0,4529,7200,80,255,1
1763363603.2367673,3139107394136596315,55413,0,15,12,50,6200,15,31,0,4527,7200,80,255,1
1763363604.732804,3139107394136596315,55447,0,15,12,50,6200,15,31,0,4526,7200,80,255,1
1763363605.7376604,3139107394136596315,55468,0,15,12,50,6200,15,31,0,4525,7200,80,255,1
1763363607.2268498,3139107394136596315,55500,0,15,12,50,6200,15,31,0,4523,7200,80,255,1
1763363608.7374249,3139107394136596315,55532,0,15,12,50,6200,15,31,0,4522,7200,80,255,1
1763363610.2310505,3139107394136596315,55567,0,15,12,50,6200,15,31,0,4520,7200,80,255,1
1763363611.72788,3139107394136596315,55599,0,15,12,50,6200,15,31,0,4519,7200,80,255,1
1763363613.2269573,3139107394136596315,55631,0,15,12,50,6200,15,31,0,4517,7200,80,255,1
1763363614.2269623,3139107394136596315,55653,0,15,12,50,6200,15,31,0,4516,7200,80,255,1
1763363615.2308662,3139107394136596315,55673,0,15,12,50,6200,15,31,0,4515,7200,80,255,1
1763363616.732786,3139107394136596315,55708,0,15,12,50,6200,15,31,0,4514,7200,80,255,1
1763363618.234528,3139107394136596315,55741,0,15,12,50,6200,15,31,0,4512,7200,80,255,1
1763363619.2350278,3139107394136596315,55763,0,15,12,50,6200,15,31,0,4511,7200,80,255,1
1763363620.7359529,3139107394136596315,55794,0,15,12,50,6200,15,31,0,4510,7200,80,255,1
1763363622.229264,3139107394136596315,55827,0,15,12,50,6200,15,31,0,4508,7200,80,255,1
1763363623.735709,3139107394136596315,55860,0,15,12,50,6200,15,31,0,4507,7200,80,255,1
1763363625.2302165,3139107394136596315,55891,0,15,12,50,6200,15,31,0,4505,7200,80,255,1
1763363626.737788,3139107394136596315,55924,0,15,12,50,6200,15,31,0,4504,7200,80,255,1
1763363627.7381198,3139107394136596315,55945,0,15,12,50,6200,15,31,0,4503,7200,80,255,1
1763363629.2260163,3139107394136596315,55979,0,15,12,50,6200,15,31,0,4501,7200,80,255,1
1763363630.730983,3139107394136596315,56013,0,15,12,50,6200,15,31,0,4500,7200,80,255,1
1763363631.7312124,3139107394136596315,56035,0,15,12,50,6200,15,31,0,4499,7200,80,255,1
1763363633.2247558,3139107394136596315,56067,0,15,12,50,6200,15,31,0,4497,7200,80,255,1
1763363634.2261243,3139107394136596315,56090,0,15,12,50,6200,15,31,0,4496,7200,80,255,1
1763363635.7310565,3139107394136596315,56122,0,15,12,50,6200,15,31,0,4495,7200,80,255,1
1763363636.732402,3139107394136596315,56143,0,15,12,50,6200,15,31,0,4494,7200,80,255,1
1763363638.224696,3139107394136596315,56176,0,15,12,50,6200,15,31,0,4492,7200,80,255,1
1763363639.2265987,3139107394136596315,56197,0,15,12,50,6200,15,31,0,4491,7200,80,255,1
1763363640.2377949,3139107394136596315,56220,0,15,12,50,6200,15,31,0,4490,7200,80,255,1
1763363641.734708,3139107394136596315,56252,0,15,12,50,6200,15,31,0,4489,7200,80,255,1
1763363643.2286997,3139107394136596315,56285,0,15,12,50,6200,15,31,0,4487,7200,80,255,1
1763363644.2288382,3139107394136596315,56307,0,15,12,50,6200,15,31,0,4486,7200,80,255,1
1763363645.2289054,3139107394136596315,56328,0,15,12,50,6200,15,31,0,4485,7200,80,255,1
1763363646.723872,3139107394136596315,56360,0,15,12,50,6200,15,31,0,4484,7200,80,255,1
1763363647.7246559,3139107394136596315,56381,0,15,12,50,6200,15,31,0,4483,7200,80,255,1
1763363648.7367766,3139107394136596315,56402,0,15,12,50,6200,15,31,0,4482,7200,80,255,1
1763363650.2378018,3139107394136596315,56432,0,15,12,50,6200,15,31,0,4480,7200,80,255,1
1763363651.724622,3139107394136596315,56462,0,15,12,50,6200,15,31,0,4479,7200,80,255,1
1763363652.7260196,3139107394136596315,56485,0,15,12,50,6200,15,31,0,4478,7200,80,255,1
1763363653.7347498,3139107394136596315,56508,0,15,12,50,6200,15,31,0,4477,7200,80,255,1
1763363655.2286587,3139107394136596315,56541,0,15,12,50,6200,15,31,0,4475,7200,80,255,1
1763363656.7349238,3139107394136596315,56571,0,15,12,50,6200,15,31,0,4474,7200,80,255,1
1763363658.2298295,3139107394136596315,56603,0,15,12,50,6200,15,31,0,4472,7200,80,255,1
1763363659.7334778,3139107394136596315,56633,0,15,12,50,6200,15,31,0,4471,7200,80,255,1
1763363661.224958,3139107394136596315,56665,0,15,12,50,6200,15,31,0,4469,7200,80,255,1
1763363662.7301319,3139107394136596315,56700,0,15,12,50,6200,15,31,0,4468,7200,80,255,1
1763363664.230904,3139107394136596315,56732,0,15,12,50,6200,15,31,0,4466,7200,80,255,1
1763363665.737798,3139107394136596315,56764,0,15,12,50,6200,15,31,0,4465,7200,80,255,1
1763363667.229095,3139107394136596315,56797,0,15,12,50,6200,15,31,0,4463,7200,80,255,1
1763363668.7336333,3139107394136596315,56829,0,15,12,50,6200,15,31,0,4462,7200,80,255,1
1763363670.2248733,3139107394136596315,56861,0,15,12,50,6200,15,31,0,4460,7200,80,255,1
1763363671.22812,3139107394136596315,56882,0,15,12,50,6200,15,31,0,4459,7200,80,255,1
1763363672.2294273,3139107394136596315,56904,0,15,12,50,6200,15,31,0,4458,7200,80,255,1
1763363673.7357683,3139107394136596315,56935,0,15,12,50,6200,15,31,0,4457,7200,80,255,1
1763363674.7368906,3139107394136596315,56957,0,15,12,50,6200,15,31,0,4456,7200,80,255,1
1763363675.7381055,3139107394136596315,56977,0,15,12,50,6200,15,31,0,4455,7200,80,255,1
1763363677.2358816,3139107394136596315,57007,0,15,12,50,6200,15,31,0,4453,7200,80,255,1
1763363678.7288072,3139107394136596315,57037,0,15,12,50,6200,15,31,0,4452,7200,80,255,1
1763363680.2378101,3139107394136596315,57068,0,15,12,50,6200,15,31,0,4450,7200,80,255,1
1763363681.7345645,3139107394136596315,57099,0,15,12,50,6200,15,31,0,4449,7200,80,255,1
1763363682.737719,3139107394136596315,57121,0,15,12,50,6200,15,31,0,4448,7200,80,255,1
1763363684.2270317,3139107394136596315,57151,0,15,12,50,6200,15,31,0,4446,7200,80,255,1
1763363685.734811,3139107394136596315,57183,0,15,12,50,6200,15,31,0,4445,7200,80,255,1
1763363687.2266753,3139107394136596315,57216,0,15,12,50,6200,15,31,0,4443,7200,80,255,1
1763363688.227182,3139107394136596315,57237,0,15,12,50,6200,15,31,0,4442,7200,80,255,1
1763363689.229339,3139107394136596315,57257,0,15,12,50,6200,15,31,0,4441,7200,80,255,1
1763363690.7248745,3139107394136596315,57288,0,15,12,50,6200,15,31,0,4440,7200,80,255,1
1763363691.7381124,3139107394136596315,57309,0,15,12,50,6200,15,31,0,4439,7200,80,255,1
1763363693.2327907,3139107394136596315,57341,0,15,12,50,6200,15,31,0,4437,7200,80,255,1
1763363694.724924,3139107394136596315,57373,0,15,12,50,6200,15,31,0,4436,7200,80,255,1
1763363696.2377112,3139107394136596315,57408,0,15,12,50,6200,15,31,0,4434,7200,80,255,1
1763363697.7355936,3139107394136596315,57442,0,15,12,50,6200,15,31,0,4433,7200,80,255,1
1763363699.2299967,3139107394136596315,57475,0,15,12,50,6200,15,31,0,4431,7200,80,255,1
1763363700.7238905,3139107394136596315,57507,0,15,12,50,6200,15,31,0,4430,7200,80,255,1
1763363701.7370315,3139107394136596315,57529,0,15,12,50,6200,15,31,0,4429,7200,80,255,1
1763363703.2367954,3139107394136596315,57563,0,15,12,50,6200,15,31,0,4427,7200,80,255,1
1763363704.7337308,3139107394136596315,57598,0,15,12,50,6200,15,31,0,4426,7200,80,255,1
1763363706.2312021,3139107394136596315,57630,0,15,12,50,6200,15,31,0,4424,7200,80,255,1
1763363707.7279544,3139107394136596315,57665,0,15,12,50,6200,15,31,0,4423,7200,80,255,1
1763363708.7309754,3139107394136596315,57687,0,15,12,50,6200,15,31,0,4422,7200,80,255,1
1763363709.7336388,3139107394136596315,57707,0,15,12,50,6200,15,31,0,4421,7200,80,255,1
1763363711.2316167,3139107394136596315,57740,0,15,12,50,6200,15,31,0,4419,7200,80,255,1
1763363712.232619,3139107394136596315,57762,0,15,12,50,6200,15,31,0,4418,7200,80,255,1
1763363713.7301764,3139107394136596315,57795,0,15,12,50,6200,15,31,0,4417,7200,80,255,1
1763363715.2265556,3139107394136596315,57827,0,15,12,50,6200,15,31,0,4415,7200,80,255,1
1763363716.2291543,3139107394136596315,57850,0,15,12,50,6200,15,31,0,4414,7200,80,255,1
1763363717.236129,3139107394136596315,57871,0,15,12,50,6200,15,31,0,4413,7200,80,255,1
1763363718.732622,3139107394136596315,57902,0,15,12,50,6200,15,31,0,4412,7200,80,255,1
1763363719.734018,3139107394136596315,57924,0,15,12,50,6200,15,31,0,4411,7200,80,255,1
1763363721.224637,3139107394136596315,57956,0,15,12,50,6200,15,31,0,4409,7200,80,255,1
1763363722.2336674,3139107394136596315,57978,0,15,12,50,6200,15,31,0,4408,7200,80,255,1
1763363723.7311382,3139107394136596315,58012,0,15,12,50,6200,15,31,0,4407,7200,80,255,1
1763363725.2249749,3139107394136596315,58043,0,15,12,50,6200,15,31,0,4405,7200,80,255,1
1763363726.2258766,3139107394136596315,58066,0,15,12,50,6200,15,31,0,4404,7200,80,255,1
1763363727.2266955,3139107394136596315,58088,0,15,12,50,6200,15,31,0,4403,7200,80,255,1
1763363728.2289052,3139107394136596315,58110,0,15,12,50,6200,15,31,0,4402,7200,80,255,1
1763363729.2320573,3139107394136596315,58134,0,15,12,50,6200,15,31,0,4401,7200,80,255,1
1763363730.2323253,3139107394136596315,58156,0,15,12,50,6200,15,31,0,4400,7200,80,255,1
1763363731.2346752,3139107394136596315,58177,0,15,12,50,6200,15,31,0,4399,7200,80,255,1
1763363732.728267,3139107394136596315,58209,0,15,12,50,6200,15,31,0,4398,7200,80,255,1
1763363734.2355773,3139107394136596315,58240,0,15,12,50,6200,15,31,0,4396,7200,80,255,1
1763363735.7289128,3139107394136596315,58274,0,15,12,50,6200,15,31,0,4395,7200,80,255,1
1763363737.2345276,3139107394136596315,58305,0,15,12,50,6200,15,31,0,4393,7200,80,255,1
1763363738.7269795,3139107394136596315,58337,0,15,12,50,6200,15,31,0,4392,7200,80,255,1
1763363739.7335498,3139107394136596315,58361,0,15,12,50,6200,15,31,0,4391,7200,80,255,1
1763363741.2286897,3139107394136596315,58393,0,15,12,50,6200,15,31,0,4389,7200,80,255,1
1763363742.730054,3139107394136596315,58426,0,15,12,50,6200,15,31,0,4388,7200,80,255,1
1763363743.7300916,3139107394136596315,58447,0,15,12,50,6200,15,31,0,4387,7200,80,255,1
1763363745.2265408,3139107394136596315,58479,0,15,12,50,6200,15,31,0,4385,7200,80,255,1
1763363746.2289977,3139107394136596315,58501,0,15,12,50,6200,15,31,0,4384,7200,80,255,1
1763363747.2304947,3139107394136596315,58522,0,15,12,50,6200,15,31,0,4383,7200,80,255,1
1763363748.733614,3139107394136596315,58554,0,15,12,50,6200,15,31,0,4382,7200,80,255,1
1763363750.2378786,3139107394136596315,58585,0,15,12,50,6200,15,31,0,4380,7200,80,255,1
1763363751.7246032,3139107394136596315,58617,0,15,12,50,6200,15,31,0,4379,7200,80,255,1
1763363752.733775,3139107394136596315,58639,0,15,12,50,6200,15,31,0,4378,7200,80,255,1
1763363753.738706,3139107394136596315,58659,0,15,12,50,6200,15,31,0,4377,7200,80,255,1
1763363755.236779,3139107394136596315,58692,0,15,12,50,6200,15,31,0,4375,7200,80,255,1
1763363756.7358813,3139107394136596315,58724,0,15,12,50,6200,15,31,0,4374,7200,80,255,1
1763363758.224928,3139107394136596315,58756,0,15,12,50,6200,15,31,0,4372,7200,80,255,1
1763363759.2379408,3139107394136596315,58778,0,15,12,50,6200,15,31,0,4371,7200,80,255,1
1763363760.7278206,3139107394136596315,58810,0,15,12,50,6200,15,31,0,4370,7200,80,255,1
1763363762.2287927,3139107394136596315,58844,0,15,12,50,6200,15,31,0,4368,7200,80,255,1
1763363763.7327085,3139107394136596315,58874,0,15,12,50,6200,15,31,0,4367,7200,80,255,1
1763363765.2351856,3139107394136596315,58906,0,15,12,50,6200,15,31,0,4365,7200,80,255,1
1763363766.7255852,3139107394136596315,58936,0,15,12,50,6200,15,31,0,4364,7200,80,255,1
1763363767.7377124,3139107394136596315,58957,0,15,12,50,6200,15,31,0,4363,7200,80,255,1
1763363769.2255964,3139107394136596315,58991,0,15,12,50,6200,15,31,0,4361,7200,80,255,1
1763363770.226647,3139107394136596315,59014,0,15,12,50,6200,15,31,0,4360,7200,80,255,1
1763363771.2283118,3139107394136596315,59036,0,15,12,50,6200,15,31,0,4359,7200,80,255,1
1763363772.2381656,3139107394136596315,59056,0,15,12,50,6200,15,31,0,4358,7200,80,255,1
1763363773.726885,3139107394136596315,59087,0,15,12,50,6200,15,31,0,4357,7200,80,255,1
1763363775.2278047,3139107394136596315,59119,0,15,12,50,6200,15,31,0,4355,7200,80,255,1
1763363776.2311933,3139107394136596315,59140,0,15,12,50,6200,15,31,0,4354,7200,80,255,1
1763363777.736786,3139107394136596315,59173,0,15,12,50,6200,15,31,0,4353,7200,80,255,1
1763363779.2290804,3139107394136596315,59205,0,15,12,50,6200,15,31,0,4351,7200,80,255,1
1763363780.734748,3139107394136596315,59238,0,15,12,50,6200,15,31,0,4350,7200,80,255,1
1763363781.7358203,3139107394136596315,59261,0,15,12,50,6200,15,31,0,4349,7200,80,255,1
1763363782.735914,3139107394136596315,59281,0,15,12,50,6200,15,31,0,4348,7200,80,255,1
1763363784.2268322,3139107394136596315,59313,0,15,12,50,6200,15,31,0,4346,7200,80,255,1
1763363785.2343295,3139107394136596315,59334,0,15,12,50,6200,15,31,0,4345,7200,80,255,1
1763363786.236651,3139107394136596315,59356,0,15,12,50,6200,15,31,0,4344,7200,80,255,1
1763363787.7278361,3139107394136596315,59389,0,15,12,50,6200,15,31,0,4343,7200,80,255,1
1763363788.73685,3139107394136596315,59411,0,15,12,50,6200,15,31,0,4342,7200,80,255,1
1763363790.2282593,3139107394136596315,59443,0,15,12,50,6200,15,31,0,4340,7200,80,255,1
1763363791.7353005,3139107394136596315,59475,0,15,12,50,6200,15,31,0,4339,7200,80,255,1
1763363793.2251983,3139107394136596315,59510,0,15,12,50,6200,15,31,0,4337,7200,80,255,1
1763363794.234078,3139107394136596315,59532,0,15,12,50,6200,15,31,0,4336,7200,80,255,1
1763363795.7319896,3139107394136596315,59565,0,15,12,50,6200,15,31,0,4335,7200,80,255,1
1763363796.7360804,3139107394136596315,59586,0,15,12,50,6200,15,31,0,4334,7200,80,255,1
1763363798.2248251,3139107394136596315,59618,0,15,12,50,6200,15,31,0,4332,7200,80,255,1
1763363799.228958,3139107394136596315,59639,0,15,12,50,6200,15,31,0,4331,7200,80,255,1
1763363800.229023,3139107394136596315,59661,0,15,12,50,6200,15,31,0,4330,7200,80,255,1
1763363801.229217,3139107394136596315,59683,0,15,12,50,6200,15,31,0,4329,7200,80,255,1
1763363802.732867,3139107394136596315,59713,0,15,12,50,6200,15,31,0,4328,7200,80,255,1
1763363804.2237563,3139107394136596315,59744,0,15,12,50,6200,15,31,0,4326,7200,80,255,1
1763363805.224775,3139107394136596315,59766,0,15,12,50,6200,15,31,0,4325,7200,80,255,1
1763363806.2358212,3139107394136596315,59788,0,15,12,50,6200,15,31,0,4324,7200,80,255,1
1763363807.7284691,3139107394136596315,59820,0,15,12,50,6200,15,31,0,4323,7200,80,255,1
1763363808.7335062,3139107394136596315,59842,0,15,12,50,6200,15,31,0,4322,7200,80,255,1
1763363809.737457,3139107394136596315,59862,0,15,12,50,6200,15,31,0,4321,7200,80,255,1
1763363811.232467,3139107394136596315,59893,0,15,12,50,6200,15,31,0,4319,7200,80,255,1
1763363812.7237732,3139107394136596315,59924,0,15,12,50,6200,15,31,0,4318,7200,80,255,1
1763363813.7373254,3139107394136596315,59946,0,15,12,50,6200,15,31,0,4317,7200,80,255,1
1763363815.2291286,3139107394136596315,59979,0,15,12,50,6200,15,31,0,4315,7200,80,255,1
1763363816.731944,3139107394136596315,60012,0,15,12,50,6200,15,31,0,4314,7200,80,255,1
1763363818.234588,3139107394136596315,60045,0,15,12,50,6200,15,31,0,4312,7200,80,255,1
1763363819.7325914,3139107394136596315,60076,0,15,12,50,6200,15,31,0,4311,7200,80,255,1
1763363820.7335796,3139107394136596315,60098,0,15,12,50,6200,15,31,0,4310,7200,80,255,1
1763363822.2359033,3139107394136596315,60131,0,15,12,50,6200,15,31,0,4308,7200,80,255,1
1763363823.7257645,3139107394136596315,60164,0,15,12,50,6200,15,31,0,4307,7200,80,255,1
1763363824.725882,3139107394136596315,60186,0,15,12,50,6200,15,31,0,4306,7200,80,255,1
1763363825.7377398,3139107394136596315,60209,0,15,12,50,6200,15,31,0,4305,7200,80,255,1
1763363827.2289221,3139107394136596315,60239,0,15,12,50,6200,15,31,0,4303,7200,80,255,1
1763363828.737755,3139107394136596315,60270,0,15,12,50,6200,15,31,0,4302,7200,80,255,1
1763363830.226786,3139107394136596315,60303,0,15,12,50,6200,15,31,0,4300,7200,80,255,1
1763363831.237903,3139107394136596315,60325,0,15,12,50,6200,15,31,0,4299,7200,80,255,1
1763363832.7369325,3139107394136596315,60357,0,15,12,50,6200,15,31,0,4298,7200,80,255,1
1763363834.227023,3139107394136596315,60388,0,15,12,50,6200,15,31,0,4296,7200,80,255,1
1763363835.236898,3139107394136596315,60409,0,15,12,50,6200,15,31,0,4295,7200,80,255,1
1763363836.7306561,3139107394136596315,60441,0,15,12,50,6200,15,31,0,4294,7200,80,255,1
1763363837.7308083,3139107394136596315,60463,0,15,12,50,6200,15,31,0,4293,7200,80,255,1
1763363839.2379277,3139107394136596315,60494,0,15,12,50,6200,15,31,0,4291,7200,80,255,1
1763363840.7245343,3139107394136596315,60526,0,15,12,50,6200,15,31,0,4290,7200,80,255,1
1763363841.724767,3139107394136596315,60547,0,15,12,50,6200,15,31,0,4289,7200,80,255,1
1763363842.7366273,3139107394136596315,60568,0,15,12,50,6200,15,31,0,4288,7200,80,255,1
1763363844.2270973,3139107394136596315,60598,0,15,12,50,6200,15,31,0,4286,7200,80,255,1
1763363845.2335541,3139107394136596315,60621,0,15,12,50,6200,15,31,0,4285,7200,80,255,1
1763363846.2369437,3139107394136596315,60643,0,15,12,50,6200,15,31,0,4284,7200,80,255,1
1763363847.725534,3139107394136596315,60676,0,15,12,50,6200,15,31,0,4283,7200,80,255,1
1763363848.7367373,3139107394136596315,60697,0,15,12,50,6200,15,31,0,4282,7200,80,255,1
1763363850.2267132,3139107394136596315,60730,0,15,12,50,6200,15,31,0,4280,7200,80,255,1
1763363851.7299693,3139107394136596315,60764,0,15,12,50,6200,15,31,0,4279,7200,80,255,1
1763363853.2356584,3139107394136596315,60795,0,15,12,50,6200,15,31,0,4277,7200,80,255,1
1763363854.7259645,3139107394136596315,60827,0,15,12,50,6200,15,31,0,4276,7200,80,255,1
1763363855.733509,3139107394136596315,60849,0,15,12,50,6200,15,31,0,4275,7200,80,255,1
1763363857.2345502,3139107394136596315,60882,0,15,12,50,6200,15,31,0,4273,7200,80,255,1
1763363858.23492,3139107394136596315,60903,0,15,12,50,6200,15,31,0,4272,7200,80,255,1
1763363859.7370532,3139107394136596315,60935,0,15,12,50,6200,15,31,0,4271,7200,80,255,1
1763363861.2258,3139107394136596315,60967,0,15,12,50,6200,15,31,0,4269,7200,80,255,1
1763363862.2372155,3139107394136596315,60989,0,15,12,50,6200,15,31,0,4268,7200,80,255,1
1763363863.7289858,3139107394136596315,61020,0,15,12,50,6200,15,31,0,4267,7200,80,255,1
1763363865.2348003,3139107394136596315,61051,0,15,12,50,6200,15,31,0,4265,7200,80,255,1
1763363866.726552,3139107394136596315,61082,0,15,12,50,6200,15,31,0,4264,7200,80,255,1
1763363868.2310944,3139107394136596315,61114,0,15,12,50,6200,15,31,0,4262,7200,80,255,1
1763363869.732763,3139107394136596315,61146,0,15,12,50,6200,15,31,0,4261,7200,80,255,1
1763363870.7360482,3139107394136596315,61167,0,15,12,50,6200,15,31,0,4260,7200,80,255,1
1763363872.2289119,3139107394136596315,61199,0,15,12,50,6200,15,31,0,4258,7200,80,255,1
1763363873.2380838,3139107394136596315,61220,0,15,12,50,6200,15,31,0,4257,7200,80,255,1
1763363874.7387438,3139107394136596315,61252,0,15,12,50,6200,15,31,0,4256,7200,80,255,1
1763363876.2270002,3139107394136596315,61288,0,15,12,50,6200,15,31,0,4254,7200,80,255,1
1763363877.7311637,3139107394136596315,61320,0,15,12,50,6200,15,31,0,4253,7200,80,255,1
1763363878.734487,3139107394136596315,61343,0,15,12,50,6200,15,31,0,4252,7200,80,255,1
1763363880.230069,3139107394136596315,61376,0,15,12,50,6200,15,31,0,4250,7200,80,255,1
1763363881.7352018,3139107394136596315,61408,0,15,12,50,6200,15,31,0,4249,7200,80,255,1
1763363883.2256238,3139107394136596315,61440,0,15,12,50,6200,15,31,0,4247,7200,80,255,1
1763363884.2347314,3139107394136596315,61461,0,15,12,50,6200,15,31,0,4246,7200,80,255,1
1763363885.235934,3139107394136596315,61482,0,15,12,50,6200,15,31,0,4245,7200,80,255,1
1763363886.737019,3139107394136596315,61513,0,15,12,50,6200,15,31,0,4244,7200,80,255,1
1763363888.2314248,3139107394136596315,61544,0,15,12,50,6200,15,31,0,4242,7200,80,255,1
1763363889.236668,3139107394136596315,61566,0,15,12,50,6200,15,31,0,4241,7200,80,255,1
1763363890.7266335,3139107394136596315,61597,0,15,12,50,6200,15,31,0,4240,7200,80,255,1
1763363891.7290308,3139107394136596315,61619,0,15,12,50,6200,15,31,0,4239,7200,80,255,1
1763363893.2369983,3139107394136596315,61650,0,15,12,50,6200,15,31,0,4237,7200,80,255,1
1763363894.2398412,3139107394136596315,61671,0,15,12,50,6200,15,31,0,4236,7200,80,255,1
1763363895.731118,3139107394136596315,61702,0,15,12,50,6200,15,31,0,4235,7200,80,255,1
1763363896.7319431,3139107394136596315,61725,0,15,12,50,6200,15,31,0,4234,7200,80,255,1
1763363897.7368963,3139107394136596315,61748,0,15,12,50,6200,15,31,0,4233,7200,80,255,1
1763363899.2310812,3139107394136596315,61780,0,15,12,50,6200,15,31,0,4231,7200,80,255,1
1763363900.723758,3139107394136596315,61814,0,15,12,50,6200,15,31,0,4230,7200,80,255,1
1763363901.737211,3139107394136596315,61835,0,15,12,50,6200,15,31,0,4229,7200,80,255,1
1763363903.2249968,3139107394136596315,61865,0,15,12,50,6200,15,31,0,4227,7200,80,255,1
1763363904.2313397,3139107394136596315,61887,0,15,12,50,6200,15,31,0,4226,7200,80,255,1
1763363905.7381601,3139107394136596315,61918,0,15,12,50,6200,15,31,0,4225,7200,80,255,1
1763363907.2349277,3139107394136596315,61950,0,15,12,50,6200,15,31,0,4223,7200,80,255,1
1763363908.7371123,3139107394136596315,61981,0,15,12,50,6200,15,31,0,4222,7200,80,255,1
1763363910.2327752,3139107394136596315,62012,0,15,12,50,6200,15,31,0,4220,7200,80,255,1
1763363911.2365792,3139107394136596315,62033,0,15,12,50,6200,15,31,0,4219,7200,80,255,1
1763363912.7358694,3139107394136596315,62065,0,15,12,50,6200,15,31,0,4218,7200,80,255,1
1763363914.2294896,3139107394136596315,62096,0,15,12,50,6200,15,31,0,4216,7200,80,255,1
1763363915.2300303,3139107394136596315,62118,0,15,12,50,6200,15,31,0,4215,7200,80,255,1
1763363916.7370465,3139107394136596315,62151,0,15,12,50,6200,15,31,0,4214,7200,80,255,1
1763363917.7388968,3139107394136596315,62173,0,15,12,50,6200,15,31,0,4213,7200,80,255,1
1763363919.2245028,3139107394136596315,62208,0,15,12,50,6200,15,31,0,4211,7200,80,255,1
1763363920.2268012,3139107394136596315,62230,0,15,12,50,6200,15,31,0,4210,7200,80,255,1
1763363921.2312706,3139107394136596315,62253,0,15,12,50,6200,15,31,0,4209,7200,80,255,1
1763363922.7251446,3139107394136596315,62286,0,15,12,50,6200,15,31,0,4208,7200,80,255,1
1763363924.2341495,3139107394136596315,62320,0,15,12,50,6200,15,31,0,4206,7200,80,255,1
1763363925.7250435,3139107394136596315,62353,0,15,12,50,6200,15,31,0,4205,7200,80,255,1
1763363926.7339315,3139107394136596315,62376,0,15,12,50,6200,15,31,0,4204,7200,80,255,1
1763363927.736462,3139107394136596315,62398,0,15,12,50,6200,15,31,0,4203,7200,80,255,1
1763363929.2250648,3139107394136596315,62431,0,15,12,50,6200,15,31,0,4201,7200,80,255,1
1763363930.2347856,3139107394136596315,62452,0,15,12,50,6200,15,31,0,4200,7200,80,255,1
1763363931.7349823,3139107394136596315,62483,0,15,12,50,6200,15,31,0,4199,7200,80,255,1
1763363932.735773,3139107394136596315,62504,0,15,12,50,6200,15,31,0,4198,7200,80,255,1
1763363933.7367947,3139107394136596315,62524,0,15,12,50,6200,15,31,0,4197,7200,80,255,1
1763363935.2381978,3139107394136596315,62557,0,15,12,50,6200,15,31,0,4195,7200,80,255,1
1763363936.7328568,3139107394136596315,62588,0,15,12,50,6200,15,31,0,4194,7200,80,255,1
1763363937.734028,3139107394136596315,62609,0,15,12,50,6200,15,31,0,4193,7200,80,255,1
1763363939.2237105,3139107394136596315,62640,0,15,12,50,6200,15,31,0,4191,7200,80,255,1
1763363940.234624,3139107394136596315,62663,0,15,12,50,6200,15,31,0,4190,7200,80,255,1
1763363941.723847,3139107394136596315,62695,0,15,12,50,6200,15,31,0,4189,7200,80,255,1
1763363942.7311091,3139107394136596315,62717,0,15,12,50,6200,15,31,0,4188,7200,80,255,1
1763363944.2293448,3139107394136596315,62750,0,15,12,50,6200,15,31,0,4186,7200,80,255,1
1763363945.2361248,3139107394136596315,62770,0,15,12,50,6200,15,31,0,4185,7200,80,255,1
1763363946.7385645,3139107394136596315,62803,0,15,12,50,6200,15,31,0,4184,7200,80,255,1
1763363948.2264776,3139107394136596315,62835,0,15,12,50,6200,15,31,0,4182,7200,80,255,1
1763363949.2370298,3139107394136596315,62858,0,15,12,50,6200,15,31,0,4181,7200,80,255,1
1763363950.7350147,3139107394136596315,62891,0,15,12,50,6200,15,31,0,4180,7200,80,255,1
1763363952.2336907,3139107394136596315,62923,0,15,12,50,6200,15,31,0,4178,7200,80,255,1
1763363953.2350476,3139107394136596315,62947,0,15,12,50,6200,15,31,0,4177,7200,80,255,1
1763363954.726976,3139107394136596315,62979,0,15,12,50,6200,15,31,0,4176,7200,80,255,1
1763363955.7336633,3139107394136596315,63001,0,15,12,50,6200,15,31,0,4175,7200,80,255,1
1763363957.229048,3139107394136596315,63034,0,15,12,50,6200,15,31,0,4173,7200,80,255,1
1763363958.7338665,3139107394136596315,63064,0,15,12,50,6200,15,31,0,4172,7200,80,255,1
1763363959.7366977,3139107394136596315,63087,0,15,12,50,6200,15,31,0,4171,7200,80,255,1
1763363960.7378304,3139107394136596315,63109,0,15,12,50,6200,15,31,0,4170,7200,80,255,1
1763363962.2309325,3139107394136596315,63141,0,15,12,50,6200,15,31,0,4168,7200,80,255,1
1763363963.7358928,3139107394136596315,63174,0,15,12,50,6200,15,31,0,4167,7200,80,255,1
1763363965.2284353,3139107394136596315,63206,0,15,12,50,6200,15,31,0,4165,7200,80,255,1
1763363966.727677,3139107394136596315,63240,0,15,12,50,6200,15,31,0,4164,7200,80,255,1
1763363967.7302318,3139107394136596315,63261,0,15,12,50,6200,15,31,0,4163,7200,80,255,1
1763363969.2236779,3139107394136596315,63292,0,15,12,50,6200,15,31,0,4161,7200,80,255,1
1763363970.2381008,3139107394136596315,63314,0,15,12,50,6200,15,31,0,4160,7200,80,255,1
1763363971.7327693,3139107394136596315,63346,0,15,12,50,6200,15,31,0,4159,7200,80,255,1
1763363973.228455,3139107394136596315,63376,0,15,12,50,6200,15,31,0,4157,7200,80,255,1
1763363974.2351353,3139107394136596315,63400,0,15,12,50,6200,15,31,0,4156,7200,80,255,1
1763363975.730216,3139107394136596315,63435,0,15,12,50,6200,15,31,0,4155,7200,80,255,1
1763363977.2360375,3139107394136596315,63467,0,15,12,50,6200,15,31,0,4153,7200,80,255,1
1763363978.7242591,3139107394136596315,63502,0,15,12,50,6200,15,31,0,4152,7200,80,255,1
1763363979.729204,3139107394136596315,63524,0,15,12,50,6200,15,31,0,4151,7200,80,255,1
1763363980.731834,3139107394136596315,63545,0,15,12,50,6200,15,31,0,4150,7200,80,255,1
1763363982.224296,3139107394136596315,63577,0,15,12,50,6200,15,31,0,4148,7200,80,255,1
1763363983.2250369,3139107394136596315,63599,0,15,12,50,6200,15,31,0,4147,7200,80,255,1
1763363984.2359776,3139107394136596315,63621,0,15,12,50,6200,15,31,0,4146,7200,80,255,1
1763363985.7320368,3139107394136596315,63651,0,15,12,50,6200,15,31,0,4145,7200,80,255,1
1763363987.2305574,3139107394136596315,63683,0,15,12,50,6200,15,31,0,4143,7200,80,255,1
1763363988.7305992,3139107394136596315,63717,0,15,12,50,6200,15,31,0,4142,7200,80,255,1
1763363989.7339084,3139107394136596315,63737,0,15,12,50,6200,15,31,0,4141,7200,80,255,1
1763363991.2319171,3139107394136596315,63772,0,15,12,50,6200,15,31,0,4139,7200,80,255,1
1763363992.7235887,3139107394136596315,63804,0,15,12,50,6200,15,31,0,4138,7200,80,255,1
1763363993.7336411,3139107394136596315,63826,0,15,12,50,6200,15,31,0,4137,7200,80,255,1
1763363995.2312322,3139107394136596315,63861,0,15,12,50,6200,15,31,0,4135,7200,80,255,1
1763363996.2342346,3139107394136596315,63884,0,15,12,50,6200,15,31,0,4134,7200,80,255,1
1763363997.7359138,3139107394136596315,63921,0,15,12,50,6200,15,31,0,4133,7200,80,255,1
1763363998.7361722,3139107394136596315,63944,0,15,12,50,6200,15,31,0,4132,7200,80,255,1
1763363999.737286,3139107394136596315,63966,0,15,12,50,6200,15,31,0,4131,7200,80,255,1
1763364001.2291868,3139107394136596315,64000,0,15,12,50,6200,15,31,0,4129,7200,80,255,1
1763364002.2330027,3139107394136596315,64022,0,15,12,50,6200,15,31,0,4128,7200,80,255,1
1763364003.7292213,3139107394136596315,64055,0,15,12,50,6200,15,31,0,4127,7200,80,255,1
1763364004.731984,3139107394136596315,64076,0,15,12,50,6200,15,31,0,4126,7200,80,255,1
1763364005.7345297,3139107394136596315,64098,0,15,12,50,6200,15,31,0,4125,7200,80,255,1
1763364007.2272909,3139107394136596315,64132,0,15,12,50,6200,15,31,0,4123,7200,80,255,1
1763364008.2348287,3139107394136596315,64154,0,15,12,50,6200,15,31,0,4122,7200,80,255,1
1763364009.7304833,3139107394136596315,64186,0,15,12,50,6200,15,31,0,4121,7200,80,255,1
1763364010.7343404,3139107394136596315,64209,0,15,12,50,6200,15,31,0,4120,7200,80,255,1
1763364012.2349381,3139107394136596315,64242,0,15,12,50,6200,15,31,0,4118,7200,80,255,1
1763364013.729561,3139107394136596315,64276,0,15,12,50,6200,15,31,0,4117,7200,80,255,1
1763364014.7299843,3139107394136596315,64297,0,15,12,50,6200,15,31,0,4116,7200,80,255,1
1763364015.733986,3139107394136596315,64318,0,15,12,50,6200,15,31,0,4115,7200,80,255,1
1763364016.7369845,3139107394136596315,64340,0,15,12,50,6200,15,31,0,4114,7200,80,255,1
1763364018.2306488,3139107394136596315,64374,0,15,12,50,6200,15,31,0,4112,7200,80,255,1
1763364019.7373455,3139107394136596315,64405,0,15,12,50,6200,15,31,0,4111,7200,80,255,1
1763364021.2289233,3139107394136596315,64438,0,15,12,50,6200,15,31,0,4109,7200,80,255,1
1763364022.2296226,3139107394136596315,64460,0,15,12,50,6200,15,31,0,4108,7200,80,255,1
1763364023.232225,3139107394136596315,64484,0,15,12,50,6200,15,31,0,4107,7200,80,255,1
1763364024.2358854,3139107394136596315,64505,0,15,12,50,6200,15,31,0,4106,7200,80,255,1
1763364025.7258246,3139107394136596315,64536,0,15,12,50,6200,15,31,0,4105,7200,80,255,1
1763364026.7299538,3139107394136596315,64557,0,15,12,50,6200,15,31,0,4104,7200,80,255,1
1763364028.2340117,3139107394136596315,64589,0,15,12,50,6200,15,31,0,4102,7200,80,255,1
1763364029.7354965,3139107394136596315,64622,0,15,12,50,6200,15,31,0,4101,7200,80,255,1
1763364031.2339902,3139107394136596315,64656,0,15,12,50,6200,15,31,0,4099,7200,80,255,1
1763364032.2382789,3139107394136596315,64679,0,15,12,50,6200,15,31,0,4098,7200,80,255,1
1763364033.7328315,3139107394136596315,64710,0,15,12,50,6200,15,31,0,4097,7200,80,255,1
1763364034.7334595,3139107394136596315,64733,0,15,12,50,6200,15,31,0,4096,7200,80,255,1
1763364035.7349699,3139107394136596315,64756,0,15,12,50,6200,15,31,0,4095,7200,80,255,1
1763364037.2268682,3139107394136596315,64788,0,15,12,50,6200,15,31,0,4093,7200,80,255,1
1763364038.2375958,3139107394136596315,64810,0,15,12,50,6200,15,31,0,4092,7200,80,255,1
1763364039.7337294,3139107394136596315,64842,0,15,12,50,6200,15,31,0,4091,7200,80,255,1
1763364041.2238662,3139107394136596315,64874,0,15,12,50,6200,15,31,0,4089,7200,80,255,1
1763364042.2240047,3139107394136596315,64895,0,15,12,50,6200,15,31,0,4088,7200,80,255,1
1763364043.2371194,3139107394136596315,64918,0,15,12,50,6200,15,31,0,4087,7200,80,255,1
1763364044.728389,3139107394136596315,64951,0,15,12,50,6200,15,31,0,4086,7200,80,255,1
1763364046.233688,3139107394136596315,64984,0,15,12,50,6200,15,31,0,4084,7200,80,255,1
1763364047.7248294,3139107394136596315,65016,0,15,12,50,6200,15,31,0,4083,7200,80,255,1
1763364048.7257657,3139107394136596315,65038,0,15,12,50,6200,15,31,0,4082,7200,80,255,1
1763364049.7359118,3139107394136596315,65061,0,15,12,50,6200,15,31,0,4081,7200,80,255,1
1763364051.2293818,3139107394136596315,65093,0,15,12,50,6200,15,31,0,4079,7200,80,255,1
1763364052.737967,3139107394136596315,65126,0,15,12,50,6200,15,31,0,4078,7200,80,255,1
1763364054.232496,3139107394136596315,65159,0,15,12,50,6200,15,31,0,4076,7200,80,255,1
1763364055.2347722,3139107394136596315,65180,0,15,12,50,6200,15,31,0,4075,7200,80,255,1
1763364056.2349765,3139107394136596315,65200,0,15,12,50,6200,15,31,0,4074,7200,80,255,1
1763364057.7293456,3139107394136596315,65232,0,15,12,50,6200,15,31,0,4073,7200,80,255,1
1763364058.732937,3139107394136596315,65252,0,15,12,50,6200,15,31,0,4072,7200,80,255,1
1763364059.7341306,3139107394136596315,65275,0,15,12,50,6200,15,31,0,4071,7200,80,255,1
1763364061.2291906,3139107394136596315,65310,0,15,12,50,6200,15,31,0,4069,7200,80,255,1
1763364062.2354994,3139107394136596315,65332,0,15,12,50,6200,15,31,0,4068,7200,80,255,1
1763364063.7294295,3139107394136596315,65367,0,15,12,50,6200,15,31,0,4067,7200,80,255,1
1763364064.7369037,3139107394136596315,65388,0,15,12,50,6200,15,31,0,4066,7200,80,255,1
1763364066.230715,3139107394136596315,65420,0,15,12,50,6200,15,31,0,4064,7200,80,255,1
1763364067.7381155,3139107394136596315,65453,0,15,12,50,6200,15,31,0,4063,7200,80,255,1
1763364069.2330194,3139107394136596315,65484,0,15,12,50,6200,15,31,0,4061,7200,80,255,1
1763364070.7280488,3139107394136596315,65517,0,15,12,50,6200,15,31,0,4060,7200,80,255,1
1763364072.2234995,3139107394136596315,65549,0,15,12,50,6200,15,31,0,4058,7200,80,255,1
1763364073.224914,3139107394136596315,65570,0,15,12,50,6200,15,31,0,4057,7200,80,255,1
1763364074.7374272,3139107394136596315,65604,0,15,12,50,6200,15,31,0,4056,7200,80,255,1
1763364076.2328522,3139107394136596315,65637,0,15,12,50,6200,15,31,0,4054,7200,80,255,1
1763364077.2370782,3139107394136596315,65659,0,15,12,50,6200,15,31,0,4053,7200,80,255,1
1763364078.7318573,3139107394136596315,65690,0,15,12,50,6200,15,31,0,4052,7200,80,255,1
1763364079.7369256,3139107394136596315,65711,0,15,12,50,6200,15,31,0,4051,7200,80,255,1
1763364081.2317717,3139107394136596315,65743,0,15,12,50,6200,15,31,0,4049,7200,80,255,1
1763364082.2347906,3139107394136596315,65765,0,15,12,50,6200,15,31,0,4048,7200,80,255,1
1763364083.7249672,3139107394136596315,65796,0,15,12,50,6200,15,31,0,4047,7200,80,255,1
1763364085.232621,3139107394136596315,65832,0,15,12,50,6200,15,31,0,4045,7200,80,255,1
1763364086.7302463,3139107394136596315,65864,0,15,12,50,6200,15,31,0,4044,7200,80,255,1
1763364087.7307415,3139107394136596315,65884,0,15,12,50,6200,15,31,0,4043,7200,80,255,1
1763364088.735522,3139107394136596315,65904,0,15,12,50,6200,15,31,0,4042,7200,80,255,1
1763364090.2326787,3139107394136596315,65939,0,15,12,50,6200,15,31,0,4040,7200,80,255,1
1763364091.732838,3139107394136596315,65972,0,15,12,50,6200,15,31,0,4039,7200,80,255,1
1763364092.7378805,3139107394136596315,65993,0,15,12,50,6200,15,31,0,4038,7200,80,255,1
1763364094.2298794,3139107394136596315,66024,0,15,12,50,6200,15,31,0,4036,7200,80,255,1
1763364095.2322574,3139107394136596315,66047,0,15,12,50,6200,15,31,0,4035,7200,80,255,1
1763364096.237826,3139107394136596315,66071,0,15,12,50,6200,15,31,0,4034,7200,80,255,1
1763364097.7360566,3139107394136596315,66101,0,15,12,50,6200,15,31,0,4033,7200,80,255,1
1763364098.737804,3139107394136596315,66122,0,15,12,50,6200,15,31,0,4032,7200,80,255,1
1763364100.2259672,3139107394136596315,66154,0,15,12,50,6200,15,31,0,4030,7200,80,255,1
1763364101.2280307,3139107394136596315,66177,0,15,12,50,6200,15,31,0,4029,7200,80,255,1
1763364102.7377791,3139107394136596315,66208,0,15,12,50,6200,15,31,0,4028,7200,80,255,1
1763364104.2252874,3139107394136596315,66239,0,15,12,50,6200,15,31,0,4026,7200,80,255,1
1763364105.2309,3139107394136596315,66261,0,15,12,50,6200,15,31,0,4025,7200,80,255,1
1763364106.2360847,3139107394136596315,66283,0,15,12,50,6200,15,31,0,4024,7200,80,255,1
1763364107.7296743,3139107394136596315,66315,0,15,12,50,6200,15,31,0,4023,7200,80,255,1
1763364109.2338524,3139107394136596315,66348,0,15,12,50,6200,15,31,0,4021,7200,80,255,1
1763364110.724878,3139107394136596315,66379,0,15,12,50,6200,15,31,0,4020,7200,80,255,1
1763364111.7308614,3139107394136596315,66401,0,15,12,50,6200,15,31,0,4019,7200,80,255,1
1763364113.226983,3139107394136596315,66432,0,15,12,50,6200,15,31,0,4017,7200,80,255,1
1763364114.2296534,3139107394136596315,66453,0,15,12,50,6200,15,31,0,4016,7200,80,255,1
1763364115.7383094,3139107394136596315,66486,0,15,12,50,6200,15,31,0,4015,7200,80,255,1
1763364117.2257292,3139107394136596315,66516,0,15,12,50,6200,15,31,0,4013,7200,80,255,1
1763364118.2281764,3139107394136596315,66538,0,15,12,50,6200,15,31,0,4012,7200,80,255,1
1763364119.238305,3139107394136596315,66561,0,15,12,50,6200,15,31,0,4011,7200,80,255,1
1763364120.7381408,3139107394136596315,66592,0,15,12,50,6200,15,31,0,4010,7200,80,255,1
1763364122.2291641,3139107394136596315,66624,0,15,12,50,6200,15,31,0,4008,7200,80,255,1
1763364123.2358932,3139107394136596315,66644,0,15,12,50,6200,15,31,0,4007,7200,80,255,1
1763364124.7293632,3139107394136596315,66675,0,15,12,50,6200,15,31,0,4006,7200,80,255,1
1763364125.730197,3139107394136596315,66699,0,15,12,50,6200,15,31,0,4005,7200,80,255,1
1763364126.7306128,3139107394136596315,66720,0,15,12,50,6200,15,31,0,4004,7200,80,255,1
1763364128.2302015,3139107394136596315,66753,0,15,12,50,6200,15,31,0,4002,7200,80,255,1
1763364129.2348378,3139107394136596315,66774,0,15,12,50,6200,15,31,0,4001,7200,80,255,1
1763364130.7361367,3139107394136596315,66810,0,15,12,50,6200,15,31,0,4000,7200,80,255,1
1763364132.2281759,3139107394136596315,66843,0,15,12,50,6200,15,31,0,3998,7200,80,255,1
1763364133.7234635,3139107394136596315,66877,0,15,12,50,6200,15,31,0,3997,7200,80,255,1
1763364134.7364395,3139107394136596315,66898,0,15,12,50,6200,15,31,0,3996,7200,80,255,1
1763364136.2348666,3139107394136596315,66932,0,15,12,50,6200,15,31,0,3994,7200,80,255,1
1763364137.7249568,3139107394136596315,66965,0,15,12,50,6200,15,31,0,3993,7200,80,255,1
1763364138.737012,3139107394136596315,66988,0,15,12,50,6200,15,31,0,3992,7200,80,255,1
1763364140.2296784,3139107394136596315,67022,0,15,12,50,6200,15,31,0,3990,7200,80,255,1
1763364141.2320988,3139107394136596315,67045,0,15,12,50,6200,15,31,0,3989,7200,80,255,1
1763364142.723745,3139107394136596315,67076,0,15,12,50,6200,15,31,0,3988,7200,80,255,1
1763364143.7250774,3139107394136596315,67099,0,15,12,50,6200,15,31,0,3987,7200,80,255,1
1763364144.7368665,3139107394136596315,67123,0,15,12,50,6200,15,31,0,3986,7200,80,255,1
1763364146.2275705,3139107394136596315,67155,0,15,12,50,6200,15,31,0,3984,7200,80,255,1
1763364147.2321467,3139107394136596315,67178,0,15,12,50,6200,15,31,0,3983,7200,80,255,1
1763364148.7319517,3139107394136596315,67211,0,15,12,50,6200,15,31,0,3982,7200,80,255,1
1763364150.2359579,3139107394136596315,67244,0,15,12,50,6200,15,31,0,3980,7200,80,255,1
1763364151.7289956,3139107394136596315,67276,0,15,12,50,6200,15,31,0,3979,7200,80,255,1
1763364153.231104,3139107394136596315,67307,0,15,12,50,6200,15,31,0,3977,7200,80,255,1
1763364154.7319064,3139107394136596315,67340,0,15,12,50,6200,15,31,0,3976,7200,80,255,1
1763364156.2380865,3139107394136596315,67373,0,15,12,50,6200,15,31,0,3974,7200,80,255,1
1763364157.7237434,3139107394136596315,67404,0,15,12,50,6200,15,31,0,3973,7200,80,255,1
1763364158.724779,3139107394136596315,67427,0,15,12,50,6200,15,31,0,3972,7200,80,255,1
1763364159.7357802,3139107394136596315,67448,0,15,12,50,6200,15,31,0,3971,7200,80,255,1
1763364161.232364,3139107394136596315,67481,0,15,12,50,6200,15,31,0,3969,7200,80,255,1
1763364162.736163,3139107394136596315,67516,0,15,12,50,6200,15,31,0,3968,7200,80,255,1
1763364163.7363372,3139107394136596315,67539,0,15,12,50,6200,15,31,0,3967,7200,80,255,1
1763364165.2357106,3139107394136596315,67571,0,15,12,50,6200,15,31,0,3965,7200,80,255,1
1763364166.7310998,3139107394136596315,67605,0,15,12,50,6200,15,31,0,3964,7200,80,255,1
1763364167.7317917,3139107394136596315,67627,0,15,12,50,6200,15,31,0,3963,7200,80,255,1
1763364169.2368715,3139107394136596315,67658,0,15,12,50,6200,15,31,0,3961,7200,80,255,1
1763364170.729647,3139107394136596315,67691,0,15,12,50,6200,15,31,0,3960,7200,80,255,1
1763364171.731006,3139107394136596315,67714,0,15,12,50,6200,15,31,0,3959,7200,80,255,1
1763364173.237686,3139107394136596315,67747,0,15,12,50,6200,15,31,0,3957,7200,80,255,1
1763364174.728916,3139107394136596315,67780,0,15,12,50,6200,15,31,0,3956,7200,80,255,1
1763364176.2339401,3139107394136596315,67811,0,15,12,50,6200,15,31,0,3954,7200,80,255,1
1763364177.7310412,3139107394136596315,67844,0,15,12,50,6200,15,31,0,3953,7200,80,255,1
1763364178.7334807,3139107394136596315,67865,0,15,12,50,6200,15,31,0,3952,7200,80,255,1
1763364179.7336617,3139107394136596315,67887,0,15,12,50,6200,15,31,0,3951,7200,80,255,1
1763364180.734776,3139107394136596315,67908,0,15,12,50,6200,15,31,0,3950,7200,80,255,1
1763364182.2272954,3139107394136596315,67942,0,15,12,50,6200,15,31,0,3948,7200,80,255,1
1763364183.2307074,3139107394136596315,67964,0,15,12,50,6200,15,31,0,3947,7200,80,255,1
1763364184.7228675,3139107394136596315,67995,0,15,12,50,6200,15,31,0,3946,7200,80,255,1
1763364185.7369037,3139107394136596315,68018,0,15,12,50,6200,15,31,0,3945,7200,80,255,1
1763364187.2348638,3139107394136596315,68051,0,15,12,50,6200,15,31,0,3943,7200,80,255,1
1763364188.7280705,3139107394136596315,68084,0,15,12,50,6200,15,31,0,3942,7200,80,255,1
1763364189.7289872,3139107394136596315,68107,0,15,12,50,6200,15,31,0,3941,7200,80,255,1
1763364190.7336917,3139107394136596315,68129,0,15,12,50,6200,15,31,0,3940,7200,80,255,1
1763364192.2249377,3139107394136596315,68161,0,15,12,50,6200,15,31,0,3938,7200,80,255,1
1763364193.2277527,3139107394136596315,68182,0,15,12,50,6200,15,31,0,3937,7200,80,255,1
1763364194.7241013,3139107394136596315,68215,0,15,12,50,6200,15,31,0,3936,7200,80,255,1
1763364195.7354996,3139107394136596315,68237,0,15,12,50,6200,15,31,0,3935,7200,80,255,1
1763364197.2252767,3139107394136596315,68269,0,15,12,50,6200,15,31,0,3933,7200,80,255,1
1763364198.2318413,3139107394136596315,68293,0,15,12,50,6200,15,31,0,3932,7200,80,255,1
1763364199.232657,3139107394136596315,68314,0,15,12,50,6200,15,31,0,3931,7200,80,255,1
1763364200.7260785,3139107394136596315,68345,0,15,12,50,6200,15,31,0,3930,7200,80,255,1
1763364201.7273629,3139107394136596315,68366,0,15,12,50,6200,15,31,0,3929,7200,80,255,1
1763364202.7310905,3139107394136596315,68389,0,15,12,50,6200,15,31,0,3928,7200,80,255,1
1763364204.2283053,3139107394136596315,68421,0,15,12,50,6200,15,31,0,3926,7200,80,255,1
1763364205.7258058,3139107394136596315,68455,0,15,12,50,6200,15,31,0,3925,7200,80,255,1
1763364206.7309885,3139107394136596315,68478,0,15,12,50,6200,15,31,0,3924,7200,80,255,1
1763364207.7325153,3139107394136596315,68499,0,15,12,50,6200,15,31,0,3923,7200,80,255,1
1763364208.735135,3139107394136596315,68522,0,15,12,50,6200,15,31,0,3922,7200,80,255,1
1763364209.7358677,3139107394136596315,68544,0,15,12,50,6200,15,31,0,3921,7200,80,255,1
1763364211.2253962,3139107394136596315,68574,0,15,12,50,6200,15,31,0,3919,7200,80,255,1
1763364212.236256,3139107394136596315,68595,0,15,12,50,6200,15,31,0,3918,7200,80,255,1
1763364213.7245972,3139107394136596315,68628,0,15,12,50,6200,15,31,0,3917,7200,80,255,1
1763364214.7261195,3139107394136596315,68650,0,15,12,50,6200,15,31,0,3916,7200,80,255,1
1763364215.7325666,3139107394136596315,68673,0,15,12,50,6200,15,31,0,3915,7200,80,255,1
1763364216.735594,3139107394136596315,68696,0,15,12,50,6200,15,31,0,3914,7200,80,255,1
1763364218.2350256,3139107394136596315,68729,0,15,12,50,6200,15,31,0,3912,7200,80,255,1
1763364219.7309287,3139107394136596315,68762,0,15,12,50,6200,15,31,0,3911,7200,80,255,1
1763364221.2252796,3139107394136596315,68794,0,15,12,50,6200,15,31,0,3909,7200,80,255,1
1763364222.7305293,3139107394136596315,68827,0,15,12,50,6200,15,31,0,3908,7200,80,255,1
1763364224.2282276,3139107394136596315,68860,0,15,12,50,6200,15,31,0,3906,7200,80,255,1
1763364225.7362711,3139107394136596315,68893,0,15,12,50,6200,15,31,0,3905,7200,80,255,1
1763364226.7384045,3139107394136596315,68913,0,15,12,50,6200,15,31,0,3904,7200,80,255,1
1763364228.2301924,3139107394136596315,68948,0,15,12,50,6200,15,31,0,3902,7200,80,255,1
1763364229.2349975,3139107394136596315,68968,0,15,12,50,6200,15,31,0,3901,7200,80,255,1
1763364230.237369,3139107394136596315,68989,0,15,12,50,6200,15,31,0,3900,7200,80,255,1
1763364231.731062,3139107394136596315,69022,0,15,12,50,6200,15,31,0,3899,7200,80,255,1
1763364233.226753,3139107394136596315,69052,0,15,12,50,6200,15,31,0,3897,7200,80,255,1
1763364234.7329276,3139107394136596315,69086,0,15,12,50,6200,15,31,0,3896,7200,80,255,1
1763364235.7338912,3139107394136596315,69109,0,15,12,50,6200,15,31,0,3895,7200,80,255,1
1763364237.2365642,3139107394136596315,69141,0,15,12,50,6200,15,31,0,3893,7200,80,255,1
1763364238.7289488,3139107394136596315,69173,0,15,12,50,6200,15,31,0,3892,7200,80,255,1
1763364239.7349806,3139107394136596315,69196,0,15,12,50,6200,15,31,0,3891,7200,80,255,1
1763364241.2304304,3139107394136596315,69227,0,15,12,50,6200,15,31,0,3889,7200,80,255,1
1763364242.7370262,3139107394136596315,69259,0,15,12,50,6200,15,31,0,3888,7200,80,255,1
1763364244.2392454,3139107394136596315,69293,0,15,12,50,6200,15,31,0,3886,7200,80,255,1
1763364245.732974,3139107394136596315,69323,0,15,12,50,6200,15,31,0,3885,7200,80,255,1
1763364247.2239325,3139107394136596315,69356,0,15,12,50,6200,15,31,0,3883,7200,80,255,1
1763364248.2336323,3139107394136596315,69378,0,15,12,50,6200,15,31,0,3882,7200,80,255,1
1763364249.23541,3139107394136596315,69398,0,15,12,50,6200,15,31,0,3881,7200,80,255,1
1763364250.7375095,3139107394136596315,69430,0,15,12,50,6200,15,31,0,3880,7200,80,255,1
1763364252.2275581,3139107394136596315,69465,0,15,12,50,6200,15,31,0,3878,7200,80,255,1
1763364253.7318525,3139107394136596315,69498,0,15,12,50,6200,15,31,0,3877,7200,80,255,1
1763364254.7326531,3139107394136596315,69520,0,15,12,50,6200,15,31,0,3876,7200,80,255,1
1763364256.2266202,3139107394136596315,69551,0,15,12,50,6200,15,31,0,3874,7200,80,255,1
1763364257.2268453,3139107394136596315,69577,0,15,12,50,6200,15,31,0,3873,7200,80,255,1
1763364258.7359793,3139107394136596315,69610,0,15,12,50,6200,15,31,0,3872,7200,80,255,1
1763364259.7372792,3139107394136596315,69632,0,15,12,50,6200,15,31,0,3871,7200,80,255,1
1763364261.2275743,3139107394136596315,69664,0,15,12,50,6200,15,31,0,3869,7200,80,255,1
1763364262.2278185,3139107394136596315,69686,0,15,12,50,6200,15,31,0,3868,7200,80,255,1
1763364263.7328162,3139107394136596315,69720,0,15,12,50,6200,15,31,0,3867,7200,80,255,1
1763364264.7353873,3139107394136596315,69740,0,15,12,50,6200,15,31,0,3866,7200,80,255,1
1763364265.7369995,3139107394136596315,69762,0,15,12,50,6200,15,31,0,3865,7200,80,255,1
1763364267.2291183,3139107394136596315,69794,0,15,12,50,6200,15,31,0,3863,7200,80,255,1
1763364268.7318463,3139107394136596315,69826,0,15,12,50,6200,15,31,0,3862,7200,80,255,1
1763364269.738371,3139107394136596315,69848,0,15,12,50,6200,15,31,0,3861,7200,80,255,1
1763364271.228859,3139107394136596315,69880,0,15,12,50,6200,15,31,0,3859,7200,80,255,1
1763364272.7380636,3139107394136596315,69913,0,15,12,50,6200,15,31,0,3858,7200,80,255,1
1763364274.2382317,3139107394136596315,69947,0,15,12,50,6200,15,31,0,3856,7200,80,255,1
1763364275.7325487,3139107394136596315,69978,0,15,12,50,6200,15,31,0,3855,7200,80,255,1
1763364277.226997,3139107394136596315,70012,0,15,12,50,6200,15,31,0,3853,7200,80,255,1
1763364278.227459,3139107394136596315,70034,0,15,12,50,6200,15,31,0,3852,7200,80,255,1
1763364279.2309642,3139107394136596315,70054,0,15,12,50,6200,15,31,0,3851,7200,80,255,1
1763364280.235722,3139107394136596315,70075,0,15,12,50,6200,15,31,0,3850,7200,80,255,1
1763364281.237237,3139107394136596315,70096,0,15,12,50,6200,15,31,0,3849,7200,80,255,1
1763364282.735215,3139107394136596315,70130,0,15,12,50,6200,15,31,0,3848,7200,80,255,1
1763364284.2371852,3139107394136596315,70163,0,15,12,50,6200,15,31,0,3846,7200,80,255,1
1763364285.2377992,3139107394136596315,70183,0,15,12,50,6200,15,31,0,3845,7200,80,255,1
1763364286.7356834,3139107394136596315,70217,0,15,12,50,6200,15,31,0,3844,7200,80,255,1
1763364287.73622,3139107394136596315,70238,0,15,12,50,6200,15,31,0,3843,7200,80,255,1
1763364288.7369614,3139107394136596315,70260,0,15,12,50,6200,15,31,0,3842,7200,80,255,1
1763364290.2292812,3139107394136596315,70296,0,15,12,50,6200,15,31,0,3840,7200,80,255,1
1763364291.2318168,3139107394136596315,70319,0,15,12,50,6200,15,31,0,3839,7200,80,255,1
1763364292.735271,3139107394136596315,70349,0,15,12,50,6200,15,31,0,3838,7200,80,255,1
1763364294.2357767,3139107394136596315,70381,0,15,12,50,6200,15,31,0,3836,7200,80,255,1
1763364295.2373073,3139107394136596315,70404,0,15,12,50,6200,15,31,0,3835,7200,80,255,1
1763364296.2384086,3139107394136596315,70424,0,15,12,50,6200,15,31,0,3834,7200,80,255,1
1763364297.737052,3139107394136596315,70459,0,15,12,50,6200,15,31,0,3833,7200,80,255,1
1763364299.2296932,3139107394136596315,70490,0,15,12,50,6200,15,31,0,3831,7200,80,255,1
1763364300.2338789,3139107394136596315,70514,0,15,12,50,6200,15,31,0,3830,7200,80,255,1
1763364301.734161,3139107394136596315,70549,0,15,12,50,6200,15,31,0,3829,7200,80,255,1
1763364302.7381835,3139107394136596315,70571,0,15,12,50,6200,15,31,0,3828,7200,80,255,1
1763364304.2381136,3139107394136596315,70601,0,15,12,50,6200,15,31,0,3826,7200,80,255,1
1763364305.73383,3139107394136596315,70632,0,15,12,50,6200,15,31,0,3825,7200,80,255,1
1763364307.2338083,3139107394136596315,70664,0,15,12,50,6200,15,31,0,3823,7200,80,255,1
1763364308.2379003,3139107394136596315,70684,0,15,12,50,6200,15,31,0,3822,7200,80,255,1
1763364309.7310789,3139107394136596315,70716,0,15,12,50,6200,15,31,0,3821,7200,80,255,1
1763364310.732708,3139107394136596315,70738,0,15,12,50,6200,15,31,0,3820,7200,80,255,1
1763364312.2284129,3139107394136596315,70769,0,15,12,50,6200,15,31,0,3818,7200,80,255,1
1763364313.2294605,3139107394136596315,70792,0,15,12,50,6200,15,31,0,3817,7200,80,255,1
1763364314.2329566,3139107394136596315,70815,0,15,12,50,6200,15,31,0,3816,7200,80,255,1
1763364315.237502,3139107394136596315,70837,0,15,12,50,6200,15,31,0,3815,7200,80,255,1
1763364316.7370286,3139107394136596315,70868,0,15,12,50,6200,15,31,0,3814,7200,80,255,1
1763364317.7376497,3139107394136596315,70889,0,15,12,50,6200,15,31,0,3813,7200,80,255,1
1763364319.231663,3139107394136596315,70921,0,15,12,50,6200,15,31,0,3811,7200,80,255,1
1763364320.2359986,3139107394136596315,70944,0,15,12,50,6200,15,31,0,3810,7200,80,255,1
1763364321.731839,3139107394136596315,70979,0,15,12,50,6200,15,31,0,3809,7200,80,255,1
1763364322.735584,3139107394136596315,71001,0,15,12,50,6200,15,31,0,3808,7200,80,255,1
1763364324.2300029,3139107394136596315,71035,0,15,12,50,6200,15,31,0,3806,7200,80,255,1
1763364325.736656,3139107394136596315,71070,0,15,12,50,6200,15,31,0,3805,7200,80,255,1
1763364327.2260537,3139107394136596315,71101,0,15,12,50,6200,15,31,0,3803,7200,80,255,1
1763364328.2374177,3139107394136596315,71122,0,15,12,50,6200,15,31,0,3802,7200,80,255,1
1763364329.7291207,3139107394136596315,71155,0,15,12,50,6200,15,31,0,3801,7200,80,255,1
1763364331.2316186,3139107394136596315,71187,0,15,12,50,6200,15,31,0,3799,7200,80,255,1
1763364332.2359524,3139107394136596315,71209,0,15,12,50,6200,15,31,0,3798,7200,80,255,1
1763364333.237034,3139107394136596315,71233,0,15,12,50,6200,15,31,0,3797,7200,80,255,1
1763364334.727897,3139107394136596315,71264,0,15,12,50,6200,15,31,0,3796,7200,80,255,1
1763364335.7390976,3139107394136596315,71287,0,15,12,50,6200,15,31,0,3795,7200,80,255,1
1763364337.234257,3139107394136596315,71318,0,15,12,50,6200,15,31,0,3793,7200,80,255,1
1763364338.2351427,3139107394136596315,71342,0,15,12,50,6200,15,31,0,3792,7200,80,255,1
1763364339.7263231,3139107394136596315,71374,0,15,12,50,6200,15,31,0,3791,7200,80,255,1
1763364341.2336357,3139107394136596315,71410,0,15,12,50,6200,15,31,0,3789,7200,80,255,1
1763364342.7382958,3139107394136596315,71444,0,15,12,50,6200,15,31,0,3788,7200,80,255,1
1763364344.2301166,3139107394136596315,71477,0,15,12,50,6200,15,31,0,3786,7200,80,255,1
1763364345.7339225,3139107394136596315,71510,0,15,12,50,6200,15,31,0,3785,7200,80,255,1
1763364347.2274258,3139107394136596315,71542,0,15,12,50,6200,15,31,0,3783,7200,80,255,1
1763364348.2381186,3139107394136596315,71563,0,15,12,50,6200,15,31,0,3782,7200,80,255,1
1763364349.7305963,3139107394136596315,71596,0,15,12,50,6200,15,31,0,3781,7200,80,255,1
1763364350.7325628,3139107394136596315,71617,0,15,12,50,6200,15,31,0,3780,7200,80,255,1
1763364351.7351055,3139107394136596315,71640,0,15,12,50,6200,15,31,0,3779,7200,80,255,1
1763364353.2264547,3139107394136596315,71672,0,15,12,50,6200,15,31,0,3777,7200,80,255,1
1763364354.2357218,3139107394136596315,71694,0,15,12,50,6200,15,31,0,3776,7200,80,255,1
1763364355.7303085,3139107394136596315,71728,0,15,12,50,6200,15,31,0,3775,7200,80,255,1
1763364356.7352803,3139107394136596315,71749,0,15,12,50,6200,15,31,0,3774,7200,80,255,1
1763364358.2277615,3139107394136596315,71779,0,15,12,50,6200,15,31,0,3772,7200,80,255,1
1763364359.7327855,3139107394136596315,71812,0,15,12,50,6200,15,31,0,3771,7200,80,255,1
1763364361.2372615,3139107394136596315,71845,0,15,12,50,6200,15,31,0,3769,7200,80,255,1
1763364362.7350683,3139107394136596315,71877,0,15,12,50,6200,15,31,0,3768,7200,80,255,1
1763364364.2282205,3139107394136596315,71912,0,15,12,50,6200,15,31,0,3766,7200,80,255,1
1763364365.729555,3139107394136596315,71948,0,15,12,50,6200,15,31,0,3765,7200,80,255,1
1763364366.7349536,3139107394136596315,71969,0,15,12,50,6200,15,31,0,3764,7200,80,255,1
1763364368.2274187,3139107394136596315,72002,0,15,12,50,6200,15,31,0,3762,7200,80,255,1
1763364369.7339969,3139107394136596315,72036,0,15,12,50,6200,15,31,0,3761,7200,80,255,1
1763364371.2288525,3139107394136596315,72069,0,15,12,50,6200,15,31,0,3759,7200,80,255,1
1763364372.7362783,3139107394136596315,72101,0,15,12,50,6200,15,31,0,3758,7200,80,255,1
1763364374.2268867,3139107394136596315,72134,0,15,12,50,6200,15,31,0,3756,7200,80,255,1
1763364375.7347844,3139107394136596315,72170,0,15,12,50,6200,15,31,0,3755,7200,80,255,1
1763364377.228861,3139107394136596315,72203,0,15,12,50,6200,15,31,0,3753,7200,80,255,1
1763364378.7253776,3139107394136596315,72237,0,15,12,50,6200,15,31,0,3752,7200,80,255,1
1763364379.737537,3139107394136596315,72259,0,15,12,50,6200,15,31,0,3751,7200,80,255,1
1763364381.2353234,3139107394136596315,72291,0,15,12,50,6200,15,31,0,3749,7200,80,255,1
1763364382.730456,3139107394136596315,72323,0,15,12,50,6200,15,31,0,3748,7200,80,255,1
1763364383.7349746,3139107394136596315,72344,0,15,12,50,6200,15,31,0,3747,7200,80,255,1
1763364385.2308261,3139107394136596315,72378,0,15,12,50,6200,15,31,0,3745,7200,80,255,1
1763364386.2360349,3139107394136596315,72400,0,15,12,50,6200,15,31,0,3744,7200,80,255,1
1763364387.7268572,3139107394136596315,72433,0,15,12,50,6200,15,31,0,3743,7200,80,255,1
1763364388.7327886,3139107394136596315,72457,0,15,12,50,6200,15,31,0,3742,7200,80,255,1
1763364389.7338524,3139107394136596315,72478,0,15,12,50,6200,15,31,0,3741,7200,80,255,1
1763364391.2317588,3139107394136596315,72510,0,15,12,50,6200,15,31,0,3739,7200,80,255,1
1763364392.733969,3139107394136596315,72542,0,15,12,50,6200,15,31,0,3738,7200,80,255,1
1763364393.7370484,3139107394136596315,72566,0,15,12,50,6200,15,31,0,3737,7200,80,255,1
1763364395.2278574,3139107394136596315,72597,0,15,12,50,6200,15,31,0,3735,7200,80,255,1
1763364396.7263913,3139107394136596315,72629,0,15,12,50,6200,15,31,0,3734,7200,80,255,1
1763364398.2379127,3139107394136596315,72665,0,15,12,50,6200,15,31,0,3732,7200,80,255,1
1763364399.7317011,3139107394136596315,72697,0,15,12,50,6200,15,31,0,3731,7200,80,255,1
1763364400.735822,3139107394136596315,72718,0,15,12,50,6200,15,31,0,3730,7200,80,255,1
1763364402.228996,3139107394136596315,72752,0,15,12,50,6200,15,31,0,3728,7200,80,255,1
1763364403.733113,3139107394136596315,72784,0,15,12,50,6200,15,31,0,3727,7200,80,255,1
1763364405.227381,3139107394136596315,72820,0,15,12,50,6200,15,31,0,3725,7200,80,255,1
1763364406.2284718,3139107394136596315,72843,0,15,12,50,6200,15,31,0,3724,7200,80,255,1
1763364407.2285912,3139107394136596315,72863,0,15,12,50,6200,15,31,0,3723,7200,80,255,1
1763364408.737701,3139107394136596315,72897,0,15,12,50,6200,15,31,0,3722,7200,80,255,1
1763364410.2346647,3139107394136596315,72932,0,15,12,50,6200,15,31,0,3720,7200,80,255,1
1763364411.725528,3139107394136596315,72967,0,15,12,50,6200,15,31,0,3719,7200,80,255,1
1763364412.7325094,3139107394136596315,72990,0,15,12,50,6200,15,31,0,3718,7200,80,255,1
1763364413.7327926,3139107394136596315,73012,0,15,12,50,6200,15,31,0,3717,7200,80,255,1
1763364415.2385535,3139107394136596315,73043,0,15,12,50,6200,15,31,0,3715,7200,80,255,1
1763364416.7358701,3139107394136596315,73076,0,15,12,50,6200,15,31,0,3714,7200,80,255,1
1763364417.7358978,3139107394136596315,73098,0,15,12,50,6200,15,31,0,3713,7200,80,255,1
1763364419.2345924,3139107394136596315,73132,0,15,12,50,6200,15,31,0,3711,7200,80,255,1
1763364420.7341855,3139107394136596315,73168,0,15,12,50,6200,15,31,0,3710,7200,80,255,1
1763364422.2306123,3139107394136596315,73202,0,15,12,50,6200,15,31,0,3708,7200,80,255,1
1763364423.2328658,3139107394136596315,73226,0,15,12,50,6200,15,31,0,3707,7200,80,255,1
1763364424.7277806,3139107394136596315,73258,0,15,12,50,6200,15,31,0,3706,7200,80,255,1
1763364426.2340171,3139107394136596315,73292,0,15,12,50,6200,15,31,0,3704,7200,80,255,1
1763364427.234081,3139107394136596315,73313,0,15,12,50,6200,15,31,0,3703,7200,80,255,1
1763364428.7261074,3139107394136596315,73345,0,15,12,50,6200,15,31,0,3702,7200,80,255,1
1763364429.7367249,3139107394136596315,73369,0,15,12,50,6200,15,31,0,3701,7200,80,255,1
1763364431.2277274,3139107394136596315,73401,0,15,12,50,6200,15,31,0,3699,7200,80,255,1
1763364432.2316406,3139107394136596315,73423,0,15,12,50,6200,15,31,0,3698,7200,80,255,1
1763364433.723929,3139107394136596315,73458,0,15,12,50,6200,15,31,0,3697,7200,80,255,1
1763364434.7383277,3139107394136596315,73480,0,15,12,50,6200,15,31,0,3696,7200,80,255,1
1763364436.2359154,3139107394136596315,73511,0,15,12,50,6200,15,31,0,3694,7200,80,255,1
1763364437.7327936,3139107394136596315,73544,0,15,12,50,6200,15,31,0,3693,7200,80,255,1
1763364439.225291,3139107394136596315,73575,0,15,12,50,6200,15,31,0,3691,7200,80,255,1
1763364440.736804,3139107394136596315,73609,0,15,12,50,6200,15,31,0,3690,7200,80,255,1
1763364442.2277772,3139107394136596315,73641,0,15,12,50,6200,15,31,0,3688,7200,80,255,1
1763364443.7358797,3139107394136596315,73675,0,15,12,50,6200,15,31,0,3687,7200,80,255,1
1763364445.2240736,3139107394136596315,73707,0,15,12,50,6200,15,31,0,3685,7200,80,255,1
1763364446.2351992,3139107394136596315,73730,0,15,12,50,6200,15,31,0,3684,7200,80,255,1
1763364447.7270994,3139107394136596315,73762,0,15,12,50,6200,15,31,0,3683,7200,80,255,1
1763364448.7287025,3139107394136596315,73785,0,15,12,50,6200,15,31,0,3682,7200,80,255,1
1763364450.2328668,3139107394136596315,73818,0,15,12,50,6200,15,31,0,3680,7200,80,255,1
1763364451.73703,3139107394136596315,73852,0,15,12,50,6200,15,31,0,3679,7200,80,255,1
1763364453.2276626,3139107394136596315,73884,0,15,12,50,6200,15,31,0,3677,7200,80,255,1
1763364454.2379913,3139107394136596315,73906,0,15,12,50,6200,15,31,0,3676,7200,80,255,1
1763364455.7360852,3139107394136596315,73940,0,15,12,50,6200,15,31,0,3675,7200,80,255,1
1763364456.7361157,3139107394136596315,73963,0,15,12,50,6200,15,31,0,3674,7200,80,255,1
1763364457.7378583,3139107394136596315,73983,0,15,12,50,6200,15,31,0,3673,7200,80,255,1
1763364459.2304895,3139107394136596315,74018,0,15,12,50,6200,15,31,0,3671,7200,80,255,1
1763364460.7337816,3139107394136596315,74051,0,15,12,50,6200,15,31,0,3670,7200,80,255,1
1763364462.2361078,3139107394136596315,74082,0,15,12,50,6200,15,31,0,3668,7200,80,255,1
1763364463.7325246,3139107394136596315,74116,0,15,12,50,6200,15,31,0,3667,7200,80,255,1
1763364464.7327733,3139107394136596315,74139,0,15,12,50,6200,15,31,0,3666,7200,80,255,1
1763364466.2385275,3139107394136596315,74173,0,15,12,50,6200,15,31,0,3664,7200,80,255,1
1763364467.7301998,3139107394136596315,74204,0,15,12,50,6200,15,31,0,3663,7200,80,255,1
1763364469.2373545,3139107394136596315,74235,0,15,12,50,6200,15,31,0,3661,7200,80,255,1
1763364470.7329197,3139107394136596315,74268,0,15,12,50,6200,15,31,0,3660,7200,80,255,1
1763364471.7361376,3139107394136596315,74290,0,15,12,50,6200,15,31,0,3659,7200,80,255,1
1763364473.2327726,3139107394136596315,74324,0,15,12,50,6200,15,31,0,3657,7200,80,255,1
1763364474.2348504,3139107394136596315,74345,0,15,12,50,6200,15,31,0,3656,7200,80,255,1
1763364475.23757,3139107394136596315,74365,0,15,12,50,6200,15,31,0,3655,7200,80,255,1
1763364476.7279482,3139107394136596315,74397,0,15,12,50,6200,15,31,0,3654,7200,80,255,1
1763364477.735013,3139107394136596315,74419,0,15,12,50,6200,15,31,0,3653,7200,80,255,1
1763364479.2299137,3139107394136596315,74450,0,15,12,50,6200,15,31,0,3651,7200,80,255,1
1763364480.2316716,3139107394136596315,74470,0,15,12,50,6200,15,31,0,3650,7200,80,255,1
1763364481.2362502,3139107394136596315,74491,0,15,12,50,6200,15,31,0,3649,7200,80,255,1
1763364482.7324681,3139107394136596315,74523,0,15,12,50,6200,15,31,0,3648,7200,80,255,1
1763364483.7358484,3139107394136596315,74543,0,15,12,50,6200,15,31,0,3647,7200,80,255,1
1763364485.2302094,3139107394136596315,74576,0,15,12,50,6200,15,31,0,3645,7200,80,255,1
1763364486.2346225,3139107394136596315,74598,0,15,12,50,6200,15,31,0,3644,7200,80,255,1
1763364487.2352018,3139107394136596315,74620,0,15,12,50,6200,15,31,0,3643,7200,80,255,1
1763364488.7308347,3139107394136596315,74652,0,15,12,50,6200,15,31,0,3642,7200,80,255,1
1763364489.7383618,3139107394136596315,74675,0,15,12,50,6200,15,31,0,3641,7200,80,255,1
1763364491.2291756,3139107394136596315,74708,0,15,12,50,6200,15,31,0,3639,7200,80,255,1
1763364492.231732,3139107394136596315,74730,0,15,12,50,6200,15,31,0,3638,7200,80,255,1
1763364493.237861,3139107394136596315,74752,0,15,12,50,6200,15,31,0,3637,7200,80,255,1
1763364494.7345989,3139107394136596315,74783,0,15,12,50,6200,15,31,0,3636,7200,80,255,1
1763364496.23257,3139107394136596315,74817,0,15,12,50,6200,15,31,0,3634,7200,80,255,1
1763364497.2375274,3139107394136596315,74840,0,15,12,50,6200,15,31,0,3633,7200,80,255,1
1763364498.736683,3139107394136596315,74872,0,15,12,50,6200,15,31,0,3632,7200,80,255,1
1763364500.232686,3139107394136596315,74904,0,15,12,50,6200,15,31,0,3630,7200,80,255,1
1763364501.7248511,3139107394136596315,74939,0,15,12,50,6200,15,31,0,3629,7200,80,255,1
1763364502.7253225,3139107394136596315,74960,0,15,12,50,6200,15,31,0,3628,7200,80,255,1
1763364503.7289093,3139107394136596315,74983,0,15,12,50,6200,15,31,0,3627,7200,80,255,1
1763364504.732852,3139107394136596315,75006,0,15,12,50,6200,15,31,0,3626,7200,80,255,1
1763364506.2305067,3139107394136596315,75038,0,15,12,50,6200,15,31,0,3624,7200,80,255,1
1763364507.7285254,3139107394136596315,75071,0,15,12,50,6200,15,31,0,3623,7200,80,255,1
1763364508.736228,3139107394136596315,75093,0,15,12,50,6200,15,31,0,3622,7200,80,255,1
1763364510.234119,3139107394136596315,75125,0,15,12,50,6200,15,31,0,3620,7200,80,255,1
1763364511.7307522,3139107394136596315,75161,0,15,12,50,6200,15,31,0,3619,7200,80,255,1
1763364513.2284317,3139107394136596315,75193,0,15,12,50,6200,15,31,0,3617,7200,80,255,1
1763364514.2307646,3139107394136596315,75214,0,15,12,50,6200,15,31,0,3616,7200,80,255,1
1763364515.7372026,3139107394136596315,75245,0,15,12,50,6200,15,31,0,3615,7200,80,255,1
1763364517.2274237,3139107394136596315,75281,0,15,12,50,6200,15,31,0,3613,7200,80,255,1
1763364518.2275834,3139107394136596315,75303,0,15,12,50,6200,15,31,0,3612,7200,80,255,1
1763364519.2339077,3139107394136596315,75326,0,15,12,50,6200,15,31,0,3611,7200,80,255,1
1763364520.7264128,3139107394136596315,75359,0,15,12,50,6200,15,31,0,3610,7200,80,255,1
1763364522.2373648,3139107394136596315,75393,0,15,12,50,6200,15,31,0,3608,7200,80,255,1
1763364523.730336,3139107394136596315,75424,0,15,12,50,6200,15,31,0,3607,7200,80,255,1
1763364524.7339954,3139107394136596315,75444,0,15,12,50,6200,15,31,0,3606,7200,80,255,1
1763364526.234063,3139107394136596315,75477,0,15,12,50,6200,15,31,0,3604,7200,80,255,1
1763364527.7358825,3139107394136596315,75511,0,15,12,50,6200,15,31,0,3603,7200,80,255,1
1763364529.2317867,3139107394136596315,75545,0,15,12,50,6200,15,31,0,3601,7200,80,255,1
1763364530.2336035,3139107394136596315,75567,0,15,12,50,6200,15,31,0,3600,7200,80,255,1
1763364531.7252944,3139107394136596315,75600,0,15,12,50,6200,15,31,0,3599,7200,80,255,1
1763364532.7258484,3139107394136596315,75623,0,15,12,50,6200,15,31,0,3598,7200,80,255,1
1763364533.7261744,3139107394136596315,75648,0,15,12,50,6200,15,31,0,3597,7200,80,255,1
1763364534.7303407,3139107394136596315,75670,0,15,12,50,6200,15,31,0,3596,7200,80,255,1
1763364535.73164,3139107394136596315,75693,0,15,12,50,6200,15,31,0,3595,7200,80,255,1
1763364537.2240145,3139107394136596315,75727,0,15,12,50,6200,15,31,0,3593,7200,80,255,1
1763364538.2375226,3139107394136596315,75748,0,15,12,50,6200,15,31,0,3592,7200,80,255,1
1763364539.7261698,3139107394136596315,75779,0,15,12,50,6200,15,31,0,3591,7200,80,255,1
1763364541.2368681,3139107394136596315,75814,0,15,12,50,6200,15,31,0,3589,7200,80,255,1
1763364542.7307909,3139107394136596315,75846,0,15,12,50,6200,15,31,0,3588,7200,80,255,1
1763364544.234795,3139107394136596315,75877,0,15,12,50,6200,15,31,0,3586,7200,80,255,1
1763364545.7328932,3139107394136596315,75909,0,15,12,50,6200,15,31,0,3585,7200,80,255,1
1763364547.228674,3139107394136596315,75940,0,15,12,50,6200,15,31,0,3583,7200,80,255,1
1763364548.7342107,3139107394136596315,75973,0,15,12,50,6200,15,31,0,3582,7200,80,255,1
1763364549.7354596,3139107394136596315,75994,0,15,12,50,6200,15,31,0,3581,7200,80,255,1
1763364551.2303915,3139107394136596315,76027,0,15,12,50,6200,15,31,0,3579,7200,80,255,1
1763364552.2340746,3139107394136596315,76048,0,15,12,50,6200,15,31,0,3578,7200,80,255,1
1763364553.2365649,3139107394136596315,76069,0,15,12,50,6200,15,31,0,3577,7200,80,255,1
1763364554.7300882,3139107394136596315,76101,0,15,12,50,6200,15,31,0,3576,7200,80,255,1
1763364555.731905,3139107394136596315,76122,0,15,12,50,6200,15,31,0,3575,7200,80,255,1
1763364556.7346878,3139107394136596315,76145,0,15,12,50,6200,15,31,0,3574,7200,80,255,1
1763364557.7351587,3139107394136596315,76166,0,15,12,50,6200,15,31,0,3573,7200,80,255,1
1763364558.7364964,3139107394136596315,76188,0,15,12,50,6200,15,31,0,3572,7200,80,255,1
1763364559.7370863,3139107394136596315,76210,0,15,12,50,6200,15,31,0,3571,7200,80,255,1
1763364561.230832,3139107394136596315,76243,0,15,12,50,6200,15,31,0,3569,7200,80,255,1
1763364562.733891,3139107394136596315,76275,0,15,12,50,6200,15,31,0,3568,7200,80,255,1
1763364563.7363625,3139107394136596315,76295,0,15,12,50,6200,15,31,0,3567,7200,80,255,1
1763364565.22699,3139107394136596315,76327,0,15,12,50,6200,15,31,0,3565,7200,80,255,1
1763364566.2289152,3139107394136596315,76348,0,15,12,50,6200,15,31,0,3564,7200,80,255,1
1763364567.2300603,3139107394136596315,76368,0,15,12,50,6200,15,31,0,3563,7200,80,255,1
1763364568.232446,3139107394136596315,76389,0,15,12,50,6200,15,31,0,3562,7200,80,255,1
1763364569.232703,3139107394136596315,76412,0,15,12,50,6200,15,31,0,3561,7200,80,255,1
1763364570.2343361,3139107394136596315,76432,0,15,12,50,6200,15,31,0,3560,7200,80,255,1
1763364571.7259293,3139107394136596315,76464,0,15,12,50,6200,15,31,0,3559,7200,80,255,1
1763364572.7342787,3139107394136596315,76486,0,15,12,50,6200,15,31,0,3558,7200,80,255,1
1763364574.2292862,3139107394136596315,76519,0,15,12,50,6200,15,31,0,3556,7200,80,255,1
1763364575.2314363,3139107394136596315,76540,0,15,12,50,6200,15,31,0,3555,7200,80,255,1
1763364576.7270715,3139107394136596315,76572,0,15,12,50,6200,15,31,0,3554,7200,80,255,1
1763364578.235544,3139107394136596315,76606,0,15,12,50,6200,15,31,0,3552,7200,80,255,1
1763364579.2357056,3139107394136596315,76626,0,15,12,50,6200,15,31,0,3551,7200,80,255,1
1763364580.7287302,3139107394136596315,76657,0,15,12,50,6200,15,31,0,3550,7200,80,255,1
1763364581.7339969,3139107394136596315,76679,0,15,12,50,6200,15,31,0,3549,7200,80,255,1
1763364583.232515,3139107394136596315,76713,0,15,12,50,6200,15,31,0,3547,7200,80,255,1
1763364584.2371666,3139107394136596315,76736,0,15,12,50,6200,15,31,0,3546,7200,80,255,1
1763364585.7293243,3139107394136596315,76770,0,15,12,50,6200,15,31,0,3545,7200,80,255,1
1763364586.7338076,3139107394136596315,76791,0,15,12,50,6200,15,31,0,3544,7200,80,255,1
1763364588.228365,3139107394136596315,76823,0,15,12,50,6200,15,31,0,3542,7200,80,255,1
1763364589.2300887,3139107394136596315,76845,0,15,12,50,6200,15,31,0,3541,7200,80,255,1
1763364590.2337294,3139107394136596315,76868,0,15,12,50,6200,15,31,0,3540,7200,80,255,1
1763364591.7315702,3139107394136596315,76899,0,15,12,50,6200,15,31,0,3539,7200,80,255,1
1763364593.2328892,3139107394136596315,76931,0,15,12,50,6200,15,31,0,3537,7200,80,255,1
1763364594.2375736,3139107394136596315,76954,0,15,12,50,6200,15,31,0,3536,7200,80,255,1
1763364595.7336862,3139107394136596315,76987,0,15,12,50,6200,15,31,0,3535,7200,80,255,1
1763364596.7338855,3139107394136596315,77007,0,15,12,50,6200,15,31,0,3534,7200,80,255,1
1763364598.2291439,3139107394136596315,77041,0,15,12,50,6200,15,31,0,3532,7200,80,255,1
1763364599.230747,3139107394136596315,77065,0,15,12,50,6200,15,31,0,3531,7200,80,255,1
1763364600.73355,3139107394136596315,77096,0,15,12,50,6200,15,31,0,3530,7200,80,255,1
1763364601.7371948,3139107394136596315,77117,0,15,12,50,6200,15,31,0,3529,7200,80,255,1
1763364602.7373521,3139107394136596315,77138,0,15,12,50,6200,15,31,0,3528,7200,80,255,1
1763364604.223467,3139107394136596315,77169,0,15,12,50,6200,15,31,0,3526,7200,80,255,1
1763364605.227888,3139107394136596315,77192,0,15,12,50,6200,15,31,0,3525,7200,80,255,1
1763364606.231591,3139107394136596315,77214,0,15,12,50,6200,15,31,0,3524,7200,80,255,1
1763364607.724687,3139107394136596315,77246,0,15,12,50,6200,15,31,0,3523,7200,80,255,1
1763364608.7379677,3139107394136596315,77270,0,15,12,50,6200,15,31,0,3522,7200,80,255,1
1763364610.2291718,3139107394136596315,77302,0,15,12,50,6200,15,31,0,3520,7200,80,255,1
1763364611.236272,3139107394136596315,77323,0,15,12,50,6200,15,31,0,3519,7200,80,255,1
1763364612.2381005,3139107394136596315,77345,0,15,12,50,6200,15,31,0,3518,7200,80,255,1
1763364613.7264779,3139107394136596315,77377,0,15,12,50,6200,15,31,0,3517,7200,80,255,1
1763364614.726982,3139107394136596315,77399,0,15,12,50,6200,15,31,0,3516,7200,80,255,1
1763364615.7300491,3139107394136596315,77422,0,15,12,50,6200,15,31,0,3515,7200,80,255,1
1763364617.2324502,3139107394136596315,77456,0,15,12,50,6200,15,31,0,3513,7200,80,255,1
1763364618.232816,3139107394136596315,77481,0,15,12,50,6200,15,31,0,3512,7200,80,255,1
1763364619.2338166,3139107394136596315,77503,0,15,12,50,6200,15,31,0,3511,7200,80,255,1
1763364620.730311,3139107394136596315,77537,0,15,12,50,6200,15,31,0,3510,7200,80,255,1
1763364621.733876,3139107394136596315,77557,0,15,12,50,6200,15,31,0,3509,7200,80,255,1
1763364622.7338858,3139107394136596315,77579,0,15,12,50,6200,15,31,0,3508,7200,80,255,1
1763364624.2266514,3139107394136596315,77610,0,15,12,50,6200,15,31,0,3506,7200,80,255,1
1763364625.2373579,3139107394136596315,77631,0,15,12,50,6200,15,31,0,3505,7200,80,255,1
1763364626.2374902,3139107394136596315,77652,0,15,12,50,6200,15,31,0,3504,7200,80,255,1
1763364627.7297397,3139107394136596315,77686,0,15,12,50,6200,15,31,0,3503,7200,80,255,1
1763364628.7323148,3139107394136596315,77707,0,15,12,50,6200,15,31,0,3502,7200,80,255,1
1763364630.2361302,3139107394136596315,77737,0,15,12,50,6200,15,31,0,3500,7200,80,255,1
1763364631.730051,3139107394136596315,77770,0,15,12,50,6200,15,31,0,3499,7200,80,255,1
1763364633.237062,3139107394136596315,77803,0,15,12,50,6200,15,31,0,3497,7200,80,255,1
1763364634.726993,3139107394136596315,77837,0,15,12,50,6200,15,31,0,3496,7200,80,255,1
1763364635.7373145,3139107394136596315,77861,0,15,12,50,6200,15,31,0,3495,7200,80,255,1
1763364637.2275891,3139107394136596315,77894,0,15,12,50,6200,15,31,0,3493,7200,80,255,1
1763364638.7337267,3139107394136596315,77927,0,15,12,50,6200,15,31,0,3492,7200,80,255,1
1763364640.236753,3139107394136596315,77957,0,15,12,50,6200,15,31,0,3490,7200,80,255,1
1763364641.7315638,3139107394136596315,77991,0,15,12,50,6200,15,31,0,3489,7200,80,255,1
1763364643.224412,3139107394136596315,78024,0,15,12,50,6200,15,31,0,3487,7200,80,255,1
1763364644.2245066,3139107394136596315,78046,0,15,12,50,6200,15,31,0,3486,7200,80,255,1
1763364645.227463,3139107394136596315,78069,0,15,12,50,6200,15,31,0,3485,7200,80,255,1
1763364646.733921,3139107394136596315,78102,0,15,12,50,6200,15,31,0,3484,7200,80,255,1
1763364647.7378101,3139107394136596315,78124,0,15,12,50,6200,15,31,0,3483,7200,80,255,1
1763364648.7383733,3139107394136596315,78145,0,15,12,50,6200,15,31,0,3482,7200,80,255,1
1763364650.2336583,3139107394136596315,78179,0,15,12,50,6200,15,31,0,3480,7200,80,255,1
1763364651.2343435,3139107394136596315,78202,0,15,12,50,6200,15,31,0,3479,7200,80,255,1
1763364652.7332516,3139107394136596315,78236,0,15,12,50,6200,15,31,0,3478,7200,80,255,1
1763364653.7344193,3139107394136596315,78256,0,15,12,50,6200,15,31,0,3477,7200,80,255,1
1763364655.229373,3139107394136596315,78286,0,15,12,50,6200,15,31,0,3475,7200,80,255,1
1763364656.2303622,3139107394136596315,78308,0,15,12,50,6200,15,31,0,3474,7200,80,255,1
1763364657.7238412,3139107394136596315,78343,0,15,12,50,6200,15,31,0,3473,7200,80,255,1
1763364658.724008,3139107394136596315,78366,0,15,12,50,6200,15,31,0,3472,7200,80,255,1
1763364659.7349846,3139107394136596315,78389,0,15,12,50,6200,15,31,0,3471,7200,80,255,1
1763364661.2371767,3139107394136596315,78423,0,15,12,50,6200,15,31,0,3469,7200,80,255,1
1763364662.2379365,3139107394136596315,78443,0,15,12,50,6200,15,31,0,3468,7200,80,255,1
1763364663.7280176,3139107394136596315,78477,0,15,12,50,6200,15,31,0,3467,7200,80,255,1
1763364664.7295861,3139107394136596315,78499,0,15,12,50,6200,15,31,0,3466,7200,80,255,1
1763364666.232799,3139107394136596315,78531,0,15,12,50,6200,15,31,0,3464,7200,80,255,1
1763364667.736841,3139107394136596315,78565,0,15,12,50,6200,15,31,0,3463,7200,80,255,1
1763364669.2286658,3139107394136596315,78597,0,15,12,50,6200,15,31,0,3461,7200,80,255,1
1763364670.7349157,3139107394136596315,78632,0,15,12,50,6200,15,31,0,3460,7200,80,255,1
1763364672.2269888,3139107394136596315,78663,0,15,12,50,6200,15,31,0,3458,7200,80,255,1
1763364673.7328482,3139107394136596315,78698,0,15,12,50,6200,15,31,0,3457,7200,80,255,1
1763364675.223978,3139107394136596315,78732,0,15,12,50,6200,15,31,0,3455,7200,80,255,1
1763364676.2358968,3139107394136596315,78753,0,15,12,50,6200,15,31,0,3454,7200,80,255,1
1763364677.7293983,3139107394136596315,78784,0,15,12,50,6200,15,31,0,3453,7200,80,255,1
1763364678.7337112,3139107394136596315,78809,0,15,12,50,6200,15,31,0,3452,7200,80,255,1
1763364680.223978,3139107394136596315,78841,0,15,12,50,6200,15,31,0,3450,7200,80,255,1
1763364681.2380528,3139107394136596315,78863,0,15,12,50,6200,15,31,0,3449,7200,80,255,1
1763364682.7362435,3139107394136596315,78897,0,15,12,50,6200,15,31,0,3448,7200,80,255,1
1763364684.233983,3139107394136596315,78929,0,15,12,50,6200,15,31,0,3446,7200,80,255,1
1763364685.7296095,3139107394136596315,78963,0,15,12,50,6200,15,31,0,3445,7200,80,255,1
1763364687.225146,3139107394136596315,78994,0,15,12,50,6200,15,31,0,3443,7200,80,255,1
1763364688.2392433,3139107394136596315,79016,0,15,12,50,6200,15,31,0,3442,7200,80,255,1
1763364689.7370682,3139107394136596315,79047,0,15,12,50,6200,15,31,0,3441,7200,80,255,1
1763364691.234926,3139107394136596315,79080,0,15,12,50,6200,15,31,0,3439,7200,80,255,1
1763364692.7293468,3139107394136596315,79111,0,15,12,50,6200,15,31,0,3438,7200,80,255,1
1763364693.729819,3139107394136596315,79133,0,15,12,50,6200,15,31,0,3437,7200,80,255,1
1763364695.2373116,3139107394136596315,79165,0,15,12,50,6200,15,31,0,3435,7200,80,255,1
1763364696.7316616,3139107394136596315,79197,0,15,12,50,6200,15,31,0,3434,7200,80,255,1
1763364698.2268822,3139107394136596315,79228,0,15,12,50,6200,15,31,0,3432,7200,80,255,1
1763364699.736298,3139107394136596315,79261,0,15,12,50,6200,15,31,0,3431,7200,80,255,1
1763364700.7372656,3139107394136596315,79284,0,15,12,50,6200,15,31,0,3430,7200,80,255,1
1763364702.230741,3139107394136596315,79317,0,15,12,50,6200,15,31,0,3428,7200,80,255,1
1763364703.2339017,3139107394136596315,79340,0,15,12,50,6200,15,31,0,3427,7200,80,255,1
1763364704.7238507,3139107394136596315,79374,0,15,12,50,6200,15,31,0,3426,7200,80,255,1
1763364705.7363513,3139107394136596315,79396,0,15,12,50,6200,15,31,0,3425,7200,80,255,1
1763364707.2298517,3139107394136596315,79428,0,15,12,50,6200,15,31,0,3423,7200,80,255,1
1763364708.238571,3139107394136596315,79449,0,15,12,50,6200,15,31,0,3422,7200,80,255,1
1763364709.7329972,3139107394136596315,79482,0,15,12,50,6200,15,31,0,3421,7200,80,255,1
1763364710.7346148,3139107394136596315,79504,0,15,12,50,6200,15,31,0,3420,7200,80,255,1
1763364712.2346735,3139107394136596315,79535,0,15,12,50,6200,15,31,0,3418,7200,80,255,1
1763364713.2374635,3139107394136596315,79558,0,15,12,50,6200,15,31,0,3417,7200,80,255,1
1763364714.7270615,3139107394136596315,79590,0,15,12,50,6200,15,31,0,3416,7200,80,255,1
1763364715.7290537,3139107394136596315,79612,0,15,12,50,6200,15,31,0,3415,7200,80,255,1
1763364716.7297926,3139107394136596315,79635,0,15,12,50,6200,15,31,0,3414,7200,80,255,1
1763364717.7302382,3139107394136596315,79656,0,15,12,50,6200,15,31,0,3413,7200,80,255,1
1763364719.237782,3139107394136596315,79688,0,15,12,50,6200,15,31,0,3411,7200,80,255,1
1763364720.2380037,3139107394136596315,79708,0,15,12,50,6200,15,31,0,3410,7200,80,255,1
1763364721.724672,3139107394136596315,79740,0,15,12,50,6200,15,31,0,3409,7200,80,255,1
1763364722.7346842,3139107394136596315,79761,0,15,12,50,6200,15,31,0,3408,7200,80,255,1
1763364724.2376673,3139107394136596315,79792,0,15,12,50,6200,15,31,0,3406,7200,80,255,1
1763364725.7324498,3139107394136596315,79825,0,15,12,50,6200,15,31,0,3405,7200,80,255,1
1763364727.237501,3139107394136596315,79859,0,15,12,50,6200,15,31,0,3403,7200,80,255,1
1763364728.7346878,3139107394136596315,79891,0,15,12,50,6200,15,31,0,3402,7200,80,255,1
1763364730.2249212,3139107394136596315,79924,0,15,12,50,6200,15,31,0,3400,7200,80,255,1
1763364731.226138,3139107394136596315,79945,0,15,12,50,6200,15,31,0,3399,7200,80,255,1
1763364732.2370377,3139107394136596315,79968,0,15,12,50,6200,15,31,0,3398,7200,80,255,1
1763364733.7337232,3139107394136596315,80000,0,15,12,50,6200,15,31,0,3397,7200,80,255,1
1763364735.2384331,3139107394136596315,80033,0,15,12,50,6200,15,31,0,3395,7200,80,255,1
1763364736.7298253,3139107394136596315,80065,0,15,12,50,6200,15,31,0,3394,7200,80,255,1
1763364738.2371156,3139107394136596315,80099,0,15,12,50,6200,15,31,0,3392,7200,80,255,1
1763364739.730309,3139107394136596315,80130,0,15,12,50,6200,15,31,0,3391,7200,80,255,1
1763364740.730604,3139107394136596315,80151,0,15,12,50,6200,15,31,0,3390,7200,80,255,1
1763364741.7328048,3139107394136596315,80174,0,15,12,50,6200,15,31,0,3389,7200,80,255,1
1763364743.2240503,3139107394136596315,80205,0,15,12,50,6200,15,31,0,3387,7200,80,255,1
1763364744.225216,3139107394136596315,80227,0,15,12,50,6200,15,31,0,3386,7200,80,255,1
1763364745.2360349,3139107394136596315,80250,0,15,12,50,6200,15,31,0,3385,7200,80,255,1
1763364746.7313163,3139107394136596315,80284,0,15,12,50,6200,15,31,0,3384,7200,80,255,1
1763364747.732658,3139107394136596315,80305,0,15,12,50,6200,15,31,0,3383,7200,80,255,1
1763364748.7337222,3139107394136596315,80326,0,15,12,50,6200,15,31,0,3382,7200,80,255,1
1763364750.2263744,3139107394136596315,80359,0,15,12,50,6200,15,31,0,3380,7200,80,255,1
1763364751.7307408,3139107394136596315,80393,0,15,12,50,6200,15,31,0,3379,7200,80,255,1
1763364753.2236838,3139107394136596315,80429,0,15,12,50,6200,15,31,0,3377,7200,80,255,1
1763364754.2370954,3139107394136596315,80450,0,15,12,50,6200,15,31,0,3376,7200,80,255,1
1763364755.730517,3139107394136596315,80483,0,15,12,50,6200,15,31,0,3375,7200,80,255,1
1763364757.2317648,3139107394136596315,80517,0,15,12,50,6200,15,31,0,3373,7200,80,255,1
1763364758.7251291,3139107394136596315,80549,0,15,12,50,6200,15,31,0,3372,7200,80,255,1
1763364759.7258828,3139107394136596315,80572,0,15,12,50,6200,15,31,0,3371,7200,80,255,1
1763364760.7260263,3139107394136596315,80593,0,15,12,50,6200,15,31,0,3370,7200,80,255,1
1763364762.2355382,3139107394136596315,80627,0,15,12,50,6200,15,31,0,3368,7200,80,255,1
1763364763.7316554,3139107394136596315,80660,0,15,12,50,6200,15,31,0,3367,7200,80,255,1
1763364765.2265077,3139107394136596315,80691,0,15,12,50,6200,15,31,0,3365,7200,80,255,1
1763364766.736227,3139107394136596315,80725,0,15,12,50,6200,15,31,0,3364,7200,80,255,1
1763364767.7376468,3139107394136596315,80747,0,15,12,50,6200,15,31,0,3363,7200,80,255,1
1763364769.2296965,3139107394136596315,80781,0,15,12,50,6200,15,31,0,3361,7200,80,255,1
1763364770.2309043,3139107394136596315,80802,0,15,12,50,6200,15,31,0,3360,7200,80,255,1
1763364771.7247982,3139107394136596315,80837,0,15,12,50,6200,15,31,0,3359,7200,80,255,1
1763364772.7367036,3139107394136596315,80861,0,15,12,50,6200,15,31,0,3358,7200,80,255,1
1763364774.2307444,3139107394136596315,80893,0,15,12,50,6200,15,31,0,3356,7200,80,255,1
1763364775.232561,3139107394136596315,80917,0,15,12,50,6200,15,31,0,3355,7200,80,255,1
1763364776.2371705,3139107394136596315,80940,0,15,12,50,6200,15,31,0,3354,7200,80,255,1
1763364777.2373831,3139107394136596315,80961,0,15,12,50,6200,15,31,0,3353,7200,80,255,1
1763364778.732787,3139107394136596315,80995,0,15,12,50,6200,15,31,0,3352,7200,80,255,1
1763364780.2340262,3139107394136596315,81030,0,15,12,50,6200,15,31,0,3350,7200,80,255,1
1763364781.2354097,3139107394136596315,81051,0,15,12,50,6200,15,31,0,3349,7200,80,255,1
1763364782.7347844,3139107394136596315,81087,0,15,12,50,6200,15,31,0,3348,7200,80,255,1
1763364783.736063,3139107394136596315,81109,0,15,12,50,6200,15,31,0,3347,7200,80,255,1
1763364785.2327383,3139107394136596315,81141,0,15,12,50,6200,15,31,0,3345,7200,80,255,1
1763364786.2374115,3139107394136596315,81163,0,15,12,50,6200,15,31,0,3344,7200,80,255,1
1763364787.7264898,3139107394136596315,81196,0,15,12,50,6200,15,31,0,3343,7200,80,255,1
1763364788.728966,3139107394136596315,81219,0,15,12,50,6200,15,31,0,3342,7200,80,255,1
1763364789.7298472,3139107394136596315,81241,0,15,12,50,6200,15,31,0,3341,7200,80,255,1
1763364791.233881,3139107394136596315,81273,0,15,12,50,6200,15,31,0,3339,7200,80,255,1
1763364792.7239993,3139107394136596315,81309,0,15,12,50,6200,15,31,0,3338,7200,80,255,1
1763364794.2362866,3139107394136596315,81342,0,15,12,50,6200,15,31,0,3336,7200,80,255,1
1763364795.2376916,3139107394136596315,81365,0,15,12,50,6200,15,31,0,3335,7200,80,255,1
1763364796.7325082,3139107394136596315,81398,0,15,12,50,6200,15,31,0,3334,7200,80,255,1
1763364798.2270696,3139107394136596315,81431,0,15,12,50,6200,15,31,0,3332,7200,80,255,1
1763364799.2288046,3139107394136596315,81454,0,15,12,50,6200,15,31,0,3331,7200,80,255,1
1763364800.7364776,3139107394136596315,81489,0,15,12,50,6200,15,31,0,3330,7200,80,255,1
1763364801.7377644,3139107394136596315,81511,0,15,12,50,6200,15,31,0,3329,7200,80,255,1
1763364803.2282043,3139107394136596315,81547,0,15,12,50,6200,15,31,0,3327,7200,80,255,1
1763364804.229339,3139107394136596315,81571,0,15,12,50,6200,15,31,0,3326,7200,80,255,1
1763364805.231584,3139107394136596315,81594,0,15,12,50,6200,15,31,0,3325,7200,80,255,1
1763364806.2371068,3139107394136596315,81617,0,15,12,50,6200,15,31,0,3324,7200,80,255,1
1763364807.7317052,3139107394136596315,81651,0,15,12,50,6200,15,31,0,3323,7200,80,255,1
1763364809.227373,3139107394136596315,81682,0,15,12,50,6200,15,31,0,3321,7200,80,255,1
1763364810.723334,3139107394136596315,81716,0,15,12,50,6200,15,31,0,3320,7200,80,255,1
1763364811.7382028,3139107394136596315,81740,0,15,12,50,6200,15,31,0,3319,7200,80,255,1
1763364813.230369,3139107394136596315,81776,0,15,12,50,6200,15,31,0,3317,7200,80,255,1
1763364814.7259934,3139107394136596315,81810,0,15,12,50,6200,15,31,0,3316,7200,80,255,1
1763364816.235926,3139107394136596315,81844,0,15,12,50,6200,15,31,0,3314,7200,80,255,1
1763364817.738097,3139107394136596315,81880,0,15,12,50,6200,15,31,0,3313,7200,80,255,1
1763364819.228838,3139107394136596315,81914,0,15,12,50,6200,15,31,0,3311,7200,80,255,1
1763364820.234093,3139107394136596315,81937,0,15,12,50,6200,15,31,0,3310,7200,80,255,1
1763364821.7273908,3139107394136596315,81971,0,15,12,50,6200,15,31,0,3309,7200,80,255,1
1763364823.2304497,3139107394136596315,82009,0,15,12,50,6200,15,31,0,3307,7200,80,255,1
1763364824.7267818,3139107394136596315,82043,0,15,12,50,6200,15,31,0,3306,7200,80,255,1
1763364826.2337434,3139107394136596315,82078,0,15,12,50,6200,15,31,0,3304,7200,80,255,1
1763364827.723776,3139107394136596315,82111,0,15,12,50,6200,15,31,0,3303,7200,80,255,1
1763364828.7368767,3139107394136596315,82136,0,15,12,50,6200,15,31,0,3302,7200,80,255,1
1763364830.2328537,3139107394136596315,82172,0,15,12,50,6200,15,31,0,3300,7200,80,255,1
1763364831.2329235,3139107394136596315,82197,0,15,12,50,6200,15,31,0,3299,7200,80,255,1
1763364832.7248924,3139107394136596315,82232,0,15,12,50,6200,15,31,0,3298,7200,80,255,1
1763364833.7362192,3139107394136596315,82254,0,15,12,50,6200,15,31,0,3297,7200,80,255,1
1763364834.7365415,3139107394136596315,82276,0,15,12,50,6200,15,31,0,3296,7200,80,255,1
1763364836.2263017,3139107394136596315,82312,0,15,12,50,6200,15,31,0,3294,7200,80,255,1
1763364837.2312717,3139107394136596315,82334,0,15,12,50,6200,15,31,0,3293,7200,80,255,1
1763364838.7250657,3139107394136596315,82367,0,15,12,50,6200,15,31,0,3292,7200,80,255,1
1763364839.737535,3139107394136596315,82389,0,15,12,50,6200,15,31,0,3291,7200,80,255,1
1763364841.2281308,3139107394136596315,82419,0,15,12,50,6200,15,31,0,3289,7200,80,255,1
1763364842.7298448,3139107394136596315,82453,0,15,12,50,6200,15,31,0,3288,7200,80,255,1
1763364843.7302868,3139107394136596315,82474,0,15,12,50,6200,15,31,0,3287,7200,80,255,1
1763364844.7313595,3139107394136596315,82496,0,15,12,50,6200,15,31,0,3286,7200,80,255,1
1763364846.2387686,3139107394136596315,82529,0,15,12,50,6200,15,31,0,3284,7200,80,255,1
1763364847.7372353,3139107394136596315,82561,0,15,12,50,6200,15,31,0,3283,7200,80,255,1
1763364849.2298365,3139107394136596315,82594,0,15,12,50,6200,15,31,0,3281,7200,80,255,1
1763364850.2303493,3139107394136596315,82616,0,15,12,50,6200,15,31,0,3280,7200,80,255,1
1763364851.7239714,3139107394136596315,82650,0,15,12,50,6200,15,31,0,3279,7200,80,255,1
1763364852.7252853,3139107394136596315,82672,0,15,12,50,6200,15,31,0,3278,7200,80,255,1
1763364853.7281787,3139107394136596315,82694,0,15,12,50,6200,15,31,0,3277,7200,80,255,1
1763364854.7348762,3139107394136596315,82719,0,15,12,50,6200,15,31,0,3276,7200,80,255,1
1763364855.7365098,3139107394136596315,82741,0,15,12,50,6200,15,31,0,3275,7200,80,255,1
1763364857.2324448,3139107394136596315,82775,0,15,12,50,6200,15,31,0,3273,7200,80,255,1
1763364858.2350109,3139107394136596315,82799,0,15,12,50,6200,15,31,0,3272,7200,80,255,1
1763364859.728394,3139107394136596315,82831,0,15,12,50,6200,15,31,0,3271,7200,80,255,1
1763364861.231341,3139107394136596315,82865,0,15,12,50,6200,15,31,0,3269,7200,80,255,1
1763364862.2324317,3139107394136596315,82888,0,15,12,50,6200,15,31,0,3268,7200,80,255,1
1763364863.729704,3139107394136596315,82919,0,15,12,50,6200,15,31,0,3267,7200,80,255,1
1763364864.7302718,3139107394136596315,82942,0,15,12,50,6200,15,31,0,3266,7200,80,255,1
1763364865.7307105,3139107394136596315,82964,0,15,12,50,6200,15,31,0,3265,7200,80,255,1
1763364867.2349117,3139107394136596315,82996,0,15,12,50,6200,15,31,0,3263,7200,80,255,1
1763364868.7305598,3139107394136596315,83029,0,15,12,50,6200,15,31,0,3262,7200,80,255,1
1763364870.224961,3139107394136596315,83062,0,15,12,50,6200,15,31,0,3260,7200,80,255,1
1763364871.236205,3139107394136596315,83084,0,15,12,50,6200,15,31,0,3259,7200,80,255,1
1763364872.7303627,3139107394136596315,83117,0,15,12,50,6200,15,31,0,3258,7200,80,255,1
1763364873.7334762,3139107394136596315,83139,0,15,12,50,6200,15,31,0,3257,7200,80,255,1
1763364875.226548,3139107394136596315,83175,0,15,12,50,6200,15,31,0,3255,7200,80,255,1
1763364876.2369874,3139107394136596315,83200,0,15,12,50,6200,15,31,0,3254,7200,80,255,1
1763364877.7293057,3139107394136596315,83234,0,15,12,50,6200,15,31,0,3253,7200,80,255,1
1763364878.7301955,3139107394136596315,83257,0,15,12,50,6200,15,31,0,3252,7200,80,255,1
1763364880.2277653,3139107394136596315,83288,0,15,12,50,6200,15,31,0,3250,7200,80,255,1
1763364881.7357721,3139107394136596315,83324,0,15,12,50,6200,15,31,0,3249,7200,80,255,1
1763364883.2307236,3139107394136596315,83359,0,15,12,50,6200,15,31,0,3247,7200,80,255,1
1763364884.7378147,3139107394136596315,83393,0,15,12,50,6200,15,31,0,3246,7200,80,255,1
1763364886.226595,3139107394136596315,83428,0,15,12,50,6200,15,31,0,3244,7200,80,255,1
1763364887.2277827,3139107394136596315,83450,0,15,12,50,6200,15,31,0,3243,7200,80,255,1
1763364888.2279963,3139107394136596315,83474,0,15,12,50,6200,15,31,0,3242,7200,80,255,1
1763364889.7371733,3139107394136596315,83509,0,15,12,50,6200,15,31,0,3241,7200,80,255,1
1763364891.2278113,3139107394136596315,83541,0,15,12,50,6200,15,31,0,3239,7200,80,255,1
1763364892.2378976,3139107394136596315,83562,0,15,12,50,6200,15,31,0,3238,7200,80,255,1
1763364893.7298777,3139107394136596315,83597,0,15,12,50,6200,15,31,0,3237,7200,80,255,1
1763364894.734922,3139107394136596315,83617,0,15,12,50,6200,15,31,0,3236,7200,80,255,1
1763364896.2300515,3139107394136596315,83653,0,15,12,50,6200,15,31,0,3234,7200,80,255,1
1763364897.2313166,3139107394136596315,83675,0,15,12,50,6200,15,31,0,3233,7200,80,255,1
1763364898.733909,3139107394136596315,83710,0,15,12,50,6200,15,31,0,3232,7200,80,255,1
1763364899.7354944,3139107394136596315,83732,0,15,12,50,6200,15,31,0,3231,7200,80,255,1
1763364901.228058,3139107394136596315,83767,0,15,12,50,6200,15,31,0,3229,7200,80,255,1
1763364902.233158,3139107394136596315,83790,0,15,12,50,6200,15,31,0,3228,7200,80,255,1
1763364903.733851,3139107394136596315,83823,0,15,12,50,6200,15,31,0,3227,7200,80,255,1
1763364905.2340102,3139107394136596315,83858,0,15,12,50,6200,15,31,0,3225,7200,80,255,1
1763364906.2359307,3139107394136596315,83878,0,15,12,50,6200,15,31,0,3224,7200,80,255,1
1763364907.7239385,3139107394136596315,83909,0,15,12,50,6200,15,31,0,3223,7200,80,255,1
1763364908.7329185,3139107394136596315,83930,0,15,12,50,6200,15,31,0,3222,7200,80,255,1
1763364910.2254038,3139107394136596315,83962,0,15,12,50,6200,15,31,0,3220,7200,80,255,1
1763364911.2358184,3139107394136596315,83985,0,15,12,50,6200,15,31,0,3219,7200,80,255,1
1763364912.7374935,3139107394136596315,84019,0,15,12,50,6200,15,31,0,3218,7200,80,255,1
1763364914.2269003,3139107394136596315,84052,0,15,12,50,6200,15,31,0,3216,7200,80,255,1
1763364915.2284904,3139107394136596315,84073,0,15,12,50,6200,15,31,0,3215,7200,80,255,1
1763364916.2358196,3139107394136596315,84095,0,15,12,50,6200,15,31,0,3214,7200,80,255,1
1763364917.2367637,3139107394136596315,84117,0,15,12,50,6200,15,31,0,3213,7200,80,255,1
1763364918.736053,3139107394136596315,84149,0,15,12,50,6200,15,31,0,3212,7200,80,255,1
1763364920.2316084,3139107394136596315,84184,0,15,12,50,6200,15,31,0,3210,7200,80,255,1
1763364921.7248878,3139107394136596315,84217,0,15,12,50,6200,15,31,0,3209,7200,80,255,1
1763364922.729859,3139107394136596315,84239,0,15,12,50,6200,15,31,0,3208,7200,80,255,1
1763364923.7363002,3139107394136596315,84260,0,15,12,50,6200,15,31,0,3207,7200,80,255,1
1763364925.224167,3139107394136596315,84292,0,15,12,50,6200,15,31,0,3205,7200,80,255,1
1763364926.2340763,3139107394136596315,84315,0,15,12,50,6200,15,31,0,3204,7200,80,255,1
1763364927.7363286,3139107394136596315,84347,0,15,12,50,6200,15,31,0,3203,7200,80,255,1
1763364929.2269044,3139107394136596315,84380,0,15,12,50,6200,15,31,0,3201,7200,80,255,1
1763364930.7329388,3139107394136596315,84415,0,15,12,50,6200,15,31,0,3200,7200,80,255,1
1763364932.224704,3139107394136596315,84447,0,15,12,50,6200,15,31,0,3198,7200,80,255,1
1763364933.7290735,3139107394136596315,84481,0,15,12,50,6200,15,31,0,3197,7200,80,255,1
1763364935.234737,3139107394136596315,84515,0,15,12,50,6200,15,31,0,3195,7200,80,255,1
1763364936.7359705,3139107394136596315,84548,0,15,12,50,6200,15,31,0,3194,7200,80,255,1
1763364938.228303,3139107394136596315,84579,0,15,12,50,6200,15,31,0,3192,7200,80,255,1
1763364939.7312043,3139107394136596315,84610,0,15,12,50,6200,15,31,0,3191,7200,80,255,1
1763364940.7351458,3139107394136596315,84634,0,15,12,50,6200,15,31,0,3190,7200,80,255,1
1763364942.2350907,3139107394136596315,84669,0,15,12,50,6200,15,31,0,3188,7200,80,255,1
1763364943.7266157,3139107394136596315,84701,0,15,12,50,6200,15,31,0,3187,7200,80,255,1
1763364944.7367578,3139107394136596315,84725,0,15,12,50,6200,15,31,0,3186,7200,80,255,1
1763364946.2269773,3139107394136596315,84757,0,15,12,50,6200,15,31,0,3184,7200,80,255,1
1763364947.235128,3139107394136596315,84781,0,15,12,50,6200,15,31,0,3183,7200,80,255,1
1763364948.2376938,3139107394136596315,84803,0,15,12,50,6200,15,31,0,3182,7200,80,255,1
1763364949.7242537,3139107394136596315,84835,0,15,12,50,6200,15,31,0,3181,7200,80,255,1
1763364950.7338948,3139107394136596315,84857,0,15,12,50,6200,15,31,0,3180,7200,80,255,1
1763364951.7369165,3139107394136596315,84878,0,15,12,50,6200,15,31,0,3179,7200,80,255,1
1763364953.2301373,3139107394136596315,84912,0,15,12,50,6200,15,31,0,3177,7200,80,255,1
1763364954.2316368,3139107394136596315,84934,0,15,12,50,6200,15,31,0,3176,7200,80,255,1
1763364955.7368653,3139107394136596315,84968,0,15,12,50,6200,15,31,0,3175,7200,80,255,1
1763364957.22836,3139107394136596315,84999,0,15,12,50,6200,15,31,0,3173,7200,80,255,1
1763364958.73061,3139107394136596315,85030,0,15,12,50,6200,15,31,0,3172,7200,80,255,1
1763364959.7316022,3139107394136596315,85050,0,15,12,50,6200,15,31,0,3171,7200,80,255,1
1763364961.2248874,3139107394136596315,85085,0,15,12,50,6200,15,31,0,3169,7200,80,255,1
1763364962.2263691,3139107394136596315,85107,0,15,12,50,6200,15,31,0,3168,7200,80,255,1
1763364963.734764,3139107394136596315,85142,0,15,12,50,6200,15,31,0,3167,7200,80,255,1
1763364965.226747,3139107394136596315,85174,0,15,12,50,6200,15,31,0,3165,7200,80,255,1
1763364966.237456,3139107394136596315,85197,0,15,12,50,6200,15,31,0,3164,7200,80,255,1
1763364967.7292655,3139107394136596315,85232,0,15,12,50,6200,15,31,0,3163,7200,80,255,1
1763364968.7304633,3139107394136596315,85253,0,15,12,50,6200,15,31,0,3162,7200,80,255,1
1763364969.7311542,3139107394136596315,85273,0,15,12,50,6200,15,31,0,3161,7200,80,255,1
1763364971.2325315,3139107394136596315,85304,0,15,12,50,6200,15,31,0,3159,7200,80,255,1
1763364972.7358613,3139107394136596315,85340,0,15,12,50,6200,15,31,0,3158,7200,80,255,1
1763364973.7373245,3139107394136596315,85363,0,15,12,50,6200,15,31,0,3157,7200,80,255,1
1763364975.2278168,3139107394136596315,85396,0,15,12,50,6200,15,31,0,3155,7200,80,255,1
1763364976.7348306,3139107394136596315,85429,0,15,12,50,6200,15,31,0,3154,7200,80,255,1
1763364978.2286327,3139107394136596315,85461,0,15,12,50,6200,15,31,0,3152,7200,80,255,1
1763364979.232727,3139107394136596315,85481,0,15,12,50,6200,15,31,0,3151,7200,80,255,1
1763364980.2330616,3139107394136596315,85503,0,15,12,50,6200,15,31,0,3150,7200,80,255,1
1763364981.724946,3139107394136596315,85536,0,15,12,50,6200,15,31,0,3149,7200,80,255,1
1763364982.736833,3139107394136596315,85558,0,15,12,50,6200,15,31,0,3148,7200,80,255,1
1763364984.2352886,3139107394136596315,85589,0,15,12,50,6200,15,31,0,3146,7200,80,255,1
1763364985.236188,3139107394136596315,85612,0,15,12,50,6200,15,31,0,3145,7200,80,255,1
1763364986.7359521,3139107394136596315,85645,0,15,12,50,6200,15,31,0,3144,7200,80,255,1
1763364988.234074,3139107394136596315,85680,0,15,12,50,6200,15,31,0,3142,7200,80,255,1
1763364989.7313793,3139107394136596315,85712,0,15,12,50,6200,15,31,0,3141,7200,80,255,1
1763364990.7338545,3139107394136596315,85733,0,15,12,50,6200,15,31,0,3140,7200,80,255,1
1763364992.2304392,3139107394136596315,85767,0,15,12,50,6200,15,31,0,3138,7200,80,255,1
1763364993.7273505,3139107394136596315,85800,0,15,12,50,6200,15,31,0,3137,7200,80,255,1
1763364995.2338648,3139107394136596315,85836,0,15,12,50,6200,15,31,0,3135,7200,80,255,1
1763364996.7241597,3139107394136596315,85871,0,15,12,50,6200,15,31,0,3134,7200,80,255,1
1763364997.7368877,3139107394136596315,85892,0,15,12,50,6200,15,31,0,3133,7200,80,255,1
1763364999.2298388,3139107394136596315,85924,0,15,12,50,6200,15,31,0,3131,7200,80,255,1
1763365000.232666,3139107394136596315,85945,0,15,12,50,6200,15,31,0,3130,7200,80,255,1
1763365001.2361546,3139107394136596315,85968,0,15,12,50,6200,15,31,0,3129,7200,80,255,1
1763365002.7340887,3139107394136596315,86001,0,15,12,50,6200,15,31,0,3128,7200,80,255,1
1763365003.7358477,3139107394136596315,86022,0,15,12,50,6200,15,31,0,3127,7200,80,255,1
1763365005.2287004,3139107394136596315,86054,0,15,12,50,6200,15,31,0,3125,7200,80,255,1
1763365006.7349055,3139107394136596315,86087,0,15,12,50,6200,15,31,0,3124,7200,80,255,1
1763365007.7360427,3139107394136596315,86108,0,15,12,50,6200,15,31,0,3123,7200,80,255,1
1763365008.7362258,3139107394136596315,86131,0,15,12,50,6200,15,31,0,3122,7200,80,255,1
1763365010.227648,3139107394136596315,86164,0,15,12,50,6200,15,31,0,3120,7200,80,255,1
1763365011.2291992,3139107394136596315,86185,0,15,12,50,6200,15,31,0,3119,7200,80,255,1
1763365012.2298467,3139107394136596315,86209,0,15,12,50,6200,15,31,0,3118,7200,80,255,1
1763365013.7357135,3139107394136596315,86242,0,15,12,50,6200,15,31,0,3117,7200,80,255,1
1763365015.2260287,3139107394136596315,86275,0,15,12,50,6200,15,31,0,3115,7200,80,255,1
1763365016.2283242,3139107394136596315,86298,0,15,12,50,6200,15,31,0,3114,7200,80,255,1
1763365017.2305527,3139107394136596315,86319,0,15,12,50,6200,15,31,0,3113,7200,80,255,1
1763365018.7250912,3139107394136596315,86353,0,15,12,50,6200,15,31,0,3112,7200,80,255,1
1763365019.737216,3139107394136596315,86374,0,15,12,50,6200,15,31,0,3111,7200,80,255,1
1763365021.2288725,3139107394136596315,86408,0,15,12,50,6200,15,31,0,3109,7200,80,255,1
1763365022.23052,3139107394136596315,86429,0,15,12,50,6200,15,31,0,3108,7200,80,255,1
1763365023.7247355,3139107394136596315,86462,0,15,12,50,6200,15,31,0,3107,7200,80,255,1
1763365024.7382743,3139107394136596315,86483,0,15,12,50,6200,15,31,0,3106,7200,80,255,1
1763365026.2312322,3139107394136596315,86519,0,15,12,50,6200,15,31,0,3104,7200,80,255,1
1763365027.2360163,3139107394136596315,86540,0,15,12,50,6200,15,31,0,3103,7200,80,255,1
1763365028.728748,3139107394136596315,86572,0,15,12,50,6200,15,31,0,3102,7200,80,255,1
1763365029.7325895,3139107394136596315,86594,0,15,12,50,6200,15,31,0,3101,7200,80,255,1
1763365031.22513,3139107394136596315,86626,0,15,12,50,6200,15,31,0,3099,7200,80,255,1
1763365032.733502,3139107394136596315,86661,0,15,12,50,6200,15,31,0,3098,7200,80,255,1
1763365034.237866,3139107394136596315,86694,0,15,12,50,6200,15,31,0,3096,7200,80,255,1
1763365035.7325215,3139107394136596315,86726,0,15,12,50,6200,15,31,0,3095,7200,80,255,1
1763365037.2291546,3139107394136596315,86758,0,15,12,50,6200,15,31,0,3093,7200,80,255,1
1763365038.7311466,3139107394136596315,86790,0,15,12,50,6200,15,31,0,3092,7200,80,255,1
1763365040.229295,3139107394136596315,86823,0,15,12,50,6200,15,31,0,3090,7200,80,255,1
1763365041.2358005,3139107394136596315,86845,0,15,12,50,6200,15,31,0,3089,7200,80,255,1
1763365042.7304091,3139107394136596315,86878,0,15,12,50,6200,15,31,0,3088,7200,80,255,1
1763365044.226327,3139107394136596315,86911,0,15,12,50,6200,15,31,0,3086,7200,80,255,1
1763365045.2269373,3139107394136596315,86932,0,15,12,50,6200,15,31,0,3085,7200,80,255,1
1763365046.227979,3139107394136596315,86954,0,15,12,50,6200,15,31,0,3084,7200,80,255,1
1763365047.7337072,3139107394136596315,86988,0,15,12,50,6200,15,31,0,3083,7200,80,255,1
1763365049.2383277,3139107394136596315,87022,0,15,12,50,6200,15,31,0,3081,7200,80,255,1
1763365050.729717,3139107394136596315,87057,0,15,12,50,6200,15,31,0,3080,7200,80,255,1
1763365052.2370071,3139107394136596315,87090,0,15,12,50,6200,15,31,0,3078,7200,80,255,1
1763365053.2371542,3139107394136596315,87111,0,15,12,50,6200,15,31,0,3077,7200,80,255,1
1763365054.731487,3139107394136596315,87144,0,15,12,50,6200,15,31,0,3076,7200,80,255,1
1763365056.2236917,3139107394136596315,87176,0,15,12,50,6200,15,31,0,3074,7200,80,255,1
1763365057.2258525,3139107394136596315,87200,0,15,12,50,6200,15,31,0,3073,7200,80,255,1
1763365058.2291403,3139107394136596315,87224,0,15,12,50,6200,15,31,0,3072,7200,80,255,1
1763365059.7313156,3139107394136596315,87257,0,15,12,50,6200,15,31,0,3071,7200,80,255,1
1763365060.7342713,3139107394136596315,87277,0,15,12,50,6200,15,31,0,3070,7200,80,255,1
1763365062.237922,3139107394136596315,87310,0,15,12,50,6200,15,31,0,3068,7200,80,255,1
1763365063.7299626,3139107394136596315,87344,0,15,12,50,6200,15,31,0,3067,7200,80,255,1
1763365065.2281904,3139107394136596315,87376,0,15,12,50,6200,15,31,0,3065,7200,80,255,1
1763365066.7237422,3139107394136596315,87410,0,15,12,50,6200,15,31,0,3064,7200,80,255,1
1763365067.72478,3139107394136596315,87434,0,15,12,50,6200,15,31,0,3063,7200,80,255,1
1763365068.7289624,3139107394136596315,87456,0,15,12,50,6200,15,31,0,3062,7200,80,255,1
1763365069.7289653,3139107394136596315,87478,0,15,12,50,6200,15,31,0,3061,7200,80,255,1
1763365070.7324347,3139107394136596315,87500,0,15,12,50,6200,15,31,0,3060,7200,80,255,1
1763365072.2369945,3139107394136596315,87533,0,15,12,50,6200,15,31,0,3058,7200,80,255,1
1763365073.7280843,3139107394136596315,87565,0,15,12,50,6200,15,31,0,3057,7200,80,255,1
1763365075.2360995,3139107394136596315,87601,0,15,12,50,6200,15,31,0,3055,7200,80,255,1
1763365076.2383156,3139107394136596315,87622,0,15,12,50,6200,15,31,0,3054,7200,80,255,1
1763365077.7337856,3139107394136596315,87659,0,15,12,50,6200,15,31,0,3053,7200,80,255,1
1763365078.7345905,3139107394136596315,87680,0,15,12,50,6200,15,31,0,3052,7200,80,255,1
1763365080.2373474,3139107394136596315,87713,0,15,12,50,6200,15,31,0,3050,7200,80,255,1
1763365081.7291934,3139107394136596315,87749,0,15,12,50,6200,15,31,0,3049,7200,80,255,1
1763365083.2368283,3139107394136596315,87781,0,15,12,50,6200,15,31,0,3047,7200,80,255,1
1763365084.7374818,3139107394136596315,87816,0,15,12,50,6200,15,31,0,3046,7200,80,255,1
1763365086.2313232,3139107394136596315,87852,0,15,12,50,6200,15,31,0,3044,7200,80,255,1
1763365087.7337883,3139107394136596315,87886,0,15,12,50,6200,15,31,0,3043,7200,80,255,1
1763365089.2328517,3139107394136596315,87920,0,15,12,50,6200,15,31,0,3041,7200,80,255,1
1763365090.2359385,3139107394136596315,87941,0,15,12,50,6200,15,31,0,3040,7200,80,255,1
1763365091.2361357,3139107394136596315,87963,0,15,12,50,6200,15,31,0,3039,7200,80,255,1
1763365092.7289362,3139107394136596315,87995,0,15,12,50,6200,15,31,0,3038,7200,80,255,1
1763365094.2358155,3139107394136596315,88029,0,15,12,50,6200,15,31,0,3036,7200,80,255,1
1763365095.7369583,3139107394136596315,88063,0,15,12,50,6200,15,31,0,3035,7200,80,255,1
1763365097.2246284,3139107394136596315,88096,0,15,12,50,6200,15,31,0,3033,7200,80,255,1
1763365098.2367191,3139107394136596315,88117,0,15,12,50,6200,15,31,0,3032,7200,80,255,1
1763365099.7360446,3139107394136596315,88149,0,15,12,50,6200,15,31,0,3031,7200,80,255,1
1763365101.2382143,3139107394136596315,88180,0,15,12,50,6200,15,31,0,3029,7200,80,255,1
1763365102.7273526,3139107394136596315,88212,0,15,12,50,6200,15,31,0,3028,7200,80,255,1
1763365104.238383,3139107394136596315,88246,0,15,12,50,6200,15,31,0,3026,7200,80,255,1
1763365105.7248003,3139107394136596315,88276,0,15,12,50,6200,15,31,0,3025,7200,80,255,1
1763365106.7276092,3139107394136596315,88298,0,15,12,50,6200,15,31,0,3024,7200,80,255,1
1763365107.7379692,3139107394136596315,88319,0,15,12,50,6200,15,31,0,3023,7200,80,255,1
1763365109.2236834,3139107394136596315,88351,0,15,12,50,6200,15,31,0,3021,7200,80,255,1
1763365110.2372427,3139107394136596315,88374,0,15,12,50,6200,15,31,0,3020,7200,80,255,1
1763365111.7359407,3139107394136596315,88408,0,15,12,50,6200,15,31,0,3019,7200,80,255,1
1763365113.226892,3139107394136596315,88440,0,15,12,50,6200,15,31,0,3017,7200,80,255,1
1763365114.2369344,3139107394136596315,88462,0,15,12,50,6200,15,31,0,3016,7200,80,255,1
1763365115.7278225,3139107394136596315,88493,0,15,12,50,6200,15,31,0,3015,7200,80,255,1
1763365116.7304938,3139107394136596315,88516,0,15,12,50,6200,15,31,0,3014,7200,80,255,1
1763365117.7349389,3139107394136596315,88538,0,15,12,50,6200,15,31,0,3013,7200,80,255,1
1763365118.7361245,3139107394136596315,88559,0,15,12,50,6200,15,31,0,3012,7200,80,255,1
1763365119.737213,3139107394136596315,88581,0,15,12,50,6200,15,31,0,3011,7200,80,255,1
1763365121.2289124,3139107394136596315,88614,0,15,12,50,6200,15,31,0,3009,7200,80,255,1
1763365122.7380292,3139107394136596315,88649,0,15,12,50,6200,15,31,0,3008,7200,80,255,1
1763365124.223801,3139107394136596315,88681,0,15,12,50,6200,15,31,0,3006,7200,80,255,1
1763365125.2289426,3139107394136596315,88702,0,15,12,50,6200,15,31,0,3005,7200,80,255,1
1763365126.2357137,3139107394136596315,88724,0,15,12,50,6200,15,31,0,3004,7200,80,255,1
1763365127.7279105,3139107394136596315,88757,0,15,12,50,6200,15,31,0,3003,7200,80,255,1
1763365129.2315443,3139107394136596315,88790,0,15,12,50,6200,15,31,0,3001,7200,80,255,1
1763365130.7241092,3139107394136596315,88824,0,15,12,50,6200,15,31,0,3000,7200,80,255,1
1763365131.7348187,3139107394136596315,88846,0,15,12,50,6200,15,31,0,2999,7200,80,255,1
1763365132.7358148,3139107394136596315,88869,0,15,12,50,6200,15,31,0,2998,7200,80,255,1
1763365134.2261183,3139107394136596315,88902,0,15,12,50,6200,15,31,0,2996,7200,80,255,1
1763365135.7342086,3139107394136596315,88936,0,15,12,50,6200,15,31,0,2995,7200,80,255,1
1763365137.2260678,3139107394136596315,88968,0,15,12,50,6200,15,31,0,2993,7200,80,255,1
1763365138.2371087,3139107394136596315,88990,0,15,12,50,6200,15,31,0,2992,7200,80,255,1
1763365139.2376237,3139107394136596315,89010,0,15,12,50,6200,15,31,0,2991,7200,80,255,1
1763365140.7262528,3139107394136596315,89041,0,15,12,50,6200,15,31,0,2990,7200,80,255,1
1763365142.231393,3139107394136596315,89075,0,15,12,50,6200,15,31,0,2988,7200,80,255,1
1763365143.7328446,3139107394136596315,89108,0,15,12,50,6200,15,31,0,2987,7200,80,255,1
1763365145.235967,3139107394136596315,89140,0,15,12,50,6200,15,31,0,2985,7200,80,255,1
1763365146.2360752,3139107394136596315,89161,0,15,12,50,6200,15,31,0,2984,7200,80,255,1
1763365147.7369142,3139107394136596315,89193,0,15,12,50,6200,15,31,0,2983,7200,80,255,1
1763365149.2270916,3139107394136596315,89227,0,15,12,50,6200,15,31,0,2981,7200,80,255,1
1763365150.228356,3139107394136596315,89248,0,15,12,50,6200,15,31,0,2980,7200,80,255,1
1763365151.7313972,3139107394136596315,89283,0,15,12,50,6200,15,31,0,2979,7200,80,255,1
1763365153.2325647,3139107394136596315,89313,0,15,12,50,6200,15,31,0,2977,7200,80,255,1
1763365154.7239084,3139107394136596315,89346,0,15,12,50,6200,15,31,0,2976,7200,80,255,1
1763365155.7374449,3139107394136596315,89368,0,15,12,50,6200,15,31,0,2975,7200,80,255,1
1763365157.2302365,3139107394136596315,89404,0,15,12,50,6200,15,31,0,2973,7200,80,255,1
1763365158.238591,3139107394136596315,89426,0,15,12,50,6200,15,31,0,2972,7200,80,255,1
1763365159.7348895,3139107394136596315,89460,0,15,12,50,6200,15,31,0,2971,7200,80,255,1
1763365161.2262442,3139107394136596315,89490,0,15,12,50,6200,15,31,0,2969,7200,80,255,1
1763365162.7344909,3139107394136596315,89523,0,15,12,50,6200,15,31,0,2968,7200,80,255,1
1763365164.227872,3139107394136596315,89555,0,15,12,50,6200,15,31,0,2966,7200,80,255,1
1763365165.7328775,3139107394136596315,89588,0,15,12,50,6200,15,31,0,2965,7200,80,255,1
1763365167.237335,3139107394136596315,89618,0,15,12,50,6200,15,31,0,2963,7200,80,255,1
1763365168.738247,3139107394136596315,89650,0,15,12,50,6200,15,31,0,2962,7200,80,255,1
1763365170.2303638,3139107394136596315,89681,0,15,12,50,6200,15,31,0,2960,7200,80,255,1
1763365171.7251396,3139107394136596315,89715,0,15,12,50,6200,15,31,0,2959,7200,80,255,1
1763365173.2373486,3139107394136596315,89751,0,15,12,50,6200,15,31,0,2957,7200,80,255,1
1763365174.733702,3139107394136596315,89784,0,15,12,50,6200,15,31,0,2956,7200,80,255,1
1763365176.224903,3139107394136596315,89817,0,15,12,50,6200,15,31,0,2954,7200,80,255,1
1763365177.2363646,3139107394136596315,89840,0,15,12,50,6200,15,31,0,2953,7200,80,255,1
1763365178.7329564,3139107394136596315,89876,0,15,12,50,6200,15,31,0,2952,7200,80,255,1
1763365180.2336743,3139107394136596315,89907,0,15,12,50,6200,15,31,0,2950,7200,80,255,1
1763365181.7351453,3139107394136596315,89942,0,15,12,50,6200,15,31,0,2949,7200,80,255,1
1763365182.736252,3139107394136596315,89964,0,15,12,50,6200,15,31,0,2948,7200,80,255,1
1763365184.230346,3139107394136596315,89998,0,15,12,50,6200,15,31,0,2946,7200,80,255,1
1763365185.736036,3139107394136596315,90031,0,15,12,50,6200,15,31,0,2945,7200,80,255,1
1763365187.2285933,3139107394136596315,90064,0,15,12,50,6200,15,31,0,2943,7200,80,255,1
1763365188.733888,3139107394136596315,90098,0,15,12,50,6200,15,31,0,2942,7200,80,255,1
1763365190.2353947,3139107394136596315,90130,0,15,12,50,6200,15,31,0,2940,7200,80,255,1
1763365191.73274,3139107394136596315,90164,0,15,12,50,6200,15,31,0,2939,7200,80,255,1
1763365193.2371361,3139107394136596315,90197,0,15,12,50,6200,15,31,0,2937,7200,80,255,1
1763365194.7284677,3139107394136596315,90229,0,15,12,50,6200,15,31,0,2936,7200,80,255,1
1763365196.2341118,3139107394136596315,90265,0,15,12,50,6200,15,31,0,2934,7200,80,255,1
1763365197.7314227,3139107394136596315,90299,0,15,12,50,6200,15,31,0,2933,7200,80,255,1
1763365199.2352164,3139107394136596315,90333,0,15,12,50,6200,15,31,0,2931,7200,80,255,1
1763365200.7361453,3139107394136596315,90367,0,15,12,50,6200,15,31,0,2930,7200,80,255,1
1763365202.2256842,3139107394136596315,90400,0,15,12,50,6200,15,31,0,2928,7200,80,255,1
1763365203.2361104,3139107394136596315,90424,0,15,12,50,6200,15,31,0,2927,7200,80,255,1
1763365204.7311292,3139107394136596315,90457,0,15,12,50,6200,15,31,0,2926,7200,80,255,1
1763365206.2348394,3139107394136596315,90489,0,15,12,50,6200,15,31,0,2924,7200,80,255,1
1763365207.7250242,3139107394136596315,90522,0,15,12,50,6200,15,31,0,2923,7200,80,255,1
1763365208.734108,3139107394136596315,90546,0,15,12,50,6200,15,31,0,2922,7200,80,255,1
1763365209.7349432,3139107394136596315,90568,0,15,12,50,6200,15,31,0,2921,7200,80,255,1
1763365210.7359638,3139107394136596315,90589,0,15,12,50,6200,15,31,0,2920,7200,80,255,1
1763365212.2366002,3139107394136596315,90623,0,15,12,50,6200,15,31,0,2918,7200,80,255,1
1763365213.726913,3139107394136596315,90654,0,15,12,50,6200,15,31,0,2917,7200,80,255,1
1763365214.7376149,3139107394136596315,90675,0,15,12,50,6200,15,31,0,2916,7200,80,255,1
1763365216.2261386,3139107394136596315,90706,0,15,12,50,6200,15,31,0,2914,7200,80,255,1
1763365217.2371247,3139107394136596315,90728,0,15,12,50,6200,15,31,0,2913,7200,80,255,1
1763365218.7294037,3139107394136596315,90760,0,15,12,50,6200,15,31,0,2912,7200,80,255,1
1763365220.2373955,3139107394136596315,90795,0,15,12,50,6200,15,31,0,2910,7200,80,255,1
1763365221.7249064,3139107394136596315,90827,0,15,12,50,6200,15,31,0,2909,7200,80,255,1
1763365222.7328546,3139107394136596315,90849,0,15,12,50,6200,15,31,0,2908,7200,80,255,1
1763365224.2350872,3139107394136596315,90883,0,15,12,50,6200,15,31,0,2906,7200,80,255,1
1763365225.7381728,3139107394136596315,90917,0,15,12,50,6200,15,31,0,2905,7200,80,255,1
1763365227.2256534,3139107394136596315,90954,0,15,12,50,6200,15,31,0,2903,7200,80,255,1
1763365228.2290628,3139107394136596315,90977,0,15,12,50,6200,15,31,0,2902,7200,80,255,1
1763365229.2313628,3139107394136596315,91000,0,15,12,50,6200,15,31,0,2901,7200,80,255,1
1763365230.7248673,3139107394136596315,91034,0,15,12,50,6200,15,31,0,2900,7200,80,255,1
1763365231.736048,3139107394136596315,91057,0,15,12,50,6200,15,31,0,2899,7200,80,255,1
1763365233.2260132,3139107394136596315,91090,0,15,12,50,6200,15,31,0,2897,7200,80,255,1
1763365234.233005,3139107394136596315,91113,0,15,12,50,6200,15,31,0,2896,7200,80,255,1
1763365235.2369118,3139107394136596315,91134,0,15,12,50,6200,15,31,0,2895,7200,80,255,1
1763365236.7372797,3139107394136596315,91171,0,15,12,50,6200,15,31,0,2894,7200,80,255,1
1763365237.7380047,3139107394136596315,91194,0,15,12,50,6200,15,31,0,2893,7200,80,255,1
1763365239.2286406,3139107394136596315,91227,0,15,12,50,6200,15,31,0,2891,7200,80,255,1
1763365240.730291,3139107394136596315,91261,0,15,12,50,6200,15,31,0,2890,7200,80,255,1
1763365241.7338903,3139107394136596315,91284,0,15,12,50,6200,15,31,0,2889,7200,80,255,1
1763365243.2249916,3139107394136596315,91315,0,15,12,50,6200,15,31,0,2887,7200,80,255,1
1763365244.2380362,3139107394136596315,91336,0,15,12,50,6200,15,31,0,2886,7200,80,255,1
1763365245.7278903,3139107394136596315,91369,0,15,12,50,6200,15,31,0,2885,7200,80,255,1
1763365246.736921,3139107394136596315,91391,0,15,12,50,6200,15,31,0,2884,7200,80,255,1
1763365248.2337916,3139107394136596315,91425,0,15,12,50,6200,15,31,0,2882,7200,80,255,1
1763365249.2351632,3139107394136596315,91447,0,15,12,50,6200,15,31,0,2881,7200,80,255,1
1763365250.7252178,3139107394136596315,91482,0,15,12,50,6200,15,31,0,2880,7200,80,255,1
1763365251.725982,3139107394136596315,91504,0,15,12,50,6200,15,31,0,2879,7200,80,255,1
1763365252.726184,3139107394136596315,91527,0,15,12,50,6200,15,31,0,2878,7200,80,255,1
1763365253.727213,3139107394136596315,91549,0,15,12,50,6200,15,31,0,2877,7200,80,255,1
1763365254.736839,3139107394136596315,91572,0,15,12,50,6200,15,31,0,2876,7200,80,255,1
1763365255.7372463,3139107394136596315,91594,0,15,12,50,6200,15,31,0,2875,7200,80,255,1
1763365257.2253366,3139107394136596315,91627,0,15,12,50,6200,15,31,0,2873,7200,80,255,1
1763365258.2278316,3139107394136596315,91649,0,15,12,50,6200,15,31,0,2872,7200,80,255,1
1763365259.229543,3139107394136596315,91672,0,15,12,50,6200,15,31,0,2871,7200,80,255,1
1763365260.7248409,3139107394136596315,91705,0,15,12,50,6200,15,31,0,2870,7200,80,255,1
1763365261.736957,3139107394136596315,91729,0,15,12,50,6200,15,31,0,2869,7200,80,255,1
1763365263.2309701,3139107394136596315,91762,0,15,12,50,6200,15,31,0,2867,7200,80,255,1
1763365264.237252,3139107394136596315,91783,0,15,12,50,6200,15,31,0,2866,7200,80,255,1
1763365265.7269003,3139107394136596315,91816,0,15,12,50,6200,15,31,0,2865,7200,80,255,1
1763365266.7282526,3139107394136596315,91839,0,15,12,50,6200,15,31,0,2864,7200,80,255,1
1763365267.729322,3139107394136596315,91863,0,15,12,50,6200,15,31,0,2863,7200,80,255,1
1763365268.7298274,3139107394136596315,91885,0,15,12,50,6200,15,31,0,2862,7200,80,255,1
1763365270.237146,3139107394136596315,91919,0,15,12,50,6200,15,31,0,2860,7200,80,255,1
1763365271.237389,3139107394136596315,91940,0,15,12,50,6200,15,31,0,2859,7200,80,255,1
1763365272.7270172,3139107394136596315,91972,0,15,12,50,6200,15,31,0,2858,7200,80,255,1
1763365273.7339277,3139107394136596315,91994,0,15,12,50,6200,15,31,0,2857,7200,80,255,1
1763365274.7358088,3139107394136596315,92015,0,15,12,50,6200,15,31,0,2856,7200,80,255,1
1763365275.73798,3139107394136596315,92037,0,15,12,50,6200,15,31,0,2855,7200,80,255,1
1763365277.2271893,3139107394136596315,92071,0,15,12,50,6200,15,31,0,2853,7200,80,255,1
1763365278.2362044,3139107394136596315,92093,0,15,12,50,6200,15,31,0,2852,7200,80,255,1
1763365279.7249541,3139107394136596315,92129,0,15,12,50,6200,15,31,0,2851,7200,80,255,1
1763365280.7378056,3139107394136596315,92152,0,15,12,50,6200,15,31,0,2850,7200,80,255,1
1763365282.2299993,3139107394136596315,92186,0,15,12,50,6200,15,31,0,2848,7200,80,255,1
1763365283.7313979,3139107394136596315,92222,0,15,12,50,6200,15,31,0,2847,7200,80,255,1
1763365285.2346318,3139107394136596315,92255,0,15,12,50,6200,15,31,0,2845,7200,80,255,1
1763365286.726673,3139107394136596315,92288,0,15,12,50,6200,15,31,0,2844,7200,80,255,1
1763365288.2340388,3139107394136596315,92323,0,15,12,50,6200,15,31,0,2842,7200,80,255,1
1763365289.2347512,3139107394136596315,92346,0,15,12,50,6200,15,31,0,2841,7200,80,255,1
1763365290.236059,3139107394136596315,92367,0,15,12,50,6200,15,31,0,2840,7200,80,255,1
1763365291.2370055,3139107394136596315,92388,0,15,12,50,6200,15,31,0,2839,7200,80,255,1
1763365292.7303042,3139107394136596315,92423,0,15,12,50,6200,15,31,0,2838,7200,80,255,1
1763365294.2337196,3139107394136596315,92455,0,15,12,50,6200,15,31,0,2836,7200,80,255,1
1763365295.2359383,3139107394136596315,92478,0,15,12,50,6200,15,31,0,2835,7200,80,255,1
1763365296.2368748,3139107394136596315,92502,0,15,12,50,6200,15,31,0,2834,7200,80,255,1
1763365297.7280972,3139107394136596315,92534,0,15,12,50,6200,15,31,0,2833,7200,80,255,1
1763365299.2311,3139107394136596315,92568,0,15,12,50,6200,15,31,0,2831,7200,80,255,1
1763365300.2328343,3139107394136596315,92592,0,15,12,50,6200,15,31,0,2830,7200,80,255,1
1763365301.7271414,3139107394136596315,92626,0,15,12,50,6200,15,31,0,2829,7200,80,255,1
1763365302.736839,3139107394136596315,92649,0,15,12,50,6200,15,31,0,2828,7200,80,255,1
1763365304.226105,3139107394136596315,92682,0,15,12,50,6200,15,31,0,2826,7200,80,255,1
1763365305.2271793,3139107394136596315,92705,0,15,12,50,6200,15,31,0,2825,7200,80,255,1
1763365306.7349162,3139107394136596315,92738,0,15,12,50,6200,15,31,0,2824,7200,80,255,1
1763365308.2272525,3139107394136596315,92771,0,15,12,50,6200,15,31,0,2822,7200,80,255,1
1763365309.238128,3139107394136596315,92794,0,15,12,50,6200,15,31,0,2821,7200,80,255,1
1763365310.7312093,3139107394136596315,92827,0,15,12,50,6200,15,31,0,2820,7200,80,255,1
1763365312.2381556,3139107394136596315,92861,0,15,12,50,6200,15,31,0,2818,7200,80,255,1
1763365313.7294052,3139107394136596315,92893,0,15,12,50,6200,15,31,0,2817,7200,80,255,1
1763365314.731406,3139107394136596315,92915,0,15,12,50,6200,15,31,0,2816,7200,80,255,1
1763365316.2336617,3139107394136596315,92946,0,15,12,50,6200,15,31,0,2814,7200,80,255,1
1763365317.7381396,3139107394136596315,92978,0,15,12,50,6200,15,31,0,2813,7200,80,255,1
1763365319.2311304,3139107394136596315,93013,0,15,12,50,6200,15,31,0,2811,7200,80,255,1
1763365320.2313545,3139107394136596315,93037,0,15,12,50,6200,15,31,0,2810,7200,80,255,1
1763365321.723584,3139107394136596315,93070,0,15,12,50,6200,15,31,0,2809,7200,80,255,1
1763365322.7357087,3139107394136596315,93094,0,15,12,50,6200,15,31,0,2808,7200,80,255,1
1763365324.2255528,3139107394136596315,93126,0,15,12,50,6200,15,31,0,2806,7200,80,255,1
1763365325.235612,3139107394136596315,93149,0,15,12,50,6200,15,31,0,2805,7200,80,255,1
1763365326.236009,3139107394136596315,93171,0,15,12,50,6200,15,31,0,2804,7200,80,255,1
1763365327.7294421,3139107394136596315,93204,0,15,12,50,6200,15,31,0,2803,7200,80,255,1
1763365329.2309597,3139107394136596315,93238,0,15,12,50,6200,15,31,0,2801,7200,80,255,1
1763365330.2312543,3139107394136596315,93261,0,15,12,50,6200,15,31,0,2800,7200,80,255,1
1763365331.7379117,3139107394136596315,93294,0,15,12,50,6200,15,31,0,2799,7200,80,255,1
1763365333.229315,3139107394136596315,93325,0,15,12,50,6200,15,31,0,2797,7200,80,255,1
1763365334.734715,3139107394136596315,93357,0,15,12,50,6200,15,31,0,2796,7200,80,255,1
1763365336.2236183,3139107394136596315,93390,0,15,12,50,6200,15,31,0,2794,7200,80,255,1
1763365337.2246585,3139107394136596315,93413,0,15,12,50,6200,15,31,0,2793,7200,80,255,1
1763365338.2383754,3139107394136596315,93436,0,15,12,50,6200,15,31,0,2792,7200,80,255,1
1763365339.728135,3139107394136596315,93467,0,15,12,50,6200,15,31,0,2791,7200,80,255,1
1763365341.2329147,3139107394136596315,93503,0,15,12,50,6200,15,31,0,2789,7200,80,255,1
1763365342.7357419,3139107394136596315,93535,0,15,12,50,6200,15,31,0,2788,7200,80,255,1
1763365343.7368443,3139107394136596315,93558,0,15,12,50,6200,15,31,0,2787,7200,80,255,1
1763365344.7376316,3139107394136596315,93581,0,15,12,50,6200,15,31,0,2786,7200,80,255,1
1763365346.2262828,3139107394136596315,93616,0,15,12,50,6200,15,31,0,2784,7200,80,255,1
1763365347.2369795,3139107394136596315,93638,0,15,12,50,6200,15,31,0,2783,7200,80,255,1
1763365348.7356062,3139107394136596315,93672,0,15,12,50,6200,15,31,0,2782,7200,80,255,1
1763365350.2256699,3139107394136596315,93706,0,15,12,50,6200,15,31,0,2780,7200,80,255,1
1763365351.7313974,3139107394136596315,93739,0,15,12,50,6200,15,31,0,2779,7200,80,255,1
1763365352.7379353,3139107394136596315,93760,0,15,12,50,6200,15,31,0,2778,7200,80,255,1
1763365354.2296836,3139107394136596315,93792,0,15,12,50,6200,15,31,0,2776,7200,80,255,1
1763365355.7238603,3139107394136596315,93825,0,15,12,50,6200,15,31,0,2775,7200,80,255,1
1763365356.7356803,3139107394136596315,93849,0,15,12,50,6200,15,31,0,2774,7200,80,255,1
1763365358.2298124,3139107394136596315,93884,0,15,12,50,6200,15,31,0,2772,7200,80,255,1
1763365359.2316525,3139107394136596315,93906,0,15,12,50,6200,15,31,0,2771,7200,80,255,1
1763365360.2343066,3139107394136596315,93929,0,15,12,50,6200,15,31,0,2770,7200,80,255,1
1763365361.726755,3139107394136596315,93961,0,15,12,50,6200,15,31,0,2769,7200,80,255,1
1763365362.7292511,3139107394136596315,93982,0,15,12,50,6200,15,31,0,2768,7200,80,255,1
1763365364.2315054,3139107394136596315,94015,0,15,12,50,6200,15,31,0,2766,7200,80,255,1
1763365365.2338722,3139107394136596315,94039,0,15,12,50,6200,15,31,0,2765,7200,80,255,1
1763365366.7247455,3139107394136596315,94070,0,15,12,50,6200,15,31,0,2764,7200,80,255,1
1763365367.7259748,3139107394136596315,94093,0,15,12,50,6200,15,31,0,2763,7200,80,255,1
1763365368.735626,3139107394136596315,94118,0,15,12,50,6200,15,31,0,2762,7200,80,255,1
1763365370.2302232,3139107394136596315,94152,0,15,12,50,6200,15,31,0,2760,7200,80,255,1
1763365371.7350466,3139107394136596315,94184,0,15,12,50,6200,15,31,0,2759,7200,80,255,1
1763365373.228971,3139107394136596315,94217,0,15,12,50,6200,15,31,0,2757,7200,80,255,1
1763365374.733926,3139107394136596315,94251,0,15,12,50,6200,15,31,0,2756,7200,80,255,1
1763365376.2260113,3139107394136596315,94284,0,15,12,50,6200,15,31,0,2754,7200,80,255,1
1763365377.2380443,3139107394136596315,94306,0,15,12,50,6200,15,31,0,2753,7200,80,255,1
1763365378.7259114,3139107394136596315,94340,0,15,12,50,6200,15,31,0,2752,7200,80,255,1
1763365379.7260962,3139107394136596315,94362,0,15,12,50,6200,15,31,0,2751,7200,80,255,1
1763365381.232616,3139107394136596315,94397,0,15,12,50,6200,15,31,0,2749,7200,80,255,1
1763365382.2351806,3139107394136596315,94420,0,15,12,50,6200,15,31,0,2748,7200,80,255,1
1763365383.725492,3139107394136596315,94453,0,15,12,50,6200,15,31,0,2747,7200,80,255,1
1763365385.2288876,3139107394136596315,94487,0,15,12,50,6200,15,31,0,2745,7200,80,255,1
1763365386.7326252,3139107394136596315,94520,0,15,12,50,6200,15,31,0,2744,7200,80,255,1
1763365387.7362487,3139107394136596315,94541,0,15,12,50,6200,15,31,0,2743,7200,80,255,1
1763365389.2241569,3139107394136596315,94574,0,15,12,50,6200,15,31,0,2741,7200,80,255,1
1763365390.227531,3139107394136596315,94596,0,15,12,50,6200,15,31,0,2740,7200,80,255,1
1763365391.2339194,3139107394136596315,94620,0,15,12,50,6200,15,31,0,2739,7200,80,255,1
1763365392.7356458,3139107394136596315,94655,0,15,12,50,6200,15,31,0,2738,7200,80,255,1
1763365393.7373576,3139107394136596315,94678,0,15,12,50,6200,15,31,0,2737,7200,80,255,1
1763365395.2377877,3139107394136596315,94711,0,15,12,50,6200,15,31,0,2735,7200,80,255,1
1763365396.7284136,3139107394136596315,94745,0,15,12,50,6200,15,31,0,2734,7200,80,255,1
1763365397.7293887,3139107394136596315,94766,0,15,12,50,6200,15,31,0,2733,7200,80,255,1
1763365398.7358344,3139107394136596315,94788,0,15,12,50,6200,15,31,0,2732,7200,80,255,1
1763365400.2261178,3139107394136596315,94820,0,15,12,50,6200,15,31,0,2730,7200,80,255,1
1763365401.2370725,3139107394136596315,94842,0,15,12,50,6200,15,31,0,2729,7200,80,255,1
1763365402.727526,3139107394136596315,94875,0,15,12,50,6200,15,31,0,2728,7200,80,255,1
1763365403.7310097,3139107394136596315,94899,0,15,12,50,6200,15,31,0,2727,7200,80,255,1
1763365404.731115,3139107394136596315,94920,0,15,12,50,6200,15,31,0,2726,7200,80,255,1
1763365406.2369182,3139107394136596315,94954,0,15,12,50,6200,15,31,0,2724,7200,80,255,1
1763365407.7338076,3139107394136596315,94990,0,15,12,50,6200,15,31,0,2723,7200,80,255,1
1763365408.7345707,3139107394136596315,95013,0,15,12,50,6200,15,31,0,2722,7200,80,255,1
1763365409.7348979,3139107394136596315,95033,0,15,12,50,6200,15,31,0,2721,7200,80,255,1
1763365411.2357605,3139107394136596315,95065,0,15,12,50,6200,15,31,0,2719,7200,80,255,1
1763365412.7346647,3139107394136596315,95099,0,15,12,50,6200,15,31,0,2718,7200,80,255,1
1763365414.236882,3139107394136596315,95132,0,15,12,50,6200,15,31,0,2716,7200,80,255,1
1763365415.7379172,3139107394136596315,95165,0,15,12,50,6200,15,31,0,2715,7200,80,255,1
1763365417.23113,3139107394136596315,95197,0,15,12,50,6200,15,31,0,2713,7200,80,255,1
1763365418.7310643,3139107394136596315,95233,0,15,12,50,6200,15,31,0,2712,7200,80,255,1
1763365419.732605,3139107394136596315,95254,0,15,12,50,6200,15,31,0,2711,7200,80,255,1
1763365421.2309713,3139107394136596315,95287,0,15,12,50,6200,15,31,0,2709,7200,80,255,1
1763365422.7293403,3139107394136596315,95320,0,15,12,50,6200,15,31,0,2708,7200,80,255,1
1763365423.7337792,3139107394136596315,95342,0,15,12,50,6200,15,31,0,2707,7200,80,255,1
1763365425.2351577,3139107394136596315,95376,0,15,12,50,6200,15,31,0,2705,7200,80,255,1
1763365426.738732,3139107394136596315,95409,0,15,12,50,6200,15,31,0,2704,7200,80,255,1
1763365428.2291076,3139107394136596315,95444,0,15,12,50,6200,15,31,0,2702,7200,80,255,1
1763365429.237269,3139107394136596315,95465,0,15,12,50,6200,15,31,0,2701,7200,80,255,1
1763365430.7289085,3139107394136596315,95499,0,15,12,50,6200,15,31,0,2700,7200,80,255,1
1763365432.232875,3139107394136596315,95530,0,15,12,50,6200,15,31,0,2698,7200,80,255,1
1763365433.2347891,3139107394136596315,95551,0,15,12,50,6200,15,31,0,2697,7200,80,255,1
1763365434.7267814,3139107394136596315,95584,0,15,12,50,6200,15,31,0,2696,7200,80,255,1
1763365435.7347467,3139107394136596315,95606,0,15,12,50,6200,15,31,0,2695,7200,80,255,1
1763365437.2248085,3139107394136596315,95636,0,15,12,50,6200,15,31,0,2693,7200,80,255,1
1763365438.234803,3139107394136596315,95659,0,15,12,50,6200,15,31,0,2692,7200,80,255,1
1763365439.7279336,3139107394136596315,95691,0,15,12,50,6200,15,31,0,2691,7200,80,255,1
1763365440.7373157,3139107394136596315,95715,0,15,12,50,6200,15,31,0,2690,7200,80,255,1
1763365442.2364416,3139107394136596315,95747,0,15,12,50,6200,15,31,0,2688,7200,80,255,1
1763365443.7271187,3139107394136596315,95781,0,15,12,50,6200,15,31,0,2687,7200,80,255,1
1763365444.7282135,3139107394136596315,95803,0,15,12,50,6200,15,31,0,2686,7200,80,255,1
1763365445.7293055,3139107394136596315,95825,0,15,12,50,6200,15,31,0,2685,7200,80,255,1
1763365446.7381458,3139107394136596315,95847,0,15,12,50,6200,15,31,0,2684,7200,80,255,1
1763365448.2352915,3139107394136596315,95879,0,15,12,50,6200,15,31,0,2682,7200,80,255,1
1763365449.7280579,3139107394136596315,95913,0,15,12,50,6200,15,31,0,2681,7200,80,255,1
1763365450.7286975,3139107394136596315,95935,0,15,12,50,6200,15,31,0,2680,7200,80,255,1
1763365452.2377956,3139107394136596315,95968,0,15,12,50,6200,15,31,0,2678,7200,80,255,1
1763365453.7261992,3139107394136596315,96003,0,15,12,50,6200,15,31,0,2677,7200,80,255,1
1763365454.7278228,3139107394136596315,96025,0,15,12,50,6200,15,31,0,2676,7200,80,255,1
1763365456.234759,3139107394136596315,96059,0,15,12,50,6200,15,31,0,2674,7200,80,255,1
1763365457.7284298,3139107394136596315,96092,0,15,12,50,6200,15,31,0,2673,7200,80,255,1
1763365459.2360942,3139107394136596315,96126,0,15,12,50,6200,15,31,0,2671,7200,80,255,1
1763365460.7265303,3139107394136596315,96160,0,15,12,50,6200,15,31,0,2670,7200,80,255,1
1763365461.736401,3139107394136596315,96185,0,15,12,50,6200,15,31,0,2669,7200,80,255,1
1763365463.2369232,3139107394136596315,96218,0,15,12,50,6200,15,31,0,2667,7200,80,255,1
1763365464.7326088,3139107394136596315,96251,0,15,12,50,6200,15,31,0,2666,7200,80,255,1
1763365465.7349877,3139107394136596315,96273,0,15,12,50,6200,15,31,0,2665,7200,80,255,1
1763365467.2279692,3139107394136596315,96307,0,15,12,50,6200,15,31,0,2663,7200,80,255,1
1763365468.2311676,3139107394136596315,96330,0,15,12,50,6200,15,31,0,2662,7200,80,255,1
1763365469.2326114,3139107394136596315,96352,0,15,12,50,6200,15,31,0,2661,7200,80,255,1
1763365470.7259235,3139107394136596315,96385,0,15,12,50,6200,15,31,0,2660,7200,80,255,1
1763365471.7357774,3139107394136596315,96406,0,15,12,50,6200,15,31,0,2659,7200,80,255,1
1763365473.2319427,3139107394136596315,96440,0,15,12,50,6200,15,31,0,2657,7200,80,255,1
1763365474.7248628,3139107394136596315,96473,0,15,12,50,6200,15,31,0,2656,7200,80,255,1
1763365475.738509,3139107394136596315,96495,0,15,12,50,6200,15,31,0,2655,7200,80,255,1
1763365477.2241247,3139107394136596315,96528,0,15,12,50,6200,15,31,0,2653,7200,80,255,1
1763365478.2378757,3139107394136596315,96551,0,15,12,50,6200,15,31,0,2652,7200,80,255,1
1763365479.729686,3139107394136596315,96583,0,15,12,50,6200,15,31,0,2651,7200,80,255,1
1763365480.7362385,3139107394136596315,96604,0,15,12,50,6200,15,31,0,2650,7200,80,255,1
1763365482.2292743,3139107394136596315,96637,0,15,12,50,6200,15,31,0,2648,7200,80,255,1
1763365483.7372484,3139107394136596315,96671,0,15,12,50,6200,15,31,0,2647,7200,80,255,1
1763365485.2297344,3139107394136596315,96704,0,15,12,50,6200,15,31,0,2645,7200,80,255,1
1763365486.737217,3139107394136596315,96736,0,15,12,50,6200,15,31,0,2644,7200,80,255,1
1763365488.2271564,3139107394136596315,96769,0,15,12,50,6200,15,31,0,2642,7200,80,255,1
1763365489.2387855,3139107394136596315,96791,0,15,12,50,6200,15,31,0,2641,7200,80,255,1
1763365490.727939,3139107394136596315,96824,0,15,12,50,6200,15,31,0,2640,7200,80,255,1
1763365491.738189,3139107394136596315,96848,0,15,12,50,6200,15,31,0,2639,7200,80,255,1
1763365493.2386076,3139107394136596315,96880,0,15,12,50,6200,15,31,0,2637,7200,80,255,1
1763365494.7312818,3139107394136596315,96913,0,15,12,50,6200,15,31,0,2636,7200,80,255,1
1763365496.2341537,3139107394136596315,96946,0,15,12,50,6200,15,31,0,2634,7200,80,255,1
1763365497.736131,3139107394136596315,96979,0,15,12,50,6200,15,31,0,2633,7200,80,255,1
1763365499.2384677,3139107394136596315,97015,0,15,12,50,6200,15,31,0,2631,7200,80,255,1
1763365500.7374094,3139107394136596315,97048,0,15,12,50,6200,15,31,0,2630,7200,80,255,1
1763365502.2293897,3139107394136596315,97084,0,15,12,50,6200,15,31,0,2628,7200,80,255,1
1763365503.7335927,3139107394136596315,97116,0,15,12,50,6200,15,31,0,2627,7200,80,255,1
1763365504.7363722,3139107394136596315,97138,0,15,12,50,6200,15,31,0,2626,7200,80,255,1
1763365506.2310996,3139107394136596315,97173,0,15,12,50,6200,15,31,0,2624,7200,80,255,1
1763365507.7350578,3139107394136596315,97204,0,15,12,50,6200,15,31,0,2623,7200,80,255,1
1763365509.2279203,3139107394136596315,97236,0,15,12,50,6200,15,31,0,2621,7200,80,255,1
1763365510.7319126,3139107394136596315,97270,0,15,12,50,6200,15,31,0,2620,7200,80,255,1
1763365512.2326112,3139107394136596315,97302,0,15,12,50,6200,15,31,0,2618,7200,80,255,1
1763365513.724193,3139107394136596315,97337,0,15,12,50,6200,15,31,0,2617,7200,80,255,1
1763365514.7325425,3139107394136596315,97361,0,15,12,50,6200,15,31,0,2616,7200,80,255,1
1763365516.2371047,3139107394136596315,97395,0,15,12,50,6200,15,31,0,2614,7200,80,255,1
1763365517.738113,3139107394136596315,97427,0,15,12,50,6200,15,31,0,2613,7200,80,255,1
1763365519.2295053,3139107394136596315,97460,0,15,12,50,6200,15,31,0,2611,7200,80,255,1
1763365520.2307985,3139107394136596315,97483,0,15,12,50,6200,15,31,0,2610,7200,80,255,1
1763365521.2312407,3139107394136596315,97504,0,15,12,50,6200,15,31,0,2609,7200,80,255,1
1763365522.7358017,3139107394136596315,97540,0,15,12,50,6200,15,31,0,2608,7200,80,255,1
1763365524.2361915,3139107394136596315,97575,0,15,12,50,6200,15,31,0,2606,7200,80,255,1
1763365525.7236357,3139107394136596315,97608,0,15,12,50,6200,15,31,0,2605,7200,80,255,1
1763365526.7246625,3139107394136596315,97632,0,15,12,50,6200,15,31,0,2604,7200,80,255,1
1763365527.737895,3139107394136596315,97653,0,15,12,50,6200,15,31,0,2603,7200,80,255,1
1763365529.228085,3139107394136596315,97686,0,15,12,50,6200,15,31,0,2601,7200,80,255,1
1763365530.2286918,3139107394136596315,97709,0,15,12,50,6200,15,31,0,2600,7200,80,255,1
1763365531.2311661,3139107394136596315,97732,0,15,12,50,6200,15,31,0,2599,7200,80,255,1
1763365532.738618,3139107394136596315,97764,0,15,12,50,6200,15,31,0,2598,7200,80,255,1
1763365534.2372005,3139107394136596315,97796,0,15,12,50,6200,15,31,0,2596,7200,80,255,1
1763365535.7252705,3139107394136596315,97827,0,15,12,50,6200,15,31,0,2595,7200,80,255,1
1763365536.7371473,3139107394136596315,97850,0,15,12,50,6200,15,31,0,2594,7200,80,255,1
1763365538.2260423,3139107394136596315,97881,0,15,12,50,6200,15,31,0,2592,7200,80,255,1
1763365539.2379422,3139107394136596315,97904,0,15,12,50,6200,15,31,0,2591,7200,80,255,1
1763365540.7280698,3139107394136596315,97937,0,15,12,50,6200,15,31,0,2590,7200,80,255,1
1763365541.7326627,3139107394136596315,97962,0,15,12,50,6200,15,31,0,2589,7200,80,255,1
1763365542.7338514,3139107394136596315,97984,0,15,12,50,6200,15,31,0,2588,7200,80,255,1
1763365544.2350323,3139107394136596315,98016,0,15,12,50,6200,15,31,0,2586,7200,80,255,1
1763365545.7259064,3139107394136596315,98050,0,15,12,50,6200,15,31,0,2585,7200,80,255,1
1763365547.235662,3139107394136596315,98087,0,15,12,50,6200,15,31,0,2583,7200,80,255,1
1763365548.7263646,3139107394136596315,98120,0,15,12,50,6200,15,31,0,2582,7200,80,255,1
1763365549.7275317,3139107394136596315,98144,0,15,12,50,6200,15,31,0,2581,7200,80,255,1
1763365550.7295287,3139107394136596315,98167,0,15,12,50,6200,15,31,0,2580,7200,80,255,1
1763365552.2310135,3139107394136596315,98201,0,15,12,50,6200,15,31,0,2578,7200,80,255,1
1763365553.2339358,3139107394136596315,98223,0,15,12,50,6200,15,31,0,2577,7200,80,255,1
1763365554.7247758,3139107394136596315,98255,0,15,12,50,6200,15,31,0,2576,7200,80,255,1
1763365555.7279193,3139107394136596315,98278,0,15,12,50,6200,15,31,0,2575,7200,80,255,1
1763365557.2359564,3139107394136596315,98314,0,15,12,50,6200,15,31,0,2573,7200,80,255,1
1763365558.7278666,3139107394136596315,98347,0,15,12,50,6200,15,31,0,2572,7200,80,255,1
1763365559.7299862,3139107394136596315,98370,0,15,12,50,6200,15,31,0,2571,7200,80,255,1
1763365560.7331786,3139107394136596315,98393,0,15,12,50,6200,15,31,0,2570,7200,80,255,1
1763365561.7341583,3139107394136596315,98416,0,15,12,50,6200,15,31,0,2569,7200,80,255,1
1763365562.7363617,3139107394136596315,98437,0,15,12,50,6200,15,31,0,2568,7200,80,255,1
1763365564.2258651,3139107394136596315,98470,0,15,12,50,6200,15,31,0,2566,7200,80,255,1
1763365565.2276008,3139107394136596315,98494,0,15,12,50,6200,15,31,0,2565,7200,80,255,1
1763365566.7327073,3139107394136596315,98528,0,15,12,50,6200,15,31,0,2564,7200,80,255,1
1763365567.7367303,3139107394136596315,98550,0,15,12,50,6200,15,31,0,2563,7200,80,255,1
1763365569.2271495,3139107394136596315,98583,0,15,12,50,6200,15,31,0,2561,7200,80,255,1
1763365570.7335334,3139107394136596315,98617,0,15,12,50,6200,15,31,0,2560,7200,80,255,1
1763365572.223593,3139107394136596315,98651,0,15,12,50,6200,15,31,0,2558,7200,80,255,1
1763365573.2358932,3139107394136596315,98673,0,15,12,50,6200,15,31,0,2557,7200,80,255,1
1763365574.7309382,3139107394136596315,98707,0,15,12,50,6200,15,31,0,2556,7200,80,255,1
1763365576.2371728,3139107394136596315,98739,0,15,12,50,6200,15,31,0,2554,7200,80,255,1
1763365577.7309716,3139107394136596315,98774,0,15,12,50,6200,15,31,0,2553,7200,80,255,1
1763365578.7321014,3139107394136596315,98795,0,15,12,50,6200,15,31,0,2552,7200,80,255,1
1763365580.230782,3139107394136596315,98829,0,15,12,50,6200,15,31,0,2550,7200,80,255,1
1763365581.2328687,3139107394136596315,98851,0,15,12,50,6200,15,31,0,2549,7200,80,255,1
1763365582.7357898,3139107394136596315,98886,0,15,12,50,6200,15,31,0,2548,7200,80,255,1
1763365584.2246525,3139107394136596315,98920,0,15,12,50,6200,15,31,0,2546,7200,80,255,1
1763365585.2370205,3139107394136596315,98945,0,15,12,50,6200,15,31,0,2545,7200,80,255,1
1763365586.724807,3139107394136596315,98979,0,15,12,50,6200,15,31,0,2544,7200,80,255,1
1763365587.7349339,3139107394136596315,99002,0,15,12,50,6200,15,31,0,2543,7200,80,255,1
1763365588.7357,3139107394136596315,99025,0,15,12,50,6200,15,31,0,2542,7200,80,255,1
1763365590.227699,3139107394136596315,99057,0,15,12,50,6200,15,31,0,2540,7200,80,255,1
1763365591.2367263,3139107394136596315,99079,0,15,12,50,6200,15,31,0,2539,7200,80,255,1
1763365592.7290847,3139107394136596315,99112,0,15,12,50,6200,15,31,0,2538,7200,80,255,1
1763365594.2349024,3139107394136596315,99148,0,15,12,50,6200,15,31,0,2536,7200,80,255,1
1763365595.7368305,3139107394136596315,99184,0,15,12,50,6200,15,31,0,2535,7200,80,255,1
1763365597.226798,3139107394136596315,99217,0,15,12,50,6200,15,31,0,2533,7200,80,255,1
1763365598.7326322,3139107394136596315,99251,0,15,12,50,6200,15,31,0,2532,7200,80,255,1
1763365599.7326968,3139107394136596315,99273,0,15,12,50,6200,15,31,0,2531,7200,80,255,1
1763365600.7347417,3139107394136596315,99294,0,15,12,50,6200,15,31,0,2530,7200,80,255,1
1763365601.735884,3139107394136596315,99317,0,15,12,50,6200,15,31,0,2529,7200,80,255,1
1763365603.2268088,3139107394136596315,99349,0,15,12,50,6200,15,31,0,2527,7200,80,255,1
1763365604.731705,3139107394136596315,99387,0,15,12,50,6200,15,31,0,2526,7200,80,255,1
1763365606.2366214,3139107394136596315,99420,0,15,12,50,6200,15,31,0,2524,7200,80,255,1
1763365607.727836,3139107394136596315,99451,0,15,12,50,6200,15,31,0,2523,7200,80,255,1
1763365609.234325,3139107394136596315,99486,0,15,12,50,6200,15,31,0,2521,7200,80,255,1
1763365610.7376347,3139107394136596315,99521,0,15,12,50,6200,15,31,0,2520,7200,80,255,1
1763365612.223707,3139107394136596315,99555,0,15,12,50,6200,15,31,0,2518,7200,80,255,1
1763365613.2336683,3139107394136596315,99578,0,15,12,50,6200,15,31,0,2517,7200,80,255,1
1763365614.7275114,3139107394136596315,99610,0,15,12,50,6200,15,31,0,2516,7200,80,255,1
1763365616.2338264,3139107394136596315,99645,0,15,12,50,6200,15,31,0,2514,7200,80,255,1
1763365617.7386503,3139107394136596315,99679,0,15,12,50,6200,15,31,0,2513,7200,80,255,1
1763365619.2355568,3139107394136596315,99711,0,15,12,50,6200,15,31,0,2511,7200,80,255,1
1763365620.2358427,3139107394136596315,99733,0,15,12,50,6200,15,31,0,2510,7200,80,255,1
1763365621.2369008,3139107394136596315,99755,0,15,12,50,6200,15,31,0,2509,7200,80,255,1
1763365622.7277818,3139107394136596315,99788,0,15,12,50,6200,15,31,0,2508,7200,80,255,1
1763365624.228144,3139107394136596315,99823,0,15,12,50,6200,15,31,0,2506,7200,80,255,1
1763365625.7261055,3139107394136596315,99856,0,15,12,50,6200,15,31,0,2505,7200,80,255,1
1763365626.729839,3139107394136596315,99879,0,15,12,50,6200,15,31,0,2504,7200,80,255,1
1763365628.22809,3139107394136596315,99911,0,15,12,50,6200,15,31,0,2502,7200,80,255,1
1763365629.2298803,3139107394136596315,99934,0,15,12,50,6200,15,31,0,2501,7200,80,255,1
1763365630.737936,3139107394136596315,99967,0,15,12,50,6200,15,31,0,2500,7200,80,255,1
1763365632.2256324,3139107394136596315,100002,0,15,12,50,6200,15,31,0,2498,7200,80,255,1
1763365633.226016,3139107394136596315,100024,0,15,12,50,6200,15,31,0,2497,7200,80,255,1
1763365634.236018,3139107394136596315,100047,0,15,12,50,6200,15,31,0,2496,7200,80,255,1
1763365635.7371323,3139107394136596315,100080,0,15,12,50,6200,15,31,0,2495,7200,80,255,1
1763365637.2274647,3139107394136596315,100115,0,15,12,50,6200,15,31,0,2493,7200,80,255,1
1763365638.7308764,3139107394136596315,100148,0,15,12,50,6200,15,31,0,2492,7200,80,255,1
1763365639.7329235,3139107394136596315,100171,0,15,12,50,6200,15,31,0,2491,7200,80,255,1
1763365641.2241294,3139107394136596315,100204,0,15,12,50,6200,15,31,0,2489,7200,80,255,1
1763365642.234898,3139107394136596315,100228,0,15,12,50,6200,15,31,0,2488,7200,80,255,1
1763365643.2358994,3139107394136596315,100251,0,15,12,50,6200,15,31,0,2487,7200,80,255,1
1763365644.7302473,3139107394136596315,100286,0,15,12,50,6200,15,31,0,2486,7200,80,255,1
1763365646.2283168,3139107394136596315,100318,0,15,12,50,6200,15,31,0,2484,7200,80,255,1
1763365647.229051,3139107394136596315,100341,0,15,12,50,6200,15,31,0,2483,7200,80,255,1
1763365648.732871,3139107394136596315,100374,0,15,12,50,6200,15,31,0,2482,7200,80,255,1
1763365650.2278466,3139107394136596315,100408,0,15,12,50,6200,15,31,0,2480,7200,80,255,1
1763365651.2295814,3139107394136596315,100435,0,15,12,50,6200,15,31,0,2479,7200,80,255,1
1763365652.2338395,3139107394136596315,100458,0,15,12,50,6200,15,31,0,2478,7200,80,255,1
1763365653.2358022,3139107394136596315,100481,0,15,12,50,6200,15,31,0,2477,7200,80,255,1
1763365654.7259166,3139107394136596315,100514,0,15,12,50,6200,15,31,0,2476,7200,80,255,1
1763365656.2281954,3139107394136596315,100550,0,15,12,50,6200,15,31,0,2474,7200,80,255,1
1763365657.2348511,3139107394136596315,100573,0,15,12,50,6200,15,31,0,2473,7200,80,255,1
1763365658.7292943,3139107394136596315,100608,0,15,12,50,6200,15,31,0,2472,7200,80,255,1
1763365660.2362957,3139107394136596315,100642,0,15,12,50,6200,15,31,0,2470,7200,80,255,1
1763365661.7247405,3139107394136596315,100675,0,15,12,50,6200,15,31,0,2469,7200,80,255,1
1763365662.7269428,3139107394136596315,100699,0,15,12,50,6200,15,31,0,2468,7200,80,255,1
1763365664.2358415,3139107394136596315,100732,0,15,12,50,6200,15,31,0,2466,7200,80,255,1
1763365665.2380772,3139107394136596315,100755,0,15,12,50,6200,15,31,0,2465,7200,80,255,1
1763365666.7268577,3139107394136596315,100788,0,15,12,50,6200,15,31,0,2464,7200,80,255,1
1763365668.2320025,3139107394136596315,100823,0,15,12,50,6200,15,31,0,2462,7200,80,255,1
1763365669.7348027,3139107394136596315,100857,0,15,12,50,6200,15,31,0,2461,7200,80,255,1
1763365670.7349012,3139107394136596315,100878,0,15,12,50,6200,15,31,0,2460,7200,80,255,1
1763365671.736766,3139107394136596315,100900,0,15,12,50,6200,15,31,0,2459,7200,80,255,1
1763365673.227203,3139107394136596315,100934,0,15,12,50,6200,15,31,0,2457,7200,80,255,1
1763365674.22962,3139107394136596315,100957,0,15,12,50,6200,15,31,0,2456,7200,80,255,1
1763365675.7383704,3139107394136596315,100991,0,15,12,50,6200,15,31,0,2455,7200,80,255,1
1763365677.2299576,3139107394136596315,101023,0,15,12,50,6200,15,31,0,2453,7200,80,255,1
1763365678.7310443,3139107394136596315,101056,0,15,12,50,6200,15,31,0,2452,7200,80,255,1
1763365680.2273605,3139107394136596315,101088,0,15,12,50,6200,15,31,0,2450,7200,80,255,1
1763365681.7348762,3139107394136596315,101121,0,15,12,50,6200,15,31,0,2449,7200,80,255,1
1763365683.224734,3139107394136596315,101156,0,15,12,50,6200,15,31,0,2447,7200,80,255,1
1763365684.7292917,3139107394136596315,101191,0,15,12,50,6200,15,31,0,2446,7200,80,255,1
1763365686.229629,3139107394136596315,101223,0,15,12,50,6200,15,31,0,2444,7200,80,255,1
1763365687.2309952,3139107394136596315,101245,0,15,12,50,6200,15,31,0,2443,7200,80,255,1
1763365688.7373009,3139107394136596315,101280,0,15,12,50,6200,15,31,0,2442,7200,80,255,1
1763365690.227603,3139107394136596315,101314,0,15,12,50,6200,15,31,0,2440,7200,80,255,1
1763365691.232543,3139107394136596315,101337,0,15,12,50,6200,15,31,0,2439,7200,80,255,1
1763365692.725148,3139107394136596315,101370,0,15,12,50,6200,15,31,0,2438,7200,80,255,1
1763365693.7360375,3139107394136596315,101393,0,15,12,50,6200,15,31,0,2437,7200,80,255,1
1763365695.2261286,3139107394136596315,101426,0,15,12,50,6200,15,31,0,2435,7200,80,255,1
1763365696.2374687,3139107394136596315,101448,0,15,12,50,6200,15,31,0,2434,7200,80,255,1
1763365697.7301788,3139107394136596315,101480,0,15,12,50,6200,15,31,0,2433,7200,80,255,1
1763365698.7356863,3139107394136596315,101501,0,15,12,50,6200,15,31,0,2432,7200,80,255,1
1763365700.2279859,3139107394136596315,101534,0,15,12,50,6200,15,31,0,2430,7200,80,255,1
1763365701.7318769,3139107394136596315,101569,0,15,12,50,6200,15,31,0,2429,7200,80,255,1
1763365703.2368824,3139107394136596315,101602,0,15,12,50,6200,15,31,0,2427,7200,80,255,1
1763365704.736043,3139107394136596315,101638,0,15,12,50,6200,15,31,0,2426,7200,80,255,1
1763365705.7376037,3139107394136596315,101660,0,15,12,50,6200,15,31,0,2425,7200,80,255,1
1763365707.226582,3139107394136596315,101695,0,15,12,50,6200,15,31,0,2423,7200,80,255,1
1763365708.7276132,3139107394136596315,101732,0,15,12,50,6200,15,31,0,2422,7200,80,255,1
1763365709.7287757,3139107394136596315,101754,0,15,12,50,6200,15,31,0,2421,7200,80,255,1
1763365710.7295573,3139107394136596315,101775,0,15,12,50,6200,15,31,0,2420,7200,80,255,1
1763365711.7297654,3139107394136596315,101796,0,15,12,50,6200,15,31,0,2419,7200,80,255,1
1763365713.2327034,3139107394136596315,101828,0,15,12,50,6200,15,31,0,2417,7200,80,255,1
1763365714.7380288,3139107394136596315,101861,0,15,12,50,6200,15,31,0,2416,7200,80,255,1
1763365716.2294006,3139107394136596315,101895,0,15,12,50,6200,15,31,0,2414,7200,80,255,1
1763365717.2351005,3139107394136596315,101919,0,15,12,50,6200,15,31,0,2413,7200,80,255,1
1763365718.2361627,3139107394136596315,101939,0,15,12,50,6200,15,31,0,2412,7200,80,255,1
1763365719.7364562,3139107394136596315,101974,0,15,12,50,6200,15,31,0,2411,7200,80,255,1
1763365721.2276802,3139107394136596315,102008,0,15,12,50,6200,15,31,0,2409,7200,80,255,1
1763365722.229604,3139107394136596315,102030,0,15,12,50,6200,15,31,0,2408,7200,80,255,1
1763365723.236989,3139107394136596315,102052,0,15,12,50,6200,15,31,0,2407,7200,80,255,1
1763365724.723933,3139107394136596315,102086,0,15,12,50,6200,15,31,0,2406,7200,80,255,1
1763365725.731894,3139107394136596315,102111,0,15,12,50,6200,15,31,0,2405,7200,80,255,1
1763365727.2340157,3139107394136596315,102143,0,15,12,50,6200,15,31,0,2403,7200,80,255,1
1763365728.7259164,3139107394136596315,102177,0,15,12,50,6200,15,31,0,2402,7200,80,255,1
1763365729.7372763,3139107394136596315,102201,0,15,12,50,6200,15,31,0,2401,7200,80,255,1
1763365731.228824,3139107394136596315,102234,0,15,12,50,6200,15,31,0,2399,7200,80,255,1
1763365732.2339735,3139107394136596315,102256,0,15,12,50,6200,15,31,0,2398,7200,80,255,1
1763365733.7260616,3139107394136596315,102288,0,15,12,50,6200,15,31,0,2397,7200,80,255,1
1763365735.2347765,3139107394136596315,102324,0,15,12,50,6200,15,31,0,2395,7200,80,255,1
1763365736.729971,3139107394136596315,102359,0,15,12,50,6200,15,31,0,2394,7200,80,255,1
1763365737.7319224,3139107394136596315,102381,0,15,12,50,6200,15,31,0,2393,7200,80,255,1
1763365738.7347622,3139107394136596315,102403,0,15,12,50,6200,15,31,0,2392,7200,80,255,1
1763365739.73607,3139107394136596315,102427,0,15,12,50,6200,15,31,0,2391,7200,80,255,1
1763365740.7378898,3139107394136596315,102448,0,15,12,50,6200,15,31,0,2390,7200,80,255,1
1763365742.2328978,3139107394136596315,102481,0,15,12,50,6200,15,31,0,2388,7200,80,255,1
1763365743.7341619,3139107394136596315,102514,0,15,12,50,6200,15,31,0,2387,7200,80,255,1
1763365745.2258003,3139107394136596315,102547,0,15,12,50,6200,15,31,0,2385,7200,80,255,1
1763365746.237686,3139107394136596315,102569,0,15,12,50,6200,15,31,0,2384,7200,80,255,1
1763365747.7350438,3139107394136596315,102602,0,15,12,50,6200,15,31,0,2383,7200,80,255,1
1763365749.2337382,3139107394136596315,102635,0,15,12,50,6200,15,31,0,2381,7200,80,255,1
1763365750.7268803,3139107394136596315,102669,0,15,12,50,6200,15,31,0,2380,7200,80,255,1
1763365752.2342067,3139107394136596315,102705,0,15,12,50,6200,15,31,0,2378,7200,80,255,1
1763365753.7279305,3139107394136596315,102739,0,15,12,50,6200,15,31,0,2377,7200,80,255,1
1763365754.7296815,3139107394136596315,102762,0,15,12,50,6200,15,31,0,2376,7200,80,255,1
1763365755.7326438,3139107394136596315,102784,0,15,12,50,6200,15,31,0,2375,7200,80,255,1
1763365756.7360926,3139107394136596315,102807,0,15,12,50,6200,15,31,0,2374,7200,80,255,1
1763365758.2342327,3139107394136596315,102839,0,15,12,50,6200,15,31,0,2372,7200,80,255,1
1763365759.237259,3139107394136596315,102859,0,15,12,50,6200,15,31,0,2371,7200,80,255,1
1763365760.7249568,3139107394136596315,102891,0,15,12,50,6200,15,31,0,2370,7200,80,255,1
1763365761.7288358,3139107394136596315,102914,0,15,12,50,6200,15,31,0,2369,7200,80,255,1
1763365762.7310824,3139107394136596315,102937,0,15,12,50,6200,15,31,0,2368,7200,80,255,1
1763365764.2315133,3139107394136596315,102974,0,15,12,50,6200,15,31,0,2366,7200,80,255,1
1763365765.733658,3139107394136596315,103009,0,15,12,50,6200,15,31,0,2365,7200,80,255,1
1763365767.2309155,3139107394136596315,103043,0,15,12,50,6200,15,31,0,2363,7200,80,255,1
1763365768.7314677,3139107394136596315,103078,0,15,12,50,6200,15,31,0,2362,7200,80,255,1
1763365770.2364929,3139107394136596315,103110,0,15,12,50,6200,15,31,0,2360,7200,80,255,1
1763365771.2376738,3139107394136596315,103132,0,15,12,50,6200,15,31,0,2359,7200,80,255,1
1763365772.73121,3139107394136596315,103165,0,15,12,50,6200,15,31,0,2358,7200,80,255,1
1763365773.7380016,3139107394136596315,103187,0,15,12,50,6200,15,31,0,2357,7200,80,255,1
1763365775.2359686,3139107394136596315,103220,0,15,12,50,6200,15,31,0,2355,7200,80,255,1
1763365776.7313569,3139107394136596315,103256,0,15,12,50,6200,15,31,0,2354,7200,80,255,1
1763365778.2245631,3139107394136596315,103290,0,15,12,50,6200,15,31,0,2352,7200,80,255,1
1763365779.227971,3139107394136596315,103311,0,15,12,50,6200,15,31,0,2351,7200,80,255,1
1763365780.7339795,3139107394136596315,103345,0,15,12,50,6200,15,31,0,2350,7200,80,255,1
1763365782.2349982,3139107394136596315,103380,0,15,12,50,6200,15,31,0,2348,7200,80,255,1
1763365783.7308636,3139107394136596315,103414,0,15,12,50,6200,15,31,0,2347,7200,80,255,1
1763365784.7320259,3139107394136596315,103436,0,15,12,50,6200,15,31,0,2346,7200,80,255,1
1763365785.7325509,3139107394136596315,103458,0,15,12,50,6200,15,31,0,2345,7200,80,255,1
1763365786.7349758,3139107394136596315,103480,0,15,12,50,6200,15,31,0,2344,7200,80,255,1
1763365787.736801,3139107394136596315,103502,0,15,12,50,6200,15,31,0,2343,7200,80,255,1
1763365789.2366583,3139107394136596315,103537,0,15,12,50,6200,15,31,0,178,7200,80,255,1
1763365790.2372813,3139107394136596315,103558,0,15,12,50,6200,15,31,0,177,7200,80,255,1
1763365791.7347057,3139107394136596315,103593,0,15,12,50,6200,15,31,0,176,7200,80,255,1
1763365793.2259076,3139107394136596315,103626,0,15,12,50,6200,15,31,0,174,7200,80,255,1
1763365794.2282422,3139107394136596315,103648,0,15,12,50,6200,15,31,0,173,7200,80,255,1
1763365795.22846,3139107394136596315,103672,0,15,12,50,6200,15,31,0,172,7200,80,255,1
1763365796.233042,3139107394136596315,103697,0,15,12,50,6200,15,31,0,171,7200,80,255,1
1763365797.736972,3139107394136596315,103731,0,15,12,50,6200,15,31,0,170,7200,80,255,1
1763365799.2340522,3139107394136596315,103765,0,15,12,50,6200,15,31,0,168,7200,80,255,1
1763365800.7293947,3139107394136596315,103797,0,15,12,50,6200,15,31,0,167,7200,80,255,1
1763365801.730952,3139107394136596315,103818,0,15,12,50,6200,15,31,0,166,7200,80,255,1
1763365803.2263584,3139107394136596315,103850,0,15,12,50,6200,15,31,0,164,7200,80,255,1
1763365804.7360518,3139107394136596315,103885,0,15,12,50,6200,15,31,0,163,7200,80,255,1
1763365805.7367382,3139107394136596315,103908,0,15,12,50,6200,15,31,0,162,7200,80,255,1
1763365807.2339487,3139107394136596315,103945,0,15,12,50,6200,15,31,0,160,7200,80,255,1
1763365808.7312245,3139107394136596315,103982,0,15,12,50,6200,15,31,0,159,7200,80,255,1
1763365810.2257097,3139107394136596315,104013,0,15,12,50,6200,15,31,0,157,7200,80,255,1
1763365811.225803,3139107394136596315,104034,0,15,12,50,6200,15,31,0,156,7200,80,255,1
1763365812.7337923,3139107394136596315,104069,0,15,12,50,6200,15,31,0,155,7200,80,255,1
1763365813.738541,3139107394136596315,104090,0,15,12,50,6200,15,31,0,154,7200,80,255,1
1763365815.2328076,3139107394136596315,104124,0,15,12,50,6200,15,31,0,152,7200,80,255,1
1763365816.2329018,3139107394136596315,104145,0,15,12,50,6200,15,31,0,151,7200,80,255,1
1763365817.72644,3139107394136596315,104180,0,15,12,50,6200,15,31,0,150,7200,80,255,1
1763365818.7365453,3139107394136596315,104203,0,15,12,50,6200,15,31,0,149,7200,80,255,1
1763365820.2336679,3139107394136596315,104236,0,15,12,50,6200,15,31,0,147,7200,80,255,1
1763365821.2373157,3139107394136596315,104260,0,15,12,50,6200,15,31,0,146,7200,80,255,1
1763365822.2376523,3139107394136596315,104282,0,15,12,50,6200,15,31,0,145,7200,80,255,1
1763365823.7339396,3139107394136596315,104316,0,15,12,50,6200,15,31,0,144,7200,80,255,1
1763365825.223569,3139107394136596315,104349,0,15,12,50,6200,15,31,0,142,7200,80,255,1
1763365826.2318537,3139107394136596315,104372,0,15,12,50,6200,15,31,0,141,7200,80,255,1
1763365827.235319,3139107394136596315,104394,0,15,12,50,6200,15,31,0,140,7200,80,255,1
1763365828.7287939,3139107394136596315,104427,0,15,12,50,6200,15,31,0,139,7200,80,255,1
1763365830.2393925,3139107394136596315,104463,0,15,12,50,6200,15,31,0,137,7200,80,255,1
1763365831.7326434,3139107394136596315,104499,0,15,12,50,6200,15,31,0,136,7200,80,255,1
1763365833.2272732,3139107394136596315,104530,0,15,12,50,6200,15,31,0,134,7200,80,255,1
1763365834.2295463,3139107394136596315,104555,0,15,12,50,6200,15,31,0,133,7200,80,255,1
1763365835.2308698,3139107394136596315,104578,0,15,12,50,6200,15,31,0,132,7200,80,255,1
1763365836.2348747,3139107394136596315,104601,0,15,12,50,6200,15,31,0,131,7200,80,255,1
1763365837.235156,3139107394136596315,104624,0,15,12,50,6200,15,31,0,130,7200,80,255,1
1763365838.7253368,3139107394136596315,104657,0,15,12,50,6200,15,31,0,129,7200,80,255,1
1763365840.2310295,3139107394136596315,104693,0,15,12,50,6200,15,31,0,127,7200,80,255,1
1763365841.236604,3139107394136596315,104715,0,15,12,50,6200,15,31,0,126,7200,80,255,1
1763365842.2386959,3139107394136596315,104737,0,15,12,50,6200,15,31,0,125,7200,80,255,1
1763365843.7359369,3139107394136596315,104773,0,15,12,50,6200,15,31,0,124,7200,80,255,1
1763365844.7377017,3139107394136596315,104794,0,15,12,50,6200,15,31,0,123,7200,80,255,1
1763365846.2352202,3139107394136596315,104828,0,15,12,50,6200,15,31,0,121,7200,80,255,1
1763365847.7308176,3139107394136596315,104862,0,15,12,50,6200,15,31,0,120,7200,80,255,1
1763365848.7370872,3139107394136596315,104883,0,15,12,50,6200,15,31,0,119,7200,80,255,1
1763365850.2372367,3139107394136596315,104916,0,15,12,50,6200,15,31,0,117,7200,80,255,1
1763365851.7297764,3139107394136596315,104949,0,15,12,50,6200,15,31,0,116,7200,80,255,1
1763365853.2391212,3139107394136596315,104983,0,15,12,50,6200,15,31,0,114,7200,80,255,1
1763365854.7347486,3139107394136596315,105018,0,15,12,50,6200,15,31,0,113,7200,80,255,1
1763365855.737465,3139107394136596315,105039,0,15,12,50,6200,15,31,0,112,7200,80,255,1
1763365857.2362578,3139107394136596315,105073,0,15,12,50,6200,15,31,0,110,7200,80,255,1
1763365858.2373638,3139107394136596315,105094,0,15,12,50,6200,15,31,0,109,7200,80,255,1
1763365859.7261853,3139107394136596315,105126,0,15,12,50,6200,15,31,0,108,7200,80,255,1
1763365860.7310195,3139107394136596315,105149,0,15,12,50,6200,15,31,0,107,7200,80,255,1
1763365861.732985,3139107394136596315,105171,0,15,12,50,6200,15,31,0,106,7200,80,255,1
1763365862.7387404,3139107394136596315,105192,0,15,12,50,6200,15,31,0,105,7200,80,255,1
1763365864.2327025,3139107394136596315,105226,0,15,12,50,6200,15,31,0,103,7200,80,255,1
1763365865.728747,3139107394136596315,105259,0,15,12,50,6200,15,31,0,102,7200,80,255,1
1763365866.7290783,3139107394136596315,105282,0,15,12,50,6200,15,31,0,101,7200,80,255,1
1763365867.7338371,3139107394136596315,105305,0,15,12,50,6200,15,31,0,100,7200,80,255,1
1763365868.7356362,3139107394136596315,105327,0,15,12,50,6200,15,31,0,99,7200,80,255,1
1763365870.2378478,3139107394136596315,105361,0,15,12,50,6200,15,31,0,97,7200,80,255,1
1763365871.7337832,3139107394136596315,105393,0,15,12,50,6200,15,31,0,96,7200,80,255,1
1763365872.735158,3139107394136596315,105417,0,15,12,50,6200,15,31,0,95,7200,80,255,1
1763365873.7367437,3139107394136596315,105439,0,15,12,50,6200,15,31,0,94,7200,80,255,1
1763365875.2305708,3139107394136596315,105472,0,15,12,50,6200,15,31,0,92,7200,80,255,1
1763365876.2337103,3139107394136596315,105494,0,15,12,50,6200,15,31,0,91,7200,80,255,1
1763365877.236384,3139107394136596315,105516,0,15,12,50,6200,15,31,0,90,7200,80,255,1
1763365878.7279665,3139107394136596315,105550,0,15,12,50,6200,15,31,0,89,7200,80,255,1
1763365880.234079,3139107394136596315,105585,0,15,12,50,6200,15,31,0,87,7200,80,255,1
1763365881.7385857,3139107394136596315,105619,0,15,12,50,6200,15,31,0,86,7200,80,255,1
1763365883.232666,3139107394136596315,105653,0,15,12,50,6200,15,31,0,84,7200,80,255,1
1763365884.7383535,3139107394136596315,105686,0,15,12,50,6200,15,31,0,83,7200,80,255,1
1763365886.2305906,3139107394136596315,105720,0,15,12,50,6200,15,31,0,81,7200,80,255,1
1763365887.2317393,3139107394136596315,105744,0,15,12,50,6200,15,31,0,80,7200,80,255,1
1763365888.72441,3139107394136596315,105779,0,15,12,50,6200,15,31,0,79,7200,80,255,1
1763365889.735101,3139107394136596315,105801,0,15,12,50,6200,15,31,0,78,7200,80,255,1
1763365890.7378585,3139107394136596315,105824,0,15,12,50,6200,15,31,0,77,7200,80,255,1
1763365892.2254417,3139107394136596315,105858,0,15,12,50,6200,15,31,0,75,7200,80,255,1
1763365893.2326126,3139107394136596315,105881,0,15,12,50,6200,15,31,0,74,7200,80,255,1
1763365894.7326894,3139107394136596315,105913,0,15,12,50,6200,15,31,0,73,7200,80,255,1
1763365896.2251415,3139107394136596315,105947,0,15,12,50,6200,15,31,0,71,7200,80,255,1
1763365897.237955,3139107394136596315,105970,0,15,12,50,6200,15,31,0,70,7200,80,255,1
1763365898.7296715,3139107394136596315,106000,0,15,12,50,6200,15,31,0,69,7200,80,255,1
1763365900.2375538,3139107394136596315,106033,0,15,12,50,6200,15,31,0,67,7200,80,255,1
1763365901.724199,3139107394136596315,106064,0,15,12,50,6200,15,31,0,66,7200,80,255,1
1763365902.7361255,3139107394136596315,106087,0,15,12,50,6200,15,31,0,65,7200,80,255,1
1763365904.2308414,3139107394136596315,106118,0,15,12,50,6200,15,31,0,63,7200,80,255,1
1763365905.2329624,3139107394136596315,106140,0,15,12,50,6200,15,31,0,62,7200,80,255,1
1763365906.7259266,3139107394136596315,106174,0,15,12,50,6200,15,31,0,61,7200,80,255,1
1763365907.7362359,3139107394136596315,106199,0,15,12,50,6200,15,31,0,60,7200,80,255,1
1763365909.2307146,3139107394136596315,106234,0,15,12,50,6200,15,31,0,58,7200,80,255,1
1763365910.7356994,3139107394136596315,106271,0,15,12,50,6200,15,31,0,57,7200,80,255,1
1763365912.234158,3139107394136596315,106304,0,15,12,50,6200,15,31,0,55,7200,80,255,1
1763365913.2375119,3139107394136596315,106326,0,15,12,50,6200,15,31,0,54,7200,80,255,1
1763365914.7295516,3139107394136596315,106362,0,15,12,50,6200,15,31,0,53,7200,80,255,1
1763365915.731932,3139107394136596315,106383,0,15,12,50,6200,15,31,0,52,7200,80,255,1
1763365917.2359948,3139107394136596315,106418,0,15,12,50,6200,15,31,0,50,7200,80,255,1
1763365918.7260325,3139107394136596315,106451,0,15,12,50,6200,15,31,0,49,7200,80,255,1
1763365919.7372484,3139107394136596315,106475,0,15,12,50,6200,15,31,0,48,7200,80,255,1
1763365921.2360003,3139107394136596315,106507,0,15,12,50,6200,15,31,0,46,7200,80,255,1
1763365922.738537,3139107394136596315,106540,0,15,12,50,6200,15,31,0,45,7200,80,255,1
1763365924.23275,3139107394136596315,106573,0,15,12,50,6200,15,31,0,43,7200,80,255,1
1763365925.7316377,3139107394136596315,106607,0,15,12,50,6200,15,31,0,42,7200,80,255,1
1763365926.7320533,3139107394136596315,106628,0,15,12,50,6200,15,31,0,41,7200,80,255,1
1763365928.2364755,3139107394136596315,106661,0,15,12,50,6200,15,31,0,39,7200,80,255,1
1763365929.2379901,3139107394136596315,106683,0,15,12,50,6200,15,31,0,38,7200,80,255,1
1763365930.732867,3139107394136596315,106718,0,15,12,50,6200,15,31,0,37,7200,80,255,1
1763365931.7364645,3139107394136596315,106739,0,15,12,50,6200,15,31,0,36,7200,80,255,1
1763365933.2328322,3139107394136596315,106773,0,15,12,50,6200,15,31,0,34,7200,80,255,1
1763365934.7330525,3139107394136596315,106810,0,15,12,50,6200,15,31,0,33,7200,80,255,1
1763365936.2256036,3139107394136596315,106843,0,15,12,50,6200,15,31,0,31,7200,80,255,1
1763365937.225734,3139107394136596315,106865,0,15,12,50,6200,15,31,0,30,7200,80,255,1
1763365938.237289,3139107394136596315,106888,0,15,12,50,6200,15,31,0,29,7200,80,255,1
1763365939.729453,3139107394136596315,106923,0,15,12,50,6200,15,31,0,28,7200,80,255,1
1763365940.7318203,3139107394136596315,106944,0,15,12,50,6200,15,31,0,27,7200,80,255,1
1763365941.7352593,3139107394136596315,106968,0,15,12,50,6200,15,31,0,26,7200,80,255,1
1763365943.2268965,3139107394136596315,107001,0,15,12,50,6200,15,31,0,24,7200,80,255,1
1763365944.735899,3139107394136596315,107035,0,15,12,50,6200,15,31,0,23,7200,80,255,1
1763365946.227024,3139107394136596315,107067,0,15,12,50,6200,15,31,0,21,7200,80,255,1
1763365947.7309303,3139107394136596315,107103,0,15,12,50,6200,15,31,0,20,7200,80,255,1
1763365948.7316318,3139107394136596315,107124,0,15,12,50,6200,15,31,0,19,7200,80,255,1
1763365950.2271516,3139107394136596315,107155,0,15,12,50,6200,15,31,0,17,7200,80,255,1
1763365951.2366188,3139107394136596315,107178,0,15,12,50,6200,15,31,0,16,7200,80,255,1
1763365952.7278948,3139107394136596315,107213,0,15,12,50,6200,15,31,0,15,7200,80,255,1
1763365954.2339487,3139107394136596315,107246,0,15,12,50,6200,15,31,0,13,7200,80,255,1
1763365955.7250812,3139107394136596315,107280,0,15,12,50,6200,15,31,0,12,7200,80,255,1
1763365956.7284884,3139107394136596315,107301,0,15,12,50,6200,15,31,0,11,7200,80,255,1
1763365957.732557,3139107394136596315,107323,0,15,12,50,6200,15,31,0,10,7200,80,255,1
1763365959.2371008,3139107394136596315,107355,0,15,12,50,6200,15,31,0,8,7200,80,255,1
1763365960.730954,3139107394136596315,107388,0,15,12,50,6200,15,31,0,7,7200,80,255,1
1763365961.732937,3139107394136596315,107412,0,15,12,50,6200,15,31,0,6,7200,80,255,1
1763365963.2266946,3139107394136596315,107445,0,15,12,50,6200,15,31,0,4,7200,80,255,1
1763365964.2291136,3139107394136596315,107468,0,15,12,50,6200,15,31,0,3,7200,80,255,1
1763365965.7352085,3139107394136596315,107503,0,15,12,50,6200,15,31,0,2,7200,80,255,1
1763365967.2273054,3139107394136596315,107535,0,15,12,50,6200,15,31,0,0,7200,80,255,1
