timestamp,session_uid,frame,car_index,position,num_laps,grid_position,points,num_pit_stops,result_status,result_reason,best_lap_time_ms,total_race_time,penalties_time,num_penalties,num_tyre_stints
1767770902.7403898,16137296052353762183,0,0,17,33,15,0,1,4,3,82326,2862.583740234375,0,0,2
1767770902.7403898,16137296052353762183,0,1,1,58,2,25,2,3,2,79789,4784.58740234375,0,0,3
1767770902.7403898,16137296052353762183,0,2,19,2,13,0,0,4,3,84306,236.94192504882812,0,0,1
1767770902.7403898,16137296052353762183,0,3,8,58,1,4,2,3,2,81029,4831.4365234375,0,0,3
1767770902.7403898,16137296052353762183,0,4,7,58,12,6,2,3,2,80379,4829.19775390625,0,0,3
1767770902.7403898,16137296052353762183,0,5,12,58,8,0,2,3,2,81216,4857.998046875,0,0,3
1767770902.7403898,16137296052353762183,0,6,13,58,10,0,2,3,2,81244,4858.51025390625,0,0,3
1767770902.7403898,16137296052353762183,0,7,4,58,5,12,2,3,2,79829,4800.7900390625,0,0,3
1767770902.7403898,16137296052353762183,0,8,11,58,16,0,2,3,2,81058,4857.7373046875,0,0,3
1767770902.7403898,16137296052353762183,0,9,2,58,4,18,2,3,2,80084,4789.87158203125,0,0,3
1767770902.7403898,16137296052353762183,0,10,14,58,19,0,2,3,2,81334,4865.17431640625,0,0,3
1767770902.7403898,16137296052353762183,0,11,15,58,14,0,2,3,2,81371,4865.95361328125,0,0,3
1767770902.7403898,16137296052353762183,0,12,3,58,3,15,2,3,2,80300,4799.7841796875,0,0,3
1767770902.7403898,16137296052353762183,0,13,9,58,11,2,3,3,2,80304,4841.787109375,0,0,4
1767770902.7403898,16137296052353762183,0,14,6,58,7,8,2,3,2,80776,4828.75390625,0,0,3
1767770902.7403898,16137296052353762183,0,15,16,57,9,0,2,3,2,82328,4802.5205078125,0,0,3
1767770902.7403898,16137296052353762183,0,16,10,58,20,1,3,3,2,80828,4854.45361328125,0,0,4
1767770902.7403898,16137296052353762183,0,17,5,58,6,10,2,3,2,80548,4808.76904296875,0,0,3
1767770902.7403898,16137296052353762183,0,18,18,9,17,0,0,4,3,83068,788.0690307617188,0,0,1
1767770902.7403898,16137296052353762183,0,19,20,0,18,0,0,4,1,0,4964.653981829062,0,0,1
1767770902.7403898,16137296052353762183,0,20,0,0,0,0,0,0,0,0,0.0,0,0,0
1767770902.7403898,16137296052353762183,0,21,0,0,0,0,0,0,0,0,0.0,0,0,0
1767770907.7564237,16137296052353762183,0,0,17,33,15,0,1,4,3,82326,2862.583740234375,0,0,2
1767770907.7564237,16137296052353762183,0,1,1,58,2,25,2,3,2,79789,4784.58740234375,0,0,3
1767770907.7564237,16137296052353762183,0,2,19,2,13,0,0,4,3,84306,236.94192504882812,0,0,1
1767770907.7564237,16137296052353762183,0,3,8,58,1,4,2,3,2,81029,4831.4365234375,0,0,3
1767770907.7564237,16137296052353762183,0,4,7,58,12,6,2,3,2,80379,4829.19775390625,0,0,3
1767770907.7564237,16137296052353762183,0,5,12,58,8,0,2,3,2,81216,4857.998046875,0,0,3
1767770907.7564237,16137296052353762183,0,6,13,58,10,0,2,3,2,81244,4858.51025390625,0,0,3
1767770907.7564237,16137296052353762183,0,7,4,58,5,12,2,3,2,79829,4800.7900390625,0,0,3
1767770907.7564237,16137296052353762183,0,8,11,58,16,0,2,3,2,81058,4857.7373046875,0,0,3
1767770907.7564237,16137296052353762183,0,9,2,58,4,18,2,3,2,80084,4789.87158203125,0,0,3
1767770907.7564237,16137296052353762183,0,10,14,58,19,0,2,3,2,81334,4865.17431640625,0,0,3
1767770907.7564237,16137296052353762183,0,11,15,58,14,0,2,3,2,81371,4865.95361328125,0,0,3
1767770907.7564237,16137296052353762183,0,12,3,58,3,15,2,3,2,80300,4799.7841796875,0,0,3
1767770907.7564237,16137296052353762183,0,13,9,58,11,2,3,3,2,80304,4841.787109375,0,0,4
1767770907.7564237,16137296052353762183,0,14,6,58,7,8,2,3,2,80776,4828.75390625,0,0,3
1767770907.7564237,16137296052353762183,0,15,16,57,9,0,2,3,2,82328,4802.5205078125,0,0,3
1767770907.7564237,16137296052353762183,0,16,10,58,20,1,3,3,2,80828,4854.45361328125,0,0,4
1767770907.7564237,16137296052353762183,0,17,5,58,6,10,2,3,2,80548,4808.76904296875,0,0,3
1767770907.7564237,16137296052353762183,0,18,18,9,17,0,0,4,3,83068,788.0690307617188,0,0,1
1767770907.7564237,16137296052353762183,0,19,20,0,18,0,0,4,1,0,4964.653981829062,0,0,1
1767770907.7564237,16137296052353762183,0,20,0,0,0,0,0,0,0,0,0.0,0,0,0
1767770907.7564237,16137296052353762183,0,21,0,0,0,0,0,0,0,0,0.0,0,0,0
1767770912.7606418,16137296052353762183,0,0,17,33,15,0,1,4,3,82326,2862.583740234375,0,0,2
1767770912.7606418,16137296052353762183,0,1,1,58,2,25,2,3,2,79789,4784.58740234375,0,0,3
1767770912.7606418,16137296052353762183,0,2,19,2,13,0,0,4,3,84306,236.94192504882812,0,0,1
1767770912.7606418,16137296052353762183,0,3,8,58,1,4,2,3,2,81029,4831.4365234375,0,0,3
1767770912.7606418,16137296052353762183,0,4,7,58,12,6,2,3,2,80379,4829.19775390625,0,0,3
1767770912.7606418,16137296052353762183,0,5,12,58,8,0,2,3,2,81216,4857.998046875,0,0,3
1767770912.7606418,16137296052353762183,0,6,13,58,10,0,2,3,2,81244,4858.51025390625,0,0,3
1767770912.7606418,16137296052353762183,0,7,4,58,5,12,2,3,2,79829,4800.7900390625,0,0,3
1767770912.7606418,16137296052353762183,0,8,11,58,16,0,2,3,2,81058,4857.7373046875,0,0,3
1767770912.7606418,16137296052353762183,0,9,2,58,4,18,2,3,2,80084,4789.87158203125,0,0,3
1767770912.7606418,16137296052353762183,0,10,14,58,19,0,2,3,2,81334,4865.17431640625,0,0,3
1767770912.7606418,16137296052353762183,0,11,15,58,14,0,2,3,2,81371,4865.95361328125,0,0,3
1767770912.7606418,16137296052353762183,0,12,3,58,3,15,2,3,2,80300,4799.7841796875,0,0,3
1767770912.7606418,16137296052353762183,0,13,9,58,11,2,3,3,2,80304,4841.787109375,0,0,4
1767770912.7606418,16137296052353762183,0,14,6,58,7,8,2,3,2,80776,4828.75390625,0,0,3
1767770912.7606418,16137296052353762183,0,15,16,57,9,0,2,3,2,82328,4802.5205078125,0,0,3
1767770912.7606418,16137296052353762183,0,16,10,58,20,1,3,3,2,80828,4854.45361328125,0,0,4
1767770912.7606418,16137296052353762183,0,17,5,58,6,10,2,3,2,80548,4808.76904296875,0,0,3
1767770912.7606418,16137296052353762183,0,18,18,9,17,0,0,4,3,83068,788.0690307617188,0,0,1
1767770912.7606418,16137296052353762183,0,19,20,0,18,0,0,4,1,0,4964.653981829062,0,0,1
1767770912.7606418,16137296052353762183,0,20,0,0,0,0,0,0,0,0,0.0,0,0,0
1767770912.7606418,16137296052353762183,0,21,0,0,0,0,0,0,0,0,0.0,0,0,0
1767770917.7824945,16137296052353762183,0,0,17,33,15,0,1,4,3,82326,2862.583740234375,0,0,2
1767770917.7824945,16137296052353762183,0,1,1,58,2,25,2,3,2,79789,4784.58740234375,0,0,3
1767770917.7824945,16137296052353762183,0,2,19,2,13,0,0,4,3,84306,236.94192504882812,0,0,1
1767770917.7824945,16137296052353762183,0,3,8,58,1,4,2,3,2,81029,4831.4365234375,0,0,3
1767770917.7824945,16137296052353762183,0,4,7,58,12,6,2,3,2,80379,4829.19775390625,0,0,3
1767770917.7824945,16137296052353762183,0,5,12,58,8,0,2,3,2,81216,4857.998046875,0,0,3
1767770917.7824945,16137296052353762183,0,6,13,58,10,0,2,3,2,81244,4858.51025390625,0,0,3
1767770917.7824945,16137296052353762183,0,7,4,58,5,12,2,3,2,79829,4800.7900390625,0,0,3
1767770917.7824945,16137296052353762183,0,8,11,58,16,0,2,3,2,81058,4857.7373046875,0,0,3
1767770917.7824945,16137296052353762183,0,9,2,58,4,18,2,3,2,80084,4789.87158203125,0,0,3
1767770917.7824945,16137296052353762183,0,10,14,58,19,0,2,3,2,81334,4865.17431640625,0,0,3
1767770917.7824945,16137296052353762183,0,11,15,58,14,0,2,3,2,81371,4865.95361328125,0,0,3
1767770917.7824945,16137296052353762183,0,12,3,58,3,15,2,3,2,80300,4799.7841796875,0,0,3
1767770917.7824945,16137296052353762183,0,13,9,58,11,2,3,3,2,80304,4841.787109375,0,0,4
1767770917.7824945,16137296052353762183,0,14,6,58,7,8,2,3,2,80776,4828.75390625,0,0,3
1767770917.7824945,16137296052353762183,0,15,16,57,9,0,2,3,2,82328,4802.5205078125,0,0,3
1767770917.7824945,16137296052353762183,0,16,10,58,20,1,3,3,2,80828,4854.45361328125,0,0,4
1767770917.7824945,16137296052353762183,0,17,5,58,6,10,2,3,2,80548,4808.76904296875,0,0,3
1767770917.7824945,16137296052353762183,0,18,18,9,17,0,0,4,3,83068,788.0690307617188,0,0,1
1767770917.7824945,16137296052353762183,0,19,20,0,18,0,0,4,1,0,4964.653981829062,0,0,1
1767770917.7824945,16137296052353762183,0,20,0,0,0,0,0,0,0,0,0.0,0,0,0
1767770917.7824945,16137296052353762183,0,21,0,0,0,0,0,0,0,0,0.0,0,0,0
1767770922.8015301,16137296052353762183,0,0,17,33,15,0,1,4,3,82326,2862.583740234375,0,0,2
1767770922.8015301,16137296052353762183,0,1,1,58,2,25,2,3,2,79789,4784.58740234375,0,0,3
1767770922.8015301,16137296052353762183,0,2,19,2,13,0,0,4,3,84306,236.94192504882812,0,0,1
1767770922.8015301,16137296052353762183,0,3,8,58,1,4,2,3,2,81029,4831.4365234375,0,0,3
1767770922.8015301,16137296052353762183,0,4,7,58,12,6,2,3,2,80379,4829.19775390625,0,0,3
1767770922.8015301,16137296052353762183,0,5,12,58,8,0,2,3,2,81216,4857.998046875,0,0,3
1767770922.8015301,16137296052353762183,0,6,13,58,10,0,2,3,2,81244,4858.51025390625,0,0,3
1767770922.8015301,16137296052353762183,0,7,4,58,5,12,2,3,2,79829,4800.7900390625,0,0,3
1767770922.8015301,16137296052353762183,0,8,11,58,16,0,2,3,2,81058,4857.7373046875,0,0,3
1767770922.8015301,16137296052353762183,0,9,2,58,4,18,2,3,2,80084,4789.87158203125,0,0,3
1767770922.8015301,16137296052353762183,0,10,14,58,19,0,2,3,2,81334,4865.17431640625,0,0,3
1767770922.8015301,16137296052353762183,0,11,15,58,14,0,2,3,2,81371,4865.95361328125,0,0,3
1767770922.8015301,16137296052353762183,0,12,3,58,3,15,2,3,2,80300,4799.7841796875,0,0,3
1767770922.8015301,16137296052353762183,0,13,9,58,11,2,3,3,2,80304,4841.787109375,0,0,4
1767770922.8015301,16137296052353762183,0,14,6,58,7,8,2,3,2,80776,4828.75390625,0,0,3
1767770922.8015301,16137296052353762183,0,15,16,57,9,0,2,3,2,82328,4802.5205078125,0,0,3
1767770922.8015301,16137296052353762183,0,16,10,58,20,1,3,3,2,80828,4854.45361328125,0,0,4
1767770922.8015301,16137296052353762183,0,17,5,58,6,10,2,3,2,80548,4808.76904296875,0,0,3
1767770922.8015301,16137296052353762183,0,18,18,9,17,0,0,4,3,83068,788.0690307617188,0,0,1
1767770922.8015301,16137296052353762183,0,19,20,0,18,0,0,4,1,0,4964.653981829062,0,0,1
1767770922.8015301,16137296052353762183,0,20,0,0,0,0,0,0,0,0,0.0,0,0,0
1767770922.8015301,16137296052353762183,0,21,0,0,0,0,0,0,0,0,0.0,0,0,0
1767770927.8173947,16137296052353762183,0,0,17,33,15,0,1,4,3,82326,2862.583740234375,0,0,2
1767770927.8173947,16137296052353762183,0,1,1,58,2,25,2,3,2,79789,4784.58740234375,0,0,3
1767770927.8173947,16137296052353762183,0,2,19,2,13,0,0,4,3,84306,236.94192504882812,0,0,1
1767770927.8173947,16137296052353762183,0,3,8,58,1,4,2,3,2,81029,4831.4365234375,0,0,3
1767770927.8173947,16137296052353762183,0,4,7,58,12,6,2,3,2,80379,4829.19775390625,0,0,3
1767770927.8173947,16137296052353762183,0,5,12,58,8,0,2,3,2,81216,4857.998046875,0,0,3
1767770927.8173947,16137296052353762183,0,6,13,58,10,0,2,3,2,81244,4858.51025390625,0,0,3
1767770927.8173947,16137296052353762183,0,7,4,58,5,12,2,3,2,79829,4800.7900390625,0,0,3
1767770927.8173947,16137296052353762183,0,8,11,58,16,0,2,3,2,81058,4857.7373046875,0,0,3
1767770927.8173947,16137296052353762183,0,9,2,58,4,18,2,3,2,80084,4789.87158203125,0,0,3
1767770927.8173947,16137296052353762183,0,10,14,58,19,0,2,3,2,81334,4865.17431640625,0,0,3
1767770927.8173947,16137296052353762183,0,11,15,58,14,0,2,3,2,81371,4865.95361328125,0,0,3
1767770927.8173947,16137296052353762183,0,12,3,58,3,15,2,3,2,80300,4799.7841796875,0,0,3
1767770927.8173947,16137296052353762183,0,13,9,58,11,2,3,3,2,80304,4841.787109375,0,0,4
1767770927.8173947,16137296052353762183,0,14,6,58,7,8,2,3,2,80776,4828.75390625,0,0,3
1767770927.8173947,16137296052353762183,0,15,16,57,9,0,2,3,2,82328,4802.5205078125,0,0,3
1767770927.8173947,16137296052353762183,0,16,10,58,20,1,3,3,2,80828,4854.45361328125,0,0,4
1767770927.8173947,16137296052353762183,0,17,5,58,6,10,2,3,2,80548,4808.76904296875,0,0,3
1767770927.8173947,16137296052353762183,0,18,18,9,17,0,0,4,3,83068,788.0690307617188,0,0,1
1767770927.8173947,16137296052353762183,0,19,20,0,18,0,0,4,1,0,4964.653981829062,0,0,1
1767770927.8173947,16137296052353762183,0,20,0,0,0,0,0,0,0,0,0.0,0,0,0
1767770927.8173947,16137296052353762183,0,21,0,0,0,0,0,0,0,0,0.0,0,0,0
1767770932.8351579,16137296052353762183,0,0,17,33,15,0,1,4,3,82326,2862.583740234375,0,0,2
1767770932.8351579,16137296052353762183,0,1,1,58,2,25,2,3,2,79789,4784.58740234375,0,0,3
1767770932.8351579,16137296052353762183,0,2,19,2,13,0,0,4,3,84306,236.94192504882812,0,0,1
1767770932.8351579,16137296052353762183,0,3,8,58,1,4,2,3,2,81029,4831.4365234375,0,0,3
1767770932.8351579,16137296052353762183,0,4,7,58,12,6,2,3,2,80379,4829.19775390625,0,0,3
1767770932.8351579,16137296052353762183,0,5,12,58,8,0,2,3,2,81216,4857.998046875,0,0,3
1767770932.8351579,16137296052353762183,0,6,13,58,10,0,2,3,2,81244,4858.51025390625,0,0,3
1767770932.8351579,16137296052353762183,0,7,4,58,5,12,2,3,2,79829,4800.7900390625,0,0,3
1767770932.8351579,16137296052353762183,0,8,11,58,16,0,2,3,2,81058,4857.7373046875,0,0,3
1767770932.8351579,16137296052353762183,0,9,2,58,4,18,2,3,2,80084,4789.87158203125,0,0,3
1767770932.8351579,16137296052353762183,0,10,14,58,19,0,2,3,2,81334,4865.17431640625,0,0,3
1767770932.8351579,16137296052353762183,0,11,15,58,14,0,2,3,2,81371,4865.95361328125,0,0,3
1767770932.8351579,16137296052353762183,0,12,3,58,3,15,2,3,2,80300,4799.7841796875,0,0,3
1767770932.8351579,16137296052353762183,0,13,9,58,11,2,3,3,2,80304,4841.787109375,0,0,4
1767770932.8351579,16137296052353762183,0,14,6,58,7,8,2,3,2,80776,4828.75390625,0,0,3
1767770932.8351579,16137296052353762183,0,15,16,57,9,0,2,3,2,82328,4802.5205078125,0,0,3
1767770932.8351579,16137296052353762183,0,16,10,58,20,1,3,3,2,80828,4854.45361328125,0,0,4
1767770932.8351579,16137296052353762183,0,17,5,58,6,10,2,3,2,80548,4808.76904296875,0,0,3
1767770932.8351579,16137296052353762183,0,18,18,9,17,0,0,4,3,83068,788.0690307617188,0,0,1
1767770932.8351579,16137296052353762183,0,19,20,0,18,0,0,4,1,0,4964.653981829062,0,0,1
1767770932.8351579,16137296052353762183,0,20,0,0,0,0,0,0,0,0,0.0,0,0,0
1767770932.8351579,16137296052353762183,0,21,0,0,0,0,0,0,0,0,0.0,0,0,0
1767770937.8460317,16137296052353762183,0,0,17,33,15,0,1,4,3,82326,2862.583740234375,0,0,2
1767770937.8460317,16137296052353762183,0,1,1,58,2,25,2,3,2,79789,4784.58740234375,0,0,3
1767770937.8460317,16137296052353762183,0,2,19,2,13,0,0,4,3,84306,236.94192504882812,0,0,1
1767770937.8460317,16137296052353762183,0,3,8,58,1,4,2,3,2,81029,4831.4365234375,0,0,3
1767770937.8460317,16137296052353762183,0,4,7,58,12,6,2,3,2,80379,4829.19775390625,0,0,3
1767770937.8460317,16137296052353762183,0,5,12,58,8,0,2,3,2,81216,4857.998046875,0,0,3
1767770937.8460317,16137296052353762183,0,6,13,58,10,0,2,3,2,81244,4858.51025390625,0,0,3
1767770937.8460317,16137296052353762183,0,7,4,58,5,12,2,3,2,79829,4800.7900390625,0,0,3
1767770937.8460317,16137296052353762183,0,8,11,58,16,0,2,3,2,81058,4857.7373046875,0,0,3
1767770937.8460317,16137296052353762183,0,9,2,58,4,18,2,3,2,80084,4789.87158203125,0,0,3
1767770937.8460317,16137296052353762183,0,10,14,58,19,0,2,3,2,81334,4865.17431640625,0,0,3
1767770937.8460317,16137296052353762183,0,11,15,58,14,0,2,3,2,81371,4865.95361328125,0,0,3
1767770937.8460317,16137296052353762183,0,12,3,58,3,15,2,3,2,80300,4799.7841796875,0,0,3
1767770937.8460317,16137296052353762183,0,13,9,58,11,2,3,3,2,80304,4841.787109375,0,0,4
1767770937.8460317,16137296052353762183,0,14,6,58,7,8,2,3,2,80776,4828.75390625,0,0,3
1767770937.8460317,16137296052353762183,0,15,16,57,9,0,2,3,2,82328,4802.5205078125,0,0,3
1767770937.8460317,16137296052353762183,0,16,10,58,20,1,3,3,2,80828,4854.45361328125,0,0,4
1767770937.8460317,16137296052353762183,0,17,5,58,6,10,2,3,2,80548,4808.76904296875,0,0,3
1767770937.8460317,16137296052353762183,0,18,18,9,17,0,0,4,3,83068,788.0690307617188,0,0,1
1767770937.8460317,16137296052353762183,0,19,20,0,18,0,0,4,1,0,4964.653981829062,0,0,1
1767770937.8460317,16137296052353762183,0,20,0,0,0,0,0,0,0,0,0.0,0,0,0
1767770937.8460317,16137296052353762183,0,21,0,0,0,0,0,0,0,0,0.0,0,0,0
1767770942.8618941,16137296052353762183,0,0,17,33,15,0,1,4,3,82326,2862.583740234375,0,0,2
1767770942.8618941,16137296052353762183,0,1,1,58,2,25,2,3,2,79789,4784.58740234375,0,0,3
1767770942.8618941,16137296052353762183,0,2,19,2,13,0,0,4,3,84306,236.94192504882812,0,0,1
1767770942.8618941,16137296052353762183,0,3,8,58,1,4,2,3,2,81029,4831.4365234375,0,0,3
1767770942.8618941,16137296052353762183,0,4,7,58,12,6,2,3,2,80379,4829.19775390625,0,0,3
1767770942.8618941,16137296052353762183,0,5,12,58,8,0,2,3,2,81216,4857.998046875,0,0,3
1767770942.8618941,16137296052353762183,0,6,13,58,10,0,2,3,2,81244,4858.51025390625,0,0,3
1767770942.8618941,16137296052353762183,0,7,4,58,5,12,2,3,2,79829,4800.7900390625,0,0,3
1767770942.8618941,16137296052353762183,0,8,11,58,16,0,2,3,2,81058,4857.7373046875,0,0,3
1767770942.8618941,16137296052353762183,0,9,2,58,4,18,2,3,2,80084,4789.87158203125,0,0,3
1767770942.8618941,16137296052353762183,0,10,14,58,19,0,2,3,2,81334,4865.17431640625,0,0,3
1767770942.8618941,16137296052353762183,0,11,15,58,14,0,2,3,2,81371,4865.95361328125,0,0,3
1767770942.8618941,16137296052353762183,0,12,3,58,3,15,2,3,2,80300,4799.7841796875,0,0,3
1767770942.8618941,16137296052353762183,0,13,9,58,11,2,3,3,2,80304,4841.787109375,0,0,4
1767770942.8618941,16137296052353762183,0,14,6,58,7,8,2,3,2,80776,4828.75390625,0,0,3
1767770942.8618941,16137296052353762183,0,15,16,57,9,0,2,3,2,82328,4802.5205078125,0,0,3
1767770942.8618941,16137296052353762183,0,16,10,58,20,1,3,3,2,80828,4854.45361328125,0,0,4
1767770942.8618941,16137296052353762183,0,17,5,58,6,10,2,3,2,80548,4808.76904296875,0,0,3
1767770942.8618941,16137296052353762183,0,18,18,9,17,0,0,4,3,83068,788.0690307617188,0,0,1
1767770942.8618941,16137296052353762183,0,19,20,0,18,0,0,4,1,0,4964.653981829062,0,0,1
1767770942.8618941,16137296052353762183,0,20,0,0,0,0,0,0,0,0,0.0,0,0,0
1767770942.8618941,16137296052353762183,0,21,0,0,0,0,0,0,0,0,0.0,0,0,0
1767770947.8739235,16137296052353762183,0,0,17,33,15,0,1,4,3,82326,2862.583740234375,0,0,2
1767770947.8739235,16137296052353762183,0,1,1,58,2,25,2,3,2,79789,4784.58740234375,0,0,3
1767770947.8739235,16137296052353762183,0,2,19,2,13,0,0,4,3,84306,236.94192504882812,0,0,1
1767770947.8739235,16137296052353762183,0,3,8,58,1,4,2,3,2,81029,4831.4365234375,0,0,3
1767770947.8739235,16137296052353762183,0,4,7,58,12,6,2,3,2,80379,4829.19775390625,0,0,3
1767770947.8739235,16137296052353762183,0,5,12,58,8,0,2,3,2,81216,4857.998046875,0,0,3
1767770947.8739235,16137296052353762183,0,6,13,58,10,0,2,3,2,81244,4858.51025390625,0,0,3
1767770947.8739235,16137296052353762183,0,7,4,58,5,12,2,3,2,79829,4800.7900390625,0,0,3
1767770947.8739235,16137296052353762183,0,8,11,58,16,0,2,3,2,81058,4857.7373046875,0,0,3
1767770947.8739235,16137296052353762183,0,9,2,58,4,18,2,3,2,80084,4789.87158203125,0,0,3
1767770947.8739235,16137296052353762183,0,10,14,58,19,0,2,3,2,81334,4865.17431640625,0,0,3
1767770947.8739235,16137296052353762183,0,11,15,58,14,0,2,3,2,81371,4865.95361328125,0,0,3
1767770947.8739235,16137296052353762183,0,12,3,58,3,15,2,3,2,80300,4799.7841796875,0,0,3
1767770947.8739235,16137296052353762183,0,13,9,58,11,2,3,3,2,80304,4841.787109375,0,0,4
1767770947.8739235,16137296052353762183,0,14,6,58,7,8,2,3,2,80776,4828.75390625,0,0,3
1767770947.8739235,16137296052353762183,0,15,16,57,9,0,2,3,2,82328,4802.5205078125,0,0,3
1767770947.8739235,16137296052353762183,0,16,10,58,20,1,3,3,2,80828,4854.45361328125,0,0,4
1767770947.8739235,16137296052353762183,0,17,5,58,6,10,2,3,2,80548,4808.76904296875,0,0,3
1767770947.8739235,16137296052353762183,0,18,18,9,17,0,0,4,3,83068,788.0690307617188,0,0,1
1767770947.8739235,16137296052353762183,0,19,20,0,18,0,0,4,1,0,4964.653981829062,0,0,1
1767770947.8739235,16137296052353762183,0,20,0,0,0,0,0,0,0,0,0.0,0,0,0
1767770947.8739235,16137296052353762183,0,21,0,0,0,0,0,0,0,0,0.0,0,0,0
1767770952.8894022,16137296052353762183,0,0,17,33,15,0,1,4,3,82326,2862.583740234375,0,0,2
1767770952.8894022,16137296052353762183,0,1,1,58,2,25,2,3,2,79789,4784.58740234375,0,0,3
1767770952.8894022,16137296052353762183,0,2,19,2,13,0,0,4,3,84306,236.94192504882812,0,0,1
1767770952.8894022,16137296052353762183,0,3,8,58,1,4,2,3,2,81029,4831.4365234375,0,0,3
1767770952.8894022,16137296052353762183,0,4,7,58,12,6,2,3,2,80379,4829.19775390625,0,0,3
1767770952.8894022,16137296052353762183,0,5,12,58,8,0,2,3,2,81216,4857.998046875,0,0,3
1767770952.8894022,16137296052353762183,0,6,13,58,10,0,2,3,2,81244,4858.51025390625,0,0,3
1767770952.8894022,16137296052353762183,0,7,4,58,5,12,2,3,2,79829,4800.7900390625,0,0,3
1767770952.8894022,16137296052353762183,0,8,11,58,16,0,2,3,2,81058,4857.7373046875,0,0,3
1767770952.8894022,16137296052353762183,0,9,2,58,4,18,2,3,2,80084,4789.87158203125,0,0,3
1767770952.8894022,16137296052353762183,0,10,14,58,19,0,2,3,2,81334,4865.17431640625,0,0,3
1767770952.8894022,16137296052353762183,0,11,15,58,14,0,2,3,2,81371,4865.95361328125,0,0,3
1767770952.8894022,16137296052353762183,0,12,3,58,3,15,2,3,2,80300,4799.7841796875,0,0,3
1767770952.8894022,16137296052353762183,0,13,9,58,11,2,3,3,2,80304,4841.787109375,0,0,4
1767770952.8894022,16137296052353762183,0,14,6,58,7,8,2,3,2,80776,4828.75390625,0,0,3
1767770952.8894022,16137296052353762183,0,15,16,57,9,0,2,3,2,82328,4802.5205078125,0,0,3
1767770952.8894022,16137296052353762183,0,16,10,58,20,1,3,3,2,80828,4854.45361328125,0,0,4
1767770952.8894022,16137296052353762183,0,17,5,58,6,10,2,3,2,80548,4808.76904296875,0,0,3
1767770952.8894022,16137296052353762183,0,18,18,9,17,0,0,4,3,83068,788.0690307617188,0,0,1
1767770952.8894022,16137296052353762183,0,19,20,0,18,0,0,4,1,0,4964.653981829062,0,0,1
1767770952.8894022,16137296052353762183,0,20,0,0,0,0,0,0,0,0,0.0,0,0,0
1767770952.8894022,16137296052353762183,0,21,0,0,0,0,0,0,0,0,0.0,0,0,0
1767770957.894184,16137296052353762183,0,0,17,33,15,0,1,4,3,82326,2862.583740234375,0,0,2
1767770957.894184,16137296052353762183,0,1,1,58,2,25,2,3,2,79789,4784.58740234375,0,0,3
1767770957.894184,16137296052353762183,0,2,19,2,13,0,0,4,3,84306,236.94192504882812,0,0,1
1767770957.894184,16137296052353762183,0,3,8,58,1,4,2,3,2,81029,4831.4365234375,0,0,3
1767770957.894184,16137296052353762183,0,4,7,58,12,6,2,3,2,80379,4829.19775390625,0,0,3
1767770957.894184,16137296052353762183,0,5,12,58,8,0,2,3,2,81216,4857.998046875,0,0,3
1767770957.894184,16137296052353762183,0,6,13,58,10,0,2,3,2,81244,4858.51025390625,0,0,3
1767770957.894184,16137296052353762183,0,7,4,58,5,12,2,3,2,79829,4800.7900390625,0,0,3
1767770957.894184,16137296052353762183,0,8,11,58,16,0,2,3,2,81058,4857.7373046875,0,0,3
1767770957.894184,16137296052353762183,0,9,2,58,4,18,2,3,2,80084,4789.87158203125,0,0,3
1767770957.894184,16137296052353762183,0,10,14,58,19,0,2,3,2,81334,4865.17431640625,0,0,3
1767770957.894184,16137296052353762183,0,11,15,58,14,0,2,3,2,81371,4865.95361328125,0,0,3
1767770957.894184,16137296052353762183,0,12,3,58,3,15,2,3,2,80300,4799.7841796875,0,0,3
1767770957.894184,16137296052353762183,0,13,9,58,11,2,3,3,2,80304,4841.787109375,0,0,4
1767770957.894184,16137296052353762183,0,14,6,58,7,8,2,3,2,80776,4828.75390625,0,0,3
1767770957.894184,16137296052353762183,0,15,16,57,9,0,2,3,2,82328,4802.5205078125,0,0,3
1767770957.894184,16137296052353762183,0,16,10,58,20,1,3,3,2,80828,4854.45361328125,0,0,4
1767770957.894184,16137296052353762183,0,17,5,58,6,10,2,3,2,80548,4808.76904296875,0,0,3
1767770957.894184,16137296052353762183,0,18,18,9,17,0,0,4,3,83068,788.0690307617188,0,0,1
1767770957.894184,16137296052353762183,0,19,20,0,18,0,0,4,1,0,4964.653981829062,0,0,1
1767770957.894184,16137296052353762183,0,20,0,0,0,0,0,0,0,0,0.0,0,0,0
1767770957.894184,16137296052353762183,0,21,0,0,0,0,0,0,0,0,0.0,0,0,0
1767770962.9013991,16137296052353762183,0,0,17,33,15,0,1,4,3,82326,2862.583740234375,0,0,2
1767770962.9013991,16137296052353762183,0,1,1,58,2,25,2,3,2,79789,4784.58740234375,0,0,3
1767770962.9013991,16137296052353762183,0,2,19,2,13,0,0,4,3,84306,236.94192504882812,0,0,1
1767770962.9013991,16137296052353762183,0,3,8,58,1,4,2,3,2,81029,4831.4365234375,0,0,3
1767770962.9013991,16137296052353762183,0,4,7,58,12,6,2,3,2,80379,4829.19775390625,0,0,3
1767770962.9013991,16137296052353762183,0,5,12,58,8,0,2,3,2,81216,4857.998046875,0,0,3
1767770962.9013991,16137296052353762183,0,6,13,58,10,0,2,3,2,81244,4858.51025390625,0,0,3
1767770962.9013991,16137296052353762183,0,7,4,58,5,12,2,3,2,79829,4800.7900390625,0,0,3
1767770962.9013991,16137296052353762183,0,8,11,58,16,0,2,3,2,81058,4857.7373046875,0,0,3
1767770962.9013991,16137296052353762183,0,9,2,58,4,18,2,3,2,80084,4789.87158203125,0,0,3
1767770962.9013991,16137296052353762183,0,10,14,58,19,0,2,3,2,81334,4865.17431640625,0,0,3
1767770962.9013991,16137296052353762183,0,11,15,58,14,0,2,3,2,81371,4865.95361328125,0,0,3
1767770962.9013991,16137296052353762183,0,12,3,58,3,15,2,3,2,80300,4799.7841796875,0,0,3
1767770962.9013991,16137296052353762183,0,13,9,58,11,2,3,3,2,80304,4841.787109375,0,0,4
1767770962.9013991,16137296052353762183,0,14,6,58,7,8,2,3,2,80776,4828.75390625,0,0,3
1767770962.9013991,16137296052353762183,0,15,16,57,9,0,2,3,2,82328,4802.5205078125,0,0,3
1767770962.9013991,16137296052353762183,0,16,10,58,20,1,3,3,2,80828,4854.45361328125,0,0,4
1767770962.9013991,16137296052353762183,0,17,5,58,6,10,2,3,2,80548,4808.76904296875,0,0,3
1767770962.9013991,16137296052353762183,0,18,18,9,17,0,0,4,3,83068,788.0690307617188,0,0,1
1767770962.9013991,16137296052353762183,0,19,20,0,18,0,0,4,1,0,4964.653981829062,0,0,1
1767770962.9013991,16137296052353762183,0,20,0,0,0,0,0,0,0,0,0.0,0,0,0
1767770962.9013991,16137296052353762183,0,21,0,0,0,0,0,0,0,0,0.0,0,0,0
1767770967.9165561,16137296052353762183,0,0,17,33,15,0,1,4,3,82326,2862.583740234375,0,0,2
1767770967.9165561,16137296052353762183,0,1,1,58,2,25,2,3,2,79789,4784.58740234375,0,0,3
1767770967.9165561,16137296052353762183,0,2,19,2,13,0,0,4,3,84306,236.94192504882812,0,0,1
1767770967.9165561,16137296052353762183,0,3,8,58,1,4,2,3,2,81029,4831.4365234375,0,0,3
1767770967.9165561,16137296052353762183,0,4,7,58,12,6,2,3,2,80379,4829.19775390625,0,0,3
1767770967.9165561,16137296052353762183,0,5,12,58,8,0,2,3,2,81216,4857.998046875,0,0,3
1767770967.9165561,16137296052353762183,0,6,13,58,10,0,2,3,2,81244,4858.51025390625,0,0,3
1767770967.9165561,16137296052353762183,0,7,4,58,5,12,2,3,2,79829,4800.7900390625,0,0,3
1767770967.9165561,16137296052353762183,0,8,11,58,16,0,2,3,2,81058,4857.7373046875,0,0,3
1767770967.9165561,16137296052353762183,0,9,2,58,4,18,2,3,2,80084,4789.87158203125,0,0,3
1767770967.9165561,16137296052353762183,0,10,14,58,19,0,2,3,2,81334,4865.17431640625,0,0,3
1767770967.9165561,16137296052353762183,0,11,15,58,14,0,2,3,2,81371,4865.95361328125,0,0,3
1767770967.9165561,16137296052353762183,0,12,3,58,3,15,2,3,2,80300,4799.7841796875,0,0,3
1767770967.9165561,16137296052353762183,0,13,9,58,11,2,3,3,2,80304,4841.787109375,0,0,4
1767770967.9165561,16137296052353762183,0,14,6,58,7,8,2,3,2,80776,4828.75390625,0,0,3
1767770967.9165561,16137296052353762183,0,15,16,57,9,0,2,3,2,82328,4802.5205078125,0,0,3
1767770967.9165561,16137296052353762183,0,16,10,58,20,1,3,3,2,80828,4854.45361328125,0,0,4
1767770967.9165561,16137296052353762183,0,17,5,58,6,10,2,3,2,80548,4808.76904296875,0,0,3
1767770967.9165561,16137296052353762183,0,18,18,9,17,0,0,4,3,83068,788.0690307617188,0,0,1
1767770967.9165561,16137296052353762183,0,19,20,0,18,0,0,4,1,0,4964.653981829062,0,0,1
1767770967.9165561,16137296052353762183,0,20,0,0,0,0,0,0,0,0,0.0,0,0,0
1767770967.9165561,16137296052353762183,0,21,0,0,0,0,0,0,0,0,0.0,0,0,0
1767770972.9280193,16137296052353762183,0,0,17,33,15,0,1,4,3,82326,2862.583740234375,0,0,2
1767770972.9280193,16137296052353762183,0,1,1,58,2,25,2,3,2,79789,4784.58740234375,0,0,3
1767770972.9280193,16137296052353762183,0,2,19,2,13,0,0,4,3,84306,236.94192504882812,0,0,1
1767770972.9280193,16137296052353762183,0,3,8,58,1,4,2,3,2,81029,4831.4365234375,0,0,3
1767770972.9280193,16137296052353762183,0,4,7,58,12,6,2,3,2,80379,4829.19775390625,0,0,3
1767770972.9280193,16137296052353762183,0,5,12,58,8,0,2,3,2,81216,4857.998046875,0,0,3
1767770972.9280193,16137296052353762183,0,6,13,58,10,0,2,3,2,81244,4858.51025390625,0,0,3
1767770972.9280193,16137296052353762183,0,7,4,58,5,12,2,3,2,79829,4800.7900390625,0,0,3
1767770972.9280193,16137296052353762183,0,8,11,58,16,0,2,3,2,81058,4857.7373046875,0,0,3
1767770972.9280193,16137296052353762183,0,9,2,58,4,18,2,3,2,80084,4789.87158203125,0,0,3
1767770972.9280193,16137296052353762183,0,10,14,58,19,0,2,3,2,81334,4865.17431640625,0,0,3
1767770972.9280193,16137296052353762183,0,11,15,58,14,0,2,3,2,81371,4865.95361328125,0,0,3
1767770972.9280193,16137296052353762183,0,12,3,58,3,15,2,3,2,80300,4799.7841796875,0,0,3
1767770972.9280193,16137296052353762183,0,13,9,58,11,2,3,3,2,80304,4841.787109375,0,0,4
1767770972.9280193,16137296052353762183,0,14,6,58,7,8,2,3,2,80776,4828.75390625,0,0,3
1767770972.9280193,16137296052353762183,0,15,16,57,9,0,2,3,2,82328,4802.5205078125,0,0,3
1767770972.9280193,16137296052353762183,0,16,10,58,20,1,3,3,2,80828,4854.45361328125,0,0,4
1767770972.9280193,16137296052353762183,0,17,5,58,6,10,2,3,2,80548,4808.76904296875,0,0,3
1767770972.9280193,16137296052353762183,0,18,18,9,17,0,0,4,3,83068,788.0690307617188,0,0,1
1767770972.9280193,16137296052353762183,0,19,20,0,18,0,0,4,1,0,4964.653981829062,0,0,1
1767770972.9280193,16137296052353762183,0,20,0,0,0,0,0,0,0,0,0.0,0,0,0
1767770972.9280193,16137296052353762183,0,21,0,0,0,0,0,0,0,0,0.0,0,0,0
1767770977.9424543,16137296052353762183,0,0,17,33,15,0,1,4,3,82326,2862.583740234375,0,0,2
1767770977.9424543,16137296052353762183,0,1,1,58,2,25,2,3,2,79789,4784.58740234375,0,0,3
1767770977.9424543,16137296052353762183,0,2,19,2,13,0,0,4,3,84306,236.94192504882812,0,0,1
1767770977.9424543,16137296052353762183,0,3,8,58,1,4,2,3,2,81029,4831.4365234375,0,0,3
1767770977.9424543,16137296052353762183,0,4,7,58,12,6,2,3,2,80379,4829.19775390625,0,0,3
1767770977.9424543,16137296052353762183,0,5,12,58,8,0,2,3,2,81216,4857.998046875,0,0,3
1767770977.9424543,16137296052353762183,0,6,13,58,10,0,2,3,2,81244,4858.51025390625,0,0,3
1767770977.9424543,16137296052353762183,0,7,4,58,5,12,2,3,2,79829,4800.7900390625,0,0,3
1767770977.9424543,16137296052353762183,0,8,11,58,16,0,2,3,2,81058,4857.7373046875,0,0,3
1767770977.9424543,16137296052353762183,0,9,2,58,4,18,2,3,2,80084,4789.87158203125,0,0,3
1767770977.9424543,16137296052353762183,0,10,14,58,19,0,2,3,2,81334,4865.17431640625,0,0,3
1767770977.9424543,16137296052353762183,0,11,15,58,14,0,2,3,2,81371,4865.95361328125,0,0,3
1767770977.9424543,16137296052353762183,0,12,3,58,3,15,2,3,2,80300,4799.7841796875,0,0,3
1767770977.9424543,16137296052353762183,0,13,9,58,11,2,3,3,2,80304,4841.787109375,0,0,4
1767770977.9424543,16137296052353762183,0,14,6,58,7,8,2,3,2,80776,4828.75390625,0,0,3
1767770977.9424543,16137296052353762183,0,15,16,57,9,0,2,3,2,82328,4802.5205078125,0,0,3
1767770977.9424543,16137296052353762183,0,16,10,58,20,1,3,3,2,80828,4854.45361328125,0,0,4
1767770977.9424543,16137296052353762183,0,17,5,58,6,10,2,3,2,80548,4808.76904296875,0,0,3
1767770977.9424543,16137296052353762183,0,18,18,9,17,0,0,4,3,83068,788.0690307617188,0,0,1
1767770977.9424543,16137296052353762183,0,19,20,0,18,0,0,4,1,0,4964.653981829062,0,0,1
1767770977.9424543,16137296052353762183,0,20,0,0,0,0,0,0,0,0,0.0,0,0,0
1767770977.9424543,16137296052353762183,0,21,0,0,0,0,0,0,0,0,0.0,0,0,0
1767770982.9490523,16137296052353762183,0,0,17,33,15,0,1,4,3,82326,2862.583740234375,0,0,2
1767770982.9490523,16137296052353762183,0,1,1,58,2,25,2,3,2,79789,4784.58740234375,0,0,3
1767770982.9490523,16137296052353762183,0,2,19,2,13,0,0,4,3,84306,236.94192504882812,0,0,1
1767770982.9490523,16137296052353762183,0,3,8,58,1,4,2,3,2,81029,4831.4365234375,0,0,3
1767770982.9490523,16137296052353762183,0,4,7,58,12,6,2,3,2,80379,4829.19775390625,0,0,3
1767770982.9490523,16137296052353762183,0,5,12,58,8,0,2,3,2,81216,4857.998046875,0,0,3
1767770982.9490523,16137296052353762183,0,6,13,58,10,0,2,3,2,81244,4858.51025390625,0,0,3
1767770982.9490523,16137296052353762183,0,7,4,58,5,12,2,3,2,79829,4800.7900390625,0,0,3
1767770982.9490523,16137296052353762183,0,8,11,58,16,0,2,3,2,81058,4857.7373046875,0,0,3
1767770982.9490523,16137296052353762183,0,9,2,58,4,18,2,3,2,80084,4789.87158203125,0,0,3
1767770982.9490523,16137296052353762183,0,10,14,58,19,0,2,3,2,81334,4865.17431640625,0,0,3
1767770982.9490523,16137296052353762183,0,11,15,58,14,0,2,3,2,81371,4865.95361328125,0,0,3
1767770982.9490523,16137296052353762183,0,12,3,58,3,15,2,3,2,80300,4799.7841796875,0,0,3
1767770982.9490523,16137296052353762183,0,13,9,58,11,2,3,3,2,80304,4841.787109375,0,0,4
1767770982.9490523,16137296052353762183,0,14,6,58,7,8,2,3,2,80776,4828.75390625,0,0,3
1767770982.9490523,16137296052353762183,0,15,16,57,9,0,2,3,2,82328,4802.5205078125,0,0,3
1767770982.9490523,16137296052353762183,0,16,10,58,20,1,3,3,2,80828,4854.45361328125,0,0,4
1767770982.9490523,16137296052353762183,0,17,5,58,6,10,2,3,2,80548,4808.76904296875,0,0,3
1767770982.9490523,16137296052353762183,0,18,18,9,17,0,0,4,3,83068,788.0690307617188,0,0,1
1767770982.9490523,16137296052353762183,0,19,20,0,18,0,0,4,1,0,4964.653981829062,0,0,1
1767770982.9490523,16137296052353762183,0,20,0,0,0,0,0,0,0,0,0.0,0,0,0
1767770982.9490523,16137296052353762183,0,21,0,0,0,0,0,0,0,0,0.0,0,0,0
1767770987.9531822,16137296052353762183,0,0,17,33,15,0,1,4,3,82326,2862.583740234375,0,0,2
1767770987.9531822,16137296052353762183,0,1,1,58,2,25,2,3,2,79789,4784.58740234375,0,0,3
1767770987.9531822,16137296052353762183,0,2,19,2,13,0,0,4,3,84306,236.94192504882812,0,0,1
1767770987.9531822,16137296052353762183,0,3,8,58,1,4,2,3,2,81029,4831.4365234375,0,0,3
1767770987.9531822,16137296052353762183,0,4,7,58,12,6,2,3,2,80379,4829.19775390625,0,0,3
1767770987.9531822,16137296052353762183,0,5,12,58,8,0,2,3,2,81216,4857.998046875,0,0,3
1767770987.9531822,16137296052353762183,0,6,13,58,10,0,2,3,2,81244,4858.51025390625,0,0,3
1767770987.9531822,16137296052353762183,0,7,4,58,5,12,2,3,2,79829,4800.7900390625,0,0,3
1767770987.9531822,16137296052353762183,0,8,11,58,16,0,2,3,2,81058,4857.7373046875,0,0,3
1767770987.9531822,16137296052353762183,0,9,2,58,4,18,2,3,2,80084,4789.87158203125,0,0,3
1767770987.9531822,16137296052353762183,0,10,14,58,19,0,2,3,2,81334,4865.17431640625,0,0,3
1767770987.9531822,16137296052353762183,0,11,15,58,14,0,2,3,2,81371,4865.95361328125,0,0,3
1767770987.9531822,16137296052353762183,0,12,3,58,3,15,2,3,2,80300,4799.7841796875,0,0,3
1767770987.9531822,16137296052353762183,0,13,9,58,11,2,3,3,2,80304,4841.787109375,0,0,4
1767770987.9531822,16137296052353762183,0,14,6,58,7,8,2,3,2,80776,4828.75390625,0,0,3
1767770987.9531822,16137296052353762183,0,15,16,57,9,0,2,3,2,82328,4802.5205078125,0,0,3
1767770987.9531822,16137296052353762183,0,16,10,58,20,1,3,3,2,80828,4854.45361328125,0,0,4
1767770987.9531822,16137296052353762183,0,17,5,58,6,10,2,3,2,80548,4808.76904296875,0,0,3
1767770987.9531822,16137296052353762183,0,18,18,9,17,0,0,4,3,83068,788.0690307617188,0,0,1
1767770987.9531822,16137296052353762183,0,19,20,0,18,0,0,4,1,0,4964.653981829062,0,0,1
1767770987.9531822,16137296052353762183,0,20,0,0,0,0,0,0,0,0,0.0,0,0,0
1767770987.9531822,16137296052353762183,0,21,0,0,0,0,0,0,0,0,0.0,0,0,0
1767770992.970943,16137296052353762183,0,0,17,33,15,0,1,4,3,82326,2862.583740234375,0,0,2
1767770992.970943,16137296052353762183,0,1,1,58,2,25,2,3,2,79789,4784.58740234375,0,0,3
1767770992.970943,16137296052353762183,0,2,19,2,13,0,0,4,3,84306,236.94192504882812,0,0,1
1767770992.970943,16137296052353762183,0,3,8,58,1,4,2,3,2,81029,4831.4365234375,0,0,3
1767770992.970943,16137296052353762183,0,4,7,58,12,6,2,3,2,80379,4829.19775390625,0,0,3
1767770992.970943,16137296052353762183,0,5,12,58,8,0,2,3,2,81216,4857.998046875,0,0,3
1767770992.970943,16137296052353762183,0,6,13,58,10,0,2,3,2,81244,4858.51025390625,0,0,3
1767770992.970943,16137296052353762183,0,7,4,58,5,12,2,3,2,79829,4800.7900390625,0,0,3
1767770992.970943,16137296052353762183,0,8,11,58,16,0,2,3,2,81058,4857.7373046875,0,0,3
1767770992.970943,16137296052353762183,0,9,2,58,4,18,2,3,2,80084,4789.87158203125,0,0,3
1767770992.970943,16137296052353762183,0,10,14,58,19,0,2,3,2,81334,4865.17431640625,0,0,3
1767770992.970943,16137296052353762183,0,11,15,58,14,0,2,3,2,81371,4865.95361328125,0,0,3
1767770992.970943,16137296052353762183,0,12,3,58,3,15,2,3,2,80300,4799.7841796875,0,0,3
1767770992.970943,16137296052353762183,0,13,9,58,11,2,3,3,2,80304,4841.787109375,0,0,4
1767770992.970943,16137296052353762183,0,14,6,58,7,8,2,3,2,80776,4828.75390625,0,0,3
1767770992.970943,16137296052353762183,0,15,16,57,9,0,2,3,2,82328,4802.5205078125,0,0,3
1767770992.970943,16137296052353762183,0,16,10,58,20,1,3,3,2,80828,4854.45361328125,0,0,4
1767770992.970943,16137296052353762183,0,17,5,58,6,10,2,3,2,80548,4808.76904296875,0,0,3
1767770992.970943,16137296052353762183,0,18,18,9,17,0,0,4,3,83068,788.0690307617188,0,0,1
1767770992.970943,16137296052353762183,0,19,20,0,18,0,0,4,1,0,4964.653981829062,0,0,1
1767770992.970943,16137296052353762183,0,20,0,0,0,0,0,0,0,0,0.0,0,0,0
1767770992.970943,16137296052353762183,0,21,0,0,0,0,0,0,0,0,0.0,0,0,0
1767770997.9728563,16137296052353762183,0,0,17,33,15,0,1,4,3,82326,2862.583740234375,0,0,2
1767770997.9728563,16137296052353762183,0,1,1,58,2,25,2,3,2,79789,4784.58740234375,0,0,3
1767770997.9728563,16137296052353762183,0,2,19,2,13,0,0,4,3,84306,236.94192504882812,0,0,1
1767770997.9728563,16137296052353762183,0,3,8,58,1,4,2,3,2,81029,4831.4365234375,0,0,3
1767770997.9728563,16137296052353762183,0,4,7,58,12,6,2,3,2,80379,4829.19775390625,0,0,3
1767770997.9728563,16137296052353762183,0,5,12,58,8,0,2,3,2,81216,4857.998046875,0,0,3
1767770997.9728563,16137296052353762183,0,6,13,58,10,0,2,3,2,81244,4858.51025390625,0,0,3
1767770997.9728563,16137296052353762183,0,7,4,58,5,12,2,3,2,79829,4800.7900390625,0,0,3
1767770997.9728563,16137296052353762183,0,8,11,58,16,0,2,3,2,81058,4857.7373046875,0,0,3
1767770997.9728563,16137296052353762183,0,9,2,58,4,18,2,3,2,80084,4789.87158203125,0,0,3
1767770997.9728563,16137296052353762183,0,10,14,58,19,0,2,3,2,81334,4865.17431640625,0,0,3
1767770997.9728563,16137296052353762183,0,11,15,58,14,0,2,3,2,81371,4865.95361328125,0,0,3
1767770997.9728563,16137296052353762183,0,12,3,58,3,15,2,3,2,80300,4799.7841796875,0,0,3
1767770997.9728563,16137296052353762183,0,13,9,58,11,2,3,3,2,80304,4841.787109375,0,0,4
1767770997.9728563,16137296052353762183,0,14,6,58,7,8,2,3,2,80776,4828.75390625,0,0,3
1767770997.9728563,16137296052353762183,0,15,16,57,9,0,2,3,2,82328,4802.5205078125,0,0,3
1767770997.9728563,16137296052353762183,0,16,10,58,20,1,3,3,2,80828,4854.45361328125,0,0,4
1767770997.9728563,16137296052353762183,0,17,5,58,6,10,2,3,2,80548,4808.76904296875,0,0,3
1767770997.9728563,16137296052353762183,0,18,18,9,17,0,0,4,3,83068,788.0690307617188,0,0,1
1767770997.9728563,16137296052353762183,0,19,20,0,18,0,0,4,1,0,4964.653981829062,0,0,1
1767770997.9728563,16137296052353762183,0,20,0,0,0,0,0,0,0,0,0.0,0,0,0
1767770997.9728563,16137296052353762183,0,21,0,0,0,0,0,0,0,0,0.0,0,0,0
1767771002.9891806,16137296052353762183,0,0,17,33,15,0,1,4,3,82326,2862.583740234375,0,0,2
1767771002.9891806,16137296052353762183,0,1,1,58,2,25,2,3,2,79789,4784.58740234375,0,0,3
1767771002.9891806,16137296052353762183,0,2,19,2,13,0,0,4,3,84306,236.94192504882812,0,0,1
1767771002.9891806,16137296052353762183,0,3,8,58,1,4,2,3,2,81029,4831.4365234375,0,0,3
1767771002.9891806,16137296052353762183,0,4,7,58,12,6,2,3,2,80379,4829.19775390625,0,0,3
1767771002.9891806,16137296052353762183,0,5,12,58,8,0,2,3,2,81216,4857.998046875,0,0,3
1767771002.9891806,16137296052353762183,0,6,13,58,10,0,2,3,2,81244,4858.51025390625,0,0,3
1767771002.9891806,16137296052353762183,0,7,4,58,5,12,2,3,2,79829,4800.7900390625,0,0,3
1767771002.9891806,16137296052353762183,0,8,11,58,16,0,2,3,2,81058,4857.7373046875,0,0,3
1767771002.9891806,16137296052353762183,0,9,2,58,4,18,2,3,2,80084,4789.87158203125,0,0,3
1767771002.9891806,16137296052353762183,0,10,14,58,19,0,2,3,2,81334,4865.17431640625,0,0,3
1767771002.9891806,16137296052353762183,0,11,15,58,14,0,2,3,2,81371,4865.95361328125,0,0,3
1767771002.9891806,16137296052353762183,0,12,3,58,3,15,2,3,2,80300,4799.7841796875,0,0,3
1767771002.9891806,16137296052353762183,0,13,9,58,11,2,3,3,2,80304,4841.787109375,0,0,4
1767771002.9891806,16137296052353762183,0,14,6,58,7,8,2,3,2,80776,4828.75390625,0,0,3
1767771002.9891806,16137296052353762183,0,15,16,57,9,0,2,3,2,82328,4802.5205078125,0,0,3
1767771002.9891806,16137296052353762183,0,16,10,58,20,1,3,3,2,80828,4854.45361328125,0,0,4
1767771002.9891806,16137296052353762183,0,17,5,58,6,10,2,3,2,80548,4808.76904296875,0,0,3
1767771002.9891806,16137296052353762183,0,18,18,9,17,0,0,4,3,83068,788.0690307617188,0,0,1
1767771002.9891806,16137296052353762183,0,19,20,0,18,0,0,4,1,0,4964.653981829062,0,0,1
1767771002.9891806,16137296052353762183,0,20,0,0,0,0,0,0,0,0,0.0,0,0,0
1767771002.9891806,16137296052353762183,0,21,0,0,0,0,0,0,0,0,0.0,0,0,0
1767771007.9912906,16137296052353762183,0,0,17,33,15,0,1,4,3,82326,2862.583740234375,0,0,2
1767771007.9912906,16137296052353762183,0,1,1,58,2,25,2,3,2,79789,4784.58740234375,0,0,3
1767771007.9912906,16137296052353762183,0,2,19,2,13,0,0,4,3,84306,236.94192504882812,0,0,1
1767771007.9912906,16137296052353762183,0,3,8,58,1,4,2,3,2,81029,4831.4365234375,0,0,3
1767771007.9912906,16137296052353762183,0,4,7,58,12,6,2,3,2,80379,4829.19775390625,0,0,3
1767771007.9912906,16137296052353762183,0,5,12,58,8,0,2,3,2,81216,4857.998046875,0,0,3
1767771007.9912906,16137296052353762183,0,6,13,58,10,0,2,3,2,81244,4858.51025390625,0,0,3
1767771007.9912906,16137296052353762183,0,7,4,58,5,12,2,3,2,79829,4800.7900390625,0,0,3
1767771007.9912906,16137296052353762183,0,8,11,58,16,0,2,3,2,81058,4857.7373046875,0,0,3
1767771007.9912906,16137296052353762183,0,9,2,58,4,18,2,3,2,80084,4789.87158203125,0,0,3
1767771007.9912906,16137296052353762183,0,10,14,58,19,0,2,3,2,81334,4865.17431640625,0,0,3
1767771007.9912906,16137296052353762183,0,11,15,58,14,0,2,3,2,81371,4865.95361328125,0,0,3
1767771007.9912906,16137296052353762183,0,12,3,58,3,15,2,3,2,80300,4799.7841796875,0,0,3
1767771007.9912906,16137296052353762183,0,13,9,58,11,2,3,3,2,80304,4841.787109375,0,0,4
1767771007.9912906,16137296052353762183,0,14,6,58,7,8,2,3,2,80776,4828.75390625,0,0,3
1767771007.9912906,16137296052353762183,0,15,16,57,9,0,2,3,2,82328,4802.5205078125,0,0,3
1767771007.9912906,16137296052353762183,0,16,10,58,20,1,3,3,2,80828,4854.45361328125,0,0,4
1767771007.9912906,16137296052353762183,0,17,5,58,6,10,2,3,2,80548,4808.76904296875,0,0,3
1767771007.9912906,16137296052353762183,0,18,18,9,17,0,0,4,3,83068,788.0690307617188,0,0,1
1767771007.9912906,16137296052353762183,0,19,20,0,18,0,0,4,1,0,4964.653981829062,0,0,1
1767771007.9912906,16137296052353762183,0,20,0,0,0,0,0,0,0,0,0.0,0,0,0
1767771007.9912906,16137296052353762183,0,21,0,0,0,0,0,0,0,0,0.0,0,0,0
1767771013.0133612,16137296052353762183,0,0,17,33,15,0,1,4,3,82326,2862.583740234375,0,0,2
1767771013.0133612,16137296052353762183,0,1,1,58,2,25,2,3,2,79789,4784.58740234375,0,0,3
1767771013.0133612,16137296052353762183,0,2,19,2,13,0,0,4,3,84306,236.94192504882812,0,0,1
1767771013.0133612,16137296052353762183,0,3,8,58,1,4,2,3,2,81029,4831.4365234375,0,0,3
1767771013.0133612,16137296052353762183,0,4,7,58,12,6,2,3,2,80379,4829.19775390625,0,0,3
1767771013.0133612,16137296052353762183,0,5,12,58,8,0,2,3,2,81216,4857.998046875,0,0,3
1767771013.0133612,16137296052353762183,0,6,13,58,10,0,2,3,2,81244,4858.51025390625,0,0,3
1767771013.0133612,16137296052353762183,0,7,4,58,5,12,2,3,2,79829,4800.7900390625,0,0,3
1767771013.0133612,16137296052353762183,0,8,11,58,16,0,2,3,2,81058,4857.7373046875,0,0,3
1767771013.0133612,16137296052353762183,0,9,2,58,4,18,2,3,2,80084,4789.87158203125,0,0,3
1767771013.0133612,16137296052353762183,0,10,14,58,19,0,2,3,2,81334,4865.17431640625,0,0,3
1767771013.0133612,16137296052353762183,0,11,15,58,14,0,2,3,2,81371,4865.95361328125,0,0,3
1767771013.0133612,16137296052353762183,0,12,3,58,3,15,2,3,2,80300,4799.7841796875,0,0,3
1767771013.0133612,16137296052353762183,0,13,9,58,11,2,3,3,2,80304,4841.787109375,0,0,4
1767771013.0133612,16137296052353762183,0,14,6,58,7,8,2,3,2,80776,4828.75390625,0,0,3
1767771013.0133612,16137296052353762183,0,15,16,57,9,0,2,3,2,82328,4802.5205078125,0,0,3
1767771013.0133612,16137296052353762183,0,16,10,58,20,1,3,3,2,80828,4854.45361328125,0,0,4
1767771013.0133612,16137296052353762183,0,17,5,58,6,10,2,3,2,80548,4808.76904296875,0,0,3
1767771013.0133612,16137296052353762183,0,18,18,9,17,0,0,4,3,83068,788.0690307617188,0,0,1
1767771013.0133612,16137296052353762183,0,19,20,0,18,0,0,4,1,0,4964.653981829062,0,0,1
1767771013.0133612,16137296052353762183,0,20,0,0,0,0,0,0,0,0,0.0,0,0,0
1767771013.0133612,16137296052353762183,0,21,0,0,0,0,0,0,0,0,0.0,0,0,0
1767771018.0352633,16137296052353762183,0,0,17,33,15,0,1,4,3,82326,2862.583740234375,0,0,2
1767771018.0352633,16137296052353762183,0,1,1,58,2,25,2,3,2,79789,4784.58740234375,0,0,3
1767771018.0352633,16137296052353762183,0,2,19,2,13,0,0,4,3,84306,236.94192504882812,0,0,1
1767771018.0352633,16137296052353762183,0,3,8,58,1,4,2,3,2,81029,4831.4365234375,0,0,3
1767771018.0352633,16137296052353762183,0,4,7,58,12,6,2,3,2,80379,4829.19775390625,0,0,3
1767771018.0352633,16137296052353762183,0,5,12,58,8,0,2,3,2,81216,4857.998046875,0,0,3
1767771018.0352633,16137296052353762183,0,6,13,58,10,0,2,3,2,81244,4858.51025390625,0,0,3
1767771018.0352633,16137296052353762183,0,7,4,58,5,12,2,3,2,79829,4800.7900390625,0,0,3
1767771018.0352633,16137296052353762183,0,8,11,58,16,0,2,3,2,81058,4857.7373046875,0,0,3
1767771018.0352633,16137296052353762183,0,9,2,58,4,18,2,3,2,80084,4789.87158203125,0,0,3
1767771018.0352633,16137296052353762183,0,10,14,58,19,0,2,3,2,81334,4865.17431640625,0,0,3
1767771018.0352633,16137296052353762183,0,11,15,58,14,0,2,3,2,81371,4865.95361328125,0,0,3
1767771018.0352633,16137296052353762183,0,12,3,58,3,15,2,3,2,80300,4799.7841796875,0,0,3
1767771018.0352633,16137296052353762183,0,13,9,58,11,2,3,3,2,80304,4841.787109375,0,0,4
1767771018.0352633,16137296052353762183,0,14,6,58,7,8,2,3,2,80776,4828.75390625,0,0,3
1767771018.0352633,16137296052353762183,0,15,16,57,9,0,2,3,2,82328,4802.5205078125,0,0,3
1767771018.0352633,16137296052353762183,0,16,10,58,20,1,3,3,2,80828,4854.45361328125,0,0,4
1767771018.0352633,16137296052353762183,0,17,5,58,6,10,2,3,2,80548,4808.76904296875,0,0,3
1767771018.0352633,16137296052353762183,0,18,18,9,17,0,0,4,3,83068,788.0690307617188,0,0,1
1767771018.0352633,16137296052353762183,0,19,20,0,18,0,0,4,1,0,4964.653981829062,0,0,1
1767771018.0352633,16137296052353762183,0,20,0,0,0,0,0,0,0,0,0.0,0,0,0
1767771018.0352633,16137296052353762183,0,21,0,0,0,0,0,0,0,0,0.0,0,0,0
1767771023.0540967,16137296052353762183,0,0,17,33,15,0,1,4,3,82326,2862.583740234375,0,0,2
1767771023.0540967,16137296052353762183,0,1,1,58,2,25,2,3,2,79789,4784.58740234375,0,0,3
1767771023.0540967,16137296052353762183,0,2,19,2,13,0,0,4,3,84306,236.94192504882812,0,0,1
1767771023.0540967,16137296052353762183,0,3,8,58,1,4,2,3,2,81029,4831.4365234375,0,0,3
1767771023.0540967,16137296052353762183,0,4,7,58,12,6,2,3,2,80379,4829.19775390625,0,0,3
1767771023.0540967,16137296052353762183,0,5,12,58,8,0,2,3,2,81216,4857.998046875,0,0,3
1767771023.0540967,16137296052353762183,0,6,13,58,10,0,2,3,2,81244,4858.51025390625,0,0,3
1767771023.0540967,16137296052353762183,0,7,4,58,5,12,2,3,2,79829,4800.7900390625,0,0,3
1767771023.0540967,16137296052353762183,0,8,11,58,16,0,2,3,2,81058,4857.7373046875,0,0,3
1767771023.0540967,16137296052353762183,0,9,2,58,4,18,2,3,2,80084,4789.87158203125,0,0,3
1767771023.0540967,16137296052353762183,0,10,14,58,19,0,2,3,2,81334,4865.17431640625,0,0,3
1767771023.0540967,16137296052353762183,0,11,15,58,14,0,2,3,2,81371,4865.95361328125,0,0,3
1767771023.0540967,16137296052353762183,0,12,3,58,3,15,2,3,2,80300,4799.7841796875,0,0,3
1767771023.0540967,16137296052353762183,0,13,9,58,11,2,3,3,2,80304,4841.787109375,0,0,4
1767771023.0540967,16137296052353762183,0,14,6,58,7,8,2,3,2,80776,4828.75390625,0,0,3
1767771023.0540967,16137296052353762183,0,15,16,57,9,0,2,3,2,82328,4802.5205078125,0,0,3
1767771023.0540967,16137296052353762183,0,16,10,58,20,1,3,3,2,80828,4854.45361328125,0,0,4
1767771023.0540967,16137296052353762183,0,17,5,58,6,10,2,3,2,80548,4808.76904296875,0,0,3
1767771023.0540967,16137296052353762183,0,18,18,9,17,0,0,4,3,83068,788.0690307617188,0,0,1
1767771023.0540967,16137296052353762183,0,19,20,0,18,0,0,4,1,0,4964.653981829062,0,0,1
1767771023.0540967,16137296052353762183,0,20,0,0,0,0,0,0,0,0,0.0,0,0,0
1767771023.0540967,16137296052353762183,0,21,0,0,0,0,0,0,0,0,0.0,0,0,0
1767771028.0647972,16137296052353762183,0,0,17,33,15,0,1,4,3,82326,2862.583740234375,0,0,2
1767771028.0647972,16137296052353762183,0,1,1,58,2,25,2,3,2,79789,4784.58740234375,0,0,3
1767771028.0647972,16137296052353762183,0,2,19,2,13,0,0,4,3,84306,236.94192504882812,0,0,1
1767771028.0647972,16137296052353762183,0,3,8,58,1,4,2,3,2,81029,4831.4365234375,0,0,3
1767771028.0647972,16137296052353762183,0,4,7,58,12,6,2,3,2,80379,4829.19775390625,0,0,3
1767771028.0647972,16137296052353762183,0,5,12,58,8,0,2,3,2,81216,4857.998046875,0,0,3
1767771028.0647972,16137296052353762183,0,6,13,58,10,0,2,3,2,81244,4858.51025390625,0,0,3
1767771028.0647972,16137296052353762183,0,7,4,58,5,12,2,3,2,79829,4800.7900390625,0,0,3
1767771028.0647972,16137296052353762183,0,8,11,58,16,0,2,3,2,81058,4857.7373046875,0,0,3
1767771028.0647972,16137296052353762183,0,9,2,58,4,18,2,3,2,80084,4789.87158203125,0,0,3
1767771028.0647972,16137296052353762183,0,10,14,58,19,0,2,3,2,81334,4865.17431640625,0,0,3
1767771028.0647972,16137296052353762183,0,11,15,58,14,0,2,3,2,81371,4865.95361328125,0,0,3
1767771028.0647972,16137296052353762183,0,12,3,58,3,15,2,3,2,80300,4799.7841796875,0,0,3
1767771028.0647972,16137296052353762183,0,13,9,58,11,2,3,3,2,80304,4841.787109375,0,0,4
1767771028.0647972,16137296052353762183,0,14,6,58,7,8,2,3,2,80776,4828.75390625,0,0,3
1767771028.0647972,16137296052353762183,0,15,16,57,9,0,2,3,2,82328,4802.5205078125,0,0,3
1767771028.0647972,16137296052353762183,0,16,10,58,20,1,3,3,2,80828,4854.45361328125,0,0,4
1767771028.0647972,16137296052353762183,0,17,5,58,6,10,2,3,2,80548,4808.76904296875,0,0,3
1767771028.0647972,16137296052353762183,0,18,18,9,17,0,0,4,3,83068,788.0690307617188,0,0,1
1767771028.0647972,16137296052353762183,0,19,20,0,18,0,0,4,1,0,4964.653981829062,0,0,1
1767771028.0647972,16137296052353762183,0,20,0,0,0,0,0,0,0,0,0.0,0,0,0
1767771028.0647972,16137296052353762183,0,21,0,0,0,0,0,0,0,0,0.0,0,0,0
1767771033.0760252,16137296052353762183,0,0,17,33,15,0,1,4,3,82326,2862.583740234375,0,0,2
1767771033.0760252,16137296052353762183,0,1,1,58,2,25,2,3,2,79789,4784.58740234375,0,0,3
1767771033.0760252,16137296052353762183,0,2,19,2,13,0,0,4,3,84306,236.94192504882812,0,0,1
1767771033.0760252,16137296052353762183,0,3,8,58,1,4,2,3,2,81029,4831.4365234375,0,0,3
1767771033.0760252,16137296052353762183,0,4,7,58,12,6,2,3,2,80379,4829.19775390625,0,0,3
1767771033.0760252,16137296052353762183,0,5,12,58,8,0,2,3,2,81216,4857.998046875,0,0,3
1767771033.0760252,16137296052353762183,0,6,13,58,10,0,2,3,2,81244,4858.51025390625,0,0,3
1767771033.0760252,16137296052353762183,0,7,4,58,5,12,2,3,2,79829,4800.7900390625,0,0,3
1767771033.0760252,16137296052353762183,0,8,11,58,16,0,2,3,2,81058,4857.7373046875,0,0,3
1767771033.0760252,16137296052353762183,0,9,2,58,4,18,2,3,2,80084,4789.87158203125,0,0,3
1767771033.0760252,16137296052353762183,0,10,14,58,19,0,2,3,2,81334,4865.17431640625,0,0,3
1767771033.0760252,16137296052353762183,0,11,15,58,14,0,2,3,2,81371,4865.95361328125,0,0,3
1767771033.0760252,16137296052353762183,0,12,3,58,3,15,2,3,2,80300,4799.7841796875,0,0,3
1767771033.0760252,16137296052353762183,0,13,9,58,11,2,3,3,2,80304,4841.787109375,0,0,4
1767771033.0760252,16137296052353762183,0,14,6,58,7,8,2,3,2,80776,4828.75390625,0,0,3
1767771033.0760252,16137296052353762183,0,15,16,57,9,0,2,3,2,82328,4802.5205078125,0,0,3
1767771033.0760252,16137296052353762183,0,16,10,58,20,1,3,3,2,80828,4854.45361328125,0,0,4
1767771033.0760252,16137296052353762183,0,17,5,58,6,10,2,3,2,80548,4808.76904296875,0,0,3
1767771033.0760252,16137296052353762183,0,18,18,9,17,0,0,4,3,83068,788.0690307617188,0,0,1
1767771033.0760252,16137296052353762183,0,19,20,0,18,0,0,4,1,0,4964.653981829062,0,0,1
1767771033.0760252,16137296052353762183,0,20,0,0,0,0,0,0,0,0,0.0,0,0,0
1767771033.0760252,16137296052353762183,0,21,0,0,0,0,0,0,0,0,0.0,0,0,0
1767771038.0784693,16137296052353762183,0,0,17,33,15,0,1,4,3,82326,2862.583740234375,0,0,2
1767771038.0784693,16137296052353762183,0,1,1,58,2,25,2,3,2,79789,4784.58740234375,0,0,3
1767771038.0784693,16137296052353762183,0,2,19,2,13,0,0,4,3,84306,236.94192504882812,0,0,1
1767771038.0784693,16137296052353762183,0,3,8,58,1,4,2,3,2,81029,4831.4365234375,0,0,3
1767771038.0784693,16137296052353762183,0,4,7,58,12,6,2,3,2,80379,4829.19775390625,0,0,3
1767771038.0784693,16137296052353762183,0,5,12,58,8,0,2,3,2,81216,4857.998046875,0,0,3
1767771038.0784693,16137296052353762183,0,6,13,58,10,0,2,3,2,81244,4858.51025390625,0,0,3
1767771038.0784693,16137296052353762183,0,7,4,58,5,12,2,3,2,79829,4800.7900390625,0,0,3
1767771038.0784693,16137296052353762183,0,8,11,58,16,0,2,3,2,81058,4857.7373046875,0,0,3
1767771038.0784693,16137296052353762183,0,9,2,58,4,18,2,3,2,80084,4789.87158203125,0,0,3
1767771038.0784693,16137296052353762183,0,10,14,58,19,0,2,3,2,81334,4865.17431640625,0,0,3
1767771038.0784693,16137296052353762183,0,11,15,58,14,0,2,3,2,81371,4865.95361328125,0,0,3
1767771038.0784693,16137296052353762183,0,12,3,58,3,15,2,3,2,80300,4799.7841796875,0,0,3
1767771038.0784693,16137296052353762183,0,13,9,58,11,2,3,3,2,80304,4841.787109375,0,0,4
1767771038.0784693,16137296052353762183,0,14,6,58,7,8,2,3,2,80776,4828.75390625,0,0,3
1767771038.0784693,16137296052353762183,0,15,16,57,9,0,2,3,2,82328,4802.5205078125,0,0,3
1767771038.0784693,16137296052353762183,0,16,10,58,20,1,3,3,2,80828,4854.45361328125,0,0,4
1767771038.0784693,16137296052353762183,0,17,5,58,6,10,2,3,2,80548,4808.76904296875,0,0,3
1767771038.0784693,16137296052353762183,0,18,18,9,17,0,0,4,3,83068,788.0690307617188,0,0,1
1767771038.0784693,16137296052353762183,0,19,20,0,18,0,0,4,1,0,4964.653981829062,0,0,1
1767771038.0784693,16137296052353762183,0,20,0,0,0,0,0,0,0,0,0.0,0,0,0
1767771038.0784693,16137296052353762183,0,21,0,0,0,0,0,0,0,0,0.0,0,0,0
1767771043.0962422,16137296052353762183,0,0,17,33,15,0,1,4,3,82326,2862.583740234375,0,0,2
1767771043.0962422,16137296052353762183,0,1,1,58,2,25,2,3,2,79789,4784.58740234375,0,0,3
1767771043.0962422,16137296052353762183,0,2,19,2,13,0,0,4,3,84306,236.94192504882812,0,0,1
1767771043.0962422,16137296052353762183,0,3,8,58,1,4,2,3,2,81029,4831.4365234375,0,0,3
1767771043.0962422,16137296052353762183,0,4,7,58,12,6,2,3,2,80379,4829.19775390625,0,0,3
1767771043.0962422,16137296052353762183,0,5,12,58,8,0,2,3,2,81216,4857.998046875,0,0,3
1767771043.0962422,16137296052353762183,0,6,13,58,10,0,2,3,2,81244,4858.51025390625,0,0,3
1767771043.0962422,16137296052353762183,0,7,4,58,5,12,2,3,2,79829,4800.7900390625,0,0,3
1767771043.0962422,16137296052353762183,0,8,11,58,16,0,2,3,2,81058,4857.7373046875,0,0,3
1767771043.0962422,16137296052353762183,0,9,2,58,4,18,2,3,2,80084,4789.87158203125,0,0,3
1767771043.0962422,16137296052353762183,0,10,14,58,19,0,2,3,2,81334,4865.17431640625,0,0,3
1767771043.0962422,16137296052353762183,0,11,15,58,14,0,2,3,2,81371,4865.95361328125,0,0,3
1767771043.0962422,16137296052353762183,0,12,3,58,3,15,2,3,2,80300,4799.7841796875,0,0,3
1767771043.0962422,16137296052353762183,0,13,9,58,11,2,3,3,2,80304,4841.787109375,0,0,4
1767771043.0962422,16137296052353762183,0,14,6,58,7,8,2,3,2,80776,4828.75390625,0,0,3
1767771043.0962422,16137296052353762183,0,15,16,57,9,0,2,3,2,82328,4802.5205078125,0,0,3
1767771043.0962422,16137296052353762183,0,16,10,58,20,1,3,3,2,80828,4854.45361328125,0,0,4
1767771043.0962422,16137296052353762183,0,17,5,58,6,10,2,3,2,80548,4808.76904296875,0,0,3
1767771043.0962422,16137296052353762183,0,18,18,9,17,0,0,4,3,83068,788.0690307617188,0,0,1
1767771043.0962422,16137296052353762183,0,19,20,0,18,0,0,4,1,0,4964.653981829062,0,0,1
1767771043.0962422,16137296052353762183,0,20,0,0,0,0,0,0,0,0,0.0,0,0,0
1767771043.0962422,16137296052353762183,0,21,0,0,0,0,0,0,0,0,0.0,0,0,0
1767771048.113792,16137296052353762183,0,0,17,33,15,0,1,4,3,82326,2862.583740234375,0,0,2
1767771048.113792,16137296052353762183,0,1,1,58,2,25,2,3,2,79789,4784.58740234375,0,0,3
1767771048.113792,16137296052353762183,0,2,19,2,13,0,0,4,3,84306,236.94192504882812,0,0,1
1767771048.113792,16137296052353762183,0,3,8,58,1,4,2,3,2,81029,4831.4365234375,0,0,3
1767771048.113792,16137296052353762183,0,4,7,58,12,6,2,3,2,80379,4829.19775390625,0,0,3
1767771048.113792,16137296052353762183,0,5,12,58,8,0,2,3,2,81216,4857.998046875,0,0,3
1767771048.113792,16137296052353762183,0,6,13,58,10,0,2,3,2,81244,4858.51025390625,0,0,3
1767771048.113792,16137296052353762183,0,7,4,58,5,12,2,3,2,79829,4800.7900390625,0,0,3
1767771048.113792,16137296052353762183,0,8,11,58,16,0,2,3,2,81058,4857.7373046875,0,0,3
1767771048.113792,16137296052353762183,0,9,2,58,4,18,2,3,2,80084,4789.87158203125,0,0,3
1767771048.113792,16137296052353762183,0,10,14,58,19,0,2,3,2,81334,4865.17431640625,0,0,3
1767771048.113792,16137296052353762183,0,11,15,58,14,0,2,3,2,81371,4865.95361328125,0,0,3
1767771048.113792,16137296052353762183,0,12,3,58,3,15,2,3,2,80300,4799.7841796875,0,0,3
1767771048.113792,16137296052353762183,0,13,9,58,11,2,3,3,2,80304,4841.787109375,0,0,4
1767771048.113792,16137296052353762183,0,14,6,58,7,8,2,3,2,80776,4828.75390625,0,0,3
1767771048.113792,16137296052353762183,0,15,16,57,9,0,2,3,2,82328,4802.5205078125,0,0,3
1767771048.113792,16137296052353762183,0,16,10,58,20,1,3,3,2,80828,4854.45361328125,0,0,4
1767771048.113792,16137296052353762183,0,17,5,58,6,10,2,3,2,80548,4808.76904296875,0,0,3
1767771048.113792,16137296052353762183,0,18,18,9,17,0,0,4,3,83068,788.0690307617188,0,0,1
1767771048.113792,16137296052353762183,0,19,20,0,18,0,0,4,1,0,4964.653981829062,0,0,1
1767771048.113792,16137296052353762183,0,20,0,0,0,0,0,0,0,0,0.0,0,0,0
1767771048.113792,16137296052353762183,0,21,0,0,0,0,0,0,0,0,0.0,0,0,0
1767771053.1383421,16137296052353762183,0,0,17,33,15,0,1,4,3,82326,2862.583740234375,0,0,2
1767771053.1383421,16137296052353762183,0,1,1,58,2,25,2,3,2,79789,4784.58740234375,0,0,3
1767771053.1383421,16137296052353762183,0,2,19,2,13,0,0,4,3,84306,236.94192504882812,0,0,1
1767771053.1383421,16137296052353762183,0,3,8,58,1,4,2,3,2,81029,4831.4365234375,0,0,3
1767771053.1383421,16137296052353762183,0,4,7,58,12,6,2,3,2,80379,4829.19775390625,0,0,3
1767771053.1383421,16137296052353762183,0,5,12,58,8,0,2,3,2,81216,4857.998046875,0,0,3
1767771053.1383421,16137296052353762183,0,6,13,58,10,0,2,3,2,81244,4858.51025390625,0,0,3
1767771053.1383421,16137296052353762183,0,7,4,58,5,12,2,3,2,79829,4800.7900390625,0,0,3
1767771053.1383421,16137296052353762183,0,8,11,58,16,0,2,3,2,81058,4857.7373046875,0,0,3
1767771053.1383421,16137296052353762183,0,9,2,58,4,18,2,3,2,80084,4789.87158203125,0,0,3
1767771053.1383421,16137296052353762183,0,10,14,58,19,0,2,3,2,81334,4865.17431640625,0,0,3
1767771053.1383421,16137296052353762183,0,11,15,58,14,0,2,3,2,81371,4865.95361328125,0,0,3
1767771053.1383421,16137296052353762183,0,12,3,58,3,15,2,3,2,80300,4799.7841796875,0,0,3
1767771053.1383421,16137296052353762183,0,13,9,58,11,2,3,3,2,80304,4841.787109375,0,0,4
1767771053.1383421,16137296052353762183,0,14,6,58,7,8,2,3,2,80776,4828.75390625,0,0,3
1767771053.1383421,16137296052353762183,0,15,16,57,9,0,2,3,2,82328,4802.5205078125,0,0,3
1767771053.1383421,16137296052353762183,0,16,10,58,20,1,3,3,2,80828,4854.45361328125,0,0,4
1767771053.1383421,16137296052353762183,0,17,5,58,6,10,2,3,2,80548,4808.76904296875,0,0,3
1767771053.1383421,16137296052353762183,0,18,18,9,17,0,0,4,3,83068,788.0690307617188,0,0,1
1767771053.1383421,16137296052353762183,0,19,20,0,18,0,0,4,1,0,4964.653981829062,0,0,1
1767771053.1383421,16137296052353762183,0,20,0,0,0,0,0,0,0,0,0.0,0,0,0
1767771053.1383421,16137296052353762183,0,21,0,0,0,0,0,0,0,0,0.0,0,0,0
1767771058.1614673,16137296052353762183,0,0,17,33,15,0,1,4,3,82326,2862.583740234375,0,0,2
1767771058.1614673,16137296052353762183,0,1,1,58,2,25,2,3,2,79789,4784.58740234375,0,0,3
1767771058.1614673,16137296052353762183,0,2,19,2,13,0,0,4,3,84306,236.94192504882812,0,0,1
1767771058.1614673,16137296052353762183,0,3,8,58,1,4,2,3,2,81029,4831.4365234375,0,0,3
1767771058.1614673,16137296052353762183,0,4,7,58,12,6,2,3,2,80379,4829.19775390625,0,0,3
1767771058.1614673,16137296052353762183,0,5,12,58,8,0,2,3,2,81216,4857.998046875,0,0,3
1767771058.1614673,16137296052353762183,0,6,13,58,10,0,2,3,2,81244,4858.51025390625,0,0,3
1767771058.1614673,16137296052353762183,0,7,4,58,5,12,2,3,2,79829,4800.7900390625,0,0,3
1767771058.1614673,16137296052353762183,0,8,11,58,16,0,2,3,2,81058,4857.7373046875,0,0,3
1767771058.1614673,16137296052353762183,0,9,2,58,4,18,2,3,2,80084,4789.87158203125,0,0,3
1767771058.1614673,16137296052353762183,0,10,14,58,19,0,2,3,2,81334,4865.17431640625,0,0,3
1767771058.1614673,16137296052353762183,0,11,15,58,14,0,2,3,2,81371,4865.95361328125,0,0,3
1767771058.1614673,16137296052353762183,0,12,3,58,3,15,2,3,2,80300,4799.7841796875,0,0,3
1767771058.1614673,16137296052353762183,0,13,9,58,11,2,3,3,2,80304,4841.787109375,0,0,4
1767771058.1614673,16137296052353762183,0,14,6,58,7,8,2,3,2,80776,4828.75390625,0,0,3
1767771058.1614673,16137296052353762183,0,15,16,57,9,0,2,3,2,82328,4802.5205078125,0,0,3
1767771058.1614673,16137296052353762183,0,16,10,58,20,1,3,3,2,80828,4854.45361328125,0,0,4
1767771058.1614673,16137296052353762183,0,17,5,58,6,10,2,3,2,80548,4808.76904296875,0,0,3
1767771058.1614673,16137296052353762183,0,18,18,9,17,0,0,4,3,83068,788.0690307617188,0,0,1
1767771058.1614673,16137296052353762183,0,19,20,0,18,0,0,4,1,0,4964.653981829062,0,0,1
1767771058.1614673,16137296052353762183,0,20,0,0,0,0,0,0,0,0,0.0,0,0,0
1767771058.1614673,16137296052353762183,0,21,0,0,0,0,0,0,0,0,0.0,0,0,0
1767771063.177345,16137296052353762183,0,0,17,33,15,0,1,4,3,82326,2862.583740234375,0,0,2
1767771063.177345,16137296052353762183,0,1,1,58,2,25,2,3,2,79789,4784.58740234375,0,0,3
1767771063.177345,16137296052353762183,0,2,19,2,13,0,0,4,3,84306,236.94192504882812,0,0,1
1767771063.177345,16137296052353762183,0,3,8,58,1,4,2,3,2,81029,4831.4365234375,0,0,3
1767771063.177345,16137296052353762183,0,4,7,58,12,6,2,3,2,80379,4829.19775390625,0,0,3
1767771063.177345,16137296052353762183,0,5,12,58,8,0,2,3,2,81216,4857.998046875,0,0,3
1767771063.177345,16137296052353762183,0,6,13,58,10,0,2,3,2,81244,4858.51025390625,0,0,3
1767771063.177345,16137296052353762183,0,7,4,58,5,12,2,3,2,79829,4800.7900390625,0,0,3
1767771063.177345,16137296052353762183,0,8,11,58,16,0,2,3,2,81058,4857.7373046875,0,0,3
1767771063.177345,16137296052353762183,0,9,2,58,4,18,2,3,2,80084,4789.87158203125,0,0,3
1767771063.177345,16137296052353762183,0,10,14,58,19,0,2,3,2,81334,4865.17431640625,0,0,3
1767771063.177345,16137296052353762183,0,11,15,58,14,0,2,3,2,81371,4865.95361328125,0,0,3
1767771063.177345,16137296052353762183,0,12,3,58,3,15,2,3,2,80300,4799.7841796875,0,0,3
1767771063.177345,16137296052353762183,0,13,9,58,11,2,3,3,2,80304,4841.787109375,0,0,4
1767771063.177345,16137296052353762183,0,14,6,58,7,8,2,3,2,80776,4828.75390625,0,0,3
1767771063.177345,16137296052353762183,0,15,16,57,9,0,2,3,2,82328,4802.5205078125,0,0,3
1767771063.177345,16137296052353762183,0,16,10,58,20,1,3,3,2,80828,4854.45361328125,0,0,4
1767771063.177345,16137296052353762183,0,17,5,58,6,10,2,3,2,80548,4808.76904296875,0,0,3
1767771063.177345,16137296052353762183,0,18,18,9,17,0,0,4,3,83068,788.0690307617188,0,0,1
1767771063.177345,16137296052353762183,0,19,20,0,18,0,0,4,1,0,4964.653981829062,0,0,1
1767771063.177345,16137296052353762183,0,20,0,0,0,0,0,0,0,0,0.0,0,0,0
1767771063.177345,16137296052353762183,0,21,0,0,0,0,0,0,0,0,0.0,0,0,0
1767771068.2016575,16137296052353762183,0,0,17,33,15,0,1,4,3,82326,2862.583740234375,0,0,2
1767771068.2016575,16137296052353762183,0,1,1,58,2,25,2,3,2,79789,4784.58740234375,0,0,3
1767771068.2016575,16137296052353762183,0,2,19,2,13,0,0,4,3,84306,236.94192504882812,0,0,1
1767771068.2016575,16137296052353762183,0,3,8,58,1,4,2,3,2,81029,4831.4365234375,0,0,3
1767771068.2016575,16137296052353762183,0,4,7,58,12,6,2,3,2,80379,4829.19775390625,0,0,3
1767771068.2016575,16137296052353762183,0,5,12,58,8,0,2,3,2,81216,4857.998046875,0,0,3
1767771068.2016575,16137296052353762183,0,6,13,58,10,0,2,3,2,81244,4858.51025390625,0,0,3
1767771068.2016575,16137296052353762183,0,7,4,58,5,12,2,3,2,79829,4800.7900390625,0,0,3
1767771068.2016575,16137296052353762183,0,8,11,58,16,0,2,3,2,81058,4857.7373046875,0,0,3
1767771068.2016575,16137296052353762183,0,9,2,58,4,18,2,3,2,80084,4789.87158203125,0,0,3
1767771068.2016575,16137296052353762183,0,10,14,58,19,0,2,3,2,81334,4865.17431640625,0,0,3
1767771068.2016575,16137296052353762183,0,11,15,58,14,0,2,3,2,81371,4865.95361328125,0,0,3
1767771068.2016575,16137296052353762183,0,12,3,58,3,15,2,3,2,80300,4799.7841796875,0,0,3
1767771068.2016575,16137296052353762183,0,13,9,58,11,2,3,3,2,80304,4841.787109375,0,0,4
1767771068.2016575,16137296052353762183,0,14,6,58,7,8,2,3,2,80776,4828.75390625,0,0,3
1767771068.2016575,16137296052353762183,0,15,16,57,9,0,2,3,2,82328,4802.5205078125,0,0,3
1767771068.2016575,16137296052353762183,0,16,10,58,20,1,3,3,2,80828,4854.45361328125,0,0,4
1767771068.2016575,16137296052353762183,0,17,5,58,6,10,2,3,2,80548,4808.76904296875,0,0,3
1767771068.2016575,16137296052353762183,0,18,18,9,17,0,0,4,3,83068,788.0690307617188,0,0,1
1767771068.2016575,16137296052353762183,0,19,20,0,18,0,0,4,1,0,4964.653981829062,0,0,1
1767771068.2016575,16137296052353762183,0,20,0,0,0,0,0,0,0,0,0.0,0,0,0
1767771068.2016575,16137296052353762183,0,21,0,0,0,0,0,0,0,0,0.0,0,0,0
1767771073.2208235,16137296052353762183,0,0,17,33,15,0,1,4,3,82326,2862.583740234375,0,0,2
1767771073.2208235,16137296052353762183,0,1,1,58,2,25,2,3,2,79789,4784.58740234375,0,0,3
1767771073.2208235,16137296052353762183,0,2,19,2,13,0,0,4,3,84306,236.94192504882812,0,0,1
1767771073.2208235,16137296052353762183,0,3,8,58,1,4,2,3,2,81029,4831.4365234375,0,0,3
1767771073.2208235,16137296052353762183,0,4,7,58,12,6,2,3,2,80379,4829.19775390625,0,0,3
1767771073.2208235,16137296052353762183,0,5,12,58,8,0,2,3,2,81216,4857.998046875,0,0,3
1767771073.2208235,16137296052353762183,0,6,13,58,10,0,2,3,2,81244,4858.51025390625,0,0,3
1767771073.2208235,16137296052353762183,0,7,4,58,5,12,2,3,2,79829,4800.7900390625,0,0,3
1767771073.2208235,16137296052353762183,0,8,11,58,16,0,2,3,2,81058,4857.7373046875,0,0,3
1767771073.2208235,16137296052353762183,0,9,2,58,4,18,2,3,2,80084,4789.87158203125,0,0,3
1767771073.2208235,16137296052353762183,0,10,14,58,19,0,2,3,2,81334,4865.17431640625,0,0,3
1767771073.2208235,16137296052353762183,0,11,15,58,14,0,2,3,2,81371,4865.95361328125,0,0,3
1767771073.2208235,16137296052353762183,0,12,3,58,3,15,2,3,2,80300,4799.7841796875,0,0,3
1767771073.2208235,16137296052353762183,0,13,9,58,11,2,3,3,2,80304,4841.787109375,0,0,4
1767771073.2208235,16137296052353762183,0,14,6,58,7,8,2,3,2,80776,4828.75390625,0,0,3
1767771073.2208235,16137296052353762183,0,15,16,57,9,0,2,3,2,82328,4802.5205078125,0,0,3
1767771073.2208235,16137296052353762183,0,16,10,58,20,1,3,3,2,80828,4854.45361328125,0,0,4
1767771073.2208235,16137296052353762183,0,17,5,58,6,10,2,3,2,80548,4808.76904296875,0,0,3
1767771073.2208235,16137296052353762183,0,18,18,9,17,0,0,4,3,83068,788.0690307617188,0,0,1
1767771073.2208235,16137296052353762183,0,19,20,0,18,0,0,4,1,0,4964.653981829062,0,0,1
1767771073.2208235,16137296052353762183,0,20,0,0,0,0,0,0,0,0,0.0,0,0,0
1767771073.2208235,16137296052353762183,0,21,0,0,0,0,0,0,0,0,0.0,0,0,0
1767771078.2336657,16137296052353762183,0,0,17,33,15,0,1,4,3,82326,2862.583740234375,0,0,2
1767771078.2336657,16137296052353762183,0,1,1,58,2,25,2,3,2,79789,4784.58740234375,0,0,3
1767771078.2336657,16137296052353762183,0,2,19,2,13,0,0,4,3,84306,236.94192504882812,0,0,1
1767771078.2336657,16137296052353762183,0,3,8,58,1,4,2,3,2,81029,4831.4365234375,0,0,3
1767771078.2336657,16137296052353762183,0,4,7,58,12,6,2,3,2,80379,4829.19775390625,0,0,3
1767771078.2336657,16137296052353762183,0,5,12,58,8,0,2,3,2,81216,4857.998046875,0,0,3
1767771078.2336657,16137296052353762183,0,6,13,58,10,0,2,3,2,81244,4858.51025390625,0,0,3
1767771078.2336657,16137296052353762183,0,7,4,58,5,12,2,3,2,79829,4800.7900390625,0,0,3
1767771078.2336657,16137296052353762183,0,8,11,58,16,0,2,3,2,81058,4857.7373046875,0,0,3
1767771078.2336657,16137296052353762183,0,9,2,58,4,18,2,3,2,80084,4789.87158203125,0,0,3
1767771078.2336657,16137296052353762183,0,10,14,58,19,0,2,3,2,81334,4865.17431640625,0,0,3
1767771078.2336657,16137296052353762183,0,11,15,58,14,0,2,3,2,81371,4865.95361328125,0,0,3
1767771078.2336657,16137296052353762183,0,12,3,58,3,15,2,3,2,80300,4799.7841796875,0,0,3
1767771078.2336657,16137296052353762183,0,13,9,58,11,2,3,3,2,80304,4841.787109375,0,0,4
1767771078.2336657,16137296052353762183,0,14,6,58,7,8,2,3,2,80776,4828.75390625,0,0,3
1767771078.2336657,16137296052353762183,0,15,16,57,9,0,2,3,2,82328,4802.5205078125,0,0,3
1767771078.2336657,16137296052353762183,0,16,10,58,20,1,3,3,2,80828,4854.45361328125,0,0,4
1767771078.2336657,16137296052353762183,0,17,5,58,6,10,2,3,2,80548,4808.76904296875,0,0,3
1767771078.2336657,16137296052353762183,0,18,18,9,17,0,0,4,3,83068,788.0690307617188,0,0,1
1767771078.2336657,16137296052353762183,0,19,20,0,18,0,0,4,1,0,4964.653981829062,0,0,1
1767771078.2336657,16137296052353762183,0,20,0,0,0,0,0,0,0,0,0.0,0,0,0
1767771078.2336657,16137296052353762183,0,21,0,0,0,0,0,0,0,0,0.0,0,0,0
1767771083.2504675,16137296052353762183,0,0,17,33,15,0,1,4,3,82326,2862.583740234375,0,0,2
1767771083.2504675,16137296052353762183,0,1,1,58,2,25,2,3,2,79789,4784.58740234375,0,0,3
1767771083.2504675,16137296052353762183,0,2,19,2,13,0,0,4,3,84306,236.94192504882812,0,0,1
1767771083.2504675,16137296052353762183,0,3,8,58,1,4,2,3,2,81029,4831.4365234375,0,0,3
1767771083.2504675,16137296052353762183,0,4,7,58,12,6,2,3,2,80379,4829.19775390625,0,0,3
1767771083.2504675,16137296052353762183,0,5,12,58,8,0,2,3,2,81216,4857.998046875,0,0,3
1767771083.2504675,16137296052353762183,0,6,13,58,10,0,2,3,2,81244,4858.51025390625,0,0,3
1767771083.2504675,16137296052353762183,0,7,4,58,5,12,2,3,2,79829,4800.7900390625,0,0,3
1767771083.2504675,16137296052353762183,0,8,11,58,16,0,2,3,2,81058,4857.7373046875,0,0,3
1767771083.2504675,16137296052353762183,0,9,2,58,4,18,2,3,2,80084,4789.87158203125,0,0,3
1767771083.2504675,16137296052353762183,0,10,14,58,19,0,2,3,2,81334,4865.17431640625,0,0,3
1767771083.2504675,16137296052353762183,0,11,15,58,14,0,2,3,2,81371,4865.95361328125,0,0,3
1767771083.2504675,16137296052353762183,0,12,3,58,3,15,2,3,2,80300,4799.7841796875,0,0,3
1767771083.2504675,16137296052353762183,0,13,9,58,11,2,3,3,2,80304,4841.787109375,0,0,4
1767771083.2504675,16137296052353762183,0,14,6,58,7,8,2,3,2,80776,4828.75390625,0,0,3
1767771083.2504675,16137296052353762183,0,15,16,57,9,0,2,3,2,82328,4802.5205078125,0,0,3
1767771083.2504675,16137296052353762183,0,16,10,58,20,1,3,3,2,80828,4854.45361328125,0,0,4
1767771083.2504675,16137296052353762183,0,17,5,58,6,10,2,3,2,80548,4808.76904296875,0,0,3
1767771083.2504675,16137296052353762183,0,18,18,9,17,0,0,4,3,83068,788.0690307617188,0,0,1
1767771083.2504675,16137296052353762183,0,19,20,0,18,0,0,4,1,0,4964.653981829062,0,0,1
1767771083.2504675,16137296052353762183,0,20,0,0,0,0,0,0,0,0,0.0,0,0,0
1767771083.2504675,16137296052353762183,0,21,0,0,0,0,0,0,0,0,0.0,0,0,0
1767771088.2606928,16137296052353762183,0,0,17,33,15,0,1,4,3,82326,2862.583740234375,0,0,2
1767771088.2606928,16137296052353762183,0,1,1,58,2,25,2,3,2,79789,4784.58740234375,0,0,3
1767771088.2606928,16137296052353762183,0,2,19,2,13,0,0,4,3,84306,236.94192504882812,0,0,1
1767771088.2606928,16137296052353762183,0,3,8,58,1,4,2,3,2,81029,4831.4365234375,0,0,3
1767771088.2606928,16137296052353762183,0,4,7,58,12,6,2,3,2,80379,4829.19775390625,0,0,3
1767771088.2606928,16137296052353762183,0,5,12,58,8,0,2,3,2,81216,4857.998046875,0,0,3
1767771088.2606928,16137296052353762183,0,6,13,58,10,0,2,3,2,81244,4858.51025390625,0,0,3
1767771088.2606928,16137296052353762183,0,7,4,58,5,12,2,3,2,79829,4800.7900390625,0,0,3
1767771088.2606928,16137296052353762183,0,8,11,58,16,0,2,3,2,81058,4857.7373046875,0,0,3
1767771088.2606928,16137296052353762183,0,9,2,58,4,18,2,3,2,80084,4789.87158203125,0,0,3
1767771088.2606928,16137296052353762183,0,10,14,58,19,0,2,3,2,81334,4865.17431640625,0,0,3
1767771088.2606928,16137296052353762183,0,11,15,58,14,0,2,3,2,81371,4865.95361328125,0,0,3
1767771088.2606928,16137296052353762183,0,12,3,58,3,15,2,3,2,80300,4799.7841796875,0,0,3
1767771088.2606928,16137296052353762183,0,13,9,58,11,2,3,3,2,80304,4841.787109375,0,0,4
1767771088.2606928,16137296052353762183,0,14,6,58,7,8,2,3,2,80776,4828.75390625,0,0,3
1767771088.2606928,16137296052353762183,0,15,16,57,9,0,2,3,2,82328,4802.5205078125,0,0,3
1767771088.2606928,16137296052353762183,0,16,10,58,20,1,3,3,2,80828,4854.45361328125,0,0,4
1767771088.2606928,16137296052353762183,0,17,5,58,6,10,2,3,2,80548,4808.76904296875,0,0,3
1767771088.2606928,16137296052353762183,0,18,18,9,17,0,0,4,3,83068,788.0690307617188,0,0,1
1767771088.2606928,16137296052353762183,0,19,20,0,18,0,0,4,1,0,4964.653981829062,0,0,1
1767771088.2606928,16137296052353762183,0,20,0,0,0,0,0,0,0,0,0.0,0,0,0
1767771088.2606928,16137296052353762183,0,21,0,0,0,0,0,0,0,0,0.0,0,0,0
1767771093.2676313,16137296052353762183,0,0,17,33,15,0,1,4,3,82326,2862.583740234375,0,0,2
1767771093.2676313,16137296052353762183,0,1,1,58,2,25,2,3,2,79789,4784.58740234375,0,0,3
1767771093.2676313,16137296052353762183,0,2,19,2,13,0,0,4,3,84306,236.94192504882812,0,0,1
1767771093.2676313,16137296052353762183,0,3,8,58,1,4,2,3,2,81029,4831.4365234375,0,0,3
1767771093.2676313,16137296052353762183,0,4,7,58,12,6,2,3,2,80379,4829.19775390625,0,0,3
1767771093.2676313,16137296052353762183,0,5,12,58,8,0,2,3,2,81216,4857.998046875,0,0,3
1767771093.2676313,16137296052353762183,0,6,13,58,10,0,2,3,2,81244,4858.51025390625,0,0,3
1767771093.2676313,16137296052353762183,0,7,4,58,5,12,2,3,2,79829,4800.7900390625,0,0,3
1767771093.2676313,16137296052353762183,0,8,11,58,16,0,2,3,2,81058,4857.7373046875,0,0,3
1767771093.2676313,16137296052353762183,0,9,2,58,4,18,2,3,2,80084,4789.87158203125,0,0,3
1767771093.2676313,16137296052353762183,0,10,14,58,19,0,2,3,2,81334,4865.17431640625,0,0,3
1767771093.2676313,16137296052353762183,0,11,15,58,14,0,2,3,2,81371,4865.95361328125,0,0,3
1767771093.2676313,16137296052353762183,0,12,3,58,3,15,2,3,2,80300,4799.7841796875,0,0,3
1767771093.2676313,16137296052353762183,0,13,9,58,11,2,3,3,2,80304,4841.787109375,0,0,4
1767771093.2676313,16137296052353762183,0,14,6,58,7,8,2,3,2,80776,4828.75390625,0,0,3
1767771093.2676313,16137296052353762183,0,15,16,57,9,0,2,3,2,82328,4802.5205078125,0,0,3
1767771093.2676313,16137296052353762183,0,16,10,58,20,1,3,3,2,80828,4854.45361328125,0,0,4
1767771093.2676313,16137296052353762183,0,17,5,58,6,10,2,3,2,80548,4808.76904296875,0,0,3
1767771093.2676313,16137296052353762183,0,18,18,9,17,0,0,4,3,83068,788.0690307617188,0,0,1
1767771093.2676313,16137296052353762183,0,19,20,0,18,0,0,4,1,0,4964.653981829062,0,0,1
1767771093.2676313,16137296052353762183,0,20,0,0,0,0,0,0,0,0,0.0,0,0,0
1767771093.2676313,16137296052353762183,0,21,0,0,0,0,0,0,0,0,0.0,0,0,0
1767771098.2858646,16137296052353762183,0,0,17,33,15,0,1,4,3,82326,2862.583740234375,0,0,2
1767771098.2858646,16137296052353762183,0,1,1,58,2,25,2,3,2,79789,4784.58740234375,0,0,3
1767771098.2858646,16137296052353762183,0,2,19,2,13,0,0,4,3,84306,236.94192504882812,0,0,1
1767771098.2858646,16137296052353762183,0,3,8,58,1,4,2,3,2,81029,4831.4365234375,0,0,3
1767771098.2858646,16137296052353762183,0,4,7,58,12,6,2,3,2,80379,4829.19775390625,0,0,3
1767771098.2858646,16137296052353762183,0,5,12,58,8,0,2,3,2,81216,4857.998046875,0,0,3
1767771098.2858646,16137296052353762183,0,6,13,58,10,0,2,3,2,81244,4858.51025390625,0,0,3
1767771098.2858646,16137296052353762183,0,7,4,58,5,12,2,3,2,79829,4800.7900390625,0,0,3
1767771098.2858646,16137296052353762183,0,8,11,58,16,0,2,3,2,81058,4857.7373046875,0,0,3
1767771098.2858646,16137296052353762183,0,9,2,58,4,18,2,3,2,80084,4789.87158203125,0,0,3
1767771098.2858646,16137296052353762183,0,10,14,58,19,0,2,3,2,81334,4865.17431640625,0,0,3
1767771098.2858646,16137296052353762183,0,11,15,58,14,0,2,3,2,81371,4865.95361328125,0,0,3
1767771098.2858646,16137296052353762183,0,12,3,58,3,15,2,3,2,80300,4799.7841796875,0,0,3
1767771098.2858646,16137296052353762183,0,13,9,58,11,2,3,3,2,80304,4841.787109375,0,0,4
1767771098.2858646,16137296052353762183,0,14,6,58,7,8,2,3,2,80776,4828.75390625,0,0,3
1767771098.2858646,16137296052353762183,0,15,16,57,9,0,2,3,2,82328,4802.5205078125,0,0,3
1767771098.2858646,16137296052353762183,0,16,10,58,20,1,3,3,2,80828,4854.45361328125,0,0,4
1767771098.2858646,16137296052353762183,0,17,5,58,6,10,2,3,2,80548,4808.76904296875,0,0,3
1767771098.2858646,16137296052353762183,0,18,18,9,17,0,0,4,3,83068,788.0690307617188,0,0,1
1767771098.2858646,16137296052353762183,0,19,20,0,18,0,0,4,1,0,4964.653981829062,0,0,1
1767771098.2858646,16137296052353762183,0,20,0,0,0,0,0,0,0,0,0.0,0,0,0
1767771098.2858646,16137296052353762183,0,21,0,0,0,0,0,0,0,0,0.0,0,0,0
1767771103.3073802,16137296052353762183,0,0,17,33,15,0,1,4,3,82326,2862.583740234375,0,0,2
1767771103.3073802,16137296052353762183,0,1,1,58,2,25,2,3,2,79789,4784.58740234375,0,0,3
1767771103.3073802,16137296052353762183,0,2,19,2,13,0,0,4,3,84306,236.94192504882812,0,0,1
1767771103.3073802,16137296052353762183,0,3,8,58,1,4,2,3,2,81029,4831.4365234375,0,0,3
1767771103.3073802,16137296052353762183,0,4,7,58,12,6,2,3,2,80379,4829.19775390625,0,0,3
1767771103.3073802,16137296052353762183,0,5,12,58,8,0,2,3,2,81216,4857.998046875,0,0,3
1767771103.3073802,16137296052353762183,0,6,13,58,10,0,2,3,2,81244,4858.51025390625,0,0,3
1767771103.3073802,16137296052353762183,0,7,4,58,5,12,2,3,2,79829,4800.7900390625,0,0,3
1767771103.3073802,16137296052353762183,0,8,11,58,16,0,2,3,2,81058,4857.7373046875,0,0,3
1767771103.3073802,16137296052353762183,0,9,2,58,4,18,2,3,2,80084,4789.87158203125,0,0,3
1767771103.3073802,16137296052353762183,0,10,14,58,19,0,2,3,2,81334,4865.17431640625,0,0,3
1767771103.3073802,16137296052353762183,0,11,15,58,14,0,2,3,2,81371,4865.95361328125,0,0,3
1767771103.3073802,16137296052353762183,0,12,3,58,3,15,2,3,2,80300,4799.7841796875,0,0,3
1767771103.3073802,16137296052353762183,0,13,9,58,11,2,3,3,2,80304,4841.787109375,0,0,4
1767771103.3073802,16137296052353762183,0,14,6,58,7,8,2,3,2,80776,4828.75390625,0,0,3
1767771103.3073802,16137296052353762183,0,15,16,57,9,0,2,3,2,82328,4802.5205078125,0,0,3
1767771103.3073802,16137296052353762183,0,16,10,58,20,1,3,3,2,80828,4854.45361328125,0,0,4
1767771103.3073802,16137296052353762183,0,17,5,58,6,10,2,3,2,80548,4808.76904296875,0,0,3
1767771103.3073802,16137296052353762183,0,18,18,9,17,0,0,4,3,83068,788.0690307617188,0,0,1
1767771103.3073802,16137296052353762183,0,19,20,0,18,0,0,4,1,0,4964.653981829062,0,0,1
1767771103.3073802,16137296052353762183,0,20,0,0,0,0,0,0,0,0,0.0,0,0,0
1767771103.3073802,16137296052353762183,0,21,0,0,0,0,0,0,0,0,0.0,0,0,0
1767771108.3111372,16137296052353762183,0,0,17,33,15,0,1,4,3,82326,2862.583740234375,0,0,2
1767771108.3111372,16137296052353762183,0,1,1,58,2,25,2,3,2,79789,4784.58740234375,0,0,3
1767771108.3111372,16137296052353762183,0,2,19,2,13,0,0,4,3,84306,236.94192504882812,0,0,1
1767771108.3111372,16137296052353762183,0,3,8,58,1,4,2,3,2,81029,4831.4365234375,0,0,3
1767771108.3111372,16137296052353762183,0,4,7,58,12,6,2,3,2,80379,4829.19775390625,0,0,3
1767771108.3111372,16137296052353762183,0,5,12,58,8,0,2,3,2,81216,4857.998046875,0,0,3
1767771108.3111372,16137296052353762183,0,6,13,58,10,0,2,3,2,81244,4858.51025390625,0,0,3
1767771108.3111372,16137296052353762183,0,7,4,58,5,12,2,3,2,79829,4800.7900390625,0,0,3
1767771108.3111372,16137296052353762183,0,8,11,58,16,0,2,3,2,81058,4857.7373046875,0,0,3
1767771108.3111372,16137296052353762183,0,9,2,58,4,18,2,3,2,80084,4789.87158203125,0,0,3
1767771108.3111372,16137296052353762183,0,10,14,58,19,0,2,3,2,81334,4865.17431640625,0,0,3
1767771108.3111372,16137296052353762183,0,11,15,58,14,0,2,3,2,81371,4865.95361328125,0,0,3
1767771108.3111372,16137296052353762183,0,12,3,58,3,15,2,3,2,80300,4799.7841796875,0,0,3
1767771108.3111372,16137296052353762183,0,13,9,58,11,2,3,3,2,80304,4841.787109375,0,0,4
1767771108.3111372,16137296052353762183,0,14,6,58,7,8,2,3,2,80776,4828.75390625,0,0,3
1767771108.3111372,16137296052353762183,0,15,16,57,9,0,2,3,2,82328,4802.5205078125,0,0,3
1767771108.3111372,16137296052353762183,0,16,10,58,20,1,3,3,2,80828,4854.45361328125,0,0,4
1767771108.3111372,16137296052353762183,0,17,5,58,6,10,2,3,2,80548,4808.76904296875,0,0,3
1767771108.3111372,16137296052353762183,0,18,18,9,17,0,0,4,3,83068,788.0690307617188,0,0,1
1767771108.3111372,16137296052353762183,0,19,20,0,18,0,0,4,1,0,4964.653981829062,0,0,1
1767771108.3111372,16137296052353762183,0,20,0,0,0,0,0,0,0,0,0.0,0,0,0
1767771108.3111372,16137296052353762183,0,21,0,0,0,0,0,0,0,0,0.0,0,0,0
1767771113.334368,16137296052353762183,0,0,17,33,15,0,1,4,3,82326,2862.583740234375,0,0,2
1767771113.334368,16137296052353762183,0,1,1,58,2,25,2,3,2,79789,4784.58740234375,0,0,3
1767771113.334368,16137296052353762183,0,2,19,2,13,0,0,4,3,84306,236.94192504882812,0,0,1
1767771113.334368,16137296052353762183,0,3,8,58,1,4,2,3,2,81029,4831.4365234375,0,0,3
1767771113.334368,16137296052353762183,0,4,7,58,12,6,2,3,2,80379,4829.19775390625,0,0,3
1767771113.334368,16137296052353762183,0,5,12,58,8,0,2,3,2,81216,4857.998046875,0,0,3
1767771113.334368,16137296052353762183,0,6,13,58,10,0,2,3,2,81244,4858.51025390625,0,0,3
1767771113.334368,16137296052353762183,0,7,4,58,5,12,2,3,2,79829,4800.7900390625,0,0,3
1767771113.334368,16137296052353762183,0,8,11,58,16,0,2,3,2,81058,4857.7373046875,0,0,3
1767771113.334368,16137296052353762183,0,9,2,58,4,18,2,3,2,80084,4789.87158203125,0,0,3
1767771113.334368,16137296052353762183,0,10,14,58,19,0,2,3,2,81334,4865.17431640625,0,0,3
1767771113.334368,16137296052353762183,0,11,15,58,14,0,2,3,2,81371,4865.95361328125,0,0,3
1767771113.334368,16137296052353762183,0,12,3,58,3,15,2,3,2,80300,4799.7841796875,0,0,3
1767771113.334368,16137296052353762183,0,13,9,58,11,2,3,3,2,80304,4841.787109375,0,0,4
1767771113.334368,16137296052353762183,0,14,6,58,7,8,2,3,2,80776,4828.75390625,0,0,3
1767771113.334368,16137296052353762183,0,15,16,57,9,0,2,3,2,82328,4802.5205078125,0,0,3
1767771113.334368,16137296052353762183,0,16,10,58,20,1,3,3,2,80828,4854.45361328125,0,0,4
1767771113.334368,16137296052353762183,0,17,5,58,6,10,2,3,2,80548,4808.76904296875,0,0,3
1767771113.334368,16137296052353762183,0,18,18,9,17,0,0,4,3,83068,788.0690307617188,0,0,1
1767771113.334368,16137296052353762183,0,19,20,0,18,0,0,4,1,0,4964.653981829062,0,0,1
1767771113.334368,16137296052353762183,0,20,0,0,0,0,0,0,0,0,0.0,0,0,0
1767771113.334368,16137296052353762183,0,21,0,0,0,0,0,0,0,0,0.0,0,0,0
1767771118.3559325,16137296052353762183,0,0,17,33,15,0,1,4,3,82326,2862.583740234375,0,0,2
1767771118.3559325,16137296052353762183,0,1,1,58,2,25,2,3,2,79789,4784.58740234375,0,0,3
1767771118.3559325,16137296052353762183,0,2,19,2,13,0,0,4,3,84306,236.94192504882812,0,0,1
1767771118.3559325,16137296052353762183,0,3,8,58,1,4,2,3,2,81029,4831.4365234375,0,0,3
1767771118.3559325,16137296052353762183,0,4,7,58,12,6,2,3,2,80379,4829.19775390625,0,0,3
1767771118.3559325,16137296052353762183,0,5,12,58,8,0,2,3,2,81216,4857.998046875,0,0,3
1767771118.3559325,16137296052353762183,0,6,13,58,10,0,2,3,2,81244,4858.51025390625,0,0,3
1767771118.3559325,16137296052353762183,0,7,4,58,5,12,2,3,2,79829,4800.7900390625,0,0,3
1767771118.3559325,16137296052353762183,0,8,11,58,16,0,2,3,2,81058,4857.7373046875,0,0,3
1767771118.3559325,16137296052353762183,0,9,2,58,4,18,2,3,2,80084,4789.87158203125,0,0,3
1767771118.3559325,16137296052353762183,0,10,14,58,19,0,2,3,2,81334,4865.17431640625,0,0,3
1767771118.3559325,16137296052353762183,0,11,15,58,14,0,2,3,2,81371,4865.95361328125,0,0,3
1767771118.3559325,16137296052353762183,0,12,3,58,3,15,2,3,2,80300,4799.7841796875,0,0,3
1767771118.3559325,16137296052353762183,0,13,9,58,11,2,3,3,2,80304,4841.787109375,0,0,4
1767771118.3559325,16137296052353762183,0,14,6,58,7,8,2,3,2,80776,4828.75390625,0,0,3
1767771118.3559325,16137296052353762183,0,15,16,57,9,0,2,3,2,82328,4802.5205078125,0,0,3
1767771118.3559325,16137296052353762183,0,16,10,58,20,1,3,3,2,80828,4854.45361328125,0,0,4
1767771118.3559325,16137296052353762183,0,17,5,58,6,10,2,3,2,80548,4808.76904296875,0,0,3
1767771118.3559325,16137296052353762183,0,18,18,9,17,0,0,4,3,83068,788.0690307617188,0,0,1
1767771118.3559325,16137296052353762183,0,19,20,0,18,0,0,4,1,0,4964.653981829062,0,0,1
1767771118.3559325,16137296052353762183,0,20,0,0,0,0,0,0,0,0,0.0,0,0,0
1767771118.3559325,16137296052353762183,0,21,0,0,0,0,0,0,0,0,0.0,0,0,0
1767771123.3748,16137296052353762183,0,0,17,33,15,0,1,4,3,82326,2862.583740234375,0,0,2
1767771123.3748,16137296052353762183,0,1,1,58,2,25,2,3,2,79789,4784.58740234375,0,0,3
1767771123.3748,16137296052353762183,0,2,19,2,13,0,0,4,3,84306,236.94192504882812,0,0,1
1767771123.3748,16137296052353762183,0,3,8,58,1,4,2,3,2,81029,4831.4365234375,0,0,3
1767771123.3748,16137296052353762183,0,4,7,58,12,6,2,3,2,80379,4829.19775390625,0,0,3
1767771123.3748,16137296052353762183,0,5,12,58,8,0,2,3,2,81216,4857.998046875,0,0,3
1767771123.3748,16137296052353762183,0,6,13,58,10,0,2,3,2,81244,4858.51025390625,0,0,3
1767771123.3748,16137296052353762183,0,7,4,58,5,12,2,3,2,79829,4800.7900390625,0,0,3
1767771123.3748,16137296052353762183,0,8,11,58,16,0,2,3,2,81058,4857.7373046875,0,0,3
1767771123.3748,16137296052353762183,0,9,2,58,4,18,2,3,2,80084,4789.87158203125,0,0,3
1767771123.3748,16137296052353762183,0,10,14,58,19,0,2,3,2,81334,4865.17431640625,0,0,3
1767771123.3748,16137296052353762183,0,11,15,58,14,0,2,3,2,81371,4865.95361328125,0,0,3
1767771123.3748,16137296052353762183,0,12,3,58,3,15,2,3,2,80300,4799.7841796875,0,0,3
1767771123.3748,16137296052353762183,0,13,9,58,11,2,3,3,2,80304,4841.787109375,0,0,4
1767771123.3748,16137296052353762183,0,14,6,58,7,8,2,3,2,80776,4828.75390625,0,0,3
1767771123.3748,16137296052353762183,0,15,16,57,9,0,2,3,2,82328,4802.5205078125,0,0,3
1767771123.3748,16137296052353762183,0,16,10,58,20,1,3,3,2,80828,4854.45361328125,0,0,4
1767771123.3748,16137296052353762183,0,17,5,58,6,10,2,3,2,80548,4808.76904296875,0,0,3
1767771123.3748,16137296052353762183,0,18,18,9,17,0,0,4,3,83068,788.0690307617188,0,0,1
1767771123.3748,16137296052353762183,0,19,20,0,18,0,0,4,1,0,4964.653981829062,0,0,1
1767771123.3748,16137296052353762183,0,20,0,0,0,0,0,0,0,0,0.0,0,0,0
1767771123.3748,16137296052353762183,0,21,0,0,0,0,0,0,0,0,0.0,0,0,0
1767771128.3753965,16137296052353762183,0,0,17,33,15,0,1,4,3,82326,2862.583740234375,0,0,2
1767771128.3753965,16137296052353762183,0,1,1,58,2,25,2,3,2,79789,4784.58740234375,0,0,3
1767771128.3753965,16137296052353762183,0,2,19,2,13,0,0,4,3,84306,236.94192504882812,0,0,1
1767771128.3753965,16137296052353762183,0,3,8,58,1,4,2,3,2,81029,4831.4365234375,0,0,3
1767771128.3753965,16137296052353762183,0,4,7,58,12,6,2,3,2,80379,4829.19775390625,0,0,3
1767771128.3753965,16137296052353762183,0,5,12,58,8,0,2,3,2,81216,4857.998046875,0,0,3
1767771128.3753965,16137296052353762183,0,6,13,58,10,0,2,3,2,81244,4858.51025390625,0,0,3
1767771128.3753965,16137296052353762183,0,7,4,58,5,12,2,3,2,79829,4800.7900390625,0,0,3
1767771128.3753965,16137296052353762183,0,8,11,58,16,0,2,3,2,81058,4857.7373046875,0,0,3
1767771128.3753965,16137296052353762183,0,9,2,58,4,18,2,3,2,80084,4789.87158203125,0,0,3
1767771128.3753965,16137296052353762183,0,10,14,58,19,0,2,3,2,81334,4865.17431640625,0,0,3
1767771128.3753965,16137296052353762183,0,11,15,58,14,0,2,3,2,81371,4865.95361328125,0,0,3
1767771128.3753965,16137296052353762183,0,12,3,58,3,15,2,3,2,80300,4799.7841796875,0,0,3
1767771128.3753965,16137296052353762183,0,13,9,58,11,2,3,3,2,80304,4841.787109375,0,0,4
1767771128.3753965,16137296052353762183,0,14,6,58,7,8,2,3,2,80776,4828.75390625,0,0,3
1767771128.3753965,16137296052353762183,0,15,16,57,9,0,2,3,2,82328,4802.5205078125,0,0,3
1767771128.3753965,16137296052353762183,0,16,10,58,20,1,3,3,2,80828,4854.45361328125,0,0,4
1767771128.3753965,16137296052353762183,0,17,5,58,6,10,2,3,2,80548,4808.76904296875,0,0,3
1767771128.3753965,16137296052353762183,0,18,18,9,17,0,0,4,3,83068,788.0690307617188,0,0,1
1767771128.3753965,16137296052353762183,0,19,20,0,18,0,0,4,1,0,4964.653981829062,0,0,1
1767771128.3753965,16137296052353762183,0,20,0,0,0,0,0,0,0,0,0.0,0,0,0
1767771128.3753965,16137296052353762183,0,21,0,0,0,0,0,0,0,0,0.0,0,0,0
1767771133.399484,16137296052353762183,0,0,17,33,15,0,1,4,3,82326,2862.583740234375,0,0,2
1767771133.399484,16137296052353762183,0,1,1,58,2,25,2,3,2,79789,4784.58740234375,0,0,3
1767771133.399484,16137296052353762183,0,2,19,2,13,0,0,4,3,84306,236.94192504882812,0,0,1
1767771133.399484,16137296052353762183,0,3,8,58,1,4,2,3,2,81029,4831.4365234375,0,0,3
1767771133.399484,16137296052353762183,0,4,7,58,12,6,2,3,2,80379,4829.19775390625,0,0,3
1767771133.399484,16137296052353762183,0,5,12,58,8,0,2,3,2,81216,4857.998046875,0,0,3
1767771133.399484,16137296052353762183,0,6,13,58,10,0,2,3,2,81244,4858.51025390625,0,0,3
1767771133.399484,16137296052353762183,0,7,4,58,5,12,2,3,2,79829,4800.7900390625,0,0,3
1767771133.399484,16137296052353762183,0,8,11,58,16,0,2,3,2,81058,4857.7373046875,0,0,3
1767771133.399484,16137296052353762183,0,9,2,58,4,18,2,3,2,80084,4789.87158203125,0,0,3
1767771133.399484,16137296052353762183,0,10,14,58,19,0,2,3,2,81334,4865.17431640625,0,0,3
1767771133.399484,16137296052353762183,0,11,15,58,14,0,2,3,2,81371,4865.95361328125,0,0,3
1767771133.399484,16137296052353762183,0,12,3,58,3,15,2,3,2,80300,4799.7841796875,0,0,3
1767771133.399484,16137296052353762183,0,13,9,58,11,2,3,3,2,80304,4841.787109375,0,0,4
1767771133.399484,16137296052353762183,0,14,6,58,7,8,2,3,2,80776,4828.75390625,0,0,3
1767771133.399484,16137296052353762183,0,15,16,57,9,0,2,3,2,82328,4802.5205078125,0,0,3
1767771133.399484,16137296052353762183,0,16,10,58,20,1,3,3,2,80828,4854.45361328125,0,0,4
1767771133.399484,16137296052353762183,0,17,5,58,6,10,2,3,2,80548,4808.76904296875,0,0,3
1767771133.399484,16137296052353762183,0,18,18,9,17,0,0,4,3,83068,788.0690307617188,0,0,1
1767771133.399484,16137296052353762183,0,19,20,0,18,0,0,4,1,0,4964.653981829062,0,0,1
1767771133.399484,16137296052353762183,0,20,0,0,0,0,0,0,0,0,0.0,0,0,0
1767771133.399484,16137296052353762183,0,21,0,0,0,0,0,0,0,0,0.0,0,0,0
1767771138.420297,16137296052353762183,0,0,17,33,15,0,1,4,3,82326,2862.583740234375,0,0,2
1767771138.420297,16137296052353762183,0,1,1,58,2,25,2,3,2,79789,4784.58740234375,0,0,3
1767771138.420297,16137296052353762183,0,2,19,2,13,0,0,4,3,84306,236.94192504882812,0,0,1
1767771138.420297,16137296052353762183,0,3,8,58,1,4,2,3,2,81029,4831.4365234375,0,0,3
1767771138.420297,16137296052353762183,0,4,7,58,12,6,2,3,2,80379,4829.19775390625,0,0,3
1767771138.420297,16137296052353762183,0,5,12,58,8,0,2,3,2,81216,4857.998046875,0,0,3
1767771138.420297,16137296052353762183,0,6,13,58,10,0,2,3,2,81244,4858.51025390625,0,0,3
1767771138.420297,16137296052353762183,0,7,4,58,5,12,2,3,2,79829,4800.7900390625,0,0,3
1767771138.420297,16137296052353762183,0,8,11,58,16,0,2,3,2,81058,4857.7373046875,0,0,3
1767771138.420297,16137296052353762183,0,9,2,58,4,18,2,3,2,80084,4789.87158203125,0,0,3
1767771138.420297,16137296052353762183,0,10,14,58,19,0,2,3,2,81334,4865.17431640625,0,0,3
1767771138.420297,16137296052353762183,0,11,15,58,14,0,2,3,2,81371,4865.95361328125,0,0,3
1767771138.420297,16137296052353762183,0,12,3,58,3,15,2,3,2,80300,4799.7841796875,0,0,3
1767771138.420297,16137296052353762183,0,13,9,58,11,2,3,3,2,80304,4841.787109375,0,0,4
1767771138.420297,16137296052353762183,0,14,6,58,7,8,2,3,2,80776,4828.75390625,0,0,3
1767771138.420297,16137296052353762183,0,15,16,57,9,0,2,3,2,82328,4802.5205078125,0,0,3
1767771138.420297,16137296052353762183,0,16,10,58,20,1,3,3,2,80828,4854.45361328125,0,0,4
1767771138.420297,16137296052353762183,0,17,5,58,6,10,2,3,2,80548,4808.76904296875,0,0,3
1767771138.420297,16137296052353762183,0,18,18,9,17,0,0,4,3,83068,788.0690307617188,0,0,1
1767771138.420297,16137296052353762183,0,19,20,0,18,0,0,4,1,0,4964.653981829062,0,0,1
1767771138.420297,16137296052353762183,0,20,0,0,0,0,0,0,0,0,0.0,0,0,0
1767771138.420297,16137296052353762183,0,21,0,0,0,0,0,0,0,0,0.0,0,0,0
1767771143.4419923,16137296052353762183,0,0,17,33,15,0,1,4,3,82326,2862.583740234375,0,0,2
1767771143.4419923,16137296052353762183,0,1,1,58,2,25,2,3,2,79789,4784.58740234375,0,0,3
1767771143.4419923,16137296052353762183,0,2,19,2,13,0,0,4,3,84306,236.94192504882812,0,0,1
1767771143.4419923,16137296052353762183,0,3,8,58,1,4,2,3,2,81029,4831.4365234375,0,0,3
1767771143.4419923,16137296052353762183,0,4,7,58,12,6,2,3,2,80379,4829.19775390625,0,0,3
1767771143.4419923,16137296052353762183,0,5,12,58,8,0,2,3,2,81216,4857.998046875,0,0,3
1767771143.4419923,16137296052353762183,0,6,13,58,10,0,2,3,2,81244,4858.51025390625,0,0,3
1767771143.4419923,16137296052353762183,0,7,4,58,5,12,2,3,2,79829,4800.7900390625,0,0,3
1767771143.4419923,16137296052353762183,0,8,11,58,16,0,2,3,2,81058,4857.7373046875,0,0,3
1767771143.4419923,16137296052353762183,0,9,2,58,4,18,2,3,2,80084,4789.87158203125,0,0,3
1767771143.4419923,16137296052353762183,0,10,14,58,19,0,2,3,2,81334,4865.17431640625,0,0,3
1767771143.4419923,16137296052353762183,0,11,15,58,14,0,2,3,2,81371,4865.95361328125,0,0,3
1767771143.4419923,16137296052353762183,0,12,3,58,3,15,2,3,2,80300,4799.7841796875,0,0,3
1767771143.4419923,16137296052353762183,0,13,9,58,11,2,3,3,2,80304,4841.787109375,0,0,4
1767771143.4419923,16137296052353762183,0,14,6,58,7,8,2,3,2,80776,4828.75390625,0,0,3
1767771143.4419923,16137296052353762183,0,15,16,57,9,0,2,3,2,82328,4802.5205078125,0,0,3
1767771143.4419923,16137296052353762183,0,16,10,58,20,1,3,3,2,80828,4854.45361328125,0,0,4
1767771143.4419923,16137296052353762183,0,17,5,58,6,10,2,3,2,80548,4808.76904296875,0,0,3
1767771143.4419923,16137296052353762183,0,18,18,9,17,0,0,4,3,83068,788.0690307617188,0,0,1
1767771143.4419923,16137296052353762183,0,19,20,0,18,0,0,4,1,0,4964.653981829062,0,0,1
1767771143.4419923,16137296052353762183,0,20,0,0,0,0,0,0,0,0,0.0,0,0,0
1767771143.4419923,16137296052353762183,0,21,0,0,0,0,0,0,0,0,0.0,0,0,0
1767771148.4491875,16137296052353762183,0,0,17,33,15,0,1,4,3,82326,2862.583740234375,0,0,2
1767771148.4491875,16137296052353762183,0,1,1,58,2,25,2,3,2,79789,4784.58740234375,0,0,3
1767771148.4491875,16137296052353762183,0,2,19,2,13,0,0,4,3,84306,236.94192504882812,0,0,1
1767771148.4491875,16137296052353762183,0,3,8,58,1,4,2,3,2,81029,4831.4365234375,0,0,3
1767771148.4491875,16137296052353762183,0,4,7,58,12,6,2,3,2,80379,4829.19775390625,0,0,3
1767771148.4491875,16137296052353762183,0,5,12,58,8,0,2,3,2,81216,4857.998046875,0,0,3
1767771148.4491875,16137296052353762183,0,6,13,58,10,0,2,3,2,81244,4858.51025390625,0,0,3
1767771148.4491875,16137296052353762183,0,7,4,58,5,12,2,3,2,79829,4800.7900390625,0,0,3
1767771148.4491875,16137296052353762183,0,8,11,58,16,0,2,3,2,81058,4857.7373046875,0,0,3
1767771148.4491875,16137296052353762183,0,9,2,58,4,18,2,3,2,80084,4789.87158203125,0,0,3
1767771148.4491875,16137296052353762183,0,10,14,58,19,0,2,3,2,81334,4865.17431640625,0,0,3
1767771148.4491875,16137296052353762183,0,11,15,58,14,0,2,3,2,81371,4865.95361328125,0,0,3
1767771148.4491875,16137296052353762183,0,12,3,58,3,15,2,3,2,80300,4799.7841796875,0,0,3
1767771148.4491875,16137296052353762183,0,13,9,58,11,2,3,3,2,80304,4841.787109375,0,0,4
1767771148.4491875,16137296052353762183,0,14,6,58,7,8,2,3,2,80776,4828.75390625,0,0,3
1767771148.4491875,16137296052353762183,0,15,16,57,9,0,2,3,2,82328,4802.5205078125,0,0,3
1767771148.4491875,16137296052353762183,0,16,10,58,20,1,3,3,2,80828,4854.45361328125,0,0,4
1767771148.4491875,16137296052353762183,0,17,5,58,6,10,2,3,2,80548,4808.76904296875,0,0,3
1767771148.4491875,16137296052353762183,0,18,18,9,17,0,0,4,3,83068,788.0690307617188,0,0,1
1767771148.4491875,16137296052353762183,0,19,20,0,18,0,0,4,1,0,4964.653981829062,0,0,1
1767771148.4491875,16137296052353762183,0,20,0,0,0,0,0,0,0,0,0.0,0,0,0
1767771148.4491875,16137296052353762183,0,21,0,0,0,0,0,0,0,0,0.0,0,0,0
1767771153.456225,16137296052353762183,0,0,17,33,15,0,1,4,3,82326,2862.583740234375,0,0,2
1767771153.456225,16137296052353762183,0,1,1,58,2,25,2,3,2,79789,4784.58740234375,0,0,3
1767771153.456225,16137296052353762183,0,2,19,2,13,0,0,4,3,84306,236.94192504882812,0,0,1
1767771153.456225,16137296052353762183,0,3,8,58,1,4,2,3,2,81029,4831.4365234375,0,0,3
1767771153.456225,16137296052353762183,0,4,7,58,12,6,2,3,2,80379,4829.19775390625,0,0,3
1767771153.456225,16137296052353762183,0,5,12,58,8,0,2,3,2,81216,4857.998046875,0,0,3
1767771153.456225,16137296052353762183,0,6,13,58,10,0,2,3,2,81244,4858.51025390625,0,0,3
1767771153.456225,16137296052353762183,0,7,4,58,5,12,2,3,2,79829,4800.7900390625,0,0,3
1767771153.456225,16137296052353762183,0,8,11,58,16,0,2,3,2,81058,4857.7373046875,0,0,3
1767771153.456225,16137296052353762183,0,9,2,58,4,18,2,3,2,80084,4789.87158203125,0,0,3
1767771153.456225,16137296052353762183,0,10,14,58,19,0,2,3,2,81334,4865.17431640625,0,0,3
1767771153.456225,16137296052353762183,0,11,15,58,14,0,2,3,2,81371,4865.95361328125,0,0,3
1767771153.456225,16137296052353762183,0,12,3,58,3,15,2,3,2,80300,4799.7841796875,0,0,3
1767771153.456225,16137296052353762183,0,13,9,58,11,2,3,3,2,80304,4841.787109375,0,0,4
1767771153.456225,16137296052353762183,0,14,6,58,7,8,2,3,2,80776,4828.75390625,0,0,3
1767771153.456225,16137296052353762183,0,15,16,57,9,0,2,3,2,82328,4802.5205078125,0,0,3
1767771153.456225,16137296052353762183,0,16,10,58,20,1,3,3,2,80828,4854.45361328125,0,0,4
1767771153.456225,16137296052353762183,0,17,5,58,6,10,2,3,2,80548,4808.76904296875,0,0,3
1767771153.456225,16137296052353762183,0,18,18,9,17,0,0,4,3,83068,788.0690307617188,0,0,1
1767771153.456225,16137296052353762183,0,19,20,0,18,0,0,4,1,0,4964.653981829062,0,0,1
1767771153.456225,16137296052353762183,0,20,0,0,0,0,0,0,0,0,0.0,0,0,0
1767771153.456225,16137296052353762183,0,21,0,0,0,0,0,0,0,0,0.0,0,0,0
1767771158.4575765,16137296052353762183,0,0,17,33,15,0,1,4,3,82326,2862.583740234375,0,0,2
1767771158.4575765,16137296052353762183,0,1,1,58,2,25,2,3,2,79789,4784.58740234375,0,0,3
1767771158.4575765,16137296052353762183,0,2,19,2,13,0,0,4,3,84306,236.94192504882812,0,0,1
1767771158.4575765,16137296052353762183,0,3,8,58,1,4,2,3,2,81029,4831.4365234375,0,0,3
1767771158.4575765,16137296052353762183,0,4,7,58,12,6,2,3,2,80379,4829.19775390625,0,0,3
1767771158.4575765,16137296052353762183,0,5,12,58,8,0,2,3,2,81216,4857.998046875,0,0,3
1767771158.4575765,16137296052353762183,0,6,13,58,10,0,2,3,2,81244,4858.51025390625,0,0,3
1767771158.4575765,16137296052353762183,0,7,4,58,5,12,2,3,2,79829,4800.7900390625,0,0,3
1767771158.4575765,16137296052353762183,0,8,11,58,16,0,2,3,2,81058,4857.7373046875,0,0,3
1767771158.4575765,16137296052353762183,0,9,2,58,4,18,2,3,2,80084,4789.87158203125,0,0,3
1767771158.4575765,16137296052353762183,0,10,14,58,19,0,2,3,2,81334,4865.17431640625,0,0,3
1767771158.4575765,16137296052353762183,0,11,15,58,14,0,2,3,2,81371,4865.95361328125,0,0,3
1767771158.4575765,16137296052353762183,0,12,3,58,3,15,2,3,2,80300,4799.7841796875,0,0,3
1767771158.4575765,16137296052353762183,0,13,9,58,11,2,3,3,2,80304,4841.787109375,0,0,4
1767771158.4575765,16137296052353762183,0,14,6,58,7,8,2,3,2,80776,4828.75390625,0,0,3
1767771158.4575765,16137296052353762183,0,15,16,57,9,0,2,3,2,82328,4802.5205078125,0,0,3
1767771158.4575765,16137296052353762183,0,16,10,58,20,1,3,3,2,80828,4854.45361328125,0,0,4
1767771158.4575765,16137296052353762183,0,17,5,58,6,10,2,3,2,80548,4808.76904296875,0,0,3
1767771158.4575765,16137296052353762183,0,18,18,9,17,0,0,4,3,83068,788.0690307617188,0,0,1
1767771158.4575765,16137296052353762183,0,19,20,0,18,0,0,4,1,0,4964.653981829062,0,0,1
1767771158.4575765,16137296052353762183,0,20,0,0,0,0,0,0,0,0,0.0,0,0,0
1767771158.4575765,16137296052353762183,0,21,0,0,0,0,0,0,0,0,0.0,0,0,0
1767771163.4625201,16137296052353762183,0,0,17,33,15,0,1,4,3,82326,2862.583740234375,0,0,2
1767771163.4625201,16137296052353762183,0,1,1,58,2,25,2,3,2,79789,4784.58740234375,0,0,3
1767771163.4625201,16137296052353762183,0,2,19,2,13,0,0,4,3,84306,236.94192504882812,0,0,1
1767771163.4625201,16137296052353762183,0,3,8,58,1,4,2,3,2,81029,4831.4365234375,0,0,3
1767771163.4625201,16137296052353762183,0,4,7,58,12,6,2,3,2,80379,4829.19775390625,0,0,3
1767771163.4625201,16137296052353762183,0,5,12,58,8,0,2,3,2,81216,4857.998046875,0,0,3
1767771163.4625201,16137296052353762183,0,6,13,58,10,0,2,3,2,81244,4858.51025390625,0,0,3
1767771163.4625201,16137296052353762183,0,7,4,58,5,12,2,3,2,79829,4800.7900390625,0,0,3
1767771163.4625201,16137296052353762183,0,8,11,58,16,0,2,3,2,81058,4857.7373046875,0,0,3
1767771163.4625201,16137296052353762183,0,9,2,58,4,18,2,3,2,80084,4789.87158203125,0,0,3
1767771163.4625201,16137296052353762183,0,10,14,58,19,0,2,3,2,81334,4865.17431640625,0,0,3
1767771163.4625201,16137296052353762183,0,11,15,58,14,0,2,3,2,81371,4865.95361328125,0,0,3
1767771163.4625201,16137296052353762183,0,12,3,58,3,15,2,3,2,80300,4799.7841796875,0,0,3
1767771163.4625201,16137296052353762183,0,13,9,58,11,2,3,3,2,80304,4841.787109375,0,0,4
1767771163.4625201,16137296052353762183,0,14,6,58,7,8,2,3,2,80776,4828.75390625,0,0,3
1767771163.4625201,16137296052353762183,0,15,16,57,9,0,2,3,2,82328,4802.5205078125,0,0,3
1767771163.4625201,16137296052353762183,0,16,10,58,20,1,3,3,2,80828,4854.45361328125,0,0,4
1767771163.4625201,16137296052353762183,0,17,5,58,6,10,2,3,2,80548,4808.76904296875,0,0,3
1767771163.4625201,16137296052353762183,0,18,18,9,17,0,0,4,3,83068,788.0690307617188,0,0,1
1767771163.4625201,16137296052353762183,0,19,20,0,18,0,0,4,1,0,4964.653981829062,0,0,1
1767771163.4625201,16137296052353762183,0,20,0,0,0,0,0,0,0,0,0.0,0,0,0
1767771163.4625201,16137296052353762183,0,21,0,0,0,0,0,0,0,0,0.0,0,0,0
1767771168.4878843,16137296052353762183,0,0,17,33,15,0,1,4,3,82326,2862.583740234375,0,0,2
1767771168.4878843,16137296052353762183,0,1,1,58,2,25,2,3,2,79789,4784.58740234375,0,0,3
1767771168.4878843,16137296052353762183,0,2,19,2,13,0,0,4,3,84306,236.94192504882812,0,0,1
1767771168.4878843,16137296052353762183,0,3,8,58,1,4,2,3,2,81029,4831.4365234375,0,0,3
1767771168.4878843,16137296052353762183,0,4,7,58,12,6,2,3,2,80379,4829.19775390625,0,0,3
1767771168.4878843,16137296052353762183,0,5,12,58,8,0,2,3,2,81216,4857.998046875,0,0,3
1767771168.4878843,16137296052353762183,0,6,13,58,10,0,2,3,2,81244,4858.51025390625,0,0,3
1767771168.4878843,16137296052353762183,0,7,4,58,5,12,2,3,2,79829,4800.7900390625,0,0,3
1767771168.4878843,16137296052353762183,0,8,11,58,16,0,2,3,2,81058,4857.7373046875,0,0,3
1767771168.4878843,16137296052353762183,0,9,2,58,4,18,2,3,2,80084,4789.87158203125,0,0,3
1767771168.4878843,16137296052353762183,0,10,14,58,19,0,2,3,2,81334,4865.17431640625,0,0,3
1767771168.4878843,16137296052353762183,0,11,15,58,14,0,2,3,2,81371,4865.95361328125,0,0,3
1767771168.4878843,16137296052353762183,0,12,3,58,3,15,2,3,2,80300,4799.7841796875,0,0,3
1767771168.4878843,16137296052353762183,0,13,9,58,11,2,3,3,2,80304,4841.787109375,0,0,4
1767771168.4878843,16137296052353762183,0,14,6,58,7,8,2,3,2,80776,4828.75390625,0,0,3
1767771168.4878843,16137296052353762183,0,15,16,57,9,0,2,3,2,82328,4802.5205078125,0,0,3
1767771168.4878843,16137296052353762183,0,16,10,58,20,1,3,3,2,80828,4854.45361328125,0,0,4
1767771168.4878843,16137296052353762183,0,17,5,58,6,10,2,3,2,80548,4808.76904296875,0,0,3
1767771168.4878843,16137296052353762183,0,18,18,9,17,0,0,4,3,83068,788.0690307617188,0,0,1
1767771168.4878843,16137296052353762183,0,19,20,0,18,0,0,4,1,0,4964.653981829062,0,0,1
1767771168.4878843,16137296052353762183,0,20,0,0,0,0,0,0,0,0,0.0,0,0,0
1767771168.4878843,16137296052353762183,0,21,0,0,0,0,0,0,0,0,0.0,0,0,0
1767771173.490834,16137296052353762183,0,0,17,33,15,0,1,4,3,82326,2862.583740234375,0,0,2
1767771173.490834,16137296052353762183,0,1,1,58,2,25,2,3,2,79789,4784.58740234375,0,0,3
1767771173.490834,16137296052353762183,0,2,19,2,13,0,0,4,3,84306,236.94192504882812,0,0,1
1767771173.490834,16137296052353762183,0,3,8,58,1,4,2,3,2,81029,4831.4365234375,0,0,3
1767771173.490834,16137296052353762183,0,4,7,58,12,6,2,3,2,80379,4829.19775390625,0,0,3
1767771173.490834,16137296052353762183,0,5,12,58,8,0,2,3,2,81216,4857.998046875,0,0,3
1767771173.490834,16137296052353762183,0,6,13,58,10,0,2,3,2,81244,4858.51025390625,0,0,3
1767771173.490834,16137296052353762183,0,7,4,58,5,12,2,3,2,79829,4800.7900390625,0,0,3
1767771173.490834,16137296052353762183,0,8,11,58,16,0,2,3,2,81058,4857.7373046875,0,0,3
1767771173.490834,16137296052353762183,0,9,2,58,4,18,2,3,2,80084,4789.87158203125,0,0,3
1767771173.490834,16137296052353762183,0,10,14,58,19,0,2,3,2,81334,4865.17431640625,0,0,3
1767771173.490834,16137296052353762183,0,11,15,58,14,0,2,3,2,81371,4865.95361328125,0,0,3
1767771173.490834,16137296052353762183,0,12,3,58,3,15,2,3,2,80300,4799.7841796875,0,0,3
1767771173.490834,16137296052353762183,0,13,9,58,11,2,3,3,2,80304,4841.787109375,0,0,4
1767771173.490834,16137296052353762183,0,14,6,58,7,8,2,3,2,80776,4828.75390625,0,0,3
1767771173.490834,16137296052353762183,0,15,16,57,9,0,2,3,2,82328,4802.5205078125,0,0,3
1767771173.490834,16137296052353762183,0,16,10,58,20,1,3,3,2,80828,4854.45361328125,0,0,4
1767771173.490834,16137296052353762183,0,17,5,58,6,10,2,3,2,80548,4808.76904296875,0,0,3
1767771173.490834,16137296052353762183,0,18,18,9,17,0,0,4,3,83068,788.0690307617188,0,0,1
1767771173.490834,16137296052353762183,0,19,20,0,18,0,0,4,1,0,4964.653981829062,0,0,1
1767771173.490834,16137296052353762183,0,20,0,0,0,0,0,0,0,0,0.0,0,0,0
1767771173.490834,16137296052353762183,0,21,0,0,0,0,0,0,0,0,0.0,0,0,0
1767771178.4986622,16137296052353762183,0,0,17,33,15,0,1,4,3,82326,2862.583740234375,0,0,2
1767771178.4986622,16137296052353762183,0,1,1,58,2,25,2,3,2,79789,4784.58740234375,0,0,3
1767771178.4986622,16137296052353762183,0,2,19,2,13,0,0,4,3,84306,236.94192504882812,0,0,1
1767771178.4986622,16137296052353762183,0,3,8,58,1,4,2,3,2,81029,4831.4365234375,0,0,3
1767771178.4986622,16137296052353762183,0,4,7,58,12,6,2,3,2,80379,4829.19775390625,0,0,3
1767771178.4986622,16137296052353762183,0,5,12,58,8,0,2,3,2,81216,4857.998046875,0,0,3
1767771178.4986622,16137296052353762183,0,6,13,58,10,0,2,3,2,81244,4858.51025390625,0,0,3
1767771178.4986622,16137296052353762183,0,7,4,58,5,12,2,3,2,79829,4800.7900390625,0,0,3
1767771178.4986622,16137296052353762183,0,8,11,58,16,0,2,3,2,81058,4857.7373046875,0,0,3
1767771178.4986622,16137296052353762183,0,9,2,58,4,18,2,3,2,80084,4789.87158203125,0,0,3
1767771178.4986622,16137296052353762183,0,10,14,58,19,0,2,3,2,81334,4865.17431640625,0,0,3
1767771178.4986622,16137296052353762183,0,11,15,58,14,0,2,3,2,81371,4865.95361328125,0,0,3
1767771178.4986622,16137296052353762183,0,12,3,58,3,15,2,3,2,80300,4799.7841796875,0,0,3
1767771178.4986622,16137296052353762183,0,13,9,58,11,2,3,3,2,80304,4841.787109375,0,0,4
1767771178.4986622,16137296052353762183,0,14,6,58,7,8,2,3,2,80776,4828.75390625,0,0,3
1767771178.4986622,16137296052353762183,0,15,16,57,9,0,2,3,2,82328,4802.5205078125,0,0,3
1767771178.4986622,16137296052353762183,0,16,10,58,20,1,3,3,2,80828,4854.45361328125,0,0,4
1767771178.4986622,16137296052353762183,0,17,5,58,6,10,2,3,2,80548,4808.76904296875,0,0,3
1767771178.4986622,16137296052353762183,0,18,18,9,17,0,0,4,3,83068,788.0690307617188,0,0,1
1767771178.4986622,16137296052353762183,0,19,20,0,18,0,0,4,1,0,4964.653981829062,0,0,1
1767771178.4986622,16137296052353762183,0,20,0,0,0,0,0,0,0,0,0.0,0,0,0
1767771178.4986622,16137296052353762183,0,21,0,0,0,0,0,0,0,0,0.0,0,0,0
1767771183.51447,16137296052353762183,0,0,17,33,15,0,1,4,3,82326,2862.583740234375,0,0,2
1767771183.51447,16137296052353762183,0,1,1,58,2,25,2,3,2,79789,4784.58740234375,0,0,3
1767771183.51447,16137296052353762183,0,2,19,2,13,0,0,4,3,84306,236.94192504882812,0,0,1
1767771183.51447,16137296052353762183,0,3,8,58,1,4,2,3,2,81029,4831.4365234375,0,0,3
1767771183.51447,16137296052353762183,0,4,7,58,12,6,2,3,2,80379,4829.19775390625,0,0,3
1767771183.51447,16137296052353762183,0,5,12,58,8,0,2,3,2,81216,4857.998046875,0,0,3
1767771183.51447,16137296052353762183,0,6,13,58,10,0,2,3,2,81244,4858.51025390625,0,0,3
1767771183.51447,16137296052353762183,0,7,4,58,5,12,2,3,2,79829,4800.7900390625,0,0,3
1767771183.51447,16137296052353762183,0,8,11,58,16,0,2,3,2,81058,4857.7373046875,0,0,3
1767771183.51447,16137296052353762183,0,9,2,58,4,18,2,3,2,80084,4789.87158203125,0,0,3
1767771183.51447,16137296052353762183,0,10,14,58,19,0,2,3,2,81334,4865.17431640625,0,0,3
1767771183.51447,16137296052353762183,0,11,15,58,14,0,2,3,2,81371,4865.95361328125,0,0,3
1767771183.51447,16137296052353762183,0,12,3,58,3,15,2,3,2,80300,4799.7841796875,0,0,3
1767771183.51447,16137296052353762183,0,13,9,58,11,2,3,3,2,80304,4841.787109375,0,0,4
1767771183.51447,16137296052353762183,0,14,6,58,7,8,2,3,2,80776,4828.75390625,0,0,3
1767771183.51447,16137296052353762183,0,15,16,57,9,0,2,3,2,82328,4802.5205078125,0,0,3
1767771183.51447,16137296052353762183,0,16,10,58,20,1,3,3,2,80828,4854.45361328125,0,0,4
1767771183.51447,16137296052353762183,0,17,5,58,6,10,2,3,2,80548,4808.76904296875,0,0,3
1767771183.51447,16137296052353762183,0,18,18,9,17,0,0,4,3,83068,788.0690307617188,0,0,1
1767771183.51447,16137296052353762183,0,19,20,0,18,0,0,4,1,0,4964.653981829062,0,0,1
1767771183.51447,16137296052353762183,0,20,0,0,0,0,0,0,0,0,0.0,0,0,0
1767771183.51447,16137296052353762183,0,21,0,0,0,0,0,0,0,0,0.0,0,0,0
1767771188.5326185,16137296052353762183,0,0,17,33,15,0,1,4,3,82326,2862.583740234375,0,0,2
1767771188.5326185,16137296052353762183,0,1,1,58,2,25,2,3,2,79789,4784.58740234375,0,0,3
1767771188.5326185,16137296052353762183,0,2,19,2,13,0,0,4,3,84306,236.94192504882812,0,0,1
1767771188.5326185,16137296052353762183,0,3,8,58,1,4,2,3,2,81029,4831.4365234375,0,0,3
1767771188.5326185,16137296052353762183,0,4,7,58,12,6,2,3,2,80379,4829.19775390625,0,0,3
1767771188.5326185,16137296052353762183,0,5,12,58,8,0,2,3,2,81216,4857.998046875,0,0,3
1767771188.5326185,16137296052353762183,0,6,13,58,10,0,2,3,2,81244,4858.51025390625,0,0,3
1767771188.5326185,16137296052353762183,0,7,4,58,5,12,2,3,2,79829,4800.7900390625,0,0,3
1767771188.5326185,16137296052353762183,0,8,11,58,16,0,2,3,2,81058,4857.7373046875,0,0,3
1767771188.5326185,16137296052353762183,0,9,2,58,4,18,2,3,2,80084,4789.87158203125,0,0,3
1767771188.5326185,16137296052353762183,0,10,14,58,19,0,2,3,2,81334,4865.17431640625,0,0,3
1767771188.5326185,16137296052353762183,0,11,15,58,14,0,2,3,2,81371,4865.95361328125,0,0,3
1767771188.5326185,16137296052353762183,0,12,3,58,3,15,2,3,2,80300,4799.7841796875,0,0,3
1767771188.5326185,16137296052353762183,0,13,9,58,11,2,3,3,2,80304,4841.787109375,0,0,4
1767771188.5326185,16137296052353762183,0,14,6,58,7,8,2,3,2,80776,4828.75390625,0,0,3
1767771188.5326185,16137296052353762183,0,15,16,57,9,0,2,3,2,82328,4802.5205078125,0,0,3
1767771188.5326185,16137296052353762183,0,16,10,58,20,1,3,3,2,80828,4854.45361328125,0,0,4
1767771188.5326185,16137296052353762183,0,17,5,58,6,10,2,3,2,80548,4808.76904296875,0,0,3
1767771188.5326185,16137296052353762183,0,18,18,9,17,0,0,4,3,83068,788.0690307617188,0,0,1
1767771188.5326185,16137296052353762183,0,19,20,0,18,0,0,4,1,0,4964.653981829062,0,0,1
1767771188.5326185,16137296052353762183,0,20,0,0,0,0,0,0,0,0,0.0,0,0,0
1767771188.5326185,16137296052353762183,0,21,0,0,0,0,0,0,0,0,0.0,0,0,0
1767771193.5554588,16137296052353762183,0,0,17,33,15,0,1,4,3,82326,2862.583740234375,0,0,2
1767771193.5554588,16137296052353762183,0,1,1,58,2,25,2,3,2,79789,4784.58740234375,0,0,3
1767771193.5554588,16137296052353762183,0,2,19,2,13,0,0,4,3,84306,236.94192504882812,0,0,1
1767771193.5554588,16137296052353762183,0,3,8,58,1,4,2,3,2,81029,4831.4365234375,0,0,3
1767771193.5554588,16137296052353762183,0,4,7,58,12,6,2,3,2,80379,4829.19775390625,0,0,3
1767771193.5554588,16137296052353762183,0,5,12,58,8,0,2,3,2,81216,4857.998046875,0,0,3
1767771193.5554588,16137296052353762183,0,6,13,58,10,0,2,3,2,81244,4858.51025390625,0,0,3
1767771193.5554588,16137296052353762183,0,7,4,58,5,12,2,3,2,79829,4800.7900390625,0,0,3
1767771193.5554588,16137296052353762183,0,8,11,58,16,0,2,3,2,81058,4857.7373046875,0,0,3
1767771193.5554588,16137296052353762183,0,9,2,58,4,18,2,3,2,80084,4789.87158203125,0,0,3
1767771193.5554588,16137296052353762183,0,10,14,58,19,0,2,3,2,81334,4865.17431640625,0,0,3
1767771193.5554588,16137296052353762183,0,11,15,58,14,0,2,3,2,81371,4865.95361328125,0,0,3
1767771193.5554588,16137296052353762183,0,12,3,58,3,15,2,3,2,80300,4799.7841796875,0,0,3
1767771193.5554588,16137296052353762183,0,13,9,58,11,2,3,3,2,80304,4841.787109375,0,0,4
1767771193.5554588,16137296052353762183,0,14,6,58,7,8,2,3,2,80776,4828.75390625,0,0,3
1767771193.5554588,16137296052353762183,0,15,16,57,9,0,2,3,2,82328,4802.5205078125,0,0,3
1767771193.5554588,16137296052353762183,0,16,10,58,20,1,3,3,2,80828,4854.45361328125,0,0,4
1767771193.5554588,16137296052353762183,0,17,5,58,6,10,2,3,2,80548,4808.76904296875,0,0,3
1767771193.5554588,16137296052353762183,0,18,18,9,17,0,0,4,3,83068,788.0690307617188,0,0,1
1767771193.5554588,16137296052353762183,0,19,20,0,18,0,0,4,1,0,4964.653981829062,0,0,1
1767771193.5554588,16137296052353762183,0,20,0,0,0,0,0,0,0,0,0.0,0,0,0
1767771193.5554588,16137296052353762183,0,21,0,0,0,0,0,0,0,0,0.0,0,0,0
1767771198.5599115,16137296052353762183,0,0,17,33,15,0,1,4,3,82326,2862.583740234375,0,0,2
1767771198.5599115,16137296052353762183,0,1,1,58,2,25,2,3,2,79789,4784.58740234375,0,0,3
1767771198.5599115,16137296052353762183,0,2,19,2,13,0,0,4,3,84306,236.94192504882812,0,0,1
1767771198.5599115,16137296052353762183,0,3,8,58,1,4,2,3,2,81029,4831.4365234375,0,0,3
1767771198.5599115,16137296052353762183,0,4,7,58,12,6,2,3,2,80379,4829.19775390625,0,0,3
1767771198.5599115,16137296052353762183,0,5,12,58,8,0,2,3,2,81216,4857.998046875,0,0,3
1767771198.5599115,16137296052353762183,0,6,13,58,10,0,2,3,2,81244,4858.51025390625,0,0,3
1767771198.5599115,16137296052353762183,0,7,4,58,5,12,2,3,2,79829,4800.7900390625,0,0,3
1767771198.5599115,16137296052353762183,0,8,11,58,16,0,2,3,2,81058,4857.7373046875,0,0,3
1767771198.5599115,16137296052353762183,0,9,2,58,4,18,2,3,2,80084,4789.87158203125,0,0,3
1767771198.5599115,16137296052353762183,0,10,14,58,19,0,2,3,2,81334,4865.17431640625,0,0,3
1767771198.5599115,16137296052353762183,0,11,15,58,14,0,2,3,2,81371,4865.95361328125,0,0,3
1767771198.5599115,16137296052353762183,0,12,3,58,3,15,2,3,2,80300,4799.7841796875,0,0,3
1767771198.5599115,16137296052353762183,0,13,9,58,11,2,3,3,2,80304,4841.787109375,0,0,4
1767771198.5599115,16137296052353762183,0,14,6,58,7,8,2,3,2,80776,4828.75390625,0,0,3
1767771198.5599115,16137296052353762183,0,15,16,57,9,0,2,3,2,82328,4802.5205078125,0,0,3
1767771198.5599115,16137296052353762183,0,16,10,58,20,1,3,3,2,80828,4854.45361328125,0,0,4
1767771198.5599115,16137296052353762183,0,17,5,58,6,10,2,3,2,80548,4808.76904296875,0,0,3
1767771198.5599115,16137296052353762183,0,18,18,9,17,0,0,4,3,83068,788.0690307617188,0,0,1
1767771198.5599115,16137296052353762183,0,19,20,0,18,0,0,4,1,0,4964.653981829062,0,0,1
1767771198.5599115,16137296052353762183,0,20,0,0,0,0,0,0,0,0,0.0,0,0,0
1767771198.5599115,16137296052353762183,0,21,0,0,0,0,0,0,0,0,0.0,0,0,0
1767771203.5681524,16137296052353762183,0,0,17,33,15,0,1,4,3,82326,2862.583740234375,0,0,2
1767771203.5681524,16137296052353762183,0,1,1,58,2,25,2,3,2,79789,4784.58740234375,0,0,3
1767771203.5681524,16137296052353762183,0,2,19,2,13,0,0,4,3,84306,236.94192504882812,0,0,1
1767771203.5681524,16137296052353762183,0,3,8,58,1,4,2,3,2,81029,4831.4365234375,0,0,3
1767771203.5681524,16137296052353762183,0,4,7,58,12,6,2,3,2,80379,4829.19775390625,0,0,3
1767771203.5681524,16137296052353762183,0,5,12,58,8,0,2,3,2,81216,4857.998046875,0,0,3
1767771203.5681524,16137296052353762183,0,6,13,58,10,0,2,3,2,81244,4858.51025390625,0,0,3
1767771203.5681524,16137296052353762183,0,7,4,58,5,12,2,3,2,79829,4800.7900390625,0,0,3
1767771203.5681524,16137296052353762183,0,8,11,58,16,0,2,3,2,81058,4857.7373046875,0,0,3
1767771203.5681524,16137296052353762183,0,9,2,58,4,18,2,3,2,80084,4789.87158203125,0,0,3
1767771203.5681524,16137296052353762183,0,10,14,58,19,0,2,3,2,81334,4865.17431640625,0,0,3
1767771203.5681524,16137296052353762183,0,11,15,58,14,0,2,3,2,81371,4865.95361328125,0,0,3
1767771203.5681524,16137296052353762183,0,12,3,58,3,15,2,3,2,80300,4799.7841796875,0,0,3
1767771203.5681524,16137296052353762183,0,13,9,58,11,2,3,3,2,80304,4841.787109375,0,0,4
1767771203.5681524,16137296052353762183,0,14,6,58,7,8,2,3,2,80776,4828.75390625,0,0,3
1767771203.5681524,16137296052353762183,0,15,16,57,9,0,2,3,2,82328,4802.5205078125,0,0,3
1767771203.5681524,16137296052353762183,0,16,10,58,20,1,3,3,2,80828,4854.45361328125,0,0,4
1767771203.5681524,16137296052353762183,0,17,5,58,6,10,2,3,2,80548,4808.76904296875,0,0,3
1767771203.5681524,16137296052353762183,0,18,18,9,17,0,0,4,3,83068,788.0690307617188,0,0,1
1767771203.5681524,16137296052353762183,0,19,20,0,18,0,0,4,1,0,4964.653981829062,0,0,1
1767771203.5681524,16137296052353762183,0,20,0,0,0,0,0,0,0,0,0.0,0,0,0
1767771203.5681524,16137296052353762183,0,21,0,0,0,0,0,0,0,0,0.0,0,0,0
1767771208.5721397,16137296052353762183,0,0,17,33,15,0,1,4,3,82326,2862.583740234375,0,0,2
1767771208.5721397,16137296052353762183,0,1,1,58,2,25,2,3,2,79789,4784.58740234375,0,0,3
1767771208.5721397,16137296052353762183,0,2,19,2,13,0,0,4,3,84306,236.94192504882812,0,0,1
1767771208.5721397,16137296052353762183,0,3,8,58,1,4,2,3,2,81029,4831.4365234375,0,0,3
1767771208.5721397,16137296052353762183,0,4,7,58,12,6,2,3,2,80379,4829.19775390625,0,0,3
1767771208.5721397,16137296052353762183,0,5,12,58,8,0,2,3,2,81216,4857.998046875,0,0,3
1767771208.5721397,16137296052353762183,0,6,13,58,10,0,2,3,2,81244,4858.51025390625,0,0,3
1767771208.5721397,16137296052353762183,0,7,4,58,5,12,2,3,2,79829,4800.7900390625,0,0,3
1767771208.5721397,16137296052353762183,0,8,11,58,16,0,2,3,2,81058,4857.7373046875,0,0,3
1767771208.5721397,16137296052353762183,0,9,2,58,4,18,2,3,2,80084,4789.87158203125,0,0,3
1767771208.5721397,16137296052353762183,0,10,14,58,19,0,2,3,2,81334,4865.17431640625,0,0,3
1767771208.5721397,16137296052353762183,0,11,15,58,14,0,2,3,2,81371,4865.95361328125,0,0,3
1767771208.5721397,16137296052353762183,0,12,3,58,3,15,2,3,2,80300,4799.7841796875,0,0,3
1767771208.5721397,16137296052353762183,0,13,9,58,11,2,3,3,2,80304,4841.787109375,0,0,4
1767771208.5721397,16137296052353762183,0,14,6,58,7,8,2,3,2,80776,4828.75390625,0,0,3
1767771208.5721397,16137296052353762183,0,15,16,57,9,0,2,3,2,82328,4802.5205078125,0,0,3
1767771208.5721397,16137296052353762183,0,16,10,58,20,1,3,3,2,80828,4854.45361328125,0,0,4
1767771208.5721397,16137296052353762183,0,17,5,58,6,10,2,3,2,80548,4808.76904296875,0,0,3
1767771208.5721397,16137296052353762183,0,18,18,9,17,0,0,4,3,83068,788.0690307617188,0,0,1
1767771208.5721397,16137296052353762183,0,19,20,0,18,0,0,4,1,0,4964.653981829062,0,0,1
1767771208.5721397,16137296052353762183,0,20,0,0,0,0,0,0,0,0,0.0,0,0,0
1767771208.5721397,16137296052353762183,0,21,0,0,0,0,0,0,0,0,0.0,0,0,0
1767771213.58715,16137296052353762183,0,0,17,33,15,0,1,4,3,82326,2862.583740234375,0,0,2
1767771213.58715,16137296052353762183,0,1,1,58,2,25,2,3,2,79789,4784.58740234375,0,0,3
1767771213.58715,16137296052353762183,0,2,19,2,13,0,0,4,3,84306,236.94192504882812,0,0,1
1767771213.58715,16137296052353762183,0,3,8,58,1,4,2,3,2,81029,4831.4365234375,0,0,3
1767771213.58715,16137296052353762183,0,4,7,58,12,6,2,3,2,80379,4829.19775390625,0,0,3
1767771213.58715,16137296052353762183,0,5,12,58,8,0,2,3,2,81216,4857.998046875,0,0,3
1767771213.58715,16137296052353762183,0,6,13,58,10,0,2,3,2,81244,4858.51025390625,0,0,3
1767771213.58715,16137296052353762183,0,7,4,58,5,12,2,3,2,79829,4800.7900390625,0,0,3
1767771213.58715,16137296052353762183,0,8,11,58,16,0,2,3,2,81058,4857.7373046875,0,0,3
1767771213.58715,16137296052353762183,0,9,2,58,4,18,2,3,2,80084,4789.87158203125,0,0,3
1767771213.58715,16137296052353762183,0,10,14,58,19,0,2,3,2,81334,4865.17431640625,0,0,3
1767771213.58715,16137296052353762183,0,11,15,58,14,0,2,3,2,81371,4865.95361328125,0,0,3
1767771213.58715,16137296052353762183,0,12,3,58,3,15,2,3,2,80300,4799.7841796875,0,0,3
1767771213.58715,16137296052353762183,0,13,9,58,11,2,3,3,2,80304,4841.787109375,0,0,4
1767771213.58715,16137296052353762183,0,14,6,58,7,8,2,3,2,80776,4828.75390625,0,0,3
1767771213.58715,16137296052353762183,0,15,16,57,9,0,2,3,2,82328,4802.5205078125,0,0,3
1767771213.58715,16137296052353762183,0,16,10,58,20,1,3,3,2,80828,4854.45361328125,0,0,4
1767771213.58715,16137296052353762183,0,17,5,58,6,10,2,3,2,80548,4808.76904296875,0,0,3
1767771213.58715,16137296052353762183,0,18,18,9,17,0,0,4,3,83068,788.0690307617188,0,0,1
1767771213.58715,16137296052353762183,0,19,20,0,18,0,0,4,1,0,4964.653981829062,0,0,1
1767771213.58715,16137296052353762183,0,20,0,0,0,0,0,0,0,0,0.0,0,0,0
1767771213.58715,16137296052353762183,0,21,0,0,0,0,0,0,0,0,0.0,0,0,0
1767771218.599345,16137296052353762183,0,0,17,33,15,0,1,4,3,82326,2862.583740234375,0,0,2
1767771218.599345,16137296052353762183,0,1,1,58,2,25,2,3,2,79789,4784.58740234375,0,0,3
1767771218.599345,16137296052353762183,0,2,19,2,13,0,0,4,3,84306,236.94192504882812,0,0,1
1767771218.599345,16137296052353762183,0,3,8,58,1,4,2,3,2,81029,4831.4365234375,0,0,3
1767771218.599345,16137296052353762183,0,4,7,58,12,6,2,3,2,80379,4829.19775390625,0,0,3
1767771218.599345,16137296052353762183,0,5,12,58,8,0,2,3,2,81216,4857.998046875,0,0,3
1767771218.599345,16137296052353762183,0,6,13,58,10,0,2,3,2,81244,4858.51025390625,0,0,3
1767771218.599345,16137296052353762183,0,7,4,58,5,12,2,3,2,79829,4800.7900390625,0,0,3
1767771218.599345,16137296052353762183,0,8,11,58,16,0,2,3,2,81058,4857.7373046875,0,0,3
1767771218.599345,16137296052353762183,0,9,2,58,4,18,2,3,2,80084,4789.87158203125,0,0,3
1767771218.599345,16137296052353762183,0,10,14,58,19,0,2,3,2,81334,4865.17431640625,0,0,3
1767771218.599345,16137296052353762183,0,11,15,58,14,0,2,3,2,81371,4865.95361328125,0,0,3
1767771218.599345,16137296052353762183,0,12,3,58,3,15,2,3,2,80300,4799.7841796875,0,0,3
1767771218.599345,16137296052353762183,0,13,9,58,11,2,3,3,2,80304,4841.787109375,0,0,4
1767771218.599345,16137296052353762183,0,14,6,58,7,8,2,3,2,80776,4828.75390625,0,0,3
1767771218.599345,16137296052353762183,0,15,16,57,9,0,2,3,2,82328,4802.5205078125,0,0,3
1767771218.599345,16137296052353762183,0,16,10,58,20,1,3,3,2,80828,4854.45361328125,0,0,4
1767771218.599345,16137296052353762183,0,17,5,58,6,10,2,3,2,80548,4808.76904296875,0,0,3
1767771218.599345,16137296052353762183,0,18,18,9,17,0,0,4,3,83068,788.0690307617188,0,0,1
1767771218.599345,16137296052353762183,0,19,20,0,18,0,0,4,1,0,4964.653981829062,0,0,1
1767771218.599345,16137296052353762183,0,20,0,0,0,0,0,0,0,0,0.0,0,0,0
1767771218.599345,16137296052353762183,0,21,0,0,0,0,0,0,0,0,0.0,0,0,0
1767771223.6065605,16137296052353762183,0,0,17,33,15,0,1,4,3,82326,2862.583740234375,0,0,2
1767771223.6065605,16137296052353762183,0,1,1,58,2,25,2,3,2,79789,4784.58740234375,0,0,3
1767771223.6065605,16137296052353762183,0,2,19,2,13,0,0,4,3,84306,236.94192504882812,0,0,1
1767771223.6065605,16137296052353762183,0,3,8,58,1,4,2,3,2,81029,4831.4365234375,0,0,3
1767771223.6065605,16137296052353762183,0,4,7,58,12,6,2,3,2,80379,4829.19775390625,0,0,3
1767771223.6065605,16137296052353762183,0,5,12,58,8,0,2,3,2,81216,4857.998046875,0,0,3
1767771223.6065605,16137296052353762183,0,6,13,58,10,0,2,3,2,81244,4858.51025390625,0,0,3
1767771223.6065605,16137296052353762183,0,7,4,58,5,12,2,3,2,79829,4800.7900390625,0,0,3
1767771223.6065605,16137296052353762183,0,8,11,58,16,0,2,3,2,81058,4857.7373046875,0,0,3
1767771223.6065605,16137296052353762183,0,9,2,58,4,18,2,3,2,80084,4789.87158203125,0,0,3
1767771223.6065605,16137296052353762183,0,10,14,58,19,0,2,3,2,81334,4865.17431640625,0,0,3
1767771223.6065605,16137296052353762183,0,11,15,58,14,0,2,3,2,81371,4865.95361328125,0,0,3
1767771223.6065605,16137296052353762183,0,12,3,58,3,15,2,3,2,80300,4799.7841796875,0,0,3
1767771223.6065605,16137296052353762183,0,13,9,58,11,2,3,3,2,80304,4841.787109375,0,0,4
1767771223.6065605,16137296052353762183,0,14,6,58,7,8,2,3,2,80776,4828.75390625,0,0,3
1767771223.6065605,16137296052353762183,0,15,16,57,9,0,2,3,2,82328,4802.5205078125,0,0,3
1767771223.6065605,16137296052353762183,0,16,10,58,20,1,3,3,2,80828,4854.45361328125,0,0,4
1767771223.6065605,16137296052353762183,0,17,5,58,6,10,2,3,2,80548,4808.76904296875,0,0,3
1767771223.6065605,16137296052353762183,0,18,18,9,17,0,0,4,3,83068,788.0690307617188,0,0,1
1767771223.6065605,16137296052353762183,0,19,20,0,18,0,0,4,1,0,4964.653981829062,0,0,1
1767771223.6065605,16137296052353762183,0,20,0,0,0,0,0,0,0,0,0.0,0,0,0
1767771223.6065605,16137296052353762183,0,21,0,0,0,0,0,0,0,0,0.0,0,0,0
1767771228.6103415,16137296052353762183,0,0,17,33,15,0,1,4,3,82326,2862.583740234375,0,0,2
1767771228.6103415,16137296052353762183,0,1,1,58,2,25,2,3,2,79789,4784.58740234375,0,0,3
1767771228.6103415,16137296052353762183,0,2,19,2,13,0,0,4,3,84306,236.94192504882812,0,0,1
1767771228.6103415,16137296052353762183,0,3,8,58,1,4,2,3,2,81029,4831.4365234375,0,0,3
1767771228.6103415,16137296052353762183,0,4,7,58,12,6,2,3,2,80379,4829.19775390625,0,0,3
1767771228.6103415,16137296052353762183,0,5,12,58,8,0,2,3,2,81216,4857.998046875,0,0,3
1767771228.6103415,16137296052353762183,0,6,13,58,10,0,2,3,2,81244,4858.51025390625,0,0,3
1767771228.6103415,16137296052353762183,0,7,4,58,5,12,2,3,2,79829,4800.7900390625,0,0,3
1767771228.6103415,16137296052353762183,0,8,11,58,16,0,2,3,2,81058,4857.7373046875,0,0,3
1767771228.6103415,16137296052353762183,0,9,2,58,4,18,2,3,2,80084,4789.87158203125,0,0,3
1767771228.6103415,16137296052353762183,0,10,14,58,19,0,2,3,2,81334,4865.17431640625,0,0,3
1767771228.6103415,16137296052353762183,0,11,15,58,14,0,2,3,2,81371,4865.95361328125,0,0,3
1767771228.6103415,16137296052353762183,0,12,3,58,3,15,2,3,2,80300,4799.7841796875,0,0,3
1767771228.6103415,16137296052353762183,0,13,9,58,11,2,3,3,2,80304,4841.787109375,0,0,4
1767771228.6103415,16137296052353762183,0,14,6,58,7,8,2,3,2,80776,4828.75390625,0,0,3
1767771228.6103415,16137296052353762183,0,15,16,57,9,0,2,3,2,82328,4802.5205078125,0,0,3
1767771228.6103415,16137296052353762183,0,16,10,58,20,1,3,3,2,80828,4854.45361328125,0,0,4
1767771228.6103415,16137296052353762183,0,17,5,58,6,10,2,3,2,80548,4808.76904296875,0,0,3
1767771228.6103415,16137296052353762183,0,18,18,9,17,0,0,4,3,83068,788.0690307617188,0,0,1
1767771228.6103415,16137296052353762183,0,19,20,0,18,0,0,4,1,0,4964.653981829062,0,0,1
1767771228.6103415,16137296052353762183,0,20,0,0,0,0,0,0,0,0,0.0,0,0,0
1767771228.6103415,16137296052353762183,0,21,0,0,0,0,0,0,0,0,0.0,0,0,0
1767771233.622315,16137296052353762183,0,0,17,33,15,0,1,4,3,82326,2862.583740234375,0,0,2
1767771233.622315,16137296052353762183,0,1,1,58,2,25,2,3,2,79789,4784.58740234375,0,0,3
1767771233.622315,16137296052353762183,0,2,19,2,13,0,0,4,3,84306,236.94192504882812,0,0,1
1767771233.622315,16137296052353762183,0,3,8,58,1,4,2,3,2,81029,4831.4365234375,0,0,3
1767771233.622315,16137296052353762183,0,4,7,58,12,6,2,3,2,80379,4829.19775390625,0,0,3
1767771233.622315,16137296052353762183,0,5,12,58,8,0,2,3,2,81216,4857.998046875,0,0,3
1767771233.622315,16137296052353762183,0,6,13,58,10,0,2,3,2,81244,4858.51025390625,0,0,3
1767771233.622315,16137296052353762183,0,7,4,58,5,12,2,3,2,79829,4800.7900390625,0,0,3
1767771233.622315,16137296052353762183,0,8,11,58,16,0,2,3,2,81058,4857.7373046875,0,0,3
1767771233.622315,16137296052353762183,0,9,2,58,4,18,2,3,2,80084,4789.87158203125,0,0,3
1767771233.622315,16137296052353762183,0,10,14,58,19,0,2,3,2,81334,4865.17431640625,0,0,3
1767771233.622315,16137296052353762183,0,11,15,58,14,0,2,3,2,81371,4865.95361328125,0,0,3
1767771233.622315,16137296052353762183,0,12,3,58,3,15,2,3,2,80300,4799.7841796875,0,0,3
1767771233.622315,16137296052353762183,0,13,9,58,11,2,3,3,2,80304,4841.787109375,0,0,4
1767771233.622315,16137296052353762183,0,14,6,58,7,8,2,3,2,80776,4828.75390625,0,0,3
1767771233.622315,16137296052353762183,0,15,16,57,9,0,2,3,2,82328,4802.5205078125,0,0,3
1767771233.622315,16137296052353762183,0,16,10,58,20,1,3,3,2,80828,4854.45361328125,0,0,4
1767771233.622315,16137296052353762183,0,17,5,58,6,10,2,3,2,80548,4808.76904296875,0,0,3
1767771233.622315,16137296052353762183,0,18,18,9,17,0,0,4,3,83068,788.0690307617188,0,0,1
1767771233.622315,16137296052353762183,0,19,20,0,18,0,0,4,1,0,4964.653981829062,0,0,1
1767771233.622315,16137296052353762183,0,20,0,0,0,0,0,0,0,0,0.0,0,0,0
1767771233.622315,16137296052353762183,0,21,0,0,0,0,0,0,0,0,0.0,0,0,0
1767771238.6358507,16137296052353762183,0,0,17,33,15,0,1,4,3,82326,2862.583740234375,0,0,2
1767771238.6358507,16137296052353762183,0,1,1,58,2,25,2,3,2,79789,4784.58740234375,0,0,3
1767771238.6358507,16137296052353762183,0,2,19,2,13,0,0,4,3,84306,236.94192504882812,0,0,1
1767771238.6358507,16137296052353762183,0,3,8,58,1,4,2,3,2,81029,4831.4365234375,0,0,3
1767771238.6358507,16137296052353762183,0,4,7,58,12,6,2,3,2,80379,4829.19775390625,0,0,3
1767771238.6358507,16137296052353762183,0,5,12,58,8,0,2,3,2,81216,4857.998046875,0,0,3
1767771238.6358507,16137296052353762183,0,6,13,58,10,0,2,3,2,81244,4858.51025390625,0,0,3
1767771238.6358507,16137296052353762183,0,7,4,58,5,12,2,3,2,79829,4800.7900390625,0,0,3
1767771238.6358507,16137296052353762183,0,8,11,58,16,0,2,3,2,81058,4857.7373046875,0,0,3
1767771238.6358507,16137296052353762183,0,9,2,58,4,18,2,3,2,80084,4789.87158203125,0,0,3
1767771238.6358507,16137296052353762183,0,10,14,58,19,0,2,3,2,81334,4865.17431640625,0,0,3
1767771238.6358507,16137296052353762183,0,11,15,58,14,0,2,3,2,81371,4865.95361328125,0,0,3
1767771238.6358507,16137296052353762183,0,12,3,58,3,15,2,3,2,80300,4799.7841796875,0,0,3
1767771238.6358507,16137296052353762183,0,13,9,58,11,2,3,3,2,80304,4841.787109375,0,0,4
1767771238.6358507,16137296052353762183,0,14,6,58,7,8,2,3,2,80776,4828.75390625,0,0,3
1767771238.6358507,16137296052353762183,0,15,16,57,9,0,2,3,2,82328,4802.5205078125,0,0,3
1767771238.6358507,16137296052353762183,0,16,10,58,20,1,3,3,2,80828,4854.45361328125,0,0,4
1767771238.6358507,16137296052353762183,0,17,5,58,6,10,2,3,2,80548,4808.76904296875,0,0,3
1767771238.6358507,16137296052353762183,0,18,18,9,17,0,0,4,3,83068,788.0690307617188,0,0,1
1767771238.6358507,16137296052353762183,0,19,20,0,18,0,0,4,1,0,4964.653981829062,0,0,1
1767771238.6358507,16137296052353762183,0,20,0,0,0,0,0,0,0,0,0.0,0,0,0
1767771238.6358507,16137296052353762183,0,21,0,0,0,0,0,0,0,0,0.0,0,0,0
1767771243.6529872,16137296052353762183,0,0,17,33,15,0,1,4,3,82326,2862.583740234375,0,0,2
1767771243.6529872,16137296052353762183,0,1,1,58,2,25,2,3,2,79789,4784.58740234375,0,0,3
1767771243.6529872,16137296052353762183,0,2,19,2,13,0,0,4,3,84306,236.94192504882812,0,0,1
1767771243.6529872,16137296052353762183,0,3,8,58,1,4,2,3,2,81029,4831.4365234375,0,0,3
1767771243.6529872,16137296052353762183,0,4,7,58,12,6,2,3,2,80379,4829.19775390625,0,0,3
1767771243.6529872,16137296052353762183,0,5,12,58,8,0,2,3,2,81216,4857.998046875,0,0,3
1767771243.6529872,16137296052353762183,0,6,13,58,10,0,2,3,2,81244,4858.51025390625,0,0,3
1767771243.6529872,16137296052353762183,0,7,4,58,5,12,2,3,2,79829,4800.7900390625,0,0,3
1767771243.6529872,16137296052353762183,0,8,11,58,16,0,2,3,2,81058,4857.7373046875,0,0,3
1767771243.6529872,16137296052353762183,0,9,2,58,4,18,2,3,2,80084,4789.87158203125,0,0,3
1767771243.6529872,16137296052353762183,0,10,14,58,19,0,2,3,2,81334,4865.17431640625,0,0,3
1767771243.6529872,16137296052353762183,0,11,15,58,14,0,2,3,2,81371,4865.95361328125,0,0,3
1767771243.6529872,16137296052353762183,0,12,3,58,3,15,2,3,2,80300,4799.7841796875,0,0,3
1767771243.6529872,16137296052353762183,0,13,9,58,11,2,3,3,2,80304,4841.787109375,0,0,4
1767771243.6529872,16137296052353762183,0,14,6,58,7,8,2,3,2,80776,4828.75390625,0,0,3
1767771243.6529872,16137296052353762183,0,15,16,57,9,0,2,3,2,82328,4802.5205078125,0,0,3
1767771243.6529872,16137296052353762183,0,16,10,58,20,1,3,3,2,80828,4854.45361328125,0,0,4
1767771243.6529872,16137296052353762183,0,17,5,58,6,10,2,3,2,80548,4808.76904296875,0,0,3
1767771243.6529872,16137296052353762183,0,18,18,9,17,0,0,4,3,83068,788.0690307617188,0,0,1
1767771243.6529872,16137296052353762183,0,19,20,0,18,0,0,4,1,0,4964.653981829062,0,0,1
1767771243.6529872,16137296052353762183,0,20,0,0,0,0,0,0,0,0,0.0,0,0,0
1767771243.6529872,16137296052353762183,0,21,0,0,0,0,0,0,0,0,0.0,0,0,0
1767771248.6642597,16137296052353762183,0,0,17,33,15,0,1,4,3,82326,2862.583740234375,0,0,2
1767771248.6642597,16137296052353762183,0,1,1,58,2,25,2,3,2,79789,4784.58740234375,0,0,3
1767771248.6642597,16137296052353762183,0,2,19,2,13,0,0,4,3,84306,236.94192504882812,0,0,1
1767771248.6642597,16137296052353762183,0,3,8,58,1,4,2,3,2,81029,4831.4365234375,0,0,3
1767771248.6642597,16137296052353762183,0,4,7,58,12,6,2,3,2,80379,4829.19775390625,0,0,3
1767771248.6642597,16137296052353762183,0,5,12,58,8,0,2,3,2,81216,4857.998046875,0,0,3
1767771248.6642597,16137296052353762183,0,6,13,58,10,0,2,3,2,81244,4858.51025390625,0,0,3
1767771248.6642597,16137296052353762183,0,7,4,58,5,12,2,3,2,79829,4800.7900390625,0,0,3
1767771248.6642597,16137296052353762183,0,8,11,58,16,0,2,3,2,81058,4857.7373046875,0,0,3
1767771248.6642597,16137296052353762183,0,9,2,58,4,18,2,3,2,80084,4789.87158203125,0,0,3
1767771248.6642597,16137296052353762183,0,10,14,58,19,0,2,3,2,81334,4865.17431640625,0,0,3
1767771248.6642597,16137296052353762183,0,11,15,58,14,0,2,3,2,81371,4865.95361328125,0,0,3
1767771248.6642597,16137296052353762183,0,12,3,58,3,15,2,3,2,80300,4799.7841796875,0,0,3
1767771248.6642597,16137296052353762183,0,13,9,58,11,2,3,3,2,80304,4841.787109375,0,0,4
1767771248.6642597,16137296052353762183,0,14,6,58,7,8,2,3,2,80776,4828.75390625,0,0,3
1767771248.6642597,16137296052353762183,0,15,16,57,9,0,2,3,2,82328,4802.5205078125,0,0,3
1767771248.6642597,16137296052353762183,0,16,10,58,20,1,3,3,2,80828,4854.45361328125,0,0,4
1767771248.6642597,16137296052353762183,0,17,5,58,6,10,2,3,2,80548,4808.76904296875,0,0,3
1767771248.6642597,16137296052353762183,0,18,18,9,17,0,0,4,3,83068,788.0690307617188,0,0,1
1767771248.6642597,16137296052353762183,0,19,20,0,18,0,0,4,1,0,4964.653981829062,0,0,1
1767771248.6642597,16137296052353762183,0,20,0,0,0,0,0,0,0,0,0.0,0,0,0
1767771248.6642597,16137296052353762183,0,21,0,0,0,0,0,0,0,0,0.0,0,0,0
1767771253.6689887,16137296052353762183,0,0,17,33,15,0,1,4,3,82326,2862.583740234375,0,0,2
1767771253.6689887,16137296052353762183,0,1,1,58,2,25,2,3,2,79789,4784.58740234375,0,0,3
1767771253.6689887,16137296052353762183,0,2,19,2,13,0,0,4,3,84306,236.94192504882812,0,0,1
1767771253.6689887,16137296052353762183,0,3,8,58,1,4,2,3,2,81029,4831.4365234375,0,0,3
1767771253.6689887,16137296052353762183,0,4,7,58,12,6,2,3,2,80379,4829.19775390625,0,0,3
1767771253.6689887,16137296052353762183,0,5,12,58,8,0,2,3,2,81216,4857.998046875,0,0,3
1767771253.6689887,16137296052353762183,0,6,13,58,10,0,2,3,2,81244,4858.51025390625,0,0,3
1767771253.6689887,16137296052353762183,0,7,4,58,5,12,2,3,2,79829,4800.7900390625,0,0,3
1767771253.6689887,16137296052353762183,0,8,11,58,16,0,2,3,2,81058,4857.7373046875,0,0,3
1767771253.6689887,16137296052353762183,0,9,2,58,4,18,2,3,2,80084,4789.87158203125,0,0,3
1767771253.6689887,16137296052353762183,0,10,14,58,19,0,2,3,2,81334,4865.17431640625,0,0,3
1767771253.6689887,16137296052353762183,0,11,15,58,14,0,2,3,2,81371,4865.95361328125,0,0,3
1767771253.6689887,16137296052353762183,0,12,3,58,3,15,2,3,2,80300,4799.7841796875,0,0,3
1767771253.6689887,16137296052353762183,0,13,9,58,11,2,3,3,2,80304,4841.787109375,0,0,4
1767771253.6689887,16137296052353762183,0,14,6,58,7,8,2,3,2,80776,4828.75390625,0,0,3
1767771253.6689887,16137296052353762183,0,15,16,57,9,0,2,3,2,82328,4802.5205078125,0,0,3
1767771253.6689887,16137296052353762183,0,16,10,58,20,1,3,3,2,80828,4854.45361328125,0,0,4
1767771253.6689887,16137296052353762183,0,17,5,58,6,10,2,3,2,80548,4808.76904296875,0,0,3
1767771253.6689887,16137296052353762183,0,18,18,9,17,0,0,4,3,83068,788.0690307617188,0,0,1
1767771253.6689887,16137296052353762183,0,19,20,0,18,0,0,4,1,0,4964.653981829062,0,0,1
1767771253.6689887,16137296052353762183,0,20,0,0,0,0,0,0,0,0,0.0,0,0,0
1767771253.6689887,16137296052353762183,0,21,0,0,0,0,0,0,0,0,0.0,0,0,0
1767771258.6788023,16137296052353762183,0,0,17,33,15,0,1,4,3,82326,2862.583740234375,0,0,2
1767771258.6788023,16137296052353762183,0,1,1,58,2,25,2,3,2,79789,4784.58740234375,0,0,3
1767771258.6788023,16137296052353762183,0,2,19,2,13,0,0,4,3,84306,236.94192504882812,0,0,1
1767771258.6788023,16137296052353762183,0,3,8,58,1,4,2,3,2,81029,4831.4365234375,0,0,3
1767771258.6788023,16137296052353762183,0,4,7,58,12,6,2,3,2,80379,4829.19775390625,0,0,3
1767771258.6788023,16137296052353762183,0,5,12,58,8,0,2,3,2,81216,4857.998046875,0,0,3
1767771258.6788023,16137296052353762183,0,6,13,58,10,0,2,3,2,81244,4858.51025390625,0,0,3
1767771258.6788023,16137296052353762183,0,7,4,58,5,12,2,3,2,79829,4800.7900390625,0,0,3
1767771258.6788023,16137296052353762183,0,8,11,58,16,0,2,3,2,81058,4857.7373046875,0,0,3
1767771258.6788023,16137296052353762183,0,9,2,58,4,18,2,3,2,80084,4789.87158203125,0,0,3
1767771258.6788023,16137296052353762183,0,10,14,58,19,0,2,3,2,81334,4865.17431640625,0,0,3
1767771258.6788023,16137296052353762183,0,11,15,58,14,0,2,3,2,81371,4865.95361328125,0,0,3
1767771258.6788023,16137296052353762183,0,12,3,58,3,15,2,3,2,80300,4799.7841796875,0,0,3
1767771258.6788023,16137296052353762183,0,13,9,58,11,2,3,3,2,80304,4841.787109375,0,0,4
1767771258.6788023,16137296052353762183,0,14,6,58,7,8,2,3,2,80776,4828.75390625,0,0,3
1767771258.6788023,16137296052353762183,0,15,16,57,9,0,2,3,2,82328,4802.5205078125,0,0,3
1767771258.6788023,16137296052353762183,0,16,10,58,20,1,3,3,2,80828,4854.45361328125,0,0,4
1767771258.6788023,16137296052353762183,0,17,5,58,6,10,2,3,2,80548,4808.76904296875,0,0,3
1767771258.6788023,16137296052353762183,0,18,18,9,17,0,0,4,3,83068,788.0690307617188,0,0,1
1767771258.6788023,16137296052353762183,0,19,20,0,18,0,0,4,1,0,4964.653981829062,0,0,1
1767771258.6788023,16137296052353762183,0,20,0,0,0,0,0,0,0,0,0.0,0,0,0
1767771258.6788023,16137296052353762183,0,21,0,0,0,0,0,0,0,0,0.0,0,0,0
1767771263.6869037,16137296052353762183,0,0,17,33,15,0,1,4,3,82326,2862.583740234375,0,0,2
1767771263.6869037,16137296052353762183,0,1,1,58,2,25,2,3,2,79789,4784.58740234375,0,0,3
1767771263.6869037,16137296052353762183,0,2,19,2,13,0,0,4,3,84306,236.94192504882812,0,0,1
1767771263.6869037,16137296052353762183,0,3,8,58,1,4,2,3,2,81029,4831.4365234375,0,0,3
1767771263.6869037,16137296052353762183,0,4,7,58,12,6,2,3,2,80379,4829.19775390625,0,0,3
1767771263.6869037,16137296052353762183,0,5,12,58,8,0,2,3,2,81216,4857.998046875,0,0,3
1767771263.6869037,16137296052353762183,0,6,13,58,10,0,2,3,2,81244,4858.51025390625,0,0,3
1767771263.6869037,16137296052353762183,0,7,4,58,5,12,2,3,2,79829,4800.7900390625,0,0,3
1767771263.6869037,16137296052353762183,0,8,11,58,16,0,2,3,2,81058,4857.7373046875,0,0,3
1767771263.6869037,16137296052353762183,0,9,2,58,4,18,2,3,2,80084,4789.87158203125,0,0,3
1767771263.6869037,16137296052353762183,0,10,14,58,19,0,2,3,2,81334,4865.17431640625,0,0,3
1767771263.6869037,16137296052353762183,0,11,15,58,14,0,2,3,2,81371,4865.95361328125,0,0,3
1767771263.6869037,16137296052353762183,0,12,3,58,3,15,2,3,2,80300,4799.7841796875,0,0,3
1767771263.6869037,16137296052353762183,0,13,9,58,11,2,3,3,2,80304,4841.787109375,0,0,4
1767771263.6869037,16137296052353762183,0,14,6,58,7,8,2,3,2,80776,4828.75390625,0,0,3
1767771263.6869037,16137296052353762183,0,15,16,57,9,0,2,3,2,82328,4802.5205078125,0,0,3
1767771263.6869037,16137296052353762183,0,16,10,58,20,1,3,3,2,80828,4854.45361328125,0,0,4
1767771263.6869037,16137296052353762183,0,17,5,58,6,10,2,3,2,80548,4808.76904296875,0,0,3
1767771263.6869037,16137296052353762183,0,18,18,9,17,0,0,4,3,83068,788.0690307617188,0,0,1
1767771263.6869037,16137296052353762183,0,19,20,0,18,0,0,4,1,0,4964.653981829062,0,0,1
1767771263.6869037,16137296052353762183,0,20,0,0,0,0,0,0,0,0,0.0,0,0,0
1767771263.6869037,16137296052353762183,0,21,0,0,0,0,0,0,0,0,0.0,0,0,0
1767771268.6963615,16137296052353762183,0,0,17,33,15,0,1,4,3,82326,2862.583740234375,0,0,2
1767771268.6963615,16137296052353762183,0,1,1,58,2,25,2,3,2,79789,4784.58740234375,0,0,3
1767771268.6963615,16137296052353762183,0,2,19,2,13,0,0,4,3,84306,236.94192504882812,0,0,1
1767771268.6963615,16137296052353762183,0,3,8,58,1,4,2,3,2,81029,4831.4365234375,0,0,3
1767771268.6963615,16137296052353762183,0,4,7,58,12,6,2,3,2,80379,4829.19775390625,0,0,3
1767771268.6963615,16137296052353762183,0,5,12,58,8,0,2,3,2,81216,4857.998046875,0,0,3
1767771268.6963615,16137296052353762183,0,6,13,58,10,0,2,3,2,81244,4858.51025390625,0,0,3
1767771268.6963615,16137296052353762183,0,7,4,58,5,12,2,3,2,79829,4800.7900390625,0,0,3
1767771268.6963615,16137296052353762183,0,8,11,58,16,0,2,3,2,81058,4857.7373046875,0,0,3
1767771268.6963615,16137296052353762183,0,9,2,58,4,18,2,3,2,80084,4789.87158203125,0,0,3
1767771268.6963615,16137296052353762183,0,10,14,58,19,0,2,3,2,81334,4865.17431640625,0,0,3
1767771268.6963615,16137296052353762183,0,11,15,58,14,0,2,3,2,81371,4865.95361328125,0,0,3
1767771268.6963615,16137296052353762183,0,12,3,58,3,15,2,3,2,80300,4799.7841796875,0,0,3
1767771268.6963615,16137296052353762183,0,13,9,58,11,2,3,3,2,80304,4841.787109375,0,0,4
1767771268.6963615,16137296052353762183,0,14,6,58,7,8,2,3,2,80776,4828.75390625,0,0,3
1767771268.6963615,16137296052353762183,0,15,16,57,9,0,2,3,2,82328,4802.5205078125,0,0,3
1767771268.6963615,16137296052353762183,0,16,10,58,20,1,3,3,2,80828,4854.45361328125,0,0,4
1767771268.6963615,16137296052353762183,0,17,5,58,6,10,2,3,2,80548,4808.76904296875,0,0,3
1767771268.6963615,16137296052353762183,0,18,18,9,17,0,0,4,3,83068,788.0690307617188,0,0,1
1767771268.6963615,16137296052353762183,0,19,20,0,18,0,0,4,1,0,4964.653981829062,0,0,1
1767771268.6963615,16137296052353762183,0,20,0,0,0,0,0,0,0,0,0.0,0,0,0
1767771268.6963615,16137296052353762183,0,21,0,0,0,0,0,0,0,0,0.0,0,0,0
1767771273.7071126,16137296052353762183,0,0,17,33,15,0,1,4,3,82326,2862.583740234375,0,0,2
1767771273.7071126,16137296052353762183,0,1,1,58,2,25,2,3,2,79789,4784.58740234375,0,0,3
1767771273.7071126,16137296052353762183,0,2,19,2,13,0,0,4,3,84306,236.94192504882812,0,0,1
1767771273.7071126,16137296052353762183,0,3,8,58,1,4,2,3,2,81029,4831.4365234375,0,0,3
1767771273.7071126,16137296052353762183,0,4,7,58,12,6,2,3,2,80379,4829.19775390625,0,0,3
1767771273.7071126,16137296052353762183,0,5,12,58,8,0,2,3,2,81216,4857.998046875,0,0,3
1767771273.7071126,16137296052353762183,0,6,13,58,10,0,2,3,2,81244,4858.51025390625,0,0,3
1767771273.7071126,16137296052353762183,0,7,4,58,5,12,2,3,2,79829,4800.7900390625,0,0,3
1767771273.7071126,16137296052353762183,0,8,11,58,16,0,2,3,2,81058,4857.7373046875,0,0,3
1767771273.7071126,16137296052353762183,0,9,2,58,4,18,2,3,2,80084,4789.87158203125,0,0,3
1767771273.7071126,16137296052353762183,0,10,14,58,19,0,2,3,2,81334,4865.17431640625,0,0,3
1767771273.7071126,16137296052353762183,0,11,15,58,14,0,2,3,2,81371,4865.95361328125,0,0,3
1767771273.7071126,16137296052353762183,0,12,3,58,3,15,2,3,2,80300,4799.7841796875,0,0,3
1767771273.7071126,16137296052353762183,0,13,9,58,11,2,3,3,2,80304,4841.787109375,0,0,4
1767771273.7071126,16137296052353762183,0,14,6,58,7,8,2,3,2,80776,4828.75390625,0,0,3
1767771273.7071126,16137296052353762183,0,15,16,57,9,0,2,3,2,82328,4802.5205078125,0,0,3
1767771273.7071126,16137296052353762183,0,16,10,58,20,1,3,3,2,80828,4854.45361328125,0,0,4
1767771273.7071126,16137296052353762183,0,17,5,58,6,10,2,3,2,80548,4808.76904296875,0,0,3
1767771273.7071126,16137296052353762183,0,18,18,9,17,0,0,4,3,83068,788.0690307617188,0,0,1
1767771273.7071126,16137296052353762183,0,19,20,0,18,0,0,4,1,0,4964.653981829062,0,0,1
1767771273.7071126,16137296052353762183,0,20,0,0,0,0,0,0,0,0,0.0,0,0,0
1767771273.7071126,16137296052353762183,0,21,0,0,0,0,0,0,0,0,0.0,0,0,0
1767771278.717712,16137296052353762183,0,0,17,33,15,0,1,4,3,82326,2862.583740234375,0,0,2
1767771278.717712,16137296052353762183,0,1,1,58,2,25,2,3,2,79789,4784.58740234375,0,0,3
1767771278.717712,16137296052353762183,0,2,19,2,13,0,0,4,3,84306,236.94192504882812,0,0,1
1767771278.717712,16137296052353762183,0,3,8,58,1,4,2,3,2,81029,4831.4365234375,0,0,3
1767771278.717712,16137296052353762183,0,4,7,58,12,6,2,3,2,80379,4829.19775390625,0,0,3
1767771278.717712,16137296052353762183,0,5,12,58,8,0,2,3,2,81216,4857.998046875,0,0,3
1767771278.717712,16137296052353762183,0,6,13,58,10,0,2,3,2,81244,4858.51025390625,0,0,3
1767771278.717712,16137296052353762183,0,7,4,58,5,12,2,3,2,79829,4800.7900390625,0,0,3
1767771278.717712,16137296052353762183,0,8,11,58,16,0,2,3,2,81058,4857.7373046875,0,0,3
1767771278.717712,16137296052353762183,0,9,2,58,4,18,2,3,2,80084,4789.87158203125,0,0,3
1767771278.717712,16137296052353762183,0,10,14,58,19,0,2,3,2,81334,4865.17431640625,0,0,3
1767771278.717712,16137296052353762183,0,11,15,58,14,0,2,3,2,81371,4865.95361328125,0,0,3
1767771278.717712,16137296052353762183,0,12,3,58,3,15,2,3,2,80300,4799.7841796875,0,0,3
1767771278.717712,16137296052353762183,0,13,9,58,11,2,3,3,2,80304,4841.787109375,0,0,4
1767771278.717712,16137296052353762183,0,14,6,58,7,8,2,3,2,80776,4828.75390625,0,0,3
1767771278.717712,16137296052353762183,0,15,16,57,9,0,2,3,2,82328,4802.5205078125,0,0,3
1767771278.717712,16137296052353762183,0,16,10,58,20,1,3,3,2,80828,4854.45361328125,0,0,4
1767771278.717712,16137296052353762183,0,17,5,58,6,10,2,3,2,80548,4808.76904296875,0,0,3
1767771278.717712,16137296052353762183,0,18,18,9,17,0,0,4,3,83068,788.0690307617188,0,0,1
1767771278.717712,16137296052353762183,0,19,20,0,18,0,0,4,1,0,4964.653981829062,0,0,1
1767771278.717712,16137296052353762183,0,20,0,0,0,0,0,0,0,0,0.0,0,0,0
1767771278.717712,16137296052353762183,0,21,0,0,0,0,0,0,0,0,0.0,0,0,0
1767771283.7359617,16137296052353762183,0,0,17,33,15,0,1,4,3,82326,2862.583740234375,0,0,2
1767771283.7359617,16137296052353762183,0,1,1,58,2,25,2,3,2,79789,4784.58740234375,0,0,3
1767771283.7359617,16137296052353762183,0,2,19,2,13,0,0,4,3,84306,236.94192504882812,0,0,1
1767771283.7359617,16137296052353762183,0,3,8,58,1,4,2,3,2,81029,4831.4365234375,0,0,3
1767771283.7359617,16137296052353762183,0,4,7,58,12,6,2,3,2,80379,4829.19775390625,0,0,3
1767771283.7359617,16137296052353762183,0,5,12,58,8,0,2,3,2,81216,4857.998046875,0,0,3
1767771283.7359617,16137296052353762183,0,6,13,58,10,0,2,3,2,81244,4858.51025390625,0,0,3
1767771283.7359617,16137296052353762183,0,7,4,58,5,12,2,3,2,79829,4800.7900390625,0,0,3
1767771283.7359617,16137296052353762183,0,8,11,58,16,0,2,3,2,81058,4857.7373046875,0,0,3
1767771283.7359617,16137296052353762183,0,9,2,58,4,18,2,3,2,80084,4789.87158203125,0,0,3
1767771283.7359617,16137296052353762183,0,10,14,58,19,0,2,3,2,81334,4865.17431640625,0,0,3
1767771283.7359617,16137296052353762183,0,11,15,58,14,0,2,3,2,81371,4865.95361328125,0,0,3
1767771283.7359617,16137296052353762183,0,12,3,58,3,15,2,3,2,80300,4799.7841796875,0,0,3
1767771283.7359617,16137296052353762183,0,13,9,58,11,2,3,3,2,80304,4841.787109375,0,0,4
1767771283.7359617,16137296052353762183,0,14,6,58,7,8,2,3,2,80776,4828.75390625,0,0,3
1767771283.7359617,16137296052353762183,0,15,16,57,9,0,2,3,2,82328,4802.5205078125,0,0,3
1767771283.7359617,16137296052353762183,0,16,10,58,20,1,3,3,2,80828,4854.45361328125,0,0,4
1767771283.7359617,16137296052353762183,0,17,5,58,6,10,2,3,2,80548,4808.76904296875,0,0,3
1767771283.7359617,16137296052353762183,0,18,18,9,17,0,0,4,3,83068,788.0690307617188,0,0,1
1767771283.7359617,16137296052353762183,0,19,20,0,18,0,0,4,1,0,4964.653981829062,0,0,1
1767771283.7359617,16137296052353762183,0,20,0,0,0,0,0,0,0,0,0.0,0,0,0
1767771283.7359617,16137296052353762183,0,21,0,0,0,0,0,0,0,0,0.0,0,0,0
1767771288.7445638,16137296052353762183,0,0,17,33,15,0,1,4,3,82326,2862.583740234375,0,0,2
1767771288.7445638,16137296052353762183,0,1,1,58,2,25,2,3,2,79789,4784.58740234375,0,0,3
1767771288.7445638,16137296052353762183,0,2,19,2,13,0,0,4,3,84306,236.94192504882812,0,0,1
1767771288.7445638,16137296052353762183,0,3,8,58,1,4,2,3,2,81029,4831.4365234375,0,0,3
1767771288.7445638,16137296052353762183,0,4,7,58,12,6,2,3,2,80379,4829.19775390625,0,0,3
1767771288.7445638,16137296052353762183,0,5,12,58,8,0,2,3,2,81216,4857.998046875,0,0,3
1767771288.7445638,16137296052353762183,0,6,13,58,10,0,2,3,2,81244,4858.51025390625,0,0,3
1767771288.7445638,16137296052353762183,0,7,4,58,5,12,2,3,2,79829,4800.7900390625,0,0,3
1767771288.7445638,16137296052353762183,0,8,11,58,16,0,2,3,2,81058,4857.7373046875,0,0,3
1767771288.7445638,16137296052353762183,0,9,2,58,4,18,2,3,2,80084,4789.87158203125,0,0,3
1767771288.7445638,16137296052353762183,0,10,14,58,19,0,2,3,2,81334,4865.17431640625,0,0,3
1767771288.7445638,16137296052353762183,0,11,15,58,14,0,2,3,2,81371,4865.95361328125,0,0,3
1767771288.7445638,16137296052353762183,0,12,3,58,3,15,2,3,2,80300,4799.7841796875,0,0,3
1767771288.7445638,16137296052353762183,0,13,9,58,11,2,3,3,2,80304,4841.787109375,0,0,4
1767771288.7445638,16137296052353762183,0,14,6,58,7,8,2,3,2,80776,4828.75390625,0,0,3
1767771288.7445638,16137296052353762183,0,15,16,57,9,0,2,3,2,82328,4802.5205078125,0,0,3
1767771288.7445638,16137296052353762183,0,16,10,58,20,1,3,3,2,80828,4854.45361328125,0,0,4
1767771288.7445638,16137296052353762183,0,17,5,58,6,10,2,3,2,80548,4808.76904296875,0,0,3
1767771288.7445638,16137296052353762183,0,18,18,9,17,0,0,4,3,83068,788.0690307617188,0,0,1
1767771288.7445638,16137296052353762183,0,19,20,0,18,0,0,4,1,0,4964.653981829062,0,0,1
1767771288.7445638,16137296052353762183,0,20,0,0,0,0,0,0,0,0,0.0,0,0,0
1767771288.7445638,16137296052353762183,0,21,0,0,0,0,0,0,0,0,0.0,0,0,0
1767771293.7493064,16137296052353762183,0,0,17,33,15,0,1,4,3,82326,2862.583740234375,0,0,2
1767771293.7493064,16137296052353762183,0,1,1,58,2,25,2,3,2,79789,4784.58740234375,0,0,3
1767771293.7493064,16137296052353762183,0,2,19,2,13,0,0,4,3,84306,236.94192504882812,0,0,1
1767771293.7493064,16137296052353762183,0,3,8,58,1,4,2,3,2,81029,4831.4365234375,0,0,3
1767771293.7493064,16137296052353762183,0,4,7,58,12,6,2,3,2,80379,4829.19775390625,0,0,3
1767771293.7493064,16137296052353762183,0,5,12,58,8,0,2,3,2,81216,4857.998046875,0,0,3
1767771293.7493064,16137296052353762183,0,6,13,58,10,0,2,3,2,81244,4858.51025390625,0,0,3
1767771293.7493064,16137296052353762183,0,7,4,58,5,12,2,3,2,79829,4800.7900390625,0,0,3
1767771293.7493064,16137296052353762183,0,8,11,58,16,0,2,3,2,81058,4857.7373046875,0,0,3
1767771293.7493064,16137296052353762183,0,9,2,58,4,18,2,3,2,80084,4789.87158203125,0,0,3
1767771293.7493064,16137296052353762183,0,10,14,58,19,0,2,3,2,81334,4865.17431640625,0,0,3
1767771293.7493064,16137296052353762183,0,11,15,58,14,0,2,3,2,81371,4865.95361328125,0,0,3
1767771293.7493064,16137296052353762183,0,12,3,58,3,15,2,3,2,80300,4799.7841796875,0,0,3
1767771293.7493064,16137296052353762183,0,13,9,58,11,2,3,3,2,80304,4841.787109375,0,0,4
1767771293.7493064,16137296052353762183,0,14,6,58,7,8,2,3,2,80776,4828.75390625,0,0,3
1767771293.7493064,16137296052353762183,0,15,16,57,9,0,2,3,2,82328,4802.5205078125,0,0,3
1767771293.7493064,16137296052353762183,0,16,10,58,20,1,3,3,2,80828,4854.45361328125,0,0,4
1767771293.7493064,16137296052353762183,0,17,5,58,6,10,2,3,2,80548,4808.76904296875,0,0,3
1767771293.7493064,16137296052353762183,0,18,18,9,17,0,0,4,3,83068,788.0690307617188,0,0,1
1767771293.7493064,16137296052353762183,0,19,20,0,18,0,0,4,1,0,4964.653981829062,0,0,1
1767771293.7493064,16137296052353762183,0,20,0,0,0,0,0,0,0,0,0.0,0,0,0
1767771293.7493064,16137296052353762183,0,21,0,0,0,0,0,0,0,0,0.0,0,0,0
1767771298.758413,16137296052353762183,0,0,17,33,15,0,1,4,3,82326,2862.583740234375,0,0,2
1767771298.758413,16137296052353762183,0,1,1,58,2,25,2,3,2,79789,4784.58740234375,0,0,3
1767771298.758413,16137296052353762183,0,2,19,2,13,0,0,4,3,84306,236.94192504882812,0,0,1
1767771298.758413,16137296052353762183,0,3,8,58,1,4,2,3,2,81029,4831.4365234375,0,0,3
1767771298.758413,16137296052353762183,0,4,7,58,12,6,2,3,2,80379,4829.19775390625,0,0,3
1767771298.758413,16137296052353762183,0,5,12,58,8,0,2,3,2,81216,4857.998046875,0,0,3
1767771298.758413,16137296052353762183,0,6,13,58,10,0,2,3,2,81244,4858.51025390625,0,0,3
1767771298.758413,16137296052353762183,0,7,4,58,5,12,2,3,2,79829,4800.7900390625,0,0,3
1767771298.758413,16137296052353762183,0,8,11,58,16,0,2,3,2,81058,4857.7373046875,0,0,3
1767771298.758413,16137296052353762183,0,9,2,58,4,18,2,3,2,80084,4789.87158203125,0,0,3
1767771298.758413,16137296052353762183,0,10,14,58,19,0,2,3,2,81334,4865.17431640625,0,0,3
1767771298.758413,16137296052353762183,0,11,15,58,14,0,2,3,2,81371,4865.95361328125,0,0,3
1767771298.758413,16137296052353762183,0,12,3,58,3,15,2,3,2,80300,4799.7841796875,0,0,3
1767771298.758413,16137296052353762183,0,13,9,58,11,2,3,3,2,80304,4841.787109375,0,0,4
1767771298.758413,16137296052353762183,0,14,6,58,7,8,2,3,2,80776,4828.75390625,0,0,3
1767771298.758413,16137296052353762183,0,15,16,57,9,0,2,3,2,82328,4802.5205078125,0,0,3
1767771298.758413,16137296052353762183,0,16,10,58,20,1,3,3,2,80828,4854.45361328125,0,0,4
1767771298.758413,16137296052353762183,0,17,5,58,6,10,2,3,2,80548,4808.76904296875,0,0,3
1767771298.758413,16137296052353762183,0,18,18,9,17,0,0,4,3,83068,788.0690307617188,0,0,1
1767771298.758413,16137296052353762183,0,19,20,0,18,0,0,4,1,0,4964.653981829062,0,0,1
1767771298.758413,16137296052353762183,0,20,0,0,0,0,0,0,0,0,0.0,0,0,0
1767771298.758413,16137296052353762183,0,21,0,0,0,0,0,0,0,0,0.0,0,0,0
1767771303.7727072,16137296052353762183,0,0,17,33,15,0,1,4,3,82326,2862.583740234375,0,0,2
1767771303.7727072,16137296052353762183,0,1,1,58,2,25,2,3,2,79789,4784.58740234375,0,0,3
1767771303.7727072,16137296052353762183,0,2,19,2,13,0,0,4,3,84306,236.94192504882812,0,0,1
1767771303.7727072,16137296052353762183,0,3,8,58,1,4,2,3,2,81029,4831.4365234375,0,0,3
1767771303.7727072,16137296052353762183,0,4,7,58,12,6,2,3,2,80379,4829.19775390625,0,0,3
1767771303.7727072,16137296052353762183,0,5,12,58,8,0,2,3,2,81216,4857.998046875,0,0,3
1767771303.7727072,16137296052353762183,0,6,13,58,10,0,2,3,2,81244,4858.51025390625,0,0,3
1767771303.7727072,16137296052353762183,0,7,4,58,5,12,2,3,2,79829,4800.7900390625,0,0,3
1767771303.7727072,16137296052353762183,0,8,11,58,16,0,2,3,2,81058,4857.7373046875,0,0,3
1767771303.7727072,16137296052353762183,0,9,2,58,4,18,2,3,2,80084,4789.87158203125,0,0,3
1767771303.7727072,16137296052353762183,0,10,14,58,19,0,2,3,2,81334,4865.17431640625,0,0,3
1767771303.7727072,16137296052353762183,0,11,15,58,14,0,2,3,2,81371,4865.95361328125,0,0,3
1767771303.7727072,16137296052353762183,0,12,3,58,3,15,2,3,2,80300,4799.7841796875,0,0,3
1767771303.7727072,16137296052353762183,0,13,9,58,11,2,3,3,2,80304,4841.787109375,0,0,4
1767771303.7727072,16137296052353762183,0,14,6,58,7,8,2,3,2,80776,4828.75390625,0,0,3
1767771303.7727072,16137296052353762183,0,15,16,57,9,0,2,3,2,82328,4802.5205078125,0,0,3
1767771303.7727072,16137296052353762183,0,16,10,58,20,1,3,3,2,80828,4854.45361328125,0,0,4
1767771303.7727072,16137296052353762183,0,17,5,58,6,10,2,3,2,80548,4808.76904296875,0,0,3
1767771303.7727072,16137296052353762183,0,18,18,9,17,0,0,4,3,83068,788.0690307617188,0,0,1
1767771303.7727072,16137296052353762183,0,19,20,0,18,0,0,4,1,0,4964.653981829062,0,0,1
1767771303.7727072,16137296052353762183,0,20,0,0,0,0,0,0,0,0,0.0,0,0,0
1767771303.7727072,16137296052353762183,0,21,0,0,0,0,0,0,0,0,0.0,0,0,0
1767771308.7824862,16137296052353762183,0,0,17,33,15,0,1,4,3,82326,2862.583740234375,0,0,2
1767771308.7824862,16137296052353762183,0,1,1,58,2,25,2,3,2,79789,4784.58740234375,0,0,3
1767771308.7824862,16137296052353762183,0,2,19,2,13,0,0,4,3,84306,236.94192504882812,0,0,1
1767771308.7824862,16137296052353762183,0,3,8,58,1,4,2,3,2,81029,4831.4365234375,0,0,3
1767771308.7824862,16137296052353762183,0,4,7,58,12,6,2,3,2,80379,4829.19775390625,0,0,3
1767771308.7824862,16137296052353762183,0,5,12,58,8,0,2,3,2,81216,4857.998046875,0,0,3
1767771308.7824862,16137296052353762183,0,6,13,58,10,0,2,3,2,81244,4858.51025390625,0,0,3
1767771308.7824862,16137296052353762183,0,7,4,58,5,12,2,3,2,79829,4800.7900390625,0,0,3
1767771308.7824862,16137296052353762183,0,8,11,58,16,0,2,3,2,81058,4857.7373046875,0,0,3
1767771308.7824862,16137296052353762183,0,9,2,58,4,18,2,3,2,80084,4789.87158203125,0,0,3
1767771308.7824862,16137296052353762183,0,10,14,58,19,0,2,3,2,81334,4865.17431640625,0,0,3
1767771308.7824862,16137296052353762183,0,11,15,58,14,0,2,3,2,81371,4865.95361328125,0,0,3
1767771308.7824862,16137296052353762183,0,12,3,58,3,15,2,3,2,80300,4799.7841796875,0,0,3
1767771308.7824862,16137296052353762183,0,13,9,58,11,2,3,3,2,80304,4841.787109375,0,0,4
1767771308.7824862,16137296052353762183,0,14,6,58,7,8,2,3,2,80776,4828.75390625,0,0,3
1767771308.7824862,16137296052353762183,0,15,16,57,9,0,2,3,2,82328,4802.5205078125,0,0,3
1767771308.7824862,16137296052353762183,0,16,10,58,20,1,3,3,2,80828,4854.45361328125,0,0,4
1767771308.7824862,16137296052353762183,0,17,5,58,6,10,2,3,2,80548,4808.76904296875,0,0,3
1767771308.7824862,16137296052353762183,0,18,18,9,17,0,0,4,3,83068,788.0690307617188,0,0,1
1767771308.7824862,16137296052353762183,0,19,20,0,18,0,0,4,1,0,4964.653981829062,0,0,1
1767771308.7824862,16137296052353762183,0,20,0,0,0,0,0,0,0,0,0.0,0,0,0
1767771308.7824862,16137296052353762183,0,21,0,0,0,0,0,0,0,0,0.0,0,0,0
1767771313.7961957,16137296052353762183,0,0,17,33,15,0,1,4,3,82326,2862.583740234375,0,0,2
1767771313.7961957,16137296052353762183,0,1,1,58,2,25,2,3,2,79789,4784.58740234375,0,0,3
1767771313.7961957,16137296052353762183,0,2,19,2,13,0,0,4,3,84306,236.94192504882812,0,0,1
1767771313.7961957,16137296052353762183,0,3,8,58,1,4,2,3,2,81029,4831.4365234375,0,0,3
1767771313.7961957,16137296052353762183,0,4,7,58,12,6,2,3,2,80379,4829.19775390625,0,0,3
1767771313.7961957,16137296052353762183,0,5,12,58,8,0,2,3,2,81216,4857.998046875,0,0,3
1767771313.7961957,16137296052353762183,0,6,13,58,10,0,2,3,2,81244,4858.51025390625,0,0,3
1767771313.7961957,16137296052353762183,0,7,4,58,5,12,2,3,2,79829,4800.7900390625,0,0,3
1767771313.7961957,16137296052353762183,0,8,11,58,16,0,2,3,2,81058,4857.7373046875,0,0,3
1767771313.7961957,16137296052353762183,0,9,2,58,4,18,2,3,2,80084,4789.87158203125,0,0,3
1767771313.7961957,16137296052353762183,0,10,14,58,19,0,2,3,2,81334,4865.17431640625,0,0,3
1767771313.7961957,16137296052353762183,0,11,15,58,14,0,2,3,2,81371,4865.95361328125,0,0,3
1767771313.7961957,16137296052353762183,0,12,3,58,3,15,2,3,2,80300,4799.7841796875,0,0,3
1767771313.7961957,16137296052353762183,0,13,9,58,11,2,3,3,2,80304,4841.787109375,0,0,4
1767771313.7961957,16137296052353762183,0,14,6,58,7,8,2,3,2,80776,4828.75390625,0,0,3
1767771313.7961957,16137296052353762183,0,15,16,57,9,0,2,3,2,82328,4802.5205078125,0,0,3
1767771313.7961957,16137296052353762183,0,16,10,58,20,1,3,3,2,80828,4854.45361328125,0,0,4
1767771313.7961957,16137296052353762183,0,17,5,58,6,10,2,3,2,80548,4808.76904296875,0,0,3
1767771313.7961957,16137296052353762183,0,18,18,9,17,0,0,4,3,83068,788.0690307617188,0,0,1
1767771313.7961957,16137296052353762183,0,19,20,0,18,0,0,4,1,0,4964.653981829062,0,0,1
1767771313.7961957,16137296052353762183,0,20,0,0,0,0,0,0,0,0,0.0,0,0,0
1767771313.7961957,16137296052353762183,0,21,0,0,0,0,0,0,0,0,0.0,0,0,0
1767771318.8167987,16137296052353762183,0,0,17,33,15,0,1,4,3,82326,2862.583740234375,0,0,2
1767771318.8167987,16137296052353762183,0,1,1,58,2,25,2,3,2,79789,4784.58740234375,0,0,3
1767771318.8167987,16137296052353762183,0,2,19,2,13,0,0,4,3,84306,236.94192504882812,0,0,1
1767771318.8167987,16137296052353762183,0,3,8,58,1,4,2,3,2,81029,4831.4365234375,0,0,3
1767771318.8167987,16137296052353762183,0,4,7,58,12,6,2,3,2,80379,4829.19775390625,0,0,3
1767771318.8167987,16137296052353762183,0,5,12,58,8,0,2,3,2,81216,4857.998046875,0,0,3
1767771318.8167987,16137296052353762183,0,6,13,58,10,0,2,3,2,81244,4858.51025390625,0,0,3
1767771318.8167987,16137296052353762183,0,7,4,58,5,12,2,3,2,79829,4800.7900390625,0,0,3
1767771318.8167987,16137296052353762183,0,8,11,58,16,0,2,3,2,81058,4857.7373046875,0,0,3
1767771318.8167987,16137296052353762183,0,9,2,58,4,18,2,3,2,80084,4789.87158203125,0,0,3
1767771318.8167987,16137296052353762183,0,10,14,58,19,0,2,3,2,81334,4865.17431640625,0,0,3
1767771318.8167987,16137296052353762183,0,11,15,58,14,0,2,3,2,81371,4865.95361328125,0,0,3
1767771318.8167987,16137296052353762183,0,12,3,58,3,15,2,3,2,80300,4799.7841796875,0,0,3
1767771318.8167987,16137296052353762183,0,13,9,58,11,2,3,3,2,80304,4841.787109375,0,0,4
1767771318.8167987,16137296052353762183,0,14,6,58,7,8,2,3,2,80776,4828.75390625,0,0,3
1767771318.8167987,16137296052353762183,0,15,16,57,9,0,2,3,2,82328,4802.5205078125,0,0,3
1767771318.8167987,16137296052353762183,0,16,10,58,20,1,3,3,2,80828,4854.45361328125,0,0,4
1767771318.8167987,16137296052353762183,0,17,5,58,6,10,2,3,2,80548,4808.76904296875,0,0,3
1767771318.8167987,16137296052353762183,0,18,18,9,17,0,0,4,3,83068,788.0690307617188,0,0,1
1767771318.8167987,16137296052353762183,0,19,20,0,18,0,0,4,1,0,4964.653981829062,0,0,1
1767771318.8167987,16137296052353762183,0,20,0,0,0,0,0,0,0,0,0.0,0,0,0
1767771318.8167987,16137296052353762183,0,21,0,0,0,0,0,0,0,0,0.0,0,0,0
1767771323.8275204,16137296052353762183,0,0,17,33,15,0,1,4,3,82326,2862.583740234375,0,0,2
1767771323.8275204,16137296052353762183,0,1,1,58,2,25,2,3,2,79789,4784.58740234375,0,0,3
1767771323.8275204,16137296052353762183,0,2,19,2,13,0,0,4,3,84306,236.94192504882812,0,0,1
1767771323.8275204,16137296052353762183,0,3,8,58,1,4,2,3,2,81029,4831.4365234375,0,0,3
1767771323.8275204,16137296052353762183,0,4,7,58,12,6,2,3,2,80379,4829.19775390625,0,0,3
1767771323.8275204,16137296052353762183,0,5,12,58,8,0,2,3,2,81216,4857.998046875,0,0,3
1767771323.8275204,16137296052353762183,0,6,13,58,10,0,2,3,2,81244,4858.51025390625,0,0,3
1767771323.8275204,16137296052353762183,0,7,4,58,5,12,2,3,2,79829,4800.7900390625,0,0,3
1767771323.8275204,16137296052353762183,0,8,11,58,16,0,2,3,2,81058,4857.7373046875,0,0,3
1767771323.8275204,16137296052353762183,0,9,2,58,4,18,2,3,2,80084,4789.87158203125,0,0,3
1767771323.8275204,16137296052353762183,0,10,14,58,19,0,2,3,2,81334,4865.17431640625,0,0,3
1767771323.8275204,16137296052353762183,0,11,15,58,14,0,2,3,2,81371,4865.95361328125,0,0,3
1767771323.8275204,16137296052353762183,0,12,3,58,3,15,2,3,2,80300,4799.7841796875,0,0,3
1767771323.8275204,16137296052353762183,0,13,9,58,11,2,3,3,2,80304,4841.787109375,0,0,4
1767771323.8275204,16137296052353762183,0,14,6,58,7,8,2,3,2,80776,4828.75390625,0,0,3
1767771323.8275204,16137296052353762183,0,15,16,57,9,0,2,3,2,82328,4802.5205078125,0,0,3
1767771323.8275204,16137296052353762183,0,16,10,58,20,1,3,3,2,80828,4854.45361328125,0,0,4
1767771323.8275204,16137296052353762183,0,17,5,58,6,10,2,3,2,80548,4808.76904296875,0,0,3
1767771323.8275204,16137296052353762183,0,18,18,9,17,0,0,4,3,83068,788.0690307617188,0,0,1
1767771323.8275204,16137296052353762183,0,19,20,0,18,0,0,4,1,0,4964.653981829062,0,0,1
1767771323.8275204,16137296052353762183,0,20,0,0,0,0,0,0,0,0,0.0,0,0,0
1767771323.8275204,16137296052353762183,0,21,0,0,0,0,0,0,0,0,0.0,0,0,0
1767771328.8384628,16137296052353762183,0,0,17,33,15,0,1,4,3,82326,2862.583740234375,0,0,2
1767771328.8384628,16137296052353762183,0,1,1,58,2,25,2,3,2,79789,4784.58740234375,0,0,3
1767771328.8384628,16137296052353762183,0,2,19,2,13,0,0,4,3,84306,236.94192504882812,0,0,1
1767771328.8384628,16137296052353762183,0,3,8,58,1,4,2,3,2,81029,4831.4365234375,0,0,3
1767771328.8384628,16137296052353762183,0,4,7,58,12,6,2,3,2,80379,4829.19775390625,0,0,3
1767771328.8384628,16137296052353762183,0,5,12,58,8,0,2,3,2,81216,4857.998046875,0,0,3
1767771328.8384628,16137296052353762183,0,6,13,58,10,0,2,3,2,81244,4858.51025390625,0,0,3
1767771328.8384628,16137296052353762183,0,7,4,58,5,12,2,3,2,79829,4800.7900390625,0,0,3
1767771328.8384628,16137296052353762183,0,8,11,58,16,0,2,3,2,81058,4857.7373046875,0,0,3
1767771328.8384628,16137296052353762183,0,9,2,58,4,18,2,3,2,80084,4789.87158203125,0,0,3
1767771328.8384628,16137296052353762183,0,10,14,58,19,0,2,3,2,81334,4865.17431640625,0,0,3
1767771328.8384628,16137296052353762183,0,11,15,58,14,0,2,3,2,81371,4865.95361328125,0,0,3
1767771328.8384628,16137296052353762183,0,12,3,58,3,15,2,3,2,80300,4799.7841796875,0,0,3
1767771328.8384628,16137296052353762183,0,13,9,58,11,2,3,3,2,80304,4841.787109375,0,0,4
1767771328.8384628,16137296052353762183,0,14,6,58,7,8,2,3,2,80776,4828.75390625,0,0,3
1767771328.8384628,16137296052353762183,0,15,16,57,9,0,2,3,2,82328,4802.5205078125,0,0,3
1767771328.8384628,16137296052353762183,0,16,10,58,20,1,3,3,2,80828,4854.45361328125,0,0,4
1767771328.8384628,16137296052353762183,0,17,5,58,6,10,2,3,2,80548,4808.76904296875,0,0,3
1767771328.8384628,16137296052353762183,0,18,18,9,17,0,0,4,3,83068,788.0690307617188,0,0,1
1767771328.8384628,16137296052353762183,0,19,20,0,18,0,0,4,1,0,4964.653981829062,0,0,1
1767771328.8384628,16137296052353762183,0,20,0,0,0,0,0,0,0,0,0.0,0,0,0
1767771328.8384628,16137296052353762183,0,21,0,0,0,0,0,0,0,0,0.0,0,0,0
1767771333.8526883,16137296052353762183,0,0,17,33,15,0,1,4,3,82326,2862.583740234375,0,0,2
1767771333.8526883,16137296052353762183,0,1,1,58,2,25,2,3,2,79789,4784.58740234375,0,0,3
1767771333.8526883,16137296052353762183,0,2,19,2,13,0,0,4,3,84306,236.94192504882812,0,0,1
1767771333.8526883,16137296052353762183,0,3,8,58,1,4,2,3,2,81029,4831.4365234375,0,0,3
1767771333.8526883,16137296052353762183,0,4,7,58,12,6,2,3,2,80379,4829.19775390625,0,0,3
1767771333.8526883,16137296052353762183,0,5,12,58,8,0,2,3,2,81216,4857.998046875,0,0,3
1767771333.8526883,16137296052353762183,0,6,13,58,10,0,2,3,2,81244,4858.51025390625,0,0,3
1767771333.8526883,16137296052353762183,0,7,4,58,5,12,2,3,2,79829,4800.7900390625,0,0,3
1767771333.8526883,16137296052353762183,0,8,11,58,16,0,2,3,2,81058,4857.7373046875,0,0,3
1767771333.8526883,16137296052353762183,0,9,2,58,4,18,2,3,2,80084,4789.87158203125,0,0,3
1767771333.8526883,16137296052353762183,0,10,14,58,19,0,2,3,2,81334,4865.17431640625,0,0,3
1767771333.8526883,16137296052353762183,0,11,15,58,14,0,2,3,2,81371,4865.95361328125,0,0,3
1767771333.8526883,16137296052353762183,0,12,3,58,3,15,2,3,2,80300,4799.7841796875,0,0,3
1767771333.8526883,16137296052353762183,0,13,9,58,11,2,3,3,2,80304,4841.787109375,0,0,4
1767771333.8526883,16137296052353762183,0,14,6,58,7,8,2,3,2,80776,4828.75390625,0,0,3
1767771333.8526883,16137296052353762183,0,15,16,57,9,0,2,3,2,82328,4802.5205078125,0,0,3
1767771333.8526883,16137296052353762183,0,16,10,58,20,1,3,3,2,80828,4854.45361328125,0,0,4
1767771333.8526883,16137296052353762183,0,17,5,58,6,10,2,3,2,80548,4808.76904296875,0,0,3
1767771333.8526883,16137296052353762183,0,18,18,9,17,0,0,4,3,83068,788.0690307617188,0,0,1
1767771333.8526883,16137296052353762183,0,19,20,0,18,0,0,4,1,0,4964.653981829062,0,0,1
1767771333.8526883,16137296052353762183,0,20,0,0,0,0,0,0,0,0,0.0,0,0,0
1767771333.8526883,16137296052353762183,0,21,0,0,0,0,0,0,0,0,0.0,0,0,0
1767771338.8649757,16137296052353762183,0,0,17,33,15,0,1,4,3,82326,2862.583740234375,0,0,2
1767771338.8649757,16137296052353762183,0,1,1,58,2,25,2,3,2,79789,4784.58740234375,0,0,3
1767771338.8649757,16137296052353762183,0,2,19,2,13,0,0,4,3,84306,236.94192504882812,0,0,1
1767771338.8649757,16137296052353762183,0,3,8,58,1,4,2,3,2,81029,4831.4365234375,0,0,3
1767771338.8649757,16137296052353762183,0,4,7,58,12,6,2,3,2,80379,4829.19775390625,0,0,3
1767771338.8649757,16137296052353762183,0,5,12,58,8,0,2,3,2,81216,4857.998046875,0,0,3
1767771338.8649757,16137296052353762183,0,6,13,58,10,0,2,3,2,81244,4858.51025390625,0,0,3
1767771338.8649757,16137296052353762183,0,7,4,58,5,12,2,3,2,79829,4800.7900390625,0,0,3
1767771338.8649757,16137296052353762183,0,8,11,58,16,0,2,3,2,81058,4857.7373046875,0,0,3
1767771338.8649757,16137296052353762183,0,9,2,58,4,18,2,3,2,80084,4789.87158203125,0,0,3
1767771338.8649757,16137296052353762183,0,10,14,58,19,0,2,3,2,81334,4865.17431640625,0,0,3
1767771338.8649757,16137296052353762183,0,11,15,58,14,0,2,3,2,81371,4865.95361328125,0,0,3
1767771338.8649757,16137296052353762183,0,12,3,58,3,15,2,3,2,80300,4799.7841796875,0,0,3
1767771338.8649757,16137296052353762183,0,13,9,58,11,2,3,3,2,80304,4841.787109375,0,0,4
1767771338.8649757,16137296052353762183,0,14,6,58,7,8,2,3,2,80776,4828.75390625,0,0,3
1767771338.8649757,16137296052353762183,0,15,16,57,9,0,2,3,2,82328,4802.5205078125,0,0,3
1767771338.8649757,16137296052353762183,0,16,10,58,20,1,3,3,2,80828,4854.45361328125,0,0,4
1767771338.8649757,16137296052353762183,0,17,5,58,6,10,2,3,2,80548,4808.76904296875,0,0,3
1767771338.8649757,16137296052353762183,0,18,18,9,17,0,0,4,3,83068,788.0690307617188,0,0,1
1767771338.8649757,16137296052353762183,0,19,20,0,18,0,0,4,1,0,4964.653981829062,0,0,1
1767771338.8649757,16137296052353762183,0,20,0,0,0,0,0,0,0,0,0.0,0,0,0
1767771338.8649757,16137296052353762183,0,21,0,0,0,0,0,0,0,0,0.0,0,0,0
1767771343.8816032,16137296052353762183,0,0,17,33,15,0,1,4,3,82326,2862.583740234375,0,0,2
1767771343.8816032,16137296052353762183,0,1,1,58,2,25,2,3,2,79789,4784.58740234375,0,0,3
1767771343.8816032,16137296052353762183,0,2,19,2,13,0,0,4,3,84306,236.94192504882812,0,0,1
1767771343.8816032,16137296052353762183,0,3,8,58,1,4,2,3,2,81029,4831.4365234375,0,0,3
1767771343.8816032,16137296052353762183,0,4,7,58,12,6,2,3,2,80379,4829.19775390625,0,0,3
1767771343.8816032,16137296052353762183,0,5,12,58,8,0,2,3,2,81216,4857.998046875,0,0,3
1767771343.8816032,16137296052353762183,0,6,13,58,10,0,2,3,2,81244,4858.51025390625,0,0,3
1767771343.8816032,16137296052353762183,0,7,4,58,5,12,2,3,2,79829,4800.7900390625,0,0,3
1767771343.8816032,16137296052353762183,0,8,11,58,16,0,2,3,2,81058,4857.7373046875,0,0,3
1767771343.8816032,16137296052353762183,0,9,2,58,4,18,2,3,2,80084,4789.87158203125,0,0,3
1767771343.8816032,16137296052353762183,0,10,14,58,19,0,2,3,2,81334,4865.17431640625,0,0,3
1767771343.8816032,16137296052353762183,0,11,15,58,14,0,2,3,2,81371,4865.95361328125,0,0,3
1767771343.8816032,16137296052353762183,0,12,3,58,3,15,2,3,2,80300,4799.7841796875,0,0,3
1767771343.8816032,16137296052353762183,0,13,9,58,11,2,3,3,2,80304,4841.787109375,0,0,4
1767771343.8816032,16137296052353762183,0,14,6,58,7,8,2,3,2,80776,4828.75390625,0,0,3
1767771343.8816032,16137296052353762183,0,15,16,57,9,0,2,3,2,82328,4802.5205078125,0,0,3
1767771343.8816032,16137296052353762183,0,16,10,58,20,1,3,3,2,80828,4854.45361328125,0,0,4
1767771343.8816032,16137296052353762183,0,17,5,58,6,10,2,3,2,80548,4808.76904296875,0,0,3
1767771343.8816032,16137296052353762183,0,18,18,9,17,0,0,4,3,83068,788.0690307617188,0,0,1
1767771343.8816032,16137296052353762183,0,19,20,0,18,0,0,4,1,0,4964.653981829062,0,0,1
1767771343.8816032,16137296052353762183,0,20,0,0,0,0,0,0,0,0,0.0,0,0,0
1767771343.8816032,16137296052353762183,0,21,0,0,0,0,0,0,0,0,0.0,0,0,0
1767771348.8998933,16137296052353762183,0,0,17,33,15,0,1,4,3,82326,2862.583740234375,0,0,2
1767771348.8998933,16137296052353762183,0,1,1,58,2,25,2,3,2,79789,4784.58740234375,0,0,3
1767771348.8998933,16137296052353762183,0,2,19,2,13,0,0,4,3,84306,236.94192504882812,0,0,1
1767771348.8998933,16137296052353762183,0,3,8,58,1,4,2,3,2,81029,4831.4365234375,0,0,3
1767771348.8998933,16137296052353762183,0,4,7,58,12,6,2,3,2,80379,4829.19775390625,0,0,3
1767771348.8998933,16137296052353762183,0,5,12,58,8,0,2,3,2,81216,4857.998046875,0,0,3
1767771348.8998933,16137296052353762183,0,6,13,58,10,0,2,3,2,81244,4858.51025390625,0,0,3
1767771348.8998933,16137296052353762183,0,7,4,58,5,12,2,3,2,79829,4800.7900390625,0,0,3
1767771348.8998933,16137296052353762183,0,8,11,58,16,0,2,3,2,81058,4857.7373046875,0,0,3
1767771348.8998933,16137296052353762183,0,9,2,58,4,18,2,3,2,80084,4789.87158203125,0,0,3
1767771348.8998933,16137296052353762183,0,10,14,58,19,0,2,3,2,81334,4865.17431640625,0,0,3
1767771348.8998933,16137296052353762183,0,11,15,58,14,0,2,3,2,81371,4865.95361328125,0,0,3
1767771348.8998933,16137296052353762183,0,12,3,58,3,15,2,3,2,80300,4799.7841796875,0,0,3
1767771348.8998933,16137296052353762183,0,13,9,58,11,2,3,3,2,80304,4841.787109375,0,0,4
1767771348.8998933,16137296052353762183,0,14,6,58,7,8,2,3,2,80776,4828.75390625,0,0,3
1767771348.8998933,16137296052353762183,0,15,16,57,9,0,2,3,2,82328,4802.5205078125,0,0,3
1767771348.8998933,16137296052353762183,0,16,10,58,20,1,3,3,2,80828,4854.45361328125,0,0,4
1767771348.8998933,16137296052353762183,0,17,5,58,6,10,2,3,2,80548,4808.76904296875,0,0,3
1767771348.8998933,16137296052353762183,0,18,18,9,17,0,0,4,3,83068,788.0690307617188,0,0,1
1767771348.8998933,16137296052353762183,0,19,20,0,18,0,0,4,1,0,4964.653981829062,0,0,1
1767771348.8998933,16137296052353762183,0,20,0,0,0,0,0,0,0,0,0.0,0,0,0
1767771348.8998933,16137296052353762183,0,21,0,0,0,0,0,0,0,0,0.0,0,0,0
1767771353.918379,16137296052353762183,0,0,17,33,15,0,1,4,3,82326,2862.583740234375,0,0,2
1767771353.918379,16137296052353762183,0,1,1,58,2,25,2,3,2,79789,4784.58740234375,0,0,3
1767771353.918379,16137296052353762183,0,2,19,2,13,0,0,4,3,84306,236.94192504882812,0,0,1
1767771353.918379,16137296052353762183,0,3,8,58,1,4,2,3,2,81029,4831.4365234375,0,0,3
1767771353.918379,16137296052353762183,0,4,7,58,12,6,2,3,2,80379,4829.19775390625,0,0,3
1767771353.918379,16137296052353762183,0,5,12,58,8,0,2,3,2,81216,4857.998046875,0,0,3
1767771353.918379,16137296052353762183,0,6,13,58,10,0,2,3,2,81244,4858.51025390625,0,0,3
1767771353.918379,16137296052353762183,0,7,4,58,5,12,2,3,2,79829,4800.7900390625,0,0,3
1767771353.918379,16137296052353762183,0,8,11,58,16,0,2,3,2,81058,4857.7373046875,0,0,3
1767771353.918379,16137296052353762183,0,9,2,58,4,18,2,3,2,80084,4789.87158203125,0,0,3
1767771353.918379,16137296052353762183,0,10,14,58,19,0,2,3,2,81334,4865.17431640625,0,0,3
1767771353.918379,16137296052353762183,0,11,15,58,14,0,2,3,2,81371,4865.95361328125,0,0,3
1767771353.918379,16137296052353762183,0,12,3,58,3,15,2,3,2,80300,4799.7841796875,0,0,3
1767771353.918379,16137296052353762183,0,13,9,58,11,2,3,3,2,80304,4841.787109375,0,0,4
1767771353.918379,16137296052353762183,0,14,6,58,7,8,2,3,2,80776,4828.75390625,0,0,3
1767771353.918379,16137296052353762183,0,15,16,57,9,0,2,3,2,82328,4802.5205078125,0,0,3
1767771353.918379,16137296052353762183,0,16,10,58,20,1,3,3,2,80828,4854.45361328125,0,0,4
1767771353.918379,16137296052353762183,0,17,5,58,6,10,2,3,2,80548,4808.76904296875,0,0,3
1767771353.918379,16137296052353762183,0,18,18,9,17,0,0,4,3,83068,788.0690307617188,0,0,1
1767771353.918379,16137296052353762183,0,19,20,0,18,0,0,4,1,0,4964.653981829062,0,0,1
1767771353.918379,16137296052353762183,0,20,0,0,0,0,0,0,0,0,0.0,0,0,0
1767771353.918379,16137296052353762183,0,21,0,0,0,0,0,0,0,0,0.0,0,0,0
1767771358.9272974,16137296052353762183,0,0,17,33,15,0,1,4,3,82326,2862.583740234375,0,0,2
1767771358.9272974,16137296052353762183,0,1,1,58,2,25,2,3,2,79789,4784.58740234375,0,0,3
1767771358.9272974,16137296052353762183,0,2,19,2,13,0,0,4,3,84306,236.94192504882812,0,0,1
1767771358.9272974,16137296052353762183,0,3,8,58,1,4,2,3,2,81029,4831.4365234375,0,0,3
1767771358.9272974,16137296052353762183,0,4,7,58,12,6,2,3,2,80379,4829.19775390625,0,0,3
1767771358.9272974,16137296052353762183,0,5,12,58,8,0,2,3,2,81216,4857.998046875,0,0,3
1767771358.9272974,16137296052353762183,0,6,13,58,10,0,2,3,2,81244,4858.51025390625,0,0,3
1767771358.9272974,16137296052353762183,0,7,4,58,5,12,2,3,2,79829,4800.7900390625,0,0,3
1767771358.9272974,16137296052353762183,0,8,11,58,16,0,2,3,2,81058,4857.7373046875,0,0,3
1767771358.9272974,16137296052353762183,0,9,2,58,4,18,2,3,2,80084,4789.87158203125,0,0,3
1767771358.9272974,16137296052353762183,0,10,14,58,19,0,2,3,2,81334,4865.17431640625,0,0,3
1767771358.9272974,16137296052353762183,0,11,15,58,14,0,2,3,2,81371,4865.95361328125,0,0,3
1767771358.9272974,16137296052353762183,0,12,3,58,3,15,2,3,2,80300,4799.7841796875,0,0,3
1767771358.9272974,16137296052353762183,0,13,9,58,11,2,3,3,2,80304,4841.787109375,0,0,4
1767771358.9272974,16137296052353762183,0,14,6,58,7,8,2,3,2,80776,4828.75390625,0,0,3
1767771358.9272974,16137296052353762183,0,15,16,57,9,0,2,3,2,82328,4802.5205078125,0,0,3
1767771358.9272974,16137296052353762183,0,16,10,58,20,1,3,3,2,80828,4854.45361328125,0,0,4
1767771358.9272974,16137296052353762183,0,17,5,58,6,10,2,3,2,80548,4808.76904296875,0,0,3
1767771358.9272974,16137296052353762183,0,18,18,9,17,0,0,4,3,83068,788.0690307617188,0,0,1
1767771358.9272974,16137296052353762183,0,19,20,0,18,0,0,4,1,0,4964.653981829062,0,0,1
1767771358.9272974,16137296052353762183,0,20,0,0,0,0,0,0,0,0,0.0,0,0,0
1767771358.9272974,16137296052353762183,0,21,0,0,0,0,0,0,0,0,0.0,0,0,0
1767771363.932895,16137296052353762183,0,0,17,33,15,0,1,4,3,82326,2862.583740234375,0,0,2
1767771363.932895,16137296052353762183,0,1,1,58,2,25,2,3,2,79789,4784.58740234375,0,0,3
1767771363.932895,16137296052353762183,0,2,19,2,13,0,0,4,3,84306,236.94192504882812,0,0,1
1767771363.932895,16137296052353762183,0,3,8,58,1,4,2,3,2,81029,4831.4365234375,0,0,3
1767771363.932895,16137296052353762183,0,4,7,58,12,6,2,3,2,80379,4829.19775390625,0,0,3
1767771363.932895,16137296052353762183,0,5,12,58,8,0,2,3,2,81216,4857.998046875,0,0,3
1767771363.932895,16137296052353762183,0,6,13,58,10,0,2,3,2,81244,4858.51025390625,0,0,3
1767771363.932895,16137296052353762183,0,7,4,58,5,12,2,3,2,79829,4800.7900390625,0,0,3
1767771363.932895,16137296052353762183,0,8,11,58,16,0,2,3,2,81058,4857.7373046875,0,0,3
1767771363.932895,16137296052353762183,0,9,2,58,4,18,2,3,2,80084,4789.87158203125,0,0,3
1767771363.932895,16137296052353762183,0,10,14,58,19,0,2,3,2,81334,4865.17431640625,0,0,3
1767771363.932895,16137296052353762183,0,11,15,58,14,0,2,3,2,81371,4865.95361328125,0,0,3
1767771363.932895,16137296052353762183,0,12,3,58,3,15,2,3,2,80300,4799.7841796875,0,0,3
1767771363.932895,16137296052353762183,0,13,9,58,11,2,3,3,2,80304,4841.787109375,0,0,4
1767771363.932895,16137296052353762183,0,14,6,58,7,8,2,3,2,80776,4828.75390625,0,0,3
1767771363.932895,16137296052353762183,0,15,16,57,9,0,2,3,2,82328,4802.5205078125,0,0,3
1767771363.932895,16137296052353762183,0,16,10,58,20,1,3,3,2,80828,4854.45361328125,0,0,4
1767771363.932895,16137296052353762183,0,17,5,58,6,10,2,3,2,80548,4808.76904296875,0,0,3
1767771363.932895,16137296052353762183,0,18,18,9,17,0,0,4,3,83068,788.0690307617188,0,0,1
1767771363.932895,16137296052353762183,0,19,20,0,18,0,0,4,1,0,4964.653981829062,0,0,1
1767771363.932895,16137296052353762183,0,20,0,0,0,0,0,0,0,0,0.0,0,0,0
1767771363.932895,16137296052353762183,0,21,0,0,0,0,0,0,0,0,0.0,0,0,0
1767771368.947883,16137296052353762183,0,0,17,33,15,0,1,4,3,82326,2862.583740234375,0,0,2
1767771368.947883,16137296052353762183,0,1,1,58,2,25,2,3,2,79789,4784.58740234375,0,0,3
1767771368.947883,16137296052353762183,0,2,19,2,13,0,0,4,3,84306,236.94192504882812,0,0,1
1767771368.947883,16137296052353762183,0,3,8,58,1,4,2,3,2,81029,4831.4365234375,0,0,3
1767771368.947883,16137296052353762183,0,4,7,58,12,6,2,3,2,80379,4829.19775390625,0,0,3
1767771368.947883,16137296052353762183,0,5,12,58,8,0,2,3,2,81216,4857.998046875,0,0,3
1767771368.947883,16137296052353762183,0,6,13,58,10,0,2,3,2,81244,4858.51025390625,0,0,3
1767771368.947883,16137296052353762183,0,7,4,58,5,12,2,3,2,79829,4800.7900390625,0,0,3
1767771368.947883,16137296052353762183,0,8,11,58,16,0,2,3,2,81058,4857.7373046875,0,0,3
1767771368.947883,16137296052353762183,0,9,2,58,4,18,2,3,2,80084,4789.87158203125,0,0,3
1767771368.947883,16137296052353762183,0,10,14,58,19,0,2,3,2,81334,4865.17431640625,0,0,3
1767771368.947883,16137296052353762183,0,11,15,58,14,0,2,3,2,81371,4865.95361328125,0,0,3
1767771368.947883,16137296052353762183,0,12,3,58,3,15,2,3,2,80300,4799.7841796875,0,0,3
1767771368.947883,16137296052353762183,0,13,9,58,11,2,3,3,2,80304,4841.787109375,0,0,4
1767771368.947883,16137296052353762183,0,14,6,58,7,8,2,3,2,80776,4828.75390625,0,0,3
1767771368.947883,16137296052353762183,0,15,16,57,9,0,2,3,2,82328,4802.5205078125,0,0,3
1767771368.947883,16137296052353762183,0,16,10,58,20,1,3,3,2,80828,4854.45361328125,0,0,4
1767771368.947883,16137296052353762183,0,17,5,58,6,10,2,3,2,80548,4808.76904296875,0,0,3
1767771368.947883,16137296052353762183,0,18,18,9,17,0,0,4,3,83068,788.0690307617188,0,0,1
1767771368.947883,16137296052353762183,0,19,20,0,18,0,0,4,1,0,4964.653981829062,0,0,1
1767771368.947883,16137296052353762183,0,20,0,0,0,0,0,0,0,0,0.0,0,0,0
1767771368.947883,16137296052353762183,0,21,0,0,0,0,0,0,0,0,0.0,0,0,0
1767771373.9550214,16137296052353762183,0,0,17,33,15,0,1,4,3,82326,2862.583740234375,0,0,2
1767771373.9550214,16137296052353762183,0,1,1,58,2,25,2,3,2,79789,4784.58740234375,0,0,3
1767771373.9550214,16137296052353762183,0,2,19,2,13,0,0,4,3,84306,236.94192504882812,0,0,1
1767771373.9550214,16137296052353762183,0,3,8,58,1,4,2,3,2,81029,4831.4365234375,0,0,3
1767771373.9550214,16137296052353762183,0,4,7,58,12,6,2,3,2,80379,4829.19775390625,0,0,3
1767771373.9550214,16137296052353762183,0,5,12,58,8,0,2,3,2,81216,4857.998046875,0,0,3
1767771373.9550214,16137296052353762183,0,6,13,58,10,0,2,3,2,81244,4858.51025390625,0,0,3
1767771373.9550214,16137296052353762183,0,7,4,58,5,12,2,3,2,79829,4800.7900390625,0,0,3
1767771373.9550214,16137296052353762183,0,8,11,58,16,0,2,3,2,81058,4857.7373046875,0,0,3
1767771373.9550214,16137296052353762183,0,9,2,58,4,18,2,3,2,80084,4789.87158203125,0,0,3
1767771373.9550214,16137296052353762183,0,10,14,58,19,0,2,3,2,81334,4865.17431640625,0,0,3
1767771373.9550214,16137296052353762183,0,11,15,58,14,0,2,3,2,81371,4865.95361328125,0,0,3
1767771373.9550214,16137296052353762183,0,12,3,58,3,15,2,3,2,80300,4799.7841796875,0,0,3
1767771373.9550214,16137296052353762183,0,13,9,58,11,2,3,3,2,80304,4841.787109375,0,0,4
1767771373.9550214,16137296052353762183,0,14,6,58,7,8,2,3,2,80776,4828.75390625,0,0,3
1767771373.9550214,16137296052353762183,0,15,16,57,9,0,2,3,2,82328,4802.5205078125,0,0,3
1767771373.9550214,16137296052353762183,0,16,10,58,20,1,3,3,2,80828,4854.45361328125,0,0,4
1767771373.9550214,16137296052353762183,0,17,5,58,6,10,2,3,2,80548,4808.76904296875,0,0,3
1767771373.9550214,16137296052353762183,0,18,18,9,17,0,0,4,3,83068,788.0690307617188,0,0,1
1767771373.9550214,16137296052353762183,0,19,20,0,18,0,0,4,1,0,4964.653981829062,0,0,1
1767771373.9550214,16137296052353762183,0,20,0,0,0,0,0,0,0,0,0.0,0,0,0
1767771373.9550214,16137296052353762183,0,21,0,0,0,0,0,0,0,0,0.0,0,0,0
1767771378.9653382,16137296052353762183,0,0,17,33,15,0,1,4,3,82326,2862.583740234375,0,0,2
1767771378.9653382,16137296052353762183,0,1,1,58,2,25,2,3,2,79789,4784.58740234375,0,0,3
1767771378.9653382,16137296052353762183,0,2,19,2,13,0,0,4,3,84306,236.94192504882812,0,0,1
1767771378.9653382,16137296052353762183,0,3,8,58,1,4,2,3,2,81029,4831.4365234375,0,0,3
1767771378.9653382,16137296052353762183,0,4,7,58,12,6,2,3,2,80379,4829.19775390625,0,0,3
1767771378.9653382,16137296052353762183,0,5,12,58,8,0,2,3,2,81216,4857.998046875,0,0,3
1767771378.9653382,16137296052353762183,0,6,13,58,10,0,2,3,2,81244,4858.51025390625,0,0,3
1767771378.9653382,16137296052353762183,0,7,4,58,5,12,2,3,2,79829,4800.7900390625,0,0,3
1767771378.9653382,16137296052353762183,0,8,11,58,16,0,2,3,2,81058,4857.7373046875,0,0,3
1767771378.9653382,16137296052353762183,0,9,2,58,4,18,2,3,2,80084,4789.87158203125,0,0,3
1767771378.9653382,16137296052353762183,0,10,14,58,19,0,2,3,2,81334,4865.17431640625,0,0,3
1767771378.9653382,16137296052353762183,0,11,15,58,14,0,2,3,2,81371,4865.95361328125,0,0,3
1767771378.9653382,16137296052353762183,0,12,3,58,3,15,2,3,2,80300,4799.7841796875,0,0,3
1767771378.9653382,16137296052353762183,0,13,9,58,11,2,3,3,2,80304,4841.787109375,0,0,4
1767771378.9653382,16137296052353762183,0,14,6,58,7,8,2,3,2,80776,4828.75390625,0,0,3
1767771378.9653382,16137296052353762183,0,15,16,57,9,0,2,3,2,82328,4802.5205078125,0,0,3
1767771378.9653382,16137296052353762183,0,16,10,58,20,1,3,3,2,80828,4854.45361328125,0,0,4
1767771378.9653382,16137296052353762183,0,17,5,58,6,10,2,3,2,80548,4808.76904296875,0,0,3
1767771378.9653382,16137296052353762183,0,18,18,9,17,0,0,4,3,83068,788.0690307617188,0,0,1
1767771378.9653382,16137296052353762183,0,19,20,0,18,0,0,4,1,0,4964.653981829062,0,0,1
1767771378.9653382,16137296052353762183,0,20,0,0,0,0,0,0,0,0,0.0,0,0,0
1767771378.9653382,16137296052353762183,0,21,0,0,0,0,0,0,0,0,0.0,0,0,0
1767771383.9722228,16137296052353762183,0,0,17,33,15,0,1,4,3,82326,2862.583740234375,0,0,2
1767771383.9722228,16137296052353762183,0,1,1,58,2,25,2,3,2,79789,4784.58740234375,0,0,3
1767771383.9722228,16137296052353762183,0,2,19,2,13,0,0,4,3,84306,236.94192504882812,0,0,1
1767771383.9722228,16137296052353762183,0,3,8,58,1,4,2,3,2,81029,4831.4365234375,0,0,3
1767771383.9722228,16137296052353762183,0,4,7,58,12,6,2,3,2,80379,4829.19775390625,0,0,3
1767771383.9722228,16137296052353762183,0,5,12,58,8,0,2,3,2,81216,4857.998046875,0,0,3
1767771383.9722228,16137296052353762183,0,6,13,58,10,0,2,3,2,81244,4858.51025390625,0,0,3
1767771383.9722228,16137296052353762183,0,7,4,58,5,12,2,3,2,79829,4800.7900390625,0,0,3
1767771383.9722228,16137296052353762183,0,8,11,58,16,0,2,3,2,81058,4857.7373046875,0,0,3
1767771383.9722228,16137296052353762183,0,9,2,58,4,18,2,3,2,80084,4789.87158203125,0,0,3
1767771383.9722228,16137296052353762183,0,10,14,58,19,0,2,3,2,81334,4865.17431640625,0,0,3
1767771383.9722228,16137296052353762183,0,11,15,58,14,0,2,3,2,81371,4865.95361328125,0,0,3
1767771383.9722228,16137296052353762183,0,12,3,58,3,15,2,3,2,80300,4799.7841796875,0,0,3
1767771383.9722228,16137296052353762183,0,13,9,58,11,2,3,3,2,80304,4841.787109375,0,0,4
1767771383.9722228,16137296052353762183,0,14,6,58,7,8,2,3,2,80776,4828.75390625,0,0,3
1767771383.9722228,16137296052353762183,0,15,16,57,9,0,2,3,2,82328,4802.5205078125,0,0,3
1767771383.9722228,16137296052353762183,0,16,10,58,20,1,3,3,2,80828,4854.45361328125,0,0,4
1767771383.9722228,16137296052353762183,0,17,5,58,6,10,2,3,2,80548,4808.76904296875,0,0,3
1767771383.9722228,16137296052353762183,0,18,18,9,17,0,0,4,3,83068,788.0690307617188,0,0,1
1767771383.9722228,16137296052353762183,0,19,20,0,18,0,0,4,1,0,4964.653981829062,0,0,1
1767771383.9722228,16137296052353762183,0,20,0,0,0,0,0,0,0,0,0.0,0,0,0
1767771383.9722228,16137296052353762183,0,21,0,0,0,0,0,0,0,0,0.0,0,0,0
1767771388.980206,16137296052353762183,0,0,17,33,15,0,1,4,3,82326,2862.583740234375,0,0,2
1767771388.980206,16137296052353762183,0,1,1,58,2,25,2,3,2,79789,4784.58740234375,0,0,3
1767771388.980206,16137296052353762183,0,2,19,2,13,0,0,4,3,84306,236.94192504882812,0,0,1
1767771388.980206,16137296052353762183,0,3,8,58,1,4,2,3,2,81029,4831.4365234375,0,0,3
1767771388.980206,16137296052353762183,0,4,7,58,12,6,2,3,2,80379,4829.19775390625,0,0,3
1767771388.980206,16137296052353762183,0,5,12,58,8,0,2,3,2,81216,4857.998046875,0,0,3
1767771388.980206,16137296052353762183,0,6,13,58,10,0,2,3,2,81244,4858.51025390625,0,0,3
1767771388.980206,16137296052353762183,0,7,4,58,5,12,2,3,2,79829,4800.7900390625,0,0,3
1767771388.980206,16137296052353762183,0,8,11,58,16,0,2,3,2,81058,4857.7373046875,0,0,3
1767771388.980206,16137296052353762183,0,9,2,58,4,18,2,3,2,80084,4789.87158203125,0,0,3
1767771388.980206,16137296052353762183,0,10,14,58,19,0,2,3,2,81334,4865.17431640625,0,0,3
1767771388.980206,16137296052353762183,0,11,15,58,14,0,2,3,2,81371,4865.95361328125,0,0,3
1767771388.980206,16137296052353762183,0,12,3,58,3,15,2,3,2,80300,4799.7841796875,0,0,3
1767771388.980206,16137296052353762183,0,13,9,58,11,2,3,3,2,80304,4841.787109375,0,0,4
1767771388.980206,16137296052353762183,0,14,6,58,7,8,2,3,2,80776,4828.75390625,0,0,3
1767771388.980206,16137296052353762183,0,15,16,57,9,0,2,3,2,82328,4802.5205078125,0,0,3
1767771388.980206,16137296052353762183,0,16,10,58,20,1,3,3,2,80828,4854.45361328125,0,0,4
1767771388.980206,16137296052353762183,0,17,5,58,6,10,2,3,2,80548,4808.76904296875,0,0,3
1767771388.980206,16137296052353762183,0,18,18,9,17,0,0,4,3,83068,788.0690307617188,0,0,1
1767771388.980206,16137296052353762183,0,19,20,0,18,0,0,4,1,0,4964.653981829062,0,0,1
1767771388.980206,16137296052353762183,0,20,0,0,0,0,0,0,0,0,0.0,0,0,0
1767771388.980206,16137296052353762183,0,21,0,0,0,0,0,0,0,0,0.0,0,0,0
1767771393.9924364,16137296052353762183,0,0,17,33,15,0,1,4,3,82326,2862.583740234375,0,0,2
1767771393.9924364,16137296052353762183,0,1,1,58,2,25,2,3,2,79789,4784.58740234375,0,0,3
1767771393.9924364,16137296052353762183,0,2,19,2,13,0,0,4,3,84306,236.94192504882812,0,0,1
1767771393.9924364,16137296052353762183,0,3,8,58,1,4,2,3,2,81029,4831.4365234375,0,0,3
1767771393.9924364,16137296052353762183,0,4,7,58,12,6,2,3,2,80379,4829.19775390625,0,0,3
1767771393.9924364,16137296052353762183,0,5,12,58,8,0,2,3,2,81216,4857.998046875,0,0,3
1767771393.9924364,16137296052353762183,0,6,13,58,10,0,2,3,2,81244,4858.51025390625,0,0,3
1767771393.9924364,16137296052353762183,0,7,4,58,5,12,2,3,2,79829,4800.7900390625,0,0,3
1767771393.9924364,16137296052353762183,0,8,11,58,16,0,2,3,2,81058,4857.7373046875,0,0,3
1767771393.9924364,16137296052353762183,0,9,2,58,4,18,2,3,2,80084,4789.87158203125,0,0,3
1767771393.9924364,16137296052353762183,0,10,14,58,19,0,2,3,2,81334,4865.17431640625,0,0,3
1767771393.9924364,16137296052353762183,0,11,15,58,14,0,2,3,2,81371,4865.95361328125,0,0,3
1767771393.9924364,16137296052353762183,0,12,3,58,3,15,2,3,2,80300,4799.7841796875,0,0,3
1767771393.9924364,16137296052353762183,0,13,9,58,11,2,3,3,2,80304,4841.787109375,0,0,4
1767771393.9924364,16137296052353762183,0,14,6,58,7,8,2,3,2,80776,4828.75390625,0,0,3
1767771393.9924364,16137296052353762183,0,15,16,57,9,0,2,3,2,82328,4802.5205078125,0,0,3
1767771393.9924364,16137296052353762183,0,16,10,58,20,1,3,3,2,80828,4854.45361328125,0,0,4
1767771393.9924364,16137296052353762183,0,17,5,58,6,10,2,3,2,80548,4808.76904296875,0,0,3
1767771393.9924364,16137296052353762183,0,18,18,9,17,0,0,4,3,83068,788.0690307617188,0,0,1
1767771393.9924364,16137296052353762183,0,19,20,0,18,0,0,4,1,0,4964.653981829062,0,0,1
1767771393.9924364,16137296052353762183,0,20,0,0,0,0,0,0,0,0,0.0,0,0,0
1767771393.9924364,16137296052353762183,0,21,0,0,0,0,0,0,0,0,0.0,0,0,0
1767771399.007243,16137296052353762183,0,0,17,33,15,0,1,4,3,82326,2862.583740234375,0,0,2
1767771399.007243,16137296052353762183,0,1,1,58,2,25,2,3,2,79789,4784.58740234375,0,0,3
1767771399.007243,16137296052353762183,0,2,19,2,13,0,0,4,3,84306,236.94192504882812,0,0,1
1767771399.007243,16137296052353762183,0,3,8,58,1,4,2,3,2,81029,4831.4365234375,0,0,3
1767771399.007243,16137296052353762183,0,4,7,58,12,6,2,3,2,80379,4829.19775390625,0,0,3
1767771399.007243,16137296052353762183,0,5,12,58,8,0,2,3,2,81216,4857.998046875,0,0,3
1767771399.007243,16137296052353762183,0,6,13,58,10,0,2,3,2,81244,4858.51025390625,0,0,3
1767771399.007243,16137296052353762183,0,7,4,58,5,12,2,3,2,79829,4800.7900390625,0,0,3
1767771399.007243,16137296052353762183,0,8,11,58,16,0,2,3,2,81058,4857.7373046875,0,0,3
1767771399.007243,16137296052353762183,0,9,2,58,4,18,2,3,2,80084,4789.87158203125,0,0,3
1767771399.007243,16137296052353762183,0,10,14,58,19,0,2,3,2,81334,4865.17431640625,0,0,3
1767771399.007243,16137296052353762183,0,11,15,58,14,0,2,3,2,81371,4865.95361328125,0,0,3
1767771399.007243,16137296052353762183,0,12,3,58,3,15,2,3,2,80300,4799.7841796875,0,0,3
1767771399.007243,16137296052353762183,0,13,9,58,11,2,3,3,2,80304,4841.787109375,0,0,4
1767771399.007243,16137296052353762183,0,14,6,58,7,8,2,3,2,80776,4828.75390625,0,0,3
1767771399.007243,16137296052353762183,0,15,16,57,9,0,2,3,2,82328,4802.5205078125,0,0,3
1767771399.007243,16137296052353762183,0,16,10,58,20,1,3,3,2,80828,4854.45361328125,0,0,4
1767771399.007243,16137296052353762183,0,17,5,58,6,10,2,3,2,80548,4808.76904296875,0,0,3
1767771399.007243,16137296052353762183,0,18,18,9,17,0,0,4,3,83068,788.0690307617188,0,0,1
1767771399.007243,16137296052353762183,0,19,20,0,18,0,0,4,1,0,4964.653981829062,0,0,1
1767771399.007243,16137296052353762183,0,20,0,0,0,0,0,0,0,0,0.0,0,0,0
1767771399.007243,16137296052353762183,0,21,0,0,0,0,0,0,0,0,0.0,0,0,0
1767771404.01203,16137296052353762183,0,0,17,33,15,0,1,4,3,82326,2862.583740234375,0,0,2
1767771404.01203,16137296052353762183,0,1,1,58,2,25,2,3,2,79789,4784.58740234375,0,0,3
1767771404.01203,16137296052353762183,0,2,19,2,13,0,0,4,3,84306,236.94192504882812,0,0,1
1767771404.01203,16137296052353762183,0,3,8,58,1,4,2,3,2,81029,4831.4365234375,0,0,3
1767771404.01203,16137296052353762183,0,4,7,58,12,6,2,3,2,80379,4829.19775390625,0,0,3
1767771404.01203,16137296052353762183,0,5,12,58,8,0,2,3,2,81216,4857.998046875,0,0,3
1767771404.01203,16137296052353762183,0,6,13,58,10,0,2,3,2,81244,4858.51025390625,0,0,3
1767771404.01203,16137296052353762183,0,7,4,58,5,12,2,3,2,79829,4800.7900390625,0,0,3
1767771404.01203,16137296052353762183,0,8,11,58,16,0,2,3,2,81058,4857.7373046875,0,0,3
1767771404.01203,16137296052353762183,0,9,2,58,4,18,2,3,2,80084,4789.87158203125,0,0,3
1767771404.01203,16137296052353762183,0,10,14,58,19,0,2,3,2,81334,4865.17431640625,0,0,3
1767771404.01203,16137296052353762183,0,11,15,58,14,0,2,3,2,81371,4865.95361328125,0,0,3
1767771404.01203,16137296052353762183,0,12,3,58,3,15,2,3,2,80300,4799.7841796875,0,0,3
1767771404.01203,16137296052353762183,0,13,9,58,11,2,3,3,2,80304,4841.787109375,0,0,4
1767771404.01203,16137296052353762183,0,14,6,58,7,8,2,3,2,80776,4828.75390625,0,0,3
1767771404.01203,16137296052353762183,0,15,16,57,9,0,2,3,2,82328,4802.5205078125,0,0,3
1767771404.01203,16137296052353762183,0,16,10,58,20,1,3,3,2,80828,4854.45361328125,0,0,4
1767771404.01203,16137296052353762183,0,17,5,58,6,10,2,3,2,80548,4808.76904296875,0,0,3
1767771404.01203,16137296052353762183,0,18,18,9,17,0,0,4,3,83068,788.0690307617188,0,0,1
1767771404.01203,16137296052353762183,0,19,20,0,18,0,0,4,1,0,4964.653981829062,0,0,1
1767771404.01203,16137296052353762183,0,20,0,0,0,0,0,0,0,0,0.0,0,0,0
1767771404.01203,16137296052353762183,0,21,0,0,0,0,0,0,0,0,0.0,0,0,0
1767771409.0161097,16137296052353762183,0,0,17,33,15,0,1,4,3,82326,2862.583740234375,0,0,2
1767771409.0161097,16137296052353762183,0,1,1,58,2,25,2,3,2,79789,4784.58740234375,0,0,3
1767771409.0161097,16137296052353762183,0,2,19,2,13,0,0,4,3,84306,236.94192504882812,0,0,1
1767771409.0161097,16137296052353762183,0,3,8,58,1,4,2,3,2,81029,4831.4365234375,0,0,3
1767771409.0161097,16137296052353762183,0,4,7,58,12,6,2,3,2,80379,4829.19775390625,0,0,3
1767771409.0161097,16137296052353762183,0,5,12,58,8,0,2,3,2,81216,4857.998046875,0,0,3
1767771409.0161097,16137296052353762183,0,6,13,58,10,0,2,3,2,81244,4858.51025390625,0,0,3
1767771409.0161097,16137296052353762183,0,7,4,58,5,12,2,3,2,79829,4800.7900390625,0,0,3
1767771409.0161097,16137296052353762183,0,8,11,58,16,0,2,3,2,81058,4857.7373046875,0,0,3
1767771409.0161097,16137296052353762183,0,9,2,58,4,18,2,3,2,80084,4789.87158203125,0,0,3
1767771409.0161097,16137296052353762183,0,10,14,58,19,0,2,3,2,81334,4865.17431640625,0,0,3
1767771409.0161097,16137296052353762183,0,11,15,58,14,0,2,3,2,81371,4865.95361328125,0,0,3
1767771409.0161097,16137296052353762183,0,12,3,58,3,15,2,3,2,80300,4799.7841796875,0,0,3
1767771409.0161097,16137296052353762183,0,13,9,58,11,2,3,3,2,80304,4841.787109375,0,0,4
1767771409.0161097,16137296052353762183,0,14,6,58,7,8,2,3,2,80776,4828.75390625,0,0,3
1767771409.0161097,16137296052353762183,0,15,16,57,9,0,2,3,2,82328,4802.5205078125,0,0,3
1767771409.0161097,16137296052353762183,0,16,10,58,20,1,3,3,2,80828,4854.45361328125,0,0,4
1767771409.0161097,16137296052353762183,0,17,5,58,6,10,2,3,2,80548,4808.76904296875,0,0,3
1767771409.0161097,16137296052353762183,0,18,18,9,17,0,0,4,3,83068,788.0690307617188,0,0,1
1767771409.0161097,16137296052353762183,0,19,20,0,18,0,0,4,1,0,4964.653981829062,0,0,1
1767771409.0161097,16137296052353762183,0,20,0,0,0,0,0,0,0,0,0.0,0,0,0
1767771409.0161097,16137296052353762183,0,21,0,0,0,0,0,0,0,0,0.0,0,0,0
1767771414.0282109,16137296052353762183,0,0,17,33,15,0,1,4,3,82326,2862.583740234375,0,0,2
1767771414.0282109,16137296052353762183,0,1,1,58,2,25,2,3,2,79789,4784.58740234375,0,0,3
1767771414.0282109,16137296052353762183,0,2,19,2,13,0,0,4,3,84306,236.94192504882812,0,0,1
1767771414.0282109,16137296052353762183,0,3,8,58,1,4,2,3,2,81029,4831.4365234375,0,0,3
1767771414.0282109,16137296052353762183,0,4,7,58,12,6,2,3,2,80379,4829.19775390625,0,0,3
1767771414.0282109,16137296052353762183,0,5,12,58,8,0,2,3,2,81216,4857.998046875,0,0,3
1767771414.0282109,16137296052353762183,0,6,13,58,10,0,2,3,2,81244,4858.51025390625,0,0,3
1767771414.0282109,16137296052353762183,0,7,4,58,5,12,2,3,2,79829,4800.7900390625,0,0,3
1767771414.0282109,16137296052353762183,0,8,11,58,16,0,2,3,2,81058,4857.7373046875,0,0,3
1767771414.0282109,16137296052353762183,0,9,2,58,4,18,2,3,2,80084,4789.87158203125,0,0,3
1767771414.0282109,16137296052353762183,0,10,14,58,19,0,2,3,2,81334,4865.17431640625,0,0,3
1767771414.0282109,16137296052353762183,0,11,15,58,14,0,2,3,2,81371,4865.95361328125,0,0,3
1767771414.0282109,16137296052353762183,0,12,3,58,3,15,2,3,2,80300,4799.7841796875,0,0,3
1767771414.0282109,16137296052353762183,0,13,9,58,11,2,3,3,2,80304,4841.787109375,0,0,4
1767771414.0282109,16137296052353762183,0,14,6,58,7,8,2,3,2,80776,4828.75390625,0,0,3
1767771414.0282109,16137296052353762183,0,15,16,57,9,0,2,3,2,82328,4802.5205078125,0,0,3
1767771414.0282109,16137296052353762183,0,16,10,58,20,1,3,3,2,80828,4854.45361328125,0,0,4
1767771414.0282109,16137296052353762183,0,17,5,58,6,10,2,3,2,80548,4808.76904296875,0,0,3
1767771414.0282109,16137296052353762183,0,18,18,9,17,0,0,4,3,83068,788.0690307617188,0,0,1
1767771414.0282109,16137296052353762183,0,19,20,0,18,0,0,4,1,0,4964.653981829062,0,0,1
1767771414.0282109,16137296052353762183,0,20,0,0,0,0,0,0,0,0,0.0,0,0,0
1767771414.0282109,16137296052353762183,0,21,0,0,0,0,0,0,0,0,0.0,0,0,0
1767771419.0426035,16137296052353762183,0,0,17,33,15,0,1,4,3,82326,2862.583740234375,0,0,2
1767771419.0426035,16137296052353762183,0,1,1,58,2,25,2,3,2,79789,4784.58740234375,0,0,3
1767771419.0426035,16137296052353762183,0,2,19,2,13,0,0,4,3,84306,236.94192504882812,0,0,1
1767771419.0426035,16137296052353762183,0,3,8,58,1,4,2,3,2,81029,4831.4365234375,0,0,3
1767771419.0426035,16137296052353762183,0,4,7,58,12,6,2,3,2,80379,4829.19775390625,0,0,3
1767771419.0426035,16137296052353762183,0,5,12,58,8,0,2,3,2,81216,4857.998046875,0,0,3
1767771419.0426035,16137296052353762183,0,6,13,58,10,0,2,3,2,81244,4858.51025390625,0,0,3
1767771419.0426035,16137296052353762183,0,7,4,58,5,12,2,3,2,79829,4800.7900390625,0,0,3
1767771419.0426035,16137296052353762183,0,8,11,58,16,0,2,3,2,81058,4857.7373046875,0,0,3
1767771419.0426035,16137296052353762183,0,9,2,58,4,18,2,3,2,80084,4789.87158203125,0,0,3
1767771419.0426035,16137296052353762183,0,10,14,58,19,0,2,3,2,81334,4865.17431640625,0,0,3
1767771419.0426035,16137296052353762183,0,11,15,58,14,0,2,3,2,81371,4865.95361328125,0,0,3
1767771419.0426035,16137296052353762183,0,12,3,58,3,15,2,3,2,80300,4799.7841796875,0,0,3
1767771419.0426035,16137296052353762183,0,13,9,58,11,2,3,3,2,80304,4841.787109375,0,0,4
1767771419.0426035,16137296052353762183,0,14,6,58,7,8,2,3,2,80776,4828.75390625,0,0,3
1767771419.0426035,16137296052353762183,0,15,16,57,9,0,2,3,2,82328,4802.5205078125,0,0,3
1767771419.0426035,16137296052353762183,0,16,10,58,20,1,3,3,2,80828,4854.45361328125,0,0,4
1767771419.0426035,16137296052353762183,0,17,5,58,6,10,2,3,2,80548,4808.76904296875,0,0,3
1767771419.0426035,16137296052353762183,0,18,18,9,17,0,0,4,3,83068,788.0690307617188,0,0,1
1767771419.0426035,16137296052353762183,0,19,20,0,18,0,0,4,1,0,4964.653981829062,0,0,1
1767771419.0426035,16137296052353762183,0,20,0,0,0,0,0,0,0,0,0.0,0,0,0
1767771419.0426035,16137296052353762183,0,21,0,0,0,0,0,0,0,0,0.0,0,0,0
1767771424.0470133,16137296052353762183,0,0,17,33,15,0,1,4,3,82326,2862.583740234375,0,0,2
1767771424.0470133,16137296052353762183,0,1,1,58,2,25,2,3,2,79789,4784.58740234375,0,0,3
1767771424.0470133,16137296052353762183,0,2,19,2,13,0,0,4,3,84306,236.94192504882812,0,0,1
1767771424.0470133,16137296052353762183,0,3,8,58,1,4,2,3,2,81029,4831.4365234375,0,0,3
1767771424.0470133,16137296052353762183,0,4,7,58,12,6,2,3,2,80379,4829.19775390625,0,0,3
1767771424.0470133,16137296052353762183,0,5,12,58,8,0,2,3,2,81216,4857.998046875,0,0,3
1767771424.0470133,16137296052353762183,0,6,13,58,10,0,2,3,2,81244,4858.51025390625,0,0,3
1767771424.0470133,16137296052353762183,0,7,4,58,5,12,2,3,2,79829,4800.7900390625,0,0,3
1767771424.0470133,16137296052353762183,0,8,11,58,16,0,2,3,2,81058,4857.7373046875,0,0,3
1767771424.0470133,16137296052353762183,0,9,2,58,4,18,2,3,2,80084,4789.87158203125,0,0,3
1767771424.0470133,16137296052353762183,0,10,14,58,19,0,2,3,2,81334,4865.17431640625,0,0,3
1767771424.0470133,16137296052353762183,0,11,15,58,14,0,2,3,2,81371,4865.95361328125,0,0,3
1767771424.0470133,16137296052353762183,0,12,3,58,3,15,2,3,2,80300,4799.7841796875,0,0,3
1767771424.0470133,16137296052353762183,0,13,9,58,11,2,3,3,2,80304,4841.787109375,0,0,4
1767771424.0470133,16137296052353762183,0,14,6,58,7,8,2,3,2,80776,4828.75390625,0,0,3
1767771424.0470133,16137296052353762183,0,15,16,57,9,0,2,3,2,82328,4802.5205078125,0,0,3
1767771424.0470133,16137296052353762183,0,16,10,58,20,1,3,3,2,80828,4854.45361328125,0,0,4
1767771424.0470133,16137296052353762183,0,17,5,58,6,10,2,3,2,80548,4808.76904296875,0,0,3
1767771424.0470133,16137296052353762183,0,18,18,9,17,0,0,4,3,83068,788.0690307617188,0,0,1
1767771424.0470133,16137296052353762183,0,19,20,0,18,0,0,4,1,0,4964.653981829062,0,0,1
1767771424.0470133,16137296052353762183,0,20,0,0,0,0,0,0,0,0,0.0,0,0,0
1767771424.0470133,16137296052353762183,0,21,0,0,0,0,0,0,0,0,0.0,0,0,0
1767771429.059011,16137296052353762183,0,0,17,33,15,0,1,4,3,82326,2862.583740234375,0,0,2
1767771429.059011,16137296052353762183,0,1,1,58,2,25,2,3,2,79789,4784.58740234375,0,0,3
1767771429.059011,16137296052353762183,0,2,19,2,13,0,0,4,3,84306,236.94192504882812,0,0,1
1767771429.059011,16137296052353762183,0,3,8,58,1,4,2,3,2,81029,4831.4365234375,0,0,3
1767771429.059011,16137296052353762183,0,4,7,58,12,6,2,3,2,80379,4829.19775390625,0,0,3
1767771429.059011,16137296052353762183,0,5,12,58,8,0,2,3,2,81216,4857.998046875,0,0,3
1767771429.059011,16137296052353762183,0,6,13,58,10,0,2,3,2,81244,4858.51025390625,0,0,3
1767771429.059011,16137296052353762183,0,7,4,58,5,12,2,3,2,79829,4800.7900390625,0,0,3
1767771429.059011,16137296052353762183,0,8,11,58,16,0,2,3,2,81058,4857.7373046875,0,0,3
1767771429.059011,16137296052353762183,0,9,2,58,4,18,2,3,2,80084,4789.87158203125,0,0,3
1767771429.059011,16137296052353762183,0,10,14,58,19,0,2,3,2,81334,4865.17431640625,0,0,3
1767771429.059011,16137296052353762183,0,11,15,58,14,0,2,3,2,81371,4865.95361328125,0,0,3
1767771429.059011,16137296052353762183,0,12,3,58,3,15,2,3,2,80300,4799.7841796875,0,0,3
1767771429.059011,16137296052353762183,0,13,9,58,11,2,3,3,2,80304,4841.787109375,0,0,4
1767771429.059011,16137296052353762183,0,14,6,58,7,8,2,3,2,80776,4828.75390625,0,0,3
1767771429.059011,16137296052353762183,0,15,16,57,9,0,2,3,2,82328,4802.5205078125,0,0,3
1767771429.059011,16137296052353762183,0,16,10,58,20,1,3,3,2,80828,4854.45361328125,0,0,4
1767771429.059011,16137296052353762183,0,17,5,58,6,10,2,3,2,80548,4808.76904296875,0,0,3
1767771429.059011,16137296052353762183,0,18,18,9,17,0,0,4,3,83068,788.0690307617188,0,0,1
1767771429.059011,16137296052353762183,0,19,20,0,18,0,0,4,1,0,4964.653981829062,0,0,1
1767771429.059011,16137296052353762183,0,20,0,0,0,0,0,0,0,0,0.0,0,0,0
1767771429.059011,16137296052353762183,0,21,0,0,0,0,0,0,0,0,0.0,0,0,0
1767771434.0699022,16137296052353762183,0,0,17,33,15,0,1,4,3,82326,2862.583740234375,0,0,2
1767771434.0699022,16137296052353762183,0,1,1,58,2,25,2,3,2,79789,4784.58740234375,0,0,3
1767771434.0699022,16137296052353762183,0,2,19,2,13,0,0,4,3,84306,236.94192504882812,0,0,1
1767771434.0699022,16137296052353762183,0,3,8,58,1,4,2,3,2,81029,4831.4365234375,0,0,3
1767771434.0699022,16137296052353762183,0,4,7,58,12,6,2,3,2,80379,4829.19775390625,0,0,3
1767771434.0699022,16137296052353762183,0,5,12,58,8,0,2,3,2,81216,4857.998046875,0,0,3
1767771434.0699022,16137296052353762183,0,6,13,58,10,0,2,3,2,81244,4858.51025390625,0,0,3
1767771434.0699022,16137296052353762183,0,7,4,58,5,12,2,3,2,79829,4800.7900390625,0,0,3
1767771434.0699022,16137296052353762183,0,8,11,58,16,0,2,3,2,81058,4857.7373046875,0,0,3
1767771434.0699022,16137296052353762183,0,9,2,58,4,18,2,3,2,80084,4789.87158203125,0,0,3
1767771434.0699022,16137296052353762183,0,10,14,58,19,0,2,3,2,81334,4865.17431640625,0,0,3
1767771434.0699022,16137296052353762183,0,11,15,58,14,0,2,3,2,81371,4865.95361328125,0,0,3
1767771434.0699022,16137296052353762183,0,12,3,58,3,15,2,3,2,80300,4799.7841796875,0,0,3
1767771434.0699022,16137296052353762183,0,13,9,58,11,2,3,3,2,80304,4841.787109375,0,0,4
1767771434.0699022,16137296052353762183,0,14,6,58,7,8,2,3,2,80776,4828.75390625,0,0,3
1767771434.0699022,16137296052353762183,0,15,16,57,9,0,2,3,2,82328,4802.5205078125,0,0,3
1767771434.0699022,16137296052353762183,0,16,10,58,20,1,3,3,2,80828,4854.45361328125,0,0,4
1767771434.0699022,16137296052353762183,0,17,5,58,6,10,2,3,2,80548,4808.76904296875,0,0,3
1767771434.0699022,16137296052353762183,0,18,18,9,17,0,0,4,3,83068,788.0690307617188,0,0,1
1767771434.0699022,16137296052353762183,0,19,20,0,18,0,0,4,1,0,4964.653981829062,0,0,1
1767771434.0699022,16137296052353762183,0,20,0,0,0,0,0,0,0,0,0.0,0,0,0
1767771434.0699022,16137296052353762183,0,21,0,0,0,0,0,0,0,0,0.0,0,0,0
1767771439.0782588,16137296052353762183,0,0,17,33,15,0,1,4,3,82326,2862.583740234375,0,0,2
1767771439.0782588,16137296052353762183,0,1,1,58,2,25,2,3,2,79789,4784.58740234375,0,0,3
1767771439.0782588,16137296052353762183,0,2,19,2,13,0,0,4,3,84306,236.94192504882812,0,0,1
1767771439.0782588,16137296052353762183,0,3,8,58,1,4,2,3,2,81029,4831.4365234375,0,0,3
1767771439.0782588,16137296052353762183,0,4,7,58,12,6,2,3,2,80379,4829.19775390625,0,0,3
1767771439.0782588,16137296052353762183,0,5,12,58,8,0,2,3,2,81216,4857.998046875,0,0,3
1767771439.0782588,16137296052353762183,0,6,13,58,10,0,2,3,2,81244,4858.51025390625,0,0,3
1767771439.0782588,16137296052353762183,0,7,4,58,5,12,2,3,2,79829,4800.7900390625,0,0,3
1767771439.0782588,16137296052353762183,0,8,11,58,16,0,2,3,2,81058,4857.7373046875,0,0,3
1767771439.0782588,16137296052353762183,0,9,2,58,4,18,2,3,2,80084,4789.87158203125,0,0,3
1767771439.0782588,16137296052353762183,0,10,14,58,19,0,2,3,2,81334,4865.17431640625,0,0,3
1767771439.0782588,16137296052353762183,0,11,15,58,14,0,2,3,2,81371,4865.95361328125,0,0,3
1767771439.0782588,16137296052353762183,0,12,3,58,3,15,2,3,2,80300,4799.7841796875,0,0,3
1767771439.0782588,16137296052353762183,0,13,9,58,11,2,3,3,2,80304,4841.787109375,0,0,4
1767771439.0782588,16137296052353762183,0,14,6,58,7,8,2,3,2,80776,4828.75390625,0,0,3
1767771439.0782588,16137296052353762183,0,15,16,57,9,0,2,3,2,82328,4802.5205078125,0,0,3
1767771439.0782588,16137296052353762183,0,16,10,58,20,1,3,3,2,80828,4854.45361328125,0,0,4
1767771439.0782588,16137296052353762183,0,17,5,58,6,10,2,3,2,80548,4808.76904296875,0,0,3
1767771439.0782588,16137296052353762183,0,18,18,9,17,0,0,4,3,83068,788.0690307617188,0,0,1
1767771439.0782588,16137296052353762183,0,19,20,0,18,0,0,4,1,0,4964.653981829062,0,0,1
1767771439.0782588,16137296052353762183,0,20,0,0,0,0,0,0,0,0,0.0,0,0,0
1767771439.0782588,16137296052353762183,0,21,0,0,0,0,0,0,0,0,0.0,0,0,0
1767771444.0826542,16137296052353762183,0,0,17,33,15,0,1,4,3,82326,2862.583740234375,0,0,2
1767771444.0826542,16137296052353762183,0,1,1,58,2,25,2,3,2,79789,4784.58740234375,0,0,3
1767771444.0826542,16137296052353762183,0,2,19,2,13,0,0,4,3,84306,236.94192504882812,0,0,1
1767771444.0826542,16137296052353762183,0,3,8,58,1,4,2,3,2,81029,4831.4365234375,0,0,3
1767771444.0826542,16137296052353762183,0,4,7,58,12,6,2,3,2,80379,4829.19775390625,0,0,3
1767771444.0826542,16137296052353762183,0,5,12,58,8,0,2,3,2,81216,4857.998046875,0,0,3
1767771444.0826542,16137296052353762183,0,6,13,58,10,0,2,3,2,81244,4858.51025390625,0,0,3
1767771444.0826542,16137296052353762183,0,7,4,58,5,12,2,3,2,79829,4800.7900390625,0,0,3
1767771444.0826542,16137296052353762183,0,8,11,58,16,0,2,3,2,81058,4857.7373046875,0,0,3
1767771444.0826542,16137296052353762183,0,9,2,58,4,18,2,3,2,80084,4789.87158203125,0,0,3
1767771444.0826542,16137296052353762183,0,10,14,58,19,0,2,3,2,81334,4865.17431640625,0,0,3
1767771444.0826542,16137296052353762183,0,11,15,58,14,0,2,3,2,81371,4865.95361328125,0,0,3
1767771444.0826542,16137296052353762183,0,12,3,58,3,15,2,3,2,80300,4799.7841796875,0,0,3
1767771444.0826542,16137296052353762183,0,13,9,58,11,2,3,3,2,80304,4841.787109375,0,0,4
1767771444.0826542,16137296052353762183,0,14,6,58,7,8,2,3,2,80776,4828.75390625,0,0,3
1767771444.0826542,16137296052353762183,0,15,16,57,9,0,2,3,2,82328,4802.5205078125,0,0,3
1767771444.0826542,16137296052353762183,0,16,10,58,20,1,3,3,2,80828,4854.45361328125,0,0,4
1767771444.0826542,16137296052353762183,0,17,5,58,6,10,2,3,2,80548,4808.76904296875,0,0,3
1767771444.0826542,16137296052353762183,0,18,18,9,17,0,0,4,3,83068,788.0690307617188,0,0,1
1767771444.0826542,16137296052353762183,0,19,20,0,18,0,0,4,1,0,4964.653981829062,0,0,1
1767771444.0826542,16137296052353762183,0,20,0,0,0,0,0,0,0,0,0.0,0,0,0
1767771444.0826542,16137296052353762183,0,21,0,0,0,0,0,0,0,0,0.0,0,0,0
1767771449.089049,16137296052353762183,0,0,17,33,15,0,1,4,3,82326,2862.583740234375,0,0,2
1767771449.089049,16137296052353762183,0,1,1,58,2,25,2,3,2,79789,4784.58740234375,0,0,3
1767771449.089049,16137296052353762183,0,2,19,2,13,0,0,4,3,84306,236.94192504882812,0,0,1
1767771449.089049,16137296052353762183,0,3,8,58,1,4,2,3,2,81029,4831.4365234375,0,0,3
1767771449.089049,16137296052353762183,0,4,7,58,12,6,2,3,2,80379,4829.19775390625,0,0,3
1767771449.089049,16137296052353762183,0,5,12,58,8,0,2,3,2,81216,4857.998046875,0,0,3
1767771449.089049,16137296052353762183,0,6,13,58,10,0,2,3,2,81244,4858.51025390625,0,0,3
1767771449.089049,16137296052353762183,0,7,4,58,5,12,2,3,2,79829,4800.7900390625,0,0,3
1767771449.089049,16137296052353762183,0,8,11,58,16,0,2,3,2,81058,4857.7373046875,0,0,3
1767771449.089049,16137296052353762183,0,9,2,58,4,18,2,3,2,80084,4789.87158203125,0,0,3
1767771449.089049,16137296052353762183,0,10,14,58,19,0,2,3,2,81334,4865.17431640625,0,0,3
1767771449.089049,16137296052353762183,0,11,15,58,14,0,2,3,2,81371,4865.95361328125,0,0,3
1767771449.089049,16137296052353762183,0,12,3,58,3,15,2,3,2,80300,4799.7841796875,0,0,3
1767771449.089049,16137296052353762183,0,13,9,58,11,2,3,3,2,80304,4841.787109375,0,0,4
1767771449.089049,16137296052353762183,0,14,6,58,7,8,2,3,2,80776,4828.75390625,0,0,3
1767771449.089049,16137296052353762183,0,15,16,57,9,0,2,3,2,82328,4802.5205078125,0,0,3
1767771449.089049,16137296052353762183,0,16,10,58,20,1,3,3,2,80828,4854.45361328125,0,0,4
1767771449.089049,16137296052353762183,0,17,5,58,6,10,2,3,2,80548,4808.76904296875,0,0,3
1767771449.089049,16137296052353762183,0,18,18,9,17,0,0,4,3,83068,788.0690307617188,0,0,1
1767771449.089049,16137296052353762183,0,19,20,0,18,0,0,4,1,0,4964.653981829062,0,0,1
1767771449.089049,16137296052353762183,0,20,0,0,0,0,0,0,0,0,0.0,0,0,0
1767771449.089049,16137296052353762183,0,21,0,0,0,0,0,0,0,0,0.0,0,0,0
1767771454.0951622,16137296052353762183,0,0,17,33,15,0,1,4,3,82326,2862.583740234375,0,0,2
1767771454.0951622,16137296052353762183,0,1,1,58,2,25,2,3,2,79789,4784.58740234375,0,0,3
1767771454.0951622,16137296052353762183,0,2,19,2,13,0,0,4,3,84306,236.94192504882812,0,0,1
1767771454.0951622,16137296052353762183,0,3,8,58,1,4,2,3,2,81029,4831.4365234375,0,0,3
1767771454.0951622,16137296052353762183,0,4,7,58,12,6,2,3,2,80379,4829.19775390625,0,0,3
1767771454.0951622,16137296052353762183,0,5,12,58,8,0,2,3,2,81216,4857.998046875,0,0,3
1767771454.0951622,16137296052353762183,0,6,13,58,10,0,2,3,2,81244,4858.51025390625,0,0,3
1767771454.0951622,16137296052353762183,0,7,4,58,5,12,2,3,2,79829,4800.7900390625,0,0,3
1767771454.0951622,16137296052353762183,0,8,11,58,16,0,2,3,2,81058,4857.7373046875,0,0,3
1767771454.0951622,16137296052353762183,0,9,2,58,4,18,2,3,2,80084,4789.87158203125,0,0,3
1767771454.0951622,16137296052353762183,0,10,14,58,19,0,2,3,2,81334,4865.17431640625,0,0,3
1767771454.0951622,16137296052353762183,0,11,15,58,14,0,2,3,2,81371,4865.95361328125,0,0,3
1767771454.0951622,16137296052353762183,0,12,3,58,3,15,2,3,2,80300,4799.7841796875,0,0,3
1767771454.0951622,16137296052353762183,0,13,9,58,11,2,3,3,2,80304,4841.787109375,0,0,4
1767771454.0951622,16137296052353762183,0,14,6,58,7,8,2,3,2,80776,4828.75390625,0,0,3
1767771454.0951622,16137296052353762183,0,15,16,57,9,0,2,3,2,82328,4802.5205078125,0,0,3
1767771454.0951622,16137296052353762183,0,16,10,58,20,1,3,3,2,80828,4854.45361328125,0,0,4
1767771454.0951622,16137296052353762183,0,17,5,58,6,10,2,3,2,80548,4808.76904296875,0,0,3
1767771454.0951622,16137296052353762183,0,18,18,9,17,0,0,4,3,83068,788.0690307617188,0,0,1
1767771454.0951622,16137296052353762183,0,19,20,0,18,0,0,4,1,0,4964.653981829062,0,0,1
1767771454.0951622,16137296052353762183,0,20,0,0,0,0,0,0,0,0,0.0,0,0,0
1767771454.0951622,16137296052353762183,0,21,0,0,0,0,0,0,0,0,0.0,0,0,0
1767771459.1182418,16137296052353762183,0,0,17,33,15,0,1,4,3,82326,2862.583740234375,0,0,2
1767771459.1182418,16137296052353762183,0,1,1,58,2,25,2,3,2,79789,4784.58740234375,0,0,3
1767771459.1182418,16137296052353762183,0,2,19,2,13,0,0,4,3,84306,236.94192504882812,0,0,1
1767771459.1182418,16137296052353762183,0,3,8,58,1,4,2,3,2,81029,4831.4365234375,0,0,3
1767771459.1182418,16137296052353762183,0,4,7,58,12,6,2,3,2,80379,4829.19775390625,0,0,3
1767771459.1182418,16137296052353762183,0,5,12,58,8,0,2,3,2,81216,4857.998046875,0,0,3
1767771459.1182418,16137296052353762183,0,6,13,58,10,0,2,3,2,81244,4858.51025390625,0,0,3
1767771459.1182418,16137296052353762183,0,7,4,58,5,12,2,3,2,79829,4800.7900390625,0,0,3
1767771459.1182418,16137296052353762183,0,8,11,58,16,0,2,3,2,81058,4857.7373046875,0,0,3
1767771459.1182418,16137296052353762183,0,9,2,58,4,18,2,3,2,80084,4789.87158203125,0,0,3
1767771459.1182418,16137296052353762183,0,10,14,58,19,0,2,3,2,81334,4865.17431640625,0,0,3
1767771459.1182418,16137296052353762183,0,11,15,58,14,0,2,3,2,81371,4865.95361328125,0,0,3
1767771459.1182418,16137296052353762183,0,12,3,58,3,15,2,3,2,80300,4799.7841796875,0,0,3
1767771459.1182418,16137296052353762183,0,13,9,58,11,2,3,3,2,80304,4841.787109375,0,0,4
1767771459.1182418,16137296052353762183,0,14,6,58,7,8,2,3,2,80776,4828.75390625,0,0,3
1767771459.1182418,16137296052353762183,0,15,16,57,9,0,2,3,2,82328,4802.5205078125,0,0,3
1767771459.1182418,16137296052353762183,0,16,10,58,20,1,3,3,2,80828,4854.45361328125,0,0,4
1767771459.1182418,16137296052353762183,0,17,5,58,6,10,2,3,2,80548,4808.76904296875,0,0,3
1767771459.1182418,16137296052353762183,0,18,18,9,17,0,0,4,3,83068,788.0690307617188,0,0,1
1767771459.1182418,16137296052353762183,0,19,20,0,18,0,0,4,1,0,4964.653981829062,0,0,1
1767771459.1182418,16137296052353762183,0,20,0,0,0,0,0,0,0,0,0.0,0,0,0
1767771459.1182418,16137296052353762183,0,21,0,0,0,0,0,0,0,0,0.0,0,0,0
1767771464.127534,16137296052353762183,0,0,17,33,15,0,1,4,3,82326,2862.583740234375,0,0,2
1767771464.127534,16137296052353762183,0,1,1,58,2,25,2,3,2,79789,4784.58740234375,0,0,3
1767771464.127534,16137296052353762183,0,2,19,2,13,0,0,4,3,84306,236.94192504882812,0,0,1
1767771464.127534,16137296052353762183,0,3,8,58,1,4,2,3,2,81029,4831.4365234375,0,0,3
1767771464.127534,16137296052353762183,0,4,7,58,12,6,2,3,2,80379,4829.19775390625,0,0,3
1767771464.127534,16137296052353762183,0,5,12,58,8,0,2,3,2,81216,4857.998046875,0,0,3
1767771464.127534,16137296052353762183,0,6,13,58,10,0,2,3,2,81244,4858.51025390625,0,0,3
1767771464.127534,16137296052353762183,0,7,4,58,5,12,2,3,2,79829,4800.7900390625,0,0,3
1767771464.127534,16137296052353762183,0,8,11,58,16,0,2,3,2,81058,4857.7373046875,0,0,3
1767771464.127534,16137296052353762183,0,9,2,58,4,18,2,3,2,80084,4789.87158203125,0,0,3
1767771464.127534,16137296052353762183,0,10,14,58,19,0,2,3,2,81334,4865.17431640625,0,0,3
1767771464.127534,16137296052353762183,0,11,15,58,14,0,2,3,2,81371,4865.95361328125,0,0,3
1767771464.127534,16137296052353762183,0,12,3,58,3,15,2,3,2,80300,4799.7841796875,0,0,3
1767771464.127534,16137296052353762183,0,13,9,58,11,2,3,3,2,80304,4841.787109375,0,0,4
1767771464.127534,16137296052353762183,0,14,6,58,7,8,2,3,2,80776,4828.75390625,0,0,3
1767771464.127534,16137296052353762183,0,15,16,57,9,0,2,3,2,82328,4802.5205078125,0,0,3
1767771464.127534,16137296052353762183,0,16,10,58,20,1,3,3,2,80828,4854.45361328125,0,0,4
1767771464.127534,16137296052353762183,0,17,5,58,6,10,2,3,2,80548,4808.76904296875,0,0,3
1767771464.127534,16137296052353762183,0,18,18,9,17,0,0,4,3,83068,788.0690307617188,0,0,1
1767771464.127534,16137296052353762183,0,19,20,0,18,0,0,4,1,0,4964.653981829062,0,0,1
1767771464.127534,16137296052353762183,0,20,0,0,0,0,0,0,0,0,0.0,0,0,0
1767771464.127534,16137296052353762183,0,21,0,0,0,0,0,0,0,0,0.0,0,0,0
1767771469.1299942,16137296052353762183,0,0,17,33,15,0,1,4,3,82326,2862.583740234375,0,0,2
1767771469.1299942,16137296052353762183,0,1,1,58,2,25,2,3,2,79789,4784.58740234375,0,0,3
1767771469.1299942,16137296052353762183,0,2,19,2,13,0,0,4,3,84306,236.94192504882812,0,0,1
1767771469.1299942,16137296052353762183,0,3,8,58,1,4,2,3,2,81029,4831.4365234375,0,0,3
1767771469.1299942,16137296052353762183,0,4,7,58,12,6,2,3,2,80379,4829.19775390625,0,0,3
1767771469.1299942,16137296052353762183,0,5,12,58,8,0,2,3,2,81216,4857.998046875,0,0,3
1767771469.1299942,16137296052353762183,0,6,13,58,10,0,2,3,2,81244,4858.51025390625,0,0,3
1767771469.1299942,16137296052353762183,0,7,4,58,5,12,2,3,2,79829,4800.7900390625,0,0,3
1767771469.1299942,16137296052353762183,0,8,11,58,16,0,2,3,2,81058,4857.7373046875,0,0,3
1767771469.1299942,16137296052353762183,0,9,2,58,4,18,2,3,2,80084,4789.87158203125,0,0,3
1767771469.1299942,16137296052353762183,0,10,14,58,19,0,2,3,2,81334,4865.17431640625,0,0,3
1767771469.1299942,16137296052353762183,0,11,15,58,14,0,2,3,2,81371,4865.95361328125,0,0,3
1767771469.1299942,16137296052353762183,0,12,3,58,3,15,2,3,2,80300,4799.7841796875,0,0,3
1767771469.1299942,16137296052353762183,0,13,9,58,11,2,3,3,2,80304,4841.787109375,0,0,4
1767771469.1299942,16137296052353762183,0,14,6,58,7,8,2,3,2,80776,4828.75390625,0,0,3
1767771469.1299942,16137296052353762183,0,15,16,57,9,0,2,3,2,82328,4802.5205078125,0,0,3
1767771469.1299942,16137296052353762183,0,16,10,58,20,1,3,3,2,80828,4854.45361328125,0,0,4
1767771469.1299942,16137296052353762183,0,17,5,58,6,10,2,3,2,80548,4808.76904296875,0,0,3
1767771469.1299942,16137296052353762183,0,18,18,9,17,0,0,4,3,83068,788.0690307617188,0,0,1
1767771469.1299942,16137296052353762183,0,19,20,0,18,0,0,4,1,0,4964.653981829062,0,0,1
1767771469.1299942,16137296052353762183,0,20,0,0,0,0,0,0,0,0,0.0,0,0,0
1767771469.1299942,16137296052353762183,0,21,0,0,0,0,0,0,0,0,0.0,0,0,0
1767771474.1355662,16137296052353762183,0,0,17,33,15,0,1,4,3,82326,2862.583740234375,0,0,2
1767771474.1355662,16137296052353762183,0,1,1,58,2,25,2,3,2,79789,4784.58740234375,0,0,3
1767771474.1355662,16137296052353762183,0,2,19,2,13,0,0,4,3,84306,236.94192504882812,0,0,1
1767771474.1355662,16137296052353762183,0,3,8,58,1,4,2,3,2,81029,4831.4365234375,0,0,3
1767771474.1355662,16137296052353762183,0,4,7,58,12,6,2,3,2,80379,4829.19775390625,0,0,3
1767771474.1355662,16137296052353762183,0,5,12,58,8,0,2,3,2,81216,4857.998046875,0,0,3
1767771474.1355662,16137296052353762183,0,6,13,58,10,0,2,3,2,81244,4858.51025390625,0,0,3
1767771474.1355662,16137296052353762183,0,7,4,58,5,12,2,3,2,79829,4800.7900390625,0,0,3
1767771474.1355662,16137296052353762183,0,8,11,58,16,0,2,3,2,81058,4857.7373046875,0,0,3
1767771474.1355662,16137296052353762183,0,9,2,58,4,18,2,3,2,80084,4789.87158203125,0,0,3
1767771474.1355662,16137296052353762183,0,10,14,58,19,0,2,3,2,81334,4865.17431640625,0,0,3
1767771474.1355662,16137296052353762183,0,11,15,58,14,0,2,3,2,81371,4865.95361328125,0,0,3
1767771474.1355662,16137296052353762183,0,12,3,58,3,15,2,3,2,80300,4799.7841796875,0,0,3
1767771474.1355662,16137296052353762183,0,13,9,58,11,2,3,3,2,80304,4841.787109375,0,0,4
1767771474.1355662,16137296052353762183,0,14,6,58,7,8,2,3,2,80776,4828.75390625,0,0,3
1767771474.1355662,16137296052353762183,0,15,16,57,9,0,2,3,2,82328,4802.5205078125,0,0,3
1767771474.1355662,16137296052353762183,0,16,10,58,20,1,3,3,2,80828,4854.45361328125,0,0,4
1767771474.1355662,16137296052353762183,0,17,5,58,6,10,2,3,2,80548,4808.76904296875,0,0,3
1767771474.1355662,16137296052353762183,0,18,18,9,17,0,0,4,3,83068,788.0690307617188,0,0,1
1767771474.1355662,16137296052353762183,0,19,20,0,18,0,0,4,1,0,4964.653981829062,0,0,1
1767771474.1355662,16137296052353762183,0,20,0,0,0,0,0,0,0,0,0.0,0,0,0
1767771474.1355662,16137296052353762183,0,21,0,0,0,0,0,0,0,0,0.0,0,0,0
1767771479.1371868,16137296052353762183,0,0,17,33,15,0,1,4,3,82326,2862.583740234375,0,0,2
1767771479.1371868,16137296052353762183,0,1,1,58,2,25,2,3,2,79789,4784.58740234375,0,0,3
1767771479.1371868,16137296052353762183,0,2,19,2,13,0,0,4,3,84306,236.94192504882812,0,0,1
1767771479.1371868,16137296052353762183,0,3,8,58,1,4,2,3,2,81029,4831.4365234375,0,0,3
1767771479.1371868,16137296052353762183,0,4,7,58,12,6,2,3,2,80379,4829.19775390625,0,0,3
1767771479.1371868,16137296052353762183,0,5,12,58,8,0,2,3,2,81216,4857.998046875,0,0,3
1767771479.1371868,16137296052353762183,0,6,13,58,10,0,2,3,2,81244,4858.51025390625,0,0,3
1767771479.1371868,16137296052353762183,0,7,4,58,5,12,2,3,2,79829,4800.7900390625,0,0,3
1767771479.1371868,16137296052353762183,0,8,11,58,16,0,2,3,2,81058,4857.7373046875,0,0,3
1767771479.1371868,16137296052353762183,0,9,2,58,4,18,2,3,2,80084,4789.87158203125,0,0,3
1767771479.1371868,16137296052353762183,0,10,14,58,19,0,2,3,2,81334,4865.17431640625,0,0,3
1767771479.1371868,16137296052353762183,0,11,15,58,14,0,2,3,2,81371,4865.95361328125,0,0,3
1767771479.1371868,16137296052353762183,0,12,3,58,3,15,2,3,2,80300,4799.7841796875,0,0,3
1767771479.1371868,16137296052353762183,0,13,9,58,11,2,3,3,2,80304,4841.787109375,0,0,4
1767771479.1371868,16137296052353762183,0,14,6,58,7,8,2,3,2,80776,4828.75390625,0,0,3
1767771479.1371868,16137296052353762183,0,15,16,57,9,0,2,3,2,82328,4802.5205078125,0,0,3
1767771479.1371868,16137296052353762183,0,16,10,58,20,1,3,3,2,80828,4854.45361328125,0,0,4
1767771479.1371868,16137296052353762183,0,17,5,58,6,10,2,3,2,80548,4808.76904296875,0,0,3
1767771479.1371868,16137296052353762183,0,18,18,9,17,0,0,4,3,83068,788.0690307617188,0,0,1
1767771479.1371868,16137296052353762183,0,19,20,0,18,0,0,4,1,0,4964.653981829062,0,0,1
1767771479.1371868,16137296052353762183,0,20,0,0,0,0,0,0,0,0,0.0,0,0,0
1767771479.1371868,16137296052353762183,0,21,0,0,0,0,0,0,0,0,0.0,0,0,0
1767771484.1407442,16137296052353762183,0,0,17,33,15,0,1,4,3,82326,2862.583740234375,0,0,2
1767771484.1407442,16137296052353762183,0,1,1,58,2,25,2,3,2,79789,4784.58740234375,0,0,3
1767771484.1407442,16137296052353762183,0,2,19,2,13,0,0,4,3,84306,236.94192504882812,0,0,1
1767771484.1407442,16137296052353762183,0,3,8,58,1,4,2,3,2,81029,4831.4365234375,0,0,3
1767771484.1407442,16137296052353762183,0,4,7,58,12,6,2,3,2,80379,4829.19775390625,0,0,3
1767771484.1407442,16137296052353762183,0,5,12,58,8,0,2,3,2,81216,4857.998046875,0,0,3
1767771484.1407442,16137296052353762183,0,6,13,58,10,0,2,3,2,81244,4858.51025390625,0,0,3
1767771484.1407442,16137296052353762183,0,7,4,58,5,12,2,3,2,79829,4800.7900390625,0,0,3
1767771484.1407442,16137296052353762183,0,8,11,58,16,0,2,3,2,81058,4857.7373046875,0,0,3
1767771484.1407442,16137296052353762183,0,9,2,58,4,18,2,3,2,80084,4789.87158203125,0,0,3
1767771484.1407442,16137296052353762183,0,10,14,58,19,0,2,3,2,81334,4865.17431640625,0,0,3
1767771484.1407442,16137296052353762183,0,11,15,58,14,0,2,3,2,81371,4865.95361328125,0,0,3
1767771484.1407442,16137296052353762183,0,12,3,58,3,15,2,3,2,80300,4799.7841796875,0,0,3
1767771484.1407442,16137296052353762183,0,13,9,58,11,2,3,3,2,80304,4841.787109375,0,0,4
1767771484.1407442,16137296052353762183,0,14,6,58,7,8,2,3,2,80776,4828.75390625,0,0,3
1767771484.1407442,16137296052353762183,0,15,16,57,9,0,2,3,2,82328,4802.5205078125,0,0,3
1767771484.1407442,16137296052353762183,0,16,10,58,20,1,3,3,2,80828,4854.45361328125,0,0,4
1767771484.1407442,16137296052353762183,0,17,5,58,6,10,2,3,2,80548,4808.76904296875,0,0,3
1767771484.1407442,16137296052353762183,0,18,18,9,17,0,0,4,3,83068,788.0690307617188,0,0,1
1767771484.1407442,16137296052353762183,0,19,20,0,18,0,0,4,1,0,4964.653981829062,0,0,1
1767771484.1407442,16137296052353762183,0,20,0,0,0,0,0,0,0,0,0.0,0,0,0
1767771484.1407442,16137296052353762183,0,21,0,0,0,0,0,0,0,0,0.0,0,0,0
1767771489.1449082,16137296052353762183,0,0,17,33,15,0,1,4,3,82326,2862.583740234375,0,0,2
1767771489.1449082,16137296052353762183,0,1,1,58,2,25,2,3,2,79789,4784.58740234375,0,0,3
1767771489.1449082,16137296052353762183,0,2,19,2,13,0,0,4,3,84306,236.94192504882812,0,0,1
1767771489.1449082,16137296052353762183,0,3,8,58,1,4,2,3,2,81029,4831.4365234375,0,0,3
1767771489.1449082,16137296052353762183,0,4,7,58,12,6,2,3,2,80379,4829.19775390625,0,0,3
1767771489.1449082,16137296052353762183,0,5,12,58,8,0,2,3,2,81216,4857.998046875,0,0,3
1767771489.1449082,16137296052353762183,0,6,13,58,10,0,2,3,2,81244,4858.51025390625,0,0,3
1767771489.1449082,16137296052353762183,0,7,4,58,5,12,2,3,2,79829,4800.7900390625,0,0,3
1767771489.1449082,16137296052353762183,0,8,11,58,16,0,2,3,2,81058,4857.7373046875,0,0,3
1767771489.1449082,16137296052353762183,0,9,2,58,4,18,2,3,2,80084,4789.87158203125,0,0,3
1767771489.1449082,16137296052353762183,0,10,14,58,19,0,2,3,2,81334,4865.17431640625,0,0,3
1767771489.1449082,16137296052353762183,0,11,15,58,14,0,2,3,2,81371,4865.95361328125,0,0,3
1767771489.1449082,16137296052353762183,0,12,3,58,3,15,2,3,2,80300,4799.7841796875,0,0,3
1767771489.1449082,16137296052353762183,0,13,9,58,11,2,3,3,2,80304,4841.787109375,0,0,4
1767771489.1449082,16137296052353762183,0,14,6,58,7,8,2,3,2,80776,4828.75390625,0,0,3
1767771489.1449082,16137296052353762183,0,15,16,57,9,0,2,3,2,82328,4802.5205078125,0,0,3
1767771489.1449082,16137296052353762183,0,16,10,58,20,1,3,3,2,80828,4854.45361328125,0,0,4
1767771489.1449082,16137296052353762183,0,17,5,58,6,10,2,3,2,80548,4808.76904296875,0,0,3
1767771489.1449082,16137296052353762183,0,18,18,9,17,0,0,4,3,83068,788.0690307617188,0,0,1
1767771489.1449082,16137296052353762183,0,19,20,0,18,0,0,4,1,0,4964.653981829062,0,0,1
1767771489.1449082,16137296052353762183,0,20,0,0,0,0,0,0,0,0,0.0,0,0,0
1767771489.1449082,16137296052353762183,0,21,0,0,0,0,0,0,0,0,0.0,0,0,0
1767771494.1556332,16137296052353762183,0,0,17,33,15,0,1,4,3,82326,2862.583740234375,0,0,2
1767771494.1556332,16137296052353762183,0,1,1,58,2,25,2,3,2,79789,4784.58740234375,0,0,3
1767771494.1556332,16137296052353762183,0,2,19,2,13,0,0,4,3,84306,236.94192504882812,0,0,1
1767771494.1556332,16137296052353762183,0,3,8,58,1,4,2,3,2,81029,4831.4365234375,0,0,3
1767771494.1556332,16137296052353762183,0,4,7,58,12,6,2,3,2,80379,4829.19775390625,0,0,3
1767771494.1556332,16137296052353762183,0,5,12,58,8,0,2,3,2,81216,4857.998046875,0,0,3
1767771494.1556332,16137296052353762183,0,6,13,58,10,0,2,3,2,81244,4858.51025390625,0,0,3
1767771494.1556332,16137296052353762183,0,7,4,58,5,12,2,3,2,79829,4800.7900390625,0,0,3
1767771494.1556332,16137296052353762183,0,8,11,58,16,0,2,3,2,81058,4857.7373046875,0,0,3
1767771494.1556332,16137296052353762183,0,9,2,58,4,18,2,3,2,80084,4789.87158203125,0,0,3
1767771494.1556332,16137296052353762183,0,10,14,58,19,0,2,3,2,81334,4865.17431640625,0,0,3
1767771494.1556332,16137296052353762183,0,11,15,58,14,0,2,3,2,81371,4865.95361328125,0,0,3
1767771494.1556332,16137296052353762183,0,12,3,58,3,15,2,3,2,80300,4799.7841796875,0,0,3
1767771494.1556332,16137296052353762183,0,13,9,58,11,2,3,3,2,80304,4841.787109375,0,0,4
1767771494.1556332,16137296052353762183,0,14,6,58,7,8,2,3,2,80776,4828.75390625,0,0,3
1767771494.1556332,16137296052353762183,0,15,16,57,9,0,2,3,2,82328,4802.5205078125,0,0,3
1767771494.1556332,16137296052353762183,0,16,10,58,20,1,3,3,2,80828,4854.45361328125,0,0,4
1767771494.1556332,16137296052353762183,0,17,5,58,6,10,2,3,2,80548,4808.76904296875,0,0,3
1767771494.1556332,16137296052353762183,0,18,18,9,17,0,0,4,3,83068,788.0690307617188,0,0,1
1767771494.1556332,16137296052353762183,0,19,20,0,18,0,0,4,1,0,4964.653981829062,0,0,1
1767771494.1556332,16137296052353762183,0,20,0,0,0,0,0,0,0,0,0.0,0,0,0
1767771494.1556332,16137296052353762183,0,21,0,0,0,0,0,0,0,0,0.0,0,0,0
1767771499.1620295,16137296052353762183,0,0,17,33,15,0,1,4,3,82326,2862.583740234375,0,0,2
1767771499.1620295,16137296052353762183,0,1,1,58,2,25,2,3,2,79789,4784.58740234375,0,0,3
1767771499.1620295,16137296052353762183,0,2,19,2,13,0,0,4,3,84306,236.94192504882812,0,0,1
1767771499.1620295,16137296052353762183,0,3,8,58,1,4,2,3,2,81029,4831.4365234375,0,0,3
1767771499.1620295,16137296052353762183,0,4,7,58,12,6,2,3,2,80379,4829.19775390625,0,0,3
1767771499.1620295,16137296052353762183,0,5,12,58,8,0,2,3,2,81216,4857.998046875,0,0,3
1767771499.1620295,16137296052353762183,0,6,13,58,10,0,2,3,2,81244,4858.51025390625,0,0,3
1767771499.1620295,16137296052353762183,0,7,4,58,5,12,2,3,2,79829,4800.7900390625,0,0,3
1767771499.1620295,16137296052353762183,0,8,11,58,16,0,2,3,2,81058,4857.7373046875,0,0,3
1767771499.1620295,16137296052353762183,0,9,2,58,4,18,2,3,2,80084,4789.87158203125,0,0,3
1767771499.1620295,16137296052353762183,0,10,14,58,19,0,2,3,2,81334,4865.17431640625,0,0,3
1767771499.1620295,16137296052353762183,0,11,15,58,14,0,2,3,2,81371,4865.95361328125,0,0,3
1767771499.1620295,16137296052353762183,0,12,3,58,3,15,2,3,2,80300,4799.7841796875,0,0,3
1767771499.1620295,16137296052353762183,0,13,9,58,11,2,3,3,2,80304,4841.787109375,0,0,4
1767771499.1620295,16137296052353762183,0,14,6,58,7,8,2,3,2,80776,4828.75390625,0,0,3
1767771499.1620295,16137296052353762183,0,15,16,57,9,0,2,3,2,82328,4802.5205078125,0,0,3
1767771499.1620295,16137296052353762183,0,16,10,58,20,1,3,3,2,80828,4854.45361328125,0,0,4
1767771499.1620295,16137296052353762183,0,17,5,58,6,10,2,3,2,80548,4808.76904296875,0,0,3
1767771499.1620295,16137296052353762183,0,18,18,9,17,0,0,4,3,83068,788.0690307617188,0,0,1
1767771499.1620295,16137296052353762183,0,19,20,0,18,0,0,4,1,0,4964.653981829062,0,0,1
1767771499.1620295,16137296052353762183,0,20,0,0,0,0,0,0,0,0,0.0,0,0,0
1767771499.1620295,16137296052353762183,0,21,0,0,0,0,0,0,0,0,0.0,0,0,0
1767771504.1868925,16137296052353762183,0,0,17,33,15,0,1,4,3,82326,2862.583740234375,0,0,2
1767771504.1868925,16137296052353762183,0,1,1,58,2,25,2,3,2,79789,4784.58740234375,0,0,3
1767771504.1868925,16137296052353762183,0,2,19,2,13,0,0,4,3,84306,236.94192504882812,0,0,1
1767771504.1868925,16137296052353762183,0,3,8,58,1,4,2,3,2,81029,4831.4365234375,0,0,3
1767771504.1868925,16137296052353762183,0,4,7,58,12,6,2,3,2,80379,4829.19775390625,0,0,3
1767771504.1868925,16137296052353762183,0,5,12,58,8,0,2,3,2,81216,4857.998046875,0,0,3
1767771504.1868925,16137296052353762183,0,6,13,58,10,0,2,3,2,81244,4858.51025390625,0,0,3
1767771504.1868925,16137296052353762183,0,7,4,58,5,12,2,3,2,79829,4800.7900390625,0,0,3
1767771504.1868925,16137296052353762183,0,8,11,58,16,0,2,3,2,81058,4857.7373046875,0,0,3
1767771504.1868925,16137296052353762183,0,9,2,58,4,18,2,3,2,80084,4789.87158203125,0,0,3
1767771504.1868925,16137296052353762183,0,10,14,58,19,0,2,3,2,81334,4865.17431640625,0,0,3
1767771504.1868925,16137296052353762183,0,11,15,58,14,0,2,3,2,81371,4865.95361328125,0,0,3
1767771504.1868925,16137296052353762183,0,12,3,58,3,15,2,3,2,80300,4799.7841796875,0,0,3
1767771504.1868925,16137296052353762183,0,13,9,58,11,2,3,3,2,80304,4841.787109375,0,0,4
1767771504.1868925,16137296052353762183,0,14,6,58,7,8,2,3,2,80776,4828.75390625,0,0,3
1767771504.1868925,16137296052353762183,0,15,16,57,9,0,2,3,2,82328,4802.5205078125,0,0,3
1767771504.1868925,16137296052353762183,0,16,10,58,20,1,3,3,2,80828,4854.45361328125,0,0,4
1767771504.1868925,16137296052353762183,0,17,5,58,6,10,2,3,2,80548,4808.76904296875,0,0,3
1767771504.1868925,16137296052353762183,0,18,18,9,17,0,0,4,3,83068,788.0690307617188,0,0,1
1767771504.1868925,16137296052353762183,0,19,20,0,18,0,0,4,1,0,4964.653981829062,0,0,1
1767771504.1868925,16137296052353762183,0,20,0,0,0,0,0,0,0,0,0.0,0,0,0
1767771504.1868925,16137296052353762183,0,21,0,0,0,0,0,0,0,0,0.0,0,0,0
1767771509.192437,16137296052353762183,0,0,17,33,15,0,1,4,3,82326,2862.583740234375,0,0,2
1767771509.192437,16137296052353762183,0,1,1,58,2,25,2,3,2,79789,4784.58740234375,0,0,3
1767771509.192437,16137296052353762183,0,2,19,2,13,0,0,4,3,84306,236.94192504882812,0,0,1
1767771509.192437,16137296052353762183,0,3,8,58,1,4,2,3,2,81029,4831.4365234375,0,0,3
1767771509.192437,16137296052353762183,0,4,7,58,12,6,2,3,2,80379,4829.19775390625,0,0,3
1767771509.192437,16137296052353762183,0,5,12,58,8,0,2,3,2,81216,4857.998046875,0,0,3
1767771509.192437,16137296052353762183,0,6,13,58,10,0,2,3,2,81244,4858.51025390625,0,0,3
1767771509.192437,16137296052353762183,0,7,4,58,5,12,2,3,2,79829,4800.7900390625,0,0,3
1767771509.192437,16137296052353762183,0,8,11,58,16,0,2,3,2,81058,4857.7373046875,0,0,3
1767771509.192437,16137296052353762183,0,9,2,58,4,18,2,3,2,80084,4789.87158203125,0,0,3
1767771509.192437,16137296052353762183,0,10,14,58,19,0,2,3,2,81334,4865.17431640625,0,0,3
1767771509.192437,16137296052353762183,0,11,15,58,14,0,2,3,2,81371,4865.95361328125,0,0,3
1767771509.192437,16137296052353762183,0,12,3,58,3,15,2,3,2,80300,4799.7841796875,0,0,3
1767771509.192437,16137296052353762183,0,13,9,58,11,2,3,3,2,80304,4841.787109375,0,0,4
1767771509.192437,16137296052353762183,0,14,6,58,7,8,2,3,2,80776,4828.75390625,0,0,3
1767771509.192437,16137296052353762183,0,15,16,57,9,0,2,3,2,82328,4802.5205078125,0,0,3
1767771509.192437,16137296052353762183,0,16,10,58,20,1,3,3,2,80828,4854.45361328125,0,0,4
1767771509.192437,16137296052353762183,0,17,5,58,6,10,2,3,2,80548,4808.76904296875,0,0,3
1767771509.192437,16137296052353762183,0,18,18,9,17,0,0,4,3,83068,788.0690307617188,0,0,1
1767771509.192437,16137296052353762183,0,19,20,0,18,0,0,4,1,0,4964.653981829062,0,0,1
1767771509.192437,16137296052353762183,0,20,0,0,0,0,0,0,0,0,0.0,0,0,0
1767771509.192437,16137296052353762183,0,21,0,0,0,0,0,0,0,0,0.0,0,0,0
1767771514.1975102,16137296052353762183,0,0,17,33,15,0,1,4,3,82326,2862.583740234375,0,0,2
1767771514.1975102,16137296052353762183,0,1,1,58,2,25,2,3,2,79789,4784.58740234375,0,0,3
1767771514.1975102,16137296052353762183,0,2,19,2,13,0,0,4,3,84306,236.94192504882812,0,0,1
1767771514.1975102,16137296052353762183,0,3,8,58,1,4,2,3,2,81029,4831.4365234375,0,0,3
1767771514.1975102,16137296052353762183,0,4,7,58,12,6,2,3,2,80379,4829.19775390625,0,0,3
1767771514.1975102,16137296052353762183,0,5,12,58,8,0,2,3,2,81216,4857.998046875,0,0,3
1767771514.1975102,16137296052353762183,0,6,13,58,10,0,2,3,2,81244,4858.51025390625,0,0,3
1767771514.1975102,16137296052353762183,0,7,4,58,5,12,2,3,2,79829,4800.7900390625,0,0,3
1767771514.1975102,16137296052353762183,0,8,11,58,16,0,2,3,2,81058,4857.7373046875,0,0,3
1767771514.1975102,16137296052353762183,0,9,2,58,4,18,2,3,2,80084,4789.87158203125,0,0,3
1767771514.1975102,16137296052353762183,0,10,14,58,19,0,2,3,2,81334,4865.17431640625,0,0,3
1767771514.1975102,16137296052353762183,0,11,15,58,14,0,2,3,2,81371,4865.95361328125,0,0,3
1767771514.1975102,16137296052353762183,0,12,3,58,3,15,2,3,2,80300,4799.7841796875,0,0,3
1767771514.1975102,16137296052353762183,0,13,9,58,11,2,3,3,2,80304,4841.787109375,0,0,4
1767771514.1975102,16137296052353762183,0,14,6,58,7,8,2,3,2,80776,4828.75390625,0,0,3
1767771514.1975102,16137296052353762183,0,15,16,57,9,0,2,3,2,82328,4802.5205078125,0,0,3
1767771514.1975102,16137296052353762183,0,16,10,58,20,1,3,3,2,80828,4854.45361328125,0,0,4
1767771514.1975102,16137296052353762183,0,17,5,58,6,10,2,3,2,80548,4808.76904296875,0,0,3
1767771514.1975102,16137296052353762183,0,18,18,9,17,0,0,4,3,83068,788.0690307617188,0,0,1
1767771514.1975102,16137296052353762183,0,19,20,0,18,0,0,4,1,0,4964.653981829062,0,0,1
1767771514.1975102,16137296052353762183,0,20,0,0,0,0,0,0,0,0,0.0,0,0,0
1767771514.1975102,16137296052353762183,0,21,0,0,0,0,0,0,0,0,0.0,0,0,0
1767771519.222409,16137296052353762183,0,0,17,33,15,0,1,4,3,82326,2862.583740234375,0,0,2
1767771519.222409,16137296052353762183,0,1,1,58,2,25,2,3,2,79789,4784.58740234375,0,0,3
1767771519.222409,16137296052353762183,0,2,19,2,13,0,0,4,3,84306,236.94192504882812,0,0,1
1767771519.222409,16137296052353762183,0,3,8,58,1,4,2,3,2,81029,4831.4365234375,0,0,3
1767771519.222409,16137296052353762183,0,4,7,58,12,6,2,3,2,80379,4829.19775390625,0,0,3
1767771519.222409,16137296052353762183,0,5,12,58,8,0,2,3,2,81216,4857.998046875,0,0,3
1767771519.222409,16137296052353762183,0,6,13,58,10,0,2,3,2,81244,4858.51025390625,0,0,3
1767771519.222409,16137296052353762183,0,7,4,58,5,12,2,3,2,79829,4800.7900390625,0,0,3
1767771519.222409,16137296052353762183,0,8,11,58,16,0,2,3,2,81058,4857.7373046875,0,0,3
1767771519.222409,16137296052353762183,0,9,2,58,4,18,2,3,2,80084,4789.87158203125,0,0,3
1767771519.222409,16137296052353762183,0,10,14,58,19,0,2,3,2,81334,4865.17431640625,0,0,3
1767771519.222409,16137296052353762183,0,11,15,58,14,0,2,3,2,81371,4865.95361328125,0,0,3
1767771519.222409,16137296052353762183,0,12,3,58,3,15,2,3,2,80300,4799.7841796875,0,0,3
1767771519.222409,16137296052353762183,0,13,9,58,11,2,3,3,2,80304,4841.787109375,0,0,4
1767771519.222409,16137296052353762183,0,14,6,58,7,8,2,3,2,80776,4828.75390625,0,0,3
1767771519.222409,16137296052353762183,0,15,16,57,9,0,2,3,2,82328,4802.5205078125,0,0,3
1767771519.222409,16137296052353762183,0,16,10,58,20,1,3,3,2,80828,4854.45361328125,0,0,4
1767771519.222409,16137296052353762183,0,17,5,58,6,10,2,3,2,80548,4808.76904296875,0,0,3
1767771519.222409,16137296052353762183,0,18,18,9,17,0,0,4,3,83068,788.0690307617188,0,0,1
1767771519.222409,16137296052353762183,0,19,20,0,18,0,0,4,1,0,4964.653981829062,0,0,1
1767771519.222409,16137296052353762183,0,20,0,0,0,0,0,0,0,0,0.0,0,0,0
1767771519.222409,16137296052353762183,0,21,0,0,0,0,0,0,0,0,0.0,0,0,0
1767771524.229489,16137296052353762183,0,0,17,33,15,0,1,4,3,82326,2862.583740234375,0,0,2
1767771524.229489,16137296052353762183,0,1,1,58,2,25,2,3,2,79789,4784.58740234375,0,0,3
1767771524.229489,16137296052353762183,0,2,19,2,13,0,0,4,3,84306,236.94192504882812,0,0,1
1767771524.229489,16137296052353762183,0,3,8,58,1,4,2,3,2,81029,4831.4365234375,0,0,3
1767771524.229489,16137296052353762183,0,4,7,58,12,6,2,3,2,80379,4829.19775390625,0,0,3
1767771524.229489,16137296052353762183,0,5,12,58,8,0,2,3,2,81216,4857.998046875,0,0,3
1767771524.229489,16137296052353762183,0,6,13,58,10,0,2,3,2,81244,4858.51025390625,0,0,3
1767771524.229489,16137296052353762183,0,7,4,58,5,12,2,3,2,79829,4800.7900390625,0,0,3
1767771524.229489,16137296052353762183,0,8,11,58,16,0,2,3,2,81058,4857.7373046875,0,0,3
1767771524.229489,16137296052353762183,0,9,2,58,4,18,2,3,2,80084,4789.87158203125,0,0,3
1767771524.229489,16137296052353762183,0,10,14,58,19,0,2,3,2,81334,4865.17431640625,0,0,3
1767771524.229489,16137296052353762183,0,11,15,58,14,0,2,3,2,81371,4865.95361328125,0,0,3
1767771524.229489,16137296052353762183,0,12,3,58,3,15,2,3,2,80300,4799.7841796875,0,0,3
1767771524.229489,16137296052353762183,0,13,9,58,11,2,3,3,2,80304,4841.787109375,0,0,4
1767771524.229489,16137296052353762183,0,14,6,58,7,8,2,3,2,80776,4828.75390625,0,0,3
1767771524.229489,16137296052353762183,0,15,16,57,9,0,2,3,2,82328,4802.5205078125,0,0,3
1767771524.229489,16137296052353762183,0,16,10,58,20,1,3,3,2,80828,4854.45361328125,0,0,4
1767771524.229489,16137296052353762183,0,17,5,58,6,10,2,3,2,80548,4808.76904296875,0,0,3
1767771524.229489,16137296052353762183,0,18,18,9,17,0,0,4,3,83068,788.0690307617188,0,0,1
1767771524.229489,16137296052353762183,0,19,20,0,18,0,0,4,1,0,4964.653981829062,0,0,1
1767771524.229489,16137296052353762183,0,20,0,0,0,0,0,0,0,0,0.0,0,0,0
1767771524.229489,16137296052353762183,0,21,0,0,0,0,0,0,0,0,0.0,0,0,0
1767771529.2430136,16137296052353762183,0,0,17,33,15,0,1,4,3,82326,2862.583740234375,0,0,2
1767771529.2430136,16137296052353762183,0,1,1,58,2,25,2,3,2,79789,4784.58740234375,0,0,3
1767771529.2430136,16137296052353762183,0,2,19,2,13,0,0,4,3,84306,236.94192504882812,0,0,1
1767771529.2430136,16137296052353762183,0,3,8,58,1,4,2,3,2,81029,4831.4365234375,0,0,3
1767771529.2430136,16137296052353762183,0,4,7,58,12,6,2,3,2,80379,4829.19775390625,0,0,3
1767771529.2430136,16137296052353762183,0,5,12,58,8,0,2,3,2,81216,4857.998046875,0,0,3
1767771529.2430136,16137296052353762183,0,6,13,58,10,0,2,3,2,81244,4858.51025390625,0,0,3
1767771529.2430136,16137296052353762183,0,7,4,58,5,12,2,3,2,79829,4800.7900390625,0,0,3
1767771529.2430136,16137296052353762183,0,8,11,58,16,0,2,3,2,81058,4857.7373046875,0,0,3
1767771529.2430136,16137296052353762183,0,9,2,58,4,18,2,3,2,80084,4789.87158203125,0,0,3
1767771529.2430136,16137296052353762183,0,10,14,58,19,0,2,3,2,81334,4865.17431640625,0,0,3
1767771529.2430136,16137296052353762183,0,11,15,58,14,0,2,3,2,81371,4865.95361328125,0,0,3
1767771529.2430136,16137296052353762183,0,12,3,58,3,15,2,3,2,80300,4799.7841796875,0,0,3
1767771529.2430136,16137296052353762183,0,13,9,58,11,2,3,3,2,80304,4841.787109375,0,0,4
1767771529.2430136,16137296052353762183,0,14,6,58,7,8,2,3,2,80776,4828.75390625,0,0,3
1767771529.2430136,16137296052353762183,0,15,16,57,9,0,2,3,2,82328,4802.5205078125,0,0,3
1767771529.2430136,16137296052353762183,0,16,10,58,20,1,3,3,2,80828,4854.45361328125,0,0,4
1767771529.2430136,16137296052353762183,0,17,5,58,6,10,2,3,2,80548,4808.76904296875,0,0,3
1767771529.2430136,16137296052353762183,0,18,18,9,17,0,0,4,3,83068,788.0690307617188,0,0,1
1767771529.2430136,16137296052353762183,0,19,20,0,18,0,0,4,1,0,4964.653981829062,0,0,1
1767771529.2430136,16137296052353762183,0,20,0,0,0,0,0,0,0,0,0.0,0,0,0
1767771529.2430136,16137296052353762183,0,21,0,0,0,0,0,0,0,0,0.0,0,0,0
1767771534.2454932,16137296052353762183,0,0,17,33,15,0,1,4,3,82326,2862.583740234375,0,0,2
1767771534.2454932,16137296052353762183,0,1,1,58,2,25,2,3,2,79789,4784.58740234375,0,0,3
1767771534.2454932,16137296052353762183,0,2,19,2,13,0,0,4,3,84306,236.94192504882812,0,0,1
1767771534.2454932,16137296052353762183,0,3,8,58,1,4,2,3,2,81029,4831.4365234375,0,0,3
1767771534.2454932,16137296052353762183,0,4,7,58,12,6,2,3,2,80379,4829.19775390625,0,0,3
1767771534.2454932,16137296052353762183,0,5,12,58,8,0,2,3,2,81216,4857.998046875,0,0,3
1767771534.2454932,16137296052353762183,0,6,13,58,10,0,2,3,2,81244,4858.51025390625,0,0,3
1767771534.2454932,16137296052353762183,0,7,4,58,5,12,2,3,2,79829,4800.7900390625,0,0,3
1767771534.2454932,16137296052353762183,0,8,11,58,16,0,2,3,2,81058,4857.7373046875,0,0,3
1767771534.2454932,16137296052353762183,0,9,2,58,4,18,2,3,2,80084,4789.87158203125,0,0,3
1767771534.2454932,16137296052353762183,0,10,14,58,19,0,2,3,2,81334,4865.17431640625,0,0,3
1767771534.2454932,16137296052353762183,0,11,15,58,14,0,2,3,2,81371,4865.95361328125,0,0,3
1767771534.2454932,16137296052353762183,0,12,3,58,3,15,2,3,2,80300,4799.7841796875,0,0,3
1767771534.2454932,16137296052353762183,0,13,9,58,11,2,3,3,2,80304,4841.787109375,0,0,4
1767771534.2454932,16137296052353762183,0,14,6,58,7,8,2,3,2,80776,4828.75390625,0,0,3
1767771534.2454932,16137296052353762183,0,15,16,57,9,0,2,3,2,82328,4802.5205078125,0,0,3
1767771534.2454932,16137296052353762183,0,16,10,58,20,1,3,3,2,80828,4854.45361328125,0,0,4
1767771534.2454932,16137296052353762183,0,17,5,58,6,10,2,3,2,80548,4808.76904296875,0,0,3
1767771534.2454932,16137296052353762183,0,18,18,9,17,0,0,4,3,83068,788.0690307617188,0,0,1
1767771534.2454932,16137296052353762183,0,19,20,0,18,0,0,4,1,0,4964.653981829062,0,0,1
1767771534.2454932,16137296052353762183,0,20,0,0,0,0,0,0,0,0,0.0,0,0,0
1767771534.2454932,16137296052353762183,0,21,0,0,0,0,0,0,0,0,0.0,0,0,0
1767771539.2487872,16137296052353762183,0,0,17,33,15,0,1,4,3,82326,2862.583740234375,0,0,2
1767771539.2487872,16137296052353762183,0,1,1,58,2,25,2,3,2,79789,4784.58740234375,0,0,3
1767771539.2487872,16137296052353762183,0,2,19,2,13,0,0,4,3,84306,236.94192504882812,0,0,1
1767771539.2487872,16137296052353762183,0,3,8,58,1,4,2,3,2,81029,4831.4365234375,0,0,3
1767771539.2487872,16137296052353762183,0,4,7,58,12,6,2,3,2,80379,4829.19775390625,0,0,3
1767771539.2487872,16137296052353762183,0,5,12,58,8,0,2,3,2,81216,4857.998046875,0,0,3
1767771539.2487872,16137296052353762183,0,6,13,58,10,0,2,3,2,81244,4858.51025390625,0,0,3
1767771539.2487872,16137296052353762183,0,7,4,58,5,12,2,3,2,79829,4800.7900390625,0,0,3
1767771539.2487872,16137296052353762183,0,8,11,58,16,0,2,3,2,81058,4857.7373046875,0,0,3
1767771539.2487872,16137296052353762183,0,9,2,58,4,18,2,3,2,80084,4789.87158203125,0,0,3
1767771539.2487872,16137296052353762183,0,10,14,58,19,0,2,3,2,81334,4865.17431640625,0,0,3
1767771539.2487872,16137296052353762183,0,11,15,58,14,0,2,3,2,81371,4865.95361328125,0,0,3
1767771539.2487872,16137296052353762183,0,12,3,58,3,15,2,3,2,80300,4799.7841796875,0,0,3
1767771539.2487872,16137296052353762183,0,13,9,58,11,2,3,3,2,80304,4841.787109375,0,0,4
1767771539.2487872,16137296052353762183,0,14,6,58,7,8,2,3,2,80776,4828.75390625,0,0,3
1767771539.2487872,16137296052353762183,0,15,16,57,9,0,2,3,2,82328,4802.5205078125,0,0,3
1767771539.2487872,16137296052353762183,0,16,10,58,20,1,3,3,2,80828,4854.45361328125,0,0,4
1767771539.2487872,16137296052353762183,0,17,5,58,6,10,2,3,2,80548,4808.76904296875,0,0,3
1767771539.2487872,16137296052353762183,0,18,18,9,17,0,0,4,3,83068,788.0690307617188,0,0,1
1767771539.2487872,16137296052353762183,0,19,20,0,18,0,0,4,1,0,4964.653981829062,0,0,1
1767771539.2487872,16137296052353762183,0,20,0,0,0,0,0,0,0,0,0.0,0,0,0
1767771539.2487872,16137296052353762183,0,21,0,0,0,0,0,0,0,0,0.0,0,0,0
1767771544.2620628,16137296052353762183,0,0,17,33,15,0,1,4,3,82326,2862.583740234375,0,0,2
1767771544.2620628,16137296052353762183,0,1,1,58,2,25,2,3,2,79789,4784.58740234375,0,0,3
1767771544.2620628,16137296052353762183,0,2,19,2,13,0,0,4,3,84306,236.94192504882812,0,0,1
1767771544.2620628,16137296052353762183,0,3,8,58,1,4,2,3,2,81029,4831.4365234375,0,0,3
1767771544.2620628,16137296052353762183,0,4,7,58,12,6,2,3,2,80379,4829.19775390625,0,0,3
1767771544.2620628,16137296052353762183,0,5,12,58,8,0,2,3,2,81216,4857.998046875,0,0,3
1767771544.2620628,16137296052353762183,0,6,13,58,10,0,2,3,2,81244,4858.51025390625,0,0,3
1767771544.2620628,16137296052353762183,0,7,4,58,5,12,2,3,2,79829,4800.7900390625,0,0,3
1767771544.2620628,16137296052353762183,0,8,11,58,16,0,2,3,2,81058,4857.7373046875,0,0,3
1767771544.2620628,16137296052353762183,0,9,2,58,4,18,2,3,2,80084,4789.87158203125,0,0,3
1767771544.2620628,16137296052353762183,0,10,14,58,19,0,2,3,2,81334,4865.17431640625,0,0,3
1767771544.2620628,16137296052353762183,0,11,15,58,14,0,2,3,2,81371,4865.95361328125,0,0,3
1767771544.2620628,16137296052353762183,0,12,3,58,3,15,2,3,2,80300,4799.7841796875,0,0,3
1767771544.2620628,16137296052353762183,0,13,9,58,11,2,3,3,2,80304,4841.787109375,0,0,4
1767771544.2620628,16137296052353762183,0,14,6,58,7,8,2,3,2,80776,4828.75390625,0,0,3
1767771544.2620628,16137296052353762183,0,15,16,57,9,0,2,3,2,82328,4802.5205078125,0,0,3
1767771544.2620628,16137296052353762183,0,16,10,58,20,1,3,3,2,80828,4854.45361328125,0,0,4
1767771544.2620628,16137296052353762183,0,17,5,58,6,10,2,3,2,80548,4808.76904296875,0,0,3
1767771544.2620628,16137296052353762183,0,18,18,9,17,0,0,4,3,83068,788.0690307617188,0,0,1
1767771544.2620628,16137296052353762183,0,19,20,0,18,0,0,4,1,0,4964.653981829062,0,0,1
1767771544.2620628,16137296052353762183,0,20,0,0,0,0,0,0,0,0,0.0,0,0,0
1767771544.2620628,16137296052353762183,0,21,0,0,0,0,0,0,0,0,0.0,0,0,0
1767771549.264754,16137296052353762183,0,0,17,33,15,0,1,4,3,82326,2862.583740234375,0,0,2
1767771549.264754,16137296052353762183,0,1,1,58,2,25,2,3,2,79789,4784.58740234375,0,0,3
1767771549.264754,16137296052353762183,0,2,19,2,13,0,0,4,3,84306,236.94192504882812,0,0,1
1767771549.264754,16137296052353762183,0,3,8,58,1,4,2,3,2,81029,4831.4365234375,0,0,3
1767771549.264754,16137296052353762183,0,4,7,58,12,6,2,3,2,80379,4829.19775390625,0,0,3
1767771549.264754,16137296052353762183,0,5,12,58,8,0,2,3,2,81216,4857.998046875,0,0,3
1767771549.264754,16137296052353762183,0,6,13,58,10,0,2,3,2,81244,4858.51025390625,0,0,3
1767771549.264754,16137296052353762183,0,7,4,58,5,12,2,3,2,79829,4800.7900390625,0,0,3
1767771549.264754,16137296052353762183,0,8,11,58,16,0,2,3,2,81058,4857.7373046875,0,0,3
1767771549.264754,16137296052353762183,0,9,2,58,4,18,2,3,2,80084,4789.87158203125,0,0,3
1767771549.264754,16137296052353762183,0,10,14,58,19,0,2,3,2,81334,4865.17431640625,0,0,3
1767771549.264754,16137296052353762183,0,11,15,58,14,0,2,3,2,81371,4865.95361328125,0,0,3
1767771549.264754,16137296052353762183,0,12,3,58,3,15,2,3,2,80300,4799.7841796875,0,0,3
1767771549.264754,16137296052353762183,0,13,9,58,11,2,3,3,2,80304,4841.787109375,0,0,4
1767771549.264754,16137296052353762183,0,14,6,58,7,8,2,3,2,80776,4828.75390625,0,0,3
1767771549.264754,16137296052353762183,0,15,16,57,9,0,2,3,2,82328,4802.5205078125,0,0,3
1767771549.264754,16137296052353762183,0,16,10,58,20,1,3,3,2,80828,4854.45361328125,0,0,4
1767771549.264754,16137296052353762183,0,17,5,58,6,10,2,3,2,80548,4808.76904296875,0,0,3
1767771549.264754,16137296052353762183,0,18,18,9,17,0,0,4,3,83068,788.0690307617188,0,0,1
1767771549.264754,16137296052353762183,0,19,20,0,18,0,0,4,1,0,4964.653981829062,0,0,1
1767771549.264754,16137296052353762183,0,20,0,0,0,0,0,0,0,0,0.0,0,0,0
1767771549.264754,16137296052353762183,0,21,0,0,0,0,0,0,0,0,0.0,0,0,0
1767771554.2835276,16137296052353762183,0,0,17,33,15,0,1,4,3,82326,2862.583740234375,0,0,2
1767771554.2835276,16137296052353762183,0,1,1,58,2,25,2,3,2,79789,4784.58740234375,0,0,3
1767771554.2835276,16137296052353762183,0,2,19,2,13,0,0,4,3,84306,236.94192504882812,0,0,1
1767771554.2835276,16137296052353762183,0,3,8,58,1,4,2,3,2,81029,4831.4365234375,0,0,3
1767771554.2835276,16137296052353762183,0,4,7,58,12,6,2,3,2,80379,4829.19775390625,0,0,3
1767771554.2835276,16137296052353762183,0,5,12,58,8,0,2,3,2,81216,4857.998046875,0,0,3
1767771554.2835276,16137296052353762183,0,6,13,58,10,0,2,3,2,81244,4858.51025390625,0,0,3
1767771554.2835276,16137296052353762183,0,7,4,58,5,12,2,3,2,79829,4800.7900390625,0,0,3
1767771554.2835276,16137296052353762183,0,8,11,58,16,0,2,3,2,81058,4857.7373046875,0,0,3
1767771554.2835276,16137296052353762183,0,9,2,58,4,18,2,3,2,80084,4789.87158203125,0,0,3
1767771554.2835276,16137296052353762183,0,10,14,58,19,0,2,3,2,81334,4865.17431640625,0,0,3
1767771554.2835276,16137296052353762183,0,11,15,58,14,0,2,3,2,81371,4865.95361328125,0,0,3
1767771554.2835276,16137296052353762183,0,12,3,58,3,15,2,3,2,80300,4799.7841796875,0,0,3
1767771554.2835276,16137296052353762183,0,13,9,58,11,2,3,3,2,80304,4841.787109375,0,0,4
1767771554.2835276,16137296052353762183,0,14,6,58,7,8,2,3,2,80776,4828.75390625,0,0,3
1767771554.2835276,16137296052353762183,0,15,16,57,9,0,2,3,2,82328,4802.5205078125,0,0,3
1767771554.2835276,16137296052353762183,0,16,10,58,20,1,3,3,2,80828,4854.45361328125,0,0,4
1767771554.2835276,16137296052353762183,0,17,5,58,6,10,2,3,2,80548,4808.76904296875,0,0,3
1767771554.2835276,16137296052353762183,0,18,18,9,17,0,0,4,3,83068,788.0690307617188,0,0,1
1767771554.2835276,16137296052353762183,0,19,20,0,18,0,0,4,1,0,4964.653981829062,0,0,1
1767771554.2835276,16137296052353762183,0,20,0,0,0,0,0,0,0,0,0.0,0,0,0
1767771554.2835276,16137296052353762183,0,21,0,0,0,0,0,0,0,0,0.0,0,0,0
1767771559.2923005,16137296052353762183,0,0,17,33,15,0,1,4,3,82326,2862.583740234375,0,0,2
1767771559.2923005,16137296052353762183,0,1,1,58,2,25,2,3,2,79789,4784.58740234375,0,0,3
1767771559.2923005,16137296052353762183,0,2,19,2,13,0,0,4,3,84306,236.94192504882812,0,0,1
1767771559.2923005,16137296052353762183,0,3,8,58,1,4,2,3,2,81029,4831.4365234375,0,0,3
1767771559.2923005,16137296052353762183,0,4,7,58,12,6,2,3,2,80379,4829.19775390625,0,0,3
1767771559.2923005,16137296052353762183,0,5,12,58,8,0,2,3,2,81216,4857.998046875,0,0,3
1767771559.2923005,16137296052353762183,0,6,13,58,10,0,2,3,2,81244,4858.51025390625,0,0,3
1767771559.2923005,16137296052353762183,0,7,4,58,5,12,2,3,2,79829,4800.7900390625,0,0,3
1767771559.2923005,16137296052353762183,0,8,11,58,16,0,2,3,2,81058,4857.7373046875,0,0,3
1767771559.2923005,16137296052353762183,0,9,2,58,4,18,2,3,2,80084,4789.87158203125,0,0,3
1767771559.2923005,16137296052353762183,0,10,14,58,19,0,2,3,2,81334,4865.17431640625,0,0,3
1767771559.2923005,16137296052353762183,0,11,15,58,14,0,2,3,2,81371,4865.95361328125,0,0,3
1767771559.2923005,16137296052353762183,0,12,3,58,3,15,2,3,2,80300,4799.7841796875,0,0,3
1767771559.2923005,16137296052353762183,0,13,9,58,11,2,3,3,2,80304,4841.787109375,0,0,4
1767771559.2923005,16137296052353762183,0,14,6,58,7,8,2,3,2,80776,4828.75390625,0,0,3
1767771559.2923005,16137296052353762183,0,15,16,57,9,0,2,3,2,82328,4802.5205078125,0,0,3
1767771559.2923005,16137296052353762183,0,16,10,58,20,1,3,3,2,80828,4854.45361328125,0,0,4
1767771559.2923005,16137296052353762183,0,17,5,58,6,10,2,3,2,80548,4808.76904296875,0,0,3
1767771559.2923005,16137296052353762183,0,18,18,9,17,0,0,4,3,83068,788.0690307617188,0,0,1
1767771559.2923005,16137296052353762183,0,19,20,0,18,0,0,4,1,0,4964.653981829062,0,0,1
1767771559.2923005,16137296052353762183,0,20,0,0,0,0,0,0,0,0,0.0,0,0,0
1767771559.2923005,16137296052353762183,0,21,0,0,0,0,0,0,0,0,0.0,0,0,0
1767771564.317321,16137296052353762183,0,0,17,33,15,0,1,4,3,82326,2862.583740234375,0,0,2
1767771564.317321,16137296052353762183,0,1,1,58,2,25,2,3,2,79789,4784.58740234375,0,0,3
1767771564.317321,16137296052353762183,0,2,19,2,13,0,0,4,3,84306,236.94192504882812,0,0,1
1767771564.317321,16137296052353762183,0,3,8,58,1,4,2,3,2,81029,4831.4365234375,0,0,3
1767771564.317321,16137296052353762183,0,4,7,58,12,6,2,3,2,80379,4829.19775390625,0,0,3
1767771564.317321,16137296052353762183,0,5,12,58,8,0,2,3,2,81216,4857.998046875,0,0,3
1767771564.317321,16137296052353762183,0,6,13,58,10,0,2,3,2,81244,4858.51025390625,0,0,3
1767771564.317321,16137296052353762183,0,7,4,58,5,12,2,3,2,79829,4800.7900390625,0,0,3
1767771564.317321,16137296052353762183,0,8,11,58,16,0,2,3,2,81058,4857.7373046875,0,0,3
1767771564.317321,16137296052353762183,0,9,2,58,4,18,2,3,2,80084,4789.87158203125,0,0,3
1767771564.317321,16137296052353762183,0,10,14,58,19,0,2,3,2,81334,4865.17431640625,0,0,3
1767771564.317321,16137296052353762183,0,11,15,58,14,0,2,3,2,81371,4865.95361328125,0,0,3
1767771564.317321,16137296052353762183,0,12,3,58,3,15,2,3,2,80300,4799.7841796875,0,0,3
1767771564.317321,16137296052353762183,0,13,9,58,11,2,3,3,2,80304,4841.787109375,0,0,4
1767771564.317321,16137296052353762183,0,14,6,58,7,8,2,3,2,80776,4828.75390625,0,0,3
1767771564.317321,16137296052353762183,0,15,16,57,9,0,2,3,2,82328,4802.5205078125,0,0,3
1767771564.317321,16137296052353762183,0,16,10,58,20,1,3,3,2,80828,4854.45361328125,0,0,4
1767771564.317321,16137296052353762183,0,17,5,58,6,10,2,3,2,80548,4808.76904296875,0,0,3
1767771564.317321,16137296052353762183,0,18,18,9,17,0,0,4,3,83068,788.0690307617188,0,0,1
1767771564.317321,16137296052353762183,0,19,20,0,18,0,0,4,1,0,4964.653981829062,0,0,1
1767771564.317321,16137296052353762183,0,20,0,0,0,0,0,0,0,0,0.0,0,0,0
1767771564.317321,16137296052353762183,0,21,0,0,0,0,0,0,0,0,0.0,0,0,0
1767771569.3257782,16137296052353762183,0,0,17,33,15,0,1,4,3,82326,2862.583740234375,0,0,2
1767771569.3257782,16137296052353762183,0,1,1,58,2,25,2,3,2,79789,4784.58740234375,0,0,3
1767771569.3257782,16137296052353762183,0,2,19,2,13,0,0,4,3,84306,236.94192504882812,0,0,1
1767771569.3257782,16137296052353762183,0,3,8,58,1,4,2,3,2,81029,4831.4365234375,0,0,3
1767771569.3257782,16137296052353762183,0,4,7,58,12,6,2,3,2,80379,4829.19775390625,0,0,3
1767771569.3257782,16137296052353762183,0,5,12,58,8,0,2,3,2,81216,4857.998046875,0,0,3
1767771569.3257782,16137296052353762183,0,6,13,58,10,0,2,3,2,81244,4858.51025390625,0,0,3
1767771569.3257782,16137296052353762183,0,7,4,58,5,12,2,3,2,79829,4800.7900390625,0,0,3
1767771569.3257782,16137296052353762183,0,8,11,58,16,0,2,3,2,81058,4857.7373046875,0,0,3
1767771569.3257782,16137296052353762183,0,9,2,58,4,18,2,3,2,80084,4789.87158203125,0,0,3
1767771569.3257782,16137296052353762183,0,10,14,58,19,0,2,3,2,81334,4865.17431640625,0,0,3
1767771569.3257782,16137296052353762183,0,11,15,58,14,0,2,3,2,81371,4865.95361328125,0,0,3
1767771569.3257782,16137296052353762183,0,12,3,58,3,15,2,3,2,80300,4799.7841796875,0,0,3
1767771569.3257782,16137296052353762183,0,13,9,58,11,2,3,3,2,80304,4841.787109375,0,0,4
1767771569.3257782,16137296052353762183,0,14,6,58,7,8,2,3,2,80776,4828.75390625,0,0,3
1767771569.3257782,16137296052353762183,0,15,16,57,9,0,2,3,2,82328,4802.5205078125,0,0,3
1767771569.3257782,16137296052353762183,0,16,10,58,20,1,3,3,2,80828,4854.45361328125,0,0,4
1767771569.3257782,16137296052353762183,0,17,5,58,6,10,2,3,2,80548,4808.76904296875,0,0,3
1767771569.3257782,16137296052353762183,0,18,18,9,17,0,0,4,3,83068,788.0690307617188,0,0,1
1767771569.3257782,16137296052353762183,0,19,20,0,18,0,0,4,1,0,4964.653981829062,0,0,1
1767771569.3257782,16137296052353762183,0,20,0,0,0,0,0,0,0,0,0.0,0,0,0
1767771569.3257782,16137296052353762183,0,21,0,0,0,0,0,0,0,0,0.0,0,0,0
1767771574.349375,16137296052353762183,0,0,17,33,15,0,1,4,3,82326,2862.583740234375,0,0,2
1767771574.349375,16137296052353762183,0,1,1,58,2,25,2,3,2,79789,4784.58740234375,0,0,3
1767771574.349375,16137296052353762183,0,2,19,2,13,0,0,4,3,84306,236.94192504882812,0,0,1
1767771574.349375,16137296052353762183,0,3,8,58,1,4,2,3,2,81029,4831.4365234375,0,0,3
1767771574.349375,16137296052353762183,0,4,7,58,12,6,2,3,2,80379,4829.19775390625,0,0,3
1767771574.349375,16137296052353762183,0,5,12,58,8,0,2,3,2,81216,4857.998046875,0,0,3
1767771574.349375,16137296052353762183,0,6,13,58,10,0,2,3,2,81244,4858.51025390625,0,0,3
1767771574.349375,16137296052353762183,0,7,4,58,5,12,2,3,2,79829,4800.7900390625,0,0,3
1767771574.349375,16137296052353762183,0,8,11,58,16,0,2,3,2,81058,4857.7373046875,0,0,3
1767771574.349375,16137296052353762183,0,9,2,58,4,18,2,3,2,80084,4789.87158203125,0,0,3
1767771574.349375,16137296052353762183,0,10,14,58,19,0,2,3,2,81334,4865.17431640625,0,0,3
1767771574.349375,16137296052353762183,0,11,15,58,14,0,2,3,2,81371,4865.95361328125,0,0,3
1767771574.349375,16137296052353762183,0,12,3,58,3,15,2,3,2,80300,4799.7841796875,0,0,3
1767771574.349375,16137296052353762183,0,13,9,58,11,2,3,3,2,80304,4841.787109375,0,0,4
1767771574.349375,16137296052353762183,0,14,6,58,7,8,2,3,2,80776,4828.75390625,0,0,3
1767771574.349375,16137296052353762183,0,15,16,57,9,0,2,3,2,82328,4802.5205078125,0,0,3
1767771574.349375,16137296052353762183,0,16,10,58,20,1,3,3,2,80828,4854.45361328125,0,0,4
1767771574.349375,16137296052353762183,0,17,5,58,6,10,2,3,2,80548,4808.76904296875,0,0,3
1767771574.349375,16137296052353762183,0,18,18,9,17,0,0,4,3,83068,788.0690307617188,0,0,1
1767771574.349375,16137296052353762183,0,19,20,0,18,0,0,4,1,0,4964.653981829062,0,0,1
1767771574.349375,16137296052353762183,0,20,0,0,0,0,0,0,0,0,0.0,0,0,0
1767771574.349375,16137296052353762183,0,21,0,0,0,0,0,0,0,0,0.0,0,0,0
1767771579.3646913,16137296052353762183,0,0,17,33,15,0,1,4,3,82326,2862.583740234375,0,0,2
1767771579.3646913,16137296052353762183,0,1,1,58,2,25,2,3,2,79789,4784.58740234375,0,0,3
1767771579.3646913,16137296052353762183,0,2,19,2,13,0,0,4,3,84306,236.94192504882812,0,0,1
1767771579.3646913,16137296052353762183,0,3,8,58,1,4,2,3,2,81029,4831.4365234375,0,0,3
1767771579.3646913,16137296052353762183,0,4,7,58,12,6,2,3,2,80379,4829.19775390625,0,0,3
1767771579.3646913,16137296052353762183,0,5,12,58,8,0,2,3,2,81216,4857.998046875,0,0,3
1767771579.3646913,16137296052353762183,0,6,13,58,10,0,2,3,2,81244,4858.51025390625,0,0,3
1767771579.3646913,16137296052353762183,0,7,4,58,5,12,2,3,2,79829,4800.7900390625,0,0,3
1767771579.3646913,16137296052353762183,0,8,11,58,16,0,2,3,2,81058,4857.7373046875,0,0,3
1767771579.3646913,16137296052353762183,0,9,2,58,4,18,2,3,2,80084,4789.87158203125,0,0,3
1767771579.3646913,16137296052353762183,0,10,14,58,19,0,2,3,2,81334,4865.17431640625,0,0,3
1767771579.3646913,16137296052353762183,0,11,15,58,14,0,2,3,2,81371,4865.95361328125,0,0,3
1767771579.3646913,16137296052353762183,0,12,3,58,3,15,2,3,2,80300,4799.7841796875,0,0,3
1767771579.3646913,16137296052353762183,0,13,9,58,11,2,3,3,2,80304,4841.787109375,0,0,4
1767771579.3646913,16137296052353762183,0,14,6,58,7,8,2,3,2,80776,4828.75390625,0,0,3
1767771579.3646913,16137296052353762183,0,15,16,57,9,0,2,3,2,82328,4802.5205078125,0,0,3
1767771579.3646913,16137296052353762183,0,16,10,58,20,1,3,3,2,80828,4854.45361328125,0,0,4
1767771579.3646913,16137296052353762183,0,17,5,58,6,10,2,3,2,80548,4808.76904296875,0,0,3
1767771579.3646913,16137296052353762183,0,18,18,9,17,0,0,4,3,83068,788.0690307617188,0,0,1
1767771579.3646913,16137296052353762183,0,19,20,0,18,0,0,4,1,0,4964.653981829062,0,0,1
1767771579.3646913,16137296052353762183,0,20,0,0,0,0,0,0,0,0,0.0,0,0,0
1767771579.3646913,16137296052353762183,0,21,0,0,0,0,0,0,0,0,0.0,0,0,0
1767771584.3776631,16137296052353762183,0,0,17,33,15,0,1,4,3,82326,2862.583740234375,0,0,2
1767771584.3776631,16137296052353762183,0,1,1,58,2,25,2,3,2,79789,4784.58740234375,0,0,3
1767771584.3776631,16137296052353762183,0,2,19,2,13,0,0,4,3,84306,236.94192504882812,0,0,1
1767771584.3776631,16137296052353762183,0,3,8,58,1,4,2,3,2,81029,4831.4365234375,0,0,3
1767771584.3776631,16137296052353762183,0,4,7,58,12,6,2,3,2,80379,4829.19775390625,0,0,3
1767771584.3776631,16137296052353762183,0,5,12,58,8,0,2,3,2,81216,4857.998046875,0,0,3
1767771584.3776631,16137296052353762183,0,6,13,58,10,0,2,3,2,81244,4858.51025390625,0,0,3
1767771584.3776631,16137296052353762183,0,7,4,58,5,12,2,3,2,79829,4800.7900390625,0,0,3
1767771584.3776631,16137296052353762183,0,8,11,58,16,0,2,3,2,81058,4857.7373046875,0,0,3
1767771584.3776631,16137296052353762183,0,9,2,58,4,18,2,3,2,80084,4789.87158203125,0,0,3
1767771584.3776631,16137296052353762183,0,10,14,58,19,0,2,3,2,81334,4865.17431640625,0,0,3
1767771584.3776631,16137296052353762183,0,11,15,58,14,0,2,3,2,81371,4865.95361328125,0,0,3
1767771584.3776631,16137296052353762183,0,12,3,58,3,15,2,3,2,80300,4799.7841796875,0,0,3
1767771584.3776631,16137296052353762183,0,13,9,58,11,2,3,3,2,80304,4841.787109375,0,0,4
1767771584.3776631,16137296052353762183,0,14,6,58,7,8,2,3,2,80776,4828.75390625,0,0,3
1767771584.3776631,16137296052353762183,0,15,16,57,9,0,2,3,2,82328,4802.5205078125,0,0,3
1767771584.3776631,16137296052353762183,0,16,10,58,20,1,3,3,2,80828,4854.45361328125,0,0,4
1767771584.3776631,16137296052353762183,0,17,5,58,6,10,2,3,2,80548,4808.76904296875,0,0,3
1767771584.3776631,16137296052353762183,0,18,18,9,17,0,0,4,3,83068,788.0690307617188,0,0,1
1767771584.3776631,16137296052353762183,0,19,20,0,18,0,0,4,1,0,4964.653981829062,0,0,1
1767771584.3776631,16137296052353762183,0,20,0,0,0,0,0,0,0,0,0.0,0,0,0
1767771584.3776631,16137296052353762183,0,21,0,0,0,0,0,0,0,0,0.0,0,0,0
1767771589.3907852,16137296052353762183,0,0,17,33,15,0,1,4,3,82326,2862.583740234375,0,0,2
1767771589.3907852,16137296052353762183,0,1,1,58,2,25,2,3,2,79789,4784.58740234375,0,0,3
1767771589.3907852,16137296052353762183,0,2,19,2,13,0,0,4,3,84306,236.94192504882812,0,0,1
1767771589.3907852,16137296052353762183,0,3,8,58,1,4,2,3,2,81029,4831.4365234375,0,0,3
1767771589.3907852,16137296052353762183,0,4,7,58,12,6,2,3,2,80379,4829.19775390625,0,0,3
1767771589.3907852,16137296052353762183,0,5,12,58,8,0,2,3,2,81216,4857.998046875,0,0,3
1767771589.3907852,16137296052353762183,0,6,13,58,10,0,2,3,2,81244,4858.51025390625,0,0,3
1767771589.3907852,16137296052353762183,0,7,4,58,5,12,2,3,2,79829,4800.7900390625,0,0,3
1767771589.3907852,16137296052353762183,0,8,11,58,16,0,2,3,2,81058,4857.7373046875,0,0,3
1767771589.3907852,16137296052353762183,0,9,2,58,4,18,2,3,2,80084,4789.87158203125,0,0,3
1767771589.3907852,16137296052353762183,0,10,14,58,19,0,2,3,2,81334,4865.17431640625,0,0,3
1767771589.3907852,16137296052353762183,0,11,15,58,14,0,2,3,2,81371,4865.95361328125,0,0,3
1767771589.3907852,16137296052353762183,0,12,3,58,3,15,2,3,2,80300,4799.7841796875,0,0,3
1767771589.3907852,16137296052353762183,0,13,9,58,11,2,3,3,2,80304,4841.787109375,0,0,4
1767771589.3907852,16137296052353762183,0,14,6,58,7,8,2,3,2,80776,4828.75390625,0,0,3
1767771589.3907852,16137296052353762183,0,15,16,57,9,0,2,3,2,82328,4802.5205078125,0,0,3
1767771589.3907852,16137296052353762183,0,16,10,58,20,1,3,3,2,80828,4854.45361328125,0,0,4
1767771589.3907852,16137296052353762183,0,17,5,58,6,10,2,3,2,80548,4808.76904296875,0,0,3
1767771589.3907852,16137296052353762183,0,18,18,9,17,0,0,4,3,83068,788.0690307617188,0,0,1
1767771589.3907852,16137296052353762183,0,19,20,0,18,0,0,4,1,0,4964.653981829062,0,0,1
1767771589.3907852,16137296052353762183,0,20,0,0,0,0,0,0,0,0,0.0,0,0,0
1767771589.3907852,16137296052353762183,0,21,0,0,0,0,0,0,0,0,0.0,0,0,0
1767771594.3936765,16137296052353762183,0,0,17,33,15,0,1,4,3,82326,2862.583740234375,0,0,2
1767771594.3936765,16137296052353762183,0,1,1,58,2,25,2,3,2,79789,4784.58740234375,0,0,3
1767771594.3936765,16137296052353762183,0,2,19,2,13,0,0,4,3,84306,236.94192504882812,0,0,1
1767771594.3936765,16137296052353762183,0,3,8,58,1,4,2,3,2,81029,4831.4365234375,0,0,3
1767771594.3936765,16137296052353762183,0,4,7,58,12,6,2,3,2,80379,4829.19775390625,0,0,3
1767771594.3936765,16137296052353762183,0,5,12,58,8,0,2,3,2,81216,4857.998046875,0,0,3
1767771594.3936765,16137296052353762183,0,6,13,58,10,0,2,3,2,81244,4858.51025390625,0,0,3
1767771594.3936765,16137296052353762183,0,7,4,58,5,12,2,3,2,79829,4800.7900390625,0,0,3
1767771594.3936765,16137296052353762183,0,8,11,58,16,0,2,3,2,81058,4857.7373046875,0,0,3
1767771594.3936765,16137296052353762183,0,9,2,58,4,18,2,3,2,80084,4789.87158203125,0,0,3
1767771594.3936765,16137296052353762183,0,10,14,58,19,0,2,3,2,81334,4865.17431640625,0,0,3
1767771594.3936765,16137296052353762183,0,11,15,58,14,0,2,3,2,81371,4865.95361328125,0,0,3
1767771594.3936765,16137296052353762183,0,12,3,58,3,15,2,3,2,80300,4799.7841796875,0,0,3
1767771594.3936765,16137296052353762183,0,13,9,58,11,2,3,3,2,80304,4841.787109375,0,0,4
1767771594.3936765,16137296052353762183,0,14,6,58,7,8,2,3,2,80776,4828.75390625,0,0,3
1767771594.3936765,16137296052353762183,0,15,16,57,9,0,2,3,2,82328,4802.5205078125,0,0,3
1767771594.3936765,16137296052353762183,0,16,10,58,20,1,3,3,2,80828,4854.45361328125,0,0,4
1767771594.3936765,16137296052353762183,0,17,5,58,6,10,2,3,2,80548,4808.76904296875,0,0,3
1767771594.3936765,16137296052353762183,0,18,18,9,17,0,0,4,3,83068,788.0690307617188,0,0,1
1767771594.3936765,16137296052353762183,0,19,20,0,18,0,0,4,1,0,4964.653981829062,0,0,1
1767771594.3936765,16137296052353762183,0,20,0,0,0,0,0,0,0,0,0.0,0,0,0
1767771594.3936765,16137296052353762183,0,21,0,0,0,0,0,0,0,0,0.0,0,0,0
1767771599.398003,16137296052353762183,0,0,17,33,15,0,1,4,3,82326,2862.583740234375,0,0,2
1767771599.398003,16137296052353762183,0,1,1,58,2,25,2,3,2,79789,4784.58740234375,0,0,3
1767771599.398003,16137296052353762183,0,2,19,2,13,0,0,4,3,84306,236.94192504882812,0,0,1
1767771599.398003,16137296052353762183,0,3,8,58,1,4,2,3,2,81029,4831.4365234375,0,0,3
1767771599.398003,16137296052353762183,0,4,7,58,12,6,2,3,2,80379,4829.19775390625,0,0,3
1767771599.398003,16137296052353762183,0,5,12,58,8,0,2,3,2,81216,4857.998046875,0,0,3
1767771599.398003,16137296052353762183,0,6,13,58,10,0,2,3,2,81244,4858.51025390625,0,0,3
1767771599.398003,16137296052353762183,0,7,4,58,5,12,2,3,2,79829,4800.7900390625,0,0,3
1767771599.398003,16137296052353762183,0,8,11,58,16,0,2,3,2,81058,4857.7373046875,0,0,3
1767771599.398003,16137296052353762183,0,9,2,58,4,18,2,3,2,80084,4789.87158203125,0,0,3
1767771599.398003,16137296052353762183,0,10,14,58,19,0,2,3,2,81334,4865.17431640625,0,0,3
1767771599.398003,16137296052353762183,0,11,15,58,14,0,2,3,2,81371,4865.95361328125,0,0,3
1767771599.398003,16137296052353762183,0,12,3,58,3,15,2,3,2,80300,4799.7841796875,0,0,3
1767771599.398003,16137296052353762183,0,13,9,58,11,2,3,3,2,80304,4841.787109375,0,0,4
1767771599.398003,16137296052353762183,0,14,6,58,7,8,2,3,2,80776,4828.75390625,0,0,3
1767771599.398003,16137296052353762183,0,15,16,57,9,0,2,3,2,82328,4802.5205078125,0,0,3
1767771599.398003,16137296052353762183,0,16,10,58,20,1,3,3,2,80828,4854.45361328125,0,0,4
1767771599.398003,16137296052353762183,0,17,5,58,6,10,2,3,2,80548,4808.76904296875,0,0,3
1767771599.398003,16137296052353762183,0,18,18,9,17,0,0,4,3,83068,788.0690307617188,0,0,1
1767771599.398003,16137296052353762183,0,19,20,0,18,0,0,4,1,0,4964.653981829062,0,0,1
1767771599.398003,16137296052353762183,0,20,0,0,0,0,0,0,0,0,0.0,0,0,0
1767771599.398003,16137296052353762183,0,21,0,0,0,0,0,0,0,0,0.0,0,0,0
1767771604.4090588,16137296052353762183,0,0,17,33,15,0,1,4,3,82326,2862.583740234375,0,0,2
1767771604.4090588,16137296052353762183,0,1,1,58,2,25,2,3,2,79789,4784.58740234375,0,0,3
1767771604.4090588,16137296052353762183,0,2,19,2,13,0,0,4,3,84306,236.94192504882812,0,0,1
1767771604.4090588,16137296052353762183,0,3,8,58,1,4,2,3,2,81029,4831.4365234375,0,0,3
1767771604.4090588,16137296052353762183,0,4,7,58,12,6,2,3,2,80379,4829.19775390625,0,0,3
1767771604.4090588,16137296052353762183,0,5,12,58,8,0,2,3,2,81216,4857.998046875,0,0,3
1767771604.4090588,16137296052353762183,0,6,13,58,10,0,2,3,2,81244,4858.51025390625,0,0,3
1767771604.4090588,16137296052353762183,0,7,4,58,5,12,2,3,2,79829,4800.7900390625,0,0,3
1767771604.4090588,16137296052353762183,0,8,11,58,16,0,2,3,2,81058,4857.7373046875,0,0,3
1767771604.4090588,16137296052353762183,0,9,2,58,4,18,2,3,2,80084,4789.87158203125,0,0,3
1767771604.4090588,16137296052353762183,0,10,14,58,19,0,2,3,2,81334,4865.17431640625,0,0,3
1767771604.4090588,16137296052353762183,0,11,15,58,14,0,2,3,2,81371,4865.95361328125,0,0,3
1767771604.4090588,16137296052353762183,0,12,3,58,3,15,2,3,2,80300,4799.7841796875,0,0,3
1767771604.4090588,16137296052353762183,0,13,9,58,11,2,3,3,2,80304,4841.787109375,0,0,4
1767771604.4090588,16137296052353762183,0,14,6,58,7,8,2,3,2,80776,4828.75390625,0,0,3
1767771604.4090588,16137296052353762183,0,15,16,57,9,0,2,3,2,82328,4802.5205078125,0,0,3
1767771604.4090588,16137296052353762183,0,16,10,58,20,1,3,3,2,80828,4854.45361328125,0,0,4
1767771604.4090588,16137296052353762183,0,17,5,58,6,10,2,3,2,80548,4808.76904296875,0,0,3
1767771604.4090588,16137296052353762183,0,18,18,9,17,0,0,4,3,83068,788.0690307617188,0,0,1
1767771604.4090588,16137296052353762183,0,19,20,0,18,0,0,4,1,0,4964.653981829062,0,0,1
1767771604.4090588,16137296052353762183,0,20,0,0,0,0,0,0,0,0,0.0,0,0,0
1767771604.4090588,16137296052353762183,0,21,0,0,0,0,0,0,0,0,0.0,0,0,0
1767771609.4157639,16137296052353762183,0,0,17,33,15,0,1,4,3,82326,2862.583740234375,0,0,2
1767771609.4157639,16137296052353762183,0,1,1,58,2,25,2,3,2,79789,4784.58740234375,0,0,3
1767771609.4157639,16137296052353762183,0,2,19,2,13,0,0,4,3,84306,236.94192504882812,0,0,1
1767771609.4157639,16137296052353762183,0,3,8,58,1,4,2,3,2,81029,4831.4365234375,0,0,3
1767771609.4157639,16137296052353762183,0,4,7,58,12,6,2,3,2,80379,4829.19775390625,0,0,3
1767771609.4157639,16137296052353762183,0,5,12,58,8,0,2,3,2,81216,4857.998046875,0,0,3
1767771609.4157639,16137296052353762183,0,6,13,58,10,0,2,3,2,81244,4858.51025390625,0,0,3
1767771609.4157639,16137296052353762183,0,7,4,58,5,12,2,3,2,79829,4800.7900390625,0,0,3
1767771609.4157639,16137296052353762183,0,8,11,58,16,0,2,3,2,81058,4857.7373046875,0,0,3
1767771609.4157639,16137296052353762183,0,9,2,58,4,18,2,3,2,80084,4789.87158203125,0,0,3
1767771609.4157639,16137296052353762183,0,10,14,58,19,0,2,3,2,81334,4865.17431640625,0,0,3
1767771609.4157639,16137296052353762183,0,11,15,58,14,0,2,3,2,81371,4865.95361328125,0,0,3
1767771609.4157639,16137296052353762183,0,12,3,58,3,15,2,3,2,80300,4799.7841796875,0,0,3
1767771609.4157639,16137296052353762183,0,13,9,58,11,2,3,3,2,80304,4841.787109375,0,0,4
1767771609.4157639,16137296052353762183,0,14,6,58,7,8,2,3,2,80776,4828.75390625,0,0,3
1767771609.4157639,16137296052353762183,0,15,16,57,9,0,2,3,2,82328,4802.5205078125,0,0,3
1767771609.4157639,16137296052353762183,0,16,10,58,20,1,3,3,2,80828,4854.45361328125,0,0,4
1767771609.4157639,16137296052353762183,0,17,5,58,6,10,2,3,2,80548,4808.76904296875,0,0,3
1767771609.4157639,16137296052353762183,0,18,18,9,17,0,0,4,3,83068,788.0690307617188,0,0,1
1767771609.4157639,16137296052353762183,0,19,20,0,18,0,0,4,1,0,4964.653981829062,0,0,1
1767771609.4157639,16137296052353762183,0,20,0,0,0,0,0,0,0,0,0.0,0,0,0
1767771609.4157639,16137296052353762183,0,21,0,0,0,0,0,0,0,0,0.0,0,0,0
1767771614.4241128,16137296052353762183,0,0,17,33,15,0,1,4,3,82326,2862.583740234375,0,0,2
1767771614.4241128,16137296052353762183,0,1,1,58,2,25,2,3,2,79789,4784.58740234375,0,0,3
1767771614.4241128,16137296052353762183,0,2,19,2,13,0,0,4,3,84306,236.94192504882812,0,0,1
1767771614.4241128,16137296052353762183,0,3,8,58,1,4,2,3,2,81029,4831.4365234375,0,0,3
1767771614.4241128,16137296052353762183,0,4,7,58,12,6,2,3,2,80379,4829.19775390625,0,0,3
1767771614.4241128,16137296052353762183,0,5,12,58,8,0,2,3,2,81216,4857.998046875,0,0,3
1767771614.4241128,16137296052353762183,0,6,13,58,10,0,2,3,2,81244,4858.51025390625,0,0,3
1767771614.4241128,16137296052353762183,0,7,4,58,5,12,2,3,2,79829,4800.7900390625,0,0,3
1767771614.4241128,16137296052353762183,0,8,11,58,16,0,2,3,2,81058,4857.7373046875,0,0,3
1767771614.4241128,16137296052353762183,0,9,2,58,4,18,2,3,2,80084,4789.87158203125,0,0,3
1767771614.4241128,16137296052353762183,0,10,14,58,19,0,2,3,2,81334,4865.17431640625,0,0,3
1767771614.4241128,16137296052353762183,0,11,15,58,14,0,2,3,2,81371,4865.95361328125,0,0,3
1767771614.4241128,16137296052353762183,0,12,3,58,3,15,2,3,2,80300,4799.7841796875,0,0,3
1767771614.4241128,16137296052353762183,0,13,9,58,11,2,3,3,2,80304,4841.787109375,0,0,4
1767771614.4241128,16137296052353762183,0,14,6,58,7,8,2,3,2,80776,4828.75390625,0,0,3
1767771614.4241128,16137296052353762183,0,15,16,57,9,0,2,3,2,82328,4802.5205078125,0,0,3
1767771614.4241128,16137296052353762183,0,16,10,58,20,1,3,3,2,80828,4854.45361328125,0,0,4
1767771614.4241128,16137296052353762183,0,17,5,58,6,10,2,3,2,80548,4808.76904296875,0,0,3
1767771614.4241128,16137296052353762183,0,18,18,9,17,0,0,4,3,83068,788.0690307617188,0,0,1
1767771614.4241128,16137296052353762183,0,19,20,0,18,0,0,4,1,0,4964.653981829062,0,0,1
1767771614.4241128,16137296052353762183,0,20,0,0,0,0,0,0,0,0,0.0,0,0,0
1767771614.4241128,16137296052353762183,0,21,0,0,0,0,0,0,0,0,0.0,0,0,0
1767771619.4350739,16137296052353762183,0,0,17,33,15,0,1,4,3,82326,2862.583740234375,0,0,2
1767771619.4350739,16137296052353762183,0,1,1,58,2,25,2,3,2,79789,4784.58740234375,0,0,3
1767771619.4350739,16137296052353762183,0,2,19,2,13,0,0,4,3,84306,236.94192504882812,0,0,1
1767771619.4350739,16137296052353762183,0,3,8,58,1,4,2,3,2,81029,4831.4365234375,0,0,3
1767771619.4350739,16137296052353762183,0,4,7,58,12,6,2,3,2,80379,4829.19775390625,0,0,3
1767771619.4350739,16137296052353762183,0,5,12,58,8,0,2,3,2,81216,4857.998046875,0,0,3
1767771619.4350739,16137296052353762183,0,6,13,58,10,0,2,3,2,81244,4858.51025390625,0,0,3
1767771619.4350739,16137296052353762183,0,7,4,58,5,12,2,3,2,79829,4800.7900390625,0,0,3
1767771619.4350739,16137296052353762183,0,8,11,58,16,0,2,3,2,81058,4857.7373046875,0,0,3
1767771619.4350739,16137296052353762183,0,9,2,58,4,18,2,3,2,80084,4789.87158203125,0,0,3
1767771619.4350739,16137296052353762183,0,10,14,58,19,0,2,3,2,81334,4865.17431640625,0,0,3
1767771619.4350739,16137296052353762183,0,11,15,58,14,0,2,3,2,81371,4865.95361328125,0,0,3
1767771619.4350739,16137296052353762183,0,12,3,58,3,15,2,3,2,80300,4799.7841796875,0,0,3
1767771619.4350739,16137296052353762183,0,13,9,58,11,2,3,3,2,80304,4841.787109375,0,0,4
1767771619.4350739,16137296052353762183,0,14,6,58,7,8,2,3,2,80776,4828.75390625,0,0,3
1767771619.4350739,16137296052353762183,0,15,16,57,9,0,2,3,2,82328,4802.5205078125,0,0,3
1767771619.4350739,16137296052353762183,0,16,10,58,20,1,3,3,2,80828,4854.45361328125,0,0,4
1767771619.4350739,16137296052353762183,0,17,5,58,6,10,2,3,2,80548,4808.76904296875,0,0,3
1767771619.4350739,16137296052353762183,0,18,18,9,17,0,0,4,3,83068,788.0690307617188,0,0,1
1767771619.4350739,16137296052353762183,0,19,20,0,18,0,0,4,1,0,4964.653981829062,0,0,1
1767771619.4350739,16137296052353762183,0,20,0,0,0,0,0,0,0,0,0.0,0,0,0
1767771619.4350739,16137296052353762183,0,21,0,0,0,0,0,0,0,0,0.0,0,0,0
1767771624.4490638,16137296052353762183,0,0,17,33,15,0,1,4,3,82326,2862.583740234375,0,0,2
1767771624.4490638,16137296052353762183,0,1,1,58,2,25,2,3,2,79789,4784.58740234375,0,0,3
1767771624.4490638,16137296052353762183,0,2,19,2,13,0,0,4,3,84306,236.94192504882812,0,0,1
1767771624.4490638,16137296052353762183,0,3,8,58,1,4,2,3,2,81029,4831.4365234375,0,0,3
1767771624.4490638,16137296052353762183,0,4,7,58,12,6,2,3,2,80379,4829.19775390625,0,0,3
1767771624.4490638,16137296052353762183,0,5,12,58,8,0,2,3,2,81216,4857.998046875,0,0,3
1767771624.4490638,16137296052353762183,0,6,13,58,10,0,2,3,2,81244,4858.51025390625,0,0,3
1767771624.4490638,16137296052353762183,0,7,4,58,5,12,2,3,2,79829,4800.7900390625,0,0,3
1767771624.4490638,16137296052353762183,0,8,11,58,16,0,2,3,2,81058,4857.7373046875,0,0,3
1767771624.4490638,16137296052353762183,0,9,2,58,4,18,2,3,2,80084,4789.87158203125,0,0,3
1767771624.4490638,16137296052353762183,0,10,14,58,19,0,2,3,2,81334,4865.17431640625,0,0,3
1767771624.4490638,16137296052353762183,0,11,15,58,14,0,2,3,2,81371,4865.95361328125,0,0,3
1767771624.4490638,16137296052353762183,0,12,3,58,3,15,2,3,2,80300,4799.7841796875,0,0,3
1767771624.4490638,16137296052353762183,0,13,9,58,11,2,3,3,2,80304,4841.787109375,0,0,4
1767771624.4490638,16137296052353762183,0,14,6,58,7,8,2,3,2,80776,4828.75390625,0,0,3
1767771624.4490638,16137296052353762183,0,15,16,57,9,0,2,3,2,82328,4802.5205078125,0,0,3
1767771624.4490638,16137296052353762183,0,16,10,58,20,1,3,3,2,80828,4854.45361328125,0,0,4
1767771624.4490638,16137296052353762183,0,17,5,58,6,10,2,3,2,80548,4808.76904296875,0,0,3
1767771624.4490638,16137296052353762183,0,18,18,9,17,0,0,4,3,83068,788.0690307617188,0,0,1
1767771624.4490638,16137296052353762183,0,19,20,0,18,0,0,4,1,0,4964.653981829062,0,0,1
1767771624.4490638,16137296052353762183,0,20,0,0,0,0,0,0,0,0,0.0,0,0,0
1767771624.4490638,16137296052353762183,0,21,0,0,0,0,0,0,0,0,0.0,0,0,0
1767771629.4622304,16137296052353762183,0,0,17,33,15,0,1,4,3,82326,2862.583740234375,0,0,2
1767771629.4622304,16137296052353762183,0,1,1,58,2,25,2,3,2,79789,4784.58740234375,0,0,3
1767771629.4622304,16137296052353762183,0,2,19,2,13,0,0,4,3,84306,236.94192504882812,0,0,1
1767771629.4622304,16137296052353762183,0,3,8,58,1,4,2,3,2,81029,4831.4365234375,0,0,3
1767771629.4622304,16137296052353762183,0,4,7,58,12,6,2,3,2,80379,4829.19775390625,0,0,3
1767771629.4622304,16137296052353762183,0,5,12,58,8,0,2,3,2,81216,4857.998046875,0,0,3
1767771629.4622304,16137296052353762183,0,6,13,58,10,0,2,3,2,81244,4858.51025390625,0,0,3
1767771629.4622304,16137296052353762183,0,7,4,58,5,12,2,3,2,79829,4800.7900390625,0,0,3
1767771629.4622304,16137296052353762183,0,8,11,58,16,0,2,3,2,81058,4857.7373046875,0,0,3
1767771629.4622304,16137296052353762183,0,9,2,58,4,18,2,3,2,80084,4789.87158203125,0,0,3
1767771629.4622304,16137296052353762183,0,10,14,58,19,0,2,3,2,81334,4865.17431640625,0,0,3
1767771629.4622304,16137296052353762183,0,11,15,58,14,0,2,3,2,81371,4865.95361328125,0,0,3
1767771629.4622304,16137296052353762183,0,12,3,58,3,15,2,3,2,80300,4799.7841796875,0,0,3
1767771629.4622304,16137296052353762183,0,13,9,58,11,2,3,3,2,80304,4841.787109375,0,0,4
1767771629.4622304,16137296052353762183,0,14,6,58,7,8,2,3,2,80776,4828.75390625,0,0,3
1767771629.4622304,16137296052353762183,0,15,16,57,9,0,2,3,2,82328,4802.5205078125,0,0,3
1767771629.4622304,16137296052353762183,0,16,10,58,20,1,3,3,2,80828,4854.45361328125,0,0,4
1767771629.4622304,16137296052353762183,0,17,5,58,6,10,2,3,2,80548,4808.76904296875,0,0,3
1767771629.4622304,16137296052353762183,0,18,18,9,17,0,0,4,3,83068,788.0690307617188,0,0,1
1767771629.4622304,16137296052353762183,0,19,20,0,18,0,0,4,1,0,4964.653981829062,0,0,1
1767771629.4622304,16137296052353762183,0,20,0,0,0,0,0,0,0,0,0.0,0,0,0
1767771629.4622304,16137296052353762183,0,21,0,0,0,0,0,0,0,0,0.0,0,0,0
1767771634.4871423,16137296052353762183,0,0,17,33,15,0,1,4,3,82326,2862.583740234375,0,0,2
1767771634.4871423,16137296052353762183,0,1,1,58,2,25,2,3,2,79789,4784.58740234375,0,0,3
1767771634.4871423,16137296052353762183,0,2,19,2,13,0,0,4,3,84306,236.94192504882812,0,0,1
1767771634.4871423,16137296052353762183,0,3,8,58,1,4,2,3,2,81029,4831.4365234375,0,0,3
1767771634.4871423,16137296052353762183,0,4,7,58,12,6,2,3,2,80379,4829.19775390625,0,0,3
1767771634.4871423,16137296052353762183,0,5,12,58,8,0,2,3,2,81216,4857.998046875,0,0,3
1767771634.4871423,16137296052353762183,0,6,13,58,10,0,2,3,2,81244,4858.51025390625,0,0,3
1767771634.4871423,16137296052353762183,0,7,4,58,5,12,2,3,2,79829,4800.7900390625,0,0,3
1767771634.4871423,16137296052353762183,0,8,11,58,16,0,2,3,2,81058,4857.7373046875,0,0,3
1767771634.4871423,16137296052353762183,0,9,2,58,4,18,2,3,2,80084,4789.87158203125,0,0,3
1767771634.4871423,16137296052353762183,0,10,14,58,19,0,2,3,2,81334,4865.17431640625,0,0,3
1767771634.4871423,16137296052353762183,0,11,15,58,14,0,2,3,2,81371,4865.95361328125,0,0,3
1767771634.4871423,16137296052353762183,0,12,3,58,3,15,2,3,2,80300,4799.7841796875,0,0,3
1767771634.4871423,16137296052353762183,0,13,9,58,11,2,3,3,2,80304,4841.787109375,0,0,4
1767771634.4871423,16137296052353762183,0,14,6,58,7,8,2,3,2,80776,4828.75390625,0,0,3
1767771634.4871423,16137296052353762183,0,15,16,57,9,0,2,3,2,82328,4802.5205078125,0,0,3
1767771634.4871423,16137296052353762183,0,16,10,58,20,1,3,3,2,80828,4854.45361328125,0,0,4
1767771634.4871423,16137296052353762183,0,17,5,58,6,10,2,3,2,80548,4808.76904296875,0,0,3
1767771634.4871423,16137296052353762183,0,18,18,9,17,0,0,4,3,83068,788.0690307617188,0,0,1
1767771634.4871423,16137296052353762183,0,19,20,0,18,0,0,4,1,0,4964.653981829062,0,0,1
1767771634.4871423,16137296052353762183,0,20,0,0,0,0,0,0,0,0,0.0,0,0,0
1767771634.4871423,16137296052353762183,0,21,0,0,0,0,0,0,0,0,0.0,0,0,0
1767771639.5056667,16137296052353762183,0,0,17,33,15,0,1,4,3,82326,2862.583740234375,0,0,2
1767771639.5056667,16137296052353762183,0,1,1,58,2,25,2,3,2,79789,4784.58740234375,0,0,3
1767771639.5056667,16137296052353762183,0,2,19,2,13,0,0,4,3,84306,236.94192504882812,0,0,1
1767771639.5056667,16137296052353762183,0,3,8,58,1,4,2,3,2,81029,4831.4365234375,0,0,3
1767771639.5056667,16137296052353762183,0,4,7,58,12,6,2,3,2,80379,4829.19775390625,0,0,3
1767771639.5056667,16137296052353762183,0,5,12,58,8,0,2,3,2,81216,4857.998046875,0,0,3
1767771639.5056667,16137296052353762183,0,6,13,58,10,0,2,3,2,81244,4858.51025390625,0,0,3
1767771639.5056667,16137296052353762183,0,7,4,58,5,12,2,3,2,79829,4800.7900390625,0,0,3
1767771639.5056667,16137296052353762183,0,8,11,58,16,0,2,3,2,81058,4857.7373046875,0,0,3
1767771639.5056667,16137296052353762183,0,9,2,58,4,18,2,3,2,80084,4789.87158203125,0,0,3
1767771639.5056667,16137296052353762183,0,10,14,58,19,0,2,3,2,81334,4865.17431640625,0,0,3
1767771639.5056667,16137296052353762183,0,11,15,58,14,0,2,3,2,81371,4865.95361328125,0,0,3
1767771639.5056667,16137296052353762183,0,12,3,58,3,15,2,3,2,80300,4799.7841796875,0,0,3
1767771639.5056667,16137296052353762183,0,13,9,58,11,2,3,3,2,80304,4841.787109375,0,0,4
1767771639.5056667,16137296052353762183,0,14,6,58,7,8,2,3,2,80776,4828.75390625,0,0,3
1767771639.5056667,16137296052353762183,0,15,16,57,9,0,2,3,2,82328,4802.5205078125,0,0,3
1767771639.5056667,16137296052353762183,0,16,10,58,20,1,3,3,2,80828,4854.45361328125,0,0,4
1767771639.5056667,16137296052353762183,0,17,5,58,6,10,2,3,2,80548,4808.76904296875,0,0,3
1767771639.5056667,16137296052353762183,0,18,18,9,17,0,0,4,3,83068,788.0690307617188,0,0,1
1767771639.5056667,16137296052353762183,0,19,20,0,18,0,0,4,1,0,4964.653981829062,0,0,1
1767771639.5056667,16137296052353762183,0,20,0,0,0,0,0,0,0,0,0.0,0,0,0
1767771639.5056667,16137296052353762183,0,21,0,0,0,0,0,0,0,0,0.0,0,0,0
1767771644.5260532,16137296052353762183,0,0,17,33,15,0,1,4,3,82326,2862.583740234375,0,0,2
1767771644.5260532,16137296052353762183,0,1,1,58,2,25,2,3,2,79789,4784.58740234375,0,0,3
1767771644.5260532,16137296052353762183,0,2,19,2,13,0,0,4,3,84306,236.94192504882812,0,0,1
1767771644.5260532,16137296052353762183,0,3,8,58,1,4,2,3,2,81029,4831.4365234375,0,0,3
1767771644.5260532,16137296052353762183,0,4,7,58,12,6,2,3,2,80379,4829.19775390625,0,0,3
1767771644.5260532,16137296052353762183,0,5,12,58,8,0,2,3,2,81216,4857.998046875,0,0,3
1767771644.5260532,16137296052353762183,0,6,13,58,10,0,2,3,2,81244,4858.51025390625,0,0,3
1767771644.5260532,16137296052353762183,0,7,4,58,5,12,2,3,2,79829,4800.7900390625,0,0,3
1767771644.5260532,16137296052353762183,0,8,11,58,16,0,2,3,2,81058,4857.7373046875,0,0,3
1767771644.5260532,16137296052353762183,0,9,2,58,4,18,2,3,2,80084,4789.87158203125,0,0,3
1767771644.5260532,16137296052353762183,0,10,14,58,19,0,2,3,2,81334,4865.17431640625,0,0,3
1767771644.5260532,16137296052353762183,0,11,15,58,14,0,2,3,2,81371,4865.95361328125,0,0,3
1767771644.5260532,16137296052353762183,0,12,3,58,3,15,2,3,2,80300,4799.7841796875,0,0,3
1767771644.5260532,16137296052353762183,0,13,9,58,11,2,3,3,2,80304,4841.787109375,0,0,4
1767771644.5260532,16137296052353762183,0,14,6,58,7,8,2,3,2,80776,4828.75390625,0,0,3
1767771644.5260532,16137296052353762183,0,15,16,57,9,0,2,3,2,82328,4802.5205078125,0,0,3
1767771644.5260532,16137296052353762183,0,16,10,58,20,1,3,3,2,80828,4854.45361328125,0,0,4
1767771644.5260532,16137296052353762183,0,17,5,58,6,10,2,3,2,80548,4808.76904296875,0,0,3
1767771644.5260532,16137296052353762183,0,18,18,9,17,0,0,4,3,83068,788.0690307617188,0,0,1
1767771644.5260532,16137296052353762183,0,19,20,0,18,0,0,4,1,0,4964.653981829062,0,0,1
1767771644.5260532,16137296052353762183,0,20,0,0,0,0,0,0,0,0,0.0,0,0,0
1767771644.5260532,16137296052353762183,0,21,0,0,0,0,0,0,0,0,0.0,0,0,0
1767771649.5470998,16137296052353762183,0,0,17,33,15,0,1,4,3,82326,2862.583740234375,0,0,2
1767771649.5470998,16137296052353762183,0,1,1,58,2,25,2,3,2,79789,4784.58740234375,0,0,3
1767771649.5470998,16137296052353762183,0,2,19,2,13,0,0,4,3,84306,236.94192504882812,0,0,1
1767771649.5470998,16137296052353762183,0,3,8,58,1,4,2,3,2,81029,4831.4365234375,0,0,3
1767771649.5470998,16137296052353762183,0,4,7,58,12,6,2,3,2,80379,4829.19775390625,0,0,3
1767771649.5470998,16137296052353762183,0,5,12,58,8,0,2,3,2,81216,4857.998046875,0,0,3
1767771649.5470998,16137296052353762183,0,6,13,58,10,0,2,3,2,81244,4858.51025390625,0,0,3
1767771649.5470998,16137296052353762183,0,7,4,58,5,12,2,3,2,79829,4800.7900390625,0,0,3
1767771649.5470998,16137296052353762183,0,8,11,58,16,0,2,3,2,81058,4857.7373046875,0,0,3
1767771649.5470998,16137296052353762183,0,9,2,58,4,18,2,3,2,80084,4789.87158203125,0,0,3
1767771649.5470998,16137296052353762183,0,10,14,58,19,0,2,3,2,81334,4865.17431640625,0,0,3
1767771649.5470998,16137296052353762183,0,11,15,58,14,0,2,3,2,81371,4865.95361328125,0,0,3
1767771649.5470998,16137296052353762183,0,12,3,58,3,15,2,3,2,80300,4799.7841796875,0,0,3
1767771649.5470998,16137296052353762183,0,13,9,58,11,2,3,3,2,80304,4841.787109375,0,0,4
1767771649.5470998,16137296052353762183,0,14,6,58,7,8,2,3,2,80776,4828.75390625,0,0,3
1767771649.5470998,16137296052353762183,0,15,16,57,9,0,2,3,2,82328,4802.5205078125,0,0,3
1767771649.5470998,16137296052353762183,0,16,10,58,20,1,3,3,2,80828,4854.45361328125,0,0,4
1767771649.5470998,16137296052353762183,0,17,5,58,6,10,2,3,2,80548,4808.76904296875,0,0,3
1767771649.5470998,16137296052353762183,0,18,18,9,17,0,0,4,3,83068,788.0690307617188,0,0,1
1767771649.5470998,16137296052353762183,0,19,20,0,18,0,0,4,1,0,4964.653981829062,0,0,1
1767771649.5470998,16137296052353762183,0,20,0,0,0,0,0,0,0,0,0.0,0,0,0
1767771649.5470998,16137296052353762183,0,21,0,0,0,0,0,0,0,0,0.0,0,0,0
1767771654.567984,16137296052353762183,0,0,17,33,15,0,1,4,3,82326,2862.583740234375,0,0,2
1767771654.567984,16137296052353762183,0,1,1,58,2,25,2,3,2,79789,4784.58740234375,0,0,3
1767771654.567984,16137296052353762183,0,2,19,2,13,0,0,4,3,84306,236.94192504882812,0,0,1
1767771654.567984,16137296052353762183,0,3,8,58,1,4,2,3,2,81029,4831.4365234375,0,0,3
1767771654.567984,16137296052353762183,0,4,7,58,12,6,2,3,2,80379,4829.19775390625,0,0,3
1767771654.567984,16137296052353762183,0,5,12,58,8,0,2,3,2,81216,4857.998046875,0,0,3
1767771654.567984,16137296052353762183,0,6,13,58,10,0,2,3,2,81244,4858.51025390625,0,0,3
1767771654.567984,16137296052353762183,0,7,4,58,5,12,2,3,2,79829,4800.7900390625,0,0,3
1767771654.567984,16137296052353762183,0,8,11,58,16,0,2,3,2,81058,4857.7373046875,0,0,3
1767771654.567984,16137296052353762183,0,9,2,58,4,18,2,3,2,80084,4789.87158203125,0,0,3
1767771654.567984,16137296052353762183,0,10,14,58,19,0,2,3,2,81334,4865.17431640625,0,0,3
1767771654.567984,16137296052353762183,0,11,15,58,14,0,2,3,2,81371,4865.95361328125,0,0,3
1767771654.567984,16137296052353762183,0,12,3,58,3,15,2,3,2,80300,4799.7841796875,0,0,3
1767771654.567984,16137296052353762183,0,13,9,58,11,2,3,3,2,80304,4841.787109375,0,0,4
1767771654.567984,16137296052353762183,0,14,6,58,7,8,2,3,2,80776,4828.75390625,0,0,3
1767771654.567984,16137296052353762183,0,15,16,57,9,0,2,3,2,82328,4802.5205078125,0,0,3
1767771654.567984,16137296052353762183,0,16,10,58,20,1,3,3,2,80828,4854.45361328125,0,0,4
1767771654.567984,16137296052353762183,0,17,5,58,6,10,2,3,2,80548,4808.76904296875,0,0,3
1767771654.567984,16137296052353762183,0,18,18,9,17,0,0,4,3,83068,788.0690307617188,0,0,1
1767771654.567984,16137296052353762183,0,19,20,0,18,0,0,4,1,0,4964.653981829062,0,0,1
1767771654.567984,16137296052353762183,0,20,0,0,0,0,0,0,0,0,0.0,0,0,0
1767771654.567984,16137296052353762183,0,21,0,0,0,0,0,0,0,0,0.0,0,0,0
1767771659.5912914,16137296052353762183,0,0,17,33,15,0,1,4,3,82326,2862.583740234375,0,0,2
1767771659.5912914,16137296052353762183,0,1,1,58,2,25,2,3,2,79789,4784.58740234375,0,0,3
1767771659.5912914,16137296052353762183,0,2,19,2,13,0,0,4,3,84306,236.94192504882812,0,0,1
1767771659.5912914,16137296052353762183,0,3,8,58,1,4,2,3,2,81029,4831.4365234375,0,0,3
1767771659.5912914,16137296052353762183,0,4,7,58,12,6,2,3,2,80379,4829.19775390625,0,0,3
1767771659.5912914,16137296052353762183,0,5,12,58,8,0,2,3,2,81216,4857.998046875,0,0,3
1767771659.5912914,16137296052353762183,0,6,13,58,10,0,2,3,2,81244,4858.51025390625,0,0,3
1767771659.5912914,16137296052353762183,0,7,4,58,5,12,2,3,2,79829,4800.7900390625,0,0,3
1767771659.5912914,16137296052353762183,0,8,11,58,16,0,2,3,2,81058,4857.7373046875,0,0,3
1767771659.5912914,16137296052353762183,0,9,2,58,4,18,2,3,2,80084,4789.87158203125,0,0,3
1767771659.5912914,16137296052353762183,0,10,14,58,19,0,2,3,2,81334,4865.17431640625,0,0,3
1767771659.5912914,16137296052353762183,0,11,15,58,14,0,2,3,2,81371,4865.95361328125,0,0,3
1767771659.5912914,16137296052353762183,0,12,3,58,3,15,2,3,2,80300,4799.7841796875,0,0,3
1767771659.5912914,16137296052353762183,0,13,9,58,11,2,3,3,2,80304,4841.787109375,0,0,4
1767771659.5912914,16137296052353762183,0,14,6,58,7,8,2,3,2,80776,4828.75390625,0,0,3
1767771659.5912914,16137296052353762183,0,15,16,57,9,0,2,3,2,82328,4802.5205078125,0,0,3
1767771659.5912914,16137296052353762183,0,16,10,58,20,1,3,3,2,80828,4854.45361328125,0,0,4
1767771659.5912914,16137296052353762183,0,17,5,58,6,10,2,3,2,80548,4808.76904296875,0,0,3
1767771659.5912914,16137296052353762183,0,18,18,9,17,0,0,4,3,83068,788.0690307617188,0,0,1
1767771659.5912914,16137296052353762183,0,19,20,0,18,0,0,4,1,0,4964.653981829062,0,0,1
1767771659.5912914,16137296052353762183,0,20,0,0,0,0,0,0,0,0,0.0,0,0,0
1767771659.5912914,16137296052353762183,0,21,0,0,0,0,0,0,0,0,0.0,0,0,0
1767771664.6074913,16137296052353762183,0,0,17,33,15,0,1,4,3,82326,2862.583740234375,0,0,2
1767771664.6074913,16137296052353762183,0,1,1,58,2,25,2,3,2,79789,4784.58740234375,0,0,3
1767771664.6074913,16137296052353762183,0,2,19,2,13,0,0,4,3,84306,236.94192504882812,0,0,1
1767771664.6074913,16137296052353762183,0,3,8,58,1,4,2,3,2,81029,4831.4365234375,0,0,3
1767771664.6074913,16137296052353762183,0,4,7,58,12,6,2,3,2,80379,4829.19775390625,0,0,3
1767771664.6074913,16137296052353762183,0,5,12,58,8,0,2,3,2,81216,4857.998046875,0,0,3
1767771664.6074913,16137296052353762183,0,6,13,58,10,0,2,3,2,81244,4858.51025390625,0,0,3
1767771664.6074913,16137296052353762183,0,7,4,58,5,12,2,3,2,79829,4800.7900390625,0,0,3
1767771664.6074913,16137296052353762183,0,8,11,58,16,0,2,3,2,81058,4857.7373046875,0,0,3
1767771664.6074913,16137296052353762183,0,9,2,58,4,18,2,3,2,80084,4789.87158203125,0,0,3
1767771664.6074913,16137296052353762183,0,10,14,58,19,0,2,3,2,81334,4865.17431640625,0,0,3
1767771664.6074913,16137296052353762183,0,11,15,58,14,0,2,3,2,81371,4865.95361328125,0,0,3
1767771664.6074913,16137296052353762183,0,12,3,58,3,15,2,3,2,80300,4799.7841796875,0,0,3
1767771664.6074913,16137296052353762183,0,13,9,58,11,2,3,3,2,80304,4841.787109375,0,0,4
1767771664.6074913,16137296052353762183,0,14,6,58,7,8,2,3,2,80776,4828.75390625,0,0,3
1767771664.6074913,16137296052353762183,0,15,16,57,9,0,2,3,2,82328,4802.5205078125,0,0,3
1767771664.6074913,16137296052353762183,0,16,10,58,20,1,3,3,2,80828,4854.45361328125,0,0,4
1767771664.6074913,16137296052353762183,0,17,5,58,6,10,2,3,2,80548,4808.76904296875,0,0,3
1767771664.6074913,16137296052353762183,0,18,18,9,17,0,0,4,3,83068,788.0690307617188,0,0,1
1767771664.6074913,16137296052353762183,0,19,20,0,18,0,0,4,1,0,4964.653981829062,0,0,1
1767771664.6074913,16137296052353762183,0,20,0,0,0,0,0,0,0,0,0.0,0,0,0
1767771664.6074913,16137296052353762183,0,21,0,0,0,0,0,0,0,0,0.0,0,0,0
1767771669.6279132,16137296052353762183,0,0,17,33,15,0,1,4,3,82326,2862.583740234375,0,0,2
1767771669.6279132,16137296052353762183,0,1,1,58,2,25,2,3,2,79789,4784.58740234375,0,0,3
1767771669.6279132,16137296052353762183,0,2,19,2,13,0,0,4,3,84306,236.94192504882812,0,0,1
1767771669.6279132,16137296052353762183,0,3,8,58,1,4,2,3,2,81029,4831.4365234375,0,0,3
1767771669.6279132,16137296052353762183,0,4,7,58,12,6,2,3,2,80379,4829.19775390625,0,0,3
1767771669.6279132,16137296052353762183,0,5,12,58,8,0,2,3,2,81216,4857.998046875,0,0,3
1767771669.6279132,16137296052353762183,0,6,13,58,10,0,2,3,2,81244,4858.51025390625,0,0,3
1767771669.6279132,16137296052353762183,0,7,4,58,5,12,2,3,2,79829,4800.7900390625,0,0,3
1767771669.6279132,16137296052353762183,0,8,11,58,16,0,2,3,2,81058,4857.7373046875,0,0,3
1767771669.6279132,16137296052353762183,0,9,2,58,4,18,2,3,2,80084,4789.87158203125,0,0,3
1767771669.6279132,16137296052353762183,0,10,14,58,19,0,2,3,2,81334,4865.17431640625,0,0,3
1767771669.6279132,16137296052353762183,0,11,15,58,14,0,2,3,2,81371,4865.95361328125,0,0,3
1767771669.6279132,16137296052353762183,0,12,3,58,3,15,2,3,2,80300,4799.7841796875,0,0,3
1767771669.6279132,16137296052353762183,0,13,9,58,11,2,3,3,2,80304,4841.787109375,0,0,4
1767771669.6279132,16137296052353762183,0,14,6,58,7,8,2,3,2,80776,4828.75390625,0,0,3
1767771669.6279132,16137296052353762183,0,15,16,57,9,0,2,3,2,82328,4802.5205078125,0,0,3
1767771669.6279132,16137296052353762183,0,16,10,58,20,1,3,3,2,80828,4854.45361328125,0,0,4
1767771669.6279132,16137296052353762183,0,17,5,58,6,10,2,3,2,80548,4808.76904296875,0,0,3
1767771669.6279132,16137296052353762183,0,18,18,9,17,0,0,4,3,83068,788.0690307617188,0,0,1
1767771669.6279132,16137296052353762183,0,19,20,0,18,0,0,4,1,0,4964.653981829062,0,0,1
1767771669.6279132,16137296052353762183,0,20,0,0,0,0,0,0,0,0,0.0,0,0,0
1767771669.6279132,16137296052353762183,0,21,0,0,0,0,0,0,0,0,0.0,0,0,0
1767771674.6298268,16137296052353762183,0,0,17,33,15,0,1,4,3,82326,2862.583740234375,0,0,2
1767771674.6298268,16137296052353762183,0,1,1,58,2,25,2,3,2,79789,4784.58740234375,0,0,3
1767771674.6298268,16137296052353762183,0,2,19,2,13,0,0,4,3,84306,236.94192504882812,0,0,1
1767771674.6298268,16137296052353762183,0,3,8,58,1,4,2,3,2,81029,4831.4365234375,0,0,3
1767771674.6298268,16137296052353762183,0,4,7,58,12,6,2,3,2,80379,4829.19775390625,0,0,3
1767771674.6298268,16137296052353762183,0,5,12,58,8,0,2,3,2,81216,4857.998046875,0,0,3
1767771674.6298268,16137296052353762183,0,6,13,58,10,0,2,3,2,81244,4858.51025390625,0,0,3
1767771674.6298268,16137296052353762183,0,7,4,58,5,12,2,3,2,79829,4800.7900390625,0,0,3
1767771674.6298268,16137296052353762183,0,8,11,58,16,0,2,3,2,81058,4857.7373046875,0,0,3
1767771674.6298268,16137296052353762183,0,9,2,58,4,18,2,3,2,80084,4789.87158203125,0,0,3
1767771674.6298268,16137296052353762183,0,10,14,58,19,0,2,3,2,81334,4865.17431640625,0,0,3
1767771674.6298268,16137296052353762183,0,11,15,58,14,0,2,3,2,81371,4865.95361328125,0,0,3
1767771674.6298268,16137296052353762183,0,12,3,58,3,15,2,3,2,80300,4799.7841796875,0,0,3
1767771674.6298268,16137296052353762183,0,13,9,58,11,2,3,3,2,80304,4841.787109375,0,0,4
1767771674.6298268,16137296052353762183,0,14,6,58,7,8,2,3,2,80776,4828.75390625,0,0,3
1767771674.6298268,16137296052353762183,0,15,16,57,9,0,2,3,2,82328,4802.5205078125,0,0,3
1767771674.6298268,16137296052353762183,0,16,10,58,20,1,3,3,2,80828,4854.45361328125,0,0,4
1767771674.6298268,16137296052353762183,0,17,5,58,6,10,2,3,2,80548,4808.76904296875,0,0,3
1767771674.6298268,16137296052353762183,0,18,18,9,17,0,0,4,3,83068,788.0690307617188,0,0,1
1767771674.6298268,16137296052353762183,0,19,20,0,18,0,0,4,1,0,4964.653981829062,0,0,1
1767771674.6298268,16137296052353762183,0,20,0,0,0,0,0,0,0,0,0.0,0,0,0
1767771674.6298268,16137296052353762183,0,21,0,0,0,0,0,0,0,0,0.0,0,0,0
1767771679.654467,16137296052353762183,0,0,17,33,15,0,1,4,3,82326,2862.583740234375,0,0,2
1767771679.654467,16137296052353762183,0,1,1,58,2,25,2,3,2,79789,4784.58740234375,0,0,3
1767771679.654467,16137296052353762183,0,2,19,2,13,0,0,4,3,84306,236.94192504882812,0,0,1
1767771679.654467,16137296052353762183,0,3,8,58,1,4,2,3,2,81029,4831.4365234375,0,0,3
1767771679.654467,16137296052353762183,0,4,7,58,12,6,2,3,2,80379,4829.19775390625,0,0,3
1767771679.654467,16137296052353762183,0,5,12,58,8,0,2,3,2,81216,4857.998046875,0,0,3
1767771679.654467,16137296052353762183,0,6,13,58,10,0,2,3,2,81244,4858.51025390625,0,0,3
1767771679.654467,16137296052353762183,0,7,4,58,5,12,2,3,2,79829,4800.7900390625,0,0,3
1767771679.654467,16137296052353762183,0,8,11,58,16,0,2,3,2,81058,4857.7373046875,0,0,3
1767771679.654467,16137296052353762183,0,9,2,58,4,18,2,3,2,80084,4789.87158203125,0,0,3
1767771679.654467,16137296052353762183,0,10,14,58,19,0,2,3,2,81334,4865.17431640625,0,0,3
1767771679.654467,16137296052353762183,0,11,15,58,14,0,2,3,2,81371,4865.95361328125,0,0,3
1767771679.654467,16137296052353762183,0,12,3,58,3,15,2,3,2,80300,4799.7841796875,0,0,3
1767771679.654467,16137296052353762183,0,13,9,58,11,2,3,3,2,80304,4841.787109375,0,0,4
1767771679.654467,16137296052353762183,0,14,6,58,7,8,2,3,2,80776,4828.75390625,0,0,3
1767771679.654467,16137296052353762183,0,15,16,57,9,0,2,3,2,82328,4802.5205078125,0,0,3
1767771679.654467,16137296052353762183,0,16,10,58,20,1,3,3,2,80828,4854.45361328125,0,0,4
1767771679.654467,16137296052353762183,0,17,5,58,6,10,2,3,2,80548,4808.76904296875,0,0,3
1767771679.654467,16137296052353762183,0,18,18,9,17,0,0,4,3,83068,788.0690307617188,0,0,1
1767771679.654467,16137296052353762183,0,19,20,0,18,0,0,4,1,0,4964.653981829062,0,0,1
1767771679.654467,16137296052353762183,0,20,0,0,0,0,0,0,0,0,0.0,0,0,0
1767771679.654467,16137296052353762183,0,21,0,0,0,0,0,0,0,0,0.0,0,0,0
1767771684.6575713,16137296052353762183,0,0,17,33,15,0,1,4,3,82326,2862.583740234375,0,0,2
1767771684.6575713,16137296052353762183,0,1,1,58,2,25,2,3,2,79789,4784.58740234375,0,0,3
1767771684.6575713,16137296052353762183,0,2,19,2,13,0,0,4,3,84306,236.94192504882812,0,0,1
1767771684.6575713,16137296052353762183,0,3,8,58,1,4,2,3,2,81029,4831.4365234375,0,0,3
1767771684.6575713,16137296052353762183,0,4,7,58,12,6,2,3,2,80379,4829.19775390625,0,0,3
1767771684.6575713,16137296052353762183,0,5,12,58,8,0,2,3,2,81216,4857.998046875,0,0,3
1767771684.6575713,16137296052353762183,0,6,13,58,10,0,2,3,2,81244,4858.51025390625,0,0,3
1767771684.6575713,16137296052353762183,0,7,4,58,5,12,2,3,2,79829,4800.7900390625,0,0,3
1767771684.6575713,16137296052353762183,0,8,11,58,16,0,2,3,2,81058,4857.7373046875,0,0,3
1767771684.6575713,16137296052353762183,0,9,2,58,4,18,2,3,2,80084,4789.87158203125,0,0,3
1767771684.6575713,16137296052353762183,0,10,14,58,19,0,2,3,2,81334,4865.17431640625,0,0,3
1767771684.6575713,16137296052353762183,0,11,15,58,14,0,2,3,2,81371,4865.95361328125,0,0,3
1767771684.6575713,16137296052353762183,0,12,3,58,3,15,2,3,2,80300,4799.7841796875,0,0,3
1767771684.6575713,16137296052353762183,0,13,9,58,11,2,3,3,2,80304,4841.787109375,0,0,4
1767771684.6575713,16137296052353762183,0,14,6,58,7,8,2,3,2,80776,4828.75390625,0,0,3
1767771684.6575713,16137296052353762183,0,15,16,57,9,0,2,3,2,82328,4802.5205078125,0,0,3
1767771684.6575713,16137296052353762183,0,16,10,58,20,1,3,3,2,80828,4854.45361328125,0,0,4
1767771684.6575713,16137296052353762183,0,17,5,58,6,10,2,3,2,80548,4808.76904296875,0,0,3
1767771684.6575713,16137296052353762183,0,18,18,9,17,0,0,4,3,83068,788.0690307617188,0,0,1
1767771684.6575713,16137296052353762183,0,19,20,0,18,0,0,4,1,0,4964.653981829062,0,0,1
1767771684.6575713,16137296052353762183,0,20,0,0,0,0,0,0,0,0,0.0,0,0,0
1767771684.6575713,16137296052353762183,0,21,0,0,0,0,0,0,0,0,0.0,0,0,0
1767771689.6668417,16137296052353762183,0,0,17,33,15,0,1,4,3,82326,2862.583740234375,0,0,2
1767771689.6668417,16137296052353762183,0,1,1,58,2,25,2,3,2,79789,4784.58740234375,0,0,3
1767771689.6668417,16137296052353762183,0,2,19,2,13,0,0,4,3,84306,236.94192504882812,0,0,1
1767771689.6668417,16137296052353762183,0,3,8,58,1,4,2,3,2,81029,4831.4365234375,0,0,3
1767771689.6668417,16137296052353762183,0,4,7,58,12,6,2,3,2,80379,4829.19775390625,0,0,3
1767771689.6668417,16137296052353762183,0,5,12,58,8,0,2,3,2,81216,4857.998046875,0,0,3
1767771689.6668417,16137296052353762183,0,6,13,58,10,0,2,3,2,81244,4858.51025390625,0,0,3
1767771689.6668417,16137296052353762183,0,7,4,58,5,12,2,3,2,79829,4800.7900390625,0,0,3
1767771689.6668417,16137296052353762183,0,8,11,58,16,0,2,3,2,81058,4857.7373046875,0,0,3
1767771689.6668417,16137296052353762183,0,9,2,58,4,18,2,3,2,80084,4789.87158203125,0,0,3
1767771689.6668417,16137296052353762183,0,10,14,58,19,0,2,3,2,81334,4865.17431640625,0,0,3
1767771689.6668417,16137296052353762183,0,11,15,58,14,0,2,3,2,81371,4865.95361328125,0,0,3
1767771689.6668417,16137296052353762183,0,12,3,58,3,15,2,3,2,80300,4799.7841796875,0,0,3
1767771689.6668417,16137296052353762183,0,13,9,58,11,2,3,3,2,80304,4841.787109375,0,0,4
1767771689.6668417,16137296052353762183,0,14,6,58,7,8,2,3,2,80776,4828.75390625,0,0,3
1767771689.6668417,16137296052353762183,0,15,16,57,9,0,2,3,2,82328,4802.5205078125,0,0,3
1767771689.6668417,16137296052353762183,0,16,10,58,20,1,3,3,2,80828,4854.45361328125,0,0,4
1767771689.6668417,16137296052353762183,0,17,5,58,6,10,2,3,2,80548,4808.76904296875,0,0,3
1767771689.6668417,16137296052353762183,0,18,18,9,17,0,0,4,3,83068,788.0690307617188,0,0,1
1767771689.6668417,16137296052353762183,0,19,20,0,18,0,0,4,1,0,4964.653981829062,0,0,1
1767771689.6668417,16137296052353762183,0,20,0,0,0,0,0,0,0,0,0.0,0,0,0
1767771689.6668417,16137296052353762183,0,21,0,0,0,0,0,0,0,0,0.0,0,0,0
1767771694.6885898,16137296052353762183,0,0,17,33,15,0,1,4,3,82326,2862.583740234375,0,0,2
1767771694.6885898,16137296052353762183,0,1,1,58,2,25,2,3,2,79789,4784.58740234375,0,0,3
1767771694.6885898,16137296052353762183,0,2,19,2,13,0,0,4,3,84306,236.94192504882812,0,0,1
1767771694.6885898,16137296052353762183,0,3,8,58,1,4,2,3,2,81029,4831.4365234375,0,0,3
1767771694.6885898,16137296052353762183,0,4,7,58,12,6,2,3,2,80379,4829.19775390625,0,0,3
1767771694.6885898,16137296052353762183,0,5,12,58,8,0,2,3,2,81216,4857.998046875,0,0,3
1767771694.6885898,16137296052353762183,0,6,13,58,10,0,2,3,2,81244,4858.51025390625,0,0,3
1767771694.6885898,16137296052353762183,0,7,4,58,5,12,2,3,2,79829,4800.7900390625,0,0,3
1767771694.6885898,16137296052353762183,0,8,11,58,16,0,2,3,2,81058,4857.7373046875,0,0,3
1767771694.6885898,16137296052353762183,0,9,2,58,4,18,2,3,2,80084,4789.87158203125,0,0,3
1767771694.6885898,16137296052353762183,0,10,14,58,19,0,2,3,2,81334,4865.17431640625,0,0,3
1767771694.6885898,16137296052353762183,0,11,15,58,14,0,2,3,2,81371,4865.95361328125,0,0,3
1767771694.6885898,16137296052353762183,0,12,3,58,3,15,2,3,2,80300,4799.7841796875,0,0,3
1767771694.6885898,16137296052353762183,0,13,9,58,11,2,3,3,2,80304,4841.787109375,0,0,4
1767771694.6885898,16137296052353762183,0,14,6,58,7,8,2,3,2,80776,4828.75390625,0,0,3
1767771694.6885898,16137296052353762183,0,15,16,57,9,0,2,3,2,82328,4802.5205078125,0,0,3
1767771694.6885898,16137296052353762183,0,16,10,58,20,1,3,3,2,80828,4854.45361328125,0,0,4
1767771694.6885898,16137296052353762183,0,17,5,58,6,10,2,3,2,80548,4808.76904296875,0,0,3
1767771694.6885898,16137296052353762183,0,18,18,9,17,0,0,4,3,83068,788.0690307617188,0,0,1
1767771694.6885898,16137296052353762183,0,19,20,0,18,0,0,4,1,0,4964.653981829062,0,0,1
1767771694.6885898,16137296052353762183,0,20,0,0,0,0,0,0,0,0,0.0,0,0,0
1767771694.6885898,16137296052353762183,0,21,0,0,0,0,0,0,0,0,0.0,0,0,0
1767771699.6956968,16137296052353762183,0,0,17,33,15,0,1,4,3,82326,2862.583740234375,0,0,2
1767771699.6956968,16137296052353762183,0,1,1,58,2,25,2,3,2,79789,4784.58740234375,0,0,3
1767771699.6956968,16137296052353762183,0,2,19,2,13,0,0,4,3,84306,236.94192504882812,0,0,1
1767771699.6956968,16137296052353762183,0,3,8,58,1,4,2,3,2,81029,4831.4365234375,0,0,3
1767771699.6956968,16137296052353762183,0,4,7,58,12,6,2,3,2,80379,4829.19775390625,0,0,3
1767771699.6956968,16137296052353762183,0,5,12,58,8,0,2,3,2,81216,4857.998046875,0,0,3
1767771699.6956968,16137296052353762183,0,6,13,58,10,0,2,3,2,81244,4858.51025390625,0,0,3
1767771699.6956968,16137296052353762183,0,7,4,58,5,12,2,3,2,79829,4800.7900390625,0,0,3
1767771699.6956968,16137296052353762183,0,8,11,58,16,0,2,3,2,81058,4857.7373046875,0,0,3
1767771699.6956968,16137296052353762183,0,9,2,58,4,18,2,3,2,80084,4789.87158203125,0,0,3
1767771699.6956968,16137296052353762183,0,10,14,58,19,0,2,3,2,81334,4865.17431640625,0,0,3
1767771699.6956968,16137296052353762183,0,11,15,58,14,0,2,3,2,81371,4865.95361328125,0,0,3
1767771699.6956968,16137296052353762183,0,12,3,58,3,15,2,3,2,80300,4799.7841796875,0,0,3
1767771699.6956968,16137296052353762183,0,13,9,58,11,2,3,3,2,80304,4841.787109375,0,0,4
1767771699.6956968,16137296052353762183,0,14,6,58,7,8,2,3,2,80776,4828.75390625,0,0,3
1767771699.6956968,16137296052353762183,0,15,16,57,9,0,2,3,2,82328,4802.5205078125,0,0,3
1767771699.6956968,16137296052353762183,0,16,10,58,20,1,3,3,2,80828,4854.45361328125,0,0,4
1767771699.6956968,16137296052353762183,0,17,5,58,6,10,2,3,2,80548,4808.76904296875,0,0,3
1767771699.6956968,16137296052353762183,0,18,18,9,17,0,0,4,3,83068,788.0690307617188,0,0,1
1767771699.6956968,16137296052353762183,0,19,20,0,18,0,0,4,1,0,4964.653981829062,0,0,1
1767771699.6956968,16137296052353762183,0,20,0,0,0,0,0,0,0,0,0.0,0,0,0
1767771699.6956968,16137296052353762183,0,21,0,0,0,0,0,0,0,0,0.0,0,0,0
1767771704.7077923,16137296052353762183,0,0,17,33,15,0,1,4,3,82326,2862.583740234375,0,0,2
1767771704.7077923,16137296052353762183,0,1,1,58,2,25,2,3,2,79789,4784.58740234375,0,0,3
1767771704.7077923,16137296052353762183,0,2,19,2,13,0,0,4,3,84306,236.94192504882812,0,0,1
1767771704.7077923,16137296052353762183,0,3,8,58,1,4,2,3,2,81029,4831.4365234375,0,0,3
1767771704.7077923,16137296052353762183,0,4,7,58,12,6,2,3,2,80379,4829.19775390625,0,0,3
1767771704.7077923,16137296052353762183,0,5,12,58,8,0,2,3,2,81216,4857.998046875,0,0,3
1767771704.7077923,16137296052353762183,0,6,13,58,10,0,2,3,2,81244,4858.51025390625,0,0,3
1767771704.7077923,16137296052353762183,0,7,4,58,5,12,2,3,2,79829,4800.7900390625,0,0,3
1767771704.7077923,16137296052353762183,0,8,11,58,16,0,2,3,2,81058,4857.7373046875,0,0,3
1767771704.7077923,16137296052353762183,0,9,2,58,4,18,2,3,2,80084,4789.87158203125,0,0,3
1767771704.7077923,16137296052353762183,0,10,14,58,19,0,2,3,2,81334,4865.17431640625,0,0,3
1767771704.7077923,16137296052353762183,0,11,15,58,14,0,2,3,2,81371,4865.95361328125,0,0,3
1767771704.7077923,16137296052353762183,0,12,3,58,3,15,2,3,2,80300,4799.7841796875,0,0,3
1767771704.7077923,16137296052353762183,0,13,9,58,11,2,3,3,2,80304,4841.787109375,0,0,4
1767771704.7077923,16137296052353762183,0,14,6,58,7,8,2,3,2,80776,4828.75390625,0,0,3
1767771704.7077923,16137296052353762183,0,15,16,57,9,0,2,3,2,82328,4802.5205078125,0,0,3
1767771704.7077923,16137296052353762183,0,16,10,58,20,1,3,3,2,80828,4854.45361328125,0,0,4
1767771704.7077923,16137296052353762183,0,17,5,58,6,10,2,3,2,80548,4808.76904296875,0,0,3
1767771704.7077923,16137296052353762183,0,18,18,9,17,0,0,4,3,83068,788.0690307617188,0,0,1
1767771704.7077923,16137296052353762183,0,19,20,0,18,0,0,4,1,0,4964.653981829062,0,0,1
1767771704.7077923,16137296052353762183,0,20,0,0,0,0,0,0,0,0,0.0,0,0,0
1767771704.7077923,16137296052353762183,0,21,0,0,0,0,0,0,0,0,0.0,0,0,0
1767771709.7100205,16137296052353762183,0,0,17,33,15,0,1,4,3,82326,2862.583740234375,0,0,2
1767771709.7100205,16137296052353762183,0,1,1,58,2,25,2,3,2,79789,4784.58740234375,0,0,3
1767771709.7100205,16137296052353762183,0,2,19,2,13,0,0,4,3,84306,236.94192504882812,0,0,1
1767771709.7100205,16137296052353762183,0,3,8,58,1,4,2,3,2,81029,4831.4365234375,0,0,3
1767771709.7100205,16137296052353762183,0,4,7,58,12,6,2,3,2,80379,4829.19775390625,0,0,3
1767771709.7100205,16137296052353762183,0,5,12,58,8,0,2,3,2,81216,4857.998046875,0,0,3
1767771709.7100205,16137296052353762183,0,6,13,58,10,0,2,3,2,81244,4858.51025390625,0,0,3
1767771709.7100205,16137296052353762183,0,7,4,58,5,12,2,3,2,79829,4800.7900390625,0,0,3
1767771709.7100205,16137296052353762183,0,8,11,58,16,0,2,3,2,81058,4857.7373046875,0,0,3
1767771709.7100205,16137296052353762183,0,9,2,58,4,18,2,3,2,80084,4789.87158203125,0,0,3
1767771709.7100205,16137296052353762183,0,10,14,58,19,0,2,3,2,81334,4865.17431640625,0,0,3
1767771709.7100205,16137296052353762183,0,11,15,58,14,0,2,3,2,81371,4865.95361328125,0,0,3
1767771709.7100205,16137296052353762183,0,12,3,58,3,15,2,3,2,80300,4799.7841796875,0,0,3
1767771709.7100205,16137296052353762183,0,13,9,58,11,2,3,3,2,80304,4841.787109375,0,0,4
1767771709.7100205,16137296052353762183,0,14,6,58,7,8,2,3,2,80776,4828.75390625,0,0,3
1767771709.7100205,16137296052353762183,0,15,16,57,9,0,2,3,2,82328,4802.5205078125,0,0,3
1767771709.7100205,16137296052353762183,0,16,10,58,20,1,3,3,2,80828,4854.45361328125,0,0,4
1767771709.7100205,16137296052353762183,0,17,5,58,6,10,2,3,2,80548,4808.76904296875,0,0,3
1767771709.7100205,16137296052353762183,0,18,18,9,17,0,0,4,3,83068,788.0690307617188,0,0,1
1767771709.7100205,16137296052353762183,0,19,20,0,18,0,0,4,1,0,4964.653981829062,0,0,1
1767771709.7100205,16137296052353762183,0,20,0,0,0,0,0,0,0,0,0.0,0,0,0
1767771709.7100205,16137296052353762183,0,21,0,0,0,0,0,0,0,0,0.0,0,0,0
1767771714.7140663,16137296052353762183,0,0,17,33,15,0,1,4,3,82326,2862.583740234375,0,0,2
1767771714.7140663,16137296052353762183,0,1,1,58,2,25,2,3,2,79789,4784.58740234375,0,0,3
1767771714.7140663,16137296052353762183,0,2,19,2,13,0,0,4,3,84306,236.94192504882812,0,0,1
1767771714.7140663,16137296052353762183,0,3,8,58,1,4,2,3,2,81029,4831.4365234375,0,0,3
1767771714.7140663,16137296052353762183,0,4,7,58,12,6,2,3,2,80379,4829.19775390625,0,0,3
1767771714.7140663,16137296052353762183,0,5,12,58,8,0,2,3,2,81216,4857.998046875,0,0,3
1767771714.7140663,16137296052353762183,0,6,13,58,10,0,2,3,2,81244,4858.51025390625,0,0,3
1767771714.7140663,16137296052353762183,0,7,4,58,5,12,2,3,2,79829,4800.7900390625,0,0,3
1767771714.7140663,16137296052353762183,0,8,11,58,16,0,2,3,2,81058,4857.7373046875,0,0,3
1767771714.7140663,16137296052353762183,0,9,2,58,4,18,2,3,2,80084,4789.87158203125,0,0,3
1767771714.7140663,16137296052353762183,0,10,14,58,19,0,2,3,2,81334,4865.17431640625,0,0,3
1767771714.7140663,16137296052353762183,0,11,15,58,14,0,2,3,2,81371,4865.95361328125,0,0,3
1767771714.7140663,16137296052353762183,0,12,3,58,3,15,2,3,2,80300,4799.7841796875,0,0,3
1767771714.7140663,16137296052353762183,0,13,9,58,11,2,3,3,2,80304,4841.787109375,0,0,4
1767771714.7140663,16137296052353762183,0,14,6,58,7,8,2,3,2,80776,4828.75390625,0,0,3
1767771714.7140663,16137296052353762183,0,15,16,57,9,0,2,3,2,82328,4802.5205078125,0,0,3
1767771714.7140663,16137296052353762183,0,16,10,58,20,1,3,3,2,80828,4854.45361328125,0,0,4
1767771714.7140663,16137296052353762183,0,17,5,58,6,10,2,3,2,80548,4808.76904296875,0,0,3
1767771714.7140663,16137296052353762183,0,18,18,9,17,0,0,4,3,83068,788.0690307617188,0,0,1
1767771714.7140663,16137296052353762183,0,19,20,0,18,0,0,4,1,0,4964.653981829062,0,0,1
1767771714.7140663,16137296052353762183,0,20,0,0,0,0,0,0,0,0,0.0,0,0,0
1767771714.7140663,16137296052353762183,0,21,0,0,0,0,0,0,0,0,0.0,0,0,0
1767771719.7188525,16137296052353762183,0,0,17,33,15,0,1,4,3,82326,2862.583740234375,0,0,2
1767771719.7188525,16137296052353762183,0,1,1,58,2,25,2,3,2,79789,4784.58740234375,0,0,3
1767771719.7188525,16137296052353762183,0,2,19,2,13,0,0,4,3,84306,236.94192504882812,0,0,1
1767771719.7188525,16137296052353762183,0,3,8,58,1,4,2,3,2,81029,4831.4365234375,0,0,3
1767771719.7188525,16137296052353762183,0,4,7,58,12,6,2,3,2,80379,4829.19775390625,0,0,3
1767771719.7188525,16137296052353762183,0,5,12,58,8,0,2,3,2,81216,4857.998046875,0,0,3
1767771719.7188525,16137296052353762183,0,6,13,58,10,0,2,3,2,81244,4858.51025390625,0,0,3
1767771719.7188525,16137296052353762183,0,7,4,58,5,12,2,3,2,79829,4800.7900390625,0,0,3
1767771719.7188525,16137296052353762183,0,8,11,58,16,0,2,3,2,81058,4857.7373046875,0,0,3
1767771719.7188525,16137296052353762183,0,9,2,58,4,18,2,3,2,80084,4789.87158203125,0,0,3
1767771719.7188525,16137296052353762183,0,10,14,58,19,0,2,3,2,81334,4865.17431640625,0,0,3
1767771719.7188525,16137296052353762183,0,11,15,58,14,0,2,3,2,81371,4865.95361328125,0,0,3
1767771719.7188525,16137296052353762183,0,12,3,58,3,15,2,3,2,80300,4799.7841796875,0,0,3
1767771719.7188525,16137296052353762183,0,13,9,58,11,2,3,3,2,80304,4841.787109375,0,0,4
1767771719.7188525,16137296052353762183,0,14,6,58,7,8,2,3,2,80776,4828.75390625,0,0,3
1767771719.7188525,16137296052353762183,0,15,16,57,9,0,2,3,2,82328,4802.5205078125,0,0,3
1767771719.7188525,16137296052353762183,0,16,10,58,20,1,3,3,2,80828,4854.45361328125,0,0,4
1767771719.7188525,16137296052353762183,0,17,5,58,6,10,2,3,2,80548,4808.76904296875,0,0,3
1767771719.7188525,16137296052353762183,0,18,18,9,17,0,0,4,3,83068,788.0690307617188,0,0,1
1767771719.7188525,16137296052353762183,0,19,20,0,18,0,0,4,1,0,4964.653981829062,0,0,1
1767771719.7188525,16137296052353762183,0,20,0,0,0,0,0,0,0,0,0.0,0,0,0
1767771719.7188525,16137296052353762183,0,21,0,0,0,0,0,0,0,0,0.0,0,0,0
1767771724.7238197,16137296052353762183,0,0,17,33,15,0,1,4,3,82326,2862.583740234375,0,0,2
1767771724.7238197,16137296052353762183,0,1,1,58,2,25,2,3,2,79789,4784.58740234375,0,0,3
1767771724.7238197,16137296052353762183,0,2,19,2,13,0,0,4,3,84306,236.94192504882812,0,0,1
1767771724.7238197,16137296052353762183,0,3,8,58,1,4,2,3,2,81029,4831.4365234375,0,0,3
1767771724.7238197,16137296052353762183,0,4,7,58,12,6,2,3,2,80379,4829.19775390625,0,0,3
1767771724.7238197,16137296052353762183,0,5,12,58,8,0,2,3,2,81216,4857.998046875,0,0,3
1767771724.7238197,16137296052353762183,0,6,13,58,10,0,2,3,2,81244,4858.51025390625,0,0,3
1767771724.7238197,16137296052353762183,0,7,4,58,5,12,2,3,2,79829,4800.7900390625,0,0,3
1767771724.7238197,16137296052353762183,0,8,11,58,16,0,2,3,2,81058,4857.7373046875,0,0,3
1767771724.7238197,16137296052353762183,0,9,2,58,4,18,2,3,2,80084,4789.87158203125,0,0,3
1767771724.7238197,16137296052353762183,0,10,14,58,19,0,2,3,2,81334,4865.17431640625,0,0,3
1767771724.7238197,16137296052353762183,0,11,15,58,14,0,2,3,2,81371,4865.95361328125,0,0,3
1767771724.7238197,16137296052353762183,0,12,3,58,3,15,2,3,2,80300,4799.7841796875,0,0,3
1767771724.7238197,16137296052353762183,0,13,9,58,11,2,3,3,2,80304,4841.787109375,0,0,4
1767771724.7238197,16137296052353762183,0,14,6,58,7,8,2,3,2,80776,4828.75390625,0,0,3
1767771724.7238197,16137296052353762183,0,15,16,57,9,0,2,3,2,82328,4802.5205078125,0,0,3
1767771724.7238197,16137296052353762183,0,16,10,58,20,1,3,3,2,80828,4854.45361328125,0,0,4
1767771724.7238197,16137296052353762183,0,17,5,58,6,10,2,3,2,80548,4808.76904296875,0,0,3
1767771724.7238197,16137296052353762183,0,18,18,9,17,0,0,4,3,83068,788.0690307617188,0,0,1
1767771724.7238197,16137296052353762183,0,19,20,0,18,0,0,4,1,0,4964.653981829062,0,0,1
1767771724.7238197,16137296052353762183,0,20,0,0,0,0,0,0,0,0,0.0,0,0,0
1767771724.7238197,16137296052353762183,0,21,0,0,0,0,0,0,0,0,0.0,0,0,0
1767771729.7275898,16137296052353762183,0,0,17,33,15,0,1,4,3,82326,2862.583740234375,0,0,2
1767771729.7275898,16137296052353762183,0,1,1,58,2,25,2,3,2,79789,4784.58740234375,0,0,3
1767771729.7275898,16137296052353762183,0,2,19,2,13,0,0,4,3,84306,236.94192504882812,0,0,1
1767771729.7275898,16137296052353762183,0,3,8,58,1,4,2,3,2,81029,4831.4365234375,0,0,3
1767771729.7275898,16137296052353762183,0,4,7,58,12,6,2,3,2,80379,4829.19775390625,0,0,3
1767771729.7275898,16137296052353762183,0,5,12,58,8,0,2,3,2,81216,4857.998046875,0,0,3
1767771729.7275898,16137296052353762183,0,6,13,58,10,0,2,3,2,81244,4858.51025390625,0,0,3
1767771729.7275898,16137296052353762183,0,7,4,58,5,12,2,3,2,79829,4800.7900390625,0,0,3
1767771729.7275898,16137296052353762183,0,8,11,58,16,0,2,3,2,81058,4857.7373046875,0,0,3
1767771729.7275898,16137296052353762183,0,9,2,58,4,18,2,3,2,80084,4789.87158203125,0,0,3
1767771729.7275898,16137296052353762183,0,10,14,58,19,0,2,3,2,81334,4865.17431640625,0,0,3
1767771729.7275898,16137296052353762183,0,11,15,58,14,0,2,3,2,81371,4865.95361328125,0,0,3
1767771729.7275898,16137296052353762183,0,12,3,58,3,15,2,3,2,80300,4799.7841796875,0,0,3
1767771729.7275898,16137296052353762183,0,13,9,58,11,2,3,3,2,80304,4841.787109375,0,0,4
1767771729.7275898,16137296052353762183,0,14,6,58,7,8,2,3,2,80776,4828.75390625,0,0,3
1767771729.7275898,16137296052353762183,0,15,16,57,9,0,2,3,2,82328,4802.5205078125,0,0,3
1767771729.7275898,16137296052353762183,0,16,10,58,20,1,3,3,2,80828,4854.45361328125,0,0,4
1767771729.7275898,16137296052353762183,0,17,5,58,6,10,2,3,2,80548,4808.76904296875,0,0,3
1767771729.7275898,16137296052353762183,0,18,18,9,17,0,0,4,3,83068,788.0690307617188,0,0,1
1767771729.7275898,16137296052353762183,0,19,20,0,18,0,0,4,1,0,4964.653981829062,0,0,1
1767771729.7275898,16137296052353762183,0,20,0,0,0,0,0,0,0,0,0.0,0,0,0
1767771729.7275898,16137296052353762183,0,21,0,0,0,0,0,0,0,0,0.0,0,0,0
1767771734.7334971,16137296052353762183,0,0,17,33,15,0,1,4,3,82326,2862.583740234375,0,0,2
1767771734.7334971,16137296052353762183,0,1,1,58,2,25,2,3,2,79789,4784.58740234375,0,0,3
1767771734.7334971,16137296052353762183,0,2,19,2,13,0,0,4,3,84306,236.94192504882812,0,0,1
1767771734.7334971,16137296052353762183,0,3,8,58,1,4,2,3,2,81029,4831.4365234375,0,0,3
1767771734.7334971,16137296052353762183,0,4,7,58,12,6,2,3,2,80379,4829.19775390625,0,0,3
1767771734.7334971,16137296052353762183,0,5,12,58,8,0,2,3,2,81216,4857.998046875,0,0,3
1767771734.7334971,16137296052353762183,0,6,13,58,10,0,2,3,2,81244,4858.51025390625,0,0,3
1767771734.7334971,16137296052353762183,0,7,4,58,5,12,2,3,2,79829,4800.7900390625,0,0,3
1767771734.7334971,16137296052353762183,0,8,11,58,16,0,2,3,2,81058,4857.7373046875,0,0,3
1767771734.7334971,16137296052353762183,0,9,2,58,4,18,2,3,2,80084,4789.87158203125,0,0,3
1767771734.7334971,16137296052353762183,0,10,14,58,19,0,2,3,2,81334,4865.17431640625,0,0,3
1767771734.7334971,16137296052353762183,0,11,15,58,14,0,2,3,2,81371,4865.95361328125,0,0,3
1767771734.7334971,16137296052353762183,0,12,3,58,3,15,2,3,2,80300,4799.7841796875,0,0,3
1767771734.7334971,16137296052353762183,0,13,9,58,11,2,3,3,2,80304,4841.787109375,0,0,4
1767771734.7334971,16137296052353762183,0,14,6,58,7,8,2,3,2,80776,4828.75390625,0,0,3
1767771734.7334971,16137296052353762183,0,15,16,57,9,0,2,3,2,82328,4802.5205078125,0,0,3
1767771734.7334971,16137296052353762183,0,16,10,58,20,1,3,3,2,80828,4854.45361328125,0,0,4
1767771734.7334971,16137296052353762183,0,17,5,58,6,10,2,3,2,80548,4808.76904296875,0,0,3
1767771734.7334971,16137296052353762183,0,18,18,9,17,0,0,4,3,83068,788.0690307617188,0,0,1
1767771734.7334971,16137296052353762183,0,19,20,0,18,0,0,4,1,0,4964.653981829062,0,0,1
1767771734.7334971,16137296052353762183,0,20,0,0,0,0,0,0,0,0,0.0,0,0,0
1767771734.7334971,16137296052353762183,0,21,0,0,0,0,0,0,0,0,0.0,0,0,0
1767771739.743426,16137296052353762183,0,0,17,33,15,0,1,4,3,82326,2862.583740234375,0,0,2
1767771739.743426,16137296052353762183,0,1,1,58,2,25,2,3,2,79789,4784.58740234375,0,0,3
1767771739.743426,16137296052353762183,0,2,19,2,13,0,0,4,3,84306,236.94192504882812,0,0,1
1767771739.743426,16137296052353762183,0,3,8,58,1,4,2,3,2,81029,4831.4365234375,0,0,3
1767771739.743426,16137296052353762183,0,4,7,58,12,6,2,3,2,80379,4829.19775390625,0,0,3
1767771739.743426,16137296052353762183,0,5,12,58,8,0,2,3,2,81216,4857.998046875,0,0,3
1767771739.743426,16137296052353762183,0,6,13,58,10,0,2,3,2,81244,4858.51025390625,0,0,3
1767771739.743426,16137296052353762183,0,7,4,58,5,12,2,3,2,79829,4800.7900390625,0,0,3
1767771739.743426,16137296052353762183,0,8,11,58,16,0,2,3,2,81058,4857.7373046875,0,0,3
1767771739.743426,16137296052353762183,0,9,2,58,4,18,2,3,2,80084,4789.87158203125,0,0,3
1767771739.743426,16137296052353762183,0,10,14,58,19,0,2,3,2,81334,4865.17431640625,0,0,3
1767771739.743426,16137296052353762183,0,11,15,58,14,0,2,3,2,81371,4865.95361328125,0,0,3
1767771739.743426,16137296052353762183,0,12,3,58,3,15,2,3,2,80300,4799.7841796875,0,0,3
1767771739.743426,16137296052353762183,0,13,9,58,11,2,3,3,2,80304,4841.787109375,0,0,4
1767771739.743426,16137296052353762183,0,14,6,58,7,8,2,3,2,80776,4828.75390625,0,0,3
1767771739.743426,16137296052353762183,0,15,16,57,9,0,2,3,2,82328,4802.5205078125,0,0,3
1767771739.743426,16137296052353762183,0,16,10,58,20,1,3,3,2,80828,4854.45361328125,0,0,4
1767771739.743426,16137296052353762183,0,17,5,58,6,10,2,3,2,80548,4808.76904296875,0,0,3
1767771739.743426,16137296052353762183,0,18,18,9,17,0,0,4,3,83068,788.0690307617188,0,0,1
1767771739.743426,16137296052353762183,0,19,20,0,18,0,0,4,1,0,4964.653981829062,0,0,1
1767771739.743426,16137296052353762183,0,20,0,0,0,0,0,0,0,0,0.0,0,0,0
1767771739.743426,16137296052353762183,0,21,0,0,0,0,0,0,0,0,0.0,0,0,0
1767771744.762451,16137296052353762183,0,0,17,33,15,0,1,4,3,82326,2862.583740234375,0,0,2
1767771744.762451,16137296052353762183,0,1,1,58,2,25,2,3,2,79789,4784.58740234375,0,0,3
1767771744.762451,16137296052353762183,0,2,19,2,13,0,0,4,3,84306,236.94192504882812,0,0,1
1767771744.762451,16137296052353762183,0,3,8,58,1,4,2,3,2,81029,4831.4365234375,0,0,3
1767771744.762451,16137296052353762183,0,4,7,58,12,6,2,3,2,80379,4829.19775390625,0,0,3
1767771744.762451,16137296052353762183,0,5,12,58,8,0,2,3,2,81216,4857.998046875,0,0,3
1767771744.762451,16137296052353762183,0,6,13,58,10,0,2,3,2,81244,4858.51025390625,0,0,3
1767771744.762451,16137296052353762183,0,7,4,58,5,12,2,3,2,79829,4800.7900390625,0,0,3
1767771744.762451,16137296052353762183,0,8,11,58,16,0,2,3,2,81058,4857.7373046875,0,0,3
1767771744.762451,16137296052353762183,0,9,2,58,4,18,2,3,2,80084,4789.87158203125,0,0,3
1767771744.762451,16137296052353762183,0,10,14,58,19,0,2,3,2,81334,4865.17431640625,0,0,3
1767771744.762451,16137296052353762183,0,11,15,58,14,0,2,3,2,81371,4865.95361328125,0,0,3
1767771744.762451,16137296052353762183,0,12,3,58,3,15,2,3,2,80300,4799.7841796875,0,0,3
1767771744.762451,16137296052353762183,0,13,9,58,11,2,3,3,2,80304,4841.787109375,0,0,4
1767771744.762451,16137296052353762183,0,14,6,58,7,8,2,3,2,80776,4828.75390625,0,0,3
1767771744.762451,16137296052353762183,0,15,16,57,9,0,2,3,2,82328,4802.5205078125,0,0,3
1767771744.762451,16137296052353762183,0,16,10,58,20,1,3,3,2,80828,4854.45361328125,0,0,4
1767771744.762451,16137296052353762183,0,17,5,58,6,10,2,3,2,80548,4808.76904296875,0,0,3
1767771744.762451,16137296052353762183,0,18,18,9,17,0,0,4,3,83068,788.0690307617188,0,0,1
1767771744.762451,16137296052353762183,0,19,20,0,18,0,0,4,1,0,4964.653981829062,0,0,1
1767771744.762451,16137296052353762183,0,20,0,0,0,0,0,0,0,0,0.0,0,0,0
1767771744.762451,16137296052353762183,0,21,0,0,0,0,0,0,0,0,0.0,0,0,0
1767771749.7733686,16137296052353762183,0,0,17,33,15,0,1,4,3,82326,2862.583740234375,0,0,2
1767771749.7733686,16137296052353762183,0,1,1,58,2,25,2,3,2,79789,4784.58740234375,0,0,3
1767771749.7733686,16137296052353762183,0,2,19,2,13,0,0,4,3,84306,236.94192504882812,0,0,1
1767771749.7733686,16137296052353762183,0,3,8,58,1,4,2,3,2,81029,4831.4365234375,0,0,3
1767771749.7733686,16137296052353762183,0,4,7,58,12,6,2,3,2,80379,4829.19775390625,0,0,3
1767771749.7733686,16137296052353762183,0,5,12,58,8,0,2,3,2,81216,4857.998046875,0,0,3
1767771749.7733686,16137296052353762183,0,6,13,58,10,0,2,3,2,81244,4858.51025390625,0,0,3
1767771749.7733686,16137296052353762183,0,7,4,58,5,12,2,3,2,79829,4800.7900390625,0,0,3
1767771749.7733686,16137296052353762183,0,8,11,58,16,0,2,3,2,81058,4857.7373046875,0,0,3
1767771749.7733686,16137296052353762183,0,9,2,58,4,18,2,3,2,80084,4789.87158203125,0,0,3
1767771749.7733686,16137296052353762183,0,10,14,58,19,0,2,3,2,81334,4865.17431640625,0,0,3
1767771749.7733686,16137296052353762183,0,11,15,58,14,0,2,3,2,81371,4865.95361328125,0,0,3
1767771749.7733686,16137296052353762183,0,12,3,58,3,15,2,3,2,80300,4799.7841796875,0,0,3
1767771749.7733686,16137296052353762183,0,13,9,58,11,2,3,3,2,80304,4841.787109375,0,0,4
1767771749.7733686,16137296052353762183,0,14,6,58,7,8,2,3,2,80776,4828.75390625,0,0,3
1767771749.7733686,16137296052353762183,0,15,16,57,9,0,2,3,2,82328,4802.5205078125,0,0,3
1767771749.7733686,16137296052353762183,0,16,10,58,20,1,3,3,2,80828,4854.45361328125,0,0,4
1767771749.7733686,16137296052353762183,0,17,5,58,6,10,2,3,2,80548,4808.76904296875,0,0,3
1767771749.7733686,16137296052353762183,0,18,18,9,17,0,0,4,3,83068,788.0690307617188,0,0,1
1767771749.7733686,16137296052353762183,0,19,20,0,18,0,0,4,1,0,4964.653981829062,0,0,1
1767771749.7733686,16137296052353762183,0,20,0,0,0,0,0,0,0,0,0.0,0,0,0
1767771749.7733686,16137296052353762183,0,21,0,0,0,0,0,0,0,0,0.0,0,0,0
1767771754.778118,16137296052353762183,0,0,17,33,15,0,1,4,3,82326,2862.583740234375,0,0,2
1767771754.778118,16137296052353762183,0,1,1,58,2,25,2,3,2,79789,4784.58740234375,0,0,3
1767771754.778118,16137296052353762183,0,2,19,2,13,0,0,4,3,84306,236.94192504882812,0,0,1
1767771754.778118,16137296052353762183,0,3,8,58,1,4,2,3,2,81029,4831.4365234375,0,0,3
1767771754.778118,16137296052353762183,0,4,7,58,12,6,2,3,2,80379,4829.19775390625,0,0,3
1767771754.778118,16137296052353762183,0,5,12,58,8,0,2,3,2,81216,4857.998046875,0,0,3
1767771754.778118,16137296052353762183,0,6,13,58,10,0,2,3,2,81244,4858.51025390625,0,0,3
1767771754.778118,16137296052353762183,0,7,4,58,5,12,2,3,2,79829,4800.7900390625,0,0,3
1767771754.778118,16137296052353762183,0,8,11,58,16,0,2,3,2,81058,4857.7373046875,0,0,3
1767771754.778118,16137296052353762183,0,9,2,58,4,18,2,3,2,80084,4789.87158203125,0,0,3
1767771754.778118,16137296052353762183,0,10,14,58,19,0,2,3,2,81334,4865.17431640625,0,0,3
1767771754.778118,16137296052353762183,0,11,15,58,14,0,2,3,2,81371,4865.95361328125,0,0,3
1767771754.778118,16137296052353762183,0,12,3,58,3,15,2,3,2,80300,4799.7841796875,0,0,3
1767771754.778118,16137296052353762183,0,13,9,58,11,2,3,3,2,80304,4841.787109375,0,0,4
1767771754.778118,16137296052353762183,0,14,6,58,7,8,2,3,2,80776,4828.75390625,0,0,3
1767771754.778118,16137296052353762183,0,15,16,57,9,0,2,3,2,82328,4802.5205078125,0,0,3
1767771754.778118,16137296052353762183,0,16,10,58,20,1,3,3,2,80828,4854.45361328125,0,0,4
1767771754.778118,16137296052353762183,0,17,5,58,6,10,2,3,2,80548,4808.76904296875,0,0,3
1767771754.778118,16137296052353762183,0,18,18,9,17,0,0,4,3,83068,788.0690307617188,0,0,1
1767771754.778118,16137296052353762183,0,19,20,0,18,0,0,4,1,0,4964.653981829062,0,0,1
1767771754.778118,16137296052353762183,0,20,0,0,0,0,0,0,0,0,0.0,0,0,0
1767771754.778118,16137296052353762183,0,21,0,0,0,0,0,0,0,0,0.0,0,0,0
1767771759.7853427,16137296052353762183,0,0,17,33,15,0,1,4,3,82326,2862.583740234375,0,0,2
1767771759.7853427,16137296052353762183,0,1,1,58,2,25,2,3,2,79789,4784.58740234375,0,0,3
1767771759.7853427,16137296052353762183,0,2,19,2,13,0,0,4,3,84306,236.94192504882812,0,0,1
1767771759.7853427,16137296052353762183,0,3,8,58,1,4,2,3,2,81029,4831.4365234375,0,0,3
1767771759.7853427,16137296052353762183,0,4,7,58,12,6,2,3,2,80379,4829.19775390625,0,0,3
1767771759.7853427,16137296052353762183,0,5,12,58,8,0,2,3,2,81216,4857.998046875,0,0,3
1767771759.7853427,16137296052353762183,0,6,13,58,10,0,2,3,2,81244,4858.51025390625,0,0,3
1767771759.7853427,16137296052353762183,0,7,4,58,5,12,2,3,2,79829,4800.7900390625,0,0,3
1767771759.7853427,16137296052353762183,0,8,11,58,16,0,2,3,2,81058,4857.7373046875,0,0,3
1767771759.7853427,16137296052353762183,0,9,2,58,4,18,2,3,2,80084,4789.87158203125,0,0,3
1767771759.7853427,16137296052353762183,0,10,14,58,19,0,2,3,2,81334,4865.17431640625,0,0,3
1767771759.7853427,16137296052353762183,0,11,15,58,14,0,2,3,2,81371,4865.95361328125,0,0,3
1767771759.7853427,16137296052353762183,0,12,3,58,3,15,2,3,2,80300,4799.7841796875,0,0,3
1767771759.7853427,16137296052353762183,0,13,9,58,11,2,3,3,2,80304,4841.787109375,0,0,4
1767771759.7853427,16137296052353762183,0,14,6,58,7,8,2,3,2,80776,4828.75390625,0,0,3
1767771759.7853427,16137296052353762183,0,15,16,57,9,0,2,3,2,82328,4802.5205078125,0,0,3
1767771759.7853427,16137296052353762183,0,16,10,58,20,1,3,3,2,80828,4854.45361328125,0,0,4
1767771759.7853427,16137296052353762183,0,17,5,58,6,10,2,3,2,80548,4808.76904296875,0,0,3
1767771759.7853427,16137296052353762183,0,18,18,9,17,0,0,4,3,83068,788.0690307617188,0,0,1
1767771759.7853427,16137296052353762183,0,19,20,0,18,0,0,4,1,0,4964.653981829062,0,0,1
1767771759.7853427,16137296052353762183,0,20,0,0,0,0,0,0,0,0,0.0,0,0,0
1767771759.7853427,16137296052353762183,0,21,0,0,0,0,0,0,0,0,0.0,0,0,0
1767771764.7882276,16137296052353762183,0,0,17,33,15,0,1,4,3,82326,2862.583740234375,0,0,2
1767771764.7882276,16137296052353762183,0,1,1,58,2,25,2,3,2,79789,4784.58740234375,0,0,3
1767771764.7882276,16137296052353762183,0,2,19,2,13,0,0,4,3,84306,236.94192504882812,0,0,1
1767771764.7882276,16137296052353762183,0,3,8,58,1,4,2,3,2,81029,4831.4365234375,0,0,3
1767771764.7882276,16137296052353762183,0,4,7,58,12,6,2,3,2,80379,4829.19775390625,0,0,3
1767771764.7882276,16137296052353762183,0,5,12,58,8,0,2,3,2,81216,4857.998046875,0,0,3
1767771764.7882276,16137296052353762183,0,6,13,58,10,0,2,3,2,81244,4858.51025390625,0,0,3
1767771764.7882276,16137296052353762183,0,7,4,58,5,12,2,3,2,79829,4800.7900390625,0,0,3
1767771764.7882276,16137296052353762183,0,8,11,58,16,0,2,3,2,81058,4857.7373046875,0,0,3
1767771764.7882276,16137296052353762183,0,9,2,58,4,18,2,3,2,80084,4789.87158203125,0,0,3
1767771764.7882276,16137296052353762183,0,10,14,58,19,0,2,3,2,81334,4865.17431640625,0,0,3
1767771764.7882276,16137296052353762183,0,11,15,58,14,0,2,3,2,81371,4865.95361328125,0,0,3
1767771764.7882276,16137296052353762183,0,12,3,58,3,15,2,3,2,80300,4799.7841796875,0,0,3
1767771764.7882276,16137296052353762183,0,13,9,58,11,2,3,3,2,80304,4841.787109375,0,0,4
1767771764.7882276,16137296052353762183,0,14,6,58,7,8,2,3,2,80776,4828.75390625,0,0,3
1767771764.7882276,16137296052353762183,0,15,16,57,9,0,2,3,2,82328,4802.5205078125,0,0,3
1767771764.7882276,16137296052353762183,0,16,10,58,20,1,3,3,2,80828,4854.45361328125,0,0,4
1767771764.7882276,16137296052353762183,0,17,5,58,6,10,2,3,2,80548,4808.76904296875,0,0,3
1767771764.7882276,16137296052353762183,0,18,18,9,17,0,0,4,3,83068,788.0690307617188,0,0,1
1767771764.7882276,16137296052353762183,0,19,20,0,18,0,0,4,1,0,4964.653981829062,0,0,1
1767771764.7882276,16137296052353762183,0,20,0,0,0,0,0,0,0,0,0.0,0,0,0
1767771764.7882276,16137296052353762183,0,21,0,0,0,0,0,0,0,0,0.0,0,0,0
1767771769.7902863,16137296052353762183,0,0,17,33,15,0,1,4,3,82326,2862.583740234375,0,0,2
1767771769.7902863,16137296052353762183,0,1,1,58,2,25,2,3,2,79789,4784.58740234375,0,0,3
1767771769.7902863,16137296052353762183,0,2,19,2,13,0,0,4,3,84306,236.94192504882812,0,0,1
1767771769.7902863,16137296052353762183,0,3,8,58,1,4,2,3,2,81029,4831.4365234375,0,0,3
1767771769.7902863,16137296052353762183,0,4,7,58,12,6,2,3,2,80379,4829.19775390625,0,0,3
1767771769.7902863,16137296052353762183,0,5,12,58,8,0,2,3,2,81216,4857.998046875,0,0,3
1767771769.7902863,16137296052353762183,0,6,13,58,10,0,2,3,2,81244,4858.51025390625,0,0,3
1767771769.7902863,16137296052353762183,0,7,4,58,5,12,2,3,2,79829,4800.7900390625,0,0,3
1767771769.7902863,16137296052353762183,0,8,11,58,16,0,2,3,2,81058,4857.7373046875,0,0,3
1767771769.7902863,16137296052353762183,0,9,2,58,4,18,2,3,2,80084,4789.87158203125,0,0,3
1767771769.7902863,16137296052353762183,0,10,14,58,19,0,2,3,2,81334,4865.17431640625,0,0,3
1767771769.7902863,16137296052353762183,0,11,15,58,14,0,2,3,2,81371,4865.95361328125,0,0,3
1767771769.7902863,16137296052353762183,0,12,3,58,3,15,2,3,2,80300,4799.7841796875,0,0,3
1767771769.7902863,16137296052353762183,0,13,9,58,11,2,3,3,2,80304,4841.787109375,0,0,4
1767771769.7902863,16137296052353762183,0,14,6,58,7,8,2,3,2,80776,4828.75390625,0,0,3
1767771769.7902863,16137296052353762183,0,15,16,57,9,0,2,3,2,82328,4802.5205078125,0,0,3
1767771769.7902863,16137296052353762183,0,16,10,58,20,1,3,3,2,80828,4854.45361328125,0,0,4
1767771769.7902863,16137296052353762183,0,17,5,58,6,10,2,3,2,80548,4808.76904296875,0,0,3
1767771769.7902863,16137296052353762183,0,18,18,9,17,0,0,4,3,83068,788.0690307617188,0,0,1
1767771769.7902863,16137296052353762183,0,19,20,0,18,0,0,4,1,0,4964.653981829062,0,0,1
1767771769.7902863,16137296052353762183,0,20,0,0,0,0,0,0,0,0,0.0,0,0,0
1767771769.7902863,16137296052353762183,0,21,0,0,0,0,0,0,0,0,0.0,0,0,0
1767771774.7917132,16137296052353762183,0,0,17,33,15,0,1,4,3,82326,2862.583740234375,0,0,2
1767771774.7917132,16137296052353762183,0,1,1,58,2,25,2,3,2,79789,4784.58740234375,0,0,3
1767771774.7917132,16137296052353762183,0,2,19,2,13,0,0,4,3,84306,236.94192504882812,0,0,1
1767771774.7917132,16137296052353762183,0,3,8,58,1,4,2,3,2,81029,4831.4365234375,0,0,3
1767771774.7917132,16137296052353762183,0,4,7,58,12,6,2,3,2,80379,4829.19775390625,0,0,3
1767771774.7917132,16137296052353762183,0,5,12,58,8,0,2,3,2,81216,4857.998046875,0,0,3
1767771774.7917132,16137296052353762183,0,6,13,58,10,0,2,3,2,81244,4858.51025390625,0,0,3
1767771774.7917132,16137296052353762183,0,7,4,58,5,12,2,3,2,79829,4800.7900390625,0,0,3
1767771774.7917132,16137296052353762183,0,8,11,58,16,0,2,3,2,81058,4857.7373046875,0,0,3
1767771774.7917132,16137296052353762183,0,9,2,58,4,18,2,3,2,80084,4789.87158203125,0,0,3
1767771774.7917132,16137296052353762183,0,10,14,58,19,0,2,3,2,81334,4865.17431640625,0,0,3
1767771774.7917132,16137296052353762183,0,11,15,58,14,0,2,3,2,81371,4865.95361328125,0,0,3
1767771774.7917132,16137296052353762183,0,12,3,58,3,15,2,3,2,80300,4799.7841796875,0,0,3
1767771774.7917132,16137296052353762183,0,13,9,58,11,2,3,3,2,80304,4841.787109375,0,0,4
1767771774.7917132,16137296052353762183,0,14,6,58,7,8,2,3,2,80776,4828.75390625,0,0,3
1767771774.7917132,16137296052353762183,0,15,16,57,9,0,2,3,2,82328,4802.5205078125,0,0,3
1767771774.7917132,16137296052353762183,0,16,10,58,20,1,3,3,2,80828,4854.45361328125,0,0,4
1767771774.7917132,16137296052353762183,0,17,5,58,6,10,2,3,2,80548,4808.76904296875,0,0,3
1767771774.7917132,16137296052353762183,0,18,18,9,17,0,0,4,3,83068,788.0690307617188,0,0,1
1767771774.7917132,16137296052353762183,0,19,20,0,18,0,0,4,1,0,4964.653981829062,0,0,1
1767771774.7917132,16137296052353762183,0,20,0,0,0,0,0,0,0,0,0.0,0,0,0
1767771774.7917132,16137296052353762183,0,21,0,0,0,0,0,0,0,0,0.0,0,0,0
1767771779.7954087,16137296052353762183,0,0,17,33,15,0,1,4,3,82326,2862.583740234375,0,0,2
1767771779.7954087,16137296052353762183,0,1,1,58,2,25,2,3,2,79789,4784.58740234375,0,0,3
1767771779.7954087,16137296052353762183,0,2,19,2,13,0,0,4,3,84306,236.94192504882812,0,0,1
1767771779.7954087,16137296052353762183,0,3,8,58,1,4,2,3,2,81029,4831.4365234375,0,0,3
1767771779.7954087,16137296052353762183,0,4,7,58,12,6,2,3,2,80379,4829.19775390625,0,0,3
1767771779.7954087,16137296052353762183,0,5,12,58,8,0,2,3,2,81216,4857.998046875,0,0,3
1767771779.7954087,16137296052353762183,0,6,13,58,10,0,2,3,2,81244,4858.51025390625,0,0,3
1767771779.7954087,16137296052353762183,0,7,4,58,5,12,2,3,2,79829,4800.7900390625,0,0,3
1767771779.7954087,16137296052353762183,0,8,11,58,16,0,2,3,2,81058,4857.7373046875,0,0,3
1767771779.7954087,16137296052353762183,0,9,2,58,4,18,2,3,2,80084,4789.87158203125,0,0,3
1767771779.7954087,16137296052353762183,0,10,14,58,19,0,2,3,2,81334,4865.17431640625,0,0,3
1767771779.7954087,16137296052353762183,0,11,15,58,14,0,2,3,2,81371,4865.95361328125,0,0,3
1767771779.7954087,16137296052353762183,0,12,3,58,3,15,2,3,2,80300,4799.7841796875,0,0,3
1767771779.7954087,16137296052353762183,0,13,9,58,11,2,3,3,2,80304,4841.787109375,0,0,4
1767771779.7954087,16137296052353762183,0,14,6,58,7,8,2,3,2,80776,4828.75390625,0,0,3
1767771779.7954087,16137296052353762183,0,15,16,57,9,0,2,3,2,82328,4802.5205078125,0,0,3
1767771779.7954087,16137296052353762183,0,16,10,58,20,1,3,3,2,80828,4854.45361328125,0,0,4
1767771779.7954087,16137296052353762183,0,17,5,58,6,10,2,3,2,80548,4808.76904296875,0,0,3
1767771779.7954087,16137296052353762183,0,18,18,9,17,0,0,4,3,83068,788.0690307617188,0,0,1
1767771779.7954087,16137296052353762183,0,19,20,0,18,0,0,4,1,0,4964.653981829062,0,0,1
1767771779.7954087,16137296052353762183,0,20,0,0,0,0,0,0,0,0,0.0,0,0,0
1767771779.7954087,16137296052353762183,0,21,0,0,0,0,0,0,0,0,0.0,0,0,0
1767771784.8034809,16137296052353762183,0,0,17,33,15,0,1,4,3,82326,2862.583740234375,0,0,2
1767771784.8034809,16137296052353762183,0,1,1,58,2,25,2,3,2,79789,4784.58740234375,0,0,3
1767771784.8034809,16137296052353762183,0,2,19,2,13,0,0,4,3,84306,236.94192504882812,0,0,1
1767771784.8034809,16137296052353762183,0,3,8,58,1,4,2,3,2,81029,4831.4365234375,0,0,3
1767771784.8034809,16137296052353762183,0,4,7,58,12,6,2,3,2,80379,4829.19775390625,0,0,3
1767771784.8034809,16137296052353762183,0,5,12,58,8,0,2,3,2,81216,4857.998046875,0,0,3
1767771784.8034809,16137296052353762183,0,6,13,58,10,0,2,3,2,81244,4858.51025390625,0,0,3
1767771784.8034809,16137296052353762183,0,7,4,58,5,12,2,3,2,79829,4800.7900390625,0,0,3
1767771784.8034809,16137296052353762183,0,8,11,58,16,0,2,3,2,81058,4857.7373046875,0,0,3
1767771784.8034809,16137296052353762183,0,9,2,58,4,18,2,3,2,80084,4789.87158203125,0,0,3
1767771784.8034809,16137296052353762183,0,10,14,58,19,0,2,3,2,81334,4865.17431640625,0,0,3
1767771784.8034809,16137296052353762183,0,11,15,58,14,0,2,3,2,81371,4865.95361328125,0,0,3
1767771784.8034809,16137296052353762183,0,12,3,58,3,15,2,3,2,80300,4799.7841796875,0,0,3
1767771784.8034809,16137296052353762183,0,13,9,58,11,2,3,3,2,80304,4841.787109375,0,0,4
1767771784.8034809,16137296052353762183,0,14,6,58,7,8,2,3,2,80776,4828.75390625,0,0,3
1767771784.8034809,16137296052353762183,0,15,16,57,9,0,2,3,2,82328,4802.5205078125,0,0,3
1767771784.8034809,16137296052353762183,0,16,10,58,20,1,3,3,2,80828,4854.45361328125,0,0,4
1767771784.8034809,16137296052353762183,0,17,5,58,6,10,2,3,2,80548,4808.76904296875,0,0,3
1767771784.8034809,16137296052353762183,0,18,18,9,17,0,0,4,3,83068,788.0690307617188,0,0,1
1767771784.8034809,16137296052353762183,0,19,20,0,18,0,0,4,1,0,4964.653981829062,0,0,1
1767771784.8034809,16137296052353762183,0,20,0,0,0,0,0,0,0,0,0.0,0,0,0
1767771784.8034809,16137296052353762183,0,21,0,0,0,0,0,0,0,0,0.0,0,0,0
1767771789.824346,16137296052353762183,0,0,17,33,15,0,1,4,3,82326,2862.583740234375,0,0,2
1767771789.824346,16137296052353762183,0,1,1,58,2,25,2,3,2,79789,4784.58740234375,0,0,3
1767771789.824346,16137296052353762183,0,2,19,2,13,0,0,4,3,84306,236.94192504882812,0,0,1
1767771789.824346,16137296052353762183,0,3,8,58,1,4,2,3,2,81029,4831.4365234375,0,0,3
1767771789.824346,16137296052353762183,0,4,7,58,12,6,2,3,2,80379,4829.19775390625,0,0,3
1767771789.824346,16137296052353762183,0,5,12,58,8,0,2,3,2,81216,4857.998046875,0,0,3
1767771789.824346,16137296052353762183,0,6,13,58,10,0,2,3,2,81244,4858.51025390625,0,0,3
1767771789.824346,16137296052353762183,0,7,4,58,5,12,2,3,2,79829,4800.7900390625,0,0,3
1767771789.824346,16137296052353762183,0,8,11,58,16,0,2,3,2,81058,4857.7373046875,0,0,3
1767771789.824346,16137296052353762183,0,9,2,58,4,18,2,3,2,80084,4789.87158203125,0,0,3
1767771789.824346,16137296052353762183,0,10,14,58,19,0,2,3,2,81334,4865.17431640625,0,0,3
1767771789.824346,16137296052353762183,0,11,15,58,14,0,2,3,2,81371,4865.95361328125,0,0,3
1767771789.824346,16137296052353762183,0,12,3,58,3,15,2,3,2,80300,4799.7841796875,0,0,3
1767771789.824346,16137296052353762183,0,13,9,58,11,2,3,3,2,80304,4841.787109375,0,0,4
1767771789.824346,16137296052353762183,0,14,6,58,7,8,2,3,2,80776,4828.75390625,0,0,3
1767771789.824346,16137296052353762183,0,15,16,57,9,0,2,3,2,82328,4802.5205078125,0,0,3
1767771789.824346,16137296052353762183,0,16,10,58,20,1,3,3,2,80828,4854.45361328125,0,0,4
1767771789.824346,16137296052353762183,0,17,5,58,6,10,2,3,2,80548,4808.76904296875,0,0,3
1767771789.824346,16137296052353762183,0,18,18,9,17,0,0,4,3,83068,788.0690307617188,0,0,1
1767771789.824346,16137296052353762183,0,19,20,0,18,0,0,4,1,0,4964.653981829062,0,0,1
1767771789.824346,16137296052353762183,0,20,0,0,0,0,0,0,0,0,0.0,0,0,0
1767771789.824346,16137296052353762183,0,21,0,0,0,0,0,0,0,0,0.0,0,0,0
1767771794.8473928,16137296052353762183,0,0,17,33,15,0,1,4,3,82326,2862.583740234375,0,0,2
1767771794.8473928,16137296052353762183,0,1,1,58,2,25,2,3,2,79789,4784.58740234375,0,0,3
1767771794.8473928,16137296052353762183,0,2,19,2,13,0,0,4,3,84306,236.94192504882812,0,0,1
1767771794.8473928,16137296052353762183,0,3,8,58,1,4,2,3,2,81029,4831.4365234375,0,0,3
1767771794.8473928,16137296052353762183,0,4,7,58,12,6,2,3,2,80379,4829.19775390625,0,0,3
1767771794.8473928,16137296052353762183,0,5,12,58,8,0,2,3,2,81216,4857.998046875,0,0,3
1767771794.8473928,16137296052353762183,0,6,13,58,10,0,2,3,2,81244,4858.51025390625,0,0,3
1767771794.8473928,16137296052353762183,0,7,4,58,5,12,2,3,2,79829,4800.7900390625,0,0,3
1767771794.8473928,16137296052353762183,0,8,11,58,16,0,2,3,2,81058,4857.7373046875,0,0,3
1767771794.8473928,16137296052353762183,0,9,2,58,4,18,2,3,2,80084,4789.87158203125,0,0,3
1767771794.8473928,16137296052353762183,0,10,14,58,19,0,2,3,2,81334,4865.17431640625,0,0,3
1767771794.8473928,16137296052353762183,0,11,15,58,14,0,2,3,2,81371,4865.95361328125,0,0,3
1767771794.8473928,16137296052353762183,0,12,3,58,3,15,2,3,2,80300,4799.7841796875,0,0,3
1767771794.8473928,16137296052353762183,0,13,9,58,11,2,3,3,2,80304,4841.787109375,0,0,4
1767771794.8473928,16137296052353762183,0,14,6,58,7,8,2,3,2,80776,4828.75390625,0,0,3
1767771794.8473928,16137296052353762183,0,15,16,57,9,0,2,3,2,82328,4802.5205078125,0,0,3
1767771794.8473928,16137296052353762183,0,16,10,58,20,1,3,3,2,80828,4854.45361328125,0,0,4
1767771794.8473928,16137296052353762183,0,17,5,58,6,10,2,3,2,80548,4808.76904296875,0,0,3
1767771794.8473928,16137296052353762183,0,18,18,9,17,0,0,4,3,83068,788.0690307617188,0,0,1
1767771794.8473928,16137296052353762183,0,19,20,0,18,0,0,4,1,0,4964.653981829062,0,0,1
1767771794.8473928,16137296052353762183,0,20,0,0,0,0,0,0,0,0,0.0,0,0,0
1767771794.8473928,16137296052353762183,0,21,0,0,0,0,0,0,0,0,0.0,0,0,0
1767771799.8601482,16137296052353762183,0,0,17,33,15,0,1,4,3,82326,2862.583740234375,0,0,2
1767771799.8601482,16137296052353762183,0,1,1,58,2,25,2,3,2,79789,4784.58740234375,0,0,3
1767771799.8601482,16137296052353762183,0,2,19,2,13,0,0,4,3,84306,236.94192504882812,0,0,1
1767771799.8601482,16137296052353762183,0,3,8,58,1,4,2,3,2,81029,4831.4365234375,0,0,3
1767771799.8601482,16137296052353762183,0,4,7,58,12,6,2,3,2,80379,4829.19775390625,0,0,3
1767771799.8601482,16137296052353762183,0,5,12,58,8,0,2,3,2,81216,4857.998046875,0,0,3
1767771799.8601482,16137296052353762183,0,6,13,58,10,0,2,3,2,81244,4858.51025390625,0,0,3
1767771799.8601482,16137296052353762183,0,7,4,58,5,12,2,3,2,79829,4800.7900390625,0,0,3
1767771799.8601482,16137296052353762183,0,8,11,58,16,0,2,3,2,81058,4857.7373046875,0,0,3
1767771799.8601482,16137296052353762183,0,9,2,58,4,18,2,3,2,80084,4789.87158203125,0,0,3
1767771799.8601482,16137296052353762183,0,10,14,58,19,0,2,3,2,81334,4865.17431640625,0,0,3
1767771799.8601482,16137296052353762183,0,11,15,58,14,0,2,3,2,81371,4865.95361328125,0,0,3
1767771799.8601482,16137296052353762183,0,12,3,58,3,15,2,3,2,80300,4799.7841796875,0,0,3
1767771799.8601482,16137296052353762183,0,13,9,58,11,2,3,3,2,80304,4841.787109375,0,0,4
1767771799.8601482,16137296052353762183,0,14,6,58,7,8,2,3,2,80776,4828.75390625,0,0,3
1767771799.8601482,16137296052353762183,0,15,16,57,9,0,2,3,2,82328,4802.5205078125,0,0,3
1767771799.8601482,16137296052353762183,0,16,10,58,20,1,3,3,2,80828,4854.45361328125,0,0,4
1767771799.8601482,16137296052353762183,0,17,5,58,6,10,2,3,2,80548,4808.76904296875,0,0,3
1767771799.8601482,16137296052353762183,0,18,18,9,17,0,0,4,3,83068,788.0690307617188,0,0,1
1767771799.8601482,16137296052353762183,0,19,20,0,18,0,0,4,1,0,4964.653981829062,0,0,1
1767771799.8601482,16137296052353762183,0,20,0,0,0,0,0,0,0,0,0.0,0,0,0
1767771799.8601482,16137296052353762183,0,21,0,0,0,0,0,0,0,0,0.0,0,0,0
1767771804.870531,16137296052353762183,0,0,17,33,15,0,1,4,3,82326,2862.583740234375,0,0,2
1767771804.870531,16137296052353762183,0,1,1,58,2,25,2,3,2,79789,4784.58740234375,0,0,3
1767771804.870531,16137296052353762183,0,2,19,2,13,0,0,4,3,84306,236.94192504882812,0,0,1
1767771804.870531,16137296052353762183,0,3,8,58,1,4,2,3,2,81029,4831.4365234375,0,0,3
1767771804.870531,16137296052353762183,0,4,7,58,12,6,2,3,2,80379,4829.19775390625,0,0,3
1767771804.870531,16137296052353762183,0,5,12,58,8,0,2,3,2,81216,4857.998046875,0,0,3
1767771804.870531,16137296052353762183,0,6,13,58,10,0,2,3,2,81244,4858.51025390625,0,0,3
1767771804.870531,16137296052353762183,0,7,4,58,5,12,2,3,2,79829,4800.7900390625,0,0,3
1767771804.870531,16137296052353762183,0,8,11,58,16,0,2,3,2,81058,4857.7373046875,0,0,3
1767771804.870531,16137296052353762183,0,9,2,58,4,18,2,3,2,80084,4789.87158203125,0,0,3
1767771804.870531,16137296052353762183,0,10,14,58,19,0,2,3,2,81334,4865.17431640625,0,0,3
1767771804.870531,16137296052353762183,0,11,15,58,14,0,2,3,2,81371,4865.95361328125,0,0,3
1767771804.870531,16137296052353762183,0,12,3,58,3,15,2,3,2,80300,4799.7841796875,0,0,3
1767771804.870531,16137296052353762183,0,13,9,58,11,2,3,3,2,80304,4841.787109375,0,0,4
1767771804.870531,16137296052353762183,0,14,6,58,7,8,2,3,2,80776,4828.75390625,0,0,3
1767771804.870531,16137296052353762183,0,15,16,57,9,0,2,3,2,82328,4802.5205078125,0,0,3
1767771804.870531,16137296052353762183,0,16,10,58,20,1,3,3,2,80828,4854.45361328125,0,0,4
1767771804.870531,16137296052353762183,0,17,5,58,6,10,2,3,2,80548,4808.76904296875,0,0,3
1767771804.870531,16137296052353762183,0,18,18,9,17,0,0,4,3,83068,788.0690307617188,0,0,1
1767771804.870531,16137296052353762183,0,19,20,0,18,0,0,4,1,0,4964.653981829062,0,0,1
1767771804.870531,16137296052353762183,0,20,0,0,0,0,0,0,0,0,0.0,0,0,0
1767771804.870531,16137296052353762183,0,21,0,0,0,0,0,0,0,0,0.0,0,0,0
1767771809.8881967,16137296052353762183,0,0,17,33,15,0,1,4,3,82326,2862.583740234375,0,0,2
1767771809.8881967,16137296052353762183,0,1,1,58,2,25,2,3,2,79789,4784.58740234375,0,0,3
1767771809.8881967,16137296052353762183,0,2,19,2,13,0,0,4,3,84306,236.94192504882812,0,0,1
1767771809.8881967,16137296052353762183,0,3,8,58,1,4,2,3,2,81029,4831.4365234375,0,0,3
1767771809.8881967,16137296052353762183,0,4,7,58,12,6,2,3,2,80379,4829.19775390625,0,0,3
1767771809.8881967,16137296052353762183,0,5,12,58,8,0,2,3,2,81216,4857.998046875,0,0,3
1767771809.8881967,16137296052353762183,0,6,13,58,10,0,2,3,2,81244,4858.51025390625,0,0,3
1767771809.8881967,16137296052353762183,0,7,4,58,5,12,2,3,2,79829,4800.7900390625,0,0,3
1767771809.8881967,16137296052353762183,0,8,11,58,16,0,2,3,2,81058,4857.7373046875,0,0,3
1767771809.8881967,16137296052353762183,0,9,2,58,4,18,2,3,2,80084,4789.87158203125,0,0,3
1767771809.8881967,16137296052353762183,0,10,14,58,19,0,2,3,2,81334,4865.17431640625,0,0,3
1767771809.8881967,16137296052353762183,0,11,15,58,14,0,2,3,2,81371,4865.95361328125,0,0,3
1767771809.8881967,16137296052353762183,0,12,3,58,3,15,2,3,2,80300,4799.7841796875,0,0,3
1767771809.8881967,16137296052353762183,0,13,9,58,11,2,3,3,2,80304,4841.787109375,0,0,4
1767771809.8881967,16137296052353762183,0,14,6,58,7,8,2,3,2,80776,4828.75390625,0,0,3
1767771809.8881967,16137296052353762183,0,15,16,57,9,0,2,3,2,82328,4802.5205078125,0,0,3
1767771809.8881967,16137296052353762183,0,16,10,58,20,1,3,3,2,80828,4854.45361328125,0,0,4
1767771809.8881967,16137296052353762183,0,17,5,58,6,10,2,3,2,80548,4808.76904296875,0,0,3
1767771809.8881967,16137296052353762183,0,18,18,9,17,0,0,4,3,83068,788.0690307617188,0,0,1
1767771809.8881967,16137296052353762183,0,19,20,0,18,0,0,4,1,0,4964.653981829062,0,0,1
1767771809.8881967,16137296052353762183,0,20,0,0,0,0,0,0,0,0,0.0,0,0,0
1767771809.8881967,16137296052353762183,0,21,0,0,0,0,0,0,0,0,0.0,0,0,0
1767771814.9109037,16137296052353762183,0,0,17,33,15,0,1,4,3,82326,2862.583740234375,0,0,2
1767771814.9109037,16137296052353762183,0,1,1,58,2,25,2,3,2,79789,4784.58740234375,0,0,3
1767771814.9109037,16137296052353762183,0,2,19,2,13,0,0,4,3,84306,236.94192504882812,0,0,1
1767771814.9109037,16137296052353762183,0,3,8,58,1,4,2,3,2,81029,4831.4365234375,0,0,3
1767771814.9109037,16137296052353762183,0,4,7,58,12,6,2,3,2,80379,4829.19775390625,0,0,3
1767771814.9109037,16137296052353762183,0,5,12,58,8,0,2,3,2,81216,4857.998046875,0,0,3
1767771814.9109037,16137296052353762183,0,6,13,58,10,0,2,3,2,81244,4858.51025390625,0,0,3
1767771814.9109037,16137296052353762183,0,7,4,58,5,12,2,3,2,79829,4800.7900390625,0,0,3
1767771814.9109037,16137296052353762183,0,8,11,58,16,0,2,3,2,81058,4857.7373046875,0,0,3
1767771814.9109037,16137296052353762183,0,9,2,58,4,18,2,3,2,80084,4789.87158203125,0,0,3
1767771814.9109037,16137296052353762183,0,10,14,58,19,0,2,3,2,81334,4865.17431640625,0,0,3
1767771814.9109037,16137296052353762183,0,11,15,58,14,0,2,3,2,81371,4865.95361328125,0,0,3
1767771814.9109037,16137296052353762183,0,12,3,58,3,15,2,3,2,80300,4799.7841796875,0,0,3
1767771814.9109037,16137296052353762183,0,13,9,58,11,2,3,3,2,80304,4841.787109375,0,0,4
1767771814.9109037,16137296052353762183,0,14,6,58,7,8,2,3,2,80776,4828.75390625,0,0,3
1767771814.9109037,16137296052353762183,0,15,16,57,9,0,2,3,2,82328,4802.5205078125,0,0,3
1767771814.9109037,16137296052353762183,0,16,10,58,20,1,3,3,2,80828,4854.45361328125,0,0,4
1767771814.9109037,16137296052353762183,0,17,5,58,6,10,2,3,2,80548,4808.76904296875,0,0,3
1767771814.9109037,16137296052353762183,0,18,18,9,17,0,0,4,3,83068,788.0690307617188,0,0,1
1767771814.9109037,16137296052353762183,0,19,20,0,18,0,0,4,1,0,4964.653981829062,0,0,1
1767771814.9109037,16137296052353762183,0,20,0,0,0,0,0,0,0,0,0.0,0,0,0
1767771814.9109037,16137296052353762183,0,21,0,0,0,0,0,0,0,0,0.0,0,0,0
1767771819.929301,16137296052353762183,0,0,17,33,15,0,1,4,3,82326,2862.583740234375,0,0,2
1767771819.929301,16137296052353762183,0,1,1,58,2,25,2,3,2,79789,4784.58740234375,0,0,3
1767771819.929301,16137296052353762183,0,2,19,2,13,0,0,4,3,84306,236.94192504882812,0,0,1
1767771819.929301,16137296052353762183,0,3,8,58,1,4,2,3,2,81029,4831.4365234375,0,0,3
1767771819.929301,16137296052353762183,0,4,7,58,12,6,2,3,2,80379,4829.19775390625,0,0,3
1767771819.929301,16137296052353762183,0,5,12,58,8,0,2,3,2,81216,4857.998046875,0,0,3
1767771819.929301,16137296052353762183,0,6,13,58,10,0,2,3,2,81244,4858.51025390625,0,0,3
1767771819.929301,16137296052353762183,0,7,4,58,5,12,2,3,2,79829,4800.7900390625,0,0,3
1767771819.929301,16137296052353762183,0,8,11,58,16,0,2,3,2,81058,4857.7373046875,0,0,3
1767771819.929301,16137296052353762183,0,9,2,58,4,18,2,3,2,80084,4789.87158203125,0,0,3
1767771819.929301,16137296052353762183,0,10,14,58,19,0,2,3,2,81334,4865.17431640625,0,0,3
1767771819.929301,16137296052353762183,0,11,15,58,14,0,2,3,2,81371,4865.95361328125,0,0,3
1767771819.929301,16137296052353762183,0,12,3,58,3,15,2,3,2,80300,4799.7841796875,0,0,3
1767771819.929301,16137296052353762183,0,13,9,58,11,2,3,3,2,80304,4841.787109375,0,0,4
1767771819.929301,16137296052353762183,0,14,6,58,7,8,2,3,2,80776,4828.75390625,0,0,3
1767771819.929301,16137296052353762183,0,15,16,57,9,0,2,3,2,82328,4802.5205078125,0,0,3
1767771819.929301,16137296052353762183,0,16,10,58,20,1,3,3,2,80828,4854.45361328125,0,0,4
1767771819.929301,16137296052353762183,0,17,5,58,6,10,2,3,2,80548,4808.76904296875,0,0,3
1767771819.929301,16137296052353762183,0,18,18,9,17,0,0,4,3,83068,788.0690307617188,0,0,1
1767771819.929301,16137296052353762183,0,19,20,0,18,0,0,4,1,0,4964.653981829062,0,0,1
1767771819.929301,16137296052353762183,0,20,0,0,0,0,0,0,0,0,0.0,0,0,0
1767771819.929301,16137296052353762183,0,21,0,0,0,0,0,0,0,0,0.0,0,0,0
1767771824.951875,16137296052353762183,0,0,17,33,15,0,1,4,3,82326,2862.583740234375,0,0,2
1767771824.951875,16137296052353762183,0,1,1,58,2,25,2,3,2,79789,4784.58740234375,0,0,3
1767771824.951875,16137296052353762183,0,2,19,2,13,0,0,4,3,84306,236.94192504882812,0,0,1
1767771824.951875,16137296052353762183,0,3,8,58,1,4,2,3,2,81029,4831.4365234375,0,0,3
1767771824.951875,16137296052353762183,0,4,7,58,12,6,2,3,2,80379,4829.19775390625,0,0,3
1767771824.951875,16137296052353762183,0,5,12,58,8,0,2,3,2,81216,4857.998046875,0,0,3
1767771824.951875,16137296052353762183,0,6,13,58,10,0,2,3,2,81244,4858.51025390625,0,0,3
1767771824.951875,16137296052353762183,0,7,4,58,5,12,2,3,2,79829,4800.7900390625,0,0,3
1767771824.951875,16137296052353762183,0,8,11,58,16,0,2,3,2,81058,4857.7373046875,0,0,3
1767771824.951875,16137296052353762183,0,9,2,58,4,18,2,3,2,80084,4789.87158203125,0,0,3
1767771824.951875,16137296052353762183,0,10,14,58,19,0,2,3,2,81334,4865.17431640625,0,0,3
1767771824.951875,16137296052353762183,0,11,15,58,14,0,2,3,2,81371,4865.95361328125,0,0,3
1767771824.951875,16137296052353762183,0,12,3,58,3,15,2,3,2,80300,4799.7841796875,0,0,3
1767771824.951875,16137296052353762183,0,13,9,58,11,2,3,3,2,80304,4841.787109375,0,0,4
1767771824.951875,16137296052353762183,0,14,6,58,7,8,2,3,2,80776,4828.75390625,0,0,3
1767771824.951875,16137296052353762183,0,15,16,57,9,0,2,3,2,82328,4802.5205078125,0,0,3
1767771824.951875,16137296052353762183,0,16,10,58,20,1,3,3,2,80828,4854.45361328125,0,0,4
1767771824.951875,16137296052353762183,0,17,5,58,6,10,2,3,2,80548,4808.76904296875,0,0,3
1767771824.951875,16137296052353762183,0,18,18,9,17,0,0,4,3,83068,788.0690307617188,0,0,1
1767771824.951875,16137296052353762183,0,19,20,0,18,0,0,4,1,0,4964.653981829062,0,0,1
1767771824.951875,16137296052353762183,0,20,0,0,0,0,0,0,0,0,0.0,0,0,0
1767771824.951875,16137296052353762183,0,21,0,0,0,0,0,0,0,0,0.0,0,0,0
1767771829.9746146,16137296052353762183,0,0,17,33,15,0,1,4,3,82326,2862.583740234375,0,0,2
1767771829.9746146,16137296052353762183,0,1,1,58,2,25,2,3,2,79789,4784.58740234375,0,0,3
1767771829.9746146,16137296052353762183,0,2,19,2,13,0,0,4,3,84306,236.94192504882812,0,0,1
1767771829.9746146,16137296052353762183,0,3,8,58,1,4,2,3,2,81029,4831.4365234375,0,0,3
1767771829.9746146,16137296052353762183,0,4,7,58,12,6,2,3,2,80379,4829.19775390625,0,0,3
1767771829.9746146,16137296052353762183,0,5,12,58,8,0,2,3,2,81216,4857.998046875,0,0,3
1767771829.9746146,16137296052353762183,0,6,13,58,10,0,2,3,2,81244,4858.51025390625,0,0,3
1767771829.9746146,16137296052353762183,0,7,4,58,5,12,2,3,2,79829,4800.7900390625,0,0,3
1767771829.9746146,16137296052353762183,0,8,11,58,16,0,2,3,2,81058,4857.7373046875,0,0,3
1767771829.9746146,16137296052353762183,0,9,2,58,4,18,2,3,2,80084,4789.87158203125,0,0,3
1767771829.9746146,16137296052353762183,0,10,14,58,19,0,2,3,2,81334,4865.17431640625,0,0,3
1767771829.9746146,16137296052353762183,0,11,15,58,14,0,2,3,2,81371,4865.95361328125,0,0,3
1767771829.9746146,16137296052353762183,0,12,3,58,3,15,2,3,2,80300,4799.7841796875,0,0,3
1767771829.9746146,16137296052353762183,0,13,9,58,11,2,3,3,2,80304,4841.787109375,0,0,4
1767771829.9746146,16137296052353762183,0,14,6,58,7,8,2,3,2,80776,4828.75390625,0,0,3
1767771829.9746146,16137296052353762183,0,15,16,57,9,0,2,3,2,82328,4802.5205078125,0,0,3
1767771829.9746146,16137296052353762183,0,16,10,58,20,1,3,3,2,80828,4854.45361328125,0,0,4
1767771829.9746146,16137296052353762183,0,17,5,58,6,10,2,3,2,80548,4808.76904296875,0,0,3
1767771829.9746146,16137296052353762183,0,18,18,9,17,0,0,4,3,83068,788.0690307617188,0,0,1
1767771829.9746146,16137296052353762183,0,19,20,0,18,0,0,4,1,0,4964.653981829062,0,0,1
1767771829.9746146,16137296052353762183,0,20,0,0,0,0,0,0,0,0,0.0,0,0,0
1767771829.9746146,16137296052353762183,0,21,0,0,0,0,0,0,0,0,0.0,0,0,0
1767771834.996525,16137296052353762183,0,0,17,33,15,0,1,4,3,82326,2862.583740234375,0,0,2
1767771834.996525,16137296052353762183,0,1,1,58,2,25,2,3,2,79789,4784.58740234375,0,0,3
1767771834.996525,16137296052353762183,0,2,19,2,13,0,0,4,3,84306,236.94192504882812,0,0,1
1767771834.996525,16137296052353762183,0,3,8,58,1,4,2,3,2,81029,4831.4365234375,0,0,3
1767771834.996525,16137296052353762183,0,4,7,58,12,6,2,3,2,80379,4829.19775390625,0,0,3
1767771834.996525,16137296052353762183,0,5,12,58,8,0,2,3,2,81216,4857.998046875,0,0,3
1767771834.996525,16137296052353762183,0,6,13,58,10,0,2,3,2,81244,4858.51025390625,0,0,3
1767771834.996525,16137296052353762183,0,7,4,58,5,12,2,3,2,79829,4800.7900390625,0,0,3
1767771834.996525,16137296052353762183,0,8,11,58,16,0,2,3,2,81058,4857.7373046875,0,0,3
1767771834.996525,16137296052353762183,0,9,2,58,4,18,2,3,2,80084,4789.87158203125,0,0,3
1767771834.996525,16137296052353762183,0,10,14,58,19,0,2,3,2,81334,4865.17431640625,0,0,3
1767771834.996525,16137296052353762183,0,11,15,58,14,0,2,3,2,81371,4865.95361328125,0,0,3
1767771834.996525,16137296052353762183,0,12,3,58,3,15,2,3,2,80300,4799.7841796875,0,0,3
1767771834.996525,16137296052353762183,0,13,9,58,11,2,3,3,2,80304,4841.787109375,0,0,4
1767771834.996525,16137296052353762183,0,14,6,58,7,8,2,3,2,80776,4828.75390625,0,0,3
1767771834.996525,16137296052353762183,0,15,16,57,9,0,2,3,2,82328,4802.5205078125,0,0,3
1767771834.996525,16137296052353762183,0,16,10,58,20,1,3,3,2,80828,4854.45361328125,0,0,4
1767771834.996525,16137296052353762183,0,17,5,58,6,10,2,3,2,80548,4808.76904296875,0,0,3
1767771834.996525,16137296052353762183,0,18,18,9,17,0,0,4,3,83068,788.0690307617188,0,0,1
1767771834.996525,16137296052353762183,0,19,20,0,18,0,0,4,1,0,4964.653981829062,0,0,1
1767771834.996525,16137296052353762183,0,20,0,0,0,0,0,0,0,0,0.0,0,0,0
1767771834.996525,16137296052353762183,0,21,0,0,0,0,0,0,0,0,0.0,0,0,0
1767771839.998367,16137296052353762183,0,0,17,33,15,0,1,4,3,82326,2862.583740234375,0,0,2
1767771839.998367,16137296052353762183,0,1,1,58,2,25,2,3,2,79789,4784.58740234375,0,0,3
1767771839.998367,16137296052353762183,0,2,19,2,13,0,0,4,3,84306,236.94192504882812,0,0,1
1767771839.998367,16137296052353762183,0,3,8,58,1,4,2,3,2,81029,4831.4365234375,0,0,3
1767771839.998367,16137296052353762183,0,4,7,58,12,6,2,3,2,80379,4829.19775390625,0,0,3
1767771839.998367,16137296052353762183,0,5,12,58,8,0,2,3,2,81216,4857.998046875,0,0,3
1767771839.998367,16137296052353762183,0,6,13,58,10,0,2,3,2,81244,4858.51025390625,0,0,3
1767771839.998367,16137296052353762183,0,7,4,58,5,12,2,3,2,79829,4800.7900390625,0,0,3
1767771839.998367,16137296052353762183,0,8,11,58,16,0,2,3,2,81058,4857.7373046875,0,0,3
1767771839.998367,16137296052353762183,0,9,2,58,4,18,2,3,2,80084,4789.87158203125,0,0,3
1767771839.998367,16137296052353762183,0,10,14,58,19,0,2,3,2,81334,4865.17431640625,0,0,3
1767771839.998367,16137296052353762183,0,11,15,58,14,0,2,3,2,81371,4865.95361328125,0,0,3
1767771839.998367,16137296052353762183,0,12,3,58,3,15,2,3,2,80300,4799.7841796875,0,0,3
1767771839.998367,16137296052353762183,0,13,9,58,11,2,3,3,2,80304,4841.787109375,0,0,4
1767771839.998367,16137296052353762183,0,14,6,58,7,8,2,3,2,80776,4828.75390625,0,0,3
1767771839.998367,16137296052353762183,0,15,16,57,9,0,2,3,2,82328,4802.5205078125,0,0,3
1767771839.998367,16137296052353762183,0,16,10,58,20,1,3,3,2,80828,4854.45361328125,0,0,4
1767771839.998367,16137296052353762183,0,17,5,58,6,10,2,3,2,80548,4808.76904296875,0,0,3
1767771839.998367,16137296052353762183,0,18,18,9,17,0,0,4,3,83068,788.0690307617188,0,0,1
1767771839.998367,16137296052353762183,0,19,20,0,18,0,0,4,1,0,4964.653981829062,0,0,1
1767771839.998367,16137296052353762183,0,20,0,0,0,0,0,0,0,0,0.0,0,0,0
1767771839.998367,16137296052353762183,0,21,0,0,0,0,0,0,0,0,0.0,0,0,0
1767771845.0226054,16137296052353762183,0,0,17,33,15,0,1,4,3,82326,2862.583740234375,0,0,2
1767771845.0226054,16137296052353762183,0,1,1,58,2,25,2,3,2,79789,4784.58740234375,0,0,3
1767771845.0226054,16137296052353762183,0,2,19,2,13,0,0,4,3,84306,236.94192504882812,0,0,1
1767771845.0226054,16137296052353762183,0,3,8,58,1,4,2,3,2,81029,4831.4365234375,0,0,3
1767771845.0226054,16137296052353762183,0,4,7,58,12,6,2,3,2,80379,4829.19775390625,0,0,3
1767771845.0226054,16137296052353762183,0,5,12,58,8,0,2,3,2,81216,4857.998046875,0,0,3
1767771845.0226054,16137296052353762183,0,6,13,58,10,0,2,3,2,81244,4858.51025390625,0,0,3
1767771845.0226054,16137296052353762183,0,7,4,58,5,12,2,3,2,79829,4800.7900390625,0,0,3
1767771845.0226054,16137296052353762183,0,8,11,58,16,0,2,3,2,81058,4857.7373046875,0,0,3
1767771845.0226054,16137296052353762183,0,9,2,58,4,18,2,3,2,80084,4789.87158203125,0,0,3
1767771845.0226054,16137296052353762183,0,10,14,58,19,0,2,3,2,81334,4865.17431640625,0,0,3
1767771845.0226054,16137296052353762183,0,11,15,58,14,0,2,3,2,81371,4865.95361328125,0,0,3
1767771845.0226054,16137296052353762183,0,12,3,58,3,15,2,3,2,80300,4799.7841796875,0,0,3
1767771845.0226054,16137296052353762183,0,13,9,58,11,2,3,3,2,80304,4841.787109375,0,0,4
1767771845.0226054,16137296052353762183,0,14,6,58,7,8,2,3,2,80776,4828.75390625,0,0,3
1767771845.0226054,16137296052353762183,0,15,16,57,9,0,2,3,2,82328,4802.5205078125,0,0,3
1767771845.0226054,16137296052353762183,0,16,10,58,20,1,3,3,2,80828,4854.45361328125,0,0,4
1767771845.0226054,16137296052353762183,0,17,5,58,6,10,2,3,2,80548,4808.76904296875,0,0,3
1767771845.0226054,16137296052353762183,0,18,18,9,17,0,0,4,3,83068,788.0690307617188,0,0,1
1767771845.0226054,16137296052353762183,0,19,20,0,18,0,0,4,1,0,4964.653981829062,0,0,1
1767771845.0226054,16137296052353762183,0,20,0,0,0,0,0,0,0,0,0.0,0,0,0
1767771845.0226054,16137296052353762183,0,21,0,0,0,0,0,0,0,0,0.0,0,0,0
1767771850.040394,16137296052353762183,0,0,17,33,15,0,1,4,3,82326,2862.583740234375,0,0,2
1767771850.040394,16137296052353762183,0,1,1,58,2,25,2,3,2,79789,4784.58740234375,0,0,3
1767771850.040394,16137296052353762183,0,2,19,2,13,0,0,4,3,84306,236.94192504882812,0,0,1
1767771850.040394,16137296052353762183,0,3,8,58,1,4,2,3,2,81029,4831.4365234375,0,0,3
1767771850.040394,16137296052353762183,0,4,7,58,12,6,2,3,2,80379,4829.19775390625,0,0,3
1767771850.040394,16137296052353762183,0,5,12,58,8,0,2,3,2,81216,4857.998046875,0,0,3
1767771850.040394,16137296052353762183,0,6,13,58,10,0,2,3,2,81244,4858.51025390625,0,0,3
1767771850.040394,16137296052353762183,0,7,4,58,5,12,2,3,2,79829,4800.7900390625,0,0,3
1767771850.040394,16137296052353762183,0,8,11,58,16,0,2,3,2,81058,4857.7373046875,0,0,3
1767771850.040394,16137296052353762183,0,9,2,58,4,18,2,3,2,80084,4789.87158203125,0,0,3
1767771850.040394,16137296052353762183,0,10,14,58,19,0,2,3,2,81334,4865.17431640625,0,0,3
1767771850.040394,16137296052353762183,0,11,15,58,14,0,2,3,2,81371,4865.95361328125,0,0,3
1767771850.040394,16137296052353762183,0,12,3,58,3,15,2,3,2,80300,4799.7841796875,0,0,3
1767771850.040394,16137296052353762183,0,13,9,58,11,2,3,3,2,80304,4841.787109375,0,0,4
1767771850.040394,16137296052353762183,0,14,6,58,7,8,2,3,2,80776,4828.75390625,0,0,3
1767771850.040394,16137296052353762183,0,15,16,57,9,0,2,3,2,82328,4802.5205078125,0,0,3
1767771850.040394,16137296052353762183,0,16,10,58,20,1,3,3,2,80828,4854.45361328125,0,0,4
1767771850.040394,16137296052353762183,0,17,5,58,6,10,2,3,2,80548,4808.76904296875,0,0,3
1767771850.040394,16137296052353762183,0,18,18,9,17,0,0,4,3,83068,788.0690307617188,0,0,1
1767771850.040394,16137296052353762183,0,19,20,0,18,0,0,4,1,0,4964.653981829062,0,0,1
1767771850.040394,16137296052353762183,0,20,0,0,0,0,0,0,0,0,0.0,0,0,0
1767771850.040394,16137296052353762183,0,21,0,0,0,0,0,0,0,0,0.0,0,0,0
1767771855.0468202,16137296052353762183,0,0,17,33,15,0,1,4,3,82326,2862.583740234375,0,0,2
1767771855.0468202,16137296052353762183,0,1,1,58,2,25,2,3,2,79789,4784.58740234375,0,0,3
1767771855.0468202,16137296052353762183,0,2,19,2,13,0,0,4,3,84306,236.94192504882812,0,0,1
1767771855.0468202,16137296052353762183,0,3,8,58,1,4,2,3,2,81029,4831.4365234375,0,0,3
1767771855.0468202,16137296052353762183,0,4,7,58,12,6,2,3,2,80379,4829.19775390625,0,0,3
1767771855.0468202,16137296052353762183,0,5,12,58,8,0,2,3,2,81216,4857.998046875,0,0,3
1767771855.0468202,16137296052353762183,0,6,13,58,10,0,2,3,2,81244,4858.51025390625,0,0,3
1767771855.0468202,16137296052353762183,0,7,4,58,5,12,2,3,2,79829,4800.7900390625,0,0,3
1767771855.0468202,16137296052353762183,0,8,11,58,16,0,2,3,2,81058,4857.7373046875,0,0,3
1767771855.0468202,16137296052353762183,0,9,2,58,4,18,2,3,2,80084,4789.87158203125,0,0,3
1767771855.0468202,16137296052353762183,0,10,14,58,19,0,2,3,2,81334,4865.17431640625,0,0,3
1767771855.0468202,16137296052353762183,0,11,15,58,14,0,2,3,2,81371,4865.95361328125,0,0,3
1767771855.0468202,16137296052353762183,0,12,3,58,3,15,2,3,2,80300,4799.7841796875,0,0,3
1767771855.0468202,16137296052353762183,0,13,9,58,11,2,3,3,2,80304,4841.787109375,0,0,4
1767771855.0468202,16137296052353762183,0,14,6,58,7,8,2,3,2,80776,4828.75390625,0,0,3
1767771855.0468202,16137296052353762183,0,15,16,57,9,0,2,3,2,82328,4802.5205078125,0,0,3
1767771855.0468202,16137296052353762183,0,16,10,58,20,1,3,3,2,80828,4854.45361328125,0,0,4
1767771855.0468202,16137296052353762183,0,17,5,58,6,10,2,3,2,80548,4808.76904296875,0,0,3
1767771855.0468202,16137296052353762183,0,18,18,9,17,0,0,4,3,83068,788.0690307617188,0,0,1
1767771855.0468202,16137296052353762183,0,19,20,0,18,0,0,4,1,0,4964.653981829062,0,0,1
1767771855.0468202,16137296052353762183,0,20,0,0,0,0,0,0,0,0,0.0,0,0,0
1767771855.0468202,16137296052353762183,0,21,0,0,0,0,0,0,0,0,0.0,0,0,0
1767771860.0695925,16137296052353762183,0,0,17,33,15,0,1,4,3,82326,2862.583740234375,0,0,2
1767771860.0695925,16137296052353762183,0,1,1,58,2,25,2,3,2,79789,4784.58740234375,0,0,3
1767771860.0695925,16137296052353762183,0,2,19,2,13,0,0,4,3,84306,236.94192504882812,0,0,1
1767771860.0695925,16137296052353762183,0,3,8,58,1,4,2,3,2,81029,4831.4365234375,0,0,3
1767771860.0695925,16137296052353762183,0,4,7,58,12,6,2,3,2,80379,4829.19775390625,0,0,3
1767771860.0695925,16137296052353762183,0,5,12,58,8,0,2,3,2,81216,4857.998046875,0,0,3
1767771860.0695925,16137296052353762183,0,6,13,58,10,0,2,3,2,81244,4858.51025390625,0,0,3
1767771860.0695925,16137296052353762183,0,7,4,58,5,12,2,3,2,79829,4800.7900390625,0,0,3
1767771860.0695925,16137296052353762183,0,8,11,58,16,0,2,3,2,81058,4857.7373046875,0,0,3
1767771860.0695925,16137296052353762183,0,9,2,58,4,18,2,3,2,80084,4789.87158203125,0,0,3
1767771860.0695925,16137296052353762183,0,10,14,58,19,0,2,3,2,81334,4865.17431640625,0,0,3
1767771860.0695925,16137296052353762183,0,11,15,58,14,0,2,3,2,81371,4865.95361328125,0,0,3
1767771860.0695925,16137296052353762183,0,12,3,58,3,15,2,3,2,80300,4799.7841796875,0,0,3
1767771860.0695925,16137296052353762183,0,13,9,58,11,2,3,3,2,80304,4841.787109375,0,0,4
1767771860.0695925,16137296052353762183,0,14,6,58,7,8,2,3,2,80776,4828.75390625,0,0,3
1767771860.0695925,16137296052353762183,0,15,16,57,9,0,2,3,2,82328,4802.5205078125,0,0,3
1767771860.0695925,16137296052353762183,0,16,10,58,20,1,3,3,2,80828,4854.45361328125,0,0,4
1767771860.0695925,16137296052353762183,0,17,5,58,6,10,2,3,2,80548,4808.76904296875,0,0,3
1767771860.0695925,16137296052353762183,0,18,18,9,17,0,0,4,3,83068,788.0690307617188,0,0,1
1767771860.0695925,16137296052353762183,0,19,20,0,18,0,0,4,1,0,4964.653981829062,0,0,1
1767771860.0695925,16137296052353762183,0,20,0,0,0,0,0,0,0,0,0.0,0,0,0
1767771860.0695925,16137296052353762183,0,21,0,0,0,0,0,0,0,0,0.0,0,0,0
1767771865.0765312,16137296052353762183,0,0,17,33,15,0,1,4,3,82326,2862.583740234375,0,0,2
1767771865.0765312,16137296052353762183,0,1,1,58,2,25,2,3,2,79789,4784.58740234375,0,0,3
1767771865.0765312,16137296052353762183,0,2,19,2,13,0,0,4,3,84306,236.94192504882812,0,0,1
1767771865.0765312,16137296052353762183,0,3,8,58,1,4,2,3,2,81029,4831.4365234375,0,0,3
1767771865.0765312,16137296052353762183,0,4,7,58,12,6,2,3,2,80379,4829.19775390625,0,0,3
1767771865.0765312,16137296052353762183,0,5,12,58,8,0,2,3,2,81216,4857.998046875,0,0,3
1767771865.0765312,16137296052353762183,0,6,13,58,10,0,2,3,2,81244,4858.51025390625,0,0,3
1767771865.0765312,16137296052353762183,0,7,4,58,5,12,2,3,2,79829,4800.7900390625,0,0,3
1767771865.0765312,16137296052353762183,0,8,11,58,16,0,2,3,2,81058,4857.7373046875,0,0,3
1767771865.0765312,16137296052353762183,0,9,2,58,4,18,2,3,2,80084,4789.87158203125,0,0,3
1767771865.0765312,16137296052353762183,0,10,14,58,19,0,2,3,2,81334,4865.17431640625,0,0,3
1767771865.0765312,16137296052353762183,0,11,15,58,14,0,2,3,2,81371,4865.95361328125,0,0,3
1767771865.0765312,16137296052353762183,0,12,3,58,3,15,2,3,2,80300,4799.7841796875,0,0,3
1767771865.0765312,16137296052353762183,0,13,9,58,11,2,3,3,2,80304,4841.787109375,0,0,4
1767771865.0765312,16137296052353762183,0,14,6,58,7,8,2,3,2,80776,4828.75390625,0,0,3
1767771865.0765312,16137296052353762183,0,15,16,57,9,0,2,3,2,82328,4802.5205078125,0,0,3
1767771865.0765312,16137296052353762183,0,16,10,58,20,1,3,3,2,80828,4854.45361328125,0,0,4
1767771865.0765312,16137296052353762183,0,17,5,58,6,10,2,3,2,80548,4808.76904296875,0,0,3
1767771865.0765312,16137296052353762183,0,18,18,9,17,0,0,4,3,83068,788.0690307617188,0,0,1
1767771865.0765312,16137296052353762183,0,19,20,0,18,0,0,4,1,0,4964.653981829062,0,0,1
1767771865.0765312,16137296052353762183,0,20,0,0,0,0,0,0,0,0,0.0,0,0,0
1767771865.0765312,16137296052353762183,0,21,0,0,0,0,0,0,0,0,0.0,0,0,0
1767771870.0777311,16137296052353762183,0,0,17,33,15,0,1,4,3,82326,2862.583740234375,0,0,2
1767771870.0777311,16137296052353762183,0,1,1,58,2,25,2,3,2,79789,4784.58740234375,0,0,3
1767771870.0777311,16137296052353762183,0,2,19,2,13,0,0,4,3,84306,236.94192504882812,0,0,1
1767771870.0777311,16137296052353762183,0,3,8,58,1,4,2,3,2,81029,4831.4365234375,0,0,3
1767771870.0777311,16137296052353762183,0,4,7,58,12,6,2,3,2,80379,4829.19775390625,0,0,3
1767771870.0777311,16137296052353762183,0,5,12,58,8,0,2,3,2,81216,4857.998046875,0,0,3
1767771870.0777311,16137296052353762183,0,6,13,58,10,0,2,3,2,81244,4858.51025390625,0,0,3
1767771870.0777311,16137296052353762183,0,7,4,58,5,12,2,3,2,79829,4800.7900390625,0,0,3
1767771870.0777311,16137296052353762183,0,8,11,58,16,0,2,3,2,81058,4857.7373046875,0,0,3
1767771870.0777311,16137296052353762183,0,9,2,58,4,18,2,3,2,80084,4789.87158203125,0,0,3
1767771870.0777311,16137296052353762183,0,10,14,58,19,0,2,3,2,81334,4865.17431640625,0,0,3
1767771870.0777311,16137296052353762183,0,11,15,58,14,0,2,3,2,81371,4865.95361328125,0,0,3
1767771870.0777311,16137296052353762183,0,12,3,58,3,15,2,3,2,80300,4799.7841796875,0,0,3
1767771870.0777311,16137296052353762183,0,13,9,58,11,2,3,3,2,80304,4841.787109375,0,0,4
1767771870.0777311,16137296052353762183,0,14,6,58,7,8,2,3,2,80776,4828.75390625,0,0,3
1767771870.0777311,16137296052353762183,0,15,16,57,9,0,2,3,2,82328,4802.5205078125,0,0,3
1767771870.0777311,16137296052353762183,0,16,10,58,20,1,3,3,2,80828,4854.45361328125,0,0,4
1767771870.0777311,16137296052353762183,0,17,5,58,6,10,2,3,2,80548,4808.76904296875,0,0,3
1767771870.0777311,16137296052353762183,0,18,18,9,17,0,0,4,3,83068,788.0690307617188,0,0,1
1767771870.0777311,16137296052353762183,0,19,20,0,18,0,0,4,1,0,4964.653981829062,0,0,1
1767771870.0777311,16137296052353762183,0,20,0,0,0,0,0,0,0,0,0.0,0,0,0
1767771870.0777311,16137296052353762183,0,21,0,0,0,0,0,0,0,0,0.0,0,0,0
1767771875.08632,16137296052353762183,0,0,17,33,15,0,1,4,3,82326,2862.583740234375,0,0,2
1767771875.08632,16137296052353762183,0,1,1,58,2,25,2,3,2,79789,4784.58740234375,0,0,3
1767771875.08632,16137296052353762183,0,2,19,2,13,0,0,4,3,84306,236.94192504882812,0,0,1
1767771875.08632,16137296052353762183,0,3,8,58,1,4,2,3,2,81029,4831.4365234375,0,0,3
1767771875.08632,16137296052353762183,0,4,7,58,12,6,2,3,2,80379,4829.19775390625,0,0,3
1767771875.08632,16137296052353762183,0,5,12,58,8,0,2,3,2,81216,4857.998046875,0,0,3
1767771875.08632,16137296052353762183,0,6,13,58,10,0,2,3,2,81244,4858.51025390625,0,0,3
1767771875.08632,16137296052353762183,0,7,4,58,5,12,2,3,2,79829,4800.7900390625,0,0,3
1767771875.08632,16137296052353762183,0,8,11,58,16,0,2,3,2,81058,4857.7373046875,0,0,3
1767771875.08632,16137296052353762183,0,9,2,58,4,18,2,3,2,80084,4789.87158203125,0,0,3
1767771875.08632,16137296052353762183,0,10,14,58,19,0,2,3,2,81334,4865.17431640625,0,0,3
1767771875.08632,16137296052353762183,0,11,15,58,14,0,2,3,2,81371,4865.95361328125,0,0,3
1767771875.08632,16137296052353762183,0,12,3,58,3,15,2,3,2,80300,4799.7841796875,0,0,3
1767771875.08632,16137296052353762183,0,13,9,58,11,2,3,3,2,80304,4841.787109375,0,0,4
1767771875.08632,16137296052353762183,0,14,6,58,7,8,2,3,2,80776,4828.75390625,0,0,3
1767771875.08632,16137296052353762183,0,15,16,57,9,0,2,3,2,82328,4802.5205078125,0,0,3
1767771875.08632,16137296052353762183,0,16,10,58,20,1,3,3,2,80828,4854.45361328125,0,0,4
1767771875.08632,16137296052353762183,0,17,5,58,6,10,2,3,2,80548,4808.76904296875,0,0,3
1767771875.08632,16137296052353762183,0,18,18,9,17,0,0,4,3,83068,788.0690307617188,0,0,1
1767771875.08632,16137296052353762183,0,19,20,0,18,0,0,4,1,0,4964.653981829062,0,0,1
1767771875.08632,16137296052353762183,0,20,0,0,0,0,0,0,0,0,0.0,0,0,0
1767771875.08632,16137296052353762183,0,21,0,0,0,0,0,0,0,0,0.0,0,0,0
1767771880.0959349,16137296052353762183,0,0,17,33,15,0,1,4,3,82326,2862.583740234375,0,0,2
1767771880.0959349,16137296052353762183,0,1,1,58,2,25,2,3,2,79789,4784.58740234375,0,0,3
1767771880.0959349,16137296052353762183,0,2,19,2,13,0,0,4,3,84306,236.94192504882812,0,0,1
1767771880.0959349,16137296052353762183,0,3,8,58,1,4,2,3,2,81029,4831.4365234375,0,0,3
1767771880.0959349,16137296052353762183,0,4,7,58,12,6,2,3,2,80379,4829.19775390625,0,0,3
1767771880.0959349,16137296052353762183,0,5,12,58,8,0,2,3,2,81216,4857.998046875,0,0,3
1767771880.0959349,16137296052353762183,0,6,13,58,10,0,2,3,2,81244,4858.51025390625,0,0,3
1767771880.0959349,16137296052353762183,0,7,4,58,5,12,2,3,2,79829,4800.7900390625,0,0,3
1767771880.0959349,16137296052353762183,0,8,11,58,16,0,2,3,2,81058,4857.7373046875,0,0,3
1767771880.0959349,16137296052353762183,0,9,2,58,4,18,2,3,2,80084,4789.87158203125,0,0,3
1767771880.0959349,16137296052353762183,0,10,14,58,19,0,2,3,2,81334,4865.17431640625,0,0,3
1767771880.0959349,16137296052353762183,0,11,15,58,14,0,2,3,2,81371,4865.95361328125,0,0,3
1767771880.0959349,16137296052353762183,0,12,3,58,3,15,2,3,2,80300,4799.7841796875,0,0,3
1767771880.0959349,16137296052353762183,0,13,9,58,11,2,3,3,2,80304,4841.787109375,0,0,4
1767771880.0959349,16137296052353762183,0,14,6,58,7,8,2,3,2,80776,4828.75390625,0,0,3
1767771880.0959349,16137296052353762183,0,15,16,57,9,0,2,3,2,82328,4802.5205078125,0,0,3
1767771880.0959349,16137296052353762183,0,16,10,58,20,1,3,3,2,80828,4854.45361328125,0,0,4
1767771880.0959349,16137296052353762183,0,17,5,58,6,10,2,3,2,80548,4808.76904296875,0,0,3
1767771880.0959349,16137296052353762183,0,18,18,9,17,0,0,4,3,83068,788.0690307617188,0,0,1
1767771880.0959349,16137296052353762183,0,19,20,0,18,0,0,4,1,0,4964.653981829062,0,0,1
1767771880.0959349,16137296052353762183,0,20,0,0,0,0,0,0,0,0,0.0,0,0,0
1767771880.0959349,16137296052353762183,0,21,0,0,0,0,0,0,0,0,0.0,0,0,0
1767771885.101975,16137296052353762183,0,0,17,33,15,0,1,4,3,82326,2862.583740234375,0,0,2
1767771885.101975,16137296052353762183,0,1,1,58,2,25,2,3,2,79789,4784.58740234375,0,0,3
1767771885.101975,16137296052353762183,0,2,19,2,13,0,0,4,3,84306,236.94192504882812,0,0,1
1767771885.101975,16137296052353762183,0,3,8,58,1,4,2,3,2,81029,4831.4365234375,0,0,3
1767771885.101975,16137296052353762183,0,4,7,58,12,6,2,3,2,80379,4829.19775390625,0,0,3
1767771885.101975,16137296052353762183,0,5,12,58,8,0,2,3,2,81216,4857.998046875,0,0,3
1767771885.101975,16137296052353762183,0,6,13,58,10,0,2,3,2,81244,4858.51025390625,0,0,3
1767771885.101975,16137296052353762183,0,7,4,58,5,12,2,3,2,79829,4800.7900390625,0,0,3
1767771885.101975,16137296052353762183,0,8,11,58,16,0,2,3,2,81058,4857.7373046875,0,0,3
1767771885.101975,16137296052353762183,0,9,2,58,4,18,2,3,2,80084,4789.87158203125,0,0,3
1767771885.101975,16137296052353762183,0,10,14,58,19,0,2,3,2,81334,4865.17431640625,0,0,3
1767771885.101975,16137296052353762183,0,11,15,58,14,0,2,3,2,81371,4865.95361328125,0,0,3
1767771885.101975,16137296052353762183,0,12,3,58,3,15,2,3,2,80300,4799.7841796875,0,0,3
1767771885.101975,16137296052353762183,0,13,9,58,11,2,3,3,2,80304,4841.787109375,0,0,4
1767771885.101975,16137296052353762183,0,14,6,58,7,8,2,3,2,80776,4828.75390625,0,0,3
1767771885.101975,16137296052353762183,0,15,16,57,9,0,2,3,2,82328,4802.5205078125,0,0,3
1767771885.101975,16137296052353762183,0,16,10,58,20,1,3,3,2,80828,4854.45361328125,0,0,4
1767771885.101975,16137296052353762183,0,17,5,58,6,10,2,3,2,80548,4808.76904296875,0,0,3
1767771885.101975,16137296052353762183,0,18,18,9,17,0,0,4,3,83068,788.0690307617188,0,0,1
1767771885.101975,16137296052353762183,0,19,20,0,18,0,0,4,1,0,4964.653981829062,0,0,1
1767771885.101975,16137296052353762183,0,20,0,0,0,0,0,0,0,0,0.0,0,0,0
1767771885.101975,16137296052353762183,0,21,0,0,0,0,0,0,0,0,0.0,0,0,0
1767771890.1113112,16137296052353762183,0,0,17,33,15,0,1,4,3,82326,2862.583740234375,0,0,2
1767771890.1113112,16137296052353762183,0,1,1,58,2,25,2,3,2,79789,4784.58740234375,0,0,3
1767771890.1113112,16137296052353762183,0,2,19,2,13,0,0,4,3,84306,236.94192504882812,0,0,1
1767771890.1113112,16137296052353762183,0,3,8,58,1,4,2,3,2,81029,4831.4365234375,0,0,3
1767771890.1113112,16137296052353762183,0,4,7,58,12,6,2,3,2,80379,4829.19775390625,0,0,3
1767771890.1113112,16137296052353762183,0,5,12,58,8,0,2,3,2,81216,4857.998046875,0,0,3
1767771890.1113112,16137296052353762183,0,6,13,58,10,0,2,3,2,81244,4858.51025390625,0,0,3
1767771890.1113112,16137296052353762183,0,7,4,58,5,12,2,3,2,79829,4800.7900390625,0,0,3
1767771890.1113112,16137296052353762183,0,8,11,58,16,0,2,3,2,81058,4857.7373046875,0,0,3
1767771890.1113112,16137296052353762183,0,9,2,58,4,18,2,3,2,80084,4789.87158203125,0,0,3
1767771890.1113112,16137296052353762183,0,10,14,58,19,0,2,3,2,81334,4865.17431640625,0,0,3
1767771890.1113112,16137296052353762183,0,11,15,58,14,0,2,3,2,81371,4865.95361328125,0,0,3
1767771890.1113112,16137296052353762183,0,12,3,58,3,15,2,3,2,80300,4799.7841796875,0,0,3
1767771890.1113112,16137296052353762183,0,13,9,58,11,2,3,3,2,80304,4841.787109375,0,0,4
1767771890.1113112,16137296052353762183,0,14,6,58,7,8,2,3,2,80776,4828.75390625,0,0,3
1767771890.1113112,16137296052353762183,0,15,16,57,9,0,2,3,2,82328,4802.5205078125,0,0,3
1767771890.1113112,16137296052353762183,0,16,10,58,20,1,3,3,2,80828,4854.45361328125,0,0,4
1767771890.1113112,16137296052353762183,0,17,5,58,6,10,2,3,2,80548,4808.76904296875,0,0,3
1767771890.1113112,16137296052353762183,0,18,18,9,17,0,0,4,3,83068,788.0690307617188,0,0,1
1767771890.1113112,16137296052353762183,0,19,20,0,18,0,0,4,1,0,4964.653981829062,0,0,1
1767771890.1113112,16137296052353762183,0,20,0,0,0,0,0,0,0,0,0.0,0,0,0
1767771890.1113112,16137296052353762183,0,21,0,0,0,0,0,0,0,0,0.0,0,0,0
1767771895.123914,16137296052353762183,0,0,17,33,15,0,1,4,3,82326,2862.583740234375,0,0,2
1767771895.123914,16137296052353762183,0,1,1,58,2,25,2,3,2,79789,4784.58740234375,0,0,3
1767771895.123914,16137296052353762183,0,2,19,2,13,0,0,4,3,84306,236.94192504882812,0,0,1
1767771895.123914,16137296052353762183,0,3,8,58,1,4,2,3,2,81029,4831.4365234375,0,0,3
1767771895.123914,16137296052353762183,0,4,7,58,12,6,2,3,2,80379,4829.19775390625,0,0,3
1767771895.123914,16137296052353762183,0,5,12,58,8,0,2,3,2,81216,4857.998046875,0,0,3
1767771895.123914,16137296052353762183,0,6,13,58,10,0,2,3,2,81244,4858.51025390625,0,0,3
1767771895.123914,16137296052353762183,0,7,4,58,5,12,2,3,2,79829,4800.7900390625,0,0,3
1767771895.123914,16137296052353762183,0,8,11,58,16,0,2,3,2,81058,4857.7373046875,0,0,3
1767771895.123914,16137296052353762183,0,9,2,58,4,18,2,3,2,80084,4789.87158203125,0,0,3
1767771895.123914,16137296052353762183,0,10,14,58,19,0,2,3,2,81334,4865.17431640625,0,0,3
1767771895.123914,16137296052353762183,0,11,15,58,14,0,2,3,2,81371,4865.95361328125,0,0,3
1767771895.123914,16137296052353762183,0,12,3,58,3,15,2,3,2,80300,4799.7841796875,0,0,3
1767771895.123914,16137296052353762183,0,13,9,58,11,2,3,3,2,80304,4841.787109375,0,0,4
1767771895.123914,16137296052353762183,0,14,6,58,7,8,2,3,2,80776,4828.75390625,0,0,3
1767771895.123914,16137296052353762183,0,15,16,57,9,0,2,3,2,82328,4802.5205078125,0,0,3
1767771895.123914,16137296052353762183,0,16,10,58,20,1,3,3,2,80828,4854.45361328125,0,0,4
1767771895.123914,16137296052353762183,0,17,5,58,6,10,2,3,2,80548,4808.76904296875,0,0,3
1767771895.123914,16137296052353762183,0,18,18,9,17,0,0,4,3,83068,788.0690307617188,0,0,1
1767771895.123914,16137296052353762183,0,19,20,0,18,0,0,4,1,0,4964.653981829062,0,0,1
1767771895.123914,16137296052353762183,0,20,0,0,0,0,0,0,0,0,0.0,0,0,0
1767771895.123914,16137296052353762183,0,21,0,0,0,0,0,0,0,0,0.0,0,0,0
1767771900.1272366,16137296052353762183,0,0,17,33,15,0,1,4,3,82326,2862.583740234375,0,0,2
1767771900.1272366,16137296052353762183,0,1,1,58,2,25,2,3,2,79789,4784.58740234375,0,0,3
1767771900.1272366,16137296052353762183,0,2,19,2,13,0,0,4,3,84306,236.94192504882812,0,0,1
1767771900.1272366,16137296052353762183,0,3,8,58,1,4,2,3,2,81029,4831.4365234375,0,0,3
1767771900.1272366,16137296052353762183,0,4,7,58,12,6,2,3,2,80379,4829.19775390625,0,0,3
1767771900.1272366,16137296052353762183,0,5,12,58,8,0,2,3,2,81216,4857.998046875,0,0,3
1767771900.1272366,16137296052353762183,0,6,13,58,10,0,2,3,2,81244,4858.51025390625,0,0,3
1767771900.1272366,16137296052353762183,0,7,4,58,5,12,2,3,2,79829,4800.7900390625,0,0,3
1767771900.1272366,16137296052353762183,0,8,11,58,16,0,2,3,2,81058,4857.7373046875,0,0,3
1767771900.1272366,16137296052353762183,0,9,2,58,4,18,2,3,2,80084,4789.87158203125,0,0,3
1767771900.1272366,16137296052353762183,0,10,14,58,19,0,2,3,2,81334,4865.17431640625,0,0,3
1767771900.1272366,16137296052353762183,0,11,15,58,14,0,2,3,2,81371,4865.95361328125,0,0,3
1767771900.1272366,16137296052353762183,0,12,3,58,3,15,2,3,2,80300,4799.7841796875,0,0,3
1767771900.1272366,16137296052353762183,0,13,9,58,11,2,3,3,2,80304,4841.787109375,0,0,4
1767771900.1272366,16137296052353762183,0,14,6,58,7,8,2,3,2,80776,4828.75390625,0,0,3
1767771900.1272366,16137296052353762183,0,15,16,57,9,0,2,3,2,82328,4802.5205078125,0,0,3
1767771900.1272366,16137296052353762183,0,16,10,58,20,1,3,3,2,80828,4854.45361328125,0,0,4
1767771900.1272366,16137296052353762183,0,17,5,58,6,10,2,3,2,80548,4808.76904296875,0,0,3
1767771900.1272366,16137296052353762183,0,18,18,9,17,0,0,4,3,83068,788.0690307617188,0,0,1
1767771900.1272366,16137296052353762183,0,19,20,0,18,0,0,4,1,0,4964.653981829062,0,0,1
1767771900.1272366,16137296052353762183,0,20,0,0,0,0,0,0,0,0,0.0,0,0,0
1767771900.1272366,16137296052353762183,0,21,0,0,0,0,0,0,0,0,0.0,0,0,0
1767771905.1443508,16137296052353762183,0,0,17,33,15,0,1,4,3,82326,2862.583740234375,0,0,2
1767771905.1443508,16137296052353762183,0,1,1,58,2,25,2,3,2,79789,4784.58740234375,0,0,3
1767771905.1443508,16137296052353762183,0,2,19,2,13,0,0,4,3,84306,236.94192504882812,0,0,1
1767771905.1443508,16137296052353762183,0,3,8,58,1,4,2,3,2,81029,4831.4365234375,0,0,3
1767771905.1443508,16137296052353762183,0,4,7,58,12,6,2,3,2,80379,4829.19775390625,0,0,3
1767771905.1443508,16137296052353762183,0,5,12,58,8,0,2,3,2,81216,4857.998046875,0,0,3
1767771905.1443508,16137296052353762183,0,6,13,58,10,0,2,3,2,81244,4858.51025390625,0,0,3
1767771905.1443508,16137296052353762183,0,7,4,58,5,12,2,3,2,79829,4800.7900390625,0,0,3
1767771905.1443508,16137296052353762183,0,8,11,58,16,0,2,3,2,81058,4857.7373046875,0,0,3
1767771905.1443508,16137296052353762183,0,9,2,58,4,18,2,3,2,80084,4789.87158203125,0,0,3
1767771905.1443508,16137296052353762183,0,10,14,58,19,0,2,3,2,81334,4865.17431640625,0,0,3
1767771905.1443508,16137296052353762183,0,11,15,58,14,0,2,3,2,81371,4865.95361328125,0,0,3
1767771905.1443508,16137296052353762183,0,12,3,58,3,15,2,3,2,80300,4799.7841796875,0,0,3
1767771905.1443508,16137296052353762183,0,13,9,58,11,2,3,3,2,80304,4841.787109375,0,0,4
1767771905.1443508,16137296052353762183,0,14,6,58,7,8,2,3,2,80776,4828.75390625,0,0,3
1767771905.1443508,16137296052353762183,0,15,16,57,9,0,2,3,2,82328,4802.5205078125,0,0,3
1767771905.1443508,16137296052353762183,0,16,10,58,20,1,3,3,2,80828,4854.45361328125,0,0,4
1767771905.1443508,16137296052353762183,0,17,5,58,6,10,2,3,2,80548,4808.76904296875,0,0,3
1767771905.1443508,16137296052353762183,0,18,18,9,17,0,0,4,3,83068,788.0690307617188,0,0,1
1767771905.1443508,16137296052353762183,0,19,20,0,18,0,0,4,1,0,4964.653981829062,0,0,1
1767771905.1443508,16137296052353762183,0,20,0,0,0,0,0,0,0,0,0.0,0,0,0
1767771905.1443508,16137296052353762183,0,21,0,0,0,0,0,0,0,0,0.0,0,0,0
1767771910.1546843,16137296052353762183,0,0,17,33,15,0,1,4,3,82326,2862.583740234375,0,0,2
1767771910.1546843,16137296052353762183,0,1,1,58,2,25,2,3,2,79789,4784.58740234375,0,0,3
1767771910.1546843,16137296052353762183,0,2,19,2,13,0,0,4,3,84306,236.94192504882812,0,0,1
1767771910.1546843,16137296052353762183,0,3,8,58,1,4,2,3,2,81029,4831.4365234375,0,0,3
1767771910.1546843,16137296052353762183,0,4,7,58,12,6,2,3,2,80379,4829.19775390625,0,0,3
1767771910.1546843,16137296052353762183,0,5,12,58,8,0,2,3,2,81216,4857.998046875,0,0,3
1767771910.1546843,16137296052353762183,0,6,13,58,10,0,2,3,2,81244,4858.51025390625,0,0,3
1767771910.1546843,16137296052353762183,0,7,4,58,5,12,2,3,2,79829,4800.7900390625,0,0,3
1767771910.1546843,16137296052353762183,0,8,11,58,16,0,2,3,2,81058,4857.7373046875,0,0,3
1767771910.1546843,16137296052353762183,0,9,2,58,4,18,2,3,2,80084,4789.87158203125,0,0,3
1767771910.1546843,16137296052353762183,0,10,14,58,19,0,2,3,2,81334,4865.17431640625,0,0,3
1767771910.1546843,16137296052353762183,0,11,15,58,14,0,2,3,2,81371,4865.95361328125,0,0,3
1767771910.1546843,16137296052353762183,0,12,3,58,3,15,2,3,2,80300,4799.7841796875,0,0,3
1767771910.1546843,16137296052353762183,0,13,9,58,11,2,3,3,2,80304,4841.787109375,0,0,4
1767771910.1546843,16137296052353762183,0,14,6,58,7,8,2,3,2,80776,4828.75390625,0,0,3
1767771910.1546843,16137296052353762183,0,15,16,57,9,0,2,3,2,82328,4802.5205078125,0,0,3
1767771910.1546843,16137296052353762183,0,16,10,58,20,1,3,3,2,80828,4854.45361328125,0,0,4
1767771910.1546843,16137296052353762183,0,17,5,58,6,10,2,3,2,80548,4808.76904296875,0,0,3
1767771910.1546843,16137296052353762183,0,18,18,9,17,0,0,4,3,83068,788.0690307617188,0,0,1
1767771910.1546843,16137296052353762183,0,19,20,0,18,0,0,4,1,0,4964.653981829062,0,0,1
1767771910.1546843,16137296052353762183,0,20,0,0,0,0,0,0,0,0,0.0,0,0,0
1767771910.1546843,16137296052353762183,0,21,0,0,0,0,0,0,0,0,0.0,0,0,0
1767771915.163383,16137296052353762183,0,0,17,33,15,0,1,4,3,82326,2862.583740234375,0,0,2
1767771915.163383,16137296052353762183,0,1,1,58,2,25,2,3,2,79789,4784.58740234375,0,0,3
1767771915.163383,16137296052353762183,0,2,19,2,13,0,0,4,3,84306,236.94192504882812,0,0,1
1767771915.163383,16137296052353762183,0,3,8,58,1,4,2,3,2,81029,4831.4365234375,0,0,3
1767771915.163383,16137296052353762183,0,4,7,58,12,6,2,3,2,80379,4829.19775390625,0,0,3
1767771915.163383,16137296052353762183,0,5,12,58,8,0,2,3,2,81216,4857.998046875,0,0,3
1767771915.163383,16137296052353762183,0,6,13,58,10,0,2,3,2,81244,4858.51025390625,0,0,3
1767771915.163383,16137296052353762183,0,7,4,58,5,12,2,3,2,79829,4800.7900390625,0,0,3
1767771915.163383,16137296052353762183,0,8,11,58,16,0,2,3,2,81058,4857.7373046875,0,0,3
1767771915.163383,16137296052353762183,0,9,2,58,4,18,2,3,2,80084,4789.87158203125,0,0,3
1767771915.163383,16137296052353762183,0,10,14,58,19,0,2,3,2,81334,4865.17431640625,0,0,3
1767771915.163383,16137296052353762183,0,11,15,58,14,0,2,3,2,81371,4865.95361328125,0,0,3
1767771915.163383,16137296052353762183,0,12,3,58,3,15,2,3,2,80300,4799.7841796875,0,0,3
1767771915.163383,16137296052353762183,0,13,9,58,11,2,3,3,2,80304,4841.787109375,0,0,4
1767771915.163383,16137296052353762183,0,14,6,58,7,8,2,3,2,80776,4828.75390625,0,0,3
1767771915.163383,16137296052353762183,0,15,16,57,9,0,2,3,2,82328,4802.5205078125,0,0,3
1767771915.163383,16137296052353762183,0,16,10,58,20,1,3,3,2,80828,4854.45361328125,0,0,4
1767771915.163383,16137296052353762183,0,17,5,58,6,10,2,3,2,80548,4808.76904296875,0,0,3
1767771915.163383,16137296052353762183,0,18,18,9,17,0,0,4,3,83068,788.0690307617188,0,0,1
1767771915.163383,16137296052353762183,0,19,20,0,18,0,0,4,1,0,4964.653981829062,0,0,1
1767771915.163383,16137296052353762183,0,20,0,0,0,0,0,0,0,0,0.0,0,0,0
1767771915.163383,16137296052353762183,0,21,0,0,0,0,0,0,0,0,0.0,0,0,0
1767771920.1754954,16137296052353762183,0,0,17,33,15,0,1,4,3,82326,2862.583740234375,0,0,2
1767771920.1754954,16137296052353762183,0,1,1,58,2,25,2,3,2,79789,4784.58740234375,0,0,3
1767771920.1754954,16137296052353762183,0,2,19,2,13,0,0,4,3,84306,236.94192504882812,0,0,1
1767771920.1754954,16137296052353762183,0,3,8,58,1,4,2,3,2,81029,4831.4365234375,0,0,3
1767771920.1754954,16137296052353762183,0,4,7,58,12,6,2,3,2,80379,4829.19775390625,0,0,3
1767771920.1754954,16137296052353762183,0,5,12,58,8,0,2,3,2,81216,4857.998046875,0,0,3
1767771920.1754954,16137296052353762183,0,6,13,58,10,0,2,3,2,81244,4858.51025390625,0,0,3
1767771920.1754954,16137296052353762183,0,7,4,58,5,12,2,3,2,79829,4800.7900390625,0,0,3
1767771920.1754954,16137296052353762183,0,8,11,58,16,0,2,3,2,81058,4857.7373046875,0,0,3
1767771920.1754954,16137296052353762183,0,9,2,58,4,18,2,3,2,80084,4789.87158203125,0,0,3
1767771920.1754954,16137296052353762183,0,10,14,58,19,0,2,3,2,81334,4865.17431640625,0,0,3
1767771920.1754954,16137296052353762183,0,11,15,58,14,0,2,3,2,81371,4865.95361328125,0,0,3
1767771920.1754954,16137296052353762183,0,12,3,58,3,15,2,3,2,80300,4799.7841796875,0,0,3
1767771920.1754954,16137296052353762183,0,13,9,58,11,2,3,3,2,80304,4841.787109375,0,0,4
1767771920.1754954,16137296052353762183,0,14,6,58,7,8,2,3,2,80776,4828.75390625,0,0,3
1767771920.1754954,16137296052353762183,0,15,16,57,9,0,2,3,2,82328,4802.5205078125,0,0,3
1767771920.1754954,16137296052353762183,0,16,10,58,20,1,3,3,2,80828,4854.45361328125,0,0,4
1767771920.1754954,16137296052353762183,0,17,5,58,6,10,2,3,2,80548,4808.76904296875,0,0,3
1767771920.1754954,16137296052353762183,0,18,18,9,17,0,0,4,3,83068,788.0690307617188,0,0,1
1767771920.1754954,16137296052353762183,0,19,20,0,18,0,0,4,1,0,4964.653981829062,0,0,1
1767771920.1754954,16137296052353762183,0,20,0,0,0,0,0,0,0,0,0.0,0,0,0
1767771920.1754954,16137296052353762183,0,21,0,0,0,0,0,0,0,0,0.0,0,0,0
1767771925.188146,16137296052353762183,0,0,17,33,15,0,1,4,3,82326,2862.583740234375,0,0,2
1767771925.188146,16137296052353762183,0,1,1,58,2,25,2,3,2,79789,4784.58740234375,0,0,3
1767771925.188146,16137296052353762183,0,2,19,2,13,0,0,4,3,84306,236.94192504882812,0,0,1
1767771925.188146,16137296052353762183,0,3,8,58,1,4,2,3,2,81029,4831.4365234375,0,0,3
1767771925.188146,16137296052353762183,0,4,7,58,12,6,2,3,2,80379,4829.19775390625,0,0,3
1767771925.188146,16137296052353762183,0,5,12,58,8,0,2,3,2,81216,4857.998046875,0,0,3
1767771925.188146,16137296052353762183,0,6,13,58,10,0,2,3,2,81244,4858.51025390625,0,0,3
1767771925.188146,16137296052353762183,0,7,4,58,5,12,2,3,2,79829,4800.7900390625,0,0,3
1767771925.188146,16137296052353762183,0,8,11,58,16,0,2,3,2,81058,4857.7373046875,0,0,3
1767771925.188146,16137296052353762183,0,9,2,58,4,18,2,3,2,80084,4789.87158203125,0,0,3
1767771925.188146,16137296052353762183,0,10,14,58,19,0,2,3,2,81334,4865.17431640625,0,0,3
1767771925.188146,16137296052353762183,0,11,15,58,14,0,2,3,2,81371,4865.95361328125,0,0,3
1767771925.188146,16137296052353762183,0,12,3,58,3,15,2,3,2,80300,4799.7841796875,0,0,3
1767771925.188146,16137296052353762183,0,13,9,58,11,2,3,3,2,80304,4841.787109375,0,0,4
1767771925.188146,16137296052353762183,0,14,6,58,7,8,2,3,2,80776,4828.75390625,0,0,3
1767771925.188146,16137296052353762183,0,15,16,57,9,0,2,3,2,82328,4802.5205078125,0,0,3
1767771925.188146,16137296052353762183,0,16,10,58,20,1,3,3,2,80828,4854.45361328125,0,0,4
1767771925.188146,16137296052353762183,0,17,5,58,6,10,2,3,2,80548,4808.76904296875,0,0,3
1767771925.188146,16137296052353762183,0,18,18,9,17,0,0,4,3,83068,788.0690307617188,0,0,1
1767771925.188146,16137296052353762183,0,19,20,0,18,0,0,4,1,0,4964.653981829062,0,0,1
1767771925.188146,16137296052353762183,0,20,0,0,0,0,0,0,0,0,0.0,0,0,0
1767771925.188146,16137296052353762183,0,21,0,0,0,0,0,0,0,0,0.0,0,0,0
1767771930.1922312,16137296052353762183,0,0,17,33,15,0,1,4,3,82326,2862.583740234375,0,0,2
1767771930.1922312,16137296052353762183,0,1,1,58,2,25,2,3,2,79789,4784.58740234375,0,0,3
1767771930.1922312,16137296052353762183,0,2,19,2,13,0,0,4,3,84306,236.94192504882812,0,0,1
1767771930.1922312,16137296052353762183,0,3,8,58,1,4,2,3,2,81029,4831.4365234375,0,0,3
1767771930.1922312,16137296052353762183,0,4,7,58,12,6,2,3,2,80379,4829.19775390625,0,0,3
1767771930.1922312,16137296052353762183,0,5,12,58,8,0,2,3,2,81216,4857.998046875,0,0,3
1767771930.1922312,16137296052353762183,0,6,13,58,10,0,2,3,2,81244,4858.51025390625,0,0,3
1767771930.1922312,16137296052353762183,0,7,4,58,5,12,2,3,2,79829,4800.7900390625,0,0,3
1767771930.1922312,16137296052353762183,0,8,11,58,16,0,2,3,2,81058,4857.7373046875,0,0,3
1767771930.1922312,16137296052353762183,0,9,2,58,4,18,2,3,2,80084,4789.87158203125,0,0,3
1767771930.1922312,16137296052353762183,0,10,14,58,19,0,2,3,2,81334,4865.17431640625,0,0,3
1767771930.1922312,16137296052353762183,0,11,15,58,14,0,2,3,2,81371,4865.95361328125,0,0,3
1767771930.1922312,16137296052353762183,0,12,3,58,3,15,2,3,2,80300,4799.7841796875,0,0,3
1767771930.1922312,16137296052353762183,0,13,9,58,11,2,3,3,2,80304,4841.787109375,0,0,4
1767771930.1922312,16137296052353762183,0,14,6,58,7,8,2,3,2,80776,4828.75390625,0,0,3
1767771930.1922312,16137296052353762183,0,15,16,57,9,0,2,3,2,82328,4802.5205078125,0,0,3
1767771930.1922312,16137296052353762183,0,16,10,58,20,1,3,3,2,80828,4854.45361328125,0,0,4
1767771930.1922312,16137296052353762183,0,17,5,58,6,10,2,3,2,80548,4808.76904296875,0,0,3
1767771930.1922312,16137296052353762183,0,18,18,9,17,0,0,4,3,83068,788.0690307617188,0,0,1
1767771930.1922312,16137296052353762183,0,19,20,0,18,0,0,4,1,0,4964.653981829062,0,0,1
1767771930.1922312,16137296052353762183,0,20,0,0,0,0,0,0,0,0,0.0,0,0,0
1767771930.1922312,16137296052353762183,0,21,0,0,0,0,0,0,0,0,0.0,0,0,0
1767771935.2009127,16137296052353762183,0,0,17,33,15,0,1,4,3,82326,2862.583740234375,0,0,2
1767771935.2009127,16137296052353762183,0,1,1,58,2,25,2,3,2,79789,4784.58740234375,0,0,3
1767771935.2009127,16137296052353762183,0,2,19,2,13,0,0,4,3,84306,236.94192504882812,0,0,1
1767771935.2009127,16137296052353762183,0,3,8,58,1,4,2,3,2,81029,4831.4365234375,0,0,3
1767771935.2009127,16137296052353762183,0,4,7,58,12,6,2,3,2,80379,4829.19775390625,0,0,3
1767771935.2009127,16137296052353762183,0,5,12,58,8,0,2,3,2,81216,4857.998046875,0,0,3
1767771935.2009127,16137296052353762183,0,6,13,58,10,0,2,3,2,81244,4858.51025390625,0,0,3
1767771935.2009127,16137296052353762183,0,7,4,58,5,12,2,3,2,79829,4800.7900390625,0,0,3
1767771935.2009127,16137296052353762183,0,8,11,58,16,0,2,3,2,81058,4857.7373046875,0,0,3
1767771935.2009127,16137296052353762183,0,9,2,58,4,18,2,3,2,80084,4789.87158203125,0,0,3
1767771935.2009127,16137296052353762183,0,10,14,58,19,0,2,3,2,81334,4865.17431640625,0,0,3
1767771935.2009127,16137296052353762183,0,11,15,58,14,0,2,3,2,81371,4865.95361328125,0,0,3
1767771935.2009127,16137296052353762183,0,12,3,58,3,15,2,3,2,80300,4799.7841796875,0,0,3
1767771935.2009127,16137296052353762183,0,13,9,58,11,2,3,3,2,80304,4841.787109375,0,0,4
1767771935.2009127,16137296052353762183,0,14,6,58,7,8,2,3,2,80776,4828.75390625,0,0,3
1767771935.2009127,16137296052353762183,0,15,16,57,9,0,2,3,2,82328,4802.5205078125,0,0,3
1767771935.2009127,16137296052353762183,0,16,10,58,20,1,3,3,2,80828,4854.45361328125,0,0,4
1767771935.2009127,16137296052353762183,0,17,5,58,6,10,2,3,2,80548,4808.76904296875,0,0,3
1767771935.2009127,16137296052353762183,0,18,18,9,17,0,0,4,3,83068,788.0690307617188,0,0,1
1767771935.2009127,16137296052353762183,0,19,20,0,18,0,0,4,1,0,4964.653981829062,0,0,1
1767771935.2009127,16137296052353762183,0,20,0,0,0,0,0,0,0,0,0.0,0,0,0
1767771935.2009127,16137296052353762183,0,21,0,0,0,0,0,0,0,0,0.0,0,0,0
1767771940.2117925,16137296052353762183,0,0,17,33,15,0,1,4,3,82326,2862.583740234375,0,0,2
1767771940.2117925,16137296052353762183,0,1,1,58,2,25,2,3,2,79789,4784.58740234375,0,0,3
1767771940.2117925,16137296052353762183,0,2,19,2,13,0,0,4,3,84306,236.94192504882812,0,0,1
1767771940.2117925,16137296052353762183,0,3,8,58,1,4,2,3,2,81029,4831.4365234375,0,0,3
1767771940.2117925,16137296052353762183,0,4,7,58,12,6,2,3,2,80379,4829.19775390625,0,0,3
1767771940.2117925,16137296052353762183,0,5,12,58,8,0,2,3,2,81216,4857.998046875,0,0,3
1767771940.2117925,16137296052353762183,0,6,13,58,10,0,2,3,2,81244,4858.51025390625,0,0,3
1767771940.2117925,16137296052353762183,0,7,4,58,5,12,2,3,2,79829,4800.7900390625,0,0,3
1767771940.2117925,16137296052353762183,0,8,11,58,16,0,2,3,2,81058,4857.7373046875,0,0,3
1767771940.2117925,16137296052353762183,0,9,2,58,4,18,2,3,2,80084,4789.87158203125,0,0,3
1767771940.2117925,16137296052353762183,0,10,14,58,19,0,2,3,2,81334,4865.17431640625,0,0,3
1767771940.2117925,16137296052353762183,0,11,15,58,14,0,2,3,2,81371,4865.95361328125,0,0,3
1767771940.2117925,16137296052353762183,0,12,3,58,3,15,2,3,2,80300,4799.7841796875,0,0,3
1767771940.2117925,16137296052353762183,0,13,9,58,11,2,3,3,2,80304,4841.787109375,0,0,4
1767771940.2117925,16137296052353762183,0,14,6,58,7,8,2,3,2,80776,4828.75390625,0,0,3
1767771940.2117925,16137296052353762183,0,15,16,57,9,0,2,3,2,82328,4802.5205078125,0,0,3
1767771940.2117925,16137296052353762183,0,16,10,58,20,1,3,3,2,80828,4854.45361328125,0,0,4
1767771940.2117925,16137296052353762183,0,17,5,58,6,10,2,3,2,80548,4808.76904296875,0,0,3
1767771940.2117925,16137296052353762183,0,18,18,9,17,0,0,4,3,83068,788.0690307617188,0,0,1
1767771940.2117925,16137296052353762183,0,19,20,0,18,0,0,4,1,0,4964.653981829062,0,0,1
1767771940.2117925,16137296052353762183,0,20,0,0,0,0,0,0,0,0,0.0,0,0,0
1767771940.2117925,16137296052353762183,0,21,0,0,0,0,0,0,0,0,0.0,0,0,0
1767771945.2361052,16137296052353762183,0,0,17,33,15,0,1,4,3,82326,2862.583740234375,0,0,2
1767771945.2361052,16137296052353762183,0,1,1,58,2,25,2,3,2,79789,4784.58740234375,0,0,3
1767771945.2361052,16137296052353762183,0,2,19,2,13,0,0,4,3,84306,236.94192504882812,0,0,1
1767771945.2361052,16137296052353762183,0,3,8,58,1,4,2,3,2,81029,4831.4365234375,0,0,3
1767771945.2361052,16137296052353762183,0,4,7,58,12,6,2,3,2,80379,4829.19775390625,0,0,3
1767771945.2361052,16137296052353762183,0,5,12,58,8,0,2,3,2,81216,4857.998046875,0,0,3
1767771945.2361052,16137296052353762183,0,6,13,58,10,0,2,3,2,81244,4858.51025390625,0,0,3
1767771945.2361052,16137296052353762183,0,7,4,58,5,12,2,3,2,79829,4800.7900390625,0,0,3
1767771945.2361052,16137296052353762183,0,8,11,58,16,0,2,3,2,81058,4857.7373046875,0,0,3
1767771945.2361052,16137296052353762183,0,9,2,58,4,18,2,3,2,80084,4789.87158203125,0,0,3
1767771945.2361052,16137296052353762183,0,10,14,58,19,0,2,3,2,81334,4865.17431640625,0,0,3
1767771945.2361052,16137296052353762183,0,11,15,58,14,0,2,3,2,81371,4865.95361328125,0,0,3
1767771945.2361052,16137296052353762183,0,12,3,58,3,15,2,3,2,80300,4799.7841796875,0,0,3
1767771945.2361052,16137296052353762183,0,13,9,58,11,2,3,3,2,80304,4841.787109375,0,0,4
1767771945.2361052,16137296052353762183,0,14,6,58,7,8,2,3,2,80776,4828.75390625,0,0,3
1767771945.2361052,16137296052353762183,0,15,16,57,9,0,2,3,2,82328,4802.5205078125,0,0,3
1767771945.2361052,16137296052353762183,0,16,10,58,20,1,3,3,2,80828,4854.45361328125,0,0,4
1767771945.2361052,16137296052353762183,0,17,5,58,6,10,2,3,2,80548,4808.76904296875,0,0,3
1767771945.2361052,16137296052353762183,0,18,18,9,17,0,0,4,3,83068,788.0690307617188,0,0,1
1767771945.2361052,16137296052353762183,0,19,20,0,18,0,0,4,1,0,4964.653981829062,0,0,1
1767771945.2361052,16137296052353762183,0,20,0,0,0,0,0,0,0,0,0.0,0,0,0
1767771945.2361052,16137296052353762183,0,21,0,0,0,0,0,0,0,0,0.0,0,0,0
1767771950.2487867,16137296052353762183,0,0,17,33,15,0,1,4,3,82326,2862.583740234375,0,0,2
1767771950.2487867,16137296052353762183,0,1,1,58,2,25,2,3,2,79789,4784.58740234375,0,0,3
1767771950.2487867,16137296052353762183,0,2,19,2,13,0,0,4,3,84306,236.94192504882812,0,0,1
1767771950.2487867,16137296052353762183,0,3,8,58,1,4,2,3,2,81029,4831.4365234375,0,0,3
1767771950.2487867,16137296052353762183,0,4,7,58,12,6,2,3,2,80379,4829.19775390625,0,0,3
1767771950.2487867,16137296052353762183,0,5,12,58,8,0,2,3,2,81216,4857.998046875,0,0,3
1767771950.2487867,16137296052353762183,0,6,13,58,10,0,2,3,2,81244,4858.51025390625,0,0,3
1767771950.2487867,16137296052353762183,0,7,4,58,5,12,2,3,2,79829,4800.7900390625,0,0,3
1767771950.2487867,16137296052353762183,0,8,11,58,16,0,2,3,2,81058,4857.7373046875,0,0,3
1767771950.2487867,16137296052353762183,0,9,2,58,4,18,2,3,2,80084,4789.87158203125,0,0,3
1767771950.2487867,16137296052353762183,0,10,14,58,19,0,2,3,2,81334,4865.17431640625,0,0,3
1767771950.2487867,16137296052353762183,0,11,15,58,14,0,2,3,2,81371,4865.95361328125,0,0,3
1767771950.2487867,16137296052353762183,0,12,3,58,3,15,2,3,2,80300,4799.7841796875,0,0,3
1767771950.2487867,16137296052353762183,0,13,9,58,11,2,3,3,2,80304,4841.787109375,0,0,4
1767771950.2487867,16137296052353762183,0,14,6,58,7,8,2,3,2,80776,4828.75390625,0,0,3
1767771950.2487867,16137296052353762183,0,15,16,57,9,0,2,3,2,82328,4802.5205078125,0,0,3
1767771950.2487867,16137296052353762183,0,16,10,58,20,1,3,3,2,80828,4854.45361328125,0,0,4
1767771950.2487867,16137296052353762183,0,17,5,58,6,10,2,3,2,80548,4808.76904296875,0,0,3
1767771950.2487867,16137296052353762183,0,18,18,9,17,0,0,4,3,83068,788.0690307617188,0,0,1
1767771950.2487867,16137296052353762183,0,19,20,0,18,0,0,4,1,0,4964.653981829062,0,0,1
1767771950.2487867,16137296052353762183,0,20,0,0,0,0,0,0,0,0,0.0,0,0,0
1767771950.2487867,16137296052353762183,0,21,0,0,0,0,0,0,0,0,0.0,0,0,0
1767771955.256787,16137296052353762183,0,0,17,33,15,0,1,4,3,82326,2862.583740234375,0,0,2
1767771955.256787,16137296052353762183,0,1,1,58,2,25,2,3,2,79789,4784.58740234375,0,0,3
1767771955.256787,16137296052353762183,0,2,19,2,13,0,0,4,3,84306,236.94192504882812,0,0,1
1767771955.256787,16137296052353762183,0,3,8,58,1,4,2,3,2,81029,4831.4365234375,0,0,3
1767771955.256787,16137296052353762183,0,4,7,58,12,6,2,3,2,80379,4829.19775390625,0,0,3
1767771955.256787,16137296052353762183,0,5,12,58,8,0,2,3,2,81216,4857.998046875,0,0,3
1767771955.256787,16137296052353762183,0,6,13,58,10,0,2,3,2,81244,4858.51025390625,0,0,3
1767771955.256787,16137296052353762183,0,7,4,58,5,12,2,3,2,79829,4800.7900390625,0,0,3
1767771955.256787,16137296052353762183,0,8,11,58,16,0,2,3,2,81058,4857.7373046875,0,0,3
1767771955.256787,16137296052353762183,0,9,2,58,4,18,2,3,2,80084,4789.87158203125,0,0,3
1767771955.256787,16137296052353762183,0,10,14,58,19,0,2,3,2,81334,4865.17431640625,0,0,3
1767771955.256787,16137296052353762183,0,11,15,58,14,0,2,3,2,81371,4865.95361328125,0,0,3
1767771955.256787,16137296052353762183,0,12,3,58,3,15,2,3,2,80300,4799.7841796875,0,0,3
1767771955.256787,16137296052353762183,0,13,9,58,11,2,3,3,2,80304,4841.787109375,0,0,4
1767771955.256787,16137296052353762183,0,14,6,58,7,8,2,3,2,80776,4828.75390625,0,0,3
1767771955.256787,16137296052353762183,0,15,16,57,9,0,2,3,2,82328,4802.5205078125,0,0,3
1767771955.256787,16137296052353762183,0,16,10,58,20,1,3,3,2,80828,4854.45361328125,0,0,4
1767771955.256787,16137296052353762183,0,17,5,58,6,10,2,3,2,80548,4808.76904296875,0,0,3
1767771955.256787,16137296052353762183,0,18,18,9,17,0,0,4,3,83068,788.0690307617188,0,0,1
1767771955.256787,16137296052353762183,0,19,20,0,18,0,0,4,1,0,4964.653981829062,0,0,1
1767771955.256787,16137296052353762183,0,20,0,0,0,0,0,0,0,0,0.0,0,0,0
1767771955.256787,16137296052353762183,0,21,0,0,0,0,0,0,0,0,0.0,0,0,0
1767771960.2670887,16137296052353762183,0,0,17,33,15,0,1,4,3,82326,2862.583740234375,0,0,2
1767771960.2670887,16137296052353762183,0,1,1,58,2,25,2,3,2,79789,4784.58740234375,0,0,3
1767771960.2670887,16137296052353762183,0,2,19,2,13,0,0,4,3,84306,236.94192504882812,0,0,1
1767771960.2670887,16137296052353762183,0,3,8,58,1,4,2,3,2,81029,4831.4365234375,0,0,3
1767771960.2670887,16137296052353762183,0,4,7,58,12,6,2,3,2,80379,4829.19775390625,0,0,3
1767771960.2670887,16137296052353762183,0,5,12,58,8,0,2,3,2,81216,4857.998046875,0,0,3
1767771960.2670887,16137296052353762183,0,6,13,58,10,0,2,3,2,81244,4858.51025390625,0,0,3
1767771960.2670887,16137296052353762183,0,7,4,58,5,12,2,3,2,79829,4800.7900390625,0,0,3
1767771960.2670887,16137296052353762183,0,8,11,58,16,0,2,3,2,81058,4857.7373046875,0,0,3
1767771960.2670887,16137296052353762183,0,9,2,58,4,18,2,3,2,80084,4789.87158203125,0,0,3
1767771960.2670887,16137296052353762183,0,10,14,58,19,0,2,3,2,81334,4865.17431640625,0,0,3
1767771960.2670887,16137296052353762183,0,11,15,58,14,0,2,3,2,81371,4865.95361328125,0,0,3
1767771960.2670887,16137296052353762183,0,12,3,58,3,15,2,3,2,80300,4799.7841796875,0,0,3
1767771960.2670887,16137296052353762183,0,13,9,58,11,2,3,3,2,80304,4841.787109375,0,0,4
1767771960.2670887,16137296052353762183,0,14,6,58,7,8,2,3,2,80776,4828.75390625,0,0,3
1767771960.2670887,16137296052353762183,0,15,16,57,9,0,2,3,2,82328,4802.5205078125,0,0,3
1767771960.2670887,16137296052353762183,0,16,10,58,20,1,3,3,2,80828,4854.45361328125,0,0,4
1767771960.2670887,16137296052353762183,0,17,5,58,6,10,2,3,2,80548,4808.76904296875,0,0,3
1767771960.2670887,16137296052353762183,0,18,18,9,17,0,0,4,3,83068,788.0690307617188,0,0,1
1767771960.2670887,16137296052353762183,0,19,20,0,18,0,0,4,1,0,4964.653981829062,0,0,1
1767771960.2670887,16137296052353762183,0,20,0,0,0,0,0,0,0,0,0.0,0,0,0
1767771960.2670887,16137296052353762183,0,21,0,0,0,0,0,0,0,0,0.0,0,0,0
1767771965.272506,16137296052353762183,0,0,17,33,15,0,1,4,3,82326,2862.583740234375,0,0,2
1767771965.272506,16137296052353762183,0,1,1,58,2,25,2,3,2,79789,4784.58740234375,0,0,3
1767771965.272506,16137296052353762183,0,2,19,2,13,0,0,4,3,84306,236.94192504882812,0,0,1
1767771965.272506,16137296052353762183,0,3,8,58,1,4,2,3,2,81029,4831.4365234375,0,0,3
1767771965.272506,16137296052353762183,0,4,7,58,12,6,2,3,2,80379,4829.19775390625,0,0,3
1767771965.272506,16137296052353762183,0,5,12,58,8,0,2,3,2,81216,4857.998046875,0,0,3
1767771965.272506,16137296052353762183,0,6,13,58,10,0,2,3,2,81244,4858.51025390625,0,0,3
1767771965.272506,16137296052353762183,0,7,4,58,5,12,2,3,2,79829,4800.7900390625,0,0,3
1767771965.272506,16137296052353762183,0,8,11,58,16,0,2,3,2,81058,4857.7373046875,0,0,3
1767771965.272506,16137296052353762183,0,9,2,58,4,18,2,3,2,80084,4789.87158203125,0,0,3
1767771965.272506,16137296052353762183,0,10,14,58,19,0,2,3,2,81334,4865.17431640625,0,0,3
1767771965.272506,16137296052353762183,0,11,15,58,14,0,2,3,2,81371,4865.95361328125,0,0,3
1767771965.272506,16137296052353762183,0,12,3,58,3,15,2,3,2,80300,4799.7841796875,0,0,3
1767771965.272506,16137296052353762183,0,13,9,58,11,2,3,3,2,80304,4841.787109375,0,0,4
1767771965.272506,16137296052353762183,0,14,6,58,7,8,2,3,2,80776,4828.75390625,0,0,3
1767771965.272506,16137296052353762183,0,15,16,57,9,0,2,3,2,82328,4802.5205078125,0,0,3
1767771965.272506,16137296052353762183,0,16,10,58,20,1,3,3,2,80828,4854.45361328125,0,0,4
1767771965.272506,16137296052353762183,0,17,5,58,6,10,2,3,2,80548,4808.76904296875,0,0,3
1767771965.272506,16137296052353762183,0,18,18,9,17,0,0,4,3,83068,788.0690307617188,0,0,1
1767771965.272506,16137296052353762183,0,19,20,0,18,0,0,4,1,0,4964.653981829062,0,0,1
1767771965.272506,16137296052353762183,0,20,0,0,0,0,0,0,0,0,0.0,0,0,0
1767771965.272506,16137296052353762183,0,21,0,0,0,0,0,0,0,0,0.0,0,0,0
1767771970.2834654,16137296052353762183,0,0,17,33,15,0,1,4,3,82326,2862.583740234375,0,0,2
1767771970.2834654,16137296052353762183,0,1,1,58,2,25,2,3,2,79789,4784.58740234375,0,0,3
1767771970.2834654,16137296052353762183,0,2,19,2,13,0,0,4,3,84306,236.94192504882812,0,0,1
1767771970.2834654,16137296052353762183,0,3,8,58,1,4,2,3,2,81029,4831.4365234375,0,0,3
1767771970.2834654,16137296052353762183,0,4,7,58,12,6,2,3,2,80379,4829.19775390625,0,0,3
1767771970.2834654,16137296052353762183,0,5,12,58,8,0,2,3,2,81216,4857.998046875,0,0,3
1767771970.2834654,16137296052353762183,0,6,13,58,10,0,2,3,2,81244,4858.51025390625,0,0,3
1767771970.2834654,16137296052353762183,0,7,4,58,5,12,2,3,2,79829,4800.7900390625,0,0,3
1767771970.2834654,16137296052353762183,0,8,11,58,16,0,2,3,2,81058,4857.7373046875,0,0,3
1767771970.2834654,16137296052353762183,0,9,2,58,4,18,2,3,2,80084,4789.87158203125,0,0,3
1767771970.2834654,16137296052353762183,0,10,14,58,19,0,2,3,2,81334,4865.17431640625,0,0,3
1767771970.2834654,16137296052353762183,0,11,15,58,14,0,2,3,2,81371,4865.95361328125,0,0,3
1767771970.2834654,16137296052353762183,0,12,3,58,3,15,2,3,2,80300,4799.7841796875,0,0,3
1767771970.2834654,16137296052353762183,0,13,9,58,11,2,3,3,2,80304,4841.787109375,0,0,4
1767771970.2834654,16137296052353762183,0,14,6,58,7,8,2,3,2,80776,4828.75390625,0,0,3
1767771970.2834654,16137296052353762183,0,15,16,57,9,0,2,3,2,82328,4802.5205078125,0,0,3
1767771970.2834654,16137296052353762183,0,16,10,58,20,1,3,3,2,80828,4854.45361328125,0,0,4
1767771970.2834654,16137296052353762183,0,17,5,58,6,10,2,3,2,80548,4808.76904296875,0,0,3
1767771970.2834654,16137296052353762183,0,18,18,9,17,0,0,4,3,83068,788.0690307617188,0,0,1
1767771970.2834654,16137296052353762183,0,19,20,0,18,0,0,4,1,0,4964.653981829062,0,0,1
1767771970.2834654,16137296052353762183,0,20,0,0,0,0,0,0,0,0,0.0,0,0,0
1767771970.2834654,16137296052353762183,0,21,0,0,0,0,0,0,0,0,0.0,0,0,0
1767771975.2877223,16137296052353762183,0,0,17,33,15,0,1,4,3,82326,2862.583740234375,0,0,2
1767771975.2877223,16137296052353762183,0,1,1,58,2,25,2,3,2,79789,4784.58740234375,0,0,3
1767771975.2877223,16137296052353762183,0,2,19,2,13,0,0,4,3,84306,236.94192504882812,0,0,1
1767771975.2877223,16137296052353762183,0,3,8,58,1,4,2,3,2,81029,4831.4365234375,0,0,3
1767771975.2877223,16137296052353762183,0,4,7,58,12,6,2,3,2,80379,4829.19775390625,0,0,3
1767771975.2877223,16137296052353762183,0,5,12,58,8,0,2,3,2,81216,4857.998046875,0,0,3
1767771975.2877223,16137296052353762183,0,6,13,58,10,0,2,3,2,81244,4858.51025390625,0,0,3
1767771975.2877223,16137296052353762183,0,7,4,58,5,12,2,3,2,79829,4800.7900390625,0,0,3
1767771975.2877223,16137296052353762183,0,8,11,58,16,0,2,3,2,81058,4857.7373046875,0,0,3
1767771975.2877223,16137296052353762183,0,9,2,58,4,18,2,3,2,80084,4789.87158203125,0,0,3
1767771975.2877223,16137296052353762183,0,10,14,58,19,0,2,3,2,81334,4865.17431640625,0,0,3
1767771975.2877223,16137296052353762183,0,11,15,58,14,0,2,3,2,81371,4865.95361328125,0,0,3
1767771975.2877223,16137296052353762183,0,12,3,58,3,15,2,3,2,80300,4799.7841796875,0,0,3
1767771975.2877223,16137296052353762183,0,13,9,58,11,2,3,3,2,80304,4841.787109375,0,0,4
1767771975.2877223,16137296052353762183,0,14,6,58,7,8,2,3,2,80776,4828.75390625,0,0,3
1767771975.2877223,16137296052353762183,0,15,16,57,9,0,2,3,2,82328,4802.5205078125,0,0,3
1767771975.2877223,16137296052353762183,0,16,10,58,20,1,3,3,2,80828,4854.45361328125,0,0,4
1767771975.2877223,16137296052353762183,0,17,5,58,6,10,2,3,2,80548,4808.76904296875,0,0,3
1767771975.2877223,16137296052353762183,0,18,18,9,17,0,0,4,3,83068,788.0690307617188,0,0,1
1767771975.2877223,16137296052353762183,0,19,20,0,18,0,0,4,1,0,4964.653981829062,0,0,1
1767771975.2877223,16137296052353762183,0,20,0,0,0,0,0,0,0,0,0.0,0,0,0
1767771975.2877223,16137296052353762183,0,21,0,0,0,0,0,0,0,0,0.0,0,0,0
1767771980.3091671,16137296052353762183,0,0,17,33,15,0,1,4,3,82326,2862.583740234375,0,0,2
1767771980.3091671,16137296052353762183,0,1,1,58,2,25,2,3,2,79789,4784.58740234375,0,0,3
1767771980.3091671,16137296052353762183,0,2,19,2,13,0,0,4,3,84306,236.94192504882812,0,0,1
1767771980.3091671,16137296052353762183,0,3,8,58,1,4,2,3,2,81029,4831.4365234375,0,0,3
1767771980.3091671,16137296052353762183,0,4,7,58,12,6,2,3,2,80379,4829.19775390625,0,0,3
1767771980.3091671,16137296052353762183,0,5,12,58,8,0,2,3,2,81216,4857.998046875,0,0,3
1767771980.3091671,16137296052353762183,0,6,13,58,10,0,2,3,2,81244,4858.51025390625,0,0,3
1767771980.3091671,16137296052353762183,0,7,4,58,5,12,2,3,2,79829,4800.7900390625,0,0,3
1767771980.3091671,16137296052353762183,0,8,11,58,16,0,2,3,2,81058,4857.7373046875,0,0,3
1767771980.3091671,16137296052353762183,0,9,2,58,4,18,2,3,2,80084,4789.87158203125,0,0,3
1767771980.3091671,16137296052353762183,0,10,14,58,19,0,2,3,2,81334,4865.17431640625,0,0,3
1767771980.3091671,16137296052353762183,0,11,15,58,14,0,2,3,2,81371,4865.95361328125,0,0,3
1767771980.3091671,16137296052353762183,0,12,3,58,3,15,2,3,2,80300,4799.7841796875,0,0,3
1767771980.3091671,16137296052353762183,0,13,9,58,11,2,3,3,2,80304,4841.787109375,0,0,4
1767771980.3091671,16137296052353762183,0,14,6,58,7,8,2,3,2,80776,4828.75390625,0,0,3
1767771980.3091671,16137296052353762183,0,15,16,57,9,0,2,3,2,82328,4802.5205078125,0,0,3
1767771980.3091671,16137296052353762183,0,16,10,58,20,1,3,3,2,80828,4854.45361328125,0,0,4
1767771980.3091671,16137296052353762183,0,17,5,58,6,10,2,3,2,80548,4808.76904296875,0,0,3
1767771980.3091671,16137296052353762183,0,18,18,9,17,0,0,4,3,83068,788.0690307617188,0,0,1
1767771980.3091671,16137296052353762183,0,19,20,0,18,0,0,4,1,0,4964.653981829062,0,0,1
1767771980.3091671,16137296052353762183,0,20,0,0,0,0,0,0,0,0,0.0,0,0,0
1767771980.3091671,16137296052353762183,0,21,0,0,0,0,0,0,0,0,0.0,0,0,0
1767771985.3138547,16137296052353762183,0,0,17,33,15,0,1,4,3,82326,2862.583740234375,0,0,2
1767771985.3138547,16137296052353762183,0,1,1,58,2,25,2,3,2,79789,4784.58740234375,0,0,3
1767771985.3138547,16137296052353762183,0,2,19,2,13,0,0,4,3,84306,236.94192504882812,0,0,1
1767771985.3138547,16137296052353762183,0,3,8,58,1,4,2,3,2,81029,4831.4365234375,0,0,3
1767771985.3138547,16137296052353762183,0,4,7,58,12,6,2,3,2,80379,4829.19775390625,0,0,3
1767771985.3138547,16137296052353762183,0,5,12,58,8,0,2,3,2,81216,4857.998046875,0,0,3
1767771985.3138547,16137296052353762183,0,6,13,58,10,0,2,3,2,81244,4858.51025390625,0,0,3
1767771985.3138547,16137296052353762183,0,7,4,58,5,12,2,3,2,79829,4800.7900390625,0,0,3
1767771985.3138547,16137296052353762183,0,8,11,58,16,0,2,3,2,81058,4857.7373046875,0,0,3
1767771985.3138547,16137296052353762183,0,9,2,58,4,18,2,3,2,80084,4789.87158203125,0,0,3
1767771985.3138547,16137296052353762183,0,10,14,58,19,0,2,3,2,81334,4865.17431640625,0,0,3
1767771985.3138547,16137296052353762183,0,11,15,58,14,0,2,3,2,81371,4865.95361328125,0,0,3
1767771985.3138547,16137296052353762183,0,12,3,58,3,15,2,3,2,80300,4799.7841796875,0,0,3
1767771985.3138547,16137296052353762183,0,13,9,58,11,2,3,3,2,80304,4841.787109375,0,0,4
1767771985.3138547,16137296052353762183,0,14,6,58,7,8,2,3,2,80776,4828.75390625,0,0,3
1767771985.3138547,16137296052353762183,0,15,16,57,9,0,2,3,2,82328,4802.5205078125,0,0,3
1767771985.3138547,16137296052353762183,0,16,10,58,20,1,3,3,2,80828,4854.45361328125,0,0,4
1767771985.3138547,16137296052353762183,0,17,5,58,6,10,2,3,2,80548,4808.76904296875,0,0,3
1767771985.3138547,16137296052353762183,0,18,18,9,17,0,0,4,3,83068,788.0690307617188,0,0,1
1767771985.3138547,16137296052353762183,0,19,20,0,18,0,0,4,1,0,4964.653981829062,0,0,1
1767771985.3138547,16137296052353762183,0,20,0,0,0,0,0,0,0,0,0.0,0,0,0
1767771985.3138547,16137296052353762183,0,21,0,0,0,0,0,0,0,0,0.0,0,0,0
1767771990.3232484,16137296052353762183,0,0,17,33,15,0,1,4,3,82326,2862.583740234375,0,0,2
1767771990.3232484,16137296052353762183,0,1,1,58,2,25,2,3,2,79789,4784.58740234375,0,0,3
1767771990.3232484,16137296052353762183,0,2,19,2,13,0,0,4,3,84306,236.94192504882812,0,0,1
1767771990.3232484,16137296052353762183,0,3,8,58,1,4,2,3,2,81029,4831.4365234375,0,0,3
1767771990.3232484,16137296052353762183,0,4,7,58,12,6,2,3,2,80379,4829.19775390625,0,0,3
1767771990.3232484,16137296052353762183,0,5,12,58,8,0,2,3,2,81216,4857.998046875,0,0,3
1767771990.3232484,16137296052353762183,0,6,13,58,10,0,2,3,2,81244,4858.51025390625,0,0,3
1767771990.3232484,16137296052353762183,0,7,4,58,5,12,2,3,2,79829,4800.7900390625,0,0,3
1767771990.3232484,16137296052353762183,0,8,11,58,16,0,2,3,2,81058,4857.7373046875,0,0,3
1767771990.3232484,16137296052353762183,0,9,2,58,4,18,2,3,2,80084,4789.87158203125,0,0,3
1767771990.3232484,16137296052353762183,0,10,14,58,19,0,2,3,2,81334,4865.17431640625,0,0,3
1767771990.3232484,16137296052353762183,0,11,15,58,14,0,2,3,2,81371,4865.95361328125,0,0,3
1767771990.3232484,16137296052353762183,0,12,3,58,3,15,2,3,2,80300,4799.7841796875,0,0,3
1767771990.3232484,16137296052353762183,0,13,9,58,11,2,3,3,2,80304,4841.787109375,0,0,4
1767771990.3232484,16137296052353762183,0,14,6,58,7,8,2,3,2,80776,4828.75390625,0,0,3
1767771990.3232484,16137296052353762183,0,15,16,57,9,0,2,3,2,82328,4802.5205078125,0,0,3
1767771990.3232484,16137296052353762183,0,16,10,58,20,1,3,3,2,80828,4854.45361328125,0,0,4
1767771990.3232484,16137296052353762183,0,17,5,58,6,10,2,3,2,80548,4808.76904296875,0,0,3
1767771990.3232484,16137296052353762183,0,18,18,9,17,0,0,4,3,83068,788.0690307617188,0,0,1
1767771990.3232484,16137296052353762183,0,19,20,0,18,0,0,4,1,0,4964.653981829062,0,0,1
1767771990.3232484,16137296052353762183,0,20,0,0,0,0,0,0,0,0,0.0,0,0,0
1767771990.3232484,16137296052353762183,0,21,0,0,0,0,0,0,0,0,0.0,0,0,0
1767771995.346811,16137296052353762183,0,0,17,33,15,0,1,4,3,82326,2862.583740234375,0,0,2
1767771995.346811,16137296052353762183,0,1,1,58,2,25,2,3,2,79789,4784.58740234375,0,0,3
1767771995.346811,16137296052353762183,0,2,19,2,13,0,0,4,3,84306,236.94192504882812,0,0,1
1767771995.346811,16137296052353762183,0,3,8,58,1,4,2,3,2,81029,4831.4365234375,0,0,3
1767771995.346811,16137296052353762183,0,4,7,58,12,6,2,3,2,80379,4829.19775390625,0,0,3
1767771995.346811,16137296052353762183,0,5,12,58,8,0,2,3,2,81216,4857.998046875,0,0,3
1767771995.346811,16137296052353762183,0,6,13,58,10,0,2,3,2,81244,4858.51025390625,0,0,3
1767771995.346811,16137296052353762183,0,7,4,58,5,12,2,3,2,79829,4800.7900390625,0,0,3
1767771995.346811,16137296052353762183,0,8,11,58,16,0,2,3,2,81058,4857.7373046875,0,0,3
1767771995.346811,16137296052353762183,0,9,2,58,4,18,2,3,2,80084,4789.87158203125,0,0,3
1767771995.346811,16137296052353762183,0,10,14,58,19,0,2,3,2,81334,4865.17431640625,0,0,3
1767771995.346811,16137296052353762183,0,11,15,58,14,0,2,3,2,81371,4865.95361328125,0,0,3
1767771995.346811,16137296052353762183,0,12,3,58,3,15,2,3,2,80300,4799.7841796875,0,0,3
1767771995.346811,16137296052353762183,0,13,9,58,11,2,3,3,2,80304,4841.787109375,0,0,4
1767771995.346811,16137296052353762183,0,14,6,58,7,8,2,3,2,80776,4828.75390625,0,0,3
1767771995.346811,16137296052353762183,0,15,16,57,9,0,2,3,2,82328,4802.5205078125,0,0,3
1767771995.346811,16137296052353762183,0,16,10,58,20,1,3,3,2,80828,4854.45361328125,0,0,4
1767771995.346811,16137296052353762183,0,17,5,58,6,10,2,3,2,80548,4808.76904296875,0,0,3
1767771995.346811,16137296052353762183,0,18,18,9,17,0,0,4,3,83068,788.0690307617188,0,0,1
1767771995.346811,16137296052353762183,0,19,20,0,18,0,0,4,1,0,4964.653981829062,0,0,1
1767771995.346811,16137296052353762183,0,20,0,0,0,0,0,0,0,0,0.0,0,0,0
1767771995.346811,16137296052353762183,0,21,0,0,0,0,0,0,0,0,0.0,0,0,0
1767772000.3524988,16137296052353762183,0,0,17,33,15,0,1,4,3,82326,2862.583740234375,0,0,2
1767772000.3524988,16137296052353762183,0,1,1,58,2,25,2,3,2,79789,4784.58740234375,0,0,3
1767772000.3524988,16137296052353762183,0,2,19,2,13,0,0,4,3,84306,236.94192504882812,0,0,1
1767772000.3524988,16137296052353762183,0,3,8,58,1,4,2,3,2,81029,4831.4365234375,0,0,3
1767772000.3524988,16137296052353762183,0,4,7,58,12,6,2,3,2,80379,4829.19775390625,0,0,3
1767772000.3524988,16137296052353762183,0,5,12,58,8,0,2,3,2,81216,4857.998046875,0,0,3
1767772000.3524988,16137296052353762183,0,6,13,58,10,0,2,3,2,81244,4858.51025390625,0,0,3
1767772000.3524988,16137296052353762183,0,7,4,58,5,12,2,3,2,79829,4800.7900390625,0,0,3
1767772000.3524988,16137296052353762183,0,8,11,58,16,0,2,3,2,81058,4857.7373046875,0,0,3
1767772000.3524988,16137296052353762183,0,9,2,58,4,18,2,3,2,80084,4789.87158203125,0,0,3
1767772000.3524988,16137296052353762183,0,10,14,58,19,0,2,3,2,81334,4865.17431640625,0,0,3
1767772000.3524988,16137296052353762183,0,11,15,58,14,0,2,3,2,81371,4865.95361328125,0,0,3
1767772000.3524988,16137296052353762183,0,12,3,58,3,15,2,3,2,80300,4799.7841796875,0,0,3
1767772000.3524988,16137296052353762183,0,13,9,58,11,2,3,3,2,80304,4841.787109375,0,0,4
1767772000.3524988,16137296052353762183,0,14,6,58,7,8,2,3,2,80776,4828.75390625,0,0,3
1767772000.3524988,16137296052353762183,0,15,16,57,9,0,2,3,2,82328,4802.5205078125,0,0,3
1767772000.3524988,16137296052353762183,0,16,10,58,20,1,3,3,2,80828,4854.45361328125,0,0,4
1767772000.3524988,16137296052353762183,0,17,5,58,6,10,2,3,2,80548,4808.76904296875,0,0,3
1767772000.3524988,16137296052353762183,0,18,18,9,17,0,0,4,3,83068,788.0690307617188,0,0,1
1767772000.3524988,16137296052353762183,0,19,20,0,18,0,0,4,1,0,4964.653981829062,0,0,1
1767772000.3524988,16137296052353762183,0,20,0,0,0,0,0,0,0,0,0.0,0,0,0
1767772000.3524988,16137296052353762183,0,21,0,0,0,0,0,0,0,0,0.0,0,0,0
1767772005.357365,16137296052353762183,0,0,17,33,15,0,1,4,3,82326,2862.583740234375,0,0,2
1767772005.357365,16137296052353762183,0,1,1,58,2,25,2,3,2,79789,4784.58740234375,0,0,3
1767772005.357365,16137296052353762183,0,2,19,2,13,0,0,4,3,84306,236.94192504882812,0,0,1
1767772005.357365,16137296052353762183,0,3,8,58,1,4,2,3,2,81029,4831.4365234375,0,0,3
1767772005.357365,16137296052353762183,0,4,7,58,12,6,2,3,2,80379,4829.19775390625,0,0,3
1767772005.357365,16137296052353762183,0,5,12,58,8,0,2,3,2,81216,4857.998046875,0,0,3
1767772005.357365,16137296052353762183,0,6,13,58,10,0,2,3,2,81244,4858.51025390625,0,0,3
1767772005.357365,16137296052353762183,0,7,4,58,5,12,2,3,2,79829,4800.7900390625,0,0,3
1767772005.357365,16137296052353762183,0,8,11,58,16,0,2,3,2,81058,4857.7373046875,0,0,3
1767772005.357365,16137296052353762183,0,9,2,58,4,18,2,3,2,80084,4789.87158203125,0,0,3
1767772005.357365,16137296052353762183,0,10,14,58,19,0,2,3,2,81334,4865.17431640625,0,0,3
1767772005.357365,16137296052353762183,0,11,15,58,14,0,2,3,2,81371,4865.95361328125,0,0,3
1767772005.357365,16137296052353762183,0,12,3,58,3,15,2,3,2,80300,4799.7841796875,0,0,3
1767772005.357365,16137296052353762183,0,13,9,58,11,2,3,3,2,80304,4841.787109375,0,0,4
1767772005.357365,16137296052353762183,0,14,6,58,7,8,2,3,2,80776,4828.75390625,0,0,3
1767772005.357365,16137296052353762183,0,15,16,57,9,0,2,3,2,82328,4802.5205078125,0,0,3
1767772005.357365,16137296052353762183,0,16,10,58,20,1,3,3,2,80828,4854.45361328125,0,0,4
1767772005.357365,16137296052353762183,0,17,5,58,6,10,2,3,2,80548,4808.76904296875,0,0,3
1767772005.357365,16137296052353762183,0,18,18,9,17,0,0,4,3,83068,788.0690307617188,0,0,1
1767772005.357365,16137296052353762183,0,19,20,0,18,0,0,4,1,0,4964.653981829062,0,0,1
1767772005.357365,16137296052353762183,0,20,0,0,0,0,0,0,0,0,0.0,0,0,0
1767772005.357365,16137296052353762183,0,21,0,0,0,0,0,0,0,0,0.0,0,0,0
1767772010.368322,16137296052353762183,0,0,17,33,15,0,1,4,3,82326,2862.583740234375,0,0,2
1767772010.368322,16137296052353762183,0,1,1,58,2,25,2,3,2,79789,4784.58740234375,0,0,3
1767772010.368322,16137296052353762183,0,2,19,2,13,0,0,4,3,84306,236.94192504882812,0,0,1
1767772010.368322,16137296052353762183,0,3,8,58,1,4,2,3,2,81029,4831.4365234375,0,0,3
1767772010.368322,16137296052353762183,0,4,7,58,12,6,2,3,2,80379,4829.19775390625,0,0,3
1767772010.368322,16137296052353762183,0,5,12,58,8,0,2,3,2,81216,4857.998046875,0,0,3
1767772010.368322,16137296052353762183,0,6,13,58,10,0,2,3,2,81244,4858.51025390625,0,0,3
1767772010.368322,16137296052353762183,0,7,4,58,5,12,2,3,2,79829,4800.7900390625,0,0,3
1767772010.368322,16137296052353762183,0,8,11,58,16,0,2,3,2,81058,4857.7373046875,0,0,3
1767772010.368322,16137296052353762183,0,9,2,58,4,18,2,3,2,80084,4789.87158203125,0,0,3
1767772010.368322,16137296052353762183,0,10,14,58,19,0,2,3,2,81334,4865.17431640625,0,0,3
1767772010.368322,16137296052353762183,0,11,15,58,14,0,2,3,2,81371,4865.95361328125,0,0,3
1767772010.368322,16137296052353762183,0,12,3,58,3,15,2,3,2,80300,4799.7841796875,0,0,3
1767772010.368322,16137296052353762183,0,13,9,58,11,2,3,3,2,80304,4841.787109375,0,0,4
1767772010.368322,16137296052353762183,0,14,6,58,7,8,2,3,2,80776,4828.75390625,0,0,3
1767772010.368322,16137296052353762183,0,15,16,57,9,0,2,3,2,82328,4802.5205078125,0,0,3
1767772010.368322,16137296052353762183,0,16,10,58,20,1,3,3,2,80828,4854.45361328125,0,0,4
1767772010.368322,16137296052353762183,0,17,5,58,6,10,2,3,2,80548,4808.76904296875,0,0,3
1767772010.368322,16137296052353762183,0,18,18,9,17,0,0,4,3,83068,788.0690307617188,0,0,1
1767772010.368322,16137296052353762183,0,19,20,0,18,0,0,4,1,0,4964.653981829062,0,0,1
1767772010.368322,16137296052353762183,0,20,0,0,0,0,0,0,0,0,0.0,0,0,0
1767772010.368322,16137296052353762183,0,21,0,0,0,0,0,0,0,0,0.0,0,0,0
1767772015.3735502,16137296052353762183,0,0,17,33,15,0,1,4,3,82326,2862.583740234375,0,0,2
1767772015.3735502,16137296052353762183,0,1,1,58,2,25,2,3,2,79789,4784.58740234375,0,0,3
1767772015.3735502,16137296052353762183,0,2,19,2,13,0,0,4,3,84306,236.94192504882812,0,0,1
1767772015.3735502,16137296052353762183,0,3,8,58,1,4,2,3,2,81029,4831.4365234375,0,0,3
1767772015.3735502,16137296052353762183,0,4,7,58,12,6,2,3,2,80379,4829.19775390625,0,0,3
1767772015.3735502,16137296052353762183,0,5,12,58,8,0,2,3,2,81216,4857.998046875,0,0,3
1767772015.3735502,16137296052353762183,0,6,13,58,10,0,2,3,2,81244,4858.51025390625,0,0,3
1767772015.3735502,16137296052353762183,0,7,4,58,5,12,2,3,2,79829,4800.7900390625,0,0,3
1767772015.3735502,16137296052353762183,0,8,11,58,16,0,2,3,2,81058,4857.7373046875,0,0,3
1767772015.3735502,16137296052353762183,0,9,2,58,4,18,2,3,2,80084,4789.87158203125,0,0,3
1767772015.3735502,16137296052353762183,0,10,14,58,19,0,2,3,2,81334,4865.17431640625,0,0,3
1767772015.3735502,16137296052353762183,0,11,15,58,14,0,2,3,2,81371,4865.95361328125,0,0,3
1767772015.3735502,16137296052353762183,0,12,3,58,3,15,2,3,2,80300,4799.7841796875,0,0,3
1767772015.3735502,16137296052353762183,0,13,9,58,11,2,3,3,2,80304,4841.787109375,0,0,4
1767772015.3735502,16137296052353762183,0,14,6,58,7,8,2,3,2,80776,4828.75390625,0,0,3
1767772015.3735502,16137296052353762183,0,15,16,57,9,0,2,3,2,82328,4802.5205078125,0,0,3
1767772015.3735502,16137296052353762183,0,16,10,58,20,1,3,3,2,80828,4854.45361328125,0,0,4
1767772015.3735502,16137296052353762183,0,17,5,58,6,10,2,3,2,80548,4808.76904296875,0,0,3
1767772015.3735502,16137296052353762183,0,18,18,9,17,0,0,4,3,83068,788.0690307617188,0,0,1
1767772015.3735502,16137296052353762183,0,19,20,0,18,0,0,4,1,0,4964.653981829062,0,0,1
1767772015.3735502,16137296052353762183,0,20,0,0,0,0,0,0,0,0,0.0,0,0,0
1767772015.3735502,16137296052353762183,0,21,0,0,0,0,0,0,0,0,0.0,0,0,0
1767772020.397746,16137296052353762183,0,0,17,33,15,0,1,4,3,82326,2862.583740234375,0,0,2
1767772020.397746,16137296052353762183,0,1,1,58,2,25,2,3,2,79789,4784.58740234375,0,0,3
1767772020.397746,16137296052353762183,0,2,19,2,13,0,0,4,3,84306,236.94192504882812,0,0,1
1767772020.397746,16137296052353762183,0,3,8,58,1,4,2,3,2,81029,4831.4365234375,0,0,3
1767772020.397746,16137296052353762183,0,4,7,58,12,6,2,3,2,80379,4829.19775390625,0,0,3
1767772020.397746,16137296052353762183,0,5,12,58,8,0,2,3,2,81216,4857.998046875,0,0,3
1767772020.397746,16137296052353762183,0,6,13,58,10,0,2,3,2,81244,4858.51025390625,0,0,3
1767772020.397746,16137296052353762183,0,7,4,58,5,12,2,3,2,79829,4800.7900390625,0,0,3
1767772020.397746,16137296052353762183,0,8,11,58,16,0,2,3,2,81058,4857.7373046875,0,0,3
1767772020.397746,16137296052353762183,0,9,2,58,4,18,2,3,2,80084,4789.87158203125,0,0,3
1767772020.397746,16137296052353762183,0,10,14,58,19,0,2,3,2,81334,4865.17431640625,0,0,3
1767772020.397746,16137296052353762183,0,11,15,58,14,0,2,3,2,81371,4865.95361328125,0,0,3
1767772020.397746,16137296052353762183,0,12,3,58,3,15,2,3,2,80300,4799.7841796875,0,0,3
1767772020.397746,16137296052353762183,0,13,9,58,11,2,3,3,2,80304,4841.787109375,0,0,4
1767772020.397746,16137296052353762183,0,14,6,58,7,8,2,3,2,80776,4828.75390625,0,0,3
1767772020.397746,16137296052353762183,0,15,16,57,9,0,2,3,2,82328,4802.5205078125,0,0,3
1767772020.397746,16137296052353762183,0,16,10,58,20,1,3,3,2,80828,4854.45361328125,0,0,4
1767772020.397746,16137296052353762183,0,17,5,58,6,10,2,3,2,80548,4808.76904296875,0,0,3
1767772020.397746,16137296052353762183,0,18,18,9,17,0,0,4,3,83068,788.0690307617188,0,0,1
1767772020.397746,16137296052353762183,0,19,20,0,18,0,0,4,1,0,4964.653981829062,0,0,1
1767772020.397746,16137296052353762183,0,20,0,0,0,0,0,0,0,0,0.0,0,0,0
1767772020.397746,16137296052353762183,0,21,0,0,0,0,0,0,0,0,0.0,0,0,0
1767772025.4220042,16137296052353762183,0,0,17,33,15,0,1,4,3,82326,2862.583740234375,0,0,2
1767772025.4220042,16137296052353762183,0,1,1,58,2,25,2,3,2,79789,4784.58740234375,0,0,3
1767772025.4220042,16137296052353762183,0,2,19,2,13,0,0,4,3,84306,236.94192504882812,0,0,1
1767772025.4220042,16137296052353762183,0,3,8,58,1,4,2,3,2,81029,4831.4365234375,0,0,3
1767772025.4220042,16137296052353762183,0,4,7,58,12,6,2,3,2,80379,4829.19775390625,0,0,3
1767772025.4220042,16137296052353762183,0,5,12,58,8,0,2,3,2,81216,4857.998046875,0,0,3
1767772025.4220042,16137296052353762183,0,6,13,58,10,0,2,3,2,81244,4858.51025390625,0,0,3
1767772025.4220042,16137296052353762183,0,7,4,58,5,12,2,3,2,79829,4800.7900390625,0,0,3
1767772025.4220042,16137296052353762183,0,8,11,58,16,0,2,3,2,81058,4857.7373046875,0,0,3
1767772025.4220042,16137296052353762183,0,9,2,58,4,18,2,3,2,80084,4789.87158203125,0,0,3
1767772025.4220042,16137296052353762183,0,10,14,58,19,0,2,3,2,81334,4865.17431640625,0,0,3
1767772025.4220042,16137296052353762183,0,11,15,58,14,0,2,3,2,81371,4865.95361328125,0,0,3
1767772025.4220042,16137296052353762183,0,12,3,58,3,15,2,3,2,80300,4799.7841796875,0,0,3
1767772025.4220042,16137296052353762183,0,13,9,58,11,2,3,3,2,80304,4841.787109375,0,0,4
1767772025.4220042,16137296052353762183,0,14,6,58,7,8,2,3,2,80776,4828.75390625,0,0,3
1767772025.4220042,16137296052353762183,0,15,16,57,9,0,2,3,2,82328,4802.5205078125,0,0,3
1767772025.4220042,16137296052353762183,0,16,10,58,20,1,3,3,2,80828,4854.45361328125,0,0,4
1767772025.4220042,16137296052353762183,0,17,5,58,6,10,2,3,2,80548,4808.76904296875,0,0,3
1767772025.4220042,16137296052353762183,0,18,18,9,17,0,0,4,3,83068,788.0690307617188,0,0,1
1767772025.4220042,16137296052353762183,0,19,20,0,18,0,0,4,1,0,4964.653981829062,0,0,1
1767772025.4220042,16137296052353762183,0,20,0,0,0,0,0,0,0,0,0.0,0,0,0
1767772025.4220042,16137296052353762183,0,21,0,0,0,0,0,0,0,0,0.0,0,0,0
1767772030.4419982,16137296052353762183,0,0,17,33,15,0,1,4,3,82326,2862.583740234375,0,0,2
1767772030.4419982,16137296052353762183,0,1,1,58,2,25,2,3,2,79789,4784.58740234375,0,0,3
1767772030.4419982,16137296052353762183,0,2,19,2,13,0,0,4,3,84306,236.94192504882812,0,0,1
1767772030.4419982,16137296052353762183,0,3,8,58,1,4,2,3,2,81029,4831.4365234375,0,0,3
1767772030.4419982,16137296052353762183,0,4,7,58,12,6,2,3,2,80379,4829.19775390625,0,0,3
1767772030.4419982,16137296052353762183,0,5,12,58,8,0,2,3,2,81216,4857.998046875,0,0,3
1767772030.4419982,16137296052353762183,0,6,13,58,10,0,2,3,2,81244,4858.51025390625,0,0,3
1767772030.4419982,16137296052353762183,0,7,4,58,5,12,2,3,2,79829,4800.7900390625,0,0,3
1767772030.4419982,16137296052353762183,0,8,11,58,16,0,2,3,2,81058,4857.7373046875,0,0,3
1767772030.4419982,16137296052353762183,0,9,2,58,4,18,2,3,2,80084,4789.87158203125,0,0,3
1767772030.4419982,16137296052353762183,0,10,14,58,19,0,2,3,2,81334,4865.17431640625,0,0,3
1767772030.4419982,16137296052353762183,0,11,15,58,14,0,2,3,2,81371,4865.95361328125,0,0,3
1767772030.4419982,16137296052353762183,0,12,3,58,3,15,2,3,2,80300,4799.7841796875,0,0,3
1767772030.4419982,16137296052353762183,0,13,9,58,11,2,3,3,2,80304,4841.787109375,0,0,4
1767772030.4419982,16137296052353762183,0,14,6,58,7,8,2,3,2,80776,4828.75390625,0,0,3
1767772030.4419982,16137296052353762183,0,15,16,57,9,0,2,3,2,82328,4802.5205078125,0,0,3
1767772030.4419982,16137296052353762183,0,16,10,58,20,1,3,3,2,80828,4854.45361328125,0,0,4
1767772030.4419982,16137296052353762183,0,17,5,58,6,10,2,3,2,80548,4808.76904296875,0,0,3
1767772030.4419982,16137296052353762183,0,18,18,9,17,0,0,4,3,83068,788.0690307617188,0,0,1
1767772030.4419982,16137296052353762183,0,19,20,0,18,0,0,4,1,0,4964.653981829062,0,0,1
1767772030.4419982,16137296052353762183,0,20,0,0,0,0,0,0,0,0,0.0,0,0,0
1767772030.4419982,16137296052353762183,0,21,0,0,0,0,0,0,0,0,0.0,0,0,0
1767772035.4568665,16137296052353762183,0,0,17,33,15,0,1,4,3,82326,2862.583740234375,0,0,2
1767772035.4568665,16137296052353762183,0,1,1,58,2,25,2,3,2,79789,4784.58740234375,0,0,3
1767772035.4568665,16137296052353762183,0,2,19,2,13,0,0,4,3,84306,236.94192504882812,0,0,1
1767772035.4568665,16137296052353762183,0,3,8,58,1,4,2,3,2,81029,4831.4365234375,0,0,3
1767772035.4568665,16137296052353762183,0,4,7,58,12,6,2,3,2,80379,4829.19775390625,0,0,3
1767772035.4568665,16137296052353762183,0,5,12,58,8,0,2,3,2,81216,4857.998046875,0,0,3
1767772035.4568665,16137296052353762183,0,6,13,58,10,0,2,3,2,81244,4858.51025390625,0,0,3
1767772035.4568665,16137296052353762183,0,7,4,58,5,12,2,3,2,79829,4800.7900390625,0,0,3
1767772035.4568665,16137296052353762183,0,8,11,58,16,0,2,3,2,81058,4857.7373046875,0,0,3
1767772035.4568665,16137296052353762183,0,9,2,58,4,18,2,3,2,80084,4789.87158203125,0,0,3
1767772035.4568665,16137296052353762183,0,10,14,58,19,0,2,3,2,81334,4865.17431640625,0,0,3
1767772035.4568665,16137296052353762183,0,11,15,58,14,0,2,3,2,81371,4865.95361328125,0,0,3
1767772035.4568665,16137296052353762183,0,12,3,58,3,15,2,3,2,80300,4799.7841796875,0,0,3
1767772035.4568665,16137296052353762183,0,13,9,58,11,2,3,3,2,80304,4841.787109375,0,0,4
1767772035.4568665,16137296052353762183,0,14,6,58,7,8,2,3,2,80776,4828.75390625,0,0,3
1767772035.4568665,16137296052353762183,0,15,16,57,9,0,2,3,2,82328,4802.5205078125,0,0,3
1767772035.4568665,16137296052353762183,0,16,10,58,20,1,3,3,2,80828,4854.45361328125,0,0,4
1767772035.4568665,16137296052353762183,0,17,5,58,6,10,2,3,2,80548,4808.76904296875,0,0,3
1767772035.4568665,16137296052353762183,0,18,18,9,17,0,0,4,3,83068,788.0690307617188,0,0,1
1767772035.4568665,16137296052353762183,0,19,20,0,18,0,0,4,1,0,4964.653981829062,0,0,1
1767772035.4568665,16137296052353762183,0,20,0,0,0,0,0,0,0,0,0.0,0,0,0
1767772035.4568665,16137296052353762183,0,21,0,0,0,0,0,0,0,0,0.0,0,0,0
1767772040.4719439,16137296052353762183,0,0,17,33,15,0,1,4,3,82326,2862.583740234375,0,0,2
1767772040.4719439,16137296052353762183,0,1,1,58,2,25,2,3,2,79789,4784.58740234375,0,0,3
1767772040.4719439,16137296052353762183,0,2,19,2,13,0,0,4,3,84306,236.94192504882812,0,0,1
1767772040.4719439,16137296052353762183,0,3,8,58,1,4,2,3,2,81029,4831.4365234375,0,0,3
1767772040.4719439,16137296052353762183,0,4,7,58,12,6,2,3,2,80379,4829.19775390625,0,0,3
1767772040.4719439,16137296052353762183,0,5,12,58,8,0,2,3,2,81216,4857.998046875,0,0,3
1767772040.4719439,16137296052353762183,0,6,13,58,10,0,2,3,2,81244,4858.51025390625,0,0,3
1767772040.4719439,16137296052353762183,0,7,4,58,5,12,2,3,2,79829,4800.7900390625,0,0,3
1767772040.4719439,16137296052353762183,0,8,11,58,16,0,2,3,2,81058,4857.7373046875,0,0,3
1767772040.4719439,16137296052353762183,0,9,2,58,4,18,2,3,2,80084,4789.87158203125,0,0,3
1767772040.4719439,16137296052353762183,0,10,14,58,19,0,2,3,2,81334,4865.17431640625,0,0,3
1767772040.4719439,16137296052353762183,0,11,15,58,14,0,2,3,2,81371,4865.95361328125,0,0,3
1767772040.4719439,16137296052353762183,0,12,3,58,3,15,2,3,2,80300,4799.7841796875,0,0,3
1767772040.4719439,16137296052353762183,0,13,9,58,11,2,3,3,2,80304,4841.787109375,0,0,4
1767772040.4719439,16137296052353762183,0,14,6,58,7,8,2,3,2,80776,4828.75390625,0,0,3
1767772040.4719439,16137296052353762183,0,15,16,57,9,0,2,3,2,82328,4802.5205078125,0,0,3
1767772040.4719439,16137296052353762183,0,16,10,58,20,1,3,3,2,80828,4854.45361328125,0,0,4
1767772040.4719439,16137296052353762183,0,17,5,58,6,10,2,3,2,80548,4808.76904296875,0,0,3
1767772040.4719439,16137296052353762183,0,18,18,9,17,0,0,4,3,83068,788.0690307617188,0,0,1
1767772040.4719439,16137296052353762183,0,19,20,0,18,0,0,4,1,0,4964.653981829062,0,0,1
1767772040.4719439,16137296052353762183,0,20,0,0,0,0,0,0,0,0,0.0,0,0,0
1767772040.4719439,16137296052353762183,0,21,0,0,0,0,0,0,0,0,0.0,0,0,0
1767772045.480373,16137296052353762183,0,0,17,33,15,0,1,4,3,82326,2862.583740234375,0,0,2
1767772045.480373,16137296052353762183,0,1,1,58,2,25,2,3,2,79789,4784.58740234375,0,0,3
1767772045.480373,16137296052353762183,0,2,19,2,13,0,0,4,3,84306,236.94192504882812,0,0,1
1767772045.480373,16137296052353762183,0,3,8,58,1,4,2,3,2,81029,4831.4365234375,0,0,3
1767772045.480373,16137296052353762183,0,4,7,58,12,6,2,3,2,80379,4829.19775390625,0,0,3
1767772045.480373,16137296052353762183,0,5,12,58,8,0,2,3,2,81216,4857.998046875,0,0,3
1767772045.480373,16137296052353762183,0,6,13,58,10,0,2,3,2,81244,4858.51025390625,0,0,3
1767772045.480373,16137296052353762183,0,7,4,58,5,12,2,3,2,79829,4800.7900390625,0,0,3
1767772045.480373,16137296052353762183,0,8,11,58,16,0,2,3,2,81058,4857.7373046875,0,0,3
1767772045.480373,16137296052353762183,0,9,2,58,4,18,2,3,2,80084,4789.87158203125,0,0,3
1767772045.480373,16137296052353762183,0,10,14,58,19,0,2,3,2,81334,4865.17431640625,0,0,3
1767772045.480373,16137296052353762183,0,11,15,58,14,0,2,3,2,81371,4865.95361328125,0,0,3
1767772045.480373,16137296052353762183,0,12,3,58,3,15,2,3,2,80300,4799.7841796875,0,0,3
1767772045.480373,16137296052353762183,0,13,9,58,11,2,3,3,2,80304,4841.787109375,0,0,4
1767772045.480373,16137296052353762183,0,14,6,58,7,8,2,3,2,80776,4828.75390625,0,0,3
1767772045.480373,16137296052353762183,0,15,16,57,9,0,2,3,2,82328,4802.5205078125,0,0,3
1767772045.480373,16137296052353762183,0,16,10,58,20,1,3,3,2,80828,4854.45361328125,0,0,4
1767772045.480373,16137296052353762183,0,17,5,58,6,10,2,3,2,80548,4808.76904296875,0,0,3
1767772045.480373,16137296052353762183,0,18,18,9,17,0,0,4,3,83068,788.0690307617188,0,0,1
1767772045.480373,16137296052353762183,0,19,20,0,18,0,0,4,1,0,4964.653981829062,0,0,1
1767772045.480373,16137296052353762183,0,20,0,0,0,0,0,0,0,0,0.0,0,0,0
1767772045.480373,16137296052353762183,0,21,0,0,0,0,0,0,0,0,0.0,0,0,0
1767772050.4964082,16137296052353762183,0,0,17,33,15,0,1,4,3,82326,2862.583740234375,0,0,2
1767772050.4964082,16137296052353762183,0,1,1,58,2,25,2,3,2,79789,4784.58740234375,0,0,3
1767772050.4964082,16137296052353762183,0,2,19,2,13,0,0,4,3,84306,236.94192504882812,0,0,1
1767772050.4964082,16137296052353762183,0,3,8,58,1,4,2,3,2,81029,4831.4365234375,0,0,3
1767772050.4964082,16137296052353762183,0,4,7,58,12,6,2,3,2,80379,4829.19775390625,0,0,3
1767772050.4964082,16137296052353762183,0,5,12,58,8,0,2,3,2,81216,4857.998046875,0,0,3
1767772050.4964082,16137296052353762183,0,6,13,58,10,0,2,3,2,81244,4858.51025390625,0,0,3
1767772050.4964082,16137296052353762183,0,7,4,58,5,12,2,3,2,79829,4800.7900390625,0,0,3
1767772050.4964082,16137296052353762183,0,8,11,58,16,0,2,3,2,81058,4857.7373046875,0,0,3
1767772050.4964082,16137296052353762183,0,9,2,58,4,18,2,3,2,80084,4789.87158203125,0,0,3
1767772050.4964082,16137296052353762183,0,10,14,58,19,0,2,3,2,81334,4865.17431640625,0,0,3
1767772050.4964082,16137296052353762183,0,11,15,58,14,0,2,3,2,81371,4865.95361328125,0,0,3
1767772050.4964082,16137296052353762183,0,12,3,58,3,15,2,3,2,80300,4799.7841796875,0,0,3
1767772050.4964082,16137296052353762183,0,13,9,58,11,2,3,3,2,80304,4841.787109375,0,0,4
1767772050.4964082,16137296052353762183,0,14,6,58,7,8,2,3,2,80776,4828.75390625,0,0,3
1767772050.4964082,16137296052353762183,0,15,16,57,9,0,2,3,2,82328,4802.5205078125,0,0,3
1767772050.4964082,16137296052353762183,0,16,10,58,20,1,3,3,2,80828,4854.45361328125,0,0,4
1767772050.4964082,16137296052353762183,0,17,5,58,6,10,2,3,2,80548,4808.76904296875,0,0,3
1767772050.4964082,16137296052353762183,0,18,18,9,17,0,0,4,3,83068,788.0690307617188,0,0,1
1767772050.4964082,16137296052353762183,0,19,20,0,18,0,0,4,1,0,4964.653981829062,0,0,1
1767772050.4964082,16137296052353762183,0,20,0,0,0,0,0,0,0,0,0.0,0,0,0
1767772050.4964082,16137296052353762183,0,21,0,0,0,0,0,0,0,0,0.0,0,0,0
1767772055.5185647,16137296052353762183,0,0,17,33,15,0,1,4,3,82326,2862.583740234375,0,0,2
1767772055.5185647,16137296052353762183,0,1,1,58,2,25,2,3,2,79789,4784.58740234375,0,0,3
1767772055.5185647,16137296052353762183,0,2,19,2,13,0,0,4,3,84306,236.94192504882812,0,0,1
1767772055.5185647,16137296052353762183,0,3,8,58,1,4,2,3,2,81029,4831.4365234375,0,0,3
1767772055.5185647,16137296052353762183,0,4,7,58,12,6,2,3,2,80379,4829.19775390625,0,0,3
1767772055.5185647,16137296052353762183,0,5,12,58,8,0,2,3,2,81216,4857.998046875,0,0,3
1767772055.5185647,16137296052353762183,0,6,13,58,10,0,2,3,2,81244,4858.51025390625,0,0,3
1767772055.5185647,16137296052353762183,0,7,4,58,5,12,2,3,2,79829,4800.7900390625,0,0,3
1767772055.5185647,16137296052353762183,0,8,11,58,16,0,2,3,2,81058,4857.7373046875,0,0,3
1767772055.5185647,16137296052353762183,0,9,2,58,4,18,2,3,2,80084,4789.87158203125,0,0,3
1767772055.5185647,16137296052353762183,0,10,14,58,19,0,2,3,2,81334,4865.17431640625,0,0,3
1767772055.5185647,16137296052353762183,0,11,15,58,14,0,2,3,2,81371,4865.95361328125,0,0,3
1767772055.5185647,16137296052353762183,0,12,3,58,3,15,2,3,2,80300,4799.7841796875,0,0,3
1767772055.5185647,16137296052353762183,0,13,9,58,11,2,3,3,2,80304,4841.787109375,0,0,4
1767772055.5185647,16137296052353762183,0,14,6,58,7,8,2,3,2,80776,4828.75390625,0,0,3
1767772055.5185647,16137296052353762183,0,15,16,57,9,0,2,3,2,82328,4802.5205078125,0,0,3
1767772055.5185647,16137296052353762183,0,16,10,58,20,1,3,3,2,80828,4854.45361328125,0,0,4
1767772055.5185647,16137296052353762183,0,17,5,58,6,10,2,3,2,80548,4808.76904296875,0,0,3
1767772055.5185647,16137296052353762183,0,18,18,9,17,0,0,4,3,83068,788.0690307617188,0,0,1
1767772055.5185647,16137296052353762183,0,19,20,0,18,0,0,4,1,0,4964.653981829062,0,0,1
1767772055.5185647,16137296052353762183,0,20,0,0,0,0,0,0,0,0,0.0,0,0,0
1767772055.5185647,16137296052353762183,0,21,0,0,0,0,0,0,0,0,0.0,0,0,0
1767772060.5331862,16137296052353762183,0,0,17,33,15,0,1,4,3,82326,2862.583740234375,0,0,2
1767772060.5331862,16137296052353762183,0,1,1,58,2,25,2,3,2,79789,4784.58740234375,0,0,3
1767772060.5331862,16137296052353762183,0,2,19,2,13,0,0,4,3,84306,236.94192504882812,0,0,1
1767772060.5331862,16137296052353762183,0,3,8,58,1,4,2,3,2,81029,4831.4365234375,0,0,3
1767772060.5331862,16137296052353762183,0,4,7,58,12,6,2,3,2,80379,4829.19775390625,0,0,3
1767772060.5331862,16137296052353762183,0,5,12,58,8,0,2,3,2,81216,4857.998046875,0,0,3
1767772060.5331862,16137296052353762183,0,6,13,58,10,0,2,3,2,81244,4858.51025390625,0,0,3
1767772060.5331862,16137296052353762183,0,7,4,58,5,12,2,3,2,79829,4800.7900390625,0,0,3
1767772060.5331862,16137296052353762183,0,8,11,58,16,0,2,3,2,81058,4857.7373046875,0,0,3
1767772060.5331862,16137296052353762183,0,9,2,58,4,18,2,3,2,80084,4789.87158203125,0,0,3
1767772060.5331862,16137296052353762183,0,10,14,58,19,0,2,3,2,81334,4865.17431640625,0,0,3
1767772060.5331862,16137296052353762183,0,11,15,58,14,0,2,3,2,81371,4865.95361328125,0,0,3
1767772060.5331862,16137296052353762183,0,12,3,58,3,15,2,3,2,80300,4799.7841796875,0,0,3
1767772060.5331862,16137296052353762183,0,13,9,58,11,2,3,3,2,80304,4841.787109375,0,0,4
1767772060.5331862,16137296052353762183,0,14,6,58,7,8,2,3,2,80776,4828.75390625,0,0,3
1767772060.5331862,16137296052353762183,0,15,16,57,9,0,2,3,2,82328,4802.5205078125,0,0,3
1767772060.5331862,16137296052353762183,0,16,10,58,20,1,3,3,2,80828,4854.45361328125,0,0,4
1767772060.5331862,16137296052353762183,0,17,5,58,6,10,2,3,2,80548,4808.76904296875,0,0,3
1767772060.5331862,16137296052353762183,0,18,18,9,17,0,0,4,3,83068,788.0690307617188,0,0,1
1767772060.5331862,16137296052353762183,0,19,20,0,18,0,0,4,1,0,4964.653981829062,0,0,1
1767772060.5331862,16137296052353762183,0,20,0,0,0,0,0,0,0,0,0.0,0,0,0
1767772060.5331862,16137296052353762183,0,21,0,0,0,0,0,0,0,0,0.0,0,0,0
1767772065.5365596,16137296052353762183,0,0,17,33,15,0,1,4,3,82326,2862.583740234375,0,0,2
1767772065.5365596,16137296052353762183,0,1,1,58,2,25,2,3,2,79789,4784.58740234375,0,0,3
1767772065.5365596,16137296052353762183,0,2,19,2,13,0,0,4,3,84306,236.94192504882812,0,0,1
1767772065.5365596,16137296052353762183,0,3,8,58,1,4,2,3,2,81029,4831.4365234375,0,0,3
1767772065.5365596,16137296052353762183,0,4,7,58,12,6,2,3,2,80379,4829.19775390625,0,0,3
1767772065.5365596,16137296052353762183,0,5,12,58,8,0,2,3,2,81216,4857.998046875,0,0,3
1767772065.5365596,16137296052353762183,0,6,13,58,10,0,2,3,2,81244,4858.51025390625,0,0,3
1767772065.5365596,16137296052353762183,0,7,4,58,5,12,2,3,2,79829,4800.7900390625,0,0,3
1767772065.5365596,16137296052353762183,0,8,11,58,16,0,2,3,2,81058,4857.7373046875,0,0,3
1767772065.5365596,16137296052353762183,0,9,2,58,4,18,2,3,2,80084,4789.87158203125,0,0,3
1767772065.5365596,16137296052353762183,0,10,14,58,19,0,2,3,2,81334,4865.17431640625,0,0,3
1767772065.5365596,16137296052353762183,0,11,15,58,14,0,2,3,2,81371,4865.95361328125,0,0,3
1767772065.5365596,16137296052353762183,0,12,3,58,3,15,2,3,2,80300,4799.7841796875,0,0,3
1767772065.5365596,16137296052353762183,0,13,9,58,11,2,3,3,2,80304,4841.787109375,0,0,4
1767772065.5365596,16137296052353762183,0,14,6,58,7,8,2,3,2,80776,4828.75390625,0,0,3
1767772065.5365596,16137296052353762183,0,15,16,57,9,0,2,3,2,82328,4802.5205078125,0,0,3
1767772065.5365596,16137296052353762183,0,16,10,58,20,1,3,3,2,80828,4854.45361328125,0,0,4
1767772065.5365596,16137296052353762183,0,17,5,58,6,10,2,3,2,80548,4808.76904296875,0,0,3
1767772065.5365596,16137296052353762183,0,18,18,9,17,0,0,4,3,83068,788.0690307617188,0,0,1
1767772065.5365596,16137296052353762183,0,19,20,0,18,0,0,4,1,0,4964.653981829062,0,0,1
1767772065.5365596,16137296052353762183,0,20,0,0,0,0,0,0,0,0,0.0,0,0,0
1767772065.5365596,16137296052353762183,0,21,0,0,0,0,0,0,0,0,0.0,0,0,0
1767772070.556773,16137296052353762183,0,0,17,33,15,0,1,4,3,82326,2862.583740234375,0,0,2
1767772070.556773,16137296052353762183,0,1,1,58,2,25,2,3,2,79789,4784.58740234375,0,0,3
1767772070.556773,16137296052353762183,0,2,19,2,13,0,0,4,3,84306,236.94192504882812,0,0,1
1767772070.556773,16137296052353762183,0,3,8,58,1,4,2,3,2,81029,4831.4365234375,0,0,3
1767772070.556773,16137296052353762183,0,4,7,58,12,6,2,3,2,80379,4829.19775390625,0,0,3
1767772070.556773,16137296052353762183,0,5,12,58,8,0,2,3,2,81216,4857.998046875,0,0,3
1767772070.556773,16137296052353762183,0,6,13,58,10,0,2,3,2,81244,4858.51025390625,0,0,3
1767772070.556773,16137296052353762183,0,7,4,58,5,12,2,3,2,79829,4800.7900390625,0,0,3
1767772070.556773,16137296052353762183,0,8,11,58,16,0,2,3,2,81058,4857.7373046875,0,0,3
1767772070.556773,16137296052353762183,0,9,2,58,4,18,2,3,2,80084,4789.87158203125,0,0,3
1767772070.556773,16137296052353762183,0,10,14,58,19,0,2,3,2,81334,4865.17431640625,0,0,3
1767772070.556773,16137296052353762183,0,11,15,58,14,0,2,3,2,81371,4865.95361328125,0,0,3
1767772070.556773,16137296052353762183,0,12,3,58,3,15,2,3,2,80300,4799.7841796875,0,0,3
1767772070.556773,16137296052353762183,0,13,9,58,11,2,3,3,2,80304,4841.787109375,0,0,4
1767772070.556773,16137296052353762183,0,14,6,58,7,8,2,3,2,80776,4828.75390625,0,0,3
1767772070.556773,16137296052353762183,0,15,16,57,9,0,2,3,2,82328,4802.5205078125,0,0,3
1767772070.556773,16137296052353762183,0,16,10,58,20,1,3,3,2,80828,4854.45361328125,0,0,4
1767772070.556773,16137296052353762183,0,17,5,58,6,10,2,3,2,80548,4808.76904296875,0,0,3
1767772070.556773,16137296052353762183,0,18,18,9,17,0,0,4,3,83068,788.0690307617188,0,0,1
1767772070.556773,16137296052353762183,0,19,20,0,18,0,0,4,1,0,4964.653981829062,0,0,1
1767772070.556773,16137296052353762183,0,20,0,0,0,0,0,0,0,0,0.0,0,0,0
1767772070.556773,16137296052353762183,0,21,0,0,0,0,0,0,0,0,0.0,0,0,0
1767772075.5583234,16137296052353762183,0,0,17,33,15,0,1,4,3,82326,2862.583740234375,0,0,2
1767772075.5583234,16137296052353762183,0,1,1,58,2,25,2,3,2,79789,4784.58740234375,0,0,3
1767772075.5583234,16137296052353762183,0,2,19,2,13,0,0,4,3,84306,236.94192504882812,0,0,1
1767772075.5583234,16137296052353762183,0,3,8,58,1,4,2,3,2,81029,4831.4365234375,0,0,3
1767772075.5583234,16137296052353762183,0,4,7,58,12,6,2,3,2,80379,4829.19775390625,0,0,3
1767772075.5583234,16137296052353762183,0,5,12,58,8,0,2,3,2,81216,4857.998046875,0,0,3
1767772075.5583234,16137296052353762183,0,6,13,58,10,0,2,3,2,81244,4858.51025390625,0,0,3
1767772075.5583234,16137296052353762183,0,7,4,58,5,12,2,3,2,79829,4800.7900390625,0,0,3
1767772075.5583234,16137296052353762183,0,8,11,58,16,0,2,3,2,81058,4857.7373046875,0,0,3
1767772075.5583234,16137296052353762183,0,9,2,58,4,18,2,3,2,80084,4789.87158203125,0,0,3
1767772075.5583234,16137296052353762183,0,10,14,58,19,0,2,3,2,81334,4865.17431640625,0,0,3
1767772075.5583234,16137296052353762183,0,11,15,58,14,0,2,3,2,81371,4865.95361328125,0,0,3
1767772075.5583234,16137296052353762183,0,12,3,58,3,15,2,3,2,80300,4799.7841796875,0,0,3
1767772075.5583234,16137296052353762183,0,13,9,58,11,2,3,3,2,80304,4841.787109375,0,0,4
1767772075.5583234,16137296052353762183,0,14,6,58,7,8,2,3,2,80776,4828.75390625,0,0,3
1767772075.5583234,16137296052353762183,0,15,16,57,9,0,2,3,2,82328,4802.5205078125,0,0,3
1767772075.5583234,16137296052353762183,0,16,10,58,20,1,3,3,2,80828,4854.45361328125,0,0,4
1767772075.5583234,16137296052353762183,0,17,5,58,6,10,2,3,2,80548,4808.76904296875,0,0,3
1767772075.5583234,16137296052353762183,0,18,18,9,17,0,0,4,3,83068,788.0690307617188,0,0,1
1767772075.5583234,16137296052353762183,0,19,20,0,18,0,0,4,1,0,4964.653981829062,0,0,1
1767772075.5583234,16137296052353762183,0,20,0,0,0,0,0,0,0,0,0.0,0,0,0
1767772075.5583234,16137296052353762183,0,21,0,0,0,0,0,0,0,0,0.0,0,0,0
1767772080.570789,16137296052353762183,0,0,17,33,15,0,1,4,3,82326,2862.583740234375,0,0,2
1767772080.570789,16137296052353762183,0,1,1,58,2,25,2,3,2,79789,4784.58740234375,0,0,3
1767772080.570789,16137296052353762183,0,2,19,2,13,0,0,4,3,84306,236.94192504882812,0,0,1
1767772080.570789,16137296052353762183,0,3,8,58,1,4,2,3,2,81029,4831.4365234375,0,0,3
1767772080.570789,16137296052353762183,0,4,7,58,12,6,2,3,2,80379,4829.19775390625,0,0,3
1767772080.570789,16137296052353762183,0,5,12,58,8,0,2,3,2,81216,4857.998046875,0,0,3
1767772080.570789,16137296052353762183,0,6,13,58,10,0,2,3,2,81244,4858.51025390625,0,0,3
1767772080.570789,16137296052353762183,0,7,4,58,5,12,2,3,2,79829,4800.7900390625,0,0,3
1767772080.570789,16137296052353762183,0,8,11,58,16,0,2,3,2,81058,4857.7373046875,0,0,3
1767772080.570789,16137296052353762183,0,9,2,58,4,18,2,3,2,80084,4789.87158203125,0,0,3
1767772080.570789,16137296052353762183,0,10,14,58,19,0,2,3,2,81334,4865.17431640625,0,0,3
1767772080.570789,16137296052353762183,0,11,15,58,14,0,2,3,2,81371,4865.95361328125,0,0,3
1767772080.570789,16137296052353762183,0,12,3,58,3,15,2,3,2,80300,4799.7841796875,0,0,3
1767772080.570789,16137296052353762183,0,13,9,58,11,2,3,3,2,80304,4841.787109375,0,0,4
1767772080.570789,16137296052353762183,0,14,6,58,7,8,2,3,2,80776,4828.75390625,0,0,3
1767772080.570789,16137296052353762183,0,15,16,57,9,0,2,3,2,82328,4802.5205078125,0,0,3
1767772080.570789,16137296052353762183,0,16,10,58,20,1,3,3,2,80828,4854.45361328125,0,0,4
1767772080.570789,16137296052353762183,0,17,5,58,6,10,2,3,2,80548,4808.76904296875,0,0,3
1767772080.570789,16137296052353762183,0,18,18,9,17,0,0,4,3,83068,788.0690307617188,0,0,1
1767772080.570789,16137296052353762183,0,19,20,0,18,0,0,4,1,0,4964.653981829062,0,0,1
1767772080.570789,16137296052353762183,0,20,0,0,0,0,0,0,0,0,0.0,0,0,0
1767772080.570789,16137296052353762183,0,21,0,0,0,0,0,0,0,0,0.0,0,0,0
1767772085.573117,16137296052353762183,0,0,17,33,15,0,1,4,3,82326,2862.583740234375,0,0,2
1767772085.573117,16137296052353762183,0,1,1,58,2,25,2,3,2,79789,4784.58740234375,0,0,3
1767772085.573117,16137296052353762183,0,2,19,2,13,0,0,4,3,84306,236.94192504882812,0,0,1
1767772085.573117,16137296052353762183,0,3,8,58,1,4,2,3,2,81029,4831.4365234375,0,0,3
1767772085.573117,16137296052353762183,0,4,7,58,12,6,2,3,2,80379,4829.19775390625,0,0,3
1767772085.573117,16137296052353762183,0,5,12,58,8,0,2,3,2,81216,4857.998046875,0,0,3
1767772085.573117,16137296052353762183,0,6,13,58,10,0,2,3,2,81244,4858.51025390625,0,0,3
1767772085.573117,16137296052353762183,0,7,4,58,5,12,2,3,2,79829,4800.7900390625,0,0,3
1767772085.573117,16137296052353762183,0,8,11,58,16,0,2,3,2,81058,4857.7373046875,0,0,3
1767772085.573117,16137296052353762183,0,9,2,58,4,18,2,3,2,80084,4789.87158203125,0,0,3
1767772085.573117,16137296052353762183,0,10,14,58,19,0,2,3,2,81334,4865.17431640625,0,0,3
1767772085.573117,16137296052353762183,0,11,15,58,14,0,2,3,2,81371,4865.95361328125,0,0,3
1767772085.573117,16137296052353762183,0,12,3,58,3,15,2,3,2,80300,4799.7841796875,0,0,3
1767772085.573117,16137296052353762183,0,13,9,58,11,2,3,3,2,80304,4841.787109375,0,0,4
1767772085.573117,16137296052353762183,0,14,6,58,7,8,2,3,2,80776,4828.75390625,0,0,3
1767772085.573117,16137296052353762183,0,15,16,57,9,0,2,3,2,82328,4802.5205078125,0,0,3
1767772085.573117,16137296052353762183,0,16,10,58,20,1,3,3,2,80828,4854.45361328125,0,0,4
1767772085.573117,16137296052353762183,0,17,5,58,6,10,2,3,2,80548,4808.76904296875,0,0,3
1767772085.573117,16137296052353762183,0,18,18,9,17,0,0,4,3,83068,788.0690307617188,0,0,1
1767772085.573117,16137296052353762183,0,19,20,0,18,0,0,4,1,0,4964.653981829062,0,0,1
1767772085.573117,16137296052353762183,0,20,0,0,0,0,0,0,0,0,0.0,0,0,0
1767772085.573117,16137296052353762183,0,21,0,0,0,0,0,0,0,0,0.0,0,0,0
1767772090.5809557,16137296052353762183,0,0,17,33,15,0,1,4,3,82326,2862.583740234375,0,0,2
1767772090.5809557,16137296052353762183,0,1,1,58,2,25,2,3,2,79789,4784.58740234375,0,0,3
1767772090.5809557,16137296052353762183,0,2,19,2,13,0,0,4,3,84306,236.94192504882812,0,0,1
1767772090.5809557,16137296052353762183,0,3,8,58,1,4,2,3,2,81029,4831.4365234375,0,0,3
1767772090.5809557,16137296052353762183,0,4,7,58,12,6,2,3,2,80379,4829.19775390625,0,0,3
1767772090.5809557,16137296052353762183,0,5,12,58,8,0,2,3,2,81216,4857.998046875,0,0,3
1767772090.5809557,16137296052353762183,0,6,13,58,10,0,2,3,2,81244,4858.51025390625,0,0,3
1767772090.5809557,16137296052353762183,0,7,4,58,5,12,2,3,2,79829,4800.7900390625,0,0,3
1767772090.5809557,16137296052353762183,0,8,11,58,16,0,2,3,2,81058,4857.7373046875,0,0,3
1767772090.5809557,16137296052353762183,0,9,2,58,4,18,2,3,2,80084,4789.87158203125,0,0,3
1767772090.5809557,16137296052353762183,0,10,14,58,19,0,2,3,2,81334,4865.17431640625,0,0,3
1767772090.5809557,16137296052353762183,0,11,15,58,14,0,2,3,2,81371,4865.95361328125,0,0,3
1767772090.5809557,16137296052353762183,0,12,3,58,3,15,2,3,2,80300,4799.7841796875,0,0,3
1767772090.5809557,16137296052353762183,0,13,9,58,11,2,3,3,2,80304,4841.787109375,0,0,4
1767772090.5809557,16137296052353762183,0,14,6,58,7,8,2,3,2,80776,4828.75390625,0,0,3
1767772090.5809557,16137296052353762183,0,15,16,57,9,0,2,3,2,82328,4802.5205078125,0,0,3
1767772090.5809557,16137296052353762183,0,16,10,58,20,1,3,3,2,80828,4854.45361328125,0,0,4
1767772090.5809557,16137296052353762183,0,17,5,58,6,10,2,3,2,80548,4808.76904296875,0,0,3
1767772090.5809557,16137296052353762183,0,18,18,9,17,0,0,4,3,83068,788.0690307617188,0,0,1
1767772090.5809557,16137296052353762183,0,19,20,0,18,0,0,4,1,0,4964.653981829062,0,0,1
1767772090.5809557,16137296052353762183,0,20,0,0,0,0,0,0,0,0,0.0,0,0,0
1767772090.5809557,16137296052353762183,0,21,0,0,0,0,0,0,0,0,0.0,0,0,0
1767772095.5935526,16137296052353762183,0,0,17,33,15,0,1,4,3,82326,2862.583740234375,0,0,2
1767772095.5935526,16137296052353762183,0,1,1,58,2,25,2,3,2,79789,4784.58740234375,0,0,3
1767772095.5935526,16137296052353762183,0,2,19,2,13,0,0,4,3,84306,236.94192504882812,0,0,1
1767772095.5935526,16137296052353762183,0,3,8,58,1,4,2,3,2,81029,4831.4365234375,0,0,3
1767772095.5935526,16137296052353762183,0,4,7,58,12,6,2,3,2,80379,4829.19775390625,0,0,3
1767772095.5935526,16137296052353762183,0,5,12,58,8,0,2,3,2,81216,4857.998046875,0,0,3
1767772095.5935526,16137296052353762183,0,6,13,58,10,0,2,3,2,81244,4858.51025390625,0,0,3
1767772095.5935526,16137296052353762183,0,7,4,58,5,12,2,3,2,79829,4800.7900390625,0,0,3
1767772095.5935526,16137296052353762183,0,8,11,58,16,0,2,3,2,81058,4857.7373046875,0,0,3
1767772095.5935526,16137296052353762183,0,9,2,58,4,18,2,3,2,80084,4789.87158203125,0,0,3
1767772095.5935526,16137296052353762183,0,10,14,58,19,0,2,3,2,81334,4865.17431640625,0,0,3
1767772095.5935526,16137296052353762183,0,11,15,58,14,0,2,3,2,81371,4865.95361328125,0,0,3
1767772095.5935526,16137296052353762183,0,12,3,58,3,15,2,3,2,80300,4799.7841796875,0,0,3
1767772095.5935526,16137296052353762183,0,13,9,58,11,2,3,3,2,80304,4841.787109375,0,0,4
1767772095.5935526,16137296052353762183,0,14,6,58,7,8,2,3,2,80776,4828.75390625,0,0,3
1767772095.5935526,16137296052353762183,0,15,16,57,9,0,2,3,2,82328,4802.5205078125,0,0,3
1767772095.5935526,16137296052353762183,0,16,10,58,20,1,3,3,2,80828,4854.45361328125,0,0,4
1767772095.5935526,16137296052353762183,0,17,5,58,6,10,2,3,2,80548,4808.76904296875,0,0,3
1767772095.5935526,16137296052353762183,0,18,18,9,17,0,0,4,3,83068,788.0690307617188,0,0,1
1767772095.5935526,16137296052353762183,0,19,20,0,18,0,0,4,1,0,4964.653981829062,0,0,1
1767772095.5935526,16137296052353762183,0,20,0,0,0,0,0,0,0,0,0.0,0,0,0
1767772095.5935526,16137296052353762183,0,21,0,0,0,0,0,0,0,0,0.0,0,0,0
1767772100.6159928,16137296052353762183,0,0,17,33,15,0,1,4,3,82326,2862.583740234375,0,0,2
1767772100.6159928,16137296052353762183,0,1,1,58,2,25,2,3,2,79789,4784.58740234375,0,0,3
1767772100.6159928,16137296052353762183,0,2,19,2,13,0,0,4,3,84306,236.94192504882812,0,0,1
1767772100.6159928,16137296052353762183,0,3,8,58,1,4,2,3,2,81029,4831.4365234375,0,0,3
1767772100.6159928,16137296052353762183,0,4,7,58,12,6,2,3,2,80379,4829.19775390625,0,0,3
1767772100.6159928,16137296052353762183,0,5,12,58,8,0,2,3,2,81216,4857.998046875,0,0,3
1767772100.6159928,16137296052353762183,0,6,13,58,10,0,2,3,2,81244,4858.51025390625,0,0,3
1767772100.6159928,16137296052353762183,0,7,4,58,5,12,2,3,2,79829,4800.7900390625,0,0,3
1767772100.6159928,16137296052353762183,0,8,11,58,16,0,2,3,2,81058,4857.7373046875,0,0,3
1767772100.6159928,16137296052353762183,0,9,2,58,4,18,2,3,2,80084,4789.87158203125,0,0,3
1767772100.6159928,16137296052353762183,0,10,14,58,19,0,2,3,2,81334,4865.17431640625,0,0,3
1767772100.6159928,16137296052353762183,0,11,15,58,14,0,2,3,2,81371,4865.95361328125,0,0,3
1767772100.6159928,16137296052353762183,0,12,3,58,3,15,2,3,2,80300,4799.7841796875,0,0,3
1767772100.6159928,16137296052353762183,0,13,9,58,11,2,3,3,2,80304,4841.787109375,0,0,4
1767772100.6159928,16137296052353762183,0,14,6,58,7,8,2,3,2,80776,4828.75390625,0,0,3
1767772100.6159928,16137296052353762183,0,15,16,57,9,0,2,3,2,82328,4802.5205078125,0,0,3
1767772100.6159928,16137296052353762183,0,16,10,58,20,1,3,3,2,80828,4854.45361328125,0,0,4
1767772100.6159928,16137296052353762183,0,17,5,58,6,10,2,3,2,80548,4808.76904296875,0,0,3
1767772100.6159928,16137296052353762183,0,18,18,9,17,0,0,4,3,83068,788.0690307617188,0,0,1
1767772100.6159928,16137296052353762183,0,19,20,0,18,0,0,4,1,0,4964.653981829062,0,0,1
1767772100.6159928,16137296052353762183,0,20,0,0,0,0,0,0,0,0,0.0,0,0,0
1767772100.6159928,16137296052353762183,0,21,0,0,0,0,0,0,0,0,0.0,0,0,0
1767772105.6409345,16137296052353762183,0,0,17,33,15,0,1,4,3,82326,2862.583740234375,0,0,2
1767772105.6409345,16137296052353762183,0,1,1,58,2,25,2,3,2,79789,4784.58740234375,0,0,3
1767772105.6409345,16137296052353762183,0,2,19,2,13,0,0,4,3,84306,236.94192504882812,0,0,1
1767772105.6409345,16137296052353762183,0,3,8,58,1,4,2,3,2,81029,4831.4365234375,0,0,3
1767772105.6409345,16137296052353762183,0,4,7,58,12,6,2,3,2,80379,4829.19775390625,0,0,3
1767772105.6409345,16137296052353762183,0,5,12,58,8,0,2,3,2,81216,4857.998046875,0,0,3
1767772105.6409345,16137296052353762183,0,6,13,58,10,0,2,3,2,81244,4858.51025390625,0,0,3
1767772105.6409345,16137296052353762183,0,7,4,58,5,12,2,3,2,79829,4800.7900390625,0,0,3
1767772105.6409345,16137296052353762183,0,8,11,58,16,0,2,3,2,81058,4857.7373046875,0,0,3
1767772105.6409345,16137296052353762183,0,9,2,58,4,18,2,3,2,80084,4789.87158203125,0,0,3
1767772105.6409345,16137296052353762183,0,10,14,58,19,0,2,3,2,81334,4865.17431640625,0,0,3
1767772105.6409345,16137296052353762183,0,11,15,58,14,0,2,3,2,81371,4865.95361328125,0,0,3
1767772105.6409345,16137296052353762183,0,12,3,58,3,15,2,3,2,80300,4799.7841796875,0,0,3
1767772105.6409345,16137296052353762183,0,13,9,58,11,2,3,3,2,80304,4841.787109375,0,0,4
1767772105.6409345,16137296052353762183,0,14,6,58,7,8,2,3,2,80776,4828.75390625,0,0,3
1767772105.6409345,16137296052353762183,0,15,16,57,9,0,2,3,2,82328,4802.5205078125,0,0,3
1767772105.6409345,16137296052353762183,0,16,10,58,20,1,3,3,2,80828,4854.45361328125,0,0,4
1767772105.6409345,16137296052353762183,0,17,5,58,6,10,2,3,2,80548,4808.76904296875,0,0,3
1767772105.6409345,16137296052353762183,0,18,18,9,17,0,0,4,3,83068,788.0690307617188,0,0,1
1767772105.6409345,16137296052353762183,0,19,20,0,18,0,0,4,1,0,4964.653981829062,0,0,1
1767772105.6409345,16137296052353762183,0,20,0,0,0,0,0,0,0,0,0.0,0,0,0
1767772105.6409345,16137296052353762183,0,21,0,0,0,0,0,0,0,0,0.0,0,0,0
1767772110.6482015,16137296052353762183,0,0,17,33,15,0,1,4,3,82326,2862.583740234375,0,0,2
1767772110.6482015,16137296052353762183,0,1,1,58,2,25,2,3,2,79789,4784.58740234375,0,0,3
1767772110.6482015,16137296052353762183,0,2,19,2,13,0,0,4,3,84306,236.94192504882812,0,0,1
1767772110.6482015,16137296052353762183,0,3,8,58,1,4,2,3,2,81029,4831.4365234375,0,0,3
1767772110.6482015,16137296052353762183,0,4,7,58,12,6,2,3,2,80379,4829.19775390625,0,0,3
1767772110.6482015,16137296052353762183,0,5,12,58,8,0,2,3,2,81216,4857.998046875,0,0,3
1767772110.6482015,16137296052353762183,0,6,13,58,10,0,2,3,2,81244,4858.51025390625,0,0,3
1767772110.6482015,16137296052353762183,0,7,4,58,5,12,2,3,2,79829,4800.7900390625,0,0,3
1767772110.6482015,16137296052353762183,0,8,11,58,16,0,2,3,2,81058,4857.7373046875,0,0,3
1767772110.6482015,16137296052353762183,0,9,2,58,4,18,2,3,2,80084,4789.87158203125,0,0,3
1767772110.6482015,16137296052353762183,0,10,14,58,19,0,2,3,2,81334,4865.17431640625,0,0,3
1767772110.6482015,16137296052353762183,0,11,15,58,14,0,2,3,2,81371,4865.95361328125,0,0,3
1767772110.6482015,16137296052353762183,0,12,3,58,3,15,2,3,2,80300,4799.7841796875,0,0,3
1767772110.6482015,16137296052353762183,0,13,9,58,11,2,3,3,2,80304,4841.787109375,0,0,4
1767772110.6482015,16137296052353762183,0,14,6,58,7,8,2,3,2,80776,4828.75390625,0,0,3
1767772110.6482015,16137296052353762183,0,15,16,57,9,0,2,3,2,82328,4802.5205078125,0,0,3
1767772110.6482015,16137296052353762183,0,16,10,58,20,1,3,3,2,80828,4854.45361328125,0,0,4
1767772110.6482015,16137296052353762183,0,17,5,58,6,10,2,3,2,80548,4808.76904296875,0,0,3
1767772110.6482015,16137296052353762183,0,18,18,9,17,0,0,4,3,83068,788.0690307617188,0,0,1
1767772110.6482015,16137296052353762183,0,19,20,0,18,0,0,4,1,0,4964.653981829062,0,0,1
1767772110.6482015,16137296052353762183,0,20,0,0,0,0,0,0,0,0,0.0,0,0,0
1767772110.6482015,16137296052353762183,0,21,0,0,0,0,0,0,0,0,0.0,0,0,0
1767772115.6644695,16137296052353762183,0,0,17,33,15,0,1,4,3,82326,2862.583740234375,0,0,2
1767772115.6644695,16137296052353762183,0,1,1,58,2,25,2,3,2,79789,4784.58740234375,0,0,3
1767772115.6644695,16137296052353762183,0,2,19,2,13,0,0,4,3,84306,236.94192504882812,0,0,1
1767772115.6644695,16137296052353762183,0,3,8,58,1,4,2,3,2,81029,4831.4365234375,0,0,3
1767772115.6644695,16137296052353762183,0,4,7,58,12,6,2,3,2,80379,4829.19775390625,0,0,3
1767772115.6644695,16137296052353762183,0,5,12,58,8,0,2,3,2,81216,4857.998046875,0,0,3
1767772115.6644695,16137296052353762183,0,6,13,58,10,0,2,3,2,81244,4858.51025390625,0,0,3
1767772115.6644695,16137296052353762183,0,7,4,58,5,12,2,3,2,79829,4800.7900390625,0,0,3
1767772115.6644695,16137296052353762183,0,8,11,58,16,0,2,3,2,81058,4857.7373046875,0,0,3
1767772115.6644695,16137296052353762183,0,9,2,58,4,18,2,3,2,80084,4789.87158203125,0,0,3
1767772115.6644695,16137296052353762183,0,10,14,58,19,0,2,3,2,81334,4865.17431640625,0,0,3
1767772115.6644695,16137296052353762183,0,11,15,58,14,0,2,3,2,81371,4865.95361328125,0,0,3
1767772115.6644695,16137296052353762183,0,12,3,58,3,15,2,3,2,80300,4799.7841796875,0,0,3
1767772115.6644695,16137296052353762183,0,13,9,58,11,2,3,3,2,80304,4841.787109375,0,0,4
1767772115.6644695,16137296052353762183,0,14,6,58,7,8,2,3,2,80776,4828.75390625,0,0,3
1767772115.6644695,16137296052353762183,0,15,16,57,9,0,2,3,2,82328,4802.5205078125,0,0,3
1767772115.6644695,16137296052353762183,0,16,10,58,20,1,3,3,2,80828,4854.45361328125,0,0,4
1767772115.6644695,16137296052353762183,0,17,5,58,6,10,2,3,2,80548,4808.76904296875,0,0,3
1767772115.6644695,16137296052353762183,0,18,18,9,17,0,0,4,3,83068,788.0690307617188,0,0,1
1767772115.6644695,16137296052353762183,0,19,20,0,18,0,0,4,1,0,4964.653981829062,0,0,1
1767772115.6644695,16137296052353762183,0,20,0,0,0,0,0,0,0,0,0.0,0,0,0
1767772115.6644695,16137296052353762183,0,21,0,0,0,0,0,0,0,0,0.0,0,0,0
1767772120.6716168,16137296052353762183,0,0,17,33,15,0,1,4,3,82326,2862.583740234375,0,0,2
1767772120.6716168,16137296052353762183,0,1,1,58,2,25,2,3,2,79789,4784.58740234375,0,0,3
1767772120.6716168,16137296052353762183,0,2,19,2,13,0,0,4,3,84306,236.94192504882812,0,0,1
1767772120.6716168,16137296052353762183,0,3,8,58,1,4,2,3,2,81029,4831.4365234375,0,0,3
1767772120.6716168,16137296052353762183,0,4,7,58,12,6,2,3,2,80379,4829.19775390625,0,0,3
1767772120.6716168,16137296052353762183,0,5,12,58,8,0,2,3,2,81216,4857.998046875,0,0,3
1767772120.6716168,16137296052353762183,0,6,13,58,10,0,2,3,2,81244,4858.51025390625,0,0,3
1767772120.6716168,16137296052353762183,0,7,4,58,5,12,2,3,2,79829,4800.7900390625,0,0,3
1767772120.6716168,16137296052353762183,0,8,11,58,16,0,2,3,2,81058,4857.7373046875,0,0,3
1767772120.6716168,16137296052353762183,0,9,2,58,4,18,2,3,2,80084,4789.87158203125,0,0,3
1767772120.6716168,16137296052353762183,0,10,14,58,19,0,2,3,2,81334,4865.17431640625,0,0,3
1767772120.6716168,16137296052353762183,0,11,15,58,14,0,2,3,2,81371,4865.95361328125,0,0,3
1767772120.6716168,16137296052353762183,0,12,3,58,3,15,2,3,2,80300,4799.7841796875,0,0,3
1767772120.6716168,16137296052353762183,0,13,9,58,11,2,3,3,2,80304,4841.787109375,0,0,4
1767772120.6716168,16137296052353762183,0,14,6,58,7,8,2,3,2,80776,4828.75390625,0,0,3
1767772120.6716168,16137296052353762183,0,15,16,57,9,0,2,3,2,82328,4802.5205078125,0,0,3
1767772120.6716168,16137296052353762183,0,16,10,58,20,1,3,3,2,80828,4854.45361328125,0,0,4
1767772120.6716168,16137296052353762183,0,17,5,58,6,10,2,3,2,80548,4808.76904296875,0,0,3
1767772120.6716168,16137296052353762183,0,18,18,9,17,0,0,4,3,83068,788.0690307617188,0,0,1
1767772120.6716168,16137296052353762183,0,19,20,0,18,0,0,4,1,0,4964.653981829062,0,0,1
1767772120.6716168,16137296052353762183,0,20,0,0,0,0,0,0,0,0,0.0,0,0,0
1767772120.6716168,16137296052353762183,0,21,0,0,0,0,0,0,0,0,0.0,0,0,0
1767772125.6769469,16137296052353762183,0,0,17,33,15,0,1,4,3,82326,2862.583740234375,0,0,2
1767772125.6769469,16137296052353762183,0,1,1,58,2,25,2,3,2,79789,4784.58740234375,0,0,3
1767772125.6769469,16137296052353762183,0,2,19,2,13,0,0,4,3,84306,236.94192504882812,0,0,1
1767772125.6769469,16137296052353762183,0,3,8,58,1,4,2,3,2,81029,4831.4365234375,0,0,3
1767772125.6769469,16137296052353762183,0,4,7,58,12,6,2,3,2,80379,4829.19775390625,0,0,3
1767772125.6769469,16137296052353762183,0,5,12,58,8,0,2,3,2,81216,4857.998046875,0,0,3
1767772125.6769469,16137296052353762183,0,6,13,58,10,0,2,3,2,81244,4858.51025390625,0,0,3
1767772125.6769469,16137296052353762183,0,7,4,58,5,12,2,3,2,79829,4800.7900390625,0,0,3
1767772125.6769469,16137296052353762183,0,8,11,58,16,0,2,3,2,81058,4857.7373046875,0,0,3
1767772125.6769469,16137296052353762183,0,9,2,58,4,18,2,3,2,80084,4789.87158203125,0,0,3
1767772125.6769469,16137296052353762183,0,10,14,58,19,0,2,3,2,81334,4865.17431640625,0,0,3
1767772125.6769469,16137296052353762183,0,11,15,58,14,0,2,3,2,81371,4865.95361328125,0,0,3
1767772125.6769469,16137296052353762183,0,12,3,58,3,15,2,3,2,80300,4799.7841796875,0,0,3
1767772125.6769469,16137296052353762183,0,13,9,58,11,2,3,3,2,80304,4841.787109375,0,0,4
1767772125.6769469,16137296052353762183,0,14,6,58,7,8,2,3,2,80776,4828.75390625,0,0,3
1767772125.6769469,16137296052353762183,0,15,16,57,9,0,2,3,2,82328,4802.5205078125,0,0,3
1767772125.6769469,16137296052353762183,0,16,10,58,20,1,3,3,2,80828,4854.45361328125,0,0,4
1767772125.6769469,16137296052353762183,0,17,5,58,6,10,2,3,2,80548,4808.76904296875,0,0,3
1767772125.6769469,16137296052353762183,0,18,18,9,17,0,0,4,3,83068,788.0690307617188,0,0,1
1767772125.6769469,16137296052353762183,0,19,20,0,18,0,0,4,1,0,4964.653981829062,0,0,1
1767772125.6769469,16137296052353762183,0,20,0,0,0,0,0,0,0,0,0.0,0,0,0
1767772125.6769469,16137296052353762183,0,21,0,0,0,0,0,0,0,0,0.0,0,0,0
1767772130.682195,16137296052353762183,0,0,17,33,15,0,1,4,3,82326,2862.583740234375,0,0,2
1767772130.682195,16137296052353762183,0,1,1,58,2,25,2,3,2,79789,4784.58740234375,0,0,3
1767772130.682195,16137296052353762183,0,2,19,2,13,0,0,4,3,84306,236.94192504882812,0,0,1
1767772130.682195,16137296052353762183,0,3,8,58,1,4,2,3,2,81029,4831.4365234375,0,0,3
1767772130.682195,16137296052353762183,0,4,7,58,12,6,2,3,2,80379,4829.19775390625,0,0,3
1767772130.682195,16137296052353762183,0,5,12,58,8,0,2,3,2,81216,4857.998046875,0,0,3
1767772130.682195,16137296052353762183,0,6,13,58,10,0,2,3,2,81244,4858.51025390625,0,0,3
1767772130.682195,16137296052353762183,0,7,4,58,5,12,2,3,2,79829,4800.7900390625,0,0,3
1767772130.682195,16137296052353762183,0,8,11,58,16,0,2,3,2,81058,4857.7373046875,0,0,3
1767772130.682195,16137296052353762183,0,9,2,58,4,18,2,3,2,80084,4789.87158203125,0,0,3
1767772130.682195,16137296052353762183,0,10,14,58,19,0,2,3,2,81334,4865.17431640625,0,0,3
1767772130.682195,16137296052353762183,0,11,15,58,14,0,2,3,2,81371,4865.95361328125,0,0,3
1767772130.682195,16137296052353762183,0,12,3,58,3,15,2,3,2,80300,4799.7841796875,0,0,3
1767772130.682195,16137296052353762183,0,13,9,58,11,2,3,3,2,80304,4841.787109375,0,0,4
1767772130.682195,16137296052353762183,0,14,6,58,7,8,2,3,2,80776,4828.75390625,0,0,3
1767772130.682195,16137296052353762183,0,15,16,57,9,0,2,3,2,82328,4802.5205078125,0,0,3
1767772130.682195,16137296052353762183,0,16,10,58,20,1,3,3,2,80828,4854.45361328125,0,0,4
1767772130.682195,16137296052353762183,0,17,5,58,6,10,2,3,2,80548,4808.76904296875,0,0,3
1767772130.682195,16137296052353762183,0,18,18,9,17,0,0,4,3,83068,788.0690307617188,0,0,1
1767772130.682195,16137296052353762183,0,19,20,0,18,0,0,4,1,0,4964.653981829062,0,0,1
1767772130.682195,16137296052353762183,0,20,0,0,0,0,0,0,0,0,0.0,0,0,0
1767772130.682195,16137296052353762183,0,21,0,0,0,0,0,0,0,0,0.0,0,0,0
1767772135.69192,16137296052353762183,0,0,17,33,15,0,1,4,3,82326,2862.583740234375,0,0,2
1767772135.69192,16137296052353762183,0,1,1,58,2,25,2,3,2,79789,4784.58740234375,0,0,3
1767772135.69192,16137296052353762183,0,2,19,2,13,0,0,4,3,84306,236.94192504882812,0,0,1
1767772135.69192,16137296052353762183,0,3,8,58,1,4,2,3,2,81029,4831.4365234375,0,0,3
1767772135.69192,16137296052353762183,0,4,7,58,12,6,2,3,2,80379,4829.19775390625,0,0,3
1767772135.69192,16137296052353762183,0,5,12,58,8,0,2,3,2,81216,4857.998046875,0,0,3
1767772135.69192,16137296052353762183,0,6,13,58,10,0,2,3,2,81244,4858.51025390625,0,0,3
1767772135.69192,16137296052353762183,0,7,4,58,5,12,2,3,2,79829,4800.7900390625,0,0,3
1767772135.69192,16137296052353762183,0,8,11,58,16,0,2,3,2,81058,4857.7373046875,0,0,3
1767772135.69192,16137296052353762183,0,9,2,58,4,18,2,3,2,80084,4789.87158203125,0,0,3
1767772135.69192,16137296052353762183,0,10,14,58,19,0,2,3,2,81334,4865.17431640625,0,0,3
1767772135.69192,16137296052353762183,0,11,15,58,14,0,2,3,2,81371,4865.95361328125,0,0,3
1767772135.69192,16137296052353762183,0,12,3,58,3,15,2,3,2,80300,4799.7841796875,0,0,3
1767772135.69192,16137296052353762183,0,13,9,58,11,2,3,3,2,80304,4841.787109375,0,0,4
1767772135.69192,16137296052353762183,0,14,6,58,7,8,2,3,2,80776,4828.75390625,0,0,3
1767772135.69192,16137296052353762183,0,15,16,57,9,0,2,3,2,82328,4802.5205078125,0,0,3
1767772135.69192,16137296052353762183,0,16,10,58,20,1,3,3,2,80828,4854.45361328125,0,0,4
1767772135.69192,16137296052353762183,0,17,5,58,6,10,2,3,2,80548,4808.76904296875,0,0,3
1767772135.69192,16137296052353762183,0,18,18,9,17,0,0,4,3,83068,788.0690307617188,0,0,1
1767772135.69192,16137296052353762183,0,19,20,0,18,0,0,4,1,0,4964.653981829062,0,0,1
1767772135.69192,16137296052353762183,0,20,0,0,0,0,0,0,0,0,0.0,0,0,0
1767772135.69192,16137296052353762183,0,21,0,0,0,0,0,0,0,0,0.0,0,0,0
1767772140.7046328,16137296052353762183,0,0,17,33,15,0,1,4,3,82326,2862.583740234375,0,0,2
1767772140.7046328,16137296052353762183,0,1,1,58,2,25,2,3,2,79789,4784.58740234375,0,0,3
1767772140.7046328,16137296052353762183,0,2,19,2,13,0,0,4,3,84306,236.94192504882812,0,0,1
1767772140.7046328,16137296052353762183,0,3,8,58,1,4,2,3,2,81029,4831.4365234375,0,0,3
1767772140.7046328,16137296052353762183,0,4,7,58,12,6,2,3,2,80379,4829.19775390625,0,0,3
1767772140.7046328,16137296052353762183,0,5,12,58,8,0,2,3,2,81216,4857.998046875,0,0,3
1767772140.7046328,16137296052353762183,0,6,13,58,10,0,2,3,2,81244,4858.51025390625,0,0,3
1767772140.7046328,16137296052353762183,0,7,4,58,5,12,2,3,2,79829,4800.7900390625,0,0,3
1767772140.7046328,16137296052353762183,0,8,11,58,16,0,2,3,2,81058,4857.7373046875,0,0,3
1767772140.7046328,16137296052353762183,0,9,2,58,4,18,2,3,2,80084,4789.87158203125,0,0,3
1767772140.7046328,16137296052353762183,0,10,14,58,19,0,2,3,2,81334,4865.17431640625,0,0,3
1767772140.7046328,16137296052353762183,0,11,15,58,14,0,2,3,2,81371,4865.95361328125,0,0,3
1767772140.7046328,16137296052353762183,0,12,3,58,3,15,2,3,2,80300,4799.7841796875,0,0,3
1767772140.7046328,16137296052353762183,0,13,9,58,11,2,3,3,2,80304,4841.787109375,0,0,4
1767772140.7046328,16137296052353762183,0,14,6,58,7,8,2,3,2,80776,4828.75390625,0,0,3
1767772140.7046328,16137296052353762183,0,15,16,57,9,0,2,3,2,82328,4802.5205078125,0,0,3
1767772140.7046328,16137296052353762183,0,16,10,58,20,1,3,3,2,80828,4854.45361328125,0,0,4
1767772140.7046328,16137296052353762183,0,17,5,58,6,10,2,3,2,80548,4808.76904296875,0,0,3
1767772140.7046328,16137296052353762183,0,18,18,9,17,0,0,4,3,83068,788.0690307617188,0,0,1
1767772140.7046328,16137296052353762183,0,19,20,0,18,0,0,4,1,0,4964.653981829062,0,0,1
1767772140.7046328,16137296052353762183,0,20,0,0,0,0,0,0,0,0,0.0,0,0,0
1767772140.7046328,16137296052353762183,0,21,0,0,0,0,0,0,0,0,0.0,0,0,0
1767772145.717045,16137296052353762183,0,0,17,33,15,0,1,4,3,82326,2862.583740234375,0,0,2
1767772145.717045,16137296052353762183,0,1,1,58,2,25,2,3,2,79789,4784.58740234375,0,0,3
1767772145.717045,16137296052353762183,0,2,19,2,13,0,0,4,3,84306,236.94192504882812,0,0,1
1767772145.717045,16137296052353762183,0,3,8,58,1,4,2,3,2,81029,4831.4365234375,0,0,3
1767772145.717045,16137296052353762183,0,4,7,58,12,6,2,3,2,80379,4829.19775390625,0,0,3
1767772145.717045,16137296052353762183,0,5,12,58,8,0,2,3,2,81216,4857.998046875,0,0,3
1767772145.717045,16137296052353762183,0,6,13,58,10,0,2,3,2,81244,4858.51025390625,0,0,3
1767772145.717045,16137296052353762183,0,7,4,58,5,12,2,3,2,79829,4800.7900390625,0,0,3
1767772145.717045,16137296052353762183,0,8,11,58,16,0,2,3,2,81058,4857.7373046875,0,0,3
1767772145.717045,16137296052353762183,0,9,2,58,4,18,2,3,2,80084,4789.87158203125,0,0,3
1767772145.717045,16137296052353762183,0,10,14,58,19,0,2,3,2,81334,4865.17431640625,0,0,3
1767772145.717045,16137296052353762183,0,11,15,58,14,0,2,3,2,81371,4865.95361328125,0,0,3
1767772145.717045,16137296052353762183,0,12,3,58,3,15,2,3,2,80300,4799.7841796875,0,0,3
1767772145.717045,16137296052353762183,0,13,9,58,11,2,3,3,2,80304,4841.787109375,0,0,4
1767772145.717045,16137296052353762183,0,14,6,58,7,8,2,3,2,80776,4828.75390625,0,0,3
1767772145.717045,16137296052353762183,0,15,16,57,9,0,2,3,2,82328,4802.5205078125,0,0,3
1767772145.717045,16137296052353762183,0,16,10,58,20,1,3,3,2,80828,4854.45361328125,0,0,4
1767772145.717045,16137296052353762183,0,17,5,58,6,10,2,3,2,80548,4808.76904296875,0,0,3
1767772145.717045,16137296052353762183,0,18,18,9,17,0,0,4,3,83068,788.0690307617188,0,0,1
1767772145.717045,16137296052353762183,0,19,20,0,18,0,0,4,1,0,4964.653981829062,0,0,1
1767772145.717045,16137296052353762183,0,20,0,0,0,0,0,0,0,0,0.0,0,0,0
1767772145.717045,16137296052353762183,0,21,0,0,0,0,0,0,0,0,0.0,0,0,0
1767772150.7328556,16137296052353762183,0,0,17,33,15,0,1,4,3,82326,2862.583740234375,0,0,2
1767772150.7328556,16137296052353762183,0,1,1,58,2,25,2,3,2,79789,4784.58740234375,0,0,3
1767772150.7328556,16137296052353762183,0,2,19,2,13,0,0,4,3,84306,236.94192504882812,0,0,1
1767772150.7328556,16137296052353762183,0,3,8,58,1,4,2,3,2,81029,4831.4365234375,0,0,3
1767772150.7328556,16137296052353762183,0,4,7,58,12,6,2,3,2,80379,4829.19775390625,0,0,3
1767772150.7328556,16137296052353762183,0,5,12,58,8,0,2,3,2,81216,4857.998046875,0,0,3
1767772150.7328556,16137296052353762183,0,6,13,58,10,0,2,3,2,81244,4858.51025390625,0,0,3
1767772150.7328556,16137296052353762183,0,7,4,58,5,12,2,3,2,79829,4800.7900390625,0,0,3
1767772150.7328556,16137296052353762183,0,8,11,58,16,0,2,3,2,81058,4857.7373046875,0,0,3
1767772150.7328556,16137296052353762183,0,9,2,58,4,18,2,3,2,80084,4789.87158203125,0,0,3
1767772150.7328556,16137296052353762183,0,10,14,58,19,0,2,3,2,81334,4865.17431640625,0,0,3
1767772150.7328556,16137296052353762183,0,11,15,58,14,0,2,3,2,81371,4865.95361328125,0,0,3
1767772150.7328556,16137296052353762183,0,12,3,58,3,15,2,3,2,80300,4799.7841796875,0,0,3
1767772150.7328556,16137296052353762183,0,13,9,58,11,2,3,3,2,80304,4841.787109375,0,0,4
1767772150.7328556,16137296052353762183,0,14,6,58,7,8,2,3,2,80776,4828.75390625,0,0,3
1767772150.7328556,16137296052353762183,0,15,16,57,9,0,2,3,2,82328,4802.5205078125,0,0,3
1767772150.7328556,16137296052353762183,0,16,10,58,20,1,3,3,2,80828,4854.45361328125,0,0,4
1767772150.7328556,16137296052353762183,0,17,5,58,6,10,2,3,2,80548,4808.76904296875,0,0,3
1767772150.7328556,16137296052353762183,0,18,18,9,17,0,0,4,3,83068,788.0690307617188,0,0,1
1767772150.7328556,16137296052353762183,0,19,20,0,18,0,0,4,1,0,4964.653981829062,0,0,1
1767772150.7328556,16137296052353762183,0,20,0,0,0,0,0,0,0,0,0.0,0,0,0
1767772150.7328556,16137296052353762183,0,21,0,0,0,0,0,0,0,0,0.0,0,0,0
1767772155.739393,16137296052353762183,0,0,17,33,15,0,1,4,3,82326,2862.583740234375,0,0,2
1767772155.739393,16137296052353762183,0,1,1,58,2,25,2,3,2,79789,4784.58740234375,0,0,3
1767772155.739393,16137296052353762183,0,2,19,2,13,0,0,4,3,84306,236.94192504882812,0,0,1
1767772155.739393,16137296052353762183,0,3,8,58,1,4,2,3,2,81029,4831.4365234375,0,0,3
1767772155.739393,16137296052353762183,0,4,7,58,12,6,2,3,2,80379,4829.19775390625,0,0,3
1767772155.739393,16137296052353762183,0,5,12,58,8,0,2,3,2,81216,4857.998046875,0,0,3
1767772155.739393,16137296052353762183,0,6,13,58,10,0,2,3,2,81244,4858.51025390625,0,0,3
1767772155.739393,16137296052353762183,0,7,4,58,5,12,2,3,2,79829,4800.7900390625,0,0,3
1767772155.739393,16137296052353762183,0,8,11,58,16,0,2,3,2,81058,4857.7373046875,0,0,3
1767772155.739393,16137296052353762183,0,9,2,58,4,18,2,3,2,80084,4789.87158203125,0,0,3
1767772155.739393,16137296052353762183,0,10,14,58,19,0,2,3,2,81334,4865.17431640625,0,0,3
1767772155.739393,16137296052353762183,0,11,15,58,14,0,2,3,2,81371,4865.95361328125,0,0,3
1767772155.739393,16137296052353762183,0,12,3,58,3,15,2,3,2,80300,4799.7841796875,0,0,3
1767772155.739393,16137296052353762183,0,13,9,58,11,2,3,3,2,80304,4841.787109375,0,0,4
1767772155.739393,16137296052353762183,0,14,6,58,7,8,2,3,2,80776,4828.75390625,0,0,3
1767772155.739393,16137296052353762183,0,15,16,57,9,0,2,3,2,82328,4802.5205078125,0,0,3
1767772155.739393,16137296052353762183,0,16,10,58,20,1,3,3,2,80828,4854.45361328125,0,0,4
1767772155.739393,16137296052353762183,0,17,5,58,6,10,2,3,2,80548,4808.76904296875,0,0,3
1767772155.739393,16137296052353762183,0,18,18,9,17,0,0,4,3,83068,788.0690307617188,0,0,1
1767772155.739393,16137296052353762183,0,19,20,0,18,0,0,4,1,0,4964.653981829062,0,0,1
1767772155.739393,16137296052353762183,0,20,0,0,0,0,0,0,0,0,0.0,0,0,0
1767772155.739393,16137296052353762183,0,21,0,0,0,0,0,0,0,0,0.0,0,0,0
1767772160.749833,16137296052353762183,0,0,17,33,15,0,1,4,3,82326,2862.583740234375,0,0,2
1767772160.749833,16137296052353762183,0,1,1,58,2,25,2,3,2,79789,4784.58740234375,0,0,3
1767772160.749833,16137296052353762183,0,2,19,2,13,0,0,4,3,84306,236.94192504882812,0,0,1
1767772160.749833,16137296052353762183,0,3,8,58,1,4,2,3,2,81029,4831.4365234375,0,0,3
1767772160.749833,16137296052353762183,0,4,7,58,12,6,2,3,2,80379,4829.19775390625,0,0,3
1767772160.749833,16137296052353762183,0,5,12,58,8,0,2,3,2,81216,4857.998046875,0,0,3
1767772160.749833,16137296052353762183,0,6,13,58,10,0,2,3,2,81244,4858.51025390625,0,0,3
1767772160.749833,16137296052353762183,0,7,4,58,5,12,2,3,2,79829,4800.7900390625,0,0,3
1767772160.749833,16137296052353762183,0,8,11,58,16,0,2,3,2,81058,4857.7373046875,0,0,3
1767772160.749833,16137296052353762183,0,9,2,58,4,18,2,3,2,80084,4789.87158203125,0,0,3
1767772160.749833,16137296052353762183,0,10,14,58,19,0,2,3,2,81334,4865.17431640625,0,0,3
1767772160.749833,16137296052353762183,0,11,15,58,14,0,2,3,2,81371,4865.95361328125,0,0,3
1767772160.749833,16137296052353762183,0,12,3,58,3,15,2,3,2,80300,4799.7841796875,0,0,3
1767772160.749833,16137296052353762183,0,13,9,58,11,2,3,3,2,80304,4841.787109375,0,0,4
1767772160.749833,16137296052353762183,0,14,6,58,7,8,2,3,2,80776,4828.75390625,0,0,3
1767772160.749833,16137296052353762183,0,15,16,57,9,0,2,3,2,82328,4802.5205078125,0,0,3
1767772160.749833,16137296052353762183,0,16,10,58,20,1,3,3,2,80828,4854.45361328125,0,0,4
1767772160.749833,16137296052353762183,0,17,5,58,6,10,2,3,2,80548,4808.76904296875,0,0,3
1767772160.749833,16137296052353762183,0,18,18,9,17,0,0,4,3,83068,788.0690307617188,0,0,1
1767772160.749833,16137296052353762183,0,19,20,0,18,0,0,4,1,0,4964.653981829062,0,0,1
1767772160.749833,16137296052353762183,0,20,0,0,0,0,0,0,0,0,0.0,0,0,0
1767772160.749833,16137296052353762183,0,21,0,0,0,0,0,0,0,0,0.0,0,0,0
1767772165.7544832,16137296052353762183,0,0,17,33,15,0,1,4,3,82326,2862.583740234375,0,0,2
1767772165.7544832,16137296052353762183,0,1,1,58,2,25,2,3,2,79789,4784.58740234375,0,0,3
1767772165.7544832,16137296052353762183,0,2,19,2,13,0,0,4,3,84306,236.94192504882812,0,0,1
1767772165.7544832,16137296052353762183,0,3,8,58,1,4,2,3,2,81029,4831.4365234375,0,0,3
1767772165.7544832,16137296052353762183,0,4,7,58,12,6,2,3,2,80379,4829.19775390625,0,0,3
1767772165.7544832,16137296052353762183,0,5,12,58,8,0,2,3,2,81216,4857.998046875,0,0,3
1767772165.7544832,16137296052353762183,0,6,13,58,10,0,2,3,2,81244,4858.51025390625,0,0,3
1767772165.7544832,16137296052353762183,0,7,4,58,5,12,2,3,2,79829,4800.7900390625,0,0,3
1767772165.7544832,16137296052353762183,0,8,11,58,16,0,2,3,2,81058,4857.7373046875,0,0,3
1767772165.7544832,16137296052353762183,0,9,2,58,4,18,2,3,2,80084,4789.87158203125,0,0,3
1767772165.7544832,16137296052353762183,0,10,14,58,19,0,2,3,2,81334,4865.17431640625,0,0,3
1767772165.7544832,16137296052353762183,0,11,15,58,14,0,2,3,2,81371,4865.95361328125,0,0,3
1767772165.7544832,16137296052353762183,0,12,3,58,3,15,2,3,2,80300,4799.7841796875,0,0,3
1767772165.7544832,16137296052353762183,0,13,9,58,11,2,3,3,2,80304,4841.787109375,0,0,4
1767772165.7544832,16137296052353762183,0,14,6,58,7,8,2,3,2,80776,4828.75390625,0,0,3
1767772165.7544832,16137296052353762183,0,15,16,57,9,0,2,3,2,82328,4802.5205078125,0,0,3
1767772165.7544832,16137296052353762183,0,16,10,58,20,1,3,3,2,80828,4854.45361328125,0,0,4
1767772165.7544832,16137296052353762183,0,17,5,58,6,10,2,3,2,80548,4808.76904296875,0,0,3
1767772165.7544832,16137296052353762183,0,18,18,9,17,0,0,4,3,83068,788.0690307617188,0,0,1
1767772165.7544832,16137296052353762183,0,19,20,0,18,0,0,4,1,0,4964.653981829062,0,0,1
1767772165.7544832,16137296052353762183,0,20,0,0,0,0,0,0,0,0,0.0,0,0,0
1767772165.7544832,16137296052353762183,0,21,0,0,0,0,0,0,0,0,0.0,0,0,0
1767772170.7633054,16137296052353762183,0,0,17,33,15,0,1,4,3,82326,2862.583740234375,0,0,2
1767772170.7633054,16137296052353762183,0,1,1,58,2,25,2,3,2,79789,4784.58740234375,0,0,3
1767772170.7633054,16137296052353762183,0,2,19,2,13,0,0,4,3,84306,236.94192504882812,0,0,1
1767772170.7633054,16137296052353762183,0,3,8,58,1,4,2,3,2,81029,4831.4365234375,0,0,3
1767772170.7633054,16137296052353762183,0,4,7,58,12,6,2,3,2,80379,4829.19775390625,0,0,3
1767772170.7633054,16137296052353762183,0,5,12,58,8,0,2,3,2,81216,4857.998046875,0,0,3
1767772170.7633054,16137296052353762183,0,6,13,58,10,0,2,3,2,81244,4858.51025390625,0,0,3
1767772170.7633054,16137296052353762183,0,7,4,58,5,12,2,3,2,79829,4800.7900390625,0,0,3
1767772170.7633054,16137296052353762183,0,8,11,58,16,0,2,3,2,81058,4857.7373046875,0,0,3
1767772170.7633054,16137296052353762183,0,9,2,58,4,18,2,3,2,80084,4789.87158203125,0,0,3
1767772170.7633054,16137296052353762183,0,10,14,58,19,0,2,3,2,81334,4865.17431640625,0,0,3
1767772170.7633054,16137296052353762183,0,11,15,58,14,0,2,3,2,81371,4865.95361328125,0,0,3
1767772170.7633054,16137296052353762183,0,12,3,58,3,15,2,3,2,80300,4799.7841796875,0,0,3
1767772170.7633054,16137296052353762183,0,13,9,58,11,2,3,3,2,80304,4841.787109375,0,0,4
1767772170.7633054,16137296052353762183,0,14,6,58,7,8,2,3,2,80776,4828.75390625,0,0,3
1767772170.7633054,16137296052353762183,0,15,16,57,9,0,2,3,2,82328,4802.5205078125,0,0,3
1767772170.7633054,16137296052353762183,0,16,10,58,20,1,3,3,2,80828,4854.45361328125,0,0,4
1767772170.7633054,16137296052353762183,0,17,5,58,6,10,2,3,2,80548,4808.76904296875,0,0,3
1767772170.7633054,16137296052353762183,0,18,18,9,17,0,0,4,3,83068,788.0690307617188,0,0,1
1767772170.7633054,16137296052353762183,0,19,20,0,18,0,0,4,1,0,4964.653981829062,0,0,1
1767772170.7633054,16137296052353762183,0,20,0,0,0,0,0,0,0,0,0.0,0,0,0
1767772170.7633054,16137296052353762183,0,21,0,0,0,0,0,0,0,0,0.0,0,0,0
1767772175.7672906,16137296052353762183,0,0,17,33,15,0,1,4,3,82326,2862.583740234375,0,0,2
1767772175.7672906,16137296052353762183,0,1,1,58,2,25,2,3,2,79789,4784.58740234375,0,0,3
1767772175.7672906,16137296052353762183,0,2,19,2,13,0,0,4,3,84306,236.94192504882812,0,0,1
1767772175.7672906,16137296052353762183,0,3,8,58,1,4,2,3,2,81029,4831.4365234375,0,0,3
1767772175.7672906,16137296052353762183,0,4,7,58,12,6,2,3,2,80379,4829.19775390625,0,0,3
1767772175.7672906,16137296052353762183,0,5,12,58,8,0,2,3,2,81216,4857.998046875,0,0,3
1767772175.7672906,16137296052353762183,0,6,13,58,10,0,2,3,2,81244,4858.51025390625,0,0,3
1767772175.7672906,16137296052353762183,0,7,4,58,5,12,2,3,2,79829,4800.7900390625,0,0,3
1767772175.7672906,16137296052353762183,0,8,11,58,16,0,2,3,2,81058,4857.7373046875,0,0,3
1767772175.7672906,16137296052353762183,0,9,2,58,4,18,2,3,2,80084,4789.87158203125,0,0,3
1767772175.7672906,16137296052353762183,0,10,14,58,19,0,2,3,2,81334,4865.17431640625,0,0,3
1767772175.7672906,16137296052353762183,0,11,15,58,14,0,2,3,2,81371,4865.95361328125,0,0,3
1767772175.7672906,16137296052353762183,0,12,3,58,3,15,2,3,2,80300,4799.7841796875,0,0,3
1767772175.7672906,16137296052353762183,0,13,9,58,11,2,3,3,2,80304,4841.787109375,0,0,4
1767772175.7672906,16137296052353762183,0,14,6,58,7,8,2,3,2,80776,4828.75390625,0,0,3
1767772175.7672906,16137296052353762183,0,15,16,57,9,0,2,3,2,82328,4802.5205078125,0,0,3
1767772175.7672906,16137296052353762183,0,16,10,58,20,1,3,3,2,80828,4854.45361328125,0,0,4
1767772175.7672906,16137296052353762183,0,17,5,58,6,10,2,3,2,80548,4808.76904296875,0,0,3
1767772175.7672906,16137296052353762183,0,18,18,9,17,0,0,4,3,83068,788.0690307617188,0,0,1
1767772175.7672906,16137296052353762183,0,19,20,0,18,0,0,4,1,0,4964.653981829062,0,0,1
1767772175.7672906,16137296052353762183,0,20,0,0,0,0,0,0,0,0,0.0,0,0,0
1767772175.7672906,16137296052353762183,0,21,0,0,0,0,0,0,0,0,0.0,0,0,0
1767772180.7698424,16137296052353762183,0,0,17,33,15,0,1,4,3,82326,2862.583740234375,0,0,2
1767772180.7698424,16137296052353762183,0,1,1,58,2,25,2,3,2,79789,4784.58740234375,0,0,3
1767772180.7698424,16137296052353762183,0,2,19,2,13,0,0,4,3,84306,236.94192504882812,0,0,1
1767772180.7698424,16137296052353762183,0,3,8,58,1,4,2,3,2,81029,4831.4365234375,0,0,3
1767772180.7698424,16137296052353762183,0,4,7,58,12,6,2,3,2,80379,4829.19775390625,0,0,3
1767772180.7698424,16137296052353762183,0,5,12,58,8,0,2,3,2,81216,4857.998046875,0,0,3
1767772180.7698424,16137296052353762183,0,6,13,58,10,0,2,3,2,81244,4858.51025390625,0,0,3
1767772180.7698424,16137296052353762183,0,7,4,58,5,12,2,3,2,79829,4800.7900390625,0,0,3
1767772180.7698424,16137296052353762183,0,8,11,58,16,0,2,3,2,81058,4857.7373046875,0,0,3
1767772180.7698424,16137296052353762183,0,9,2,58,4,18,2,3,2,80084,4789.87158203125,0,0,3
1767772180.7698424,16137296052353762183,0,10,14,58,19,0,2,3,2,81334,4865.17431640625,0,0,3
1767772180.7698424,16137296052353762183,0,11,15,58,14,0,2,3,2,81371,4865.95361328125,0,0,3
1767772180.7698424,16137296052353762183,0,12,3,58,3,15,2,3,2,80300,4799.7841796875,0,0,3
1767772180.7698424,16137296052353762183,0,13,9,58,11,2,3,3,2,80304,4841.787109375,0,0,4
1767772180.7698424,16137296052353762183,0,14,6,58,7,8,2,3,2,80776,4828.75390625,0,0,3
1767772180.7698424,16137296052353762183,0,15,16,57,9,0,2,3,2,82328,4802.5205078125,0,0,3
1767772180.7698424,16137296052353762183,0,16,10,58,20,1,3,3,2,80828,4854.45361328125,0,0,4
1767772180.7698424,16137296052353762183,0,17,5,58,6,10,2,3,2,80548,4808.76904296875,0,0,3
1767772180.7698424,16137296052353762183,0,18,18,9,17,0,0,4,3,83068,788.0690307617188,0,0,1
1767772180.7698424,16137296052353762183,0,19,20,0,18,0,0,4,1,0,4964.653981829062,0,0,1
1767772180.7698424,16137296052353762183,0,20,0,0,0,0,0,0,0,0,0.0,0,0,0
1767772180.7698424,16137296052353762183,0,21,0,0,0,0,0,0,0,0,0.0,0,0,0
1767772185.78351,16137296052353762183,0,0,17,33,15,0,1,4,3,82326,2862.583740234375,0,0,2
1767772185.78351,16137296052353762183,0,1,1,58,2,25,2,3,2,79789,4784.58740234375,0,0,3
1767772185.78351,16137296052353762183,0,2,19,2,13,0,0,4,3,84306,236.94192504882812,0,0,1
1767772185.78351,16137296052353762183,0,3,8,58,1,4,2,3,2,81029,4831.4365234375,0,0,3
1767772185.78351,16137296052353762183,0,4,7,58,12,6,2,3,2,80379,4829.19775390625,0,0,3
1767772185.78351,16137296052353762183,0,5,12,58,8,0,2,3,2,81216,4857.998046875,0,0,3
1767772185.78351,16137296052353762183,0,6,13,58,10,0,2,3,2,81244,4858.51025390625,0,0,3
1767772185.78351,16137296052353762183,0,7,4,58,5,12,2,3,2,79829,4800.7900390625,0,0,3
1767772185.78351,16137296052353762183,0,8,11,58,16,0,2,3,2,81058,4857.7373046875,0,0,3
1767772185.78351,16137296052353762183,0,9,2,58,4,18,2,3,2,80084,4789.87158203125,0,0,3
1767772185.78351,16137296052353762183,0,10,14,58,19,0,2,3,2,81334,4865.17431640625,0,0,3
1767772185.78351,16137296052353762183,0,11,15,58,14,0,2,3,2,81371,4865.95361328125,0,0,3
1767772185.78351,16137296052353762183,0,12,3,58,3,15,2,3,2,80300,4799.7841796875,0,0,3
1767772185.78351,16137296052353762183,0,13,9,58,11,2,3,3,2,80304,4841.787109375,0,0,4
1767772185.78351,16137296052353762183,0,14,6,58,7,8,2,3,2,80776,4828.75390625,0,0,3
1767772185.78351,16137296052353762183,0,15,16,57,9,0,2,3,2,82328,4802.5205078125,0,0,3
1767772185.78351,16137296052353762183,0,16,10,58,20,1,3,3,2,80828,4854.45361328125,0,0,4
1767772185.78351,16137296052353762183,0,17,5,58,6,10,2,3,2,80548,4808.76904296875,0,0,3
1767772185.78351,16137296052353762183,0,18,18,9,17,0,0,4,3,83068,788.0690307617188,0,0,1
1767772185.78351,16137296052353762183,0,19,20,0,18,0,0,4,1,0,4964.653981829062,0,0,1
1767772185.78351,16137296052353762183,0,20,0,0,0,0,0,0,0,0,0.0,0,0,0
1767772185.78351,16137296052353762183,0,21,0,0,0,0,0,0,0,0,0.0,0,0,0
1767772190.8093636,16137296052353762183,0,0,17,33,15,0,1,4,3,82326,2862.583740234375,0,0,2
1767772190.8093636,16137296052353762183,0,1,1,58,2,25,2,3,2,79789,4784.58740234375,0,0,3
1767772190.8093636,16137296052353762183,0,2,19,2,13,0,0,4,3,84306,236.94192504882812,0,0,1
1767772190.8093636,16137296052353762183,0,3,8,58,1,4,2,3,2,81029,4831.4365234375,0,0,3
1767772190.8093636,16137296052353762183,0,4,7,58,12,6,2,3,2,80379,4829.19775390625,0,0,3
1767772190.8093636,16137296052353762183,0,5,12,58,8,0,2,3,2,81216,4857.998046875,0,0,3
1767772190.8093636,16137296052353762183,0,6,13,58,10,0,2,3,2,81244,4858.51025390625,0,0,3
1767772190.8093636,16137296052353762183,0,7,4,58,5,12,2,3,2,79829,4800.7900390625,0,0,3
1767772190.8093636,16137296052353762183,0,8,11,58,16,0,2,3,2,81058,4857.7373046875,0,0,3
1767772190.8093636,16137296052353762183,0,9,2,58,4,18,2,3,2,80084,4789.87158203125,0,0,3
1767772190.8093636,16137296052353762183,0,10,14,58,19,0,2,3,2,81334,4865.17431640625,0,0,3
1767772190.8093636,16137296052353762183,0,11,15,58,14,0,2,3,2,81371,4865.95361328125,0,0,3
1767772190.8093636,16137296052353762183,0,12,3,58,3,15,2,3,2,80300,4799.7841796875,0,0,3
1767772190.8093636,16137296052353762183,0,13,9,58,11,2,3,3,2,80304,4841.787109375,0,0,4
1767772190.8093636,16137296052353762183,0,14,6,58,7,8,2,3,2,80776,4828.75390625,0,0,3
1767772190.8093636,16137296052353762183,0,15,16,57,9,0,2,3,2,82328,4802.5205078125,0,0,3
1767772190.8093636,16137296052353762183,0,16,10,58,20,1,3,3,2,80828,4854.45361328125,0,0,4
1767772190.8093636,16137296052353762183,0,17,5,58,6,10,2,3,2,80548,4808.76904296875,0,0,3
1767772190.8093636,16137296052353762183,0,18,18,9,17,0,0,4,3,83068,788.0690307617188,0,0,1
1767772190.8093636,16137296052353762183,0,19,20,0,18,0,0,4,1,0,4964.653981829062,0,0,1
1767772190.8093636,16137296052353762183,0,20,0,0,0,0,0,0,0,0,0.0,0,0,0
1767772190.8093636,16137296052353762183,0,21,0,0,0,0,0,0,0,0,0.0,0,0,0
1767772195.8179457,16137296052353762183,0,0,17,33,15,0,1,4,3,82326,2862.583740234375,0,0,2
1767772195.8179457,16137296052353762183,0,1,1,58,2,25,2,3,2,79789,4784.58740234375,0,0,3
1767772195.8179457,16137296052353762183,0,2,19,2,13,0,0,4,3,84306,236.94192504882812,0,0,1
1767772195.8179457,16137296052353762183,0,3,8,58,1,4,2,3,2,81029,4831.4365234375,0,0,3
1767772195.8179457,16137296052353762183,0,4,7,58,12,6,2,3,2,80379,4829.19775390625,0,0,3
1767772195.8179457,16137296052353762183,0,5,12,58,8,0,2,3,2,81216,4857.998046875,0,0,3
1767772195.8179457,16137296052353762183,0,6,13,58,10,0,2,3,2,81244,4858.51025390625,0,0,3
1767772195.8179457,16137296052353762183,0,7,4,58,5,12,2,3,2,79829,4800.7900390625,0,0,3
1767772195.8179457,16137296052353762183,0,8,11,58,16,0,2,3,2,81058,4857.7373046875,0,0,3
1767772195.8179457,16137296052353762183,0,9,2,58,4,18,2,3,2,80084,4789.87158203125,0,0,3
1767772195.8179457,16137296052353762183,0,10,14,58,19,0,2,3,2,81334,4865.17431640625,0,0,3
1767772195.8179457,16137296052353762183,0,11,15,58,14,0,2,3,2,81371,4865.95361328125,0,0,3
1767772195.8179457,16137296052353762183,0,12,3,58,3,15,2,3,2,80300,4799.7841796875,0,0,3
1767772195.8179457,16137296052353762183,0,13,9,58,11,2,3,3,2,80304,4841.787109375,0,0,4
1767772195.8179457,16137296052353762183,0,14,6,58,7,8,2,3,2,80776,4828.75390625,0,0,3
1767772195.8179457,16137296052353762183,0,15,16,57,9,0,2,3,2,82328,4802.5205078125,0,0,3
1767772195.8179457,16137296052353762183,0,16,10,58,20,1,3,3,2,80828,4854.45361328125,0,0,4
1767772195.8179457,16137296052353762183,0,17,5,58,6,10,2,3,2,80548,4808.76904296875,0,0,3
1767772195.8179457,16137296052353762183,0,18,18,9,17,0,0,4,3,83068,788.0690307617188,0,0,1
1767772195.8179457,16137296052353762183,0,19,20,0,18,0,0,4,1,0,4964.653981829062,0,0,1
1767772195.8179457,16137296052353762183,0,20,0,0,0,0,0,0,0,0,0.0,0,0,0
1767772195.8179457,16137296052353762183,0,21,0,0,0,0,0,0,0,0,0.0,0,0,0
1767772200.8386252,16137296052353762183,0,0,17,33,15,0,1,4,3,82326,2862.583740234375,0,0,2
1767772200.8386252,16137296052353762183,0,1,1,58,2,25,2,3,2,79789,4784.58740234375,0,0,3
1767772200.8386252,16137296052353762183,0,2,19,2,13,0,0,4,3,84306,236.94192504882812,0,0,1
1767772200.8386252,16137296052353762183,0,3,8,58,1,4,2,3,2,81029,4831.4365234375,0,0,3
1767772200.8386252,16137296052353762183,0,4,7,58,12,6,2,3,2,80379,4829.19775390625,0,0,3
1767772200.8386252,16137296052353762183,0,5,12,58,8,0,2,3,2,81216,4857.998046875,0,0,3
1767772200.8386252,16137296052353762183,0,6,13,58,10,0,2,3,2,81244,4858.51025390625,0,0,3
1767772200.8386252,16137296052353762183,0,7,4,58,5,12,2,3,2,79829,4800.7900390625,0,0,3
1767772200.8386252,16137296052353762183,0,8,11,58,16,0,2,3,2,81058,4857.7373046875,0,0,3
1767772200.8386252,16137296052353762183,0,9,2,58,4,18,2,3,2,80084,4789.87158203125,0,0,3
1767772200.8386252,16137296052353762183,0,10,14,58,19,0,2,3,2,81334,4865.17431640625,0,0,3
1767772200.8386252,16137296052353762183,0,11,15,58,14,0,2,3,2,81371,4865.95361328125,0,0,3
1767772200.8386252,16137296052353762183,0,12,3,58,3,15,2,3,2,80300,4799.7841796875,0,0,3
1767772200.8386252,16137296052353762183,0,13,9,58,11,2,3,3,2,80304,4841.787109375,0,0,4
1767772200.8386252,16137296052353762183,0,14,6,58,7,8,2,3,2,80776,4828.75390625,0,0,3
1767772200.8386252,16137296052353762183,0,15,16,57,9,0,2,3,2,82328,4802.5205078125,0,0,3
1767772200.8386252,16137296052353762183,0,16,10,58,20,1,3,3,2,80828,4854.45361328125,0,0,4
1767772200.8386252,16137296052353762183,0,17,5,58,6,10,2,3,2,80548,4808.76904296875,0,0,3
1767772200.8386252,16137296052353762183,0,18,18,9,17,0,0,4,3,83068,788.0690307617188,0,0,1
1767772200.8386252,16137296052353762183,0,19,20,0,18,0,0,4,1,0,4964.653981829062,0,0,1
1767772200.8386252,16137296052353762183,0,20,0,0,0,0,0,0,0,0,0.0,0,0,0
1767772200.8386252,16137296052353762183,0,21,0,0,0,0,0,0,0,0,0.0,0,0,0
1767772205.86007,16137296052353762183,0,0,17,33,15,0,1,4,3,82326,2862.583740234375,0,0,2
1767772205.86007,16137296052353762183,0,1,1,58,2,25,2,3,2,79789,4784.58740234375,0,0,3
1767772205.86007,16137296052353762183,0,2,19,2,13,0,0,4,3,84306,236.94192504882812,0,0,1
1767772205.86007,16137296052353762183,0,3,8,58,1,4,2,3,2,81029,4831.4365234375,0,0,3
1767772205.86007,16137296052353762183,0,4,7,58,12,6,2,3,2,80379,4829.19775390625,0,0,3
1767772205.86007,16137296052353762183,0,5,12,58,8,0,2,3,2,81216,4857.998046875,0,0,3
1767772205.86007,16137296052353762183,0,6,13,58,10,0,2,3,2,81244,4858.51025390625,0,0,3
1767772205.86007,16137296052353762183,0,7,4,58,5,12,2,3,2,79829,4800.7900390625,0,0,3
1767772205.86007,16137296052353762183,0,8,11,58,16,0,2,3,2,81058,4857.7373046875,0,0,3
1767772205.86007,16137296052353762183,0,9,2,58,4,18,2,3,2,80084,4789.87158203125,0,0,3
1767772205.86007,16137296052353762183,0,10,14,58,19,0,2,3,2,81334,4865.17431640625,0,0,3
1767772205.86007,16137296052353762183,0,11,15,58,14,0,2,3,2,81371,4865.95361328125,0,0,3
1767772205.86007,16137296052353762183,0,12,3,58,3,15,2,3,2,80300,4799.7841796875,0,0,3
1767772205.86007,16137296052353762183,0,13,9,58,11,2,3,3,2,80304,4841.787109375,0,0,4
1767772205.86007,16137296052353762183,0,14,6,58,7,8,2,3,2,80776,4828.75390625,0,0,3
1767772205.86007,16137296052353762183,0,15,16,57,9,0,2,3,2,82328,4802.5205078125,0,0,3
1767772205.86007,16137296052353762183,0,16,10,58,20,1,3,3,2,80828,4854.45361328125,0,0,4
1767772205.86007,16137296052353762183,0,17,5,58,6,10,2,3,2,80548,4808.76904296875,0,0,3
1767772205.86007,16137296052353762183,0,18,18,9,17,0,0,4,3,83068,788.0690307617188,0,0,1
1767772205.86007,16137296052353762183,0,19,20,0,18,0,0,4,1,0,4964.653981829062,0,0,1
1767772205.86007,16137296052353762183,0,20,0,0,0,0,0,0,0,0,0.0,0,0,0
1767772205.86007,16137296052353762183,0,21,0,0,0,0,0,0,0,0,0.0,0,0,0
1767772210.8788803,16137296052353762183,0,0,17,33,15,0,1,4,3,82326,2862.583740234375,0,0,2
1767772210.8788803,16137296052353762183,0,1,1,58,2,25,2,3,2,79789,4784.58740234375,0,0,3
1767772210.8788803,16137296052353762183,0,2,19,2,13,0,0,4,3,84306,236.94192504882812,0,0,1
1767772210.8788803,16137296052353762183,0,3,8,58,1,4,2,3,2,81029,4831.4365234375,0,0,3
1767772210.8788803,16137296052353762183,0,4,7,58,12,6,2,3,2,80379,4829.19775390625,0,0,3
1767772210.8788803,16137296052353762183,0,5,12,58,8,0,2,3,2,81216,4857.998046875,0,0,3
1767772210.8788803,16137296052353762183,0,6,13,58,10,0,2,3,2,81244,4858.51025390625,0,0,3
1767772210.8788803,16137296052353762183,0,7,4,58,5,12,2,3,2,79829,4800.7900390625,0,0,3
1767772210.8788803,16137296052353762183,0,8,11,58,16,0,2,3,2,81058,4857.7373046875,0,0,3
1767772210.8788803,16137296052353762183,0,9,2,58,4,18,2,3,2,80084,4789.87158203125,0,0,3
1767772210.8788803,16137296052353762183,0,10,14,58,19,0,2,3,2,81334,4865.17431640625,0,0,3
1767772210.8788803,16137296052353762183,0,11,15,58,14,0,2,3,2,81371,4865.95361328125,0,0,3
1767772210.8788803,16137296052353762183,0,12,3,58,3,15,2,3,2,80300,4799.7841796875,0,0,3
1767772210.8788803,16137296052353762183,0,13,9,58,11,2,3,3,2,80304,4841.787109375,0,0,4
1767772210.8788803,16137296052353762183,0,14,6,58,7,8,2,3,2,80776,4828.75390625,0,0,3
1767772210.8788803,16137296052353762183,0,15,16,57,9,0,2,3,2,82328,4802.5205078125,0,0,3
1767772210.8788803,16137296052353762183,0,16,10,58,20,1,3,3,2,80828,4854.45361328125,0,0,4
1767772210.8788803,16137296052353762183,0,17,5,58,6,10,2,3,2,80548,4808.76904296875,0,0,3
1767772210.8788803,16137296052353762183,0,18,18,9,17,0,0,4,3,83068,788.0690307617188,0,0,1
1767772210.8788803,16137296052353762183,0,19,20,0,18,0,0,4,1,0,4964.653981829062,0,0,1
1767772210.8788803,16137296052353762183,0,20,0,0,0,0,0,0,0,0,0.0,0,0,0
1767772210.8788803,16137296052353762183,0,21,0,0,0,0,0,0,0,0,0.0,0,0,0
1767772215.8953452,16137296052353762183,0,0,17,33,15,0,1,4,3,82326,2862.583740234375,0,0,2
1767772215.8953452,16137296052353762183,0,1,1,58,2,25,2,3,2,79789,4784.58740234375,0,0,3
1767772215.8953452,16137296052353762183,0,2,19,2,13,0,0,4,3,84306,236.94192504882812,0,0,1
1767772215.8953452,16137296052353762183,0,3,8,58,1,4,2,3,2,81029,4831.4365234375,0,0,3
1767772215.8953452,16137296052353762183,0,4,7,58,12,6,2,3,2,80379,4829.19775390625,0,0,3
1767772215.8953452,16137296052353762183,0,5,12,58,8,0,2,3,2,81216,4857.998046875,0,0,3
1767772215.8953452,16137296052353762183,0,6,13,58,10,0,2,3,2,81244,4858.51025390625,0,0,3
1767772215.8953452,16137296052353762183,0,7,4,58,5,12,2,3,2,79829,4800.7900390625,0,0,3
1767772215.8953452,16137296052353762183,0,8,11,58,16,0,2,3,2,81058,4857.7373046875,0,0,3
1767772215.8953452,16137296052353762183,0,9,2,58,4,18,2,3,2,80084,4789.87158203125,0,0,3
1767772215.8953452,16137296052353762183,0,10,14,58,19,0,2,3,2,81334,4865.17431640625,0,0,3
1767772215.8953452,16137296052353762183,0,11,15,58,14,0,2,3,2,81371,4865.95361328125,0,0,3
1767772215.8953452,16137296052353762183,0,12,3,58,3,15,2,3,2,80300,4799.7841796875,0,0,3
1767772215.8953452,16137296052353762183,0,13,9,58,11,2,3,3,2,80304,4841.787109375,0,0,4
1767772215.8953452,16137296052353762183,0,14,6,58,7,8,2,3,2,80776,4828.75390625,0,0,3
1767772215.8953452,16137296052353762183,0,15,16,57,9,0,2,3,2,82328,4802.5205078125,0,0,3
1767772215.8953452,16137296052353762183,0,16,10,58,20,1,3,3,2,80828,4854.45361328125,0,0,4
1767772215.8953452,16137296052353762183,0,17,5,58,6,10,2,3,2,80548,4808.76904296875,0,0,3
1767772215.8953452,16137296052353762183,0,18,18,9,17,0,0,4,3,83068,788.0690307617188,0,0,1
1767772215.8953452,16137296052353762183,0,19,20,0,18,0,0,4,1,0,4964.653981829062,0,0,1
1767772215.8953452,16137296052353762183,0,20,0,0,0,0,0,0,0,0,0.0,0,0,0
1767772215.8953452,16137296052353762183,0,21,0,0,0,0,0,0,0,0,0.0,0,0,0
1767772220.9205039,16137296052353762183,0,0,17,33,15,0,1,4,3,82326,2862.583740234375,0,0,2
1767772220.9205039,16137296052353762183,0,1,1,58,2,25,2,3,2,79789,4784.58740234375,0,0,3
1767772220.9205039,16137296052353762183,0,2,19,2,13,0,0,4,3,84306,236.94192504882812,0,0,1
1767772220.9205039,16137296052353762183,0,3,8,58,1,4,2,3,2,81029,4831.4365234375,0,0,3
1767772220.9205039,16137296052353762183,0,4,7,58,12,6,2,3,2,80379,4829.19775390625,0,0,3
1767772220.9205039,16137296052353762183,0,5,12,58,8,0,2,3,2,81216,4857.998046875,0,0,3
1767772220.9205039,16137296052353762183,0,6,13,58,10,0,2,3,2,81244,4858.51025390625,0,0,3
1767772220.9205039,16137296052353762183,0,7,4,58,5,12,2,3,2,79829,4800.7900390625,0,0,3
1767772220.9205039,16137296052353762183,0,8,11,58,16,0,2,3,2,81058,4857.7373046875,0,0,3
1767772220.9205039,16137296052353762183,0,9,2,58,4,18,2,3,2,80084,4789.87158203125,0,0,3
1767772220.9205039,16137296052353762183,0,10,14,58,19,0,2,3,2,81334,4865.17431640625,0,0,3
1767772220.9205039,16137296052353762183,0,11,15,58,14,0,2,3,2,81371,4865.95361328125,0,0,3
1767772220.9205039,16137296052353762183,0,12,3,58,3,15,2,3,2,80300,4799.7841796875,0,0,3
1767772220.9205039,16137296052353762183,0,13,9,58,11,2,3,3,2,80304,4841.787109375,0,0,4
1767772220.9205039,16137296052353762183,0,14,6,58,7,8,2,3,2,80776,4828.75390625,0,0,3
1767772220.9205039,16137296052353762183,0,15,16,57,9,0,2,3,2,82328,4802.5205078125,0,0,3
1767772220.9205039,16137296052353762183,0,16,10,58,20,1,3,3,2,80828,4854.45361328125,0,0,4
1767772220.9205039,16137296052353762183,0,17,5,58,6,10,2,3,2,80548,4808.76904296875,0,0,3
1767772220.9205039,16137296052353762183,0,18,18,9,17,0,0,4,3,83068,788.0690307617188,0,0,1
1767772220.9205039,16137296052353762183,0,19,20,0,18,0,0,4,1,0,4964.653981829062,0,0,1
1767772220.9205039,16137296052353762183,0,20,0,0,0,0,0,0,0,0,0.0,0,0,0
1767772220.9205039,16137296052353762183,0,21,0,0,0,0,0,0,0,0,0.0,0,0,0
1767772225.943137,16137296052353762183,0,0,17,33,15,0,1,4,3,82326,2862.583740234375,0,0,2
1767772225.943137,16137296052353762183,0,1,1,58,2,25,2,3,2,79789,4784.58740234375,0,0,3
1767772225.943137,16137296052353762183,0,2,19,2,13,0,0,4,3,84306,236.94192504882812,0,0,1
1767772225.943137,16137296052353762183,0,3,8,58,1,4,2,3,2,81029,4831.4365234375,0,0,3
1767772225.943137,16137296052353762183,0,4,7,58,12,6,2,3,2,80379,4829.19775390625,0,0,3
1767772225.943137,16137296052353762183,0,5,12,58,8,0,2,3,2,81216,4857.998046875,0,0,3
1767772225.943137,16137296052353762183,0,6,13,58,10,0,2,3,2,81244,4858.51025390625,0,0,3
1767772225.943137,16137296052353762183,0,7,4,58,5,12,2,3,2,79829,4800.7900390625,0,0,3
1767772225.943137,16137296052353762183,0,8,11,58,16,0,2,3,2,81058,4857.7373046875,0,0,3
1767772225.943137,16137296052353762183,0,9,2,58,4,18,2,3,2,80084,4789.87158203125,0,0,3
1767772225.943137,16137296052353762183,0,10,14,58,19,0,2,3,2,81334,4865.17431640625,0,0,3
1767772225.943137,16137296052353762183,0,11,15,58,14,0,2,3,2,81371,4865.95361328125,0,0,3
1767772225.943137,16137296052353762183,0,12,3,58,3,15,2,3,2,80300,4799.7841796875,0,0,3
1767772225.943137,16137296052353762183,0,13,9,58,11,2,3,3,2,80304,4841.787109375,0,0,4
1767772225.943137,16137296052353762183,0,14,6,58,7,8,2,3,2,80776,4828.75390625,0,0,3
1767772225.943137,16137296052353762183,0,15,16,57,9,0,2,3,2,82328,4802.5205078125,0,0,3
1767772225.943137,16137296052353762183,0,16,10,58,20,1,3,3,2,80828,4854.45361328125,0,0,4
1767772225.943137,16137296052353762183,0,17,5,58,6,10,2,3,2,80548,4808.76904296875,0,0,3
1767772225.943137,16137296052353762183,0,18,18,9,17,0,0,4,3,83068,788.0690307617188,0,0,1
1767772225.943137,16137296052353762183,0,19,20,0,18,0,0,4,1,0,4964.653981829062,0,0,1
1767772225.943137,16137296052353762183,0,20,0,0,0,0,0,0,0,0,0.0,0,0,0
1767772225.943137,16137296052353762183,0,21,0,0,0,0,0,0,0,0,0.0,0,0,0
1767772230.9674313,16137296052353762183,0,0,17,33,15,0,1,4,3,82326,2862.583740234375,0,0,2
1767772230.9674313,16137296052353762183,0,1,1,58,2,25,2,3,2,79789,4784.58740234375,0,0,3
1767772230.9674313,16137296052353762183,0,2,19,2,13,0,0,4,3,84306,236.94192504882812,0,0,1
1767772230.9674313,16137296052353762183,0,3,8,58,1,4,2,3,2,81029,4831.4365234375,0,0,3
1767772230.9674313,16137296052353762183,0,4,7,58,12,6,2,3,2,80379,4829.19775390625,0,0,3
1767772230.9674313,16137296052353762183,0,5,12,58,8,0,2,3,2,81216,4857.998046875,0,0,3
1767772230.9674313,16137296052353762183,0,6,13,58,10,0,2,3,2,81244,4858.51025390625,0,0,3
1767772230.9674313,16137296052353762183,0,7,4,58,5,12,2,3,2,79829,4800.7900390625,0,0,3
1767772230.9674313,16137296052353762183,0,8,11,58,16,0,2,3,2,81058,4857.7373046875,0,0,3
1767772230.9674313,16137296052353762183,0,9,2,58,4,18,2,3,2,80084,4789.87158203125,0,0,3
1767772230.9674313,16137296052353762183,0,10,14,58,19,0,2,3,2,81334,4865.17431640625,0,0,3
1767772230.9674313,16137296052353762183,0,11,15,58,14,0,2,3,2,81371,4865.95361328125,0,0,3
1767772230.9674313,16137296052353762183,0,12,3,58,3,15,2,3,2,80300,4799.7841796875,0,0,3
1767772230.9674313,16137296052353762183,0,13,9,58,11,2,3,3,2,80304,4841.787109375,0,0,4
1767772230.9674313,16137296052353762183,0,14,6,58,7,8,2,3,2,80776,4828.75390625,0,0,3
1767772230.9674313,16137296052353762183,0,15,16,57,9,0,2,3,2,82328,4802.5205078125,0,0,3
1767772230.9674313,16137296052353762183,0,16,10,58,20,1,3,3,2,80828,4854.45361328125,0,0,4
1767772230.9674313,16137296052353762183,0,17,5,58,6,10,2,3,2,80548,4808.76904296875,0,0,3
1767772230.9674313,16137296052353762183,0,18,18,9,17,0,0,4,3,83068,788.0690307617188,0,0,1
1767772230.9674313,16137296052353762183,0,19,20,0,18,0,0,4,1,0,4964.653981829062,0,0,1
1767772230.9674313,16137296052353762183,0,20,0,0,0,0,0,0,0,0,0.0,0,0,0
1767772230.9674313,16137296052353762183,0,21,0,0,0,0,0,0,0,0,0.0,0,0,0
1767772235.971591,16137296052353762183,0,0,17,33,15,0,1,4,3,82326,2862.583740234375,0,0,2
1767772235.971591,16137296052353762183,0,1,1,58,2,25,2,3,2,79789,4784.58740234375,0,0,3
1767772235.971591,16137296052353762183,0,2,19,2,13,0,0,4,3,84306,236.94192504882812,0,0,1
1767772235.971591,16137296052353762183,0,3,8,58,1,4,2,3,2,81029,4831.4365234375,0,0,3
1767772235.971591,16137296052353762183,0,4,7,58,12,6,2,3,2,80379,4829.19775390625,0,0,3
1767772235.971591,16137296052353762183,0,5,12,58,8,0,2,3,2,81216,4857.998046875,0,0,3
1767772235.971591,16137296052353762183,0,6,13,58,10,0,2,3,2,81244,4858.51025390625,0,0,3
1767772235.971591,16137296052353762183,0,7,4,58,5,12,2,3,2,79829,4800.7900390625,0,0,3
1767772235.971591,16137296052353762183,0,8,11,58,16,0,2,3,2,81058,4857.7373046875,0,0,3
1767772235.971591,16137296052353762183,0,9,2,58,4,18,2,3,2,80084,4789.87158203125,0,0,3
1767772235.971591,16137296052353762183,0,10,14,58,19,0,2,3,2,81334,4865.17431640625,0,0,3
1767772235.971591,16137296052353762183,0,11,15,58,14,0,2,3,2,81371,4865.95361328125,0,0,3
1767772235.971591,16137296052353762183,0,12,3,58,3,15,2,3,2,80300,4799.7841796875,0,0,3
1767772235.971591,16137296052353762183,0,13,9,58,11,2,3,3,2,80304,4841.787109375,0,0,4
1767772235.971591,16137296052353762183,0,14,6,58,7,8,2,3,2,80776,4828.75390625,0,0,3
1767772235.971591,16137296052353762183,0,15,16,57,9,0,2,3,2,82328,4802.5205078125,0,0,3
1767772235.971591,16137296052353762183,0,16,10,58,20,1,3,3,2,80828,4854.45361328125,0,0,4
1767772235.971591,16137296052353762183,0,17,5,58,6,10,2,3,2,80548,4808.76904296875,0,0,3
1767772235.971591,16137296052353762183,0,18,18,9,17,0,0,4,3,83068,788.0690307617188,0,0,1
1767772235.971591,16137296052353762183,0,19,20,0,18,0,0,4,1,0,4964.653981829062,0,0,1
1767772235.971591,16137296052353762183,0,20,0,0,0,0,0,0,0,0,0.0,0,0,0
1767772235.971591,16137296052353762183,0,21,0,0,0,0,0,0,0,0,0.0,0,0,0
1767772240.990682,16137296052353762183,0,0,17,33,15,0,1,4,3,82326,2862.583740234375,0,0,2
1767772240.990682,16137296052353762183,0,1,1,58,2,25,2,3,2,79789,4784.58740234375,0,0,3
1767772240.990682,16137296052353762183,0,2,19,2,13,0,0,4,3,84306,236.94192504882812,0,0,1
1767772240.990682,16137296052353762183,0,3,8,58,1,4,2,3,2,81029,4831.4365234375,0,0,3
1767772240.990682,16137296052353762183,0,4,7,58,12,6,2,3,2,80379,4829.19775390625,0,0,3
1767772240.990682,16137296052353762183,0,5,12,58,8,0,2,3,2,81216,4857.998046875,0,0,3
1767772240.990682,16137296052353762183,0,6,13,58,10,0,2,3,2,81244,4858.51025390625,0,0,3
1767772240.990682,16137296052353762183,0,7,4,58,5,12,2,3,2,79829,4800.7900390625,0,0,3
1767772240.990682,16137296052353762183,0,8,11,58,16,0,2,3,2,81058,4857.7373046875,0,0,3
1767772240.990682,16137296052353762183,0,9,2,58,4,18,2,3,2,80084,4789.87158203125,0,0,3
1767772240.990682,16137296052353762183,0,10,14,58,19,0,2,3,2,81334,4865.17431640625,0,0,3
1767772240.990682,16137296052353762183,0,11,15,58,14,0,2,3,2,81371,4865.95361328125,0,0,3
1767772240.990682,16137296052353762183,0,12,3,58,3,15,2,3,2,80300,4799.7841796875,0,0,3
1767772240.990682,16137296052353762183,0,13,9,58,11,2,3,3,2,80304,4841.787109375,0,0,4
1767772240.990682,16137296052353762183,0,14,6,58,7,8,2,3,2,80776,4828.75390625,0,0,3
1767772240.990682,16137296052353762183,0,15,16,57,9,0,2,3,2,82328,4802.5205078125,0,0,3
1767772240.990682,16137296052353762183,0,16,10,58,20,1,3,3,2,80828,4854.45361328125,0,0,4
1767772240.990682,16137296052353762183,0,17,5,58,6,10,2,3,2,80548,4808.76904296875,0,0,3
1767772240.990682,16137296052353762183,0,18,18,9,17,0,0,4,3,83068,788.0690307617188,0,0,1
1767772240.990682,16137296052353762183,0,19,20,0,18,0,0,4,1,0,4964.653981829062,0,0,1
1767772240.990682,16137296052353762183,0,20,0,0,0,0,0,0,0,0,0.0,0,0,0
1767772240.990682,16137296052353762183,0,21,0,0,0,0,0,0,0,0,0.0,0,0,0
1767772246.011918,16137296052353762183,0,0,17,33,15,0,1,4,3,82326,2862.583740234375,0,0,2
1767772246.011918,16137296052353762183,0,1,1,58,2,25,2,3,2,79789,4784.58740234375,0,0,3
1767772246.011918,16137296052353762183,0,2,19,2,13,0,0,4,3,84306,236.94192504882812,0,0,1
1767772246.011918,16137296052353762183,0,3,8,58,1,4,2,3,2,81029,4831.4365234375,0,0,3
1767772246.011918,16137296052353762183,0,4,7,58,12,6,2,3,2,80379,4829.19775390625,0,0,3
1767772246.011918,16137296052353762183,0,5,12,58,8,0,2,3,2,81216,4857.998046875,0,0,3
1767772246.011918,16137296052353762183,0,6,13,58,10,0,2,3,2,81244,4858.51025390625,0,0,3
1767772246.011918,16137296052353762183,0,7,4,58,5,12,2,3,2,79829,4800.7900390625,0,0,3
1767772246.011918,16137296052353762183,0,8,11,58,16,0,2,3,2,81058,4857.7373046875,0,0,3
1767772246.011918,16137296052353762183,0,9,2,58,4,18,2,3,2,80084,4789.87158203125,0,0,3
1767772246.011918,16137296052353762183,0,10,14,58,19,0,2,3,2,81334,4865.17431640625,0,0,3
1767772246.011918,16137296052353762183,0,11,15,58,14,0,2,3,2,81371,4865.95361328125,0,0,3
1767772246.011918,16137296052353762183,0,12,3,58,3,15,2,3,2,80300,4799.7841796875,0,0,3
1767772246.011918,16137296052353762183,0,13,9,58,11,2,3,3,2,80304,4841.787109375,0,0,4
1767772246.011918,16137296052353762183,0,14,6,58,7,8,2,3,2,80776,4828.75390625,0,0,3
1767772246.011918,16137296052353762183,0,15,16,57,9,0,2,3,2,82328,4802.5205078125,0,0,3
1767772246.011918,16137296052353762183,0,16,10,58,20,1,3,3,2,80828,4854.45361328125,0,0,4
1767772246.011918,16137296052353762183,0,17,5,58,6,10,2,3,2,80548,4808.76904296875,0,0,3
1767772246.011918,16137296052353762183,0,18,18,9,17,0,0,4,3,83068,788.0690307617188,0,0,1
1767772246.011918,16137296052353762183,0,19,20,0,18,0,0,4,1,0,4964.653981829062,0,0,1
1767772246.011918,16137296052353762183,0,20,0,0,0,0,0,0,0,0,0.0,0,0,0
1767772246.011918,16137296052353762183,0,21,0,0,0,0,0,0,0,0,0.0,0,0,0
1767772251.023787,16137296052353762183,0,0,17,33,15,0,1,4,3,82326,2862.583740234375,0,0,2
1767772251.023787,16137296052353762183,0,1,1,58,2,25,2,3,2,79789,4784.58740234375,0,0,3
1767772251.023787,16137296052353762183,0,2,19,2,13,0,0,4,3,84306,236.94192504882812,0,0,1
1767772251.023787,16137296052353762183,0,3,8,58,1,4,2,3,2,81029,4831.4365234375,0,0,3
1767772251.023787,16137296052353762183,0,4,7,58,12,6,2,3,2,80379,4829.19775390625,0,0,3
1767772251.023787,16137296052353762183,0,5,12,58,8,0,2,3,2,81216,4857.998046875,0,0,3
1767772251.023787,16137296052353762183,0,6,13,58,10,0,2,3,2,81244,4858.51025390625,0,0,3
1767772251.023787,16137296052353762183,0,7,4,58,5,12,2,3,2,79829,4800.7900390625,0,0,3
1767772251.023787,16137296052353762183,0,8,11,58,16,0,2,3,2,81058,4857.7373046875,0,0,3
1767772251.023787,16137296052353762183,0,9,2,58,4,18,2,3,2,80084,4789.87158203125,0,0,3
1767772251.023787,16137296052353762183,0,10,14,58,19,0,2,3,2,81334,4865.17431640625,0,0,3
1767772251.023787,16137296052353762183,0,11,15,58,14,0,2,3,2,81371,4865.95361328125,0,0,3
1767772251.023787,16137296052353762183,0,12,3,58,3,15,2,3,2,80300,4799.7841796875,0,0,3
1767772251.023787,16137296052353762183,0,13,9,58,11,2,3,3,2,80304,4841.787109375,0,0,4
1767772251.023787,16137296052353762183,0,14,6,58,7,8,2,3,2,80776,4828.75390625,0,0,3
1767772251.023787,16137296052353762183,0,15,16,57,9,0,2,3,2,82328,4802.5205078125,0,0,3
1767772251.023787,16137296052353762183,0,16,10,58,20,1,3,3,2,80828,4854.45361328125,0,0,4
1767772251.023787,16137296052353762183,0,17,5,58,6,10,2,3,2,80548,4808.76904296875,0,0,3
1767772251.023787,16137296052353762183,0,18,18,9,17,0,0,4,3,83068,788.0690307617188,0,0,1
1767772251.023787,16137296052353762183,0,19,20,0,18,0,0,4,1,0,4964.653981829062,0,0,1
1767772251.023787,16137296052353762183,0,20,0,0,0,0,0,0,0,0,0.0,0,0,0
1767772251.023787,16137296052353762183,0,21,0,0,0,0,0,0,0,0,0.0,0,0,0
1767772256.041301,16137296052353762183,0,0,17,33,15,0,1,4,3,82326,2862.583740234375,0,0,2
1767772256.041301,16137296052353762183,0,1,1,58,2,25,2,3,2,79789,4784.58740234375,0,0,3
1767772256.041301,16137296052353762183,0,2,19,2,13,0,0,4,3,84306,236.94192504882812,0,0,1
1767772256.041301,16137296052353762183,0,3,8,58,1,4,2,3,2,81029,4831.4365234375,0,0,3
1767772256.041301,16137296052353762183,0,4,7,58,12,6,2,3,2,80379,4829.19775390625,0,0,3
1767772256.041301,16137296052353762183,0,5,12,58,8,0,2,3,2,81216,4857.998046875,0,0,3
1767772256.041301,16137296052353762183,0,6,13,58,10,0,2,3,2,81244,4858.51025390625,0,0,3
1767772256.041301,16137296052353762183,0,7,4,58,5,12,2,3,2,79829,4800.7900390625,0,0,3
1767772256.041301,16137296052353762183,0,8,11,58,16,0,2,3,2,81058,4857.7373046875,0,0,3
1767772256.041301,16137296052353762183,0,9,2,58,4,18,2,3,2,80084,4789.87158203125,0,0,3
1767772256.041301,16137296052353762183,0,10,14,58,19,0,2,3,2,81334,4865.17431640625,0,0,3
1767772256.041301,16137296052353762183,0,11,15,58,14,0,2,3,2,81371,4865.95361328125,0,0,3
1767772256.041301,16137296052353762183,0,12,3,58,3,15,2,3,2,80300,4799.7841796875,0,0,3
1767772256.041301,16137296052353762183,0,13,9,58,11,2,3,3,2,80304,4841.787109375,0,0,4
1767772256.041301,16137296052353762183,0,14,6,58,7,8,2,3,2,80776,4828.75390625,0,0,3
1767772256.041301,16137296052353762183,0,15,16,57,9,0,2,3,2,82328,4802.5205078125,0,0,3
1767772256.041301,16137296052353762183,0,16,10,58,20,1,3,3,2,80828,4854.45361328125,0,0,4
1767772256.041301,16137296052353762183,0,17,5,58,6,10,2,3,2,80548,4808.76904296875,0,0,3
1767772256.041301,16137296052353762183,0,18,18,9,17,0,0,4,3,83068,788.0690307617188,0,0,1
1767772256.041301,16137296052353762183,0,19,20,0,18,0,0,4,1,0,4964.653981829062,0,0,1
1767772256.041301,16137296052353762183,0,20,0,0,0,0,0,0,0,0,0.0,0,0,0
1767772256.041301,16137296052353762183,0,21,0,0,0,0,0,0,0,0,0.0,0,0,0
1767772261.0611174,16137296052353762183,0,0,17,33,15,0,1,4,3,82326,2862.583740234375,0,0,2
1767772261.0611174,16137296052353762183,0,1,1,58,2,25,2,3,2,79789,4784.58740234375,0,0,3
1767772261.0611174,16137296052353762183,0,2,19,2,13,0,0,4,3,84306,236.94192504882812,0,0,1
1767772261.0611174,16137296052353762183,0,3,8,58,1,4,2,3,2,81029,4831.4365234375,0,0,3
1767772261.0611174,16137296052353762183,0,4,7,58,12,6,2,3,2,80379,4829.19775390625,0,0,3
1767772261.0611174,16137296052353762183,0,5,12,58,8,0,2,3,2,81216,4857.998046875,0,0,3
1767772261.0611174,16137296052353762183,0,6,13,58,10,0,2,3,2,81244,4858.51025390625,0,0,3
1767772261.0611174,16137296052353762183,0,7,4,58,5,12,2,3,2,79829,4800.7900390625,0,0,3
1767772261.0611174,16137296052353762183,0,8,11,58,16,0,2,3,2,81058,4857.7373046875,0,0,3
1767772261.0611174,16137296052353762183,0,9,2,58,4,18,2,3,2,80084,4789.87158203125,0,0,3
1767772261.0611174,16137296052353762183,0,10,14,58,19,0,2,3,2,81334,4865.17431640625,0,0,3
1767772261.0611174,16137296052353762183,0,11,15,58,14,0,2,3,2,81371,4865.95361328125,0,0,3
1767772261.0611174,16137296052353762183,0,12,3,58,3,15,2,3,2,80300,4799.7841796875,0,0,3
1767772261.0611174,16137296052353762183,0,13,9,58,11,2,3,3,2,80304,4841.787109375,0,0,4
1767772261.0611174,16137296052353762183,0,14,6,58,7,8,2,3,2,80776,4828.75390625,0,0,3
1767772261.0611174,16137296052353762183,0,15,16,57,9,0,2,3,2,82328,4802.5205078125,0,0,3
1767772261.0611174,16137296052353762183,0,16,10,58,20,1,3,3,2,80828,4854.45361328125,0,0,4
1767772261.0611174,16137296052353762183,0,17,5,58,6,10,2,3,2,80548,4808.76904296875,0,0,3
1767772261.0611174,16137296052353762183,0,18,18,9,17,0,0,4,3,83068,788.0690307617188,0,0,1
1767772261.0611174,16137296052353762183,0,19,20,0,18,0,0,4,1,0,4964.653981829062,0,0,1
1767772261.0611174,16137296052353762183,0,20,0,0,0,0,0,0,0,0,0.0,0,0,0
1767772261.0611174,16137296052353762183,0,21,0,0,0,0,0,0,0,0,0.0,0,0,0
1767772266.0862505,16137296052353762183,0,0,17,33,15,0,1,4,3,82326,2862.583740234375,0,0,2
1767772266.0862505,16137296052353762183,0,1,1,58,2,25,2,3,2,79789,4784.58740234375,0,0,3
1767772266.0862505,16137296052353762183,0,2,19,2,13,0,0,4,3,84306,236.94192504882812,0,0,1
1767772266.0862505,16137296052353762183,0,3,8,58,1,4,2,3,2,81029,4831.4365234375,0,0,3
1767772266.0862505,16137296052353762183,0,4,7,58,12,6,2,3,2,80379,4829.19775390625,0,0,3
1767772266.0862505,16137296052353762183,0,5,12,58,8,0,2,3,2,81216,4857.998046875,0,0,3
1767772266.0862505,16137296052353762183,0,6,13,58,10,0,2,3,2,81244,4858.51025390625,0,0,3
1767772266.0862505,16137296052353762183,0,7,4,58,5,12,2,3,2,79829,4800.7900390625,0,0,3
1767772266.0862505,16137296052353762183,0,8,11,58,16,0,2,3,2,81058,4857.7373046875,0,0,3
1767772266.0862505,16137296052353762183,0,9,2,58,4,18,2,3,2,80084,4789.87158203125,0,0,3
1767772266.0862505,16137296052353762183,0,10,14,58,19,0,2,3,2,81334,4865.17431640625,0,0,3
1767772266.0862505,16137296052353762183,0,11,15,58,14,0,2,3,2,81371,4865.95361328125,0,0,3
1767772266.0862505,16137296052353762183,0,12,3,58,3,15,2,3,2,80300,4799.7841796875,0,0,3
1767772266.0862505,16137296052353762183,0,13,9,58,11,2,3,3,2,80304,4841.787109375,0,0,4
1767772266.0862505,16137296052353762183,0,14,6,58,7,8,2,3,2,80776,4828.75390625,0,0,3
1767772266.0862505,16137296052353762183,0,15,16,57,9,0,2,3,2,82328,4802.5205078125,0,0,3
1767772266.0862505,16137296052353762183,0,16,10,58,20,1,3,3,2,80828,4854.45361328125,0,0,4
1767772266.0862505,16137296052353762183,0,17,5,58,6,10,2,3,2,80548,4808.76904296875,0,0,3
1767772266.0862505,16137296052353762183,0,18,18,9,17,0,0,4,3,83068,788.0690307617188,0,0,1
1767772266.0862505,16137296052353762183,0,19,20,0,18,0,0,4,1,0,4964.653981829062,0,0,1
1767772266.0862505,16137296052353762183,0,20,0,0,0,0,0,0,0,0,0.0,0,0,0
1767772266.0862505,16137296052353762183,0,21,0,0,0,0,0,0,0,0,0.0,0,0,0
1767772271.088483,16137296052353762183,0,0,17,33,15,0,1,4,3,82326,2862.583740234375,0,0,2
1767772271.088483,16137296052353762183,0,1,1,58,2,25,2,3,2,79789,4784.58740234375,0,0,3
1767772271.088483,16137296052353762183,0,2,19,2,13,0,0,4,3,84306,236.94192504882812,0,0,1
1767772271.088483,16137296052353762183,0,3,8,58,1,4,2,3,2,81029,4831.4365234375,0,0,3
1767772271.088483,16137296052353762183,0,4,7,58,12,6,2,3,2,80379,4829.19775390625,0,0,3
1767772271.088483,16137296052353762183,0,5,12,58,8,0,2,3,2,81216,4857.998046875,0,0,3
1767772271.088483,16137296052353762183,0,6,13,58,10,0,2,3,2,81244,4858.51025390625,0,0,3
1767772271.088483,16137296052353762183,0,7,4,58,5,12,2,3,2,79829,4800.7900390625,0,0,3
1767772271.088483,16137296052353762183,0,8,11,58,16,0,2,3,2,81058,4857.7373046875,0,0,3
1767772271.088483,16137296052353762183,0,9,2,58,4,18,2,3,2,80084,4789.87158203125,0,0,3
1767772271.088483,16137296052353762183,0,10,14,58,19,0,2,3,2,81334,4865.17431640625,0,0,3
1767772271.088483,16137296052353762183,0,11,15,58,14,0,2,3,2,81371,4865.95361328125,0,0,3
1767772271.088483,16137296052353762183,0,12,3,58,3,15,2,3,2,80300,4799.7841796875,0,0,3
1767772271.088483,16137296052353762183,0,13,9,58,11,2,3,3,2,80304,4841.787109375,0,0,4
1767772271.088483,16137296052353762183,0,14,6,58,7,8,2,3,2,80776,4828.75390625,0,0,3
1767772271.088483,16137296052353762183,0,15,16,57,9,0,2,3,2,82328,4802.5205078125,0,0,3
1767772271.088483,16137296052353762183,0,16,10,58,20,1,3,3,2,80828,4854.45361328125,0,0,4
1767772271.088483,16137296052353762183,0,17,5,58,6,10,2,3,2,80548,4808.76904296875,0,0,3
1767772271.088483,16137296052353762183,0,18,18,9,17,0,0,4,3,83068,788.0690307617188,0,0,1
1767772271.088483,16137296052353762183,0,19,20,0,18,0,0,4,1,0,4964.653981829062,0,0,1
1767772271.088483,16137296052353762183,0,20,0,0,0,0,0,0,0,0,0.0,0,0,0
1767772271.088483,16137296052353762183,0,21,0,0,0,0,0,0,0,0,0.0,0,0,0
1767772276.0904768,16137296052353762183,0,0,17,33,15,0,1,4,3,82326,2862.583740234375,0,0,2
1767772276.0904768,16137296052353762183,0,1,1,58,2,25,2,3,2,79789,4784.58740234375,0,0,3
1767772276.0904768,16137296052353762183,0,2,19,2,13,0,0,4,3,84306,236.94192504882812,0,0,1
1767772276.0904768,16137296052353762183,0,3,8,58,1,4,2,3,2,81029,4831.4365234375,0,0,3
1767772276.0904768,16137296052353762183,0,4,7,58,12,6,2,3,2,80379,4829.19775390625,0,0,3
1767772276.0904768,16137296052353762183,0,5,12,58,8,0,2,3,2,81216,4857.998046875,0,0,3
1767772276.0904768,16137296052353762183,0,6,13,58,10,0,2,3,2,81244,4858.51025390625,0,0,3
1767772276.0904768,16137296052353762183,0,7,4,58,5,12,2,3,2,79829,4800.7900390625,0,0,3
1767772276.0904768,16137296052353762183,0,8,11,58,16,0,2,3,2,81058,4857.7373046875,0,0,3
1767772276.0904768,16137296052353762183,0,9,2,58,4,18,2,3,2,80084,4789.87158203125,0,0,3
1767772276.0904768,16137296052353762183,0,10,14,58,19,0,2,3,2,81334,4865.17431640625,0,0,3
1767772276.0904768,16137296052353762183,0,11,15,58,14,0,2,3,2,81371,4865.95361328125,0,0,3
1767772276.0904768,16137296052353762183,0,12,3,58,3,15,2,3,2,80300,4799.7841796875,0,0,3
1767772276.0904768,16137296052353762183,0,13,9,58,11,2,3,3,2,80304,4841.787109375,0,0,4
1767772276.0904768,16137296052353762183,0,14,6,58,7,8,2,3,2,80776,4828.75390625,0,0,3
1767772276.0904768,16137296052353762183,0,15,16,57,9,0,2,3,2,82328,4802.5205078125,0,0,3
1767772276.0904768,16137296052353762183,0,16,10,58,20,1,3,3,2,80828,4854.45361328125,0,0,4
1767772276.0904768,16137296052353762183,0,17,5,58,6,10,2,3,2,80548,4808.76904296875,0,0,3
1767772276.0904768,16137296052353762183,0,18,18,9,17,0,0,4,3,83068,788.0690307617188,0,0,1
1767772276.0904768,16137296052353762183,0,19,20,0,18,0,0,4,1,0,4964.653981829062,0,0,1
1767772276.0904768,16137296052353762183,0,20,0,0,0,0,0,0,0,0,0.0,0,0,0
1767772276.0904768,16137296052353762183,0,21,0,0,0,0,0,0,0,0,0.0,0,0,0
1767772281.1156073,16137296052353762183,0,0,17,33,15,0,1,4,3,82326,2862.583740234375,0,0,2
1767772281.1156073,16137296052353762183,0,1,1,58,2,25,2,3,2,79789,4784.58740234375,0,0,3
1767772281.1156073,16137296052353762183,0,2,19,2,13,0,0,4,3,84306,236.94192504882812,0,0,1
1767772281.1156073,16137296052353762183,0,3,8,58,1,4,2,3,2,81029,4831.4365234375,0,0,3
1767772281.1156073,16137296052353762183,0,4,7,58,12,6,2,3,2,80379,4829.19775390625,0,0,3
1767772281.1156073,16137296052353762183,0,5,12,58,8,0,2,3,2,81216,4857.998046875,0,0,3
1767772281.1156073,16137296052353762183,0,6,13,58,10,0,2,3,2,81244,4858.51025390625,0,0,3
1767772281.1156073,16137296052353762183,0,7,4,58,5,12,2,3,2,79829,4800.7900390625,0,0,3
1767772281.1156073,16137296052353762183,0,8,11,58,16,0,2,3,2,81058,4857.7373046875,0,0,3
1767772281.1156073,16137296052353762183,0,9,2,58,4,18,2,3,2,80084,4789.87158203125,0,0,3
1767772281.1156073,16137296052353762183,0,10,14,58,19,0,2,3,2,81334,4865.17431640625,0,0,3
1767772281.1156073,16137296052353762183,0,11,15,58,14,0,2,3,2,81371,4865.95361328125,0,0,3
1767772281.1156073,16137296052353762183,0,12,3,58,3,15,2,3,2,80300,4799.7841796875,0,0,3
1767772281.1156073,16137296052353762183,0,13,9,58,11,2,3,3,2,80304,4841.787109375,0,0,4
1767772281.1156073,16137296052353762183,0,14,6,58,7,8,2,3,2,80776,4828.75390625,0,0,3
1767772281.1156073,16137296052353762183,0,15,16,57,9,0,2,3,2,82328,4802.5205078125,0,0,3
1767772281.1156073,16137296052353762183,0,16,10,58,20,1,3,3,2,80828,4854.45361328125,0,0,4
1767772281.1156073,16137296052353762183,0,17,5,58,6,10,2,3,2,80548,4808.76904296875,0,0,3
1767772281.1156073,16137296052353762183,0,18,18,9,17,0,0,4,3,83068,788.0690307617188,0,0,1
1767772281.1156073,16137296052353762183,0,19,20,0,18,0,0,4,1,0,4964.653981829062,0,0,1
1767772281.1156073,16137296052353762183,0,20,0,0,0,0,0,0,0,0,0.0,0,0,0
1767772281.1156073,16137296052353762183,0,21,0,0,0,0,0,0,0,0,0.0,0,0,0
1767772286.130715,16137296052353762183,0,0,17,33,15,0,1,4,3,82326,2862.583740234375,0,0,2
1767772286.130715,16137296052353762183,0,1,1,58,2,25,2,3,2,79789,4784.58740234375,0,0,3
1767772286.130715,16137296052353762183,0,2,19,2,13,0,0,4,3,84306,236.94192504882812,0,0,1
1767772286.130715,16137296052353762183,0,3,8,58,1,4,2,3,2,81029,4831.4365234375,0,0,3
1767772286.130715,16137296052353762183,0,4,7,58,12,6,2,3,2,80379,4829.19775390625,0,0,3
1767772286.130715,16137296052353762183,0,5,12,58,8,0,2,3,2,81216,4857.998046875,0,0,3
1767772286.130715,16137296052353762183,0,6,13,58,10,0,2,3,2,81244,4858.51025390625,0,0,3
1767772286.130715,16137296052353762183,0,7,4,58,5,12,2,3,2,79829,4800.7900390625,0,0,3
1767772286.130715,16137296052353762183,0,8,11,58,16,0,2,3,2,81058,4857.7373046875,0,0,3
1767772286.130715,16137296052353762183,0,9,2,58,4,18,2,3,2,80084,4789.87158203125,0,0,3
1767772286.130715,16137296052353762183,0,10,14,58,19,0,2,3,2,81334,4865.17431640625,0,0,3
1767772286.130715,16137296052353762183,0,11,15,58,14,0,2,3,2,81371,4865.95361328125,0,0,3
1767772286.130715,16137296052353762183,0,12,3,58,3,15,2,3,2,80300,4799.7841796875,0,0,3
1767772286.130715,16137296052353762183,0,13,9,58,11,2,3,3,2,80304,4841.787109375,0,0,4
1767772286.130715,16137296052353762183,0,14,6,58,7,8,2,3,2,80776,4828.75390625,0,0,3
1767772286.130715,16137296052353762183,0,15,16,57,9,0,2,3,2,82328,4802.5205078125,0,0,3
1767772286.130715,16137296052353762183,0,16,10,58,20,1,3,3,2,80828,4854.45361328125,0,0,4
1767772286.130715,16137296052353762183,0,17,5,58,6,10,2,3,2,80548,4808.76904296875,0,0,3
1767772286.130715,16137296052353762183,0,18,18,9,17,0,0,4,3,83068,788.0690307617188,0,0,1
1767772286.130715,16137296052353762183,0,19,20,0,18,0,0,4,1,0,4964.653981829062,0,0,1
1767772286.130715,16137296052353762183,0,20,0,0,0,0,0,0,0,0,0.0,0,0,0
1767772286.130715,16137296052353762183,0,21,0,0,0,0,0,0,0,0,0.0,0,0,0
1767772291.151727,16137296052353762183,0,0,17,33,15,0,1,4,3,82326,2862.583740234375,0,0,2
1767772291.151727,16137296052353762183,0,1,1,58,2,25,2,3,2,79789,4784.58740234375,0,0,3
1767772291.151727,16137296052353762183,0,2,19,2,13,0,0,4,3,84306,236.94192504882812,0,0,1
1767772291.151727,16137296052353762183,0,3,8,58,1,4,2,3,2,81029,4831.4365234375,0,0,3
1767772291.151727,16137296052353762183,0,4,7,58,12,6,2,3,2,80379,4829.19775390625,0,0,3
1767772291.151727,16137296052353762183,0,5,12,58,8,0,2,3,2,81216,4857.998046875,0,0,3
1767772291.151727,16137296052353762183,0,6,13,58,10,0,2,3,2,81244,4858.51025390625,0,0,3
1767772291.151727,16137296052353762183,0,7,4,58,5,12,2,3,2,79829,4800.7900390625,0,0,3
1767772291.151727,16137296052353762183,0,8,11,58,16,0,2,3,2,81058,4857.7373046875,0,0,3
1767772291.151727,16137296052353762183,0,9,2,58,4,18,2,3,2,80084,4789.87158203125,0,0,3
1767772291.151727,16137296052353762183,0,10,14,58,19,0,2,3,2,81334,4865.17431640625,0,0,3
1767772291.151727,16137296052353762183,0,11,15,58,14,0,2,3,2,81371,4865.95361328125,0,0,3
1767772291.151727,16137296052353762183,0,12,3,58,3,15,2,3,2,80300,4799.7841796875,0,0,3
1767772291.151727,16137296052353762183,0,13,9,58,11,2,3,3,2,80304,4841.787109375,0,0,4
1767772291.151727,16137296052353762183,0,14,6,58,7,8,2,3,2,80776,4828.75390625,0,0,3
1767772291.151727,16137296052353762183,0,15,16,57,9,0,2,3,2,82328,4802.5205078125,0,0,3
1767772291.151727,16137296052353762183,0,16,10,58,20,1,3,3,2,80828,4854.45361328125,0,0,4
1767772291.151727,16137296052353762183,0,17,5,58,6,10,2,3,2,80548,4808.76904296875,0,0,3
1767772291.151727,16137296052353762183,0,18,18,9,17,0,0,4,3,83068,788.0690307617188,0,0,1
1767772291.151727,16137296052353762183,0,19,20,0,18,0,0,4,1,0,4964.653981829062,0,0,1
1767772291.151727,16137296052353762183,0,20,0,0,0,0,0,0,0,0,0.0,0,0,0
1767772291.151727,16137296052353762183,0,21,0,0,0,0,0,0,0,0,0.0,0,0,0
1767772296.156538,16137296052353762183,0,0,17,33,15,0,1,4,3,82326,2862.583740234375,0,0,2
1767772296.156538,16137296052353762183,0,1,1,58,2,25,2,3,2,79789,4784.58740234375,0,0,3
1767772296.156538,16137296052353762183,0,2,19,2,13,0,0,4,3,84306,236.94192504882812,0,0,1
1767772296.156538,16137296052353762183,0,3,8,58,1,4,2,3,2,81029,4831.4365234375,0,0,3
1767772296.156538,16137296052353762183,0,4,7,58,12,6,2,3,2,80379,4829.19775390625,0,0,3
1767772296.156538,16137296052353762183,0,5,12,58,8,0,2,3,2,81216,4857.998046875,0,0,3
1767772296.156538,16137296052353762183,0,6,13,58,10,0,2,3,2,81244,4858.51025390625,0,0,3
1767772296.156538,16137296052353762183,0,7,4,58,5,12,2,3,2,79829,4800.7900390625,0,0,3
1767772296.156538,16137296052353762183,0,8,11,58,16,0,2,3,2,81058,4857.7373046875,0,0,3
1767772296.156538,16137296052353762183,0,9,2,58,4,18,2,3,2,80084,4789.87158203125,0,0,3
1767772296.156538,16137296052353762183,0,10,14,58,19,0,2,3,2,81334,4865.17431640625,0,0,3
1767772296.156538,16137296052353762183,0,11,15,58,14,0,2,3,2,81371,4865.95361328125,0,0,3
1767772296.156538,16137296052353762183,0,12,3,58,3,15,2,3,2,80300,4799.7841796875,0,0,3
1767772296.156538,16137296052353762183,0,13,9,58,11,2,3,3,2,80304,4841.787109375,0,0,4
1767772296.156538,16137296052353762183,0,14,6,58,7,8,2,3,2,80776,4828.75390625,0,0,3
1767772296.156538,16137296052353762183,0,15,16,57,9,0,2,3,2,82328,4802.5205078125,0,0,3
1767772296.156538,16137296052353762183,0,16,10,58,20,1,3,3,2,80828,4854.45361328125,0,0,4
1767772296.156538,16137296052353762183,0,17,5,58,6,10,2,3,2,80548,4808.76904296875,0,0,3
1767772296.156538,16137296052353762183,0,18,18,9,17,0,0,4,3,83068,788.0690307617188,0,0,1
1767772296.156538,16137296052353762183,0,19,20,0,18,0,0,4,1,0,4964.653981829062,0,0,1
1767772296.156538,16137296052353762183,0,20,0,0,0,0,0,0,0,0,0.0,0,0,0
1767772296.156538,16137296052353762183,0,21,0,0,0,0,0,0,0,0,0.0,0,0,0
1767772301.1700501,16137296052353762183,0,0,17,33,15,0,1,4,3,82326,2862.583740234375,0,0,2
1767772301.1700501,16137296052353762183,0,1,1,58,2,25,2,3,2,79789,4784.58740234375,0,0,3
1767772301.1700501,16137296052353762183,0,2,19,2,13,0,0,4,3,84306,236.94192504882812,0,0,1
1767772301.1700501,16137296052353762183,0,3,8,58,1,4,2,3,2,81029,4831.4365234375,0,0,3
1767772301.1700501,16137296052353762183,0,4,7,58,12,6,2,3,2,80379,4829.19775390625,0,0,3
1767772301.1700501,16137296052353762183,0,5,12,58,8,0,2,3,2,81216,4857.998046875,0,0,3
1767772301.1700501,16137296052353762183,0,6,13,58,10,0,2,3,2,81244,4858.51025390625,0,0,3
1767772301.1700501,16137296052353762183,0,7,4,58,5,12,2,3,2,79829,4800.7900390625,0,0,3
1767772301.1700501,16137296052353762183,0,8,11,58,16,0,2,3,2,81058,4857.7373046875,0,0,3
1767772301.1700501,16137296052353762183,0,9,2,58,4,18,2,3,2,80084,4789.87158203125,0,0,3
1767772301.1700501,16137296052353762183,0,10,14,58,19,0,2,3,2,81334,4865.17431640625,0,0,3
1767772301.1700501,16137296052353762183,0,11,15,58,14,0,2,3,2,81371,4865.95361328125,0,0,3
1767772301.1700501,16137296052353762183,0,12,3,58,3,15,2,3,2,80300,4799.7841796875,0,0,3
1767772301.1700501,16137296052353762183,0,13,9,58,11,2,3,3,2,80304,4841.787109375,0,0,4
1767772301.1700501,16137296052353762183,0,14,6,58,7,8,2,3,2,80776,4828.75390625,0,0,3
1767772301.1700501,16137296052353762183,0,15,16,57,9,0,2,3,2,82328,4802.5205078125,0,0,3
1767772301.1700501,16137296052353762183,0,16,10,58,20,1,3,3,2,80828,4854.45361328125,0,0,4
1767772301.1700501,16137296052353762183,0,17,5,58,6,10,2,3,2,80548,4808.76904296875,0,0,3
1767772301.1700501,16137296052353762183,0,18,18,9,17,0,0,4,3,83068,788.0690307617188,0,0,1
1767772301.1700501,16137296052353762183,0,19,20,0,18,0,0,4,1,0,4964.653981829062,0,0,1
1767772301.1700501,16137296052353762183,0,20,0,0,0,0,0,0,0,0,0.0,0,0,0
1767772301.1700501,16137296052353762183,0,21,0,0,0,0,0,0,0,0,0.0,0,0,0
1767772306.1899848,16137296052353762183,0,0,17,33,15,0,1,4,3,82326,2862.583740234375,0,0,2
1767772306.1899848,16137296052353762183,0,1,1,58,2,25,2,3,2,79789,4784.58740234375,0,0,3
1767772306.1899848,16137296052353762183,0,2,19,2,13,0,0,4,3,84306,236.94192504882812,0,0,1
1767772306.1899848,16137296052353762183,0,3,8,58,1,4,2,3,2,81029,4831.4365234375,0,0,3
1767772306.1899848,16137296052353762183,0,4,7,58,12,6,2,3,2,80379,4829.19775390625,0,0,3
1767772306.1899848,16137296052353762183,0,5,12,58,8,0,2,3,2,81216,4857.998046875,0,0,3
1767772306.1899848,16137296052353762183,0,6,13,58,10,0,2,3,2,81244,4858.51025390625,0,0,3
1767772306.1899848,16137296052353762183,0,7,4,58,5,12,2,3,2,79829,4800.7900390625,0,0,3
1767772306.1899848,16137296052353762183,0,8,11,58,16,0,2,3,2,81058,4857.7373046875,0,0,3
1767772306.1899848,16137296052353762183,0,9,2,58,4,18,2,3,2,80084,4789.87158203125,0,0,3
1767772306.1899848,16137296052353762183,0,10,14,58,19,0,2,3,2,81334,4865.17431640625,0,0,3
1767772306.1899848,16137296052353762183,0,11,15,58,14,0,2,3,2,81371,4865.95361328125,0,0,3
1767772306.1899848,16137296052353762183,0,12,3,58,3,15,2,3,2,80300,4799.7841796875,0,0,3
1767772306.1899848,16137296052353762183,0,13,9,58,11,2,3,3,2,80304,4841.787109375,0,0,4
1767772306.1899848,16137296052353762183,0,14,6,58,7,8,2,3,2,80776,4828.75390625,0,0,3
1767772306.1899848,16137296052353762183,0,15,16,57,9,0,2,3,2,82328,4802.5205078125,0,0,3
1767772306.1899848,16137296052353762183,0,16,10,58,20,1,3,3,2,80828,4854.45361328125,0,0,4
1767772306.1899848,16137296052353762183,0,17,5,58,6,10,2,3,2,80548,4808.76904296875,0,0,3
1767772306.1899848,16137296052353762183,0,18,18,9,17,0,0,4,3,83068,788.0690307617188,0,0,1
1767772306.1899848,16137296052353762183,0,19,20,0,18,0,0,4,1,0,4964.653981829062,0,0,1
1767772306.1899848,16137296052353762183,0,20,0,0,0,0,0,0,0,0,0.0,0,0,0
1767772306.1899848,16137296052353762183,0,21,0,0,0,0,0,0,0,0,0.0,0,0,0
1767772311.2128146,16137296052353762183,0,0,17,33,15,0,1,4,3,82326,2862.583740234375,0,0,2
1767772311.2128146,16137296052353762183,0,1,1,58,2,25,2,3,2,79789,4784.58740234375,0,0,3
1767772311.2128146,16137296052353762183,0,2,19,2,13,0,0,4,3,84306,236.94192504882812,0,0,1
1767772311.2128146,16137296052353762183,0,3,8,58,1,4,2,3,2,81029,4831.4365234375,0,0,3
1767772311.2128146,16137296052353762183,0,4,7,58,12,6,2,3,2,80379,4829.19775390625,0,0,3
1767772311.2128146,16137296052353762183,0,5,12,58,8,0,2,3,2,81216,4857.998046875,0,0,3
1767772311.2128146,16137296052353762183,0,6,13,58,10,0,2,3,2,81244,4858.51025390625,0,0,3
1767772311.2128146,16137296052353762183,0,7,4,58,5,12,2,3,2,79829,4800.7900390625,0,0,3
1767772311.2128146,16137296052353762183,0,8,11,58,16,0,2,3,2,81058,4857.7373046875,0,0,3
1767772311.2128146,16137296052353762183,0,9,2,58,4,18,2,3,2,80084,4789.87158203125,0,0,3
1767772311.2128146,16137296052353762183,0,10,14,58,19,0,2,3,2,81334,4865.17431640625,0,0,3
1767772311.2128146,16137296052353762183,0,11,15,58,14,0,2,3,2,81371,4865.95361328125,0,0,3
1767772311.2128146,16137296052353762183,0,12,3,58,3,15,2,3,2,80300,4799.7841796875,0,0,3
1767772311.2128146,16137296052353762183,0,13,9,58,11,2,3,3,2,80304,4841.787109375,0,0,4
1767772311.2128146,16137296052353762183,0,14,6,58,7,8,2,3,2,80776,4828.75390625,0,0,3
1767772311.2128146,16137296052353762183,0,15,16,57,9,0,2,3,2,82328,4802.5205078125,0,0,3
1767772311.2128146,16137296052353762183,0,16,10,58,20,1,3,3,2,80828,4854.45361328125,0,0,4
1767772311.2128146,16137296052353762183,0,17,5,58,6,10,2,3,2,80548,4808.76904296875,0,0,3
1767772311.2128146,16137296052353762183,0,18,18,9,17,0,0,4,3,83068,788.0690307617188,0,0,1
1767772311.2128146,16137296052353762183,0,19,20,0,18,0,0,4,1,0,4964.653981829062,0,0,1
1767772311.2128146,16137296052353762183,0,20,0,0,0,0,0,0,0,0,0.0,0,0,0
1767772311.2128146,16137296052353762183,0,21,0,0,0,0,0,0,0,0,0.0,0,0,0
1767772316.2351558,16137296052353762183,0,0,17,33,15,0,1,4,3,82326,2862.583740234375,0,0,2
1767772316.2351558,16137296052353762183,0,1,1,58,2,25,2,3,2,79789,4784.58740234375,0,0,3
1767772316.2351558,16137296052353762183,0,2,19,2,13,0,0,4,3,84306,236.94192504882812,0,0,1
1767772316.2351558,16137296052353762183,0,3,8,58,1,4,2,3,2,81029,4831.4365234375,0,0,3
1767772316.2351558,16137296052353762183,0,4,7,58,12,6,2,3,2,80379,4829.19775390625,0,0,3
1767772316.2351558,16137296052353762183,0,5,12,58,8,0,2,3,2,81216,4857.998046875,0,0,3
1767772316.2351558,16137296052353762183,0,6,13,58,10,0,2,3,2,81244,4858.51025390625,0,0,3
1767772316.2351558,16137296052353762183,0,7,4,58,5,12,2,3,2,79829,4800.7900390625,0,0,3
1767772316.2351558,16137296052353762183,0,8,11,58,16,0,2,3,2,81058,4857.7373046875,0,0,3
1767772316.2351558,16137296052353762183,0,9,2,58,4,18,2,3,2,80084,4789.87158203125,0,0,3
1767772316.2351558,16137296052353762183,0,10,14,58,19,0,2,3,2,81334,4865.17431640625,0,0,3
1767772316.2351558,16137296052353762183,0,11,15,58,14,0,2,3,2,81371,4865.95361328125,0,0,3
1767772316.2351558,16137296052353762183,0,12,3,58,3,15,2,3,2,80300,4799.7841796875,0,0,3
1767772316.2351558,16137296052353762183,0,13,9,58,11,2,3,3,2,80304,4841.787109375,0,0,4
1767772316.2351558,16137296052353762183,0,14,6,58,7,8,2,3,2,80776,4828.75390625,0,0,3
1767772316.2351558,16137296052353762183,0,15,16,57,9,0,2,3,2,82328,4802.5205078125,0,0,3
1767772316.2351558,16137296052353762183,0,16,10,58,20,1,3,3,2,80828,4854.45361328125,0,0,4
1767772316.2351558,16137296052353762183,0,17,5,58,6,10,2,3,2,80548,4808.76904296875,0,0,3
1767772316.2351558,16137296052353762183,0,18,18,9,17,0,0,4,3,83068,788.0690307617188,0,0,1
1767772316.2351558,16137296052353762183,0,19,20,0,18,0,0,4,1,0,4964.653981829062,0,0,1
1767772316.2351558,16137296052353762183,0,20,0,0,0,0,0,0,0,0,0.0,0,0,0
1767772316.2351558,16137296052353762183,0,21,0,0,0,0,0,0,0,0,0.0,0,0,0
1767772321.255108,16137296052353762183,0,0,17,33,15,0,1,4,3,82326,2862.583740234375,0,0,2
1767772321.255108,16137296052353762183,0,1,1,58,2,25,2,3,2,79789,4784.58740234375,0,0,3
1767772321.255108,16137296052353762183,0,2,19,2,13,0,0,4,3,84306,236.94192504882812,0,0,1
1767772321.255108,16137296052353762183,0,3,8,58,1,4,2,3,2,81029,4831.4365234375,0,0,3
1767772321.255108,16137296052353762183,0,4,7,58,12,6,2,3,2,80379,4829.19775390625,0,0,3
1767772321.255108,16137296052353762183,0,5,12,58,8,0,2,3,2,81216,4857.998046875,0,0,3
1767772321.255108,16137296052353762183,0,6,13,58,10,0,2,3,2,81244,4858.51025390625,0,0,3
1767772321.255108,16137296052353762183,0,7,4,58,5,12,2,3,2,79829,4800.7900390625,0,0,3
1767772321.255108,16137296052353762183,0,8,11,58,16,0,2,3,2,81058,4857.7373046875,0,0,3
1767772321.255108,16137296052353762183,0,9,2,58,4,18,2,3,2,80084,4789.87158203125,0,0,3
1767772321.255108,16137296052353762183,0,10,14,58,19,0,2,3,2,81334,4865.17431640625,0,0,3
1767772321.255108,16137296052353762183,0,11,15,58,14,0,2,3,2,81371,4865.95361328125,0,0,3
1767772321.255108,16137296052353762183,0,12,3,58,3,15,2,3,2,80300,4799.7841796875,0,0,3
1767772321.255108,16137296052353762183,0,13,9,58,11,2,3,3,2,80304,4841.787109375,0,0,4
1767772321.255108,16137296052353762183,0,14,6,58,7,8,2,3,2,80776,4828.75390625,0,0,3
1767772321.255108,16137296052353762183,0,15,16,57,9,0,2,3,2,82328,4802.5205078125,0,0,3
1767772321.255108,16137296052353762183,0,16,10,58,20,1,3,3,2,80828,4854.45361328125,0,0,4
1767772321.255108,16137296052353762183,0,17,5,58,6,10,2,3,2,80548,4808.76904296875,0,0,3
1767772321.255108,16137296052353762183,0,18,18,9,17,0,0,4,3,83068,788.0690307617188,0,0,1
1767772321.255108,16137296052353762183,0,19,20,0,18,0,0,4,1,0,4964.653981829062,0,0,1
1767772321.255108,16137296052353762183,0,20,0,0,0,0,0,0,0,0,0.0,0,0,0
1767772321.255108,16137296052353762183,0,21,0,0,0,0,0,0,0,0,0.0,0,0,0
1767772326.275864,16137296052353762183,0,0,17,33,15,0,1,4,3,82326,2862.583740234375,0,0,2
1767772326.275864,16137296052353762183,0,1,1,58,2,25,2,3,2,79789,4784.58740234375,0,0,3
1767772326.275864,16137296052353762183,0,2,19,2,13,0,0,4,3,84306,236.94192504882812,0,0,1
1767772326.275864,16137296052353762183,0,3,8,58,1,4,2,3,2,81029,4831.4365234375,0,0,3
1767772326.275864,16137296052353762183,0,4,7,58,12,6,2,3,2,80379,4829.19775390625,0,0,3
1767772326.275864,16137296052353762183,0,5,12,58,8,0,2,3,2,81216,4857.998046875,0,0,3
1767772326.275864,16137296052353762183,0,6,13,58,10,0,2,3,2,81244,4858.51025390625,0,0,3
1767772326.275864,16137296052353762183,0,7,4,58,5,12,2,3,2,79829,4800.7900390625,0,0,3
1767772326.275864,16137296052353762183,0,8,11,58,16,0,2,3,2,81058,4857.7373046875,0,0,3
1767772326.275864,16137296052353762183,0,9,2,58,4,18,2,3,2,80084,4789.87158203125,0,0,3
1767772326.275864,16137296052353762183,0,10,14,58,19,0,2,3,2,81334,4865.17431640625,0,0,3
1767772326.275864,16137296052353762183,0,11,15,58,14,0,2,3,2,81371,4865.95361328125,0,0,3
1767772326.275864,16137296052353762183,0,12,3,58,3,15,2,3,2,80300,4799.7841796875,0,0,3
1767772326.275864,16137296052353762183,0,13,9,58,11,2,3,3,2,80304,4841.787109375,0,0,4
1767772326.275864,16137296052353762183,0,14,6,58,7,8,2,3,2,80776,4828.75390625,0,0,3
1767772326.275864,16137296052353762183,0,15,16,57,9,0,2,3,2,82328,4802.5205078125,0,0,3
1767772326.275864,16137296052353762183,0,16,10,58,20,1,3,3,2,80828,4854.45361328125,0,0,4
1767772326.275864,16137296052353762183,0,17,5,58,6,10,2,3,2,80548,4808.76904296875,0,0,3
1767772326.275864,16137296052353762183,0,18,18,9,17,0,0,4,3,83068,788.0690307617188,0,0,1
1767772326.275864,16137296052353762183,0,19,20,0,18,0,0,4,1,0,4964.653981829062,0,0,1
1767772326.275864,16137296052353762183,0,20,0,0,0,0,0,0,0,0,0.0,0,0,0
1767772326.275864,16137296052353762183,0,21,0,0,0,0,0,0,0,0,0.0,0,0,0
1767772331.2781627,16137296052353762183,0,0,17,33,15,0,1,4,3,82326,2862.583740234375,0,0,2
1767772331.2781627,16137296052353762183,0,1,1,58,2,25,2,3,2,79789,4784.58740234375,0,0,3
1767772331.2781627,16137296052353762183,0,2,19,2,13,0,0,4,3,84306,236.94192504882812,0,0,1
1767772331.2781627,16137296052353762183,0,3,8,58,1,4,2,3,2,81029,4831.4365234375,0,0,3
1767772331.2781627,16137296052353762183,0,4,7,58,12,6,2,3,2,80379,4829.19775390625,0,0,3
1767772331.2781627,16137296052353762183,0,5,12,58,8,0,2,3,2,81216,4857.998046875,0,0,3
1767772331.2781627,16137296052353762183,0,6,13,58,10,0,2,3,2,81244,4858.51025390625,0,0,3
1767772331.2781627,16137296052353762183,0,7,4,58,5,12,2,3,2,79829,4800.7900390625,0,0,3
1767772331.2781627,16137296052353762183,0,8,11,58,16,0,2,3,2,81058,4857.7373046875,0,0,3
1767772331.2781627,16137296052353762183,0,9,2,58,4,18,2,3,2,80084,4789.87158203125,0,0,3
1767772331.2781627,16137296052353762183,0,10,14,58,19,0,2,3,2,81334,4865.17431640625,0,0,3
1767772331.2781627,16137296052353762183,0,11,15,58,14,0,2,3,2,81371,4865.95361328125,0,0,3
1767772331.2781627,16137296052353762183,0,12,3,58,3,15,2,3,2,80300,4799.7841796875,0,0,3
1767772331.2781627,16137296052353762183,0,13,9,58,11,2,3,3,2,80304,4841.787109375,0,0,4
1767772331.2781627,16137296052353762183,0,14,6,58,7,8,2,3,2,80776,4828.75390625,0,0,3
1767772331.2781627,16137296052353762183,0,15,16,57,9,0,2,3,2,82328,4802.5205078125,0,0,3
1767772331.2781627,16137296052353762183,0,16,10,58,20,1,3,3,2,80828,4854.45361328125,0,0,4
1767772331.2781627,16137296052353762183,0,17,5,58,6,10,2,3,2,80548,4808.76904296875,0,0,3
1767772331.2781627,16137296052353762183,0,18,18,9,17,0,0,4,3,83068,788.0690307617188,0,0,1
1767772331.2781627,16137296052353762183,0,19,20,0,18,0,0,4,1,0,4964.653981829062,0,0,1
1767772331.2781627,16137296052353762183,0,20,0,0,0,0,0,0,0,0,0.0,0,0,0
1767772331.2781627,16137296052353762183,0,21,0,0,0,0,0,0,0,0,0.0,0,0,0
1767772336.2930205,16137296052353762183,0,0,17,33,15,0,1,4,3,82326,2862.583740234375,0,0,2
1767772336.2930205,16137296052353762183,0,1,1,58,2,25,2,3,2,79789,4784.58740234375,0,0,3
1767772336.2930205,16137296052353762183,0,2,19,2,13,0,0,4,3,84306,236.94192504882812,0,0,1
1767772336.2930205,16137296052353762183,0,3,8,58,1,4,2,3,2,81029,4831.4365234375,0,0,3
1767772336.2930205,16137296052353762183,0,4,7,58,12,6,2,3,2,80379,4829.19775390625,0,0,3
1767772336.2930205,16137296052353762183,0,5,12,58,8,0,2,3,2,81216,4857.998046875,0,0,3
1767772336.2930205,16137296052353762183,0,6,13,58,10,0,2,3,2,81244,4858.51025390625,0,0,3
1767772336.2930205,16137296052353762183,0,7,4,58,5,12,2,3,2,79829,4800.7900390625,0,0,3
1767772336.2930205,16137296052353762183,0,8,11,58,16,0,2,3,2,81058,4857.7373046875,0,0,3
1767772336.2930205,16137296052353762183,0,9,2,58,4,18,2,3,2,80084,4789.87158203125,0,0,3
1767772336.2930205,16137296052353762183,0,10,14,58,19,0,2,3,2,81334,4865.17431640625,0,0,3
1767772336.2930205,16137296052353762183,0,11,15,58,14,0,2,3,2,81371,4865.95361328125,0,0,3
1767772336.2930205,16137296052353762183,0,12,3,58,3,15,2,3,2,80300,4799.7841796875,0,0,3
1767772336.2930205,16137296052353762183,0,13,9,58,11,2,3,3,2,80304,4841.787109375,0,0,4
1767772336.2930205,16137296052353762183,0,14,6,58,7,8,2,3,2,80776,4828.75390625,0,0,3
1767772336.2930205,16137296052353762183,0,15,16,57,9,0,2,3,2,82328,4802.5205078125,0,0,3
1767772336.2930205,16137296052353762183,0,16,10,58,20,1,3,3,2,80828,4854.45361328125,0,0,4
1767772336.2930205,16137296052353762183,0,17,5,58,6,10,2,3,2,80548,4808.76904296875,0,0,3
1767772336.2930205,16137296052353762183,0,18,18,9,17,0,0,4,3,83068,788.0690307617188,0,0,1
1767772336.2930205,16137296052353762183,0,19,20,0,18,0,0,4,1,0,4964.653981829062,0,0,1
1767772336.2930205,16137296052353762183,0,20,0,0,0,0,0,0,0,0,0.0,0,0,0
1767772336.2930205,16137296052353762183,0,21,0,0,0,0,0,0,0,0,0.0,0,0,0
1767772341.2960737,16137296052353762183,0,0,17,33,15,0,1,4,3,82326,2862.583740234375,0,0,2
1767772341.2960737,16137296052353762183,0,1,1,58,2,25,2,3,2,79789,4784.58740234375,0,0,3
1767772341.2960737,16137296052353762183,0,2,19,2,13,0,0,4,3,84306,236.94192504882812,0,0,1
1767772341.2960737,16137296052353762183,0,3,8,58,1,4,2,3,2,81029,4831.4365234375,0,0,3
1767772341.2960737,16137296052353762183,0,4,7,58,12,6,2,3,2,80379,4829.19775390625,0,0,3
1767772341.2960737,16137296052353762183,0,5,12,58,8,0,2,3,2,81216,4857.998046875,0,0,3
1767772341.2960737,16137296052353762183,0,6,13,58,10,0,2,3,2,81244,4858.51025390625,0,0,3
1767772341.2960737,16137296052353762183,0,7,4,58,5,12,2,3,2,79829,4800.7900390625,0,0,3
1767772341.2960737,16137296052353762183,0,8,11,58,16,0,2,3,2,81058,4857.7373046875,0,0,3
1767772341.2960737,16137296052353762183,0,9,2,58,4,18,2,3,2,80084,4789.87158203125,0,0,3
1767772341.2960737,16137296052353762183,0,10,14,58,19,0,2,3,2,81334,4865.17431640625,0,0,3
1767772341.2960737,16137296052353762183,0,11,15,58,14,0,2,3,2,81371,4865.95361328125,0,0,3
1767772341.2960737,16137296052353762183,0,12,3,58,3,15,2,3,2,80300,4799.7841796875,0,0,3
1767772341.2960737,16137296052353762183,0,13,9,58,11,2,3,3,2,80304,4841.787109375,0,0,4
1767772341.2960737,16137296052353762183,0,14,6,58,7,8,2,3,2,80776,4828.75390625,0,0,3
1767772341.2960737,16137296052353762183,0,15,16,57,9,0,2,3,2,82328,4802.5205078125,0,0,3
1767772341.2960737,16137296052353762183,0,16,10,58,20,1,3,3,2,80828,4854.45361328125,0,0,4
1767772341.2960737,16137296052353762183,0,17,5,58,6,10,2,3,2,80548,4808.76904296875,0,0,3
1767772341.2960737,16137296052353762183,0,18,18,9,17,0,0,4,3,83068,788.0690307617188,0,0,1
1767772341.2960737,16137296052353762183,0,19,20,0,18,0,0,4,1,0,4964.653981829062,0,0,1
1767772341.2960737,16137296052353762183,0,20,0,0,0,0,0,0,0,0,0.0,0,0,0
1767772341.2960737,16137296052353762183,0,21,0,0,0,0,0,0,0,0,0.0,0,0,0
1767772346.3041403,16137296052353762183,0,0,17,33,15,0,1,4,3,82326,2862.583740234375,0,0,2
1767772346.3041403,16137296052353762183,0,1,1,58,2,25,2,3,2,79789,4784.58740234375,0,0,3
1767772346.3041403,16137296052353762183,0,2,19,2,13,0,0,4,3,84306,236.94192504882812,0,0,1
1767772346.3041403,16137296052353762183,0,3,8,58,1,4,2,3,2,81029,4831.4365234375,0,0,3
1767772346.3041403,16137296052353762183,0,4,7,58,12,6,2,3,2,80379,4829.19775390625,0,0,3
1767772346.3041403,16137296052353762183,0,5,12,58,8,0,2,3,2,81216,4857.998046875,0,0,3
1767772346.3041403,16137296052353762183,0,6,13,58,10,0,2,3,2,81244,4858.51025390625,0,0,3
1767772346.3041403,16137296052353762183,0,7,4,58,5,12,2,3,2,79829,4800.7900390625,0,0,3
1767772346.3041403,16137296052353762183,0,8,11,58,16,0,2,3,2,81058,4857.7373046875,0,0,3
1767772346.3041403,16137296052353762183,0,9,2,58,4,18,2,3,2,80084,4789.87158203125,0,0,3
1767772346.3041403,16137296052353762183,0,10,14,58,19,0,2,3,2,81334,4865.17431640625,0,0,3
1767772346.3041403,16137296052353762183,0,11,15,58,14,0,2,3,2,81371,4865.95361328125,0,0,3
1767772346.3041403,16137296052353762183,0,12,3,58,3,15,2,3,2,80300,4799.7841796875,0,0,3
1767772346.3041403,16137296052353762183,0,13,9,58,11,2,3,3,2,80304,4841.787109375,0,0,4
1767772346.3041403,16137296052353762183,0,14,6,58,7,8,2,3,2,80776,4828.75390625,0,0,3
1767772346.3041403,16137296052353762183,0,15,16,57,9,0,2,3,2,82328,4802.5205078125,0,0,3
1767772346.3041403,16137296052353762183,0,16,10,58,20,1,3,3,2,80828,4854.45361328125,0,0,4
1767772346.3041403,16137296052353762183,0,17,5,58,6,10,2,3,2,80548,4808.76904296875,0,0,3
1767772346.3041403,16137296052353762183,0,18,18,9,17,0,0,4,3,83068,788.0690307617188,0,0,1
1767772346.3041403,16137296052353762183,0,19,20,0,18,0,0,4,1,0,4964.653981829062,0,0,1
1767772346.3041403,16137296052353762183,0,20,0,0,0,0,0,0,0,0,0.0,0,0,0
1767772346.3041403,16137296052353762183,0,21,0,0,0,0,0,0,0,0,0.0,0,0,0
1767772351.309446,16137296052353762183,0,0,17,33,15,0,1,4,3,82326,2862.583740234375,0,0,2
1767772351.309446,16137296052353762183,0,1,1,58,2,25,2,3,2,79789,4784.58740234375,0,0,3
1767772351.309446,16137296052353762183,0,2,19,2,13,0,0,4,3,84306,236.94192504882812,0,0,1
1767772351.309446,16137296052353762183,0,3,8,58,1,4,2,3,2,81029,4831.4365234375,0,0,3
1767772351.309446,16137296052353762183,0,4,7,58,12,6,2,3,2,80379,4829.19775390625,0,0,3
1767772351.309446,16137296052353762183,0,5,12,58,8,0,2,3,2,81216,4857.998046875,0,0,3
1767772351.309446,16137296052353762183,0,6,13,58,10,0,2,3,2,81244,4858.51025390625,0,0,3
1767772351.309446,16137296052353762183,0,7,4,58,5,12,2,3,2,79829,4800.7900390625,0,0,3
1767772351.309446,16137296052353762183,0,8,11,58,16,0,2,3,2,81058,4857.7373046875,0,0,3
1767772351.309446,16137296052353762183,0,9,2,58,4,18,2,3,2,80084,4789.87158203125,0,0,3
1767772351.309446,16137296052353762183,0,10,14,58,19,0,2,3,2,81334,4865.17431640625,0,0,3
1767772351.309446,16137296052353762183,0,11,15,58,14,0,2,3,2,81371,4865.95361328125,0,0,3
1767772351.309446,16137296052353762183,0,12,3,58,3,15,2,3,2,80300,4799.7841796875,0,0,3
1767772351.309446,16137296052353762183,0,13,9,58,11,2,3,3,2,80304,4841.787109375,0,0,4
1767772351.309446,16137296052353762183,0,14,6,58,7,8,2,3,2,80776,4828.75390625,0,0,3
1767772351.309446,16137296052353762183,0,15,16,57,9,0,2,3,2,82328,4802.5205078125,0,0,3
1767772351.309446,16137296052353762183,0,16,10,58,20,1,3,3,2,80828,4854.45361328125,0,0,4
1767772351.309446,16137296052353762183,0,17,5,58,6,10,2,3,2,80548,4808.76904296875,0,0,3
1767772351.309446,16137296052353762183,0,18,18,9,17,0,0,4,3,83068,788.0690307617188,0,0,1
1767772351.309446,16137296052353762183,0,19,20,0,18,0,0,4,1,0,4964.653981829062,0,0,1
1767772351.309446,16137296052353762183,0,20,0,0,0,0,0,0,0,0,0.0,0,0,0
1767772351.309446,16137296052353762183,0,21,0,0,0,0,0,0,0,0,0.0,0,0,0
1767772356.3301513,16137296052353762183,0,0,17,33,15,0,1,4,3,82326,2862.583740234375,0,0,2
1767772356.3301513,16137296052353762183,0,1,1,58,2,25,2,3,2,79789,4784.58740234375,0,0,3
1767772356.3301513,16137296052353762183,0,2,19,2,13,0,0,4,3,84306,236.94192504882812,0,0,1
1767772356.3301513,16137296052353762183,0,3,8,58,1,4,2,3,2,81029,4831.4365234375,0,0,3
1767772356.3301513,16137296052353762183,0,4,7,58,12,6,2,3,2,80379,4829.19775390625,0,0,3
1767772356.3301513,16137296052353762183,0,5,12,58,8,0,2,3,2,81216,4857.998046875,0,0,3
1767772356.3301513,16137296052353762183,0,6,13,58,10,0,2,3,2,81244,4858.51025390625,0,0,3
1767772356.3301513,16137296052353762183,0,7,4,58,5,12,2,3,2,79829,4800.7900390625,0,0,3
1767772356.3301513,16137296052353762183,0,8,11,58,16,0,2,3,2,81058,4857.7373046875,0,0,3
1767772356.3301513,16137296052353762183,0,9,2,58,4,18,2,3,2,80084,4789.87158203125,0,0,3
1767772356.3301513,16137296052353762183,0,10,14,58,19,0,2,3,2,81334,4865.17431640625,0,0,3
1767772356.3301513,16137296052353762183,0,11,15,58,14,0,2,3,2,81371,4865.95361328125,0,0,3
1767772356.3301513,16137296052353762183,0,12,3,58,3,15,2,3,2,80300,4799.7841796875,0,0,3
1767772356.3301513,16137296052353762183,0,13,9,58,11,2,3,3,2,80304,4841.787109375,0,0,4
1767772356.3301513,16137296052353762183,0,14,6,58,7,8,2,3,2,80776,4828.75390625,0,0,3
1767772356.3301513,16137296052353762183,0,15,16,57,9,0,2,3,2,82328,4802.5205078125,0,0,3
1767772356.3301513,16137296052353762183,0,16,10,58,20,1,3,3,2,80828,4854.45361328125,0,0,4
1767772356.3301513,16137296052353762183,0,17,5,58,6,10,2,3,2,80548,4808.76904296875,0,0,3
1767772356.3301513,16137296052353762183,0,18,18,9,17,0,0,4,3,83068,788.0690307617188,0,0,1
1767772356.3301513,16137296052353762183,0,19,20,0,18,0,0,4,1,0,4964.653981829062,0,0,1
1767772356.3301513,16137296052353762183,0,20,0,0,0,0,0,0,0,0,0.0,0,0,0
1767772356.3301513,16137296052353762183,0,21,0,0,0,0,0,0,0,0,0.0,0,0,0
1767772361.3551083,16137296052353762183,0,0,17,33,15,0,1,4,3,82326,2862.583740234375,0,0,2
1767772361.3551083,16137296052353762183,0,1,1,58,2,25,2,3,2,79789,4784.58740234375,0,0,3
1767772361.3551083,16137296052353762183,0,2,19,2,13,0,0,4,3,84306,236.94192504882812,0,0,1
1767772361.3551083,16137296052353762183,0,3,8,58,1,4,2,3,2,81029,4831.4365234375,0,0,3
1767772361.3551083,16137296052353762183,0,4,7,58,12,6,2,3,2,80379,4829.19775390625,0,0,3
1767772361.3551083,16137296052353762183,0,5,12,58,8,0,2,3,2,81216,4857.998046875,0,0,3
1767772361.3551083,16137296052353762183,0,6,13,58,10,0,2,3,2,81244,4858.51025390625,0,0,3
1767772361.3551083,16137296052353762183,0,7,4,58,5,12,2,3,2,79829,4800.7900390625,0,0,3
1767772361.3551083,16137296052353762183,0,8,11,58,16,0,2,3,2,81058,4857.7373046875,0,0,3
1767772361.3551083,16137296052353762183,0,9,2,58,4,18,2,3,2,80084,4789.87158203125,0,0,3
1767772361.3551083,16137296052353762183,0,10,14,58,19,0,2,3,2,81334,4865.17431640625,0,0,3
1767772361.3551083,16137296052353762183,0,11,15,58,14,0,2,3,2,81371,4865.95361328125,0,0,3
1767772361.3551083,16137296052353762183,0,12,3,58,3,15,2,3,2,80300,4799.7841796875,0,0,3
1767772361.3551083,16137296052353762183,0,13,9,58,11,2,3,3,2,80304,4841.787109375,0,0,4
1767772361.3551083,16137296052353762183,0,14,6,58,7,8,2,3,2,80776,4828.75390625,0,0,3
1767772361.3551083,16137296052353762183,0,15,16,57,9,0,2,3,2,82328,4802.5205078125,0,0,3
1767772361.3551083,16137296052353762183,0,16,10,58,20,1,3,3,2,80828,4854.45361328125,0,0,4
1767772361.3551083,16137296052353762183,0,17,5,58,6,10,2,3,2,80548,4808.76904296875,0,0,3
1767772361.3551083,16137296052353762183,0,18,18,9,17,0,0,4,3,83068,788.0690307617188,0,0,1
1767772361.3551083,16137296052353762183,0,19,20,0,18,0,0,4,1,0,4964.653981829062,0,0,1
1767772361.3551083,16137296052353762183,0,20,0,0,0,0,0,0,0,0,0.0,0,0,0
1767772361.3551083,16137296052353762183,0,21,0,0,0,0,0,0,0,0,0.0,0,0,0
1767772366.3616192,16137296052353762183,0,0,17,33,15,0,1,4,3,82326,2862.583740234375,0,0,2
1767772366.3616192,16137296052353762183,0,1,1,58,2,25,2,3,2,79789,4784.58740234375,0,0,3
1767772366.3616192,16137296052353762183,0,2,19,2,13,0,0,4,3,84306,236.94192504882812,0,0,1
1767772366.3616192,16137296052353762183,0,3,8,58,1,4,2,3,2,81029,4831.4365234375,0,0,3
1767772366.3616192,16137296052353762183,0,4,7,58,12,6,2,3,2,80379,4829.19775390625,0,0,3
1767772366.3616192,16137296052353762183,0,5,12,58,8,0,2,3,2,81216,4857.998046875,0,0,3
1767772366.3616192,16137296052353762183,0,6,13,58,10,0,2,3,2,81244,4858.51025390625,0,0,3
1767772366.3616192,16137296052353762183,0,7,4,58,5,12,2,3,2,79829,4800.7900390625,0,0,3
1767772366.3616192,16137296052353762183,0,8,11,58,16,0,2,3,2,81058,4857.7373046875,0,0,3
1767772366.3616192,16137296052353762183,0,9,2,58,4,18,2,3,2,80084,4789.87158203125,0,0,3
1767772366.3616192,16137296052353762183,0,10,14,58,19,0,2,3,2,81334,4865.17431640625,0,0,3
1767772366.3616192,16137296052353762183,0,11,15,58,14,0,2,3,2,81371,4865.95361328125,0,0,3
1767772366.3616192,16137296052353762183,0,12,3,58,3,15,2,3,2,80300,4799.7841796875,0,0,3
1767772366.3616192,16137296052353762183,0,13,9,58,11,2,3,3,2,80304,4841.787109375,0,0,4
1767772366.3616192,16137296052353762183,0,14,6,58,7,8,2,3,2,80776,4828.75390625,0,0,3
1767772366.3616192,16137296052353762183,0,15,16,57,9,0,2,3,2,82328,4802.5205078125,0,0,3
1767772366.3616192,16137296052353762183,0,16,10,58,20,1,3,3,2,80828,4854.45361328125,0,0,4
1767772366.3616192,16137296052353762183,0,17,5,58,6,10,2,3,2,80548,4808.76904296875,0,0,3
1767772366.3616192,16137296052353762183,0,18,18,9,17,0,0,4,3,83068,788.0690307617188,0,0,1
1767772366.3616192,16137296052353762183,0,19,20,0,18,0,0,4,1,0,4964.653981829062,0,0,1
1767772366.3616192,16137296052353762183,0,20,0,0,0,0,0,0,0,0,0.0,0,0,0
1767772366.3616192,16137296052353762183,0,21,0,0,0,0,0,0,0,0,0.0,0,0,0
1767772371.363454,16137296052353762183,0,0,17,33,15,0,1,4,3,82326,2862.583740234375,0,0,2
1767772371.363454,16137296052353762183,0,1,1,58,2,25,2,3,2,79789,4784.58740234375,0,0,3
1767772371.363454,16137296052353762183,0,2,19,2,13,0,0,4,3,84306,236.94192504882812,0,0,1
1767772371.363454,16137296052353762183,0,3,8,58,1,4,2,3,2,81029,4831.4365234375,0,0,3
1767772371.363454,16137296052353762183,0,4,7,58,12,6,2,3,2,80379,4829.19775390625,0,0,3
1767772371.363454,16137296052353762183,0,5,12,58,8,0,2,3,2,81216,4857.998046875,0,0,3
1767772371.363454,16137296052353762183,0,6,13,58,10,0,2,3,2,81244,4858.51025390625,0,0,3
1767772371.363454,16137296052353762183,0,7,4,58,5,12,2,3,2,79829,4800.7900390625,0,0,3
1767772371.363454,16137296052353762183,0,8,11,58,16,0,2,3,2,81058,4857.7373046875,0,0,3
1767772371.363454,16137296052353762183,0,9,2,58,4,18,2,3,2,80084,4789.87158203125,0,0,3
1767772371.363454,16137296052353762183,0,10,14,58,19,0,2,3,2,81334,4865.17431640625,0,0,3
1767772371.363454,16137296052353762183,0,11,15,58,14,0,2,3,2,81371,4865.95361328125,0,0,3
1767772371.363454,16137296052353762183,0,12,3,58,3,15,2,3,2,80300,4799.7841796875,0,0,3
1767772371.363454,16137296052353762183,0,13,9,58,11,2,3,3,2,80304,4841.787109375,0,0,4
1767772371.363454,16137296052353762183,0,14,6,58,7,8,2,3,2,80776,4828.75390625,0,0,3
1767772371.363454,16137296052353762183,0,15,16,57,9,0,2,3,2,82328,4802.5205078125,0,0,3
1767772371.363454,16137296052353762183,0,16,10,58,20,1,3,3,2,80828,4854.45361328125,0,0,4
1767772371.363454,16137296052353762183,0,17,5,58,6,10,2,3,2,80548,4808.76904296875,0,0,3
1767772371.363454,16137296052353762183,0,18,18,9,17,0,0,4,3,83068,788.0690307617188,0,0,1
1767772371.363454,16137296052353762183,0,19,20,0,18,0,0,4,1,0,4964.653981829062,0,0,1
1767772371.363454,16137296052353762183,0,20,0,0,0,0,0,0,0,0,0.0,0,0,0
1767772371.363454,16137296052353762183,0,21,0,0,0,0,0,0,0,0,0.0,0,0,0
1767772376.3895469,16137296052353762183,0,0,17,33,15,0,1,4,3,82326,2862.583740234375,0,0,2
1767772376.3895469,16137296052353762183,0,1,1,58,2,25,2,3,2,79789,4784.58740234375,0,0,3
1767772376.3895469,16137296052353762183,0,2,19,2,13,0,0,4,3,84306,236.94192504882812,0,0,1
1767772376.3895469,16137296052353762183,0,3,8,58,1,4,2,3,2,81029,4831.4365234375,0,0,3
1767772376.3895469,16137296052353762183,0,4,7,58,12,6,2,3,2,80379,4829.19775390625,0,0,3
1767772376.3895469,16137296052353762183,0,5,12,58,8,0,2,3,2,81216,4857.998046875,0,0,3
1767772376.3895469,16137296052353762183,0,6,13,58,10,0,2,3,2,81244,4858.51025390625,0,0,3
1767772376.3895469,16137296052353762183,0,7,4,58,5,12,2,3,2,79829,4800.7900390625,0,0,3
1767772376.3895469,16137296052353762183,0,8,11,58,16,0,2,3,2,81058,4857.7373046875,0,0,3
1767772376.3895469,16137296052353762183,0,9,2,58,4,18,2,3,2,80084,4789.87158203125,0,0,3
1767772376.3895469,16137296052353762183,0,10,14,58,19,0,2,3,2,81334,4865.17431640625,0,0,3
1767772376.3895469,16137296052353762183,0,11,15,58,14,0,2,3,2,81371,4865.95361328125,0,0,3
1767772376.3895469,16137296052353762183,0,12,3,58,3,15,2,3,2,80300,4799.7841796875,0,0,3
1767772376.3895469,16137296052353762183,0,13,9,58,11,2,3,3,2,80304,4841.787109375,0,0,4
1767772376.3895469,16137296052353762183,0,14,6,58,7,8,2,3,2,80776,4828.75390625,0,0,3
1767772376.3895469,16137296052353762183,0,15,16,57,9,0,2,3,2,82328,4802.5205078125,0,0,3
1767772376.3895469,16137296052353762183,0,16,10,58,20,1,3,3,2,80828,4854.45361328125,0,0,4
1767772376.3895469,16137296052353762183,0,17,5,58,6,10,2,3,2,80548,4808.76904296875,0,0,3
1767772376.3895469,16137296052353762183,0,18,18,9,17,0,0,4,3,83068,788.0690307617188,0,0,1
1767772376.3895469,16137296052353762183,0,19,20,0,18,0,0,4,1,0,4964.653981829062,0,0,1
1767772376.3895469,16137296052353762183,0,20,0,0,0,0,0,0,0,0,0.0,0,0,0
1767772376.3895469,16137296052353762183,0,21,0,0,0,0,0,0,0,0,0.0,0,0,0
1767772381.3984728,16137296052353762183,0,0,17,33,15,0,1,4,3,82326,2862.583740234375,0,0,2
1767772381.3984728,16137296052353762183,0,1,1,58,2,25,2,3,2,79789,4784.58740234375,0,0,3
1767772381.3984728,16137296052353762183,0,2,19,2,13,0,0,4,3,84306,236.94192504882812,0,0,1
1767772381.3984728,16137296052353762183,0,3,8,58,1,4,2,3,2,81029,4831.4365234375,0,0,3
1767772381.3984728,16137296052353762183,0,4,7,58,12,6,2,3,2,80379,4829.19775390625,0,0,3
1767772381.3984728,16137296052353762183,0,5,12,58,8,0,2,3,2,81216,4857.998046875,0,0,3
1767772381.3984728,16137296052353762183,0,6,13,58,10,0,2,3,2,81244,4858.51025390625,0,0,3
1767772381.3984728,16137296052353762183,0,7,4,58,5,12,2,3,2,79829,4800.7900390625,0,0,3
1767772381.3984728,16137296052353762183,0,8,11,58,16,0,2,3,2,81058,4857.7373046875,0,0,3
1767772381.3984728,16137296052353762183,0,9,2,58,4,18,2,3,2,80084,4789.87158203125,0,0,3
1767772381.3984728,16137296052353762183,0,10,14,58,19,0,2,3,2,81334,4865.17431640625,0,0,3
1767772381.3984728,16137296052353762183,0,11,15,58,14,0,2,3,2,81371,4865.95361328125,0,0,3
1767772381.3984728,16137296052353762183,0,12,3,58,3,15,2,3,2,80300,4799.7841796875,0,0,3
1767772381.3984728,16137296052353762183,0,13,9,58,11,2,3,3,2,80304,4841.787109375,0,0,4
1767772381.3984728,16137296052353762183,0,14,6,58,7,8,2,3,2,80776,4828.75390625,0,0,3
1767772381.3984728,16137296052353762183,0,15,16,57,9,0,2,3,2,82328,4802.5205078125,0,0,3
1767772381.3984728,16137296052353762183,0,16,10,58,20,1,3,3,2,80828,4854.45361328125,0,0,4
1767772381.3984728,16137296052353762183,0,17,5,58,6,10,2,3,2,80548,4808.76904296875,0,0,3
1767772381.3984728,16137296052353762183,0,18,18,9,17,0,0,4,3,83068,788.0690307617188,0,0,1
1767772381.3984728,16137296052353762183,0,19,20,0,18,0,0,4,1,0,4964.653981829062,0,0,1
1767772381.3984728,16137296052353762183,0,20,0,0,0,0,0,0,0,0,0.0,0,0,0
1767772381.3984728,16137296052353762183,0,21,0,0,0,0,0,0,0,0,0.0,0,0,0
1767772386.405959,16137296052353762183,0,0,17,33,15,0,1,4,3,82326,2862.583740234375,0,0,2
1767772386.405959,16137296052353762183,0,1,1,58,2,25,2,3,2,79789,4784.58740234375,0,0,3
1767772386.405959,16137296052353762183,0,2,19,2,13,0,0,4,3,84306,236.94192504882812,0,0,1
1767772386.405959,16137296052353762183,0,3,8,58,1,4,2,3,2,81029,4831.4365234375,0,0,3
1767772386.405959,16137296052353762183,0,4,7,58,12,6,2,3,2,80379,4829.19775390625,0,0,3
1767772386.405959,16137296052353762183,0,5,12,58,8,0,2,3,2,81216,4857.998046875,0,0,3
1767772386.405959,16137296052353762183,0,6,13,58,10,0,2,3,2,81244,4858.51025390625,0,0,3
1767772386.405959,16137296052353762183,0,7,4,58,5,12,2,3,2,79829,4800.7900390625,0,0,3
1767772386.405959,16137296052353762183,0,8,11,58,16,0,2,3,2,81058,4857.7373046875,0,0,3
1767772386.405959,16137296052353762183,0,9,2,58,4,18,2,3,2,80084,4789.87158203125,0,0,3
1767772386.405959,16137296052353762183,0,10,14,58,19,0,2,3,2,81334,4865.17431640625,0,0,3
1767772386.405959,16137296052353762183,0,11,15,58,14,0,2,3,2,81371,4865.95361328125,0,0,3
1767772386.405959,16137296052353762183,0,12,3,58,3,15,2,3,2,80300,4799.7841796875,0,0,3
1767772386.405959,16137296052353762183,0,13,9,58,11,2,3,3,2,80304,4841.787109375,0,0,4
1767772386.405959,16137296052353762183,0,14,6,58,7,8,2,3,2,80776,4828.75390625,0,0,3
1767772386.405959,16137296052353762183,0,15,16,57,9,0,2,3,2,82328,4802.5205078125,0,0,3
1767772386.405959,16137296052353762183,0,16,10,58,20,1,3,3,2,80828,4854.45361328125,0,0,4
1767772386.405959,16137296052353762183,0,17,5,58,6,10,2,3,2,80548,4808.76904296875,0,0,3
1767772386.405959,16137296052353762183,0,18,18,9,17,0,0,4,3,83068,788.0690307617188,0,0,1
1767772386.405959,16137296052353762183,0,19,20,0,18,0,0,4,1,0,4964.653981829062,0,0,1
1767772386.405959,16137296052353762183,0,20,0,0,0,0,0,0,0,0,0.0,0,0,0
1767772386.405959,16137296052353762183,0,21,0,0,0,0,0,0,0,0,0.0,0,0,0
1767772391.416483,16137296052353762183,0,0,17,33,15,0,1,4,3,82326,2862.583740234375,0,0,2
1767772391.416483,16137296052353762183,0,1,1,58,2,25,2,3,2,79789,4784.58740234375,0,0,3
1767772391.416483,16137296052353762183,0,2,19,2,13,0,0,4,3,84306,236.94192504882812,0,0,1
1767772391.416483,16137296052353762183,0,3,8,58,1,4,2,3,2,81029,4831.4365234375,0,0,3
1767772391.416483,16137296052353762183,0,4,7,58,12,6,2,3,2,80379,4829.19775390625,0,0,3
1767772391.416483,16137296052353762183,0,5,12,58,8,0,2,3,2,81216,4857.998046875,0,0,3
1767772391.416483,16137296052353762183,0,6,13,58,10,0,2,3,2,81244,4858.51025390625,0,0,3
1767772391.416483,16137296052353762183,0,7,4,58,5,12,2,3,2,79829,4800.7900390625,0,0,3
1767772391.416483,16137296052353762183,0,8,11,58,16,0,2,3,2,81058,4857.7373046875,0,0,3
1767772391.416483,16137296052353762183,0,9,2,58,4,18,2,3,2,80084,4789.87158203125,0,0,3
1767772391.416483,16137296052353762183,0,10,14,58,19,0,2,3,2,81334,4865.17431640625,0,0,3
1767772391.416483,16137296052353762183,0,11,15,58,14,0,2,3,2,81371,4865.95361328125,0,0,3
1767772391.416483,16137296052353762183,0,12,3,58,3,15,2,3,2,80300,4799.7841796875,0,0,3
1767772391.416483,16137296052353762183,0,13,9,58,11,2,3,3,2,80304,4841.787109375,0,0,4
1767772391.416483,16137296052353762183,0,14,6,58,7,8,2,3,2,80776,4828.75390625,0,0,3
1767772391.416483,16137296052353762183,0,15,16,57,9,0,2,3,2,82328,4802.5205078125,0,0,3
1767772391.416483,16137296052353762183,0,16,10,58,20,1,3,3,2,80828,4854.45361328125,0,0,4
1767772391.416483,16137296052353762183,0,17,5,58,6,10,2,3,2,80548,4808.76904296875,0,0,3
1767772391.416483,16137296052353762183,0,18,18,9,17,0,0,4,3,83068,788.0690307617188,0,0,1
1767772391.416483,16137296052353762183,0,19,20,0,18,0,0,4,1,0,4964.653981829062,0,0,1
1767772391.416483,16137296052353762183,0,20,0,0,0,0,0,0,0,0,0.0,0,0,0
1767772391.416483,16137296052353762183,0,21,0,0,0,0,0,0,0,0,0.0,0,0,0
1767772396.4383106,16137296052353762183,0,0,17,33,15,0,1,4,3,82326,2862.583740234375,0,0,2
1767772396.4383106,16137296052353762183,0,1,1,58,2,25,2,3,2,79789,4784.58740234375,0,0,3
1767772396.4383106,16137296052353762183,0,2,19,2,13,0,0,4,3,84306,236.94192504882812,0,0,1
1767772396.4383106,16137296052353762183,0,3,8,58,1,4,2,3,2,81029,4831.4365234375,0,0,3
1767772396.4383106,16137296052353762183,0,4,7,58,12,6,2,3,2,80379,4829.19775390625,0,0,3
1767772396.4383106,16137296052353762183,0,5,12,58,8,0,2,3,2,81216,4857.998046875,0,0,3
1767772396.4383106,16137296052353762183,0,6,13,58,10,0,2,3,2,81244,4858.51025390625,0,0,3
1767772396.4383106,16137296052353762183,0,7,4,58,5,12,2,3,2,79829,4800.7900390625,0,0,3
1767772396.4383106,16137296052353762183,0,8,11,58,16,0,2,3,2,81058,4857.7373046875,0,0,3
1767772396.4383106,16137296052353762183,0,9,2,58,4,18,2,3,2,80084,4789.87158203125,0,0,3
1767772396.4383106,16137296052353762183,0,10,14,58,19,0,2,3,2,81334,4865.17431640625,0,0,3
1767772396.4383106,16137296052353762183,0,11,15,58,14,0,2,3,2,81371,4865.95361328125,0,0,3
1767772396.4383106,16137296052353762183,0,12,3,58,3,15,2,3,2,80300,4799.7841796875,0,0,3
1767772396.4383106,16137296052353762183,0,13,9,58,11,2,3,3,2,80304,4841.787109375,0,0,4
1767772396.4383106,16137296052353762183,0,14,6,58,7,8,2,3,2,80776,4828.75390625,0,0,3
1767772396.4383106,16137296052353762183,0,15,16,57,9,0,2,3,2,82328,4802.5205078125,0,0,3
1767772396.4383106,16137296052353762183,0,16,10,58,20,1,3,3,2,80828,4854.45361328125,0,0,4
1767772396.4383106,16137296052353762183,0,17,5,58,6,10,2,3,2,80548,4808.76904296875,0,0,3
1767772396.4383106,16137296052353762183,0,18,18,9,17,0,0,4,3,83068,788.0690307617188,0,0,1
1767772396.4383106,16137296052353762183,0,19,20,0,18,0,0,4,1,0,4964.653981829062,0,0,1
1767772396.4383106,16137296052353762183,0,20,0,0,0,0,0,0,0,0,0.0,0,0,0
1767772396.4383106,16137296052353762183,0,21,0,0,0,0,0,0,0,0,0.0,0,0,0
1767772401.442779,16137296052353762183,0,0,17,33,15,0,1,4,3,82326,2862.583740234375,0,0,2
1767772401.442779,16137296052353762183,0,1,1,58,2,25,2,3,2,79789,4784.58740234375,0,0,3
1767772401.442779,16137296052353762183,0,2,19,2,13,0,0,4,3,84306,236.94192504882812,0,0,1
1767772401.442779,16137296052353762183,0,3,8,58,1,4,2,3,2,81029,4831.4365234375,0,0,3
1767772401.442779,16137296052353762183,0,4,7,58,12,6,2,3,2,80379,4829.19775390625,0,0,3
1767772401.442779,16137296052353762183,0,5,12,58,8,0,2,3,2,81216,4857.998046875,0,0,3
1767772401.442779,16137296052353762183,0,6,13,58,10,0,2,3,2,81244,4858.51025390625,0,0,3
1767772401.442779,16137296052353762183,0,7,4,58,5,12,2,3,2,79829,4800.7900390625,0,0,3
1767772401.442779,16137296052353762183,0,8,11,58,16,0,2,3,2,81058,4857.7373046875,0,0,3
1767772401.442779,16137296052353762183,0,9,2,58,4,18,2,3,2,80084,4789.87158203125,0,0,3
1767772401.442779,16137296052353762183,0,10,14,58,19,0,2,3,2,81334,4865.17431640625,0,0,3
1767772401.442779,16137296052353762183,0,11,15,58,14,0,2,3,2,81371,4865.95361328125,0,0,3
1767772401.442779,16137296052353762183,0,12,3,58,3,15,2,3,2,80300,4799.7841796875,0,0,3
1767772401.442779,16137296052353762183,0,13,9,58,11,2,3,3,2,80304,4841.787109375,0,0,4
1767772401.442779,16137296052353762183,0,14,6,58,7,8,2,3,2,80776,4828.75390625,0,0,3
1767772401.442779,16137296052353762183,0,15,16,57,9,0,2,3,2,82328,4802.5205078125,0,0,3
1767772401.442779,16137296052353762183,0,16,10,58,20,1,3,3,2,80828,4854.45361328125,0,0,4
1767772401.442779,16137296052353762183,0,17,5,58,6,10,2,3,2,80548,4808.76904296875,0,0,3
1767772401.442779,16137296052353762183,0,18,18,9,17,0,0,4,3,83068,788.0690307617188,0,0,1
1767772401.442779,16137296052353762183,0,19,20,0,18,0,0,4,1,0,4964.653981829062,0,0,1
1767772401.442779,16137296052353762183,0,20,0,0,0,0,0,0,0,0,0.0,0,0,0
1767772401.442779,16137296052353762183,0,21,0,0,0,0,0,0,0,0,0.0,0,0,0
1767772406.4616532,16137296052353762183,0,0,17,33,15,0,1,4,3,82326,2862.583740234375,0,0,2
1767772406.4616532,16137296052353762183,0,1,1,58,2,25,2,3,2,79789,4784.58740234375,0,0,3
1767772406.4616532,16137296052353762183,0,2,19,2,13,0,0,4,3,84306,236.94192504882812,0,0,1
1767772406.4616532,16137296052353762183,0,3,8,58,1,4,2,3,2,81029,4831.4365234375,0,0,3
1767772406.4616532,16137296052353762183,0,4,7,58,12,6,2,3,2,80379,4829.19775390625,0,0,3
1767772406.4616532,16137296052353762183,0,5,12,58,8,0,2,3,2,81216,4857.998046875,0,0,3
1767772406.4616532,16137296052353762183,0,6,13,58,10,0,2,3,2,81244,4858.51025390625,0,0,3
1767772406.4616532,16137296052353762183,0,7,4,58,5,12,2,3,2,79829,4800.7900390625,0,0,3
1767772406.4616532,16137296052353762183,0,8,11,58,16,0,2,3,2,81058,4857.7373046875,0,0,3
1767772406.4616532,16137296052353762183,0,9,2,58,4,18,2,3,2,80084,4789.87158203125,0,0,3
1767772406.4616532,16137296052353762183,0,10,14,58,19,0,2,3,2,81334,4865.17431640625,0,0,3
1767772406.4616532,16137296052353762183,0,11,15,58,14,0,2,3,2,81371,4865.95361328125,0,0,3
1767772406.4616532,16137296052353762183,0,12,3,58,3,15,2,3,2,80300,4799.7841796875,0,0,3
1767772406.4616532,16137296052353762183,0,13,9,58,11,2,3,3,2,80304,4841.787109375,0,0,4
1767772406.4616532,16137296052353762183,0,14,6,58,7,8,2,3,2,80776,4828.75390625,0,0,3
1767772406.4616532,16137296052353762183,0,15,16,57,9,0,2,3,2,82328,4802.5205078125,0,0,3
1767772406.4616532,16137296052353762183,0,16,10,58,20,1,3,3,2,80828,4854.45361328125,0,0,4
1767772406.4616532,16137296052353762183,0,17,5,58,6,10,2,3,2,80548,4808.76904296875,0,0,3
1767772406.4616532,16137296052353762183,0,18,18,9,17,0,0,4,3,83068,788.0690307617188,0,0,1
1767772406.4616532,16137296052353762183,0,19,20,0,18,0,0,4,1,0,4964.653981829062,0,0,1
1767772406.4616532,16137296052353762183,0,20,0,0,0,0,0,0,0,0,0.0,0,0,0
1767772406.4616532,16137296052353762183,0,21,0,0,0,0,0,0,0,0,0.0,0,0,0
1767772411.4846165,16137296052353762183,0,0,17,33,15,0,1,4,3,82326,2862.583740234375,0,0,2
1767772411.4846165,16137296052353762183,0,1,1,58,2,25,2,3,2,79789,4784.58740234375,0,0,3
1767772411.4846165,16137296052353762183,0,2,19,2,13,0,0,4,3,84306,236.94192504882812,0,0,1
1767772411.4846165,16137296052353762183,0,3,8,58,1,4,2,3,2,81029,4831.4365234375,0,0,3
1767772411.4846165,16137296052353762183,0,4,7,58,12,6,2,3,2,80379,4829.19775390625,0,0,3
1767772411.4846165,16137296052353762183,0,5,12,58,8,0,2,3,2,81216,4857.998046875,0,0,3
1767772411.4846165,16137296052353762183,0,6,13,58,10,0,2,3,2,81244,4858.51025390625,0,0,3
1767772411.4846165,16137296052353762183,0,7,4,58,5,12,2,3,2,79829,4800.7900390625,0,0,3
1767772411.4846165,16137296052353762183,0,8,11,58,16,0,2,3,2,81058,4857.7373046875,0,0,3
1767772411.4846165,16137296052353762183,0,9,2,58,4,18,2,3,2,80084,4789.87158203125,0,0,3
1767772411.4846165,16137296052353762183,0,10,14,58,19,0,2,3,2,81334,4865.17431640625,0,0,3
1767772411.4846165,16137296052353762183,0,11,15,58,14,0,2,3,2,81371,4865.95361328125,0,0,3
1767772411.4846165,16137296052353762183,0,12,3,58,3,15,2,3,2,80300,4799.7841796875,0,0,3
1767772411.4846165,16137296052353762183,0,13,9,58,11,2,3,3,2,80304,4841.787109375,0,0,4
1767772411.4846165,16137296052353762183,0,14,6,58,7,8,2,3,2,80776,4828.75390625,0,0,3
1767772411.4846165,16137296052353762183,0,15,16,57,9,0,2,3,2,82328,4802.5205078125,0,0,3
1767772411.4846165,16137296052353762183,0,16,10,58,20,1,3,3,2,80828,4854.45361328125,0,0,4
1767772411.4846165,16137296052353762183,0,17,5,58,6,10,2,3,2,80548,4808.76904296875,0,0,3
1767772411.4846165,16137296052353762183,0,18,18,9,17,0,0,4,3,83068,788.0690307617188,0,0,1
1767772411.4846165,16137296052353762183,0,19,20,0,18,0,0,4,1,0,4964.653981829062,0,0,1
1767772411.4846165,16137296052353762183,0,20,0,0,0,0,0,0,0,0,0.0,0,0,0
1767772411.4846165,16137296052353762183,0,21,0,0,0,0,0,0,0,0,0.0,0,0,0
1767772416.4987154,16137296052353762183,0,0,17,33,15,0,1,4,3,82326,2862.583740234375,0,0,2
1767772416.4987154,16137296052353762183,0,1,1,58,2,25,2,3,2,79789,4784.58740234375,0,0,3
1767772416.4987154,16137296052353762183,0,2,19,2,13,0,0,4,3,84306,236.94192504882812,0,0,1
1767772416.4987154,16137296052353762183,0,3,8,58,1,4,2,3,2,81029,4831.4365234375,0,0,3
1767772416.4987154,16137296052353762183,0,4,7,58,12,6,2,3,2,80379,4829.19775390625,0,0,3
1767772416.4987154,16137296052353762183,0,5,12,58,8,0,2,3,2,81216,4857.998046875,0,0,3
1767772416.4987154,16137296052353762183,0,6,13,58,10,0,2,3,2,81244,4858.51025390625,0,0,3
1767772416.4987154,16137296052353762183,0,7,4,58,5,12,2,3,2,79829,4800.7900390625,0,0,3
1767772416.4987154,16137296052353762183,0,8,11,58,16,0,2,3,2,81058,4857.7373046875,0,0,3
1767772416.4987154,16137296052353762183,0,9,2,58,4,18,2,3,2,80084,4789.87158203125,0,0,3
1767772416.4987154,16137296052353762183,0,10,14,58,19,0,2,3,2,81334,4865.17431640625,0,0,3
1767772416.4987154,16137296052353762183,0,11,15,58,14,0,2,3,2,81371,4865.95361328125,0,0,3
1767772416.4987154,16137296052353762183,0,12,3,58,3,15,2,3,2,80300,4799.7841796875,0,0,3
1767772416.4987154,16137296052353762183,0,13,9,58,11,2,3,3,2,80304,4841.787109375,0,0,4
1767772416.4987154,16137296052353762183,0,14,6,58,7,8,2,3,2,80776,4828.75390625,0,0,3
1767772416.4987154,16137296052353762183,0,15,16,57,9,0,2,3,2,82328,4802.5205078125,0,0,3
1767772416.4987154,16137296052353762183,0,16,10,58,20,1,3,3,2,80828,4854.45361328125,0,0,4
1767772416.4987154,16137296052353762183,0,17,5,58,6,10,2,3,2,80548,4808.76904296875,0,0,3
1767772416.4987154,16137296052353762183,0,18,18,9,17,0,0,4,3,83068,788.0690307617188,0,0,1
1767772416.4987154,16137296052353762183,0,19,20,0,18,0,0,4,1,0,4964.653981829062,0,0,1
1767772416.4987154,16137296052353762183,0,20,0,0,0,0,0,0,0,0,0.0,0,0,0
1767772416.4987154,16137296052353762183,0,21,0,0,0,0,0,0,0,0,0.0,0,0,0
1767772421.501081,16137296052353762183,0,0,17,33,15,0,1,4,3,82326,2862.583740234375,0,0,2
1767772421.501081,16137296052353762183,0,1,1,58,2,25,2,3,2,79789,4784.58740234375,0,0,3
1767772421.501081,16137296052353762183,0,2,19,2,13,0,0,4,3,84306,236.94192504882812,0,0,1
1767772421.501081,16137296052353762183,0,3,8,58,1,4,2,3,2,81029,4831.4365234375,0,0,3
1767772421.501081,16137296052353762183,0,4,7,58,12,6,2,3,2,80379,4829.19775390625,0,0,3
1767772421.501081,16137296052353762183,0,5,12,58,8,0,2,3,2,81216,4857.998046875,0,0,3
1767772421.501081,16137296052353762183,0,6,13,58,10,0,2,3,2,81244,4858.51025390625,0,0,3
1767772421.501081,16137296052353762183,0,7,4,58,5,12,2,3,2,79829,4800.7900390625,0,0,3
1767772421.501081,16137296052353762183,0,8,11,58,16,0,2,3,2,81058,4857.7373046875,0,0,3
1767772421.501081,16137296052353762183,0,9,2,58,4,18,2,3,2,80084,4789.87158203125,0,0,3
1767772421.501081,16137296052353762183,0,10,14,58,19,0,2,3,2,81334,4865.17431640625,0,0,3
1767772421.501081,16137296052353762183,0,11,15,58,14,0,2,3,2,81371,4865.95361328125,0,0,3
1767772421.501081,16137296052353762183,0,12,3,58,3,15,2,3,2,80300,4799.7841796875,0,0,3
1767772421.501081,16137296052353762183,0,13,9,58,11,2,3,3,2,80304,4841.787109375,0,0,4
1767772421.501081,16137296052353762183,0,14,6,58,7,8,2,3,2,80776,4828.75390625,0,0,3
1767772421.501081,16137296052353762183,0,15,16,57,9,0,2,3,2,82328,4802.5205078125,0,0,3
1767772421.501081,16137296052353762183,0,16,10,58,20,1,3,3,2,80828,4854.45361328125,0,0,4
1767772421.501081,16137296052353762183,0,17,5,58,6,10,2,3,2,80548,4808.76904296875,0,0,3
1767772421.501081,16137296052353762183,0,18,18,9,17,0,0,4,3,83068,788.0690307617188,0,0,1
1767772421.501081,16137296052353762183,0,19,20,0,18,0,0,4,1,0,4964.653981829062,0,0,1
1767772421.501081,16137296052353762183,0,20,0,0,0,0,0,0,0,0,0.0,0,0,0
1767772421.501081,16137296052353762183,0,21,0,0,0,0,0,0,0,0,0.0,0,0,0
1767772426.5014184,16137296052353762183,0,0,17,33,15,0,1,4,3,82326,2862.583740234375,0,0,2
1767772426.5014184,16137296052353762183,0,1,1,58,2,25,2,3,2,79789,4784.58740234375,0,0,3
1767772426.5014184,16137296052353762183,0,2,19,2,13,0,0,4,3,84306,236.94192504882812,0,0,1
1767772426.5014184,16137296052353762183,0,3,8,58,1,4,2,3,2,81029,4831.4365234375,0,0,3
1767772426.5014184,16137296052353762183,0,4,7,58,12,6,2,3,2,80379,4829.19775390625,0,0,3
1767772426.5014184,16137296052353762183,0,5,12,58,8,0,2,3,2,81216,4857.998046875,0,0,3
1767772426.5014184,16137296052353762183,0,6,13,58,10,0,2,3,2,81244,4858.51025390625,0,0,3
1767772426.5014184,16137296052353762183,0,7,4,58,5,12,2,3,2,79829,4800.7900390625,0,0,3
1767772426.5014184,16137296052353762183,0,8,11,58,16,0,2,3,2,81058,4857.7373046875,0,0,3
1767772426.5014184,16137296052353762183,0,9,2,58,4,18,2,3,2,80084,4789.87158203125,0,0,3
1767772426.5014184,16137296052353762183,0,10,14,58,19,0,2,3,2,81334,4865.17431640625,0,0,3
1767772426.5014184,16137296052353762183,0,11,15,58,14,0,2,3,2,81371,4865.95361328125,0,0,3
1767772426.5014184,16137296052353762183,0,12,3,58,3,15,2,3,2,80300,4799.7841796875,0,0,3
1767772426.5014184,16137296052353762183,0,13,9,58,11,2,3,3,2,80304,4841.787109375,0,0,4
1767772426.5014184,16137296052353762183,0,14,6,58,7,8,2,3,2,80776,4828.75390625,0,0,3
1767772426.5014184,16137296052353762183,0,15,16,57,9,0,2,3,2,82328,4802.5205078125,0,0,3
1767772426.5014184,16137296052353762183,0,16,10,58,20,1,3,3,2,80828,4854.45361328125,0,0,4
1767772426.5014184,16137296052353762183,0,17,5,58,6,10,2,3,2,80548,4808.76904296875,0,0,3
1767772426.5014184,16137296052353762183,0,18,18,9,17,0,0,4,3,83068,788.0690307617188,0,0,1
1767772426.5014184,16137296052353762183,0,19,20,0,18,0,0,4,1,0,4964.653981829062,0,0,1
1767772426.5014184,16137296052353762183,0,20,0,0,0,0,0,0,0,0,0.0,0,0,0
1767772426.5014184,16137296052353762183,0,21,0,0,0,0,0,0,0,0,0.0,0,0,0
1767772431.5069585,16137296052353762183,0,0,17,33,15,0,1,4,3,82326,2862.583740234375,0,0,2
1767772431.5069585,16137296052353762183,0,1,1,58,2,25,2,3,2,79789,4784.58740234375,0,0,3
1767772431.5069585,16137296052353762183,0,2,19,2,13,0,0,4,3,84306,236.94192504882812,0,0,1
1767772431.5069585,16137296052353762183,0,3,8,58,1,4,2,3,2,81029,4831.4365234375,0,0,3
1767772431.5069585,16137296052353762183,0,4,7,58,12,6,2,3,2,80379,4829.19775390625,0,0,3
1767772431.5069585,16137296052353762183,0,5,12,58,8,0,2,3,2,81216,4857.998046875,0,0,3
1767772431.5069585,16137296052353762183,0,6,13,58,10,0,2,3,2,81244,4858.51025390625,0,0,3
1767772431.5069585,16137296052353762183,0,7,4,58,5,12,2,3,2,79829,4800.7900390625,0,0,3
1767772431.5069585,16137296052353762183,0,8,11,58,16,0,2,3,2,81058,4857.7373046875,0,0,3
1767772431.5069585,16137296052353762183,0,9,2,58,4,18,2,3,2,80084,4789.87158203125,0,0,3
1767772431.5069585,16137296052353762183,0,10,14,58,19,0,2,3,2,81334,4865.17431640625,0,0,3
1767772431.5069585,16137296052353762183,0,11,15,58,14,0,2,3,2,81371,4865.95361328125,0,0,3
1767772431.5069585,16137296052353762183,0,12,3,58,3,15,2,3,2,80300,4799.7841796875,0,0,3
1767772431.5069585,16137296052353762183,0,13,9,58,11,2,3,3,2,80304,4841.787109375,0,0,4
1767772431.5069585,16137296052353762183,0,14,6,58,7,8,2,3,2,80776,4828.75390625,0,0,3
1767772431.5069585,16137296052353762183,0,15,16,57,9,0,2,3,2,82328,4802.5205078125,0,0,3
1767772431.5069585,16137296052353762183,0,16,10,58,20,1,3,3,2,80828,4854.45361328125,0,0,4
1767772431.5069585,16137296052353762183,0,17,5,58,6,10,2,3,2,80548,4808.76904296875,0,0,3
1767772431.5069585,16137296052353762183,0,18,18,9,17,0,0,4,3,83068,788.0690307617188,0,0,1
1767772431.5069585,16137296052353762183,0,19,20,0,18,0,0,4,1,0,4964.653981829062,0,0,1
1767772431.5069585,16137296052353762183,0,20,0,0,0,0,0,0,0,0,0.0,0,0,0
1767772431.5069585,16137296052353762183,0,21,0,0,0,0,0,0,0,0,0.0,0,0,0
1767772436.5085423,16137296052353762183,0,0,17,33,15,0,1,4,3,82326,2862.583740234375,0,0,2
1767772436.5085423,16137296052353762183,0,1,1,58,2,25,2,3,2,79789,4784.58740234375,0,0,3
1767772436.5085423,16137296052353762183,0,2,19,2,13,0,0,4,3,84306,236.94192504882812,0,0,1
1767772436.5085423,16137296052353762183,0,3,8,58,1,4,2,3,2,81029,4831.4365234375,0,0,3
1767772436.5085423,16137296052353762183,0,4,7,58,12,6,2,3,2,80379,4829.19775390625,0,0,3
1767772436.5085423,16137296052353762183,0,5,12,58,8,0,2,3,2,81216,4857.998046875,0,0,3
1767772436.5085423,16137296052353762183,0,6,13,58,10,0,2,3,2,81244,4858.51025390625,0,0,3
1767772436.5085423,16137296052353762183,0,7,4,58,5,12,2,3,2,79829,4800.7900390625,0,0,3
1767772436.5085423,16137296052353762183,0,8,11,58,16,0,2,3,2,81058,4857.7373046875,0,0,3
1767772436.5085423,16137296052353762183,0,9,2,58,4,18,2,3,2,80084,4789.87158203125,0,0,3
1767772436.5085423,16137296052353762183,0,10,14,58,19,0,2,3,2,81334,4865.17431640625,0,0,3
1767772436.5085423,16137296052353762183,0,11,15,58,14,0,2,3,2,81371,4865.95361328125,0,0,3
1767772436.5085423,16137296052353762183,0,12,3,58,3,15,2,3,2,80300,4799.7841796875,0,0,3
1767772436.5085423,16137296052353762183,0,13,9,58,11,2,3,3,2,80304,4841.787109375,0,0,4
1767772436.5085423,16137296052353762183,0,14,6,58,7,8,2,3,2,80776,4828.75390625,0,0,3
1767772436.5085423,16137296052353762183,0,15,16,57,9,0,2,3,2,82328,4802.5205078125,0,0,3
1767772436.5085423,16137296052353762183,0,16,10,58,20,1,3,3,2,80828,4854.45361328125,0,0,4
1767772436.5085423,16137296052353762183,0,17,5,58,6,10,2,3,2,80548,4808.76904296875,0,0,3
1767772436.5085423,16137296052353762183,0,18,18,9,17,0,0,4,3,83068,788.0690307617188,0,0,1
1767772436.5085423,16137296052353762183,0,19,20,0,18,0,0,4,1,0,4964.653981829062,0,0,1
1767772436.5085423,16137296052353762183,0,20,0,0,0,0,0,0,0,0,0.0,0,0,0
1767772436.5085423,16137296052353762183,0,21,0,0,0,0,0,0,0,0,0.0,0,0,0
1767772441.528668,16137296052353762183,0,0,17,33,15,0,1,4,3,82326,2862.583740234375,0,0,2
1767772441.528668,16137296052353762183,0,1,1,58,2,25,2,3,2,79789,4784.58740234375,0,0,3
1767772441.528668,16137296052353762183,0,2,19,2,13,0,0,4,3,84306,236.94192504882812,0,0,1
1767772441.528668,16137296052353762183,0,3,8,58,1,4,2,3,2,81029,4831.4365234375,0,0,3
1767772441.528668,16137296052353762183,0,4,7,58,12,6,2,3,2,80379,4829.19775390625,0,0,3
1767772441.528668,16137296052353762183,0,5,12,58,8,0,2,3,2,81216,4857.998046875,0,0,3
1767772441.528668,16137296052353762183,0,6,13,58,10,0,2,3,2,81244,4858.51025390625,0,0,3
1767772441.528668,16137296052353762183,0,7,4,58,5,12,2,3,2,79829,4800.7900390625,0,0,3
1767772441.528668,16137296052353762183,0,8,11,58,16,0,2,3,2,81058,4857.7373046875,0,0,3
1767772441.528668,16137296052353762183,0,9,2,58,4,18,2,3,2,80084,4789.87158203125,0,0,3
1767772441.528668,16137296052353762183,0,10,14,58,19,0,2,3,2,81334,4865.17431640625,0,0,3
1767772441.528668,16137296052353762183,0,11,15,58,14,0,2,3,2,81371,4865.95361328125,0,0,3
1767772441.528668,16137296052353762183,0,12,3,58,3,15,2,3,2,80300,4799.7841796875,0,0,3
1767772441.528668,16137296052353762183,0,13,9,58,11,2,3,3,2,80304,4841.787109375,0,0,4
1767772441.528668,16137296052353762183,0,14,6,58,7,8,2,3,2,80776,4828.75390625,0,0,3
1767772441.528668,16137296052353762183,0,15,16,57,9,0,2,3,2,82328,4802.5205078125,0,0,3
1767772441.528668,16137296052353762183,0,16,10,58,20,1,3,3,2,80828,4854.45361328125,0,0,4
1767772441.528668,16137296052353762183,0,17,5,58,6,10,2,3,2,80548,4808.76904296875,0,0,3
1767772441.528668,16137296052353762183,0,18,18,9,17,0,0,4,3,83068,788.0690307617188,0,0,1
1767772441.528668,16137296052353762183,0,19,20,0,18,0,0,4,1,0,4964.653981829062,0,0,1
1767772441.528668,16137296052353762183,0,20,0,0,0,0,0,0,0,0,0.0,0,0,0
1767772441.528668,16137296052353762183,0,21,0,0,0,0,0,0,0,0,0.0,0,0,0
1767772446.545238,16137296052353762183,0,0,17,33,15,0,1,4,3,82326,2862.583740234375,0,0,2
1767772446.545238,16137296052353762183,0,1,1,58,2,25,2,3,2,79789,4784.58740234375,0,0,3
1767772446.545238,16137296052353762183,0,2,19,2,13,0,0,4,3,84306,236.94192504882812,0,0,1
1767772446.545238,16137296052353762183,0,3,8,58,1,4,2,3,2,81029,4831.4365234375,0,0,3
1767772446.545238,16137296052353762183,0,4,7,58,12,6,2,3,2,80379,4829.19775390625,0,0,3
1767772446.545238,16137296052353762183,0,5,12,58,8,0,2,3,2,81216,4857.998046875,0,0,3
1767772446.545238,16137296052353762183,0,6,13,58,10,0,2,3,2,81244,4858.51025390625,0,0,3
1767772446.545238,16137296052353762183,0,7,4,58,5,12,2,3,2,79829,4800.7900390625,0,0,3
1767772446.545238,16137296052353762183,0,8,11,58,16,0,2,3,2,81058,4857.7373046875,0,0,3
1767772446.545238,16137296052353762183,0,9,2,58,4,18,2,3,2,80084,4789.87158203125,0,0,3
1767772446.545238,16137296052353762183,0,10,14,58,19,0,2,3,2,81334,4865.17431640625,0,0,3
1767772446.545238,16137296052353762183,0,11,15,58,14,0,2,3,2,81371,4865.95361328125,0,0,3
1767772446.545238,16137296052353762183,0,12,3,58,3,15,2,3,2,80300,4799.7841796875,0,0,3
1767772446.545238,16137296052353762183,0,13,9,58,11,2,3,3,2,80304,4841.787109375,0,0,4
1767772446.545238,16137296052353762183,0,14,6,58,7,8,2,3,2,80776,4828.75390625,0,0,3
1767772446.545238,16137296052353762183,0,15,16,57,9,0,2,3,2,82328,4802.5205078125,0,0,3
1767772446.545238,16137296052353762183,0,16,10,58,20,1,3,3,2,80828,4854.45361328125,0,0,4
1767772446.545238,16137296052353762183,0,17,5,58,6,10,2,3,2,80548,4808.76904296875,0,0,3
1767772446.545238,16137296052353762183,0,18,18,9,17,0,0,4,3,83068,788.0690307617188,0,0,1
1767772446.545238,16137296052353762183,0,19,20,0,18,0,0,4,1,0,4964.653981829062,0,0,1
1767772446.545238,16137296052353762183,0,20,0,0,0,0,0,0,0,0,0.0,0,0,0
1767772446.545238,16137296052353762183,0,21,0,0,0,0,0,0,0,0,0.0,0,0,0
1767772451.566164,16137296052353762183,0,0,17,33,15,0,1,4,3,82326,2862.583740234375,0,0,2
1767772451.566164,16137296052353762183,0,1,1,58,2,25,2,3,2,79789,4784.58740234375,0,0,3
1767772451.566164,16137296052353762183,0,2,19,2,13,0,0,4,3,84306,236.94192504882812,0,0,1
1767772451.566164,16137296052353762183,0,3,8,58,1,4,2,3,2,81029,4831.4365234375,0,0,3
1767772451.566164,16137296052353762183,0,4,7,58,12,6,2,3,2,80379,4829.19775390625,0,0,3
1767772451.566164,16137296052353762183,0,5,12,58,8,0,2,3,2,81216,4857.998046875,0,0,3
1767772451.566164,16137296052353762183,0,6,13,58,10,0,2,3,2,81244,4858.51025390625,0,0,3
1767772451.566164,16137296052353762183,0,7,4,58,5,12,2,3,2,79829,4800.7900390625,0,0,3
1767772451.566164,16137296052353762183,0,8,11,58,16,0,2,3,2,81058,4857.7373046875,0,0,3
1767772451.566164,16137296052353762183,0,9,2,58,4,18,2,3,2,80084,4789.87158203125,0,0,3
1767772451.566164,16137296052353762183,0,10,14,58,19,0,2,3,2,81334,4865.17431640625,0,0,3
1767772451.566164,16137296052353762183,0,11,15,58,14,0,2,3,2,81371,4865.95361328125,0,0,3
1767772451.566164,16137296052353762183,0,12,3,58,3,15,2,3,2,80300,4799.7841796875,0,0,3
1767772451.566164,16137296052353762183,0,13,9,58,11,2,3,3,2,80304,4841.787109375,0,0,4
1767772451.566164,16137296052353762183,0,14,6,58,7,8,2,3,2,80776,4828.75390625,0,0,3
1767772451.566164,16137296052353762183,0,15,16,57,9,0,2,3,2,82328,4802.5205078125,0,0,3
1767772451.566164,16137296052353762183,0,16,10,58,20,1,3,3,2,80828,4854.45361328125,0,0,4
1767772451.566164,16137296052353762183,0,17,5,58,6,10,2,3,2,80548,4808.76904296875,0,0,3
1767772451.566164,16137296052353762183,0,18,18,9,17,0,0,4,3,83068,788.0690307617188,0,0,1
1767772451.566164,16137296052353762183,0,19,20,0,18,0,0,4,1,0,4964.653981829062,0,0,1
1767772451.566164,16137296052353762183,0,20,0,0,0,0,0,0,0,0,0.0,0,0,0
1767772451.566164,16137296052353762183,0,21,0,0,0,0,0,0,0,0,0.0,0,0,0
1767772456.587353,16137296052353762183,0,0,17,33,15,0,1,4,3,82326,2862.583740234375,0,0,2
1767772456.587353,16137296052353762183,0,1,1,58,2,25,2,3,2,79789,4784.58740234375,0,0,3
1767772456.587353,16137296052353762183,0,2,19,2,13,0,0,4,3,84306,236.94192504882812,0,0,1
1767772456.587353,16137296052353762183,0,3,8,58,1,4,2,3,2,81029,4831.4365234375,0,0,3
1767772456.587353,16137296052353762183,0,4,7,58,12,6,2,3,2,80379,4829.19775390625,0,0,3
1767772456.587353,16137296052353762183,0,5,12,58,8,0,2,3,2,81216,4857.998046875,0,0,3
1767772456.587353,16137296052353762183,0,6,13,58,10,0,2,3,2,81244,4858.51025390625,0,0,3
1767772456.587353,16137296052353762183,0,7,4,58,5,12,2,3,2,79829,4800.7900390625,0,0,3
1767772456.587353,16137296052353762183,0,8,11,58,16,0,2,3,2,81058,4857.7373046875,0,0,3
1767772456.587353,16137296052353762183,0,9,2,58,4,18,2,3,2,80084,4789.87158203125,0,0,3
1767772456.587353,16137296052353762183,0,10,14,58,19,0,2,3,2,81334,4865.17431640625,0,0,3
1767772456.587353,16137296052353762183,0,11,15,58,14,0,2,3,2,81371,4865.95361328125,0,0,3
1767772456.587353,16137296052353762183,0,12,3,58,3,15,2,3,2,80300,4799.7841796875,0,0,3
1767772456.587353,16137296052353762183,0,13,9,58,11,2,3,3,2,80304,4841.787109375,0,0,4
1767772456.587353,16137296052353762183,0,14,6,58,7,8,2,3,2,80776,4828.75390625,0,0,3
1767772456.587353,16137296052353762183,0,15,16,57,9,0,2,3,2,82328,4802.5205078125,0,0,3
1767772456.587353,16137296052353762183,0,16,10,58,20,1,3,3,2,80828,4854.45361328125,0,0,4
1767772456.587353,16137296052353762183,0,17,5,58,6,10,2,3,2,80548,4808.76904296875,0,0,3
1767772456.587353,16137296052353762183,0,18,18,9,17,0,0,4,3,83068,788.0690307617188,0,0,1
1767772456.587353,16137296052353762183,0,19,20,0,18,0,0,4,1,0,4964.653981829062,0,0,1
1767772456.587353,16137296052353762183,0,20,0,0,0,0,0,0,0,0,0.0,0,0,0
1767772456.587353,16137296052353762183,0,21,0,0,0,0,0,0,0,0,0.0,0,0,0
1767772461.5917299,16137296052353762183,0,0,17,33,15,0,1,4,3,82326,2862.583740234375,0,0,2
1767772461.5917299,16137296052353762183,0,1,1,58,2,25,2,3,2,79789,4784.58740234375,0,0,3
1767772461.5917299,16137296052353762183,0,2,19,2,13,0,0,4,3,84306,236.94192504882812,0,0,1
1767772461.5917299,16137296052353762183,0,3,8,58,1,4,2,3,2,81029,4831.4365234375,0,0,3
1767772461.5917299,16137296052353762183,0,4,7,58,12,6,2,3,2,80379,4829.19775390625,0,0,3
1767772461.5917299,16137296052353762183,0,5,12,58,8,0,2,3,2,81216,4857.998046875,0,0,3
1767772461.5917299,16137296052353762183,0,6,13,58,10,0,2,3,2,81244,4858.51025390625,0,0,3
1767772461.5917299,16137296052353762183,0,7,4,58,5,12,2,3,2,79829,4800.7900390625,0,0,3
1767772461.5917299,16137296052353762183,0,8,11,58,16,0,2,3,2,81058,4857.7373046875,0,0,3
1767772461.5917299,16137296052353762183,0,9,2,58,4,18,2,3,2,80084,4789.87158203125,0,0,3
1767772461.5917299,16137296052353762183,0,10,14,58,19,0,2,3,2,81334,4865.17431640625,0,0,3
1767772461.5917299,16137296052353762183,0,11,15,58,14,0,2,3,2,81371,4865.95361328125,0,0,3
1767772461.5917299,16137296052353762183,0,12,3,58,3,15,2,3,2,80300,4799.7841796875,0,0,3
1767772461.5917299,16137296052353762183,0,13,9,58,11,2,3,3,2,80304,4841.787109375,0,0,4
1767772461.5917299,16137296052353762183,0,14,6,58,7,8,2,3,2,80776,4828.75390625,0,0,3
1767772461.5917299,16137296052353762183,0,15,16,57,9,0,2,3,2,82328,4802.5205078125,0,0,3
1767772461.5917299,16137296052353762183,0,16,10,58,20,1,3,3,2,80828,4854.45361328125,0,0,4
1767772461.5917299,16137296052353762183,0,17,5,58,6,10,2,3,2,80548,4808.76904296875,0,0,3
1767772461.5917299,16137296052353762183,0,18,18,9,17,0,0,4,3,83068,788.0690307617188,0,0,1
1767772461.5917299,16137296052353762183,0,19,20,0,18,0,0,4,1,0,4964.653981829062,0,0,1
1767772461.5917299,16137296052353762183,0,20,0,0,0,0,0,0,0,0,0.0,0,0,0
1767772461.5917299,16137296052353762183,0,21,0,0,0,0,0,0,0,0,0.0,0,0,0
1767772466.6142378,16137296052353762183,0,0,17,33,15,0,1,4,3,82326,2862.583740234375,0,0,2
1767772466.6142378,16137296052353762183,0,1,1,58,2,25,2,3,2,79789,4784.58740234375,0,0,3
1767772466.6142378,16137296052353762183,0,2,19,2,13,0,0,4,3,84306,236.94192504882812,0,0,1
1767772466.6142378,16137296052353762183,0,3,8,58,1,4,2,3,2,81029,4831.4365234375,0,0,3
1767772466.6142378,16137296052353762183,0,4,7,58,12,6,2,3,2,80379,4829.19775390625,0,0,3
1767772466.6142378,16137296052353762183,0,5,12,58,8,0,2,3,2,81216,4857.998046875,0,0,3
1767772466.6142378,16137296052353762183,0,6,13,58,10,0,2,3,2,81244,4858.51025390625,0,0,3
1767772466.6142378,16137296052353762183,0,7,4,58,5,12,2,3,2,79829,4800.7900390625,0,0,3
1767772466.6142378,16137296052353762183,0,8,11,58,16,0,2,3,2,81058,4857.7373046875,0,0,3
1767772466.6142378,16137296052353762183,0,9,2,58,4,18,2,3,2,80084,4789.87158203125,0,0,3
1767772466.6142378,16137296052353762183,0,10,14,58,19,0,2,3,2,81334,4865.17431640625,0,0,3
1767772466.6142378,16137296052353762183,0,11,15,58,14,0,2,3,2,81371,4865.95361328125,0,0,3
1767772466.6142378,16137296052353762183,0,12,3,58,3,15,2,3,2,80300,4799.7841796875,0,0,3
1767772466.6142378,16137296052353762183,0,13,9,58,11,2,3,3,2,80304,4841.787109375,0,0,4
1767772466.6142378,16137296052353762183,0,14,6,58,7,8,2,3,2,80776,4828.75390625,0,0,3
1767772466.6142378,16137296052353762183,0,15,16,57,9,0,2,3,2,82328,4802.5205078125,0,0,3
1767772466.6142378,16137296052353762183,0,16,10,58,20,1,3,3,2,80828,4854.45361328125,0,0,4
1767772466.6142378,16137296052353762183,0,17,5,58,6,10,2,3,2,80548,4808.76904296875,0,0,3
1767772466.6142378,16137296052353762183,0,18,18,9,17,0,0,4,3,83068,788.0690307617188,0,0,1
1767772466.6142378,16137296052353762183,0,19,20,0,18,0,0,4,1,0,4964.653981829062,0,0,1
1767772466.6142378,16137296052353762183,0,20,0,0,0,0,0,0,0,0,0.0,0,0,0
1767772466.6142378,16137296052353762183,0,21,0,0,0,0,0,0,0,0,0.0,0,0,0
1767772471.6370337,16137296052353762183,0,0,17,33,15,0,1,4,3,82326,2862.583740234375,0,0,2
1767772471.6370337,16137296052353762183,0,1,1,58,2,25,2,3,2,79789,4784.58740234375,0,0,3
1767772471.6370337,16137296052353762183,0,2,19,2,13,0,0,4,3,84306,236.94192504882812,0,0,1
1767772471.6370337,16137296052353762183,0,3,8,58,1,4,2,3,2,81029,4831.4365234375,0,0,3
1767772471.6370337,16137296052353762183,0,4,7,58,12,6,2,3,2,80379,4829.19775390625,0,0,3
1767772471.6370337,16137296052353762183,0,5,12,58,8,0,2,3,2,81216,4857.998046875,0,0,3
1767772471.6370337,16137296052353762183,0,6,13,58,10,0,2,3,2,81244,4858.51025390625,0,0,3
1767772471.6370337,16137296052353762183,0,7,4,58,5,12,2,3,2,79829,4800.7900390625,0,0,3
1767772471.6370337,16137296052353762183,0,8,11,58,16,0,2,3,2,81058,4857.7373046875,0,0,3
1767772471.6370337,16137296052353762183,0,9,2,58,4,18,2,3,2,80084,4789.87158203125,0,0,3
1767772471.6370337,16137296052353762183,0,10,14,58,19,0,2,3,2,81334,4865.17431640625,0,0,3
1767772471.6370337,16137296052353762183,0,11,15,58,14,0,2,3,2,81371,4865.95361328125,0,0,3
1767772471.6370337,16137296052353762183,0,12,3,58,3,15,2,3,2,80300,4799.7841796875,0,0,3
1767772471.6370337,16137296052353762183,0,13,9,58,11,2,3,3,2,80304,4841.787109375,0,0,4
1767772471.6370337,16137296052353762183,0,14,6,58,7,8,2,3,2,80776,4828.75390625,0,0,3
1767772471.6370337,16137296052353762183,0,15,16,57,9,0,2,3,2,82328,4802.5205078125,0,0,3
1767772471.6370337,16137296052353762183,0,16,10,58,20,1,3,3,2,80828,4854.45361328125,0,0,4
1767772471.6370337,16137296052353762183,0,17,5,58,6,10,2,3,2,80548,4808.76904296875,0,0,3
1767772471.6370337,16137296052353762183,0,18,18,9,17,0,0,4,3,83068,788.0690307617188,0,0,1
1767772471.6370337,16137296052353762183,0,19,20,0,18,0,0,4,1,0,4964.653981829062,0,0,1
1767772471.6370337,16137296052353762183,0,20,0,0,0,0,0,0,0,0,0.0,0,0,0
1767772471.6370337,16137296052353762183,0,21,0,0,0,0,0,0,0,0,0.0,0,0,0
1767772476.6612525,16137296052353762183,0,0,17,33,15,0,1,4,3,82326,2862.583740234375,0,0,2
1767772476.6612525,16137296052353762183,0,1,1,58,2,25,2,3,2,79789,4784.58740234375,0,0,3
1767772476.6612525,16137296052353762183,0,2,19,2,13,0,0,4,3,84306,236.94192504882812,0,0,1
1767772476.6612525,16137296052353762183,0,3,8,58,1,4,2,3,2,81029,4831.4365234375,0,0,3
1767772476.6612525,16137296052353762183,0,4,7,58,12,6,2,3,2,80379,4829.19775390625,0,0,3
1767772476.6612525,16137296052353762183,0,5,12,58,8,0,2,3,2,81216,4857.998046875,0,0,3
1767772476.6612525,16137296052353762183,0,6,13,58,10,0,2,3,2,81244,4858.51025390625,0,0,3
1767772476.6612525,16137296052353762183,0,7,4,58,5,12,2,3,2,79829,4800.7900390625,0,0,3
1767772476.6612525,16137296052353762183,0,8,11,58,16,0,2,3,2,81058,4857.7373046875,0,0,3
1767772476.6612525,16137296052353762183,0,9,2,58,4,18,2,3,2,80084,4789.87158203125,0,0,3
1767772476.6612525,16137296052353762183,0,10,14,58,19,0,2,3,2,81334,4865.17431640625,0,0,3
1767772476.6612525,16137296052353762183,0,11,15,58,14,0,2,3,2,81371,4865.95361328125,0,0,3
1767772476.6612525,16137296052353762183,0,12,3,58,3,15,2,3,2,80300,4799.7841796875,0,0,3
1767772476.6612525,16137296052353762183,0,13,9,58,11,2,3,3,2,80304,4841.787109375,0,0,4
1767772476.6612525,16137296052353762183,0,14,6,58,7,8,2,3,2,80776,4828.75390625,0,0,3
1767772476.6612525,16137296052353762183,0,15,16,57,9,0,2,3,2,82328,4802.5205078125,0,0,3
1767772476.6612525,16137296052353762183,0,16,10,58,20,1,3,3,2,80828,4854.45361328125,0,0,4
1767772476.6612525,16137296052353762183,0,17,5,58,6,10,2,3,2,80548,4808.76904296875,0,0,3
1767772476.6612525,16137296052353762183,0,18,18,9,17,0,0,4,3,83068,788.0690307617188,0,0,1
1767772476.6612525,16137296052353762183,0,19,20,0,18,0,0,4,1,0,4964.653981829062,0,0,1
1767772476.6612525,16137296052353762183,0,20,0,0,0,0,0,0,0,0,0.0,0,0,0
1767772476.6612525,16137296052353762183,0,21,0,0,0,0,0,0,0,0,0.0,0,0,0
1767772481.665003,16137296052353762183,0,0,17,33,15,0,1,4,3,82326,2862.583740234375,0,0,2
1767772481.665003,16137296052353762183,0,1,1,58,2,25,2,3,2,79789,4784.58740234375,0,0,3
1767772481.665003,16137296052353762183,0,2,19,2,13,0,0,4,3,84306,236.94192504882812,0,0,1
1767772481.665003,16137296052353762183,0,3,8,58,1,4,2,3,2,81029,4831.4365234375,0,0,3
1767772481.665003,16137296052353762183,0,4,7,58,12,6,2,3,2,80379,4829.19775390625,0,0,3
1767772481.665003,16137296052353762183,0,5,12,58,8,0,2,3,2,81216,4857.998046875,0,0,3
1767772481.665003,16137296052353762183,0,6,13,58,10,0,2,3,2,81244,4858.51025390625,0,0,3
1767772481.665003,16137296052353762183,0,7,4,58,5,12,2,3,2,79829,4800.7900390625,0,0,3
1767772481.665003,16137296052353762183,0,8,11,58,16,0,2,3,2,81058,4857.7373046875,0,0,3
1767772481.665003,16137296052353762183,0,9,2,58,4,18,2,3,2,80084,4789.87158203125,0,0,3
1767772481.665003,16137296052353762183,0,10,14,58,19,0,2,3,2,81334,4865.17431640625,0,0,3
1767772481.665003,16137296052353762183,0,11,15,58,14,0,2,3,2,81371,4865.95361328125,0,0,3
1767772481.665003,16137296052353762183,0,12,3,58,3,15,2,3,2,80300,4799.7841796875,0,0,3
1767772481.665003,16137296052353762183,0,13,9,58,11,2,3,3,2,80304,4841.787109375,0,0,4
1767772481.665003,16137296052353762183,0,14,6,58,7,8,2,3,2,80776,4828.75390625,0,0,3
1767772481.665003,16137296052353762183,0,15,16,57,9,0,2,3,2,82328,4802.5205078125,0,0,3
1767772481.665003,16137296052353762183,0,16,10,58,20,1,3,3,2,80828,4854.45361328125,0,0,4
1767772481.665003,16137296052353762183,0,17,5,58,6,10,2,3,2,80548,4808.76904296875,0,0,3
1767772481.665003,16137296052353762183,0,18,18,9,17,0,0,4,3,83068,788.0690307617188,0,0,1
1767772481.665003,16137296052353762183,0,19,20,0,18,0,0,4,1,0,4964.653981829062,0,0,1
1767772481.665003,16137296052353762183,0,20,0,0,0,0,0,0,0,0,0.0,0,0,0
1767772481.665003,16137296052353762183,0,21,0,0,0,0,0,0,0,0,0.0,0,0,0
1767772486.672864,16137296052353762183,0,0,17,33,15,0,1,4,3,82326,2862.583740234375,0,0,2
1767772486.672864,16137296052353762183,0,1,1,58,2,25,2,3,2,79789,4784.58740234375,0,0,3
1767772486.672864,16137296052353762183,0,2,19,2,13,0,0,4,3,84306,236.94192504882812,0,0,1
1767772486.672864,16137296052353762183,0,3,8,58,1,4,2,3,2,81029,4831.4365234375,0,0,3
1767772486.672864,16137296052353762183,0,4,7,58,12,6,2,3,2,80379,4829.19775390625,0,0,3
1767772486.672864,16137296052353762183,0,5,12,58,8,0,2,3,2,81216,4857.998046875,0,0,3
1767772486.672864,16137296052353762183,0,6,13,58,10,0,2,3,2,81244,4858.51025390625,0,0,3
1767772486.672864,16137296052353762183,0,7,4,58,5,12,2,3,2,79829,4800.7900390625,0,0,3
1767772486.672864,16137296052353762183,0,8,11,58,16,0,2,3,2,81058,4857.7373046875,0,0,3
1767772486.672864,16137296052353762183,0,9,2,58,4,18,2,3,2,80084,4789.87158203125,0,0,3
1767772486.672864,16137296052353762183,0,10,14,58,19,0,2,3,2,81334,4865.17431640625,0,0,3
1767772486.672864,16137296052353762183,0,11,15,58,14,0,2,3,2,81371,4865.95361328125,0,0,3
1767772486.672864,16137296052353762183,0,12,3,58,3,15,2,3,2,80300,4799.7841796875,0,0,3
1767772486.672864,16137296052353762183,0,13,9,58,11,2,3,3,2,80304,4841.787109375,0,0,4
1767772486.672864,16137296052353762183,0,14,6,58,7,8,2,3,2,80776,4828.75390625,0,0,3
1767772486.672864,16137296052353762183,0,15,16,57,9,0,2,3,2,82328,4802.5205078125,0,0,3
1767772486.672864,16137296052353762183,0,16,10,58,20,1,3,3,2,80828,4854.45361328125,0,0,4
1767772486.672864,16137296052353762183,0,17,5,58,6,10,2,3,2,80548,4808.76904296875,0,0,3
1767772486.672864,16137296052353762183,0,18,18,9,17,0,0,4,3,83068,788.0690307617188,0,0,1
1767772486.672864,16137296052353762183,0,19,20,0,18,0,0,4,1,0,4964.653981829062,0,0,1
1767772486.672864,16137296052353762183,0,20,0,0,0,0,0,0,0,0,0.0,0,0,0
1767772486.672864,16137296052353762183,0,21,0,0,0,0,0,0,0,0,0.0,0,0,0
1767772491.6930926,16137296052353762183,0,0,17,33,15,0,1,4,3,82326,2862.583740234375,0,0,2
1767772491.6930926,16137296052353762183,0,1,1,58,2,25,2,3,2,79789,4784.58740234375,0,0,3
1767772491.6930926,16137296052353762183,0,2,19,2,13,0,0,4,3,84306,236.94192504882812,0,0,1
1767772491.6930926,16137296052353762183,0,3,8,58,1,4,2,3,2,81029,4831.4365234375,0,0,3
1767772491.6930926,16137296052353762183,0,4,7,58,12,6,2,3,2,80379,4829.19775390625,0,0,3
1767772491.6930926,16137296052353762183,0,5,12,58,8,0,2,3,2,81216,4857.998046875,0,0,3
1767772491.6930926,16137296052353762183,0,6,13,58,10,0,2,3,2,81244,4858.51025390625,0,0,3
1767772491.6930926,16137296052353762183,0,7,4,58,5,12,2,3,2,79829,4800.7900390625,0,0,3
1767772491.6930926,16137296052353762183,0,8,11,58,16,0,2,3,2,81058,4857.7373046875,0,0,3
1767772491.6930926,16137296052353762183,0,9,2,58,4,18,2,3,2,80084,4789.87158203125,0,0,3
1767772491.6930926,16137296052353762183,0,10,14,58,19,0,2,3,2,81334,4865.17431640625,0,0,3
1767772491.6930926,16137296052353762183,0,11,15,58,14,0,2,3,2,81371,4865.95361328125,0,0,3
1767772491.6930926,16137296052353762183,0,12,3,58,3,15,2,3,2,80300,4799.7841796875,0,0,3
1767772491.6930926,16137296052353762183,0,13,9,58,11,2,3,3,2,80304,4841.787109375,0,0,4
1767772491.6930926,16137296052353762183,0,14,6,58,7,8,2,3,2,80776,4828.75390625,0,0,3
1767772491.6930926,16137296052353762183,0,15,16,57,9,0,2,3,2,82328,4802.5205078125,0,0,3
1767772491.6930926,16137296052353762183,0,16,10,58,20,1,3,3,2,80828,4854.45361328125,0,0,4
1767772491.6930926,16137296052353762183,0,17,5,58,6,10,2,3,2,80548,4808.76904296875,0,0,3
1767772491.6930926,16137296052353762183,0,18,18,9,17,0,0,4,3,83068,788.0690307617188,0,0,1
1767772491.6930926,16137296052353762183,0,19,20,0,18,0,0,4,1,0,4964.653981829062,0,0,1
1767772491.6930926,16137296052353762183,0,20,0,0,0,0,0,0,0,0,0.0,0,0,0
1767772491.6930926,16137296052353762183,0,21,0,0,0,0,0,0,0,0,0.0,0,0,0
1767772496.7127752,16137296052353762183,0,0,17,33,15,0,1,4,3,82326,2862.583740234375,0,0,2
1767772496.7127752,16137296052353762183,0,1,1,58,2,25,2,3,2,79789,4784.58740234375,0,0,3
1767772496.7127752,16137296052353762183,0,2,19,2,13,0,0,4,3,84306,236.94192504882812,0,0,1
1767772496.7127752,16137296052353762183,0,3,8,58,1,4,2,3,2,81029,4831.4365234375,0,0,3
1767772496.7127752,16137296052353762183,0,4,7,58,12,6,2,3,2,80379,4829.19775390625,0,0,3
1767772496.7127752,16137296052353762183,0,5,12,58,8,0,2,3,2,81216,4857.998046875,0,0,3
1767772496.7127752,16137296052353762183,0,6,13,58,10,0,2,3,2,81244,4858.51025390625,0,0,3
1767772496.7127752,16137296052353762183,0,7,4,58,5,12,2,3,2,79829,4800.7900390625,0,0,3
1767772496.7127752,16137296052353762183,0,8,11,58,16,0,2,3,2,81058,4857.7373046875,0,0,3
1767772496.7127752,16137296052353762183,0,9,2,58,4,18,2,3,2,80084,4789.87158203125,0,0,3
1767772496.7127752,16137296052353762183,0,10,14,58,19,0,2,3,2,81334,4865.17431640625,0,0,3
1767772496.7127752,16137296052353762183,0,11,15,58,14,0,2,3,2,81371,4865.95361328125,0,0,3
1767772496.7127752,16137296052353762183,0,12,3,58,3,15,2,3,2,80300,4799.7841796875,0,0,3
1767772496.7127752,16137296052353762183,0,13,9,58,11,2,3,3,2,80304,4841.787109375,0,0,4
1767772496.7127752,16137296052353762183,0,14,6,58,7,8,2,3,2,80776,4828.75390625,0,0,3
1767772496.7127752,16137296052353762183,0,15,16,57,9,0,2,3,2,82328,4802.5205078125,0,0,3
1767772496.7127752,16137296052353762183,0,16,10,58,20,1,3,3,2,80828,4854.45361328125,0,0,4
1767772496.7127752,16137296052353762183,0,17,5,58,6,10,2,3,2,80548,4808.76904296875,0,0,3
1767772496.7127752,16137296052353762183,0,18,18,9,17,0,0,4,3,83068,788.0690307617188,0,0,1
1767772496.7127752,16137296052353762183,0,19,20,0,18,0,0,4,1,0,4964.653981829062,0,0,1
1767772496.7127752,16137296052353762183,0,20,0,0,0,0,0,0,0,0,0.0,0,0,0
1767772496.7127752,16137296052353762183,0,21,0,0,0,0,0,0,0,0,0.0,0,0,0
1767772501.7328773,16137296052353762183,0,0,17,33,15,0,1,4,3,82326,2862.583740234375,0,0,2
1767772501.7328773,16137296052353762183,0,1,1,58,2,25,2,3,2,79789,4784.58740234375,0,0,3
1767772501.7328773,16137296052353762183,0,2,19,2,13,0,0,4,3,84306,236.94192504882812,0,0,1
1767772501.7328773,16137296052353762183,0,3,8,58,1,4,2,3,2,81029,4831.4365234375,0,0,3
1767772501.7328773,16137296052353762183,0,4,7,58,12,6,2,3,2,80379,4829.19775390625,0,0,3
1767772501.7328773,16137296052353762183,0,5,12,58,8,0,2,3,2,81216,4857.998046875,0,0,3
1767772501.7328773,16137296052353762183,0,6,13,58,10,0,2,3,2,81244,4858.51025390625,0,0,3
1767772501.7328773,16137296052353762183,0,7,4,58,5,12,2,3,2,79829,4800.7900390625,0,0,3
1767772501.7328773,16137296052353762183,0,8,11,58,16,0,2,3,2,81058,4857.7373046875,0,0,3
1767772501.7328773,16137296052353762183,0,9,2,58,4,18,2,3,2,80084,4789.87158203125,0,0,3
1767772501.7328773,16137296052353762183,0,10,14,58,19,0,2,3,2,81334,4865.17431640625,0,0,3
1767772501.7328773,16137296052353762183,0,11,15,58,14,0,2,3,2,81371,4865.95361328125,0,0,3
1767772501.7328773,16137296052353762183,0,12,3,58,3,15,2,3,2,80300,4799.7841796875,0,0,3
1767772501.7328773,16137296052353762183,0,13,9,58,11,2,3,3,2,80304,4841.787109375,0,0,4
1767772501.7328773,16137296052353762183,0,14,6,58,7,8,2,3,2,80776,4828.75390625,0,0,3
1767772501.7328773,16137296052353762183,0,15,16,57,9,0,2,3,2,82328,4802.5205078125,0,0,3
1767772501.7328773,16137296052353762183,0,16,10,58,20,1,3,3,2,80828,4854.45361328125,0,0,4
1767772501.7328773,16137296052353762183,0,17,5,58,6,10,2,3,2,80548,4808.76904296875,0,0,3
1767772501.7328773,16137296052353762183,0,18,18,9,17,0,0,4,3,83068,788.0690307617188,0,0,1
1767772501.7328773,16137296052353762183,0,19,20,0,18,0,0,4,1,0,4964.653981829062,0,0,1
1767772501.7328773,16137296052353762183,0,20,0,0,0,0,0,0,0,0,0.0,0,0,0
1767772501.7328773,16137296052353762183,0,21,0,0,0,0,0,0,0,0,0.0,0,0,0
1767772506.737952,16137296052353762183,0,0,17,33,15,0,1,4,3,82326,2862.583740234375,0,0,2
1767772506.737952,16137296052353762183,0,1,1,58,2,25,2,3,2,79789,4784.58740234375,0,0,3
1767772506.737952,16137296052353762183,0,2,19,2,13,0,0,4,3,84306,236.94192504882812,0,0,1
1767772506.737952,16137296052353762183,0,3,8,58,1,4,2,3,2,81029,4831.4365234375,0,0,3
1767772506.737952,16137296052353762183,0,4,7,58,12,6,2,3,2,80379,4829.19775390625,0,0,3
1767772506.737952,16137296052353762183,0,5,12,58,8,0,2,3,2,81216,4857.998046875,0,0,3
1767772506.737952,16137296052353762183,0,6,13,58,10,0,2,3,2,81244,4858.51025390625,0,0,3
1767772506.737952,16137296052353762183,0,7,4,58,5,12,2,3,2,79829,4800.7900390625,0,0,3
1767772506.737952,16137296052353762183,0,8,11,58,16,0,2,3,2,81058,4857.7373046875,0,0,3
1767772506.737952,16137296052353762183,0,9,2,58,4,18,2,3,2,80084,4789.87158203125,0,0,3
1767772506.737952,16137296052353762183,0,10,14,58,19,0,2,3,2,81334,4865.17431640625,0,0,3
1767772506.737952,16137296052353762183,0,11,15,58,14,0,2,3,2,81371,4865.95361328125,0,0,3
1767772506.737952,16137296052353762183,0,12,3,58,3,15,2,3,2,80300,4799.7841796875,0,0,3
1767772506.737952,16137296052353762183,0,13,9,58,11,2,3,3,2,80304,4841.787109375,0,0,4
1767772506.737952,16137296052353762183,0,14,6,58,7,8,2,3,2,80776,4828.75390625,0,0,3
1767772506.737952,16137296052353762183,0,15,16,57,9,0,2,3,2,82328,4802.5205078125,0,0,3
1767772506.737952,16137296052353762183,0,16,10,58,20,1,3,3,2,80828,4854.45361328125,0,0,4
1767772506.737952,16137296052353762183,0,17,5,58,6,10,2,3,2,80548,4808.76904296875,0,0,3
1767772506.737952,16137296052353762183,0,18,18,9,17,0,0,4,3,83068,788.0690307617188,0,0,1
1767772506.737952,16137296052353762183,0,19,20,0,18,0,0,4,1,0,4964.653981829062,0,0,1
1767772506.737952,16137296052353762183,0,20,0,0,0,0,0,0,0,0,0.0,0,0,0
1767772506.737952,16137296052353762183,0,21,0,0,0,0,0,0,0,0,0.0,0,0,0
1767772511.739968,16137296052353762183,0,0,17,33,15,0,1,4,3,82326,2862.583740234375,0,0,2
1767772511.739968,16137296052353762183,0,1,1,58,2,25,2,3,2,79789,4784.58740234375,0,0,3
1767772511.739968,16137296052353762183,0,2,19,2,13,0,0,4,3,84306,236.94192504882812,0,0,1
1767772511.739968,16137296052353762183,0,3,8,58,1,4,2,3,2,81029,4831.4365234375,0,0,3
1767772511.739968,16137296052353762183,0,4,7,58,12,6,2,3,2,80379,4829.19775390625,0,0,3
1767772511.739968,16137296052353762183,0,5,12,58,8,0,2,3,2,81216,4857.998046875,0,0,3
1767772511.739968,16137296052353762183,0,6,13,58,10,0,2,3,2,81244,4858.51025390625,0,0,3
1767772511.739968,16137296052353762183,0,7,4,58,5,12,2,3,2,79829,4800.7900390625,0,0,3
1767772511.739968,16137296052353762183,0,8,11,58,16,0,2,3,2,81058,4857.7373046875,0,0,3
1767772511.739968,16137296052353762183,0,9,2,58,4,18,2,3,2,80084,4789.87158203125,0,0,3
1767772511.739968,16137296052353762183,0,10,14,58,19,0,2,3,2,81334,4865.17431640625,0,0,3
1767772511.739968,16137296052353762183,0,11,15,58,14,0,2,3,2,81371,4865.95361328125,0,0,3
1767772511.739968,16137296052353762183,0,12,3,58,3,15,2,3,2,80300,4799.7841796875,0,0,3
1767772511.739968,16137296052353762183,0,13,9,58,11,2,3,3,2,80304,4841.787109375,0,0,4
1767772511.739968,16137296052353762183,0,14,6,58,7,8,2,3,2,80776,4828.75390625,0,0,3
1767772511.739968,16137296052353762183,0,15,16,57,9,0,2,3,2,82328,4802.5205078125,0,0,3
1767772511.739968,16137296052353762183,0,16,10,58,20,1,3,3,2,80828,4854.45361328125,0,0,4
1767772511.739968,16137296052353762183,0,17,5,58,6,10,2,3,2,80548,4808.76904296875,0,0,3
1767772511.739968,16137296052353762183,0,18,18,9,17,0,0,4,3,83068,788.0690307617188,0,0,1
1767772511.739968,16137296052353762183,0,19,20,0,18,0,0,4,1,0,4964.653981829062,0,0,1
1767772511.739968,16137296052353762183,0,20,0,0,0,0,0,0,0,0,0.0,0,0,0
1767772511.739968,16137296052353762183,0,21,0,0,0,0,0,0,0,0,0.0,0,0,0
1767772516.7491639,16137296052353762183,0,0,17,33,15,0,1,4,3,82326,2862.583740234375,0,0,2
1767772516.7491639,16137296052353762183,0,1,1,58,2,25,2,3,2,79789,4784.58740234375,0,0,3
1767772516.7491639,16137296052353762183,0,2,19,2,13,0,0,4,3,84306,236.94192504882812,0,0,1
1767772516.7491639,16137296052353762183,0,3,8,58,1,4,2,3,2,81029,4831.4365234375,0,0,3
1767772516.7491639,16137296052353762183,0,4,7,58,12,6,2,3,2,80379,4829.19775390625,0,0,3
1767772516.7491639,16137296052353762183,0,5,12,58,8,0,2,3,2,81216,4857.998046875,0,0,3
1767772516.7491639,16137296052353762183,0,6,13,58,10,0,2,3,2,81244,4858.51025390625,0,0,3
1767772516.7491639,16137296052353762183,0,7,4,58,5,12,2,3,2,79829,4800.7900390625,0,0,3
1767772516.7491639,16137296052353762183,0,8,11,58,16,0,2,3,2,81058,4857.7373046875,0,0,3
1767772516.7491639,16137296052353762183,0,9,2,58,4,18,2,3,2,80084,4789.87158203125,0,0,3
1767772516.7491639,16137296052353762183,0,10,14,58,19,0,2,3,2,81334,4865.17431640625,0,0,3
1767772516.7491639,16137296052353762183,0,11,15,58,14,0,2,3,2,81371,4865.95361328125,0,0,3
1767772516.7491639,16137296052353762183,0,12,3,58,3,15,2,3,2,80300,4799.7841796875,0,0,3
1767772516.7491639,16137296052353762183,0,13,9,58,11,2,3,3,2,80304,4841.787109375,0,0,4
1767772516.7491639,16137296052353762183,0,14,6,58,7,8,2,3,2,80776,4828.75390625,0,0,3
1767772516.7491639,16137296052353762183,0,15,16,57,9,0,2,3,2,82328,4802.5205078125,0,0,3
1767772516.7491639,16137296052353762183,0,16,10,58,20,1,3,3,2,80828,4854.45361328125,0,0,4
1767772516.7491639,16137296052353762183,0,17,5,58,6,10,2,3,2,80548,4808.76904296875,0,0,3
1767772516.7491639,16137296052353762183,0,18,18,9,17,0,0,4,3,83068,788.0690307617188,0,0,1
1767772516.7491639,16137296052353762183,0,19,20,0,18,0,0,4,1,0,4964.653981829062,0,0,1
1767772516.7491639,16137296052353762183,0,20,0,0,0,0,0,0,0,0,0.0,0,0,0
1767772516.7491639,16137296052353762183,0,21,0,0,0,0,0,0,0,0,0.0,0,0,0
1767772521.752733,16137296052353762183,0,0,17,33,15,0,1,4,3,82326,2862.583740234375,0,0,2
1767772521.752733,16137296052353762183,0,1,1,58,2,25,2,3,2,79789,4784.58740234375,0,0,3
1767772521.752733,16137296052353762183,0,2,19,2,13,0,0,4,3,84306,236.94192504882812,0,0,1
1767772521.752733,16137296052353762183,0,3,8,58,1,4,2,3,2,81029,4831.4365234375,0,0,3
1767772521.752733,16137296052353762183,0,4,7,58,12,6,2,3,2,80379,4829.19775390625,0,0,3
1767772521.752733,16137296052353762183,0,5,12,58,8,0,2,3,2,81216,4857.998046875,0,0,3
1767772521.752733,16137296052353762183,0,6,13,58,10,0,2,3,2,81244,4858.51025390625,0,0,3
1767772521.752733,16137296052353762183,0,7,4,58,5,12,2,3,2,79829,4800.7900390625,0,0,3
1767772521.752733,16137296052353762183,0,8,11,58,16,0,2,3,2,81058,4857.7373046875,0,0,3
1767772521.752733,16137296052353762183,0,9,2,58,4,18,2,3,2,80084,4789.87158203125,0,0,3
1767772521.752733,16137296052353762183,0,10,14,58,19,0,2,3,2,81334,4865.17431640625,0,0,3
1767772521.752733,16137296052353762183,0,11,15,58,14,0,2,3,2,81371,4865.95361328125,0,0,3
1767772521.752733,16137296052353762183,0,12,3,58,3,15,2,3,2,80300,4799.7841796875,0,0,3
1767772521.752733,16137296052353762183,0,13,9,58,11,2,3,3,2,80304,4841.787109375,0,0,4
1767772521.752733,16137296052353762183,0,14,6,58,7,8,2,3,2,80776,4828.75390625,0,0,3
1767772521.752733,16137296052353762183,0,15,16,57,9,0,2,3,2,82328,4802.5205078125,0,0,3
1767772521.752733,16137296052353762183,0,16,10,58,20,1,3,3,2,80828,4854.45361328125,0,0,4
1767772521.752733,16137296052353762183,0,17,5,58,6,10,2,3,2,80548,4808.76904296875,0,0,3
1767772521.752733,16137296052353762183,0,18,18,9,17,0,0,4,3,83068,788.0690307617188,0,0,1
1767772521.752733,16137296052353762183,0,19,20,0,18,0,0,4,1,0,4964.653981829062,0,0,1
1767772521.752733,16137296052353762183,0,20,0,0,0,0,0,0,0,0,0.0,0,0,0
1767772521.752733,16137296052353762183,0,21,0,0,0,0,0,0,0,0,0.0,0,0,0
1767772526.7758539,16137296052353762183,0,0,17,33,15,0,1,4,3,82326,2862.583740234375,0,0,2
1767772526.7758539,16137296052353762183,0,1,1,58,2,25,2,3,2,79789,4784.58740234375,0,0,3
1767772526.7758539,16137296052353762183,0,2,19,2,13,0,0,4,3,84306,236.94192504882812,0,0,1
1767772526.7758539,16137296052353762183,0,3,8,58,1,4,2,3,2,81029,4831.4365234375,0,0,3
1767772526.7758539,16137296052353762183,0,4,7,58,12,6,2,3,2,80379,4829.19775390625,0,0,3
1767772526.7758539,16137296052353762183,0,5,12,58,8,0,2,3,2,81216,4857.998046875,0,0,3
1767772526.7758539,16137296052353762183,0,6,13,58,10,0,2,3,2,81244,4858.51025390625,0,0,3
1767772526.7758539,16137296052353762183,0,7,4,58,5,12,2,3,2,79829,4800.7900390625,0,0,3
1767772526.7758539,16137296052353762183,0,8,11,58,16,0,2,3,2,81058,4857.7373046875,0,0,3
1767772526.7758539,16137296052353762183,0,9,2,58,4,18,2,3,2,80084,4789.87158203125,0,0,3
1767772526.7758539,16137296052353762183,0,10,14,58,19,0,2,3,2,81334,4865.17431640625,0,0,3
1767772526.7758539,16137296052353762183,0,11,15,58,14,0,2,3,2,81371,4865.95361328125,0,0,3
1767772526.7758539,16137296052353762183,0,12,3,58,3,15,2,3,2,80300,4799.7841796875,0,0,3
1767772526.7758539,16137296052353762183,0,13,9,58,11,2,3,3,2,80304,4841.787109375,0,0,4
1767772526.7758539,16137296052353762183,0,14,6,58,7,8,2,3,2,80776,4828.75390625,0,0,3
1767772526.7758539,16137296052353762183,0,15,16,57,9,0,2,3,2,82328,4802.5205078125,0,0,3
1767772526.7758539,16137296052353762183,0,16,10,58,20,1,3,3,2,80828,4854.45361328125,0,0,4
1767772526.7758539,16137296052353762183,0,17,5,58,6,10,2,3,2,80548,4808.76904296875,0,0,3
1767772526.7758539,16137296052353762183,0,18,18,9,17,0,0,4,3,83068,788.0690307617188,0,0,1
1767772526.7758539,16137296052353762183,0,19,20,0,18,0,0,4,1,0,4964.653981829062,0,0,1
1767772526.7758539,16137296052353762183,0,20,0,0,0,0,0,0,0,0,0.0,0,0,0
1767772526.7758539,16137296052353762183,0,21,0,0,0,0,0,0,0,0,0.0,0,0,0
1767772531.784294,16137296052353762183,0,0,17,33,15,0,1,4,3,82326,2862.583740234375,0,0,2
1767772531.784294,16137296052353762183,0,1,1,58,2,25,2,3,2,79789,4784.58740234375,0,0,3
1767772531.784294,16137296052353762183,0,2,19,2,13,0,0,4,3,84306,236.94192504882812,0,0,1
1767772531.784294,16137296052353762183,0,3,8,58,1,4,2,3,2,81029,4831.4365234375,0,0,3
1767772531.784294,16137296052353762183,0,4,7,58,12,6,2,3,2,80379,4829.19775390625,0,0,3
1767772531.784294,16137296052353762183,0,5,12,58,8,0,2,3,2,81216,4857.998046875,0,0,3
1767772531.784294,16137296052353762183,0,6,13,58,10,0,2,3,2,81244,4858.51025390625,0,0,3
1767772531.784294,16137296052353762183,0,7,4,58,5,12,2,3,2,79829,4800.7900390625,0,0,3
1767772531.784294,16137296052353762183,0,8,11,58,16,0,2,3,2,81058,4857.7373046875,0,0,3
1767772531.784294,16137296052353762183,0,9,2,58,4,18,2,3,2,80084,4789.87158203125,0,0,3
1767772531.784294,16137296052353762183,0,10,14,58,19,0,2,3,2,81334,4865.17431640625,0,0,3
1767772531.784294,16137296052353762183,0,11,15,58,14,0,2,3,2,81371,4865.95361328125,0,0,3
1767772531.784294,16137296052353762183,0,12,3,58,3,15,2,3,2,80300,4799.7841796875,0,0,3
1767772531.784294,16137296052353762183,0,13,9,58,11,2,3,3,2,80304,4841.787109375,0,0,4
1767772531.784294,16137296052353762183,0,14,6,58,7,8,2,3,2,80776,4828.75390625,0,0,3
1767772531.784294,16137296052353762183,0,15,16,57,9,0,2,3,2,82328,4802.5205078125,0,0,3
1767772531.784294,16137296052353762183,0,16,10,58,20,1,3,3,2,80828,4854.45361328125,0,0,4
1767772531.784294,16137296052353762183,0,17,5,58,6,10,2,3,2,80548,4808.76904296875,0,0,3
1767772531.784294,16137296052353762183,0,18,18,9,17,0,0,4,3,83068,788.0690307617188,0,0,1
1767772531.784294,16137296052353762183,0,19,20,0,18,0,0,4,1,0,4964.653981829062,0,0,1
1767772531.784294,16137296052353762183,0,20,0,0,0,0,0,0,0,0,0.0,0,0,0
1767772531.784294,16137296052353762183,0,21,0,0,0,0,0,0,0,0,0.0,0,0,0
1767772536.8071163,16137296052353762183,0,0,17,33,15,0,1,4,3,82326,2862.583740234375,0,0,2
1767772536.8071163,16137296052353762183,0,1,1,58,2,25,2,3,2,79789,4784.58740234375,0,0,3
1767772536.8071163,16137296052353762183,0,2,19,2,13,0,0,4,3,84306,236.94192504882812,0,0,1
1767772536.8071163,16137296052353762183,0,3,8,58,1,4,2,3,2,81029,4831.4365234375,0,0,3
1767772536.8071163,16137296052353762183,0,4,7,58,12,6,2,3,2,80379,4829.19775390625,0,0,3
1767772536.8071163,16137296052353762183,0,5,12,58,8,0,2,3,2,81216,4857.998046875,0,0,3
1767772536.8071163,16137296052353762183,0,6,13,58,10,0,2,3,2,81244,4858.51025390625,0,0,3
1767772536.8071163,16137296052353762183,0,7,4,58,5,12,2,3,2,79829,4800.7900390625,0,0,3
1767772536.8071163,16137296052353762183,0,8,11,58,16,0,2,3,2,81058,4857.7373046875,0,0,3
1767772536.8071163,16137296052353762183,0,9,2,58,4,18,2,3,2,80084,4789.87158203125,0,0,3
1767772536.8071163,16137296052353762183,0,10,14,58,19,0,2,3,2,81334,4865.17431640625,0,0,3
1767772536.8071163,16137296052353762183,0,11,15,58,14,0,2,3,2,81371,4865.95361328125,0,0,3
1767772536.8071163,16137296052353762183,0,12,3,58,3,15,2,3,2,80300,4799.7841796875,0,0,3
1767772536.8071163,16137296052353762183,0,13,9,58,11,2,3,3,2,80304,4841.787109375,0,0,4
1767772536.8071163,16137296052353762183,0,14,6,58,7,8,2,3,2,80776,4828.75390625,0,0,3
1767772536.8071163,16137296052353762183,0,15,16,57,9,0,2,3,2,82328,4802.5205078125,0,0,3
1767772536.8071163,16137296052353762183,0,16,10,58,20,1,3,3,2,80828,4854.45361328125,0,0,4
1767772536.8071163,16137296052353762183,0,17,5,58,6,10,2,3,2,80548,4808.76904296875,0,0,3
1767772536.8071163,16137296052353762183,0,18,18,9,17,0,0,4,3,83068,788.0690307617188,0,0,1
1767772536.8071163,16137296052353762183,0,19,20,0,18,0,0,4,1,0,4964.653981829062,0,0,1
1767772536.8071163,16137296052353762183,0,20,0,0,0,0,0,0,0,0,0.0,0,0,0
1767772536.8071163,16137296052353762183,0,21,0,0,0,0,0,0,0,0,0.0,0,0,0
1767772541.8096685,16137296052353762183,0,0,17,33,15,0,1,4,3,82326,2862.583740234375,0,0,2
1767772541.8096685,16137296052353762183,0,1,1,58,2,25,2,3,2,79789,4784.58740234375,0,0,3
1767772541.8096685,16137296052353762183,0,2,19,2,13,0,0,4,3,84306,236.94192504882812,0,0,1
1767772541.8096685,16137296052353762183,0,3,8,58,1,4,2,3,2,81029,4831.4365234375,0,0,3
1767772541.8096685,16137296052353762183,0,4,7,58,12,6,2,3,2,80379,4829.19775390625,0,0,3
1767772541.8096685,16137296052353762183,0,5,12,58,8,0,2,3,2,81216,4857.998046875,0,0,3
1767772541.8096685,16137296052353762183,0,6,13,58,10,0,2,3,2,81244,4858.51025390625,0,0,3
1767772541.8096685,16137296052353762183,0,7,4,58,5,12,2,3,2,79829,4800.7900390625,0,0,3
1767772541.8096685,16137296052353762183,0,8,11,58,16,0,2,3,2,81058,4857.7373046875,0,0,3
1767772541.8096685,16137296052353762183,0,9,2,58,4,18,2,3,2,80084,4789.87158203125,0,0,3
1767772541.8096685,16137296052353762183,0,10,14,58,19,0,2,3,2,81334,4865.17431640625,0,0,3
1767772541.8096685,16137296052353762183,0,11,15,58,14,0,2,3,2,81371,4865.95361328125,0,0,3
1767772541.8096685,16137296052353762183,0,12,3,58,3,15,2,3,2,80300,4799.7841796875,0,0,3
1767772541.8096685,16137296052353762183,0,13,9,58,11,2,3,3,2,80304,4841.787109375,0,0,4
1767772541.8096685,16137296052353762183,0,14,6,58,7,8,2,3,2,80776,4828.75390625,0,0,3
1767772541.8096685,16137296052353762183,0,15,16,57,9,0,2,3,2,82328,4802.5205078125,0,0,3
1767772541.8096685,16137296052353762183,0,16,10,58,20,1,3,3,2,80828,4854.45361328125,0,0,4
1767772541.8096685,16137296052353762183,0,17,5,58,6,10,2,3,2,80548,4808.76904296875,0,0,3
1767772541.8096685,16137296052353762183,0,18,18,9,17,0,0,4,3,83068,788.0690307617188,0,0,1
1767772541.8096685,16137296052353762183,0,19,20,0,18,0,0,4,1,0,4964.653981829062,0,0,1
1767772541.8096685,16137296052353762183,0,20,0,0,0,0,0,0,0,0,0.0,0,0,0
1767772541.8096685,16137296052353762183,0,21,0,0,0,0,0,0,0,0,0.0,0,0,0
1767772546.8288722,16137296052353762183,0,0,17,33,15,0,1,4,3,82326,2862.583740234375,0,0,2
1767772546.8288722,16137296052353762183,0,1,1,58,2,25,2,3,2,79789,4784.58740234375,0,0,3
1767772546.8288722,16137296052353762183,0,2,19,2,13,0,0,4,3,84306,236.94192504882812,0,0,1
1767772546.8288722,16137296052353762183,0,3,8,58,1,4,2,3,2,81029,4831.4365234375,0,0,3
1767772546.8288722,16137296052353762183,0,4,7,58,12,6,2,3,2,80379,4829.19775390625,0,0,3
1767772546.8288722,16137296052353762183,0,5,12,58,8,0,2,3,2,81216,4857.998046875,0,0,3
1767772546.8288722,16137296052353762183,0,6,13,58,10,0,2,3,2,81244,4858.51025390625,0,0,3
1767772546.8288722,16137296052353762183,0,7,4,58,5,12,2,3,2,79829,4800.7900390625,0,0,3
1767772546.8288722,16137296052353762183,0,8,11,58,16,0,2,3,2,81058,4857.7373046875,0,0,3
1767772546.8288722,16137296052353762183,0,9,2,58,4,18,2,3,2,80084,4789.87158203125,0,0,3
1767772546.8288722,16137296052353762183,0,10,14,58,19,0,2,3,2,81334,4865.17431640625,0,0,3
1767772546.8288722,16137296052353762183,0,11,15,58,14,0,2,3,2,81371,4865.95361328125,0,0,3
1767772546.8288722,16137296052353762183,0,12,3,58,3,15,2,3,2,80300,4799.7841796875,0,0,3
1767772546.8288722,16137296052353762183,0,13,9,58,11,2,3,3,2,80304,4841.787109375,0,0,4
1767772546.8288722,16137296052353762183,0,14,6,58,7,8,2,3,2,80776,4828.75390625,0,0,3
1767772546.8288722,16137296052353762183,0,15,16,57,9,0,2,3,2,82328,4802.5205078125,0,0,3
1767772546.8288722,16137296052353762183,0,16,10,58,20,1,3,3,2,80828,4854.45361328125,0,0,4
1767772546.8288722,16137296052353762183,0,17,5,58,6,10,2,3,2,80548,4808.76904296875,0,0,3
1767772546.8288722,16137296052353762183,0,18,18,9,17,0,0,4,3,83068,788.0690307617188,0,0,1
1767772546.8288722,16137296052353762183,0,19,20,0,18,0,0,4,1,0,4964.653981829062,0,0,1
1767772546.8288722,16137296052353762183,0,20,0,0,0,0,0,0,0,0,0.0,0,0,0
1767772546.8288722,16137296052353762183,0,21,0,0,0,0,0,0,0,0,0.0,0,0,0
1767772551.8533237,16137296052353762183,0,0,17,33,15,0,1,4,3,82326,2862.583740234375,0,0,2
1767772551.8533237,16137296052353762183,0,1,1,58,2,25,2,3,2,79789,4784.58740234375,0,0,3
1767772551.8533237,16137296052353762183,0,2,19,2,13,0,0,4,3,84306,236.94192504882812,0,0,1
1767772551.8533237,16137296052353762183,0,3,8,58,1,4,2,3,2,81029,4831.4365234375,0,0,3
1767772551.8533237,16137296052353762183,0,4,7,58,12,6,2,3,2,80379,4829.19775390625,0,0,3
1767772551.8533237,16137296052353762183,0,5,12,58,8,0,2,3,2,81216,4857.998046875,0,0,3
1767772551.8533237,16137296052353762183,0,6,13,58,10,0,2,3,2,81244,4858.51025390625,0,0,3
1767772551.8533237,16137296052353762183,0,7,4,58,5,12,2,3,2,79829,4800.7900390625,0,0,3
1767772551.8533237,16137296052353762183,0,8,11,58,16,0,2,3,2,81058,4857.7373046875,0,0,3
1767772551.8533237,16137296052353762183,0,9,2,58,4,18,2,3,2,80084,4789.87158203125,0,0,3
1767772551.8533237,16137296052353762183,0,10,14,58,19,0,2,3,2,81334,4865.17431640625,0,0,3
1767772551.8533237,16137296052353762183,0,11,15,58,14,0,2,3,2,81371,4865.95361328125,0,0,3
1767772551.8533237,16137296052353762183,0,12,3,58,3,15,2,3,2,80300,4799.7841796875,0,0,3
1767772551.8533237,16137296052353762183,0,13,9,58,11,2,3,3,2,80304,4841.787109375,0,0,4
1767772551.8533237,16137296052353762183,0,14,6,58,7,8,2,3,2,80776,4828.75390625,0,0,3
1767772551.8533237,16137296052353762183,0,15,16,57,9,0,2,3,2,82328,4802.5205078125,0,0,3
1767772551.8533237,16137296052353762183,0,16,10,58,20,1,3,3,2,80828,4854.45361328125,0,0,4
1767772551.8533237,16137296052353762183,0,17,5,58,6,10,2,3,2,80548,4808.76904296875,0,0,3
1767772551.8533237,16137296052353762183,0,18,18,9,17,0,0,4,3,83068,788.0690307617188,0,0,1
1767772551.8533237,16137296052353762183,0,19,20,0,18,0,0,4,1,0,4964.653981829062,0,0,1
1767772551.8533237,16137296052353762183,0,20,0,0,0,0,0,0,0,0,0.0,0,0,0
1767772551.8533237,16137296052353762183,0,21,0,0,0,0,0,0,0,0,0.0,0,0,0
1767772556.8580475,16137296052353762183,0,0,17,33,15,0,1,4,3,82326,2862.583740234375,0,0,2
1767772556.8580475,16137296052353762183,0,1,1,58,2,25,2,3,2,79789,4784.58740234375,0,0,3
1767772556.8580475,16137296052353762183,0,2,19,2,13,0,0,4,3,84306,236.94192504882812,0,0,1
1767772556.8580475,16137296052353762183,0,3,8,58,1,4,2,3,2,81029,4831.4365234375,0,0,3
1767772556.8580475,16137296052353762183,0,4,7,58,12,6,2,3,2,80379,4829.19775390625,0,0,3
1767772556.8580475,16137296052353762183,0,5,12,58,8,0,2,3,2,81216,4857.998046875,0,0,3
1767772556.8580475,16137296052353762183,0,6,13,58,10,0,2,3,2,81244,4858.51025390625,0,0,3
1767772556.8580475,16137296052353762183,0,7,4,58,5,12,2,3,2,79829,4800.7900390625,0,0,3
1767772556.8580475,16137296052353762183,0,8,11,58,16,0,2,3,2,81058,4857.7373046875,0,0,3
1767772556.8580475,16137296052353762183,0,9,2,58,4,18,2,3,2,80084,4789.87158203125,0,0,3
1767772556.8580475,16137296052353762183,0,10,14,58,19,0,2,3,2,81334,4865.17431640625,0,0,3
1767772556.8580475,16137296052353762183,0,11,15,58,14,0,2,3,2,81371,4865.95361328125,0,0,3
1767772556.8580475,16137296052353762183,0,12,3,58,3,15,2,3,2,80300,4799.7841796875,0,0,3
1767772556.8580475,16137296052353762183,0,13,9,58,11,2,3,3,2,80304,4841.787109375,0,0,4
1767772556.8580475,16137296052353762183,0,14,6,58,7,8,2,3,2,80776,4828.75390625,0,0,3
1767772556.8580475,16137296052353762183,0,15,16,57,9,0,2,3,2,82328,4802.5205078125,0,0,3
1767772556.8580475,16137296052353762183,0,16,10,58,20,1,3,3,2,80828,4854.45361328125,0,0,4
1767772556.8580475,16137296052353762183,0,17,5,58,6,10,2,3,2,80548,4808.76904296875,0,0,3
1767772556.8580475,16137296052353762183,0,18,18,9,17,0,0,4,3,83068,788.0690307617188,0,0,1
1767772556.8580475,16137296052353762183,0,19,20,0,18,0,0,4,1,0,4964.653981829062,0,0,1
1767772556.8580475,16137296052353762183,0,20,0,0,0,0,0,0,0,0,0.0,0,0,0
1767772556.8580475,16137296052353762183,0,21,0,0,0,0,0,0,0,0,0.0,0,0,0
1767772561.8651319,16137296052353762183,0,0,17,33,15,0,1,4,3,82326,2862.583740234375,0,0,2
1767772561.8651319,16137296052353762183,0,1,1,58,2,25,2,3,2,79789,4784.58740234375,0,0,3
1767772561.8651319,16137296052353762183,0,2,19,2,13,0,0,4,3,84306,236.94192504882812,0,0,1
1767772561.8651319,16137296052353762183,0,3,8,58,1,4,2,3,2,81029,4831.4365234375,0,0,3
1767772561.8651319,16137296052353762183,0,4,7,58,12,6,2,3,2,80379,4829.19775390625,0,0,3
1767772561.8651319,16137296052353762183,0,5,12,58,8,0,2,3,2,81216,4857.998046875,0,0,3
1767772561.8651319,16137296052353762183,0,6,13,58,10,0,2,3,2,81244,4858.51025390625,0,0,3
1767772561.8651319,16137296052353762183,0,7,4,58,5,12,2,3,2,79829,4800.7900390625,0,0,3
1767772561.8651319,16137296052353762183,0,8,11,58,16,0,2,3,2,81058,4857.7373046875,0,0,3
1767772561.8651319,16137296052353762183,0,9,2,58,4,18,2,3,2,80084,4789.87158203125,0,0,3
1767772561.8651319,16137296052353762183,0,10,14,58,19,0,2,3,2,81334,4865.17431640625,0,0,3
1767772561.8651319,16137296052353762183,0,11,15,58,14,0,2,3,2,81371,4865.95361328125,0,0,3
1767772561.8651319,16137296052353762183,0,12,3,58,3,15,2,3,2,80300,4799.7841796875,0,0,3
1767772561.8651319,16137296052353762183,0,13,9,58,11,2,3,3,2,80304,4841.787109375,0,0,4
1767772561.8651319,16137296052353762183,0,14,6,58,7,8,2,3,2,80776,4828.75390625,0,0,3
1767772561.8651319,16137296052353762183,0,15,16,57,9,0,2,3,2,82328,4802.5205078125,0,0,3
1767772561.8651319,16137296052353762183,0,16,10,58,20,1,3,3,2,80828,4854.45361328125,0,0,4
1767772561.8651319,16137296052353762183,0,17,5,58,6,10,2,3,2,80548,4808.76904296875,0,0,3
1767772561.8651319,16137296052353762183,0,18,18,9,17,0,0,4,3,83068,788.0690307617188,0,0,1
1767772561.8651319,16137296052353762183,0,19,20,0,18,0,0,4,1,0,4964.653981829062,0,0,1
1767772561.8651319,16137296052353762183,0,20,0,0,0,0,0,0,0,0,0.0,0,0,0
1767772561.8651319,16137296052353762183,0,21,0,0,0,0,0,0,0,0,0.0,0,0,0
1767772566.8832192,16137296052353762183,0,0,17,33,15,0,1,4,3,82326,2862.583740234375,0,0,2
1767772566.8832192,16137296052353762183,0,1,1,58,2,25,2,3,2,79789,4784.58740234375,0,0,3
1767772566.8832192,16137296052353762183,0,2,19,2,13,0,0,4,3,84306,236.94192504882812,0,0,1
1767772566.8832192,16137296052353762183,0,3,8,58,1,4,2,3,2,81029,4831.4365234375,0,0,3
1767772566.8832192,16137296052353762183,0,4,7,58,12,6,2,3,2,80379,4829.19775390625,0,0,3
1767772566.8832192,16137296052353762183,0,5,12,58,8,0,2,3,2,81216,4857.998046875,0,0,3
1767772566.8832192,16137296052353762183,0,6,13,58,10,0,2,3,2,81244,4858.51025390625,0,0,3
1767772566.8832192,16137296052353762183,0,7,4,58,5,12,2,3,2,79829,4800.7900390625,0,0,3
1767772566.8832192,16137296052353762183,0,8,11,58,16,0,2,3,2,81058,4857.7373046875,0,0,3
1767772566.8832192,16137296052353762183,0,9,2,58,4,18,2,3,2,80084,4789.87158203125,0,0,3
1767772566.8832192,16137296052353762183,0,10,14,58,19,0,2,3,2,81334,4865.17431640625,0,0,3
1767772566.8832192,16137296052353762183,0,11,15,58,14,0,2,3,2,81371,4865.95361328125,0,0,3
1767772566.8832192,16137296052353762183,0,12,3,58,3,15,2,3,2,80300,4799.7841796875,0,0,3
1767772566.8832192,16137296052353762183,0,13,9,58,11,2,3,3,2,80304,4841.787109375,0,0,4
1767772566.8832192,16137296052353762183,0,14,6,58,7,8,2,3,2,80776,4828.75390625,0,0,3
1767772566.8832192,16137296052353762183,0,15,16,57,9,0,2,3,2,82328,4802.5205078125,0,0,3
1767772566.8832192,16137296052353762183,0,16,10,58,20,1,3,3,2,80828,4854.45361328125,0,0,4
1767772566.8832192,16137296052353762183,0,17,5,58,6,10,2,3,2,80548,4808.76904296875,0,0,3
1767772566.8832192,16137296052353762183,0,18,18,9,17,0,0,4,3,83068,788.0690307617188,0,0,1
1767772566.8832192,16137296052353762183,0,19,20,0,18,0,0,4,1,0,4964.653981829062,0,0,1
1767772566.8832192,16137296052353762183,0,20,0,0,0,0,0,0,0,0,0.0,0,0,0
1767772566.8832192,16137296052353762183,0,21,0,0,0,0,0,0,0,0,0.0,0,0,0
1767772571.8963785,16137296052353762183,0,0,17,33,15,0,1,4,3,82326,2862.583740234375,0,0,2
1767772571.8963785,16137296052353762183,0,1,1,58,2,25,2,3,2,79789,4784.58740234375,0,0,3
1767772571.8963785,16137296052353762183,0,2,19,2,13,0,0,4,3,84306,236.94192504882812,0,0,1
1767772571.8963785,16137296052353762183,0,3,8,58,1,4,2,3,2,81029,4831.4365234375,0,0,3
1767772571.8963785,16137296052353762183,0,4,7,58,12,6,2,3,2,80379,4829.19775390625,0,0,3
1767772571.8963785,16137296052353762183,0,5,12,58,8,0,2,3,2,81216,4857.998046875,0,0,3
1767772571.8963785,16137296052353762183,0,6,13,58,10,0,2,3,2,81244,4858.51025390625,0,0,3
1767772571.8963785,16137296052353762183,0,7,4,58,5,12,2,3,2,79829,4800.7900390625,0,0,3
1767772571.8963785,16137296052353762183,0,8,11,58,16,0,2,3,2,81058,4857.7373046875,0,0,3
1767772571.8963785,16137296052353762183,0,9,2,58,4,18,2,3,2,80084,4789.87158203125,0,0,3
1767772571.8963785,16137296052353762183,0,10,14,58,19,0,2,3,2,81334,4865.17431640625,0,0,3
1767772571.8963785,16137296052353762183,0,11,15,58,14,0,2,3,2,81371,4865.95361328125,0,0,3
1767772571.8963785,16137296052353762183,0,12,3,58,3,15,2,3,2,80300,4799.7841796875,0,0,3
1767772571.8963785,16137296052353762183,0,13,9,58,11,2,3,3,2,80304,4841.787109375,0,0,4
1767772571.8963785,16137296052353762183,0,14,6,58,7,8,2,3,2,80776,4828.75390625,0,0,3
1767772571.8963785,16137296052353762183,0,15,16,57,9,0,2,3,2,82328,4802.5205078125,0,0,3
1767772571.8963785,16137296052353762183,0,16,10,58,20,1,3,3,2,80828,4854.45361328125,0,0,4
1767772571.8963785,16137296052353762183,0,17,5,58,6,10,2,3,2,80548,4808.76904296875,0,0,3
1767772571.8963785,16137296052353762183,0,18,18,9,17,0,0,4,3,83068,788.0690307617188,0,0,1
1767772571.8963785,16137296052353762183,0,19,20,0,18,0,0,4,1,0,4964.653981829062,0,0,1
1767772571.8963785,16137296052353762183,0,20,0,0,0,0,0,0,0,0,0.0,0,0,0
1767772571.8963785,16137296052353762183,0,21,0,0,0,0,0,0,0,0,0.0,0,0,0
